company_name,industry,symbol,Series,sector,ticker,f&o,Include,,,,,,,,,,,,,,,,,,,,,,,,,,,,,,,,,
Reliance Industries Limited,Oil & Gas Refining & Marketing,RELIANCE,EQ,Energy,RELIANCE.NS,F&O,1,,,,,,,,,,,,,,,,,,,,,,,,,,,,,,,,,
HDFC Bank Limited,Banks - Regional,HDFCBANK,EQ,Financial Services,HDFCBANK.NS,F&O,1,,,,,,,,,,,,,,,,,,,,,,,,,,,,,,,,,
Bharti Airtel Limited,Telecom Services,BHARTIARTL,EQ,Communication Services,BHARTIARTL.NS,F&O,1,,,,,,,,,,,,,,,,,,,,,,,,,,,,,,,,,
State Bank of India,Banks - Regional,SBIN,EQ,Financial Services,SBIN.NS,F&O,1,,,,,,,,,,,,,,,,,,,,,,,,,,,,,,,,,
ICICI Bank Limited,Banks - Regional,ICICIBANK,EQ,Financial Services,ICICIBANK.NS,F&O,1,,,,,,,,,,,,,,,,,,,,,,,,,,,,,,,,,
Tata Consultancy Services Limited,Information Technology Services,TCS,EQ,Technology,TCS.NS,F&O,1,,,,,,,,,,,,,,,,,,,,,,,,,,,,,,,,,
Bajaj Finance Limited,Credit Services,BAJFINANCE,EQ,Financial Services,BAJFINANCE.NS,F&O,1,,,,,,,,,,,,,,,,,,,,,,,,,,,,,,,,,
Larsen & Toubro Limited,Engineering & Construction,LT,EQ,Industrials,LT.NS,F&O,1,,,,,,,,,,,,,,,,,,,,,,,,,,,,,,,,,
Hindustan Unilever Limited,Household & Personal Products,HINDUNILVR,EQ,Consumer Defensive,HINDUNILVR.NS,F&O,1,,,,,,,,,,,,,,,,,,,,,,,,,,,,,,,,,
Life Insurance Corporation Of India,Insurance - Life,LICI,EQ,Financial Services,LICI.NS,F&O,1,,,,,,,,,,,,,,,,,,,,,,,,,,,,,,,,,
Infosys Limited,Information Technology Services,INFY,EQ,Technology,INFY.NS,F&O,1,,,,,,,,,,,,,,,,,,,,,,,,,,,,,,,,,
Sun Pharmaceutical Industries Limited,Drug Manufacturers - Specialty & Generic,SUNPHARMA,EQ,Healthcare,SUNPHARMA.NS,F&O,1,,,,,,,,,,,,,,,,,,,,,,,,,,,,,,,,,
Adani Power Limited,Utilities,ADANIPOWER,EQ,Utilities,ADANIPOWER.NS,F&O,1,,,,,,,,,,,,,,,,,,,,,,,,,,,,,,,,,
Maruti Suzuki India Limited,Auto Manufacturers,MARUTI,EQ,Consumer Cyclical,MARUTI.NS,F&O,1,,,,,,,,,,,,,,,,,,,,,,,,,,,,,,,,,
Adani Ports and Special Economic Zone Limited,Marine Shipping,ADANIPORTS,EQ,Industrials,ADANIPORTS.NS,F&O,1,,,,,,,,,,,,,,,,,,,,,,,,,,,,,,,,,
Titan Company Limited,Luxury Goods,TITAN,EQ,Consumer Cyclical,TITAN.NS,F&O,1,,,,,,,,,,,,,,,,,,,,,,,,,,,,,,,,,
Mahindra & Mahindra Limited,Auto Manufacturers,M&M,EQ,Consumer Cyclical,M&M.NS,F&O,1,,,,,,,,,,,,,,,,,,,,,,,,,,,,,,,,,
Axis Bank Limited,Banks - Regional,AXISBANK,EQ,Financial Services,AXISBANK.NS,F&O,1,,,,,,,,,,,,,,,,,,,,,,,,,,,,,,,,,
NTPC Limited,Utilities,NTPC,EQ,Utilities,NTPC.NS,F&O,1,,,,,,,,,,,,,,,,,,,,,,,,,,,,,,,,,
ITC Limited,Consumer Defensive,ITC,EQ,Consumer Defensive,ITC.NS,F&O,1,,,,,,,,,,,,,,,,,,,,,,,,,,,,,,,,,
Kotak Mahindra Bank Limited,Banks - Regional,KOTAKBANK,EQ,Financial Services,KOTAKBANK.NS,F&O,1,,,,,,,,,,,,,,,,,,,,,,,,,,,,,,,,,
UltraTech Cement Limited,Building Materials,ULTRACEMCO,EQ,Basic Materials,ULTRACEMCO.NS,F&O,1,,,,,,,,,,,,,,,,,,,,,,,,,,,,,,,,,
Oil & Natural Gas Corporation Limited,Energy,ONGC,EQ,Energy,ONGC.NS,F&O,1,,,,,,,,,,,,,,,,,,,,,,,,,,,,,,,,,
Adani Enterprises Limited,Energy,ADANIENT,EQ,Energy,ADANIENT.NS,F&O,1,,,,,,,,,,,,,,,,,,,,,,,,,,,,,,,,,
HCL Technologies Limited,Information Technology Services,HCLTECH,EQ,Technology,HCLTECH.NS,F&O,1,,,,,,,,,,,,,,,,,,,,,,,,,,,,,,,,,
Bharat Electronics Limited,Aerospace & Defense,BEL,EQ,Industrials,BEL.NS,F&O,1,,,,,,,,,,,,,,,,,,,,,,,,,,,,,,,,,
Hindustan Aeronautics Limited,Aerospace & Defense,HAL,EQ,Industrials,HAL.NS,F&O,1,,,,,,,,,,,,,,,,,,,,,,,,,,,,,,,,,
JSW Steel Limited,Steel,JSWSTEEL,EQ,Basic Materials,JSWSTEEL.NS,F&O,1,,,,,,,,,,,,,,,,,,,,,,,,,,,,,,,,,
Bajaj Auto Limited,Auto Manufacturers,BAJAJ-AUTO,EQ,Consumer Cyclical,BAJAJ-AUTO.NS,F&O,1,,,,,,,,,,,,,,,,,,,,,,,,,,,,,,,,,
Power Grid Corporation of India Limited,Utilities,POWERGRID,EQ,Utilities,POWERGRID.NS,F&O,1,,,,,,,,,,,,,,,,,,,,,,,,,,,,,,,,,
Bajaj Finserv Limited,Financial Services,BAJAJFINSV,EQ,Financial Services,BAJAJFINSV.NS,F&O,1,,,,,,,,,,,,,,,,,,,,,,,,,,,,,,,,,
Avenue Supermarts Limited,Consumer Defensive,DMART,EQ,Consumer Defensive,DMART.NS,F&O,1,,,,,,,,,,,,,,,,,,,,,,,,,,,,,,,,,
Nestle India Limited,Packaged Foods,NESTLEIND,EQ,Consumer Defensive,NESTLEIND.NS,F&O,1,,,,,,,,,,,,,,,,,,,,,,,,,,,,,,,,,
Coal India Limited,Energy,COALINDIA,EQ,Energy,COALINDIA.NS,F&O,1,,,,,,,,,,,,,,,,,,,,,,,,,,,,,,,,,
Hindustan Zinc Limited,Basic Materials,HINDZINC,EQ,Basic Materials,HINDZINC.NS,F&O,1,,,,,,,,,,,,,,,,,,,,,,,,,,,,,,,,,
Tata Steel Limited,Steel,TATASTEEL,EQ,Basic Materials,TATASTEEL.NS,F&O,1,,,,,,,,,,,,,,,,,,,,,,,,,,,,,,,,,
Asian Paints Limited,Specialty Chemicals,ASIANPAINT,EQ,Basic Materials,ASIANPAINT.NS,F&O,1,,,,,,,,,,,,,,,,,,,,,,,,,,,,,,,,,
Shriram Finance Limited,Credit Services,SHRIRAMFIN,EQ,Financial Services,SHRIRAMFIN.NS,F&O,1,,,,,,,,,,,,,,,,,,,,,,,,,,,,,,,,,
ETERNAL LIMITED,Consumer Cyclical,ETERNAL,EQ,Consumer Cyclical,ETERNAL.NS,F&O,1,,,,,,,,,,,,,,,,,,,,,,,,,,,,,,,,,
Hindalco Industries Limited,Basic Materials,HINDALCO,EQ,Basic Materials,HINDALCO.NS,F&O,1,,,,,,,,,,,,,,,,,,,,,,,,,,,,,,,,,
Adani Green Energy Limited,Utilities - Renewable,ADANIGREEN,EQ,Utilities,ADANIGREEN.NS,F&O,1,,,,,,,,,,,,,,,,,,,,,,,,,,,,,,,,,
Wipro Limited,Information Technology Services,WIPRO,EQ,Technology,WIPRO.NS,F&O,1,,,,,,,,,,,,,,,,,,,,,,,,,,,,,,,,,
Indian Oil Corporation Limited,Oil & Gas Refining & Marketing,IOC,EQ,Energy,IOC.NS,F&O,1,,,,,,,,,,,,,,,,,,,,,,,,,,,,,,,,,
Grasim Industries Limited,Building Materials,GRASIM,EQ,Basic Materials,GRASIM.NS,F&O,1,,,,,,,,,,,,,,,,,,,,,,,,,,,,,,,,,
Eicher Motors Limited,Auto Manufacturers,EICHERMOT,EQ,Consumer Cyclical,EICHERMOT.NS,F&O,1,,,,,,,,,,,,,,,,,,,,,,,,,,,,,,,,,
SBI Life Insurance Company Limited,Insurance - Life,SBILIFE,EQ,Financial Services,SBILIFE.NS,F&O,1,,,,,,,,,,,,,,,,,,,,,,,,,,,,,,,,,
Divi's Laboratories Limited,Drug Manufacturers - Specialty & Generic,DIVISLAB,EQ,Healthcare,DIVISLAB.NS,F&O,1,,,,,,,,,,,,,,,,,,,,,,,,,,,,,,,,,
TVS Motor Company Limited,Auto Manufacturers,TVSMOTOR,EQ,Consumer Cyclical,TVSMOTOR.NS,F&O,1,,,,,,,,,,,,,,,,,,,,,,,,,,,,,,,,,
InterGlobe Aviation Limited,Industrials,INDIGO,EQ,Industrials,INDIGO.NS,F&O,1,,,,,,,,,,,,,,,,,,,,,,,,,,,,,,,,,
Varun Beverages Limited,Consumer Defensive,VBL,EQ,Consumer Defensive,VBL.NS,F&O,1,,,,,,,,,,,,,,,,,,,,,,,,,,,,,,,,,
Jio Financial Services Limited,Asset Management,JIOFIN,EQ,Financial Services,JIOFIN.NS,F&O,1,,,,,,,,,,,,,,,,,,,,,,,,,,,,,,,,,
Adani Energy Solutions Limited,Utilities,ADANIENSOL,EQ,Utilities,ADANIENSOL.NS,F&O,1,,,,,,,,,,,,,,,,,,,,,,,,,,,,,,,,,
ICICI Prudential Asset Management Company Limited,Asset Management,ICICIAMC,EQ,Financial Services,ICICIAMC.NS,#N/A,1,,,,,,,,,,,,,,,,,,,,,,,,,,,,,,,,,
Tata Motors Limited,Auto Manufacturers,TMCV,EQ,Consumer Cyclical,TMCV.NS,#N/A,1,,,,,,,,,,,,,,,,,,,,,,,,,,,,,,,,,
BSE Limited,Financial Services,BSE,EQ,Financial Services,BSE.NS,F&O,1,,,,,,,,,,,,,,,,,,,,,,,,,,,,,,,,,
Power Finance Corporation Limited,Credit Services,PFC,EQ,Financial Services,PFC.NS,F&O,1,,,,,,,,,,,,,,,,,,,,,,,,,,,,,,,,,
Hitachi Energy India Limited,Electrical Equipment & Parts,POWERINDIA,EQ,Industrials,POWERINDIA.NS,F&O,1,,,,,,,,,,,,,,,,,,,,,,,,,,,,,,,,,
Trent Limited,Consumer Cyclical,TRENT,EQ,Consumer Cyclical,TRENT.NS,F&O,1,,,,,,,,,,,,,,,,,,,,,,,,,,,,,,,,,
DLF Limited,Real Estate,DLF,EQ,Real Estate,DLF.NS,F&O,1,,,,,,,,,,,,,,,,,,,,,,,,,,,,,,,,,
Hyundai Motor India Limited,Auto Manufacturers,HYUNDAI,EQ,Consumer Cyclical,HYUNDAI.NS,F&O,1,,,,,,,,,,,,,,,,,,,,,,,,,,,,,,,,,
Pidilite Industries Limited,Specialty Chemicals,PIDILITIND,EQ,Basic Materials,PIDILITIND.NS,F&O,1,,,,,,,,,,,,,,,,,,,,,,,,,,,,,,,,,
Cummins India Limited,Specialty Industrial Machinery,CUMMINSIND,EQ,Industrials,CUMMINSIND.NS,F&O,1,,,,,,,,,,,,,,,,,,,,,,,,,,,,,,,,,
ABB India Limited,Specialty Industrial Machinery,ABB,EQ,Industrials,ABB.NS,F&O,1,,,,,,,,,,,,,,,,,,,,,,,,,,,,,,,,,
Torrent Pharmaceuticals Limited,Drug Manufacturers - Specialty & Generic,TORNTPHARM,EQ,Healthcare,TORNTPHARM.NS,F&O,1,,,,,,,,,,,,,,,,,,,,,,,,,,,,,,,,,
Solar Industries India Limited,Specialty Chemicals,SOLARINDS,EQ,Basic Materials,SOLARINDS.NS,F&O,1,,,,,,,,,,,,,,,,,,,,,,,,,,,,,,,,,
Cholamandalam Investment and Finance Company Limited,Credit Services,CHOLAFIN,EQ,Financial Services,CHOLAFIN.NS,F&O,1,,,,,,,,,,,,,,,,,,,,,,,,,,,,,,,,,
Muthoot Finance Limited,Credit Services,MUTHOOTFIN,EQ,Financial Services,MUTHOOTFIN.NS,F&O,1,,,,,,,,,,,,,,,,,,,,,,,,,,,,,,,,,
Bharat Heavy Electricals Limited,Specialty Industrial Machinery,BHEL,EQ,Industrials,BHEL.NS,F&O,1,,,,,,,,,,,,,,,,,,,,,,,,,,,,,,,,,
Tata Power Company Limited,Utilities,TATAPOWER,EQ,Utilities,TATAPOWER.NS,F&O,1,,,,,,,,,,,,,,,,,,,,,,,,,,,,,,,,,
Samvardhana Motherson International Limited,Auto Parts,MOTHERSON,EQ,Consumer Cyclical,MOTHERSON.NS,F&O,1,,,,,,,,,,,,,,,,,,,,,,,,,,,,,,,,,
Indian Railway Finance Corporation Limited,Credit Services,IRFC,EQ,Financial Services,IRFC.NS,F&O,1,,,,,,,,,,,,,,,,,,,,,,,,,,,,,,,,,
CG Power and Industrial Solutions Limited,Electrical Equipment & Parts,CGPOWER,EQ,Industrials,CGPOWER.NS,F&O,1,,,,,,,,,,,,,,,,,,,,,,,,,,,,,,,,,
Polycab India Limited,Electrical Equipment & Parts,POLYCAB,EQ,Industrials,POLYCAB.NS,F&O,1,,,,,,,,,,,,,,,,,,,,,,,,,,,,,,,,,
Bank of Baroda,Banks - Regional,BANKBARODA,EQ,Financial Services,BANKBARODA.NS,F&O,1,,,,,,,,,,,,,,,,,,,,,,,,,,,,,,,,,
Siemens Limited,Specialty Industrial Machinery,SIEMENS,EQ,Industrials,SIEMENS.NS,F&O,1,,,,,,,,,,,,,,,,,,,,,,,,,,,,,,,,,
Tata Capital Limited,Asset Management,TATACAP,EQ,Financial Services,TATACAP.NS,#N/A,1,,,,,,,,,,,,,,,,,,,,,,,,,,,,,,,,,
HDFC Life Insurance Company Limited,Insurance - Life,HDFCLIFE,EQ,Financial Services,HDFCLIFE.NS,F&O,1,,,,,,,,,,,,,,,,,,,,,,,,,,,,,,,,,
Britannia Industries Limited,Packaged Foods,BRITANNIA,EQ,Consumer Defensive,BRITANNIA.NS,F&O,1,,,,,,,,,,,,,,,,,,,,,,,,,,,,,,,,,
Tata Motors Passenger Vehicles Limited,Auto Manufacturers,TMPV,EQ,Consumer Cyclical,TMPV.NS,F&O,1,,,,,,,,,,,,,,,,,,,,,,,,,,,,,,,,,
Tech Mahindra Limited,Information Technology Services,TECHM,EQ,Technology,TECHM.NS,F&O,1,,,,,,,,,,,,,,,,,,,,,,,,,,,,,,,,,
Bharat Petroleum Corporation Limited,Oil & Gas Refining & Marketing,BPCL,EQ,Energy,BPCL.NS,F&O,1,,,,,,,,,,,,,,,,,,,,,,,,,,,,,,,,,
LTM Limited,Information Technology Services,LTM,EQ,Technology,LTM.NS,F&O,1,,,,,,,,,,,,,,,,,,,,,,,,,,,,,,,,,
JINDAL STEEL LIMITED,Steel,JINDALSTEL,EQ,Basic Materials,JINDALSTEL.NS,F&O,1,,,,,,,,,,,,,,,,,,,,,,,,,,,,,,,,,
Union Bank of India,Banks - Regional,UNIONBANK,EQ,Financial Services,UNIONBANK.NS,F&O,1,,,,,,,,,,,,,,,,,,,,,,,,,,,,,,,,,
Billionbrains Garage Ventures Limited,Capital Markets,GROWW,EQ,Financial Services,GROWW.NS,#N/A,1,,,,,,,,,,,,,,,,,,,,,,,,,,,,,,,,,
Punjab National Bank,Banks - Regional,PNB,EQ,Financial Services,PNB.NS,F&O,1,,,,,,,,,,,,,,,,,,,,,,,,,,,,,,,,,
HDFC Asset Management Company Limited,Asset Management,HDFCAMC,EQ,Financial Services,HDFCAMC.NS,F&O,1,,,,,,,,,,,,,,,,,,,,,,,,,,,,,,,,,
Canara Bank,Banks - Regional,CANBK,EQ,Financial Services,CANBK.NS,F&O,1,,,,,,,,,,,,,,,,,,,,,,,,,,,,,,,,,
GE Vernova T&D India Limited,Specialty Industrial Machinery,GVT&D,EQ,Industrials,GVT&D.NS,#N/A,1,,,,,,,,,,,,,,,,,,,,,,,,,,,,,,,,,
Bajaj Holdings & Investment Limited,Asset Management,BAJAJHLDNG,EQ,Financial Services,BAJAJHLDNG.NS,F&O,1,,,,,,,,,,,,,,,,,,,,,,,,,,,,,,,,,
Indian Bank,Banks - Regional,INDIANB,EQ,Financial Services,INDIANB.NS,F&O,1,,,,,,,,,,,,,,,,,,,,,,,,,,,,,,,,,
Apollo Hospitals Enterprise Limited,Medical Care Facilities,APOLLOHOSP,EQ,Healthcare,APOLLOHOSP.NS,F&O,1,,,,,,,,,,,,,,,,,,,,,,,,,,,,,,,,,
TATA CONSUMER PRODUCTS LIMITED,Packaged Foods,TATACONSUM,EQ,Consumer Defensive,TATACONSUM.NS,F&O,1,,,,,,,,,,,,,,,,,,,,,,,,,,,,,,,,,
Vedanta Limited,Basic Materials,VEDL,EQ,Basic Materials,VEDL.NS,F&O,1,,,,,,,,,,,,,,,,,,,,,,,,,,,,,,,,,
Siemens Energy India Limited,Utilities - Renewable,ENRIN,EQ,Utilities,ENRIN.NS,#N/A,1,,,,,,,,,,,,,,,,,,,,,,,,,,,,,,,,,
Bosch Limited,Auto Parts,BOSCHLTD,EQ,Consumer Cyclical,BOSCHLTD.NS,F&O,1,,,,,,,,,,,,,,,,,,,,,,,,,,,,,,,,,
Ambuja Cements Limited,Building Materials,AMBUJACEM,EQ,Basic Materials,AMBUJACEM.NS,F&O,1,,,,,,,,,,,,,,,,,,,,,,,,,,,,,,,,,
GAIL (India) Limited,Utilities,GAIL,EQ,Utilities,GAIL.NS,F&O,1,,,,,,,,,,,,,,,,,,,,,,,,,,,,,,,,,
Cipla Limited,Drug Manufacturers - Specialty & Generic,CIPLA,EQ,Healthcare,CIPLA.NS,F&O,1,,,,,,,,,,,,,,,,,,,,,,,,,,,,,,,,,
Lupin Limited,Drug Manufacturers - Specialty & Generic,LUPIN,EQ,Healthcare,LUPIN.NS,F&O,1,,,,,,,,,,,,,,,,,,,,,,,,,,,,,,,,,
Dr. Reddy's Laboratories Limited,Drug Manufacturers - Specialty & Generic,DRREDDY,EQ,Healthcare,DRREDDY.NS,F&O,1,,,,,,,,,,,,,,,,,,,,,,,,,,,,,,,,,
Marico Limited,Household & Personal Products,MARICO,EQ,Consumer Defensive,MARICO.NS,F&O,1,,,,,,,,,,,,,,,,,,,,,,,,,,,,,,,,,
Mazagon Dock Shipbuilders Limited,Aerospace & Defense,MAZDOCK,EQ,Industrials,MAZDOCK.NS,F&O,1,,,,,,,,,,,,,,,,,,,,,,,,,,,,,,,,,
GMR AIRPORTS LIMITED,Industrials,GMRAIRPORT,EQ,Industrials,GMRAIRPORT.NS,F&O,1,,,,,,,,,,,,,,,,,,,,,,,,,,,,,,,,,
Godrej Consumer Products Limited,Household & Personal Products,GODREJCP,EQ,Consumer Defensive,GODREJCP.NS,F&O,1,,,,,,,,,,,,,,,,,,,,,,,,,,,,,,,,,
Indus Towers Limited,Telecom Services,INDUSTOWER,EQ,Communication Services,INDUSTOWER.NS,F&O,1,,,,,,,,,,,,,,,,,,,,,,,,,,,,,,,,,
Hero MotoCorp Limited,Auto Manufacturers,HEROMOTOCO,EQ,Consumer Cyclical,HEROMOTOCO.NS,F&O,1,,,,,,,,,,,,,,,,,,,,,,,,,,,,,,,,,
LG Electronics India Limited,Technology,LGEINDIA,EQ,Technology,LGEINDIA.NS,#N/A,1,,,,,,,,,,,,,,,,,,,,,,,,,,,,,,,,,
Mankind Pharma Limited,Drug Manufacturers - Specialty & Generic,MANKIND,EQ,Healthcare,MANKIND.NS,F&O,1,,,,,,,,,,,,,,,,,,,,,,,,,,,,,,,,,
JSW Energy Limited,Utilities,JSWENERGY,EQ,Utilities,JSWENERGY.NS,F&O,1,,,,,,,,,,,,,,,,,,,,,,,,,,,,,,,,,
Ashok Leyland Limited,Farm & Heavy Construction Machinery,ASHOKLEY,EQ,Industrials,ASHOKLEY.NS,F&O,1,,,,,,,,,,,,,,,,,,,,,,,,,,,,,,,,,
Max Healthcare Institute Limited,Medical Care Facilities,MAXHEALTH,EQ,Healthcare,MAXHEALTH.NS,F&O,1,,,,,,,,,,,,,,,,,,,,,,,,,,,,,,,,,
Lloyds Metals And Energy Limited,Steel,LLOYDSME,EQ,Basic Materials,LLOYDSME.NS,#N/A,1,,,,,,,,,,,,,,,,,,,,,,,,,,,,,,,,,
Lodha Developers Limited,Real Estate,LODHA,EQ,Real Estate,LODHA.NS,F&O,1,,,,,,,,,,,,,,,,,,,,,,,,,,,,,,,,,
The Indian Hotels Company Limited,Lodging,INDHOTEL,EQ,Consumer Cyclical,INDHOTEL.NS,F&O,1,,,,,,,,,,,,,,,,,,,,,,,,,,,,,,,,,
Bharat Forge Limited,Auto Parts,BHARATFORG,EQ,Consumer Cyclical,BHARATFORG.NS,F&O,1,,,,,,,,,,,,,,,,,,,,,,,,,,,,,,,,,
Aditya Birla Capital Limited,Financial Services,ABCAPITAL,EQ,Financial Services,ABCAPITAL.NS,F&O,1,,,,,,,,,,,,,,,,,,,,,,,,,,,,,,,,,
REC Limited,Credit Services,RECLTD,EQ,Financial Services,RECLTD.NS,F&O,1,,,,,,,,,,,,,,,,,,,,,,,,,,,,,,,,,
Zydus Lifesciences Limited,Drug Manufacturers - Specialty & Generic,ZYDUSLIFE,EQ,Healthcare,ZYDUSLIFE.NS,F&O,1,,,,,,,,,,,,,,,,,,,,,,,,,,,,,,,,,
United Spirits Limited,Consumer Defensive,UNITDSPR,EQ,Consumer Defensive,UNITDSPR.NS,F&O,1,,,,,,,,,,,,,,,,,,,,,,,,,,,,,,,,,
Waaree Energies Limited,Solar,WAAREEENER,EQ,Technology,WAAREEENER.NS,F&O,1,,,,,,,,,,,,,,,,,,,,,,,,,,,,,,,,,
SHREE CEMENT LIMITED,Building Materials,SHREECEM,EQ,Basic Materials,SHREECEM.NS,F&O,1,,,,,,,,,,,,,,,,,,,,,,,,,,,,,,,,,
Meesho Limited,Consumer Cyclical,MEESHO,EQ,Consumer Cyclical,MEESHO.NS,#N/A,1,,,,,,,,,,,,,,,,,,,,,,,,,,,,,,,,,
ICICI Lombard General Insurance Company Limited,Financial Services,ICICIGI,EQ,Financial Services,ICICIGI.NS,F&O,1,,,,,,,,,,,,,,,,,,,,,,,,,,,,,,,,,
NTPC Green Energy Limited,Utilities - Renewable,NTPCGREEN,EQ,Utilities,NTPCGREEN.NS,#N/A,1,,,,,,,,,,,,,,,,,,,,,,,,,,,,,,,,,
Torrent Power Limited,Utilities,TORNTPOWER,EQ,Utilities,TORNTPOWER.NS,#N/A,1,,,,,,,,,,,,,,,,,,,,,,,,,,,,,,,,,
Dabur India Limited,Household & Personal Products,DABUR,EQ,Consumer Defensive,DABUR.NS,F&O,1,,,,,,,,,,,,,,,,,,,,,,,,,,,,,,,,,
Aurobindo Pharma Limited,Drug Manufacturers - Specialty & Generic,AUROPHARMA,EQ,Healthcare,AUROPHARMA.NS,F&O,1,,,,,,,,,,,,,,,,,,,,,,,,,,,,,,,,,
Lenskart Solutions Limited,Healthcare,LENSKART,EQ,Healthcare,LENSKART.NS,#N/A,1,,,,,,,,,,,,,,,,,,,,,,,,,,,,,,,,,
SRF Limited,Conglomerates,SRF,EQ,Industrials,SRF.NS,F&O,1,,,,,,,,,,,,,,,,,,,,,,,,,,,,,,,,,
Hindustan Petroleum Corporation Limited,Oil & Gas Refining & Marketing,HINDPETRO,EQ,Energy,HINDPETRO.NS,F&O,1,,,,,,,,,,,,,,,,,,,,,,,,,,,,,,,,,
ICICI Prudential Life Insurance Company Limited,Insurance - Life,ICICIPRULI,EQ,Financial Services,ICICIPRULI.NS,F&O,1,,,,,,,,,,,,,,,,,,,,,,,,,,,,,,,,,
Oracle Financial Services Software Limited,Software - Infrastructure,OFSS,EQ,Technology,OFSS.NS,F&O,1,,,,,,,,,,,,,,,,,,,,,,,,,,,,,,,,,
NHPC Limited,Utilities - Renewable,NHPC,EQ,Utilities,NHPC.NS,F&O,1,,,,,,,,,,,,,,,,,,,,,,,,,,,,,,,,,
IDBI Bank Limited,Banks - Regional,IDBI,EQ,Financial Services,IDBI.NS,#N/A,1,,,,,,,,,,,,,,,,,,,,,,,,,,,,,,,,,
Persistent Systems Limited,Information Technology Services,PERSISTENT,EQ,Technology,PERSISTENT.NS,F&O,1,,,,,,,,,,,,,,,,,,,,,,,,,,,,,,,,,
Multi Commodity Exchange of India Limited,Financial Services,MCX,EQ,Financial Services,MCX.NS,F&O,1,,,,,,,,,,,,,,,,,,,,,,,,,,,,,,,,,
Havells India Limited,Electrical Equipment & Parts,HAVELLS,EQ,Industrials,HAVELLS.NS,F&O,1,,,,,,,,,,,,,,,,,,,,,,,,,,,,,,,,,
AU Small Finance Bank Limited,Banks - Regional,AUBANK,EQ,Financial Services,AUBANK.NS,F&O,1,,,,,,,,,,,,,,,,,,,,,,,,,,,,,,,,,
FSN E-Commerce Ventures Limited,Consumer Cyclical,NYKAA,EQ,Consumer Cyclical,NYKAA.NS,F&O,1,,,,,,,,,,,,,,,,,,,,,,,,,,,,,,,,,
NMDC Limited,Steel,NMDC,EQ,Basic Materials,NMDC.NS,F&O,1,,,,,,,,,,,,,,,,,,,,,,,,,,,,,,,,,
Steel Authority of India Limited,Steel,SAIL,EQ,Basic Materials,SAIL.NS,F&O,1,,,,,,,,,,,,,,,,,,,,,,,,,,,,,,,,,
PB Fintech Limited,Financial Services,POLICYBZR,EQ,Financial Services,POLICYBZR.NS,F&O,1,,,,,,,,,,,,,,,,,,,,,,,,,,,,,,,,,
L&T Finance Limited,Credit Services,LTF,EQ,Financial Services,LTF.NS,F&O,1,,,,,,,,,,,,,,,,,,,,,,,,,,,,,,,,,
One 97 Communications Limited,Software - Infrastructure,PAYTM,EQ,Technology,PAYTM.NS,F&O,1,,,,,,,,,,,,,,,,,,,,,,,,,,,,,,,,,
Suzlon Energy Limited,Specialty Industrial Machinery,SUZLON,EQ,Industrials,SUZLON.NS,F&O,1,,,,,,,,,,,,,,,,,,,,,,,,,,,,,,,,,
Bharti Hexacom Limited,Telecom Services,BHARTIHEXA,EQ,Communication Services,BHARTIHEXA.NS,#N/A,1,,,,,,,,,,,,,,,,,,,,,,,,,,,,,,,,,
IndusInd Bank Limited,Banks - Regional,INDUSINDBK,EQ,Financial Services,INDUSINDBK.NS,F&O,1,,,,,,,,,,,,,,,,,,,,,,,,,,,,,,,,,
Oil India Limited,Energy,OIL,EQ,Energy,OIL.NS,F&O,1,,,,,,,,,,,,,,,,,,,,,,,,,,,,,,,,,
National Aluminium Company Limited,Basic Materials,NATIONALUM,EQ,Basic Materials,NATIONALUM.NS,F&O,1,,,,,,,,,,,,,,,,,,,,,,,,,,,,,,,,,
The Federal Bank  Limited,Banks - Regional,FEDERALBNK,EQ,Financial Services,FEDERALBNK.NS,F&O,1,,,,,,,,,,,,,,,,,,,,,,,,,,,,,,,,,
Bajaj Housing Finance Limited,Mortgage Finance,BAJAJHFL,EQ,Financial Services,BAJAJHFL.NS,#N/A,1,,,,,,,,,,,,,,,,,,,,,,,,,,,,,,,,,
Swiggy Limited,Consumer Cyclical,SWIGGY,EQ,Consumer Cyclical,SWIGGY.NS,F&O,1,,,,,,,,,,,,,,,,,,,,,,,,,,,,,,,,,
Fortis Healthcare Limited,Medical Care Facilities,FORTIS,EQ,Healthcare,FORTIS.NS,F&O,1,,,,,,,,,,,,,,,,,,,,,,,,,,,,,,,,,
Nippon Life India Asset Management Limited,Asset Management,NAM-INDIA,EQ,Financial Services,NAM-INDIA.NS,F&O,1,,,,,,,,,,,,,,,,,,,,,,,,,,,,,,,,,
Adani Total Gas Limited,Utilities,ATGL,EQ,Utilities,ATGL.NS,#N/A,1,,,,,,,,,,,,,,,,,,,,,,,,,,,,,,,,,
General Insurance Corporation of India,Financial Services,GICRE,EQ,Financial Services,GICRE.NS,#N/A,1,,,,,,,,,,,,,,,,,,,,,,,,,,,,,,,,,
UNO Minda Limited,Auto Parts,UNOMINDA,EQ,Consumer Cyclical,UNOMINDA.NS,F&O,1,,,,,,,,,,,,,,,,,,,,,,,,,,,,,,,,,
Alkem Laboratories Limited,Drug Manufacturers - Specialty & Generic,ALKEM,EQ,Healthcare,ALKEM.NS,F&O,1,,,,,,,,,,,,,,,,,,,,,,,,,,,,,,,,,
Glenmark Pharmaceuticals Limited,Drug Manufacturers - Specialty & Generic,GLENMARK,EQ,Healthcare,GLENMARK.NS,F&O,1,,,,,,,,,,,,,,,,,,,,,,,,,,,,,,,,,
Linde India Limited,Specialty Chemicals,LINDEINDIA,EQ,Basic Materials,LINDEINDIA.NS,#N/A,1,,,,,,,,,,,,,,,,,,,,,,,,,,,,,,,,,
Schaeffler India Limited,Auto Parts,SCHAEFFLER,EQ,Consumer Cyclical,SCHAEFFLER.NS,#N/A,1,,,,,,,,,,,,,,,,,,,,,,,,,,,,,,,,,
Laurus Labs Limited,Drug Manufacturers - Specialty & Generic,LAURUSLABS,EQ,Healthcare,LAURUSLABS.NS,F&O,1,,,,,,,,,,,,,,,,,,,,,,,,,,,,,,,,,
Dixon Technologies (India) Limited,Technology,DIXON,EQ,Technology,DIXON.NS,F&O,1,,,,,,,,,,,,,,,,,,,,,,,,,,,,,,,,,
The Phoenix Mills Limited,Real Estate,PHOENIXLTD,EQ,Real Estate,PHOENIXLTD.NS,F&O,1,,,,,,,,,,,,,,,,,,,,,,,,,,,,,,,,,
Prestige Estates Projects Limited,Real Estate,PRESTIGE,EQ,Real Estate,PRESTIGE.NS,F&O,1,,,,,,,,,,,,,,,,,,,,,,,,,,,,,,,,,
Bank of Maharashtra,Banks - Regional,MAHABANK,EQ,Financial Services,MAHABANK.NS,#N/A,1,,,,,,,,,,,,,,,,,,,,,,,,,,,,,,,,,
Bank of India,Banks - Regional,BANKINDIA,EQ,Financial Services,BANKINDIA.NS,F&O,1,,,,,,,,,,,,,,,,,,,,,,,,,,,,,,,,,
Rail Vikas Nigam Limited,Engineering & Construction,RVNL,EQ,Industrials,RVNL.NS,F&O,1,,,,,,,,,,,,,,,,,,,,,,,,,,,,,,,,,
Info Edge (India) Limited,Communication Services,NAUKRI,EQ,Communication Services,NAUKRI.NS,F&O,1,,,,,,,,,,,,,,,,,,,,,,,,,,,,,,,,,
Jindal Stainless Limited,Steel,JSL,EQ,Basic Materials,JSL.NS,#N/A,1,,,,,,,,,,,,,,,,,,,,,,,,,,,,,,,,,
Oberoi Realty Limited,Real Estate,OBEROIRLTY,EQ,Real Estate,OBEROIRLTY.NS,F&O,1,,,,,,,,,,,,,,,,,,,,,,,,,,,,,,,,,
Biocon Limited,Biotechnology,BIOCON,EQ,Healthcare,BIOCON.NS,F&O,1,,,,,,,,,,,,,,,,,,,,,,,,,,,,,,,,,
SBI Cards and Payment Services Limited,Credit Services,SBICARD,EQ,Financial Services,SBICARD.NS,F&O,1,,,,,,,,,,,,,,,,,,,,,,,,,,,,,,,,,
IDFC First Bank Limited,Banks - Regional,IDFCFIRSTB,EQ,Financial Services,IDFCFIRSTB.NS,F&O,1,,,,,,,,,,,,,,,,,,,,,,,,,,,,,,,,,
Berger Paints (I) Limited,Specialty Chemicals,BERGEPAINT,EQ,Basic Materials,BERGEPAINT.NS,#N/A,1,,,,,,,,,,,,,,,,,,,,,,,,,,,,,,,,,
Colgate Palmolive (India) Limited,Household & Personal Products,COLPAL,EQ,Consumer Defensive,COLPAL.NS,F&O,1,,,,,,,,,,,,,,,,,,,,,,,,,,,,,,,,,
JSW Infrastructure Limited,Marine Shipping,JSWINFRA,EQ,Industrials,JSWINFRA.NS,#N/A,1,,,,,,,,,,,,,,,,,,,,,,,,,,,,,,,,,
Tube Investments of India Limited,Conglomerates,TIINDIA,EQ,Industrials,TIINDIA.NS,F&O,1,,,,,,,,,,,,,,,,,,,,,,,,,,,,,,,,,
Coforge Limited,Information Technology Services,COFORGE,EQ,Technology,COFORGE.NS,F&O,1,,,,,,,,,,,,,,,,,,,,,,,,,,,,,,,,,
Max Financial Services Limited,Insurance - Life,MFSL,EQ,Financial Services,MFSL.NS,F&O,1,,,,,,,,,,,,,,,,,,,,,,,,,,,,,,,,,
Fertilizers and Chemicals Travancore Limited,Agricultural Inputs,FACT,EQ,Basic Materials,FACT.NS,#N/A,1,,,,,,,,,,,,,,,,,,,,,,,,,,,,,,,,,
HDB Financial Services Limited,Credit Services,HDBFS,EQ,Financial Services,HDBFS.NS,#N/A,1,,,,,,,,,,,,,,,,,,,,,,,,,,,,,,,,,
Vishal Mega Mart Limited,Consumer Cyclical,VMM,EQ,Consumer Cyclical,VMM.NS,F&O,1,,,,,,,,,,,,,,,,,,,,,,,,,,,,,,,,,
Coromandel International Limited,Agricultural Inputs,COROMANDEL,EQ,Basic Materials,COROMANDEL.NS,#N/A,1,,,,,,,,,,,,,,,,,,,,,,,,,,,,,,,,,
Abbott India Limited,Drug Manufacturers - Specialty & Generic,ABBOTINDIA,EQ,Healthcare,ABBOTINDIA.NS,#N/A,1,,,,,,,,,,,,,,,,,,,,,,,,,,,,,,,,,
Godrej Properties Limited,Real Estate,GODREJPROP,EQ,Real Estate,GODREJPROP.NS,F&O,1,,,,,,,,,,,,,,,,,,,,,,,,,,,,,,,,,
MRF Limited,Auto Parts,MRF,EQ,Consumer Cyclical,MRF.NS,#N/A,1,,,,,,,,,,,,,,,,,,,,,,,,,,,,,,,,,
Hindustan Copper Limited,Basic Materials,HINDCOPPER,EQ,Basic Materials,HINDCOPPER.NS,#N/A,1,,,,,,,,,,,,,,,,,,,,,,,,,,,,,,,,,
UPL Limited,Agricultural Inputs,UPL,EQ,Basic Materials,UPL.NS,F&O,1,,,,,,,,,,,,,,,,,,,,,,,,,,,,,,,,,
APL Apollo Tubes Limited,Steel,APLAPOLLO,EQ,Basic Materials,APLAPOLLO.NS,F&O,1,,,,,,,,,,,,,,,,,,,,,,,,,,,,,,,,,
Motilal Oswal Financial Services Limited,Capital Markets,MOTILALOFS,EQ,Financial Services,MOTILALOFS.NS,F&O,1,,,,,,,,,,,,,,,,,,,,,,,,,,,,,,,,,
Bharat Dynamics Limited,Aerospace & Defense,BDL,EQ,Industrials,BDL.NS,F&O,1,,,,,,,,,,,,,,,,,,,,,,,,,,,,,,,,,
Thermax Limited,Conglomerates,THERMAX,EQ,Industrials,THERMAX.NS,#N/A,1,,,,,,,,,,,,,,,,,,,,,,,,,,,,,,,,,
Sundaram Finance Limited,Credit Services,SUNDARMFIN,EQ,Financial Services,SUNDARMFIN.NS,#N/A,1,,,,,,,,,,,,,,,,,,,,,,,,,,,,,,,,,
Apar Industries Limited,Electrical Equipment & Parts,APARINDS,EQ,Industrials,APARINDS.NS,#N/A,1,,,,,,,,,,,,,,,,,,,,,,,,,,,,,,,,,
Patanjali Foods Limited,Packaged Foods,PATANJALI,EQ,Consumer Defensive,PATANJALI.NS,F&O,1,,,,,,,,,,,,,,,,,,,,,,,,,,,,,,,,,
KEI Industries Limited,Electrical Equipment & Parts,KEI,EQ,Industrials,KEI.NS,F&O,1,,,,,,,,,,,,,,,,,,,,,,,,,,,,,,,,,
PI Industries Limited,Agricultural Inputs,PIIND,EQ,Basic Materials,PIIND.NS,F&O,1,,,,,,,,,,,,,,,,,,,,,,,,,,,,,,,,,
Mahindra & Mahindra Financial Services Limited,Credit Services,M&MFIN,EQ,Financial Services,M&MFIN.NS,#N/A,1,,,,,,,,,,,,,,,,,,,,,,,,,,,,,,,,,
Cochin Shipyard Limited,Aerospace & Defense,COCHINSHIP,EQ,Industrials,COCHINSHIP.NS,F&O,1,,,,,,,,,,,,,,,,,,,,,,,,,,,,,,,,,
Radico Khaitan Limited,Consumer Defensive,RADICO,EQ,Consumer Defensive,RADICO.NS,#N/A,1,,,,,,,,,,,,,,,,,,,,,,,,,,,,,,,,,
Supreme Industries Limited,Building Products & Equipment,SUPREMEIND,EQ,Industrials,SUPREMEIND.NS,F&O,1,,,,,,,,,,,,,,,,,,,,,,,,,,,,,,,,,
Housing & Urban Development Corporation Limited,Credit Services,HUDCO,EQ,Financial Services,HUDCO.NS,#N/A,1,,,,,,,,,,,,,,,,,,,,,,,,,,,,,,,,,
Premier Energies Limited,Solar,PREMIERENE,EQ,Technology,PREMIERENE.NS,F&O,1,,,,,,,,,,,,,,,,,,,,,,,,,,,,,,,,,
Piramal Finance Limited,Credit Services,PIRAMALFIN,EQ,Financial Services,PIRAMALFIN.NS,#N/A,1,,,,,,,,,,,,,,,,,,,,,,,,,,,,,,,,,
NLC India Limited,Utilities,NLCINDIA,EQ,Utilities,NLCINDIA.NS,#N/A,1,,,,,,,,,,,,,,,,,,,,,,,,,,,,,,,,,
360 ONE WAM LIMITED,Asset Management,360ONE,EQ,Financial Services,360ONE.NS,F&O,1,,,,,,,,,,,,,,,,,,,,,,,,,,,,,,,,,
Tata Communications Limited,Telecom Services,TATACOMM,EQ,Communication Services,TATACOMM.NS,#N/A,1,,,,,,,,,,,,,,,,,,,,,,,,,,,,,,,,,
Indian Railway Catering And Tourism Corporation Limited,Consumer Cyclical,IRCTC,EQ,Consumer Cyclical,IRCTC.NS,#N/A,1,,,,,,,,,,,,,,,,,,,,,,,,,,,,,,,,,
Anthem Biosciences Limited,Biotechnology,ANTHEM,EQ,Healthcare,ANTHEM.NS,#N/A,1,,,,,,,,,,,,,,,,,,,,,,,,,,,,,,,,,
Kalyan Jewellers India Limited,Luxury Goods,KALYANKJIL,EQ,Consumer Cyclical,KALYANKJIL.NS,F&O,1,,,,,,,,,,,,,,,,,,,,,,,,,,,,,,,,,
Voltas Limited,"Furnishings, Fixtures & Appliances",VOLTAS,EQ,Consumer Cyclical,VOLTAS.NS,F&O,1,,,,,,,,,,,,,,,,,,,,,,,,,,,,,,,,,
Balkrishna Industries Limited,Auto Parts,BALKRISIND,EQ,Consumer Cyclical,BALKRISIND.NS,#N/A,1,,,,,,,,,,,,,,,,,,,,,,,,,,,,,,,,,
JK Cement Limited,Building Materials,JKCEMENT,EQ,Basic Materials,JKCEMENT.NS,#N/A,1,,,,,,,,,,,,,,,,,,,,,,,,,,,,,,,,,
Petronet LNG Limited,Oil & Gas Refining & Marketing,PETRONET,EQ,Energy,PETRONET.NS,F&O,1,,,,,,,,,,,,,,,,,,,,,,,,,,,,,,,,,
MphasiS Limited,Information Technology Services,MPHASIS,EQ,Technology,MPHASIS.NS,F&O,1,,,,,,,,,,,,,,,,,,,,,,,,,,,,,,,,,
Astral Limited,Building Products & Equipment,ASTRAL,EQ,Industrials,ASTRAL.NS,F&O,1,,,,,,,,,,,,,,,,,,,,,,,,,,,,,,,,,
Authum Investment & Infrastructure Limited,Capital Markets,AIIL,EQ,Financial Services,AIIL.NS,#N/A,1,,,,,,,,,,,,,,,,,,,,,,,,,,,,,,,,,
GlaxoSmithKline Pharmaceuticals Limited,Drug Manufacturers - General,GLAXO,EQ,Healthcare,GLAXO.NS,#N/A,1,,,,,,,,,,,,,,,,,,,,,,,,,,,,,,,,,
Page Industries Limited,Apparel Manufacturing,PAGEIND,EQ,Consumer Cyclical,PAGEIND.NS,F&O,1,,,,,,,,,,,,,,,,,,,,,,,,,,,,,,,,,
Gujarat Fluorochemicals Limited,Specialty Chemicals,FLUOROCHEM,EQ,Basic Materials,FLUOROCHEM.NS,#N/A,1,,,,,,,,,,,,,,,,,,,,,,,,,,,,,,,,,
Godrej Industries Limited,Conglomerates,GODREJIND,EQ,Industrials,GODREJIND.NS,#N/A,1,,,,,,,,,,,,,,,,,,,,,,,,,,,,,,,,,
Container Corporation of India Limited,Industrials,CONCOR,EQ,Industrials,CONCOR.NS,F&O,1,,,,,,,,,,,,,,,,,,,,,,,,,,,,,,,,,
Poonawalla Fincorp Limited,Credit Services,POONAWALLA,EQ,Financial Services,POONAWALLA.NS,#N/A,1,,,,,,,,,,,,,,,,,,,,,,,,,,,,,,,,,
L&T Technology Services Limited,Information Technology Services,LTTS,EQ,Technology,LTTS.NS,#N/A,1,,,,,,,,,,,,,,,,,,,,,,,,,,,,,,,,,
IPCA Laboratories Limited,Drug Manufacturers - Specialty & Generic,IPCALAB,EQ,Healthcare,IPCALAB.NS,#N/A,1,,,,,,,,,,,,,,,,,,,,,,,,,,,,,,,,,
Aster DM Healthcare Limited,Medical Care Facilities,ASTERDM,EQ,Healthcare,ASTERDM.NS,#N/A,1,,,,,,,,,,,,,,,,,,,,,,,,,,,,,,,,,
Ajanta Pharma Limited,Drug Manufacturers - Specialty & Generic,AJANTPHARM,EQ,Healthcare,AJANTPHARM.NS,#N/A,1,,,,,,,,,,,,,,,,,,,,,,,,,,,,,,,,,
Godfrey Phillips India Limited,Consumer Defensive,GODFRYPHLP,EQ,Consumer Defensive,GODFRYPHLP.NS,F&O,1,,,,,,,,,,,,,,,,,,,,,,,,,,,,,,,,,
Indian Renewable Energy Development Agency Limited,Credit Services,IREDA,EQ,Financial Services,IREDA.NS,F&O,1,,,,,,,,,,,,,,,,,,,,,,,,,,,,,,,,,
United Breweries Limited,Consumer Defensive,UBL,EQ,Consumer Defensive,UBL.NS,#N/A,1,,,,,,,,,,,,,,,,,,,,,,,,,,,,,,,,,
AIA Engineering Limited,Specialty Industrial Machinery,AIAENG,EQ,Industrials,AIAENG.NS,#N/A,1,,,,,,,,,,,,,,,,,,,,,,,,,,,,,,,,,
Narayana Hrudayalaya Ltd.,Medical Care Facilities,NH,EQ,Healthcare,NH.NS,#N/A,1,,,,,,,,,,,,,,,,,,,,,,,,,,,,,,,,,
Tata Investment Corporation Limited,Asset Management,TATAINVEST,EQ,Financial Services,TATAINVEST.NS,#N/A,1,,,,,,,,,,,,,,,,,,,,,,,,,,,,,,,,,
Navin Fluorine International Limited,Chemicals,NAVINFLUOR,EQ,Basic Materials,NAVINFLUOR.NS,#N/A,1,,,,,,,,,,,,,,,,,,,,,,,,,,,,,,,,,
3M India Limited,Conglomerates,3MINDIA,EQ,Industrials,3MINDIA.NS,#N/A,1,,,,,,,,,,,,,,,,,,,,,,,,,,,,,,,,,
Sona BLW Precision Forgings Limited,Auto Parts,SONACOMS,EQ,Consumer Cyclical,SONACOMS.NS,F&O,1,,,,,,,,,,,,,,,,,,,,,,,,,,,,,,,,,
Delhivery Limited,Industrials,DELHIVERY,EQ,Industrials,DELHIVERY.NS,F&O,1,,,,,,,,,,,,,,,,,,,,,,,,,,,,,,,,,
Endurance Technologies Limited,Auto Parts,ENDURANCE,EQ,Consumer Cyclical,ENDURANCE.NS,#N/A,1,,,,,,,,,,,,,,,,,,,,,,,,,,,,,,,,,
Ather Energy Limited,Auto Manufacturers,ATHERENERG,EQ,Consumer Cyclical,ATHERENERG.NS,#N/A,1,,,,,,,,,,,,,,,,,,,,,,,,,,,,,,,,,
Garden Reach Shipbuilders & Engineers Limited,Aerospace & Defense,GRSE,EQ,Industrials,GRSE.NS,#N/A,1,,,,,,,,,,,,,,,,,,,,,,,,,,,,,,,,,
Blue Star Limited,Building Products & Equipment,BLUESTARCO,EQ,Industrials,BLUESTARCO.NS,F&O,1,,,,,,,,,,,,,,,,,,,,,,,,,,,,,,,,,
Escorts Kubota Limited,Farm & Heavy Construction Machinery,ESCORTS,EQ,Industrials,ESCORTS.NS,#N/A,1,,,,,,,,,,,,,,,,,,,,,,,,,,,,,,,,,
JB Chemicals & Pharmaceuticals Limited,Drug Manufacturers - Specialty & Generic,JBCHEPHARM,EQ,Healthcare,JBCHEPHARM.NS,#N/A,1,,,,,,,,,,,,,,,,,,,,,,,,,,,,,,,,,
ITC Hotels Limited,Consumer Cyclical,ITCHOTELS,EQ,Consumer Cyclical,ITCHOTELS.NS,#N/A,1,,,,,,,,,,,,,,,,,,,,,,,,,,,,,,,,,
Dalmia Bharat Limited,Building Materials,DALBHARAT,EQ,Basic Materials,DALBHARAT.NS,F&O,1,,,,,,,,,,,,,,,,,,,,,,,,,,,,,,,,,
Welspun Corp Limited,Steel,WELCORP,EQ,Basic Materials,WELCORP.NS,#N/A,1,,,,,,,,,,,,,,,,,,,,,,,,,,,,,,,,,
Cholamandalam Financial Holdings Limited,Credit Services,CHOLAHLDNG,EQ,Financial Services,CHOLAHLDNG.NS,#N/A,1,,,,,,,,,,,,,,,,,,,,,,,,,,,,,,,,,
Bandhan Bank Limited,Banks - Regional,BANDHANBNK,EQ,Financial Services,BANDHANBNK.NS,F&O,1,,,,,,,,,,,,,,,,,,,,,,,,,,,,,,,,,
Central Bank of India,Banks - Regional,CENTRALBK,EQ,Financial Services,CENTRALBK.NS,#N/A,1,,,,,,,,,,,,,,,,,,,,,,,,,,,,,,,,,
K.P.R. Mill Limited,Textile Manufacturing,KPRMILL,EQ,Consumer Cyclical,KPRMILL.NS,#N/A,1,,,,,,,,,,,,,,,,,,,,,,,,,,,,,,,,,
Global Health Limited,Medical Care Facilities,MEDANTA,EQ,Healthcare,MEDANTA.NS,#N/A,1,,,,,,,,,,,,,,,,,,,,,,,,,,,,,,,,,
Procter & Gamble Hygiene and Health Care Limited,Household & Personal Products,PGHH,EQ,Consumer Defensive,PGHH.NS,#N/A,1,,,,,,,,,,,,,,,,,,,,,,,,,,,,,,,,,
Himadri Speciality Chemical Limited,Specialty Chemicals,HSCL,EQ,Basic Materials,HSCL.NS,#N/A,1,,,,,,,,,,,,,,,,,,,,,,,,,,,,,,,,,
LIC Housing Finance Limited,Mortgage Finance,LICHSGFIN,EQ,Financial Services,LICHSGFIN.NS,F&O,1,,,,,,,,,,,,,,,,,,,,,,,,,,,,,,,,,
Gland Pharma Limited,Drug Manufacturers - Specialty & Generic,GLAND,EQ,Healthcare,GLAND.NS,#N/A,1,,,,,,,,,,,,,,,,,,,,,,,,,,,,,,,,,
Emcure Pharmaceuticals Limited,Drug Manufacturers - Specialty & Generic,EMCURE,EQ,Healthcare,EMCURE.NS,#N/A,1,,,,,,,,,,,,,,,,,,,,,,,,,,,,,,,,,
Jubilant Foodworks Limited,Consumer Cyclical,JUBLFOOD,EQ,Consumer Cyclical,JUBLFOOD.NS,F&O,1,,,,,,,,,,,,,,,,,,,,,,,,,,,,,,,,,
Amber Enterprises India Limited,"Furnishings, Fixtures & Appliances",AMBER,EQ,Consumer Cyclical,AMBER.NS,F&O,1,,,,,,,,,,,,,,,,,,,,,,,,,,,,,,,,,
Physicswallah Limited,Consumer Defensive,PWL,EQ,Consumer Defensive,PWL.NS,#N/A,1,,,,,,,,,,,,,,,,,,,,,,,,,,,,,,,,,
Aditya Birla Sun Life AMC Limited,Asset Management,ABSLAMC,EQ,Financial Services,ABSLAMC.NS,#N/A,1,,,,,,,,,,,,,,,,,,,,,,,,,,,,,,,,,
SJVN Limited,Utilities - Renewable,SJVN,EQ,Utilities,SJVN.NS,#N/A,1,,,,,,,,,,,,,,,,,,,,,,,,,,,,,,,,,
Exide Industries Limited,Auto Parts,EXIDEIND,EQ,Consumer Cyclical,EXIDEIND.NS,F&O,1,,,,,,,,,,,,,,,,,,,,,,,,,,,,,,,,,
Star Health and Allied Insurance Company Limited,Insurance - Life,STARHEALTH,EQ,Financial Services,STARHEALTH.NS,#N/A,1,,,,,,,,,,,,,,,,,,,,,,,,,,,,,,,,,
CRISIL Limited,Financial Services,CRISIL,EQ,Financial Services,CRISIL.NS,#N/A,1,,,,,,,,,,,,,,,,,,,,,,,,,,,,,,,,,
Kaynes Technology India Limited,Electronic Components,KAYNES,EQ,Technology,KAYNES.NS,F&O,1,,,,,,,,,,,,,,,,,,,,,,,,,,,,,,,,,
Anand Rathi Wealth Limited,Asset Management,ANANDRATHI,EQ,Financial Services,ANANDRATHI.NS,#N/A,1,,,,,,,,,,,,,,,,,,,,,,,,,,,,,,,,,
Angel One Limited,Capital Markets,ANGELONE,EQ,Financial Services,ANGELONE.NS,F&O,1,,,,,,,,,,,,,,,,,,,,,,,,,,,,,,,,,
Nuvama Wealth Management Limited,Asset Management,NUVAMA,EQ,Financial Services,NUVAMA.NS,F&O,1,,,,,,,,,,,,,,,,,,,,,,,,,,,,,,,,,
Manappuram Finance Limited,Credit Services,MANAPPURAM,EQ,Financial Services,MANAPPURAM.NS,F&O,1,,,,,,,,,,,,,,,,,,,,,,,,,,,,,,,,,
Hexaware Technologies Limited,Information Technology Services,HEXT,EQ,Technology,HEXT.NS,#N/A,1,,,,,,,,,,,,,,,,,,,,,,,,,,,,,,,,,
Aditya Infotech Limited,Building Products & Equipment,CPPLUS,EQ,Industrials,CPPLUS.NS,#N/A,1,,,,,,,,,,,,,,,,,,,,,,,,,,,,,,,,,
Karur Vysya Bank Limited,Banks - Regional,KARURVYSYA,EQ,Financial Services,KARURVYSYA.NS,#N/A,1,,,,,,,,,,,,,,,,,,,,,,,,,,,,,,,,,
Mangalore Refinery and Petrochemicals Limited,Oil & Gas Refining & Marketing,MRPL,EQ,Energy,MRPL.NS,#N/A,1,,,,,,,,,,,,,,,,,,,,,,,,,,,,,,,,,
TVS Holdings Limited,Auto Parts,TVSHLTD,EQ,Consumer Cyclical,TVSHLTD.NS,#N/A,1,,,,,,,,,,,,,,,,,,,,,,,,,,,,,,,,,
Go Digit General Insurance Limited,Financial Services,GODIGIT,EQ,Financial Services,GODIGIT.NS,#N/A,1,,,,,,,,,,,,,,,,,,,,,,,,,,,,,,,,,
ITI Limited,Communication Equipment,ITI,EQ,Technology,ITI.NS,#N/A,1,,,,,,,,,,,,,,,,,,,,,,,,,,,,,,,,,
Krishna Institute of Medical Sciences Limited,Medical Care Facilities,KIMS,EQ,Healthcare,KIMS.NS,#N/A,1,,,,,,,,,,,,,,,,,,,,,,,,,,,,,,,,,
Inventurus Knowledge Solutions Limited,Healthcare,IKS,EQ,Healthcare,IKS.NS,#N/A,1,,,,,,,,,,,,,,,,,,,,,,,,,,,,,,,,,
PNB Housing Finance Limited,Mortgage Finance,PNBHOUSING,EQ,Financial Services,PNBHOUSING.NS,F&O,1,,,,,,,,,,,,,,,,,,,,,,,,,,,,,,,,,
Motherson Sumi Wiring India Limited,Auto Parts,MSUMI,EQ,Consumer Cyclical,MSUMI.NS,#N/A,1,,,,,,,,,,,,,,,,,,,,,,,,,,,,,,,,,
Metro Brands Limited,Consumer Cyclical,METROBRAND,EQ,Consumer Cyclical,METROBRAND.NS,#N/A,1,,,,,,,,,,,,,,,,,,,,,,,,,,,,,,,,,
ZF Commercial Vehicle Control Systems India Limited,Auto Parts,ZFCVINDIA,EQ,Consumer Cyclical,ZFCVINDIA.NS,#N/A,1,,,,,,,,,,,,,,,,,,,,,,,,,,,,,,,,,
Dr. Lal Path Labs Ltd.,Diagnostics & Research,LALPATHLAB,EQ,Healthcare,LALPATHLAB.NS,#N/A,1,,,,,,,,,,,,,,,,,,,,,,,,,,,,,,,,,
FORCE MOTORS LTD,Auto Manufacturers,FORCEMOT,EQ,Consumer Cyclical,FORCEMOT.NS,F&O,1,,,,,,,,,,,,,,,,,,,,,,,,,,,,,,,,,
Gujarat Gas Limited,Utilities,GUJGASLTD,EQ,Utilities,GUJGASLTD.NS,#N/A,1,,,,,,,,,,,,,,,,,,,,,,,,,,,,,,,,,
NBCC (India) Limited,Engineering & Construction,NBCC,EQ,Industrials,NBCC.NS,F&O,1,,,,,,,,,,,,,,,,,,,,,,,,,,,,,,,,,
The New India Assurance Company Limited,Financial Services,NIACL,EQ,Financial Services,NIACL.NS,#N/A,1,,,,,,,,,,,,,,,,,,,,,,,,,,,,,,,,,
Timken India Limited,Tools & Accessories,TIMKEN,EQ,Industrials,TIMKEN.NS,#N/A,1,,,,,,,,,,,,,,,,,,,,,,,,,,,,,,,,,
Tata Elxsi Limited,Software - Application,TATAELXSI,EQ,Technology,TATAELXSI.NS,F&O,1,,,,,,,,,,,,,,,,,,,,,,,,,,,,,,,,,
AWL Agri Business Limited,Packaged Foods,AWL,EQ,Consumer Defensive,AWL.NS,#N/A,1,,,,,,,,,,,,,,,,,,,,,,,,,,,,,,,,,
Honeywell Automation India Limited,Electrical Equipment & Parts,HONAUT,EQ,Industrials,HONAUT.NS,#N/A,1,,,,,,,,,,,,,,,,,,,,,,,,,,,,,,,,,
Gillette India Limited,Household & Personal Products,GILLETTE,EQ,Consumer Defensive,GILLETTE.NS,#N/A,1,,,,,,,,,,,,,,,,,,,,,,,,,,,,,,,,,
Central Depository Services (India) Limited,Capital Markets,CDSL,EQ,Financial Services,CDSL.NS,F&O,1,,,,,,,,,,,,,,,,,,,,,,,,,,,,,,,,,
ACC Limited,Building Materials,ACC,EQ,Basic Materials,ACC.NS,#N/A,1,,,,,,,,,,,,,,,,,,,,,,,,,,,,,,,,,
Wockhardt Limited,Drug Manufacturers - Specialty & Generic,WOCKPHARMA,EQ,Healthcare,WOCKPHARMA.NS,#N/A,1,,,,,,,,,,,,,,,,,,,,,,,,,,,,,,,,,
Apollo Tyres Limited,Auto Parts,APOLLOTYRE,EQ,Consumer Cyclical,APOLLOTYRE.NS,#N/A,1,,,,,,,,,,,,,,,,,,,,,,,,,,,,,,,,,
Tata Technologies Limited,Information Technology Services,TATATECH,EQ,Technology,TATATECH.NS,#N/A,1,,,,,,,,,,,,,,,,,,,,,,,,,,,,,,,,,
Deepak Nitrite Limited,Chemicals,DEEPAKNTR,EQ,Basic Materials,DEEPAKNTR.NS,#N/A,1,,,,,,,,,,,,,,,,,,,,,,,,,,,,,,,,,
Aegis Logistics Limited,Oil & Gas Refining & Marketing,AEGISLOG,EQ,Energy,AEGISLOG.NS,#N/A,1,,,,,,,,,,,,,,,,,,,,,,,,,,,,,,,,,
Netweb Technologies India Limited,Technology,NETWEB,EQ,Technology,NETWEB.NS,#N/A,1,,,,,,,,,,,,,,,,,,,,,,,,,,,,,,,,,
PTC Industries Limited,Metal Fabrication,PTCIL,EQ,Industrials,PTCIL.NS,#N/A,1,,,,,,,,,,,,,,,,,,,,,,,,,,,,,,,,,
Shyam Metalics and Energy Limited,Steel,SHYAMMETL,EQ,Basic Materials,SHYAMMETL.NS,#N/A,1,,,,,,,,,,,,,,,,,,,,,,,,,,,,,,,,,
Kirloskar Oil Engines Limited,Specialty Industrial Machinery,KIRLOSENG,EQ,Industrials,KIRLOSENG.NS,#N/A,1,,,,,,,,,,,,,,,,,,,,,,,,,,,,,,,,,
CESC Limited,Utilities,CESC,EQ,Utilities,CESC.NS,#N/A,1,,,,,,,,,,,,,,,,,,,,,,,,,,,,,,,,,
KIOCL Limited,Steel,KIOCL,EQ,Basic Materials,KIOCL.NS,#N/A,1,,,,,,,,,,,,,,,,,,,,,,,,,,,,,,,,,
Sumitomo Chemical India Limited,Agricultural Inputs,SUMICHEM,EQ,Basic Materials,SUMICHEM.NS,#N/A,1,,,,,,,,,,,,,,,,,,,,,,,,,,,,,,,,,
CREDITACCESS GRAMEEN LIMITED,Credit Services,CREDITACC,EQ,Financial Services,CREDITACC.NS,#N/A,1,,,,,,,,,,,,,,,,,,,,,,,,,,,,,,,,,
Piramal Pharma Limited,Drug Manufacturers - Specialty & Generic,PPLPHARMA,EQ,Healthcare,PPLPHARMA.NS,#N/A,1,,,,,,,,,,,,,,,,,,,,,,,,,,,,,,,,,
Sai Life Sciences Limited,Diagnostics & Research,SAILIFE,EQ,Healthcare,SAILIFE.NS,#N/A,1,,,,,,,,,,,,,,,,,,,,,,,,,,,,,,,,,
HBL Engineering Limited,Electrical Equipment & Parts,HBLENGINE,EQ,Industrials,HBLENGINE.NS,#N/A,1,,,,,,,,,,,,,,,,,,,,,,,,,,,,,,,,,
Aegis Vopak Terminals Limited,Energy,AEGISVOPAK,EQ,Energy,AEGISVOPAK.NS,#N/A,1,,,,,,,,,,,,,,,,,,,,,,,,,,,,,,,,,
Prime Focus Limited,Communication Services,PFOCUS,EQ,Communication Services,PFOCUS.NS,#N/A,1,,,,,,,,,,,,,,,,,,,,,,,,,,,,,,,,,
Indraprastha Gas Limited,Utilities,IGL,EQ,Utilities,IGL.NS,#N/A,1,,,,,,,,,,,,,,,,,,,,,,,,,,,,,,,,,
Data Patterns (India) Limited,Aerospace & Defense,DATAPATTNS,EQ,Industrials,DATAPATTNS.NS,#N/A,1,,,,,,,,,,,,,,,,,,,,,,,,,,,,,,,,,
The Great Eastern Shipping Company Limited,Marine Shipping,GESHIP,EQ,Industrials,GESHIP.NS,#N/A,1,,,,,,,,,,,,,,,,,,,,,,,,,,,,,,,,,
The Ramco Cements Limited,Building Materials,RAMCOCEM,EQ,Basic Materials,RAMCOCEM.NS,#N/A,1,,,,,,,,,,,,,,,,,,,,,,,,,,,,,,,,,
Neuland Laboratories Limited,Drug Manufacturers - Specialty & Generic,NEULANDLAB,EQ,Healthcare,NEULANDLAB.NS,#N/A,1,,,,,,,,,,,,,,,,,,,,,,,,,,,,,,,,,
Sun TV Network Limited,Communication Services,SUNTV,EQ,Communication Services,SUNTV.NS,#N/A,1,,,,,,,,,,,,,,,,,,,,,,,,,,,,,,,,,
Pine Labs Limited,Software - Infrastructure,PINELABS,EQ,Technology,PINELABS.NS,#N/A,1,,,,,,,,,,,,,,,,,,,,,,,,,,,,,,,,,
Acutaas Chemicals Limited,Specialty Chemicals,ACUTAAS,EQ,Basic Materials,ACUTAAS.NS,#N/A,1,,,,,,,,,,,,,,,,,,,,,,,,,,,,,,,,,
Pfizer Limited,Drug Manufacturers - General,PFIZER,EQ,Healthcare,PFIZER.NS,#N/A,1,,,,,,,,,,,,,,,,,,,,,,,,,,,,,,,,,
Hatsun Agro Product Limited,Packaged Foods,HATSUN,EQ,Consumer Defensive,HATSUN.NS,#N/A,1,,,,,,,,,,,,,,,,,,,,,,,,,,,,,,,,,
R R Kabel Limited,Electrical Equipment & Parts,RRKABEL,EQ,Industrials,RRKABEL.NS,#N/A,1,,,,,,,,,,,,,,,,,,,,,,,,,,,,,,,,,
Aadhar Housing Finance Limited,Mortgage Finance,AADHARHFC,EQ,Financial Services,AADHARHFC.NS,#N/A,1,,,,,,,,,,,,,,,,,,,,,,,,,,,,,,,,,
Kalpataru Projects International Limited,Engineering & Construction,KPIL,EQ,Industrials,KPIL.NS,#N/A,1,,,,,,,,,,,,,,,,,,,,,,,,,,,,,,,,,
Gujarat Mineral Development Corporation Limited,Energy,GMDCLTD,EQ,Energy,GMDCLTD.NS,#N/A,1,,,,,,,,,,,,,,,,,,,,,,,,,,,,,,,,,
HFCL Limited,Communication Equipment,HFCL,EQ,Technology,HFCL.NS,#N/A,1,,,,,,,,,,,,,,,,,,,,,,,,,,,,,,,,,
Urban Company Limited,Software - Application,URBANCO,EQ,Technology,URBANCO.NS,#N/A,1,,,,,,,,,,,,,,,,,,,,,,,,,,,,,,,,,
Craftsman Automation Limited,Auto Parts,CRAFTSMAN,EQ,Consumer Cyclical,CRAFTSMAN.NS,#N/A,1,,,,,,,,,,,,,,,,,,,,,,,,,,,,,,,,,
Asahi India Glass Limited,Auto Parts,ASAHIINDIA,EQ,Consumer Cyclical,ASAHIINDIA.NS,#N/A,1,,,,,,,,,,,,,,,,,,,,,,,,,,,,,,,,,
RBL Bank Limited,Banks - Regional,RBLBANK,EQ,Financial Services,RBLBANK.NS,F&O,1,,,,,,,,,,,,,,,,,,,,,,,,,,,,,,,,,
AstraZeneca Pharma India Limited,Drug Manufacturers - Specialty & Generic,ASTRAZEN,EQ,Healthcare,ASTRAZEN.NS,#N/A,1,,,,,,,,,,,,,,,,,,,,,,,,,,,,,,,,,
Syrma SGS Technology Limited,Electronic Components,SYRMA,EQ,Technology,SYRMA.NS,#N/A,1,,,,,,,,,,,,,,,,,,,,,,,,,,,,,,,,,
Affle 3i Limited,Communication Services,AFFLE,EQ,Communication Services,AFFLE.NS,#N/A,1,,,,,,,,,,,,,,,,,,,,,,,,,,,,,,,,,
Natco Pharma Limited,Drug Manufacturers - Specialty & Generic,NATCOPHARM,EQ,Healthcare,NATCOPHARM.NS,#N/A,1,,,,,,,,,,,,,,,,,,,,,,,,,,,,,,,,,
Onesource Specialty Pharma Limited,Biotechnology,ONESOURCE,EQ,Healthcare,ONESOURCE.NS,#N/A,1,,,,,,,,,,,,,,,,,,,,,,,,,,,,,,,,,
EIH Limited,Lodging,EIHOTEL,EQ,Consumer Cyclical,EIHOTEL.NS,#N/A,1,,,,,,,,,,,,,,,,,,,,,,,,,,,,,,,,,
Gallantt Ispat Limited,Steel,GALLANTT,EQ,Basic Materials,GALLANTT.NS,#N/A,1,,,,,,,,,,,,,,,,,,,,,,,,,,,,,,,,,
Atul Limited,Specialty Chemicals,ATUL,EQ,Basic Materials,ATUL.NS,#N/A,1,,,,,,,,,,,,,,,,,,,,,,,,,,,,,,,,,
Sarda Energy & Minerals Limited,Steel,SARDAEN,EQ,Basic Materials,SARDAEN.NS,#N/A,1,,,,,,,,,,,,,,,,,,,,,,,,,,,,,,,,,
Computer Age Management Services Limited,Information Technology Services,CAMS,EQ,Technology,CAMS.NS,F&O,1,,,,,,,,,,,,,,,,,,,,,,,,,,,,,,,,,
Bayer Cropscience Limited,Agricultural Inputs,BAYERCROP,EQ,Basic Materials,BAYERCROP.NS,#N/A,1,,,,,,,,,,,,,,,,,,,,,,,,,,,,,,,,,
SAGILITY LIMITED,Healthcare,SAGILITY,EQ,Healthcare,SAGILITY.NS,#N/A,1,,,,,,,,,,,,,,,,,,,,,,,,,,,,,,,,,
NAVA LIMITED,Conglomerates,NAVA,EQ,Industrials,NAVA.NS,#N/A,1,,,,,,,,,,,,,,,,,,,,,,,,,,,,,,,,,
Anant Raj Limited,Real Estate,ANANTRAJ,EQ,Real Estate,ANANTRAJ.NS,#N/A,1,,,,,,,,,,,,,,,,,,,,,,,,,,,,,,,,,
Ratnamani Metals & Tubes Limited,Steel,RATNAMANI,EQ,Basic Materials,RATNAMANI.NS,#N/A,1,,,,,,,,,,,,,,,,,,,,,,,,,,,,,,,,,
Emami Limited,Household & Personal Products,EMAMILTD,EQ,Consumer Defensive,EMAMILTD.NS,#N/A,1,,,,,,,,,,,,,,,,,,,,,,,,,,,,,,,,,
Tata Chemicals Limited,Chemicals,TATACHEM,EQ,Basic Materials,TATACHEM.NS,#N/A,1,,,,,,,,,,,,,,,,,,,,,,,,,,,,,,,,,
Mtar Technologies Limited,Specialty Industrial Machinery,MTARTECH,EQ,Industrials,MTARTECH.NS,#N/A,1,,,,,,,,,,,,,,,,,,,,,,,,,,,,,,,,,
KPIT Technologies Limited,Software - Infrastructure,KPITTECH,EQ,Technology,KPITTECH.NS,F&O,1,,,,,,,,,,,,,,,,,,,,,,,,,,,,,,,,,
Belrise Industries Limited,Auto Parts,BELRISE,EQ,Consumer Cyclical,BELRISE.NS,#N/A,1,,,,,,,,,,,,,,,,,,,,,,,,,,,,,,,,,
Jain Resource Recycling Limited,Basic Materials,JAINREC,EQ,Basic Materials,JAINREC.NS,#N/A,1,,,,,,,,,,,,,,,,,,,,,,,,,,,,,,,,,
IIFL Finance Limited,Credit Services,IIFL,EQ,Financial Services,IIFL.NS,#N/A,1,,,,,,,,,,,,,,,,,,,,,,,,,,,,,,,,,
Carborundum Universal Limited,Conglomerates,CARBORUNIV,EQ,Industrials,CARBORUNIV.NS,#N/A,1,,,,,,,,,,,,,,,,,,,,,,,,,,,,,,,,,
Avanti Feeds Limited,Packaged Foods,AVANTIFEED,EQ,Consumer Defensive,AVANTIFEED.NS,#N/A,1,,,,,,,,,,,,,,,,,,,,,,,,,,,,,,,,,
City Union Bank Limited,Banks - Regional,CUB,EQ,Financial Services,CUB.NS,#N/A,1,,,,,,,,,,,,,,,,,,,,,,,,,,,,,,,,,
Eris Lifesciences Limited,Drug Manufacturers - Specialty & Generic,ERIS,EQ,Healthcare,ERIS.NS,#N/A,1,,,,,,,,,,,,,,,,,,,,,,,,,,,,,,,,,
Crompton Greaves Consumer Electricals Limited,"Furnishings, Fixtures & Appliances",CROMPTON,EQ,Consumer Cyclical,CROMPTON.NS,F&O,1,,,,,,,,,,,,,,,,,,,,,,,,,,,,,,,,,
Godawari Power And Ispat limited,Steel,GPIL,EQ,Basic Materials,GPIL.NS,#N/A,1,,,,,,,,,,,,,,,,,,,,,,,,,,,,,,,,,
DCM Shriram Limited,Conglomerates,DCMSHRIRAM,EQ,Industrials,DCMSHRIRAM.NS,#N/A,1,,,,,,,,,,,,,,,,,,,,,,,,,,,,,,,,,
TD Power Systems Limited,Specialty Industrial Machinery,TDPOWERSYS,EQ,Industrials,TDPOWERSYS.NS,#N/A,1,,,,,,,,,,,,,,,,,,,,,,,,,,,,,,,,,
Capri Global Capital Limited,Credit Services,CGCL,EQ,Financial Services,CGCL.NS,#N/A,1,,,,,,,,,,,,,,,,,,,,,,,,,,,,,,,,,
Triveni Turbine Limited,Specialty Industrial Machinery,TRITURBINE,EQ,Industrials,TRITURBINE.NS,#N/A,1,,,,,,,,,,,,,,,,,,,,,,,,,,,,,,,,,
The India Cements Limited,Building Materials,INDIACEM,EQ,Basic Materials,INDIACEM.NS,#N/A,1,,,,,,,,,,,,,,,,,,,,,,,,,,,,,,,,,
Firstsource Solutions Limited,Information Technology Services,FSL,EQ,Technology,FSL.NS,#N/A,1,,,,,,,,,,,,,,,,,,,,,,,,,,,,,,,,,
Cohance Lifesciences Limited,Drug Manufacturers - Specialty & Generic,COHANCE,EQ,Healthcare,COHANCE.NS,#N/A,1,,,,,,,,,,,,,,,,,,,,,,,,,,,,,,,,,
Granules India Limited,Drug Manufacturers - Specialty & Generic,GRANULES,EQ,Healthcare,GRANULES.NS,#N/A,1,,,,,,,,,,,,,,,,,,,,,,,,,,,,,,,,,
Grindwell Norton Limited,Building Products & Equipment,GRINDWELL,EQ,Industrials,GRINDWELL.NS,#N/A,1,,,,,,,,,,,,,,,,,,,,,,,,,,,,,,,,,
Brigade Enterprises Limited,Real Estate,BRIGADE,EQ,Real Estate,BRIGADE.NS,#N/A,1,,,,,,,,,,,,,,,,,,,,,,,,,,,,,,,,,
Emmvee Photovoltaic Power Limited,Solar,EMMVEE,EQ,Technology,EMMVEE.NS,#N/A,1,,,,,,,,,,,,,,,,,,,,,,,,,,,,,,,,,
Fractal Analytics Limited,Software - Infrastructure,FRACTAL,EQ,Technology,FRACTAL.NS,#N/A,1,,,,,,,,,,,,,,,,,,,,,,,,,,,,,,,,,
Syngene International Limited,Diagnostics & Research,SYNGENE,EQ,Healthcare,SYNGENE.NS,#N/A,1,,,,,,,,,,,,,,,,,,,,,,,,,,,,,,,,,
Sterlite Technologies Limited,Communication Equipment,STLTECH,EQ,Technology,STLTECH.NS,#N/A,1,,,,,,,,,,,,,,,,,,,,,,,,,,,,,,,,,
Castrol India Limited,Oil & Gas Refining & Marketing,CASTROLIND,EQ,Energy,CASTROLIND.NS,#N/A,1,,,,,,,,,,,,,,,,,,,,,,,,,,,,,,,,,
Chambal Fertilizers & Chemicals Limited,Agricultural Inputs,CHAMBLFERT,EQ,Basic Materials,CHAMBLFERT.NS,#N/A,1,,,,,,,,,,,,,,,,,,,,,,,,,,,,,,,,,
CIE Automotive India Limited,Auto Parts,CIEINDIA,EQ,Consumer Cyclical,CIEINDIA.NS,#N/A,1,,,,,,,,,,,,,,,,,,,,,,,,,,,,,,,,,
Cupid Limited,Household & Personal Products,CUPID,EQ,Consumer Defensive,CUPID.NS,#N/A,1,,,,,,,,,,,,,,,,,,,,,,,,,,,,,,,,,
Inox Wind Limited,Specialty Industrial Machinery,INOXWIND,EQ,Industrials,INOXWIND.NS,F&O,1,,,,,,,,,,,,,,,,,,,,,,,,,,,,,,,,,
Kansai Nerolac Paints Limited,Specialty Chemicals,KANSAINER,EQ,Basic Materials,KANSAINER.NS,#N/A,1,,,,,,,,,,,,,,,,,,,,,,,,,,,,,,,,,
Sundram Fasteners Limited,Auto Parts,SUNDRMFAST,EQ,Consumer Cyclical,SUNDRMFAST.NS,#N/A,1,,,,,,,,,,,,,,,,,,,,,,,,,,,,,,,,,
Century Plyboards (India) Limited,Basic Materials,CENTURYPLY,EQ,Basic Materials,CENTURYPLY.NS,#N/A,1,,,,,,,,,,,,,,,,,,,,,,,,,,,,,,,,,
Elgi Equipments Limited,Specialty Industrial Machinery,ELGIEQUIP,EQ,Industrials,ELGIEQUIP.NS,#N/A,1,,,,,,,,,,,,,,,,,,,,,,,,,,,,,,,,,
Aarti Industries Limited,Specialty Chemicals,AARTIIND,EQ,Basic Materials,AARTIIND.NS,#N/A,1,,,,,,,,,,,,,,,,,,,,,,,,,,,,,,,,,
Kajaria Ceramics Limited,Building Products & Equipment,KAJARIACER,EQ,Industrials,KAJARIACER.NS,#N/A,1,,,,,,,,,,,,,,,,,,,,,,,,,,,,,,,,,
Finolex Cables Limited,Electrical Equipment & Parts,FINCABLES,EQ,Industrials,FINCABLES.NS,#N/A,1,,,,,,,,,,,,,,,,,,,,,,,,,,,,,,,,,
BASF India Limited,Specialty Chemicals,BASF,EQ,Basic Materials,BASF.NS,#N/A,1,,,,,,,,,,,,,,,,,,,,,,,,,,,,,,,,,
Redington Limited,Information Technology Services,REDINGTON,EQ,Technology,REDINGTON.NS,#N/A,1,,,,,,,,,,,,,,,,,,,,,,,,,,,,,,,,,
Jyoti CNC Automation Limited,Specialty Industrial Machinery,JYOTICNC,EQ,Industrials,JYOTICNC.NS,#N/A,1,,,,,,,,,,,,,,,,,,,,,,,,,,,,,,,,,
IFCI Limited,Credit Services,IFCI,EQ,Financial Services,IFCI.NS,#N/A,1,,,,,,,,,,,,,,,,,,,,,,,,,,,,,,,,,
Chalet Hotels Limited,Lodging,CHALET,EQ,Consumer Cyclical,CHALET.NS,#N/A,1,,,,,,,,,,,,,,,,,,,,,,,,,,,,,,,,,
Acme Solar Holdings Limited,Utilities - Renewable,ACMESOLAR,EQ,Utilities,ACMESOLAR.NS,#N/A,1,,,,,,,,,,,,,,,,,,,,,,,,,,,,,,,,,
Sammaan Capital Limited,Mortgage Finance,SAMMAANCAP,EQ,Financial Services,SAMMAANCAP.NS,F&O,1,,,,,,,,,,,,,,,,,,,,,,,,,,,,,,,,,
Deepak Fertilizers and Petrochemicals Corporation Limited,Chemicals,DEEPAKFERT,EQ,Basic Materials,DEEPAKFERT.NS,#N/A,1,,,,,,,,,,,,,,,,,,,,,,,,,,,,,,,,,
Bikaji Foods International Limited,Packaged Foods,BIKAJI,EQ,Consumer Defensive,BIKAJI.NS,#N/A,1,,,,,,,,,,,,,,,,,,,,,,,,,,,,,,,,,
Vardhman Textiles Limited,Textile Manufacturing,VTL,EQ,Consumer Cyclical,VTL.NS,#N/A,1,,,,,,,,,,,,,,,,,,,,,,,,,,,,,,,,,
Poly Medicure Limited,Healthcare,POLYMED,EQ,Healthcare,POLYMED.NS,#N/A,1,,,,,,,,,,,,,,,,,,,,,,,,,,,,,,,,,
JSW Cement Limited,Building Materials,JSWCEMENT,EQ,Basic Materials,JSWCEMENT.NS,#N/A,1,,,,,,,,,,,,,,,,,,,,,,,,,,,,,,,,,
Allied Blenders and Distillers Limited,Consumer Defensive,ABDL,EQ,Consumer Defensive,ABDL.NS,#N/A,1,,,,,,,,,,,,,,,,,,,,,,,,,,,,,,,,,
Zydus Wellness Limited,Packaged Foods,ZYDUSWELL,EQ,Consumer Defensive,ZYDUSWELL.NS,#N/A,1,,,,,,,,,,,,,,,,,,,,,,,,,,,,,,,,,
Travel Food Services Limited,Consumer Cyclical,TRAVELFOOD,EQ,Consumer Cyclical,TRAVELFOOD.NS,#N/A,1,,,,,,,,,,,,,,,,,,,,,,,,,,,,,,,,,
Aditya Birla Real Estate Limited,Real Estate Services,ABREL,EQ,Real Estate,ABREL.NS,#N/A,1,,,,,,,,,,,,,,,,,,,,,,,,,,,,,,,,,
Cemindia Projects Limited,Engineering & Construction,CEMPRO,EQ,Industrials,CEMPRO.NS,#N/A,1,,,,,,,,,,,,,,,,,,,,,,,,,,,,,,,,,
Gujarat State Petronet Limited,Utilities,GSPL,EQ,Utilities,GSPL.NS,#N/A,1,,,,,,,,,,,,,,,,,,,,,,,,,,,,,,,,,
Amara Raja Energy & Mobility Limited,Electrical Equipment & Parts,ARE&M,EQ,Industrials,ARE&M.NS,#N/A,1,,,,,,,,,,,,,,,,,,,,,,,,,,,,,,,,,
Gabriel India Limited,Auto Parts,GABRIEL,EQ,Consumer Cyclical,GABRIEL.NS,#N/A,1,,,,,,,,,,,,,,,,,,,,,,,,,,,,,,,,,
BEML Limited,Conglomerates,BEML,EQ,Industrials,BEML.NS,#N/A,1,,,,,,,,,,,,,,,,,,,,,,,,,,,,,,,,,
Aether Industries Limited,Specialty Chemicals,AETHER,EQ,Basic Materials,AETHER.NS,#N/A,1,,,,,,,,,,,,,,,,,,,,,,,,,,,,,,,,,
Chennai Petroleum Corporation Limited,Oil & Gas Refining & Marketing,CHENNPETRO,EQ,Energy,CHENNPETRO.NS,#N/A,1,,,,,,,,,,,,,,,,,,,,,,,,,,,,,,,,,
LMW Limited,Specialty Industrial Machinery,LMW,EQ,Industrials,LMW.NS,#N/A,1,,,,,,,,,,,,,,,,,,,,,,,,,,,,,,,,,
Jubilant Pharmova Limited,Drug Manufacturers - Specialty & Generic,JUBLPHARMA,EQ,Healthcare,JUBLPHARMA.NS,#N/A,1,,,,,,,,,,,,,,,,,,,,,,,,,,,,,,,,,
KEC International Limited,Engineering & Construction,KEC,EQ,Industrials,KEC.NS,#N/A,1,,,,,,,,,,,,,,,,,,,,,,,,,,,,,,,,,
Shriram Pistons & Rings Limited,Auto Parts,SHRIPISTON,EQ,Consumer Cyclical,SHRIPISTON.NS,#N/A,1,,,,,,,,,,,,,,,,,,,,,,,,,,,,,,,,,
Kfin Technologies Limited,Software - Application,KFINTECH,EQ,Technology,KFINTECH.NS,F&O,1,,,,,,,,,,,,,,,,,,,,,,,,,,,,,,,,,
Shipping Corporation Of India Limited,Marine Shipping,SCI,EQ,Industrials,SCI.NS,#N/A,1,,,,,,,,,,,,,,,,,,,,,,,,,,,,,,,,,
Rubicon Research Limited,Drug Manufacturers - General,RUBICON,EQ,Healthcare,RUBICON.NS,#N/A,1,,,,,,,,,,,,,,,,,,,,,,,,,,,,,,,,,
Ventive Hospitality Limited,Lodging,VENTIVE,EQ,Consumer Cyclical,VENTIVE.NS,#N/A,1,,,,,,,,,,,,,,,,,,,,,,,,,,,,,,,,,
Sansera Engineering Limited,Auto Parts,SANSERA,EQ,Consumer Cyclical,SANSERA.NS,#N/A,1,,,,,,,,,,,,,,,,,,,,,,,,,,,,,,,,,
Anupam Rasayan India Limited,Specialty Chemicals,ANURAS,EQ,Basic Materials,ANURAS.NS,#N/A,1,,,,,,,,,,,,,,,,,,,,,,,,,,,,,,,,,
The Jammu & Kashmir Bank Limited,Banks - Regional,J&KBANK,EQ,Financial Services,J&KBANK.NS,#N/A,1,,,,,,,,,,,,,,,,,,,,,,,,,,,,,,,,,
Jindal Saw Limited,Steel,JINDALSAW,EQ,Basic Materials,JINDALSAW.NS,#N/A,1,,,,,,,,,,,,,,,,,,,,,,,,,,,,,,,,,
eClerx Services Limited,Information Technology Services,ECLERX,EQ,Technology,ECLERX.NS,#N/A,1,,,,,,,,,,,,,,,,,,,,,,,,,,,,,,,,,
Alembic Pharmaceuticals Limited,Drug Manufacturers - Specialty & Generic,APLLTD,EQ,Healthcare,APLLTD.NS,#N/A,1,,,,,,,,,,,,,,,,,,,,,,,,,,,,,,,,,
JBM Auto Limited,Auto Parts,JBMA,EQ,Consumer Cyclical,JBMA.NS,#N/A,1,,,,,,,,,,,,,,,,,,,,,,,,,,,,,,,,,
Choice International Limited,Capital Markets,CHOICEIN,EQ,Financial Services,CHOICEIN.NS,#N/A,1,,,,,,,,,,,,,,,,,,,,,,,,,,,,,,,,,
International Gemological Institute Limited,Basic Materials,IGIL,EQ,Basic Materials,IGIL.NS,#N/A,1,,,,,,,,,,,,,,,,,,,,,,,,,,,,,,,,,
Ksb Limited,Specialty Industrial Machinery,KSB,EQ,Industrials,KSB.NS,#N/A,1,,,,,,,,,,,,,,,,,,,,,,,,,,,,,,,,,
Sobha Limited,Real Estate,SOBHA,EQ,Real Estate,SOBHA.NS,#N/A,1,,,,,,,,,,,,,,,,,,,,,,,,,,,,,,,,,
Ola Electric Mobility Limited,Auto Manufacturers,OLAELEC,EQ,Consumer Cyclical,OLAELEC.NS,#N/A,1,,,,,,,,,,,,,,,,,,,,,,,,,,,,,,,,,
PG Electroplast Limited,Electronic Components,PGEL,EQ,Technology,PGEL.NS,F&O,1,,,,,,,,,,,,,,,,,,,,,,,,,,,,,,,,,
Niva Bupa Health Insurance Company Limited,Insurance - Life,NIVABUPA,EQ,Financial Services,NIVABUPA.NS,#N/A,1,,,,,,,,,,,,,,,,,,,,,,,,,,,,,,,,,
CCL Products (India) Limited,Packaged Foods,CCL,EQ,Consumer Defensive,CCL.NS,#N/A,1,,,,,,,,,,,,,,,,,,,,,,,,,,,,,,,,,
Azad Engineering Limited,Specialty Industrial Machinery,AZAD,EQ,Industrials,AZAD.NS,#N/A,1,,,,,,,,,,,,,,,,,,,,,,,,,,,,,,,,,
LT Foods Limited,Packaged Foods,LTFOODS,EQ,Consumer Defensive,LTFOODS.NS,#N/A,1,,,,,,,,,,,,,,,,,,,,,,,,,,,,,,,,,
Ircon International Limited,Engineering & Construction,IRCON,EQ,Industrials,IRCON.NS,#N/A,1,,,,,,,,,,,,,,,,,,,,,,,,,,,,,,,,,
EID Parry India Limited,Agricultural Inputs,EIDPARRY,EQ,Basic Materials,EIDPARRY.NS,#N/A,1,,,,,,,,,,,,,,,,,,,,,,,,,,,,,,,,,
Maharashtra Scooters Limited,Asset Management,MAHSCOOTER,EQ,Financial Services,MAHSCOOTER.NS,#N/A,1,,,,,,,,,,,,,,,,,,,,,,,,,,,,,,,,,
Graphite India Limited,Electrical Equipment & Parts,GRAPHITE,EQ,Industrials,GRAPHITE.NS,#N/A,1,,,,,,,,,,,,,,,,,,,,,,,,,,,,,,,,,
Techno Electric & Engineering Company Limited,Engineering & Construction,TECHNOE,EQ,Industrials,TECHNOE.NS,#N/A,1,,,,,,,,,,,,,,,,,,,,,,,,,,,,,,,,,
Zen Technologies Limited,Aerospace & Defense,ZENTEC,EQ,Industrials,ZENTEC.NS,#N/A,1,,,,,,,,,,,,,,,,,,,,,,,,,,,,,,,,,
Devyani International Limited,Consumer Cyclical,DEVYANI,EQ,Consumer Cyclical,DEVYANI.NS,#N/A,1,,,,,,,,,,,,,,,,,,,,,,,,,,,,,,,,,
V-Guard Industries Limited,Electrical Equipment & Parts,VGUARD,EQ,Industrials,VGUARD.NS,#N/A,1,,,,,,,,,,,,,,,,,,,,,,,,,,,,,,,,,
Vinati Organics Limited,Specialty Chemicals,VINATIORGA,EQ,Basic Materials,VINATIORGA.NS,#N/A,1,,,,,,,,,,,,,,,,,,,,,,,,,,,,,,,,,
Ingersoll Rand (India) Limited,Specialty Industrial Machinery,INGERRAND,EQ,Industrials,INGERRAND.NS,#N/A,1,,,,,,,,,,,,,,,,,,,,,,,,,,,,,,,,,
Engineers India Limited,Engineering & Construction,ENGINERSIN,EQ,Industrials,ENGINERSIN.NS,#N/A,1,,,,,,,,,,,,,,,,,,,,,,,,,,,,,,,,,
JSW Holdings Limited,Conglomerates,JSWHL,EQ,Industrials,JSWHL.NS,#N/A,1,,,,,,,,,,,,,,,,,,,,,,,,,,,,,,,,,
Dr. Agarwal's Health Care Limited,Healthcare,AGARWALEYE,EQ,Healthcare,AGARWALEYE.NS,#N/A,1,,,,,,,,,,,,,,,,,,,,,,,,,,,,,,,,,
Usha Martin Limited,Steel,USHAMART,EQ,Basic Materials,USHAMART.NS,#N/A,1,,,,,,,,,,,,,,,,,,,,,,,,,,,,,,,,,
Fine Organic Industries Limited,Specialty Chemicals,FINEORG,EQ,Basic Materials,FINEORG.NS,#N/A,1,,,,,,,,,,,,,,,,,,,,,,,,,,,,,,,,,
DOMS Industries Limited,Industrials,DOMS,EQ,Industrials,DOMS.NS,#N/A,1,,,,,,,,,,,,,,,,,,,,,,,,,,,,,,,,,
Aptus Value Housing Finance India Limited,Mortgage Finance,APTUS,EQ,Financial Services,APTUS.NS,#N/A,1,,,,,,,,,,,,,,,,,,,,,,,,,,,,,,,,,
Leela Palaces Hotels & Resorts Limited,Lodging,THELEELA,EQ,Consumer Cyclical,THELEELA.NS,#N/A,1,,,,,,,,,,,,,,,,,,,,,,,,,,,,,,,,,
Caplin Point Laboratories Limited,Drug Manufacturers - Specialty & Generic,CAPLIPOINT,EQ,Healthcare,CAPLIPOINT.NS,#N/A,1,,,,,,,,,,,,,,,,,,,,,,,,,,,,,,,,,
Clean Max Enviro Energy Solutions Limited,Utilities - Renewable,CLEANMAX,EQ,Utilities,CLEANMAX.NS,#N/A,1,,,,,,,,,,,,,,,,,,,,,,,,,,,,,,,,,
Supreme Petrochem Limited,Specialty Chemicals,SPLPETRO,EQ,Basic Materials,SPLPETRO.NS,#N/A,1,,,,,,,,,,,,,,,,,,,,,,,,,,,,,,,,,
JM Financial Limited,Capital Markets,JMFINANCIL,EQ,Financial Services,JMFINANCIL.NS,#N/A,1,,,,,,,,,,,,,,,,,,,,,,,,,,,,,,,,,
Aditya Birla Lifestyle Brands Limited,Consumer Cyclical,ABLBL,EQ,Consumer Cyclical,ABLBL.NS,#N/A,1,,,,,,,,,,,,,,,,,,,,,,,,,,,,,,,,,
Alivus Life Sciences Limited,Drug Manufacturers - Specialty & Generic,ALIVUS,EQ,Healthcare,ALIVUS.NS,#N/A,1,,,,,,,,,,,,,,,,,,,,,,,,,,,,,,,,,
Kirloskar Brothers Limited,Specialty Industrial Machinery,KIRLOSBROS,EQ,Industrials,KIRLOSBROS.NS,#N/A,1,,,,,,,,,,,,,,,,,,,,,,,,,,,,,,,,,
Five-Star Business Finance Limited,Credit Services,FIVESTAR,EQ,Financial Services,FIVESTAR.NS,#N/A,1,,,,,,,,,,,,,,,,,,,,,,,,,,,,,,,,,
Privi Speciality Chemicals Limited,Specialty Chemicals,PRIVISCL,EQ,Basic Materials,PRIVISCL.NS,#N/A,1,,,,,,,,,,,,,,,,,,,,,,,,,,,,,,,,,
Happy Forgings Limited,Metal Fabrication,HAPPYFORGE,EQ,Industrials,HAPPYFORGE.NS,#N/A,1,,,,,,,,,,,,,,,,,,,,,,,,,,,,,,,,,
Blue Dart Express Limited,Industrials,BLUEDART,EQ,Industrials,BLUEDART.NS,#N/A,1,,,,,,,,,,,,,,,,,,,,,,,,,,,,,,,,,
INOX India Limited,Specialty Industrial Machinery,INOXINDIA,EQ,Industrials,INOXINDIA.NS,#N/A,1,,,,,,,,,,,,,,,,,,,,,,,,,,,,,,,,,
JSW Dulux Limited,Specialty Chemicals,JSWDULUX,EQ,Basic Materials,JSWDULUX.NS,#N/A,1,,,,,,,,,,,,,,,,,,,,,,,,,,,,,,,,,
Canara HSBC Life Insurance Company Limited,Insurance - Life,CANHLIFE,EQ,Financial Services,CANHLIFE.NS,#N/A,1,,,,,,,,,,,,,,,,,,,,,,,,,,,,,,,,,
Aequs Limited,Aerospace & Defense,AEQUS,EQ,Industrials,AEQUS.NS,#N/A,1,,,,,,,,,,,,,,,,,,,,,,,,,,,,,,,,,
CEAT Limited,Auto Parts,CEATLTD,EQ,Consumer Cyclical,CEATLTD.NS,#N/A,1,,,,,,,,,,,,,,,,,,,,,,,,,,,,,,,,,
Black Box Limited,Software - Application,BBOX,EQ,Technology,BBOX.NS,#N/A,1,,,,,,,,,,,,,,,,,,,,,,,,,,,,,,,,,
Rainbow Childrens Medicare Limited,Medical Care Facilities,RAINBOW,EQ,Healthcare,RAINBOW.NS,#N/A,1,,,,,,,,,,,,,,,,,,,,,,,,,,,,,,,,,
TBO Tek Limited,Consumer Cyclical,TBOTEK,EQ,Consumer Cyclical,TBOTEK.NS,#N/A,1,,,,,,,,,,,,,,,,,,,,,,,,,,,,,,,,,
Thangamayil Jewellery Limited,Luxury Goods,THANGAMAYL,EQ,Consumer Cyclical,THANGAMAYL.NS,#N/A,1,,,,,,,,,,,,,,,,,,,,,,,,,,,,,,,,,
Vijaya Diagnostic Centre Limited,Diagnostics & Research,VIJAYA,EQ,Healthcare,VIJAYA.NS,#N/A,1,,,,,,,,,,,,,,,,,,,,,,,,,,,,,,,,,
Paradeep Phosphates Limited,Agricultural Inputs,PARADEEP,EQ,Basic Materials,PARADEEP.NS,#N/A,1,,,,,,,,,,,,,,,,,,,,,,,,,,,,,,,,,
Gravita India Limited,Metal Fabrication,GRAVITA,EQ,Industrials,GRAVITA.NS,#N/A,1,,,,,,,,,,,,,,,,,,,,,,,,,,,,,,,,,
NMDC Steel Limited,Steel,NSLNISP,EQ,Basic Materials,NSLNISP.NS,#N/A,1,,,,,,,,,,,,,,,,,,,,,,,,,,,,,,,,,
Welspun Living Limited,Textile Manufacturing,WELSPUNLIV,EQ,Consumer Cyclical,WELSPUNLIV.NS,#N/A,1,,,,,,,,,,,,,,,,,,,,,,,,,,,,,,,,,
Jupiter Wagons Limited,Industrials,JWL,EQ,Industrials,JWL.NS,#N/A,1,,,,,,,,,,,,,,,,,,,,,,,,,,,,,,,,,
Indegene Limited,Healthcare,INDGN,EQ,Healthcare,INDGN.NS,#N/A,1,,,,,,,,,,,,,,,,,,,,,,,,,,,,,,,,,
Signatureglobal (India) Limited,Real Estate,SIGNATURE,EQ,Real Estate,SIGNATURE.NS,#N/A,1,,,,,,,,,,,,,,,,,,,,,,,,,,,,,,,,,
Minda Corporation Limited,Auto Parts,MINDACORP,EQ,Consumer Cyclical,MINDACORP.NS,#N/A,1,,,,,,,,,,,,,,,,,,,,,,,,,,,,,,,,,
Indiamart Intermesh Limited,Communication Services,INDIAMART,EQ,Communication Services,INDIAMART.NS,#N/A,1,,,,,,,,,,,,,,,,,,,,,,,,,,,,,,,,,
UTI Asset Management Company Limited,Asset Management,UTIAMC,EQ,Financial Services,UTIAMC.NS,#N/A,1,,,,,,,,,,,,,,,,,,,,,,,,,,,,,,,,,
Home First Finance Company India Limited,Mortgage Finance,HOMEFIRST,EQ,Financial Services,HOMEFIRST.NS,#N/A,1,,,,,,,,,,,,,,,,,,,,,,,,,,,,,,,,,
Afcons Infrastructure Limited,Engineering & Construction,AFCONS,EQ,Industrials,AFCONS.NS,#N/A,1,,,,,,,,,,,,,,,,,,,,,,,,,,,,,,,,,
Elecon Engineering Company Limited,Specialty Industrial Machinery,ELECON,EQ,Industrials,ELECON.NS,#N/A,1,,,,,,,,,,,,,,,,,,,,,,,,,,,,,,,,,
Tega Industries Limited,Specialty Industrial Machinery,TEGA,EQ,Industrials,TEGA.NS,#N/A,1,,,,,,,,,,,,,,,,,,,,,,,,,,,,,,,,,
Shaily Engineering Plastics Limited,Specialty Chemicals,SHAILY,EQ,Basic Materials,SHAILY.NS,#N/A,1,,,,,,,,,,,,,,,,,,,,,,,,,,,,,,,,,
Garware Hi-Tech Films Limited,Specialty Chemicals,GRWRHITECH,EQ,Basic Materials,GRWRHITECH.NS,#N/A,1,,,,,,,,,,,,,,,,,,,,,,,,,,,,,,,,,
Concord Biotech Limited,Biotechnology,CONCORDBIO,EQ,Healthcare,CONCORDBIO.NS,#N/A,1,,,,,,,,,,,,,,,,,,,,,,,,,,,,,,,,,
Apollo Micro Systems Limited,Aerospace & Defense,APOLLO,EQ,Industrials,APOLLO.NS,#N/A,1,,,,,,,,,,,,,,,,,,,,,,,,,,,,,,,,,
Ujjivan Small Finance Bank Limited,Banks - Regional,UJJIVANSFB,EQ,Financial Services,UJJIVANSFB.NS,#N/A,1,,,,,,,,,,,,,,,,,,,,,,,,,,,,,,,,,
Whirlpool of India Limited,"Furnishings, Fixtures & Appliances",WHIRLPOOL,EQ,Consumer Cyclical,WHIRLPOOL.NS,#N/A,1,,,,,,,,,,,,,,,,,,,,,,,,,,,,,,,,,
PCBL Chemical Limited,Specialty Chemicals,PCBL,EQ,Basic Materials,PCBL.NS,#N/A,1,,,,,,,,,,,,,,,,,,,,,,,,,,,,,,,,,
Indian Energy Exchange Limited,Capital Markets,IEX,EQ,Financial Services,IEX.NS,F&O,1,,,,,,,,,,,,,,,,,,,,,,,,,,,,,,,,,
Zensar Technologies Limited,Information Technology Services,ZENSARTECH,EQ,Technology,ZENSARTECH.NS,#N/A,1,,,,,,,,,,,,,,,,,,,,,,,,,,,,,,,,,
BLS International Services Limited,Industrials,BLS,EQ,Industrials,BLS.NS,#N/A,1,,,,,,,,,,,,,,,,,,,,,,,,,,,,,,,,,
Edelweiss Financial Services Limited,Financial Services,EDELWEISS,EQ,Financial Services,EDELWEISS.NS,#N/A,1,,,,,,,,,,,,,,,,,,,,,,,,,,,,,,,,,
Lumax Auto Technologies Limited,Auto Parts,LUMAXTECH,EQ,Consumer Cyclical,LUMAXTECH.NS,#N/A,1,,,,,,,,,,,,,,,,,,,,,,,,,,,,,,,,,
Nuvoco Vistas Corporation Limited,Building Materials,NUVOCO,EQ,Basic Materials,NUVOCO.NS,#N/A,1,,,,,,,,,,,,,,,,,,,,,,,,,,,,,,,,,
Sandur Manganese & Iron Ores Limited,Steel,SANDUMA,EQ,Basic Materials,SANDUMA.NS,#N/A,1,,,,,,,,,,,,,,,,,,,,,,,,,,,,,,,,,
Prudent Corporate Advisory Services Limited,Asset Management,PRUDENT,EQ,Financial Services,PRUDENT.NS,#N/A,1,,,,,,,,,,,,,,,,,,,,,,,,,,,,,,,,,
Jubilant Ingrevia Limited,Specialty Chemicals,JUBLINGREA,EQ,Basic Materials,JUBLINGREA.NS,#N/A,1,,,,,,,,,,,,,,,,,,,,,,,,,,,,,,,,,
Can Fin Homes Limited,Mortgage Finance,CANFINHOME,EQ,Financial Services,CANFINHOME.NS,#N/A,1,,,,,,,,,,,,,,,,,,,,,,,,,,,,,,,,,
JK Tyre & Industries Limited,Auto Parts,JKTYRE,EQ,Consumer Cyclical,JKTYRE.NS,#N/A,1,,,,,,,,,,,,,,,,,,,,,,,,,,,,,,,,,
Honasa Consumer Limited,Household & Personal Products,HONASA,EQ,Consumer Defensive,HONASA.NS,#N/A,1,,,,,,,,,,,,,,,,,,,,,,,,,,,,,,,,,
Mahanagar Gas Limited,Utilities,MGL,EQ,Utilities,MGL.NS,#N/A,1,,,,,,,,,,,,,,,,,,,,,,,,,,,,,,,,,
Tamilnad Mercantile Bank Limited,Banks - Regional,TMB,EQ,Financial Services,TMB.NS,#N/A,1,,,,,,,,,,,,,,,,,,,,,,,,,,,,,,,,,
HEG Limited,Electrical Equipment & Parts,HEG,EQ,Industrials,HEG.NS,#N/A,1,,,,,,,,,,,,,,,,,,,,,,,,,,,,,,,,,
Aavas Financiers Limited,Mortgage Finance,AAVAS,EQ,Financial Services,AAVAS.NS,#N/A,1,,,,,,,,,,,,,,,,,,,,,,,,,,,,,,,,,
Brainbees Solutions Limited,Consumer Cyclical,FIRSTCRY,EQ,Consumer Cyclical,FIRSTCRY.NS,#N/A,1,,,,,,,,,,,,,,,,,,,,,,,,,,,,,,,,,
Arvind Limited,Textile Manufacturing,ARVIND,EQ,Consumer Cyclical,ARVIND.NS,#N/A,1,,,,,,,,,,,,,,,,,,,,,,,,,,,,,,,,,
Metropolis Healthcare Limited,Diagnostics & Research,METROPOLIS,EQ,Healthcare,METROPOLIS.NS,#N/A,1,,,,,,,,,,,,,,,,,,,,,,,,,,,,,,,,,
Godrej Agrovet Limited,Packaged Foods,GODREJAGRO,EQ,Consumer Defensive,GODREJAGRO.NS,#N/A,1,,,,,,,,,,,,,,,,,,,,,,,,,,,,,,,,,
Tilaknagar Industries Limited,Consumer Defensive,TI,EQ,Consumer Defensive,TI.NS,#N/A,1,,,,,,,,,,,,,,,,,,,,,,,,,,,,,,,,,
TITAGARH RAIL SYSTEMS LIMITED,Industrials,TITAGARH,EQ,Industrials,TITAGARH.NS,#N/A,1,,,,,,,,,,,,,,,,,,,,,,,,,,,,,,,,,
Action Construction Equipment Limited,Farm & Heavy Construction Machinery,ACE,EQ,Industrials,ACE.NS,#N/A,1,,,,,,,,,,,,,,,,,,,,,,,,,,,,,,,,,
Intellect Design Arena Limited,Software - Application,INTELLECT,EQ,Technology,INTELLECT.NS,#N/A,1,,,,,,,,,,,,,,,,,,,,,,,,,,,,,,,,,
Jayaswal Neco Industries Limited,Steel,JAYNECOIND,EQ,Basic Materials,JAYNECOIND.NS,#N/A,1,,,,,,,,,,,,,,,,,,,,,,,,,,,,,,,,,
Vedant Fashions Limited,Apparel Manufacturing,MANYAVAR,EQ,Consumer Cyclical,MANYAVAR.NS,#N/A,1,,,,,,,,,,,,,,,,,,,,,,,,,,,,,,,,,
IIFL Capital Services Limited,Capital Markets,IIFLCAPS,EQ,Financial Services,IIFLCAPS.NS,#N/A,1,,,,,,,,,,,,,,,,,,,,,,,,,,,,,,,,,
Ramkrishna Forgings Limited,Metal Fabrication,RKFORGE,EQ,Industrials,RKFORGE.NS,#N/A,1,,,,,,,,,,,,,,,,,,,,,,,,,,,,,,,,,
SWAN CORP LIMITED,Conglomerates,SWANCORP,EQ,Industrials,SWANCORP.NS,#N/A,1,,,,,,,,,,,,,,,,,,,,,,,,,,,,,,,,,
Olectra Greentech Limited,Farm & Heavy Construction Machinery,OLECTRA,EQ,Industrials,OLECTRA.NS,#N/A,1,,,,,,,,,,,,,,,,,,,,,,,,,,,,,,,,,
Finolex Industries Limited,Building Products & Equipment,FINPIPE,EQ,Industrials,FINPIPE.NS,#N/A,1,,,,,,,,,,,,,,,,,,,,,,,,,,,,,,,,,
Sanofi Consumer Healthcare India Limited,Drug Manufacturers - General,SANOFICONR,EQ,Healthcare,SANOFICONR.NS,#N/A,1,,,,,,,,,,,,,,,,,,,,,,,,,,,,,,,,,
Railtel Corporation Of India Limited,Telecom Services,RAILTEL,EQ,Communication Services,RAILTEL.NS,#N/A,1,,,,,,,,,,,,,,,,,,,,,,,,,,,,,,,,,
Lloyds Enterprises Limited,Steel,LLOYDSENT,EQ,Basic Materials,LLOYDSENT.NS,#N/A,1,,,,,,,,,,,,,,,,,,,,,,,,,,,,,,,,,
SBFC Finance Limited,Credit Services,SBFC,EQ,Financial Services,SBFC.NS,#N/A,1,,,,,,,,,,,,,,,,,,,,,,,,,,,,,,,,,
RITES Limited,Engineering & Construction,RITES,EQ,Industrials,RITES.NS,#N/A,1,,,,,,,,,,,,,,,,,,,,,,,,,,,,,,,,,
The Bombay Burmah Trading Corporation Limited,Packaged Foods,BBTC,EQ,Consumer Defensive,BBTC.NS,#N/A,1,,,,,,,,,,,,,,,,,,,,,,,,,,,,,,,,,
Astra Microwave Products Limited,Communication Equipment,ASTRAMICRO,EQ,Technology,ASTRAMICRO.NS,#N/A,1,,,,,,,,,,,,,,,,,,,,,,,,,,,,,,,,,
Park Medi World Limited,Medical Care Facilities,PARKHOSPS,EQ,Healthcare,PARKHOSPS.NS,#N/A,1,,,,,,,,,,,,,,,,,,,,,,,,,,,,,,,,,
Waaree Renewable Technologies Limited,Utilities - Renewable,WAAREERTL,EQ,Utilities,WAAREERTL.NS,#N/A,1,,,,,,,,,,,,,,,,,,,,,,,,,,,,,,,,,
The South Indian Bank Limited,Banks - Regional,SOUTHBANK,EQ,Financial Services,SOUTHBANK.NS,#N/A,1,,,,,,,,,,,,,,,,,,,,,,,,,,,,,,,,,
Esab India Limited,Tools & Accessories,ESABINDIA,EQ,Industrials,ESABINDIA.NS,#N/A,1,,,,,,,,,,,,,,,,,,,,,,,,,,,,,,,,,
NCC Limited,Engineering & Construction,NCC,EQ,Industrials,NCC.NS,#N/A,1,,,,,,,,,,,,,,,,,,,,,,,,,,,,,,,,,
Strides Pharma Science Limited,Drug Manufacturers - Specialty & Generic,STAR,EQ,Healthcare,STAR.NS,#N/A,1,,,,,,,,,,,,,,,,,,,,,,,,,,,,,,,,,
SKF India (Industrial) Limited,Tools & Accessories,SKFINDUS,EQ,Industrials,SKFINDUS.NS,#N/A,1,,,,,,,,,,,,,,,,,,,,,,,,,,,,,,,,,
Balrampur Chini Mills Limited,Consumer Defensive,BALRAMCHIN,EQ,Consumer Defensive,BALRAMCHIN.NS,#N/A,1,,,,,,,,,,,,,,,,,,,,,,,,,,,,,,,,,
PVR INOX Limited,Communication Services,PVRINOX,EQ,Communication Services,PVRINOX.NS,#N/A,1,,,,,,,,,,,,,,,,,,,,,,,,,,,,,,,,,
BLACKBUCK LIMITED,Software - Application,BLACKBUCK,EQ,Technology,BLACKBUCK.NS,#N/A,1,,,,,,,,,,,,,,,,,,,,,,,,,,,,,,,,,
Medplus Health Services Limited,Healthcare,MEDPLUS,EQ,Healthcare,MEDPLUS.NS,#N/A,1,,,,,,,,,,,,,,,,,,,,,,,,,,,,,,,,,
Vesuvius India Limited,Specialty Industrial Machinery,VESUVIUS,EQ,Industrials,VESUVIUS.NS,#N/A,1,,,,,,,,,,,,,,,,,,,,,,,,,,,,,,,,,
MMTC Limited,Conglomerates,MMTC,EQ,Industrials,MMTC.NS,#N/A,1,,,,,,,,,,,,,,,,,,,,,,,,,,,,,,,,,
Genus Power Infrastructures Limited,Electrical Equipment & Parts,GENUSPOWER,EQ,Industrials,GENUSPOWER.NS,#N/A,1,,,,,,,,,,,,,,,,,,,,,,,,,,,,,,,,,
Kirloskar Pneumatic Company Limited,Specialty Industrial Machinery,KIRLPNU,EQ,Industrials,KIRLPNU.NS,#N/A,1,,,,,,,,,,,,,,,,,,,,,,,,,,,,,,,,,
Sharda Cropchem Limited,Agricultural Inputs,SHARDACROP,EQ,Basic Materials,SHARDACROP.NS,#N/A,1,,,,,,,,,,,,,,,,,,,,,,,,,,,,,,,,,
BIRLASOFT LIMITED,Information Technology Services,BSOFT,EQ,Technology,BSOFT.NS,#N/A,1,,,,,,,,,,,,,,,,,,,,,,,,,,,,,,,,,
Cyient Limited,Conglomerates,CYIENT,EQ,Industrials,CYIENT.NS,#N/A,1,,,,,,,,,,,,,,,,,,,,,,,,,,,,,,,,,
Nazara Technologies Limited,Communication Services,NAZARA,EQ,Communication Services,NAZARA.NS,#N/A,1,,,,,,,,,,,,,,,,,,,,,,,,,,,,,,,,,
Eureka Forbes Limited,"Furnishings, Fixtures & Appliances",EUREKAFORB,EQ,Consumer Cyclical,EUREKAFORB.NS,#N/A,1,,,,,,,,,,,,,,,,,,,,,,,,,,,,,,,,,
Shadowfax Technologies Limited,Industrials,SHADOWFAX,EQ,Industrials,SHADOWFAX.NS,#N/A,1,,,,,,,,,,,,,,,,,,,,,,,,,,,,,,,,,
P N Gadgil Jewellers Limited,Luxury Goods,PNGJL,EQ,Consumer Cyclical,PNGJL.NS,#N/A,1,,,,,,,,,,,,,,,,,,,,,,,,,,,,,,,,,
The Karnataka Bank Limited,Banks - Regional,KTKBANK,EQ,Financial Services,KTKBANK.NS,#N/A,1,,,,,,,,,,,,,,,,,,,,,,,,,,,,,,,,,
Quality Power Electrical Equipments Limited,Electrical Equipment & Parts,QPOWER,EQ,Industrials,QPOWER.NS,#N/A,1,,,,,,,,,,,,,,,,,,,,,,,,,,,,,,,,,
Transformers And Rectifiers (India) Limited,Electrical Equipment & Parts,TARIL,EQ,Industrials,TARIL.NS,#N/A,1,,,,,,,,,,,,,,,,,,,,,,,,,,,,,,,,,
Embassy Developments Limited,Real Estate,EMBDL,EQ,Real Estate,EMBDL.NS,#N/A,1,,,,,,,,,,,,,,,,,,,,,,,,,,,,,,,,,
Voltamp Transformers Limited,Electrical Equipment & Parts,VOLTAMP,EQ,Industrials,VOLTAMP.NS,#N/A,1,,,,,,,,,,,,,,,,,,,,,,,,,,,,,,,,,
Jyothy Labs Limited,Household & Personal Products,JYOTHYLAB,EQ,Consumer Defensive,JYOTHYLAB.NS,#N/A,1,,,,,,,,,,,,,,,,,,,,,,,,,,,,,,,,,
Viyash Scientific Limited,Drug Manufacturers - Specialty & Generic,VIYASH,EQ,Healthcare,VIYASH.NS,#N/A,1,,,,,,,,,,,,,,,,,,,,,,,,,,,,,,,,,
Star Cement Limited,Building Materials,STARCEMENT,EQ,Basic Materials,STARCEMENT.NS,#N/A,1,,,,,,,,,,,,,,,,,,,,,,,,,,,,,,,,,
Lemon Tree Hotels Limited,Lodging,LEMONTREE,EQ,Consumer Cyclical,LEMONTREE.NS,#N/A,1,,,,,,,,,,,,,,,,,,,,,,,,,,,,,,,,,
Clean Science and Technology Limited,Specialty Chemicals,CLEAN,EQ,Basic Materials,CLEAN.NS,#N/A,1,,,,,,,,,,,,,,,,,,,,,,,,,,,,,,,,,
G R Infraprojects Limited,Engineering & Construction,GRINFRA,EQ,Industrials,GRINFRA.NS,#N/A,1,,,,,,,,,,,,,,,,,,,,,,,,,,,,,,,,,
Manorama Industries Limited,Packaged Foods,MANORAMA,EQ,Consumer Defensive,MANORAMA.NS,#N/A,1,,,,,,,,,,,,,,,,,,,,,,,,,,,,,,,,,
KPI Green Energy Limited,Utilities - Renewable,KPIGREEN,EQ,Utilities,KPIGREEN.NS,#N/A,1,,,,,,,,,,,,,,,,,,,,,,,,,,,,,,,,,
Cartrade Tech Limited,Consumer Cyclical,CARTRADE,EQ,Consumer Cyclical,CARTRADE.NS,#N/A,1,,,,,,,,,,,,,,,,,,,,,,,,,,,,,,,,,
Cello World Limited,"Furnishings, Fixtures & Appliances",CELLO,EQ,Consumer Cyclical,CELLO.NS,#N/A,1,,,,,,,,,,,,,,,,,,,,,,,,,,,,,,,,,
Jeena Sikho Lifecare Limited,Medical Care Facilities,JSLL,EQ,Healthcare,JSLL.NS,#N/A,1,,,,,,,,,,,,,,,,,,,,,,,,,,,,,,,,,
TSF INVESTMENTS LIMITED,Asset Management,TSFINV,EQ,Financial Services,TSFINV.NS,#N/A,1,,,,,,,,,,,,,,,,,,,,,,,,,,,,,,,,,
Bata India Limited,Consumer Cyclical,BATAINDIA,EQ,Consumer Cyclical,BATAINDIA.NS,#N/A,1,,,,,,,,,,,,,,,,,,,,,,,,,,,,,,,,,
Avalon Technologies Limited,Electronic Components,AVALON,EQ,Technology,AVALON.NS,#N/A,1,,,,,,,,,,,,,,,,,,,,,,,,,,,,,,,,,
AXISCADES Technologies Limited,Engineering & Construction,AXISCADES,EQ,Industrials,AXISCADES.NS,#N/A,1,,,,,,,,,,,,,,,,,,,,,,,,,,,,,,,,,
Nesco Limited,Conglomerates,NESCO,EQ,Industrials,NESCO.NS,#N/A,1,,,,,,,,,,,,,,,,,,,,,,,,,,,,,,,,,
Time Technoplast Limited,Consumer Cyclical,TIMETECHNO,EQ,Consumer Cyclical,TIMETECHNO.NS,#N/A,1,,,,,,,,,,,,,,,,,,,,,,,,,,,,,,,,,
VA Tech Wabag Limited,Engineering & Construction,WABAG,EQ,Industrials,WABAG.NS,#N/A,1,,,,,,,,,,,,,,,,,,,,,,,,,,,,,,,,,
Amagi Media Labs Limited,Software - Application,AMAGI,EQ,Technology,AMAGI.NS,#N/A,1,,,,,,,,,,,,,,,,,,,,,,,,,,,,,,,,,
Zee Entertainment Enterprises Limited,Communication Services,ZEEL,EQ,Communication Services,ZEEL.NS,#N/A,1,,,,,,,,,,,,,,,,,,,,,,,,,,,,,,,,,
Tejas Networks Limited,Communication Equipment,TEJASNET,EQ,Technology,TEJASNET.NS,#N/A,1,,,,,,,,,,,,,,,,,,,,,,,,,,,,,,,,,
Diamond Power Infrastructure Limited,Specialty Industrial Machinery,DIACABS,EQ,Industrials,DIACABS.NS,#N/A,1,,,,,,,,,,,,,,,,,,,,,,,,,,,,,,,,,
Banco Products (I) Limited,Auto Parts,BANCOINDIA,EQ,Consumer Cyclical,BANCOINDIA.NS,#N/A,1,,,,,,,,,,,,,,,,,,,,,,,,,,,,,,,,,
India Shelter Finance Corporation Limited,Mortgage Finance,INDIASHLTR,EQ,Financial Services,INDIASHLTR.NS,#N/A,1,,,,,,,,,,,,,,,,,,,,,,,,,,,,,,,,,
Healthcare Global Enterprises Limited,Medical Care Facilities,HCG,EQ,Healthcare,HCG.NS,#N/A,1,,,,,,,,,,,,,,,,,,,,,,,,,,,,,,,,,
ASK Automotive Limited,Auto Parts,ASKAUTOLTD,EQ,Consumer Cyclical,ASKAUTOLTD.NS,#N/A,1,,,,,,,,,,,,,,,,,,,,,,,,,,,,,,,,,
Marksans Pharma Limited,Drug Manufacturers - General,MARKSANS,EQ,Healthcare,MARKSANS.NS,#N/A,1,,,,,,,,,,,,,,,,,,,,,,,,,,,,,,,,,
LLOYDS ENGINEERING WORKS LIMITED,Specialty Industrial Machinery,LLOYDSENGG,EQ,Industrials,LLOYDSENGG.NS,#N/A,1,,,,,,,,,,,,,,,,,,,,,,,,,,,,,,,,,
SEDEMAC Mechatronics Limited,Auto Parts,SEDEMAC,EQ,Consumer Cyclical,SEDEMAC.NS,#N/A,1,,,,,,,,,,,,,,,,,,,,,,,,,,,,,,,,,
Procter & Gamble Health Limited,Drug Manufacturers - Specialty & Generic,PGHL,EQ,Healthcare,PGHL.NS,#N/A,1,,,,,,,,,,,,,,,,,,,,,,,,,,,,,,,,,
Orkla India Limited,Packaged Foods,ORKLAINDIA,EQ,Consumer Defensive,ORKLAINDIA.NS,#N/A,1,,,,,,,,,,,,,,,,,,,,,,,,,,,,,,,,,
Triveni Engineering & Industries Limited,Consumer Defensive,TRIVENI,EQ,Consumer Defensive,TRIVENI.NS,#N/A,1,,,,,,,,,,,,,,,,,,,,,,,,,,,,,,,,,
Alkyl Amines Chemicals Limited,Specialty Chemicals,ALKYLAMINE,EQ,Basic Materials,ALKYLAMINE.NS,#N/A,1,,,,,,,,,,,,,,,,,,,,,,,,,,,,,,,,,
SKF India Limited,Tools & Accessories,SKFINDIA,EQ,Industrials,SKFINDIA.NS,#N/A,1,,,,,,,,,,,,,,,,,,,,,,,,,,,,,,,,,
Maharashtra Seamless Limited,Steel,MAHSEAMLES,EQ,Basic Materials,MAHSEAMLES.NS,#N/A,1,,,,,,,,,,,,,,,,,,,,,,,,,,,,,,,,,
Tata Teleservices (Maharashtra) Limited,Telecom Services,TTML,EQ,Communication Services,TTML.NS,#N/A,1,,,,,,,,,,,,,,,,,,,,,,,,,,,,,,,,,
Varroc Engineering Limited,Auto Parts,VARROC,EQ,Consumer Cyclical,VARROC.NS,#N/A,1,,,,,,,,,,,,,,,,,,,,,,,,,,,,,,,,,
Shilpa Medicare Limited,Drug Manufacturers - Specialty & Generic,SHILPAMED,EQ,Healthcare,SHILPAMED.NS,#N/A,1,,,,,,,,,,,,,,,,,,,,,,,,,,,,,,,,,
KRBL Limited,Packaged Foods,KRBL,EQ,Consumer Defensive,KRBL.NS,#N/A,1,,,,,,,,,,,,,,,,,,,,,,,,,,,,,,,,,
Akums Drugs and Pharmaceuticals Limited,Drug Manufacturers - Specialty & Generic,AKUMS,EQ,Healthcare,AKUMS.NS,#N/A,1,,,,,,,,,,,,,,,,,,,,,,,,,,,,,,,,,
Dynamatic Technologies Limited,Auto Parts,DYNAMATECH,EQ,Consumer Cyclical,DYNAMATECH.NS,#N/A,1,,,,,,,,,,,,,,,,,,,,,,,,,,,,,,,,,
Blue Jet Healthcare Limited,Biotechnology,BLUEJET,EQ,Healthcare,BLUEJET.NS,#N/A,1,,,,,,,,,,,,,,,,,,,,,,,,,,,,,,,,,
RHI MAGNESITA INDIA LIMITED,Metal Fabrication,RHIM,EQ,Industrials,RHIM.NS,#N/A,1,,,,,,,,,,,,,,,,,,,,,,,,,,,,,,,,,
GMR Power and Urban Infra Limited,Energy,GMRP&UI,EQ,Energy,GMRP&UI.NS,#N/A,1,,,,,,,,,,,,,,,,,,,,,,,,,,,,,,,,,
SKY GOLD AND DIAMONDS LIMITED,Luxury Goods,SKYGOLD,EQ,Consumer Cyclical,SKYGOLD.NS,#N/A,1,,,,,,,,,,,,,,,,,,,,,,,,,,,,,,,,,
Indian Metals & Ferro Alloys Limited,Basic Materials,IMFA,EQ,Basic Materials,IMFA.NS,#N/A,1,,,,,,,,,,,,,,,,,,,,,,,,,,,,,,,,,
Fujiyama Power Systems Limited,Solar,UTLSOLAR,EQ,Technology,UTLSOLAR.NS,#N/A,1,,,,,,,,,,,,,,,,,,,,,,,,,,,,,,,,,
63 moons technologies limited,Software - Application,63MOONS,EQ,Technology,63MOONS.NS,#N/A,1,,,,,,,,,,,,,,,,,,,,,,,,,,,,,,,,,
Yatharth Hospital & Trauma Care Services Limited,Medical Care Facilities,YATHARTH,EQ,Healthcare,YATHARTH.NS,#N/A,1,,,,,,,,,,,,,,,,,,,,,,,,,,,,,,,,,
Tips Music Limited,Communication Services,TIPSMUSIC,EQ,Communication Services,TIPSMUSIC.NS,#N/A,1,,,,,,,,,,,,,,,,,,,,,,,,,,,,,,,,,
Equitas Small Finance Bank Limited,Banks - Regional,EQUITASBNK,EQ,Financial Services,EQUITASBNK.NS,#N/A,1,,,,,,,,,,,,,,,,,,,,,,,,,,,,,,,,,
JK Lakshmi Cement Limited,Building Materials,JKLAKSHMI,EQ,Basic Materials,JKLAKSHMI.NS,#N/A,1,,,,,,,,,,,,,,,,,,,,,,,,,,,,,,,,,
Power Mech Projects Limited,Engineering & Construction,POWERMECH,EQ,Industrials,POWERMECH.NS,#N/A,1,,,,,,,,,,,,,,,,,,,,,,,,,,,,,,,,,
Sonata Software Limited,Information Technology Services,SONATSOFTW,EQ,Technology,SONATSOFTW.NS,#N/A,1,,,,,,,,,,,,,,,,,,,,,,,,,,,,,,,,,
Jupiter Life Line Hospitals Limited,Medical Care Facilities,JLHL,EQ,Healthcare,JLHL.NS,#N/A,1,,,,,,,,,,,,,,,,,,,,,,,,,,,,,,,,,
KRN Heat Exchanger and Refrigeration Limited,Electronic Components,KRN,EQ,Technology,KRN.NS,#N/A,1,,,,,,,,,,,,,,,,,,,,,,,,,,,,,,,,,
Aditya Birla Fashion and Retail Limited,Apparel Manufacturing,ABFRL,EQ,Consumer Cyclical,ABFRL.NS,#N/A,1,,,,,,,,,,,,,,,,,,,,,,,,,,,,,,,,,
V2 Retail Limited,Consumer Cyclical,V2RETAIL,EQ,Consumer Cyclical,V2RETAIL.NS,#N/A,1,,,,,,,,,,,,,,,,,,,,,,,,,,,,,,,,,
Kalpataru Limited,Real Estate,KALPATARU,EQ,Real Estate,KALPATARU.NS,#N/A,1,,,,,,,,,,,,,,,,,,,,,,,,,,,,,,,,,
Isgec Heavy Engineering Limited,Specialty Industrial Machinery,ISGEC,EQ,Industrials,ISGEC.NS,#N/A,1,,,,,,,,,,,,,,,,,,,,,,,,,,,,,,,,,
Mishra Dhatu Nigam Limited,Steel,MIDHANI,EQ,Basic Materials,MIDHANI.NS,#N/A,1,,,,,,,,,,,,,,,,,,,,,,,,,,,,,,,,,
BOROSIL RENEWABLES LIMITED,Solar,BORORENEW,EQ,Technology,BORORENEW.NS,#N/A,1,,,,,,,,,,,,,,,,,,,,,,,,,,,,,,,,,
WESTLIFE FOODWORLD LIMITED,Consumer Cyclical,WESTLIFE,EQ,Consumer Cyclical,WESTLIFE.NS,#N/A,1,,,,,,,,,,,,,,,,,,,,,,,,,,,,,,,,,
Vikram Solar Limited,Solar,VIKRAMSOLR,EQ,Technology,VIKRAMSOLR.NS,#N/A,1,,,,,,,,,,,,,,,,,,,,,,,,,,,,,,,,,
Dilip Buildcon Limited,Engineering & Construction,DBL,EQ,Industrials,DBL.NS,#N/A,1,,,,,,,,,,,,,,,,,,,,,,,,,,,,,,,,,
Thyrocare Technologies Limited,Diagnostics & Research,THYROCARE,EQ,Healthcare,THYROCARE.NS,#N/A,1,,,,,,,,,,,,,,,,,,,,,,,,,,,,,,,,,
India Glycols Limited,Chemicals,INDIAGLYCO,EQ,Basic Materials,INDIAGLYCO.NS,#N/A,1,,,,,,,,,,,,,,,,,,,,,,,,,,,,,,,,,
Valor Estate Limited,Real Estate,DBREALTY,EQ,Real Estate,DBREALTY.NS,#N/A,1,,,,,,,,,,,,,,,,,,,,,,,,,,,,,,,,,
Precision Wires India Limited,Electrical Equipment & Parts,PRECWIRE,EQ,Industrials,PRECWIRE.NS,#N/A,1,,,,,,,,,,,,,,,,,,,,,,,,,,,,,,,,,
Relaxo Footwears Limited,Consumer Cyclical,RELAXO,EQ,Consumer Cyclical,RELAXO.NS,#N/A,1,,,,,,,,,,,,,,,,,,,,,,,,,,,,,,,,,
Gujarat Pipavav Port Limited,Marine Shipping,GPPL,EQ,Industrials,GPPL.NS,#N/A,1,,,,,,,,,,,,,,,,,,,,,,,,,,,,,,,,,
BlueStone Jewellery and Lifestyle Limited,Luxury Goods,BLUESTONE,EQ,Consumer Cyclical,BLUESTONE.NS,#N/A,1,,,,,,,,,,,,,,,,,,,,,,,,,,,,,,,,,
Sanofi India Limited,Drug Manufacturers - General,SANOFI,EQ,Healthcare,SANOFI.NS,#N/A,1,,,,,,,,,,,,,,,,,,,,,,,,,,,,,,,,,
Campus Activewear Limited,Consumer Cyclical,CAMPUS,EQ,Consumer Cyclical,CAMPUS.NS,#N/A,1,,,,,,,,,,,,,,,,,,,,,,,,,,,,,,,,,
Birla Corporation Limited,Building Materials,BIRLACORPN,EQ,Basic Materials,BIRLACORPN.NS,#N/A,1,,,,,,,,,,,,,,,,,,,,,,,,,,,,,,,,,
Inox Green Energy Services Limited,Utilities - Renewable,INOXGREEN,EQ,Utilities,INOXGREEN.NS,#N/A,1,,,,,,,,,,,,,,,,,,,,,,,,,,,,,,,,,
EPL Limited,Consumer Cyclical,EPL,EQ,Consumer Cyclical,EPL.NS,#N/A,1,,,,,,,,,,,,,,,,,,,,,,,,,,,,,,,,,
Gujarat Ambuja Exports Limited,Packaged Foods,GAEL,EQ,Consumer Defensive,GAEL.NS,#N/A,1,,,,,,,,,,,,,,,,,,,,,,,,,,,,,,,,,
Jai Balaji Industries Limited,Steel,JAIBALAJI,EQ,Basic Materials,JAIBALAJI.NS,#N/A,1,,,,,,,,,,,,,,,,,,,,,,,,,,,,,,,,,
Transrail Lighting Limited,Engineering & Construction,TRANSRAILL,EQ,Industrials,TRANSRAILL.NS,#N/A,1,,,,,,,,,,,,,,,,,,,,,,,,,,,,,,,,,
Pricol Limited,Auto Parts,PRICOLLTD,EQ,Consumer Cyclical,PRICOLLTD.NS,#N/A,1,,,,,,,,,,,,,,,,,,,,,,,,,,,,,,,,,
SG Mart Limited,Industrials,SGMART,EQ,Industrials,SGMART.NS,#N/A,1,,,,,,,,,,,,,,,,,,,,,,,,,,,,,,,,,
Archean Chemical Industries Limited,Chemicals,ACI,EQ,Basic Materials,ACI.NS,#N/A,1,,,,,,,,,,,,,,,,,,,,,,,,,,,,,,,,,
Rategain Travel Technologies Limited,Software - Application,RATEGAIN,EQ,Technology,RATEGAIN.NS,#N/A,1,,,,,,,,,,,,,,,,,,,,,,,,,,,,,,,,,
Sunflag Iron And Steel Company Limited,Steel,SUNFLAG,EQ,Basic Materials,SUNFLAG.NS,#N/A,1,,,,,,,,,,,,,,,,,,,,,,,,,,,,,,,,,
Safari Industries (India) Limited,Consumer Cyclical,SAFARI,EQ,Consumer Cyclical,SAFARI.NS,#N/A,1,,,,,,,,,,,,,,,,,,,,,,,,,,,,,,,,,
Tanla Platforms Limited,Software - Application,TANLA,EQ,Technology,TANLA.NS,#N/A,1,,,,,,,,,,,,,,,,,,,,,,,,,,,,,,,,,
Cera Sanitaryware Limited,Building Products & Equipment,CERA,EQ,Industrials,CERA.NS,#N/A,1,,,,,,,,,,,,,,,,,,,,,,,,,,,,,,,,,
Sudarshan Chemical Industries Limited,Specialty Chemicals,SUDARSCHEM,EQ,Basic Materials,SUDARSCHEM.NS,#N/A,1,,,,,,,,,,,,,,,,,,,,,,,,,,,,,,,,,
Transport Corporation of India Limited,Industrials,TCI,EQ,Industrials,TCI.NS,#N/A,1,,,,,,,,,,,,,,,,,,,,,,,,,,,,,,,,,
Sudeep Pharma Limited,Drug Manufacturers - Specialty & Generic,SUDEEPPHRM,EQ,Healthcare,SUDEEPPHRM.NS,#N/A,1,,,,,,,,,,,,,,,,,,,,,,,,,,,,,,,,,
Religare Enterprises Limited,Insurance - Life,RELIGARE,EQ,Financial Services,RELIGARE.NS,#N/A,1,,,,,,,,,,,,,,,,,,,,,,,,,,,,,,,,,
Kirloskar Ferrous Industries Limited,Metal Fabrication,KIRLFER,EQ,Industrials,KIRLFER.NS,#N/A,1,,,,,,,,,,,,,,,,,,,,,,,,,,,,,,,,,
Praj Industries Limited,Engineering & Construction,PRAJIND,EQ,Industrials,PRAJIND.NS,#N/A,1,,,,,,,,,,,,,,,,,,,,,,,,,,,,,,,,,
Pearl Global Industries Limited,Apparel Manufacturing,PGIL,EQ,Consumer Cyclical,PGIL.NS,#N/A,1,,,,,,,,,,,,,,,,,,,,,,,,,,,,,,,,,
Redtape Limited,Consumer Cyclical,REDTAPE,EQ,Consumer Cyclical,REDTAPE.NS,#N/A,1,,,,,,,,,,,,,,,,,,,,,,,,,,,,,,,,,
Le Travenues Technology Limited,Consumer Cyclical,IXIGO,EQ,Consumer Cyclical,IXIGO.NS,#N/A,1,,,,,,,,,,,,,,,,,,,,,,,,,,,,,,,,,
WeWork India Management Limited,Real Estate Services,WEWORK,EQ,Real Estate,WEWORK.NS,#N/A,1,,,,,,,,,,,,,,,,,,,,,,,,,,,,,,,,,
Gujarat Narmada Valley Fertilizers and Chemicals Limited,Chemicals,GNFC,EQ,Basic Materials,GNFC.NS,#N/A,1,,,,,,,,,,,,,,,,,,,,,,,,,,,,,,,,,
Kingfa Science & Technology (India) Limited,Specialty Chemicals,KINGFA,EQ,Basic Materials,KINGFA.NS,#N/A,1,,,,,,,,,,,,,,,,,,,,,,,,,,,,,,,,,
Rashtriya Chemicals and Fertilizers Limited,Agricultural Inputs,RCF,EQ,Basic Materials,RCF.NS,#N/A,1,,,,,,,,,,,,,,,,,,,,,,,,,,,,,,,,,
Aditya Vision Limited,Consumer Cyclical,AVL,EQ,Consumer Cyclical,AVL.NS,#N/A,1,,,,,,,,,,,,,,,,,,,,,,,,,,,,,,,,,
Sri Lotus Developers and Realty Limited,Engineering & Construction,LOTUSDEV,EQ,Industrials,LOTUSDEV.NS,#N/A,1,,,,,,,,,,,,,,,,,,,,,,,,,,,,,,,,,
Mahindra Lifespace Developers Limited,Real Estate,MAHLIFE,EQ,Real Estate,MAHLIFE.NS,#N/A,1,,,,,,,,,,,,,,,,,,,,,,,,,,,,,,,,,
Bajaj Consumer Care Limited,Household & Personal Products,BAJAJCON,EQ,Consumer Defensive,BAJAJCON.NS,#N/A,1,,,,,,,,,,,,,,,,,,,,,,,,,,,,,,,,,
Newgen Software Technologies Limited,Software - Infrastructure,NEWGEN,EQ,Technology,NEWGEN.NS,#N/A,1,,,,,,,,,,,,,,,,,,,,,,,,,,,,,,,,,
TTK Prestige Limited,"Furnishings, Fixtures & Appliances",TTKPRESTIG,EQ,Consumer Cyclical,TTKPRESTIG.NS,#N/A,1,,,,,,,,,,,,,,,,,,,,,,,,,,,,,,,,,
Welspun Enterprises Limited,Engineering & Construction,WELENT,EQ,Industrials,WELENT.NS,#N/A,1,,,,,,,,,,,,,,,,,,,,,,,,,,,,,,,,,
Gokul Agro Resources Limited,Packaged Foods,GOKULAGRO,EQ,Consumer Defensive,GOKULAGRO.NS,#N/A,1,,,,,,,,,,,,,,,,,,,,,,,,,,,,,,,,,
Galaxy Surfactants Limited,Specialty Chemicals,GALAXYSURF,EQ,Basic Materials,GALAXYSURF.NS,#N/A,1,,,,,,,,,,,,,,,,,,,,,,,,,,,,,,,,,
Gujarat State Fertilizers & Chemicals Limited,Agricultural Inputs,GSFC,EQ,Basic Materials,GSFC.NS,#N/A,1,,,,,,,,,,,,,,,,,,,,,,,,,,,,,,,,,
Paras Defence and Space Technologies Limited,Aerospace & Defense,PARAS,EQ,Industrials,PARAS.NS,#N/A,1,,,,,,,,,,,,,,,,,,,,,,,,,,,,,,,,,
Aarti Pharmalabs Limited,Drug Manufacturers - Specialty & Generic,AARTIPHARM,EQ,Healthcare,AARTIPHARM.NS,#N/A,1,,,,,,,,,,,,,,,,,,,,,,,,,,,,,,,,,
Saregama India Limited,Communication Services,SAREGAMA,EQ,Communication Services,SAREGAMA.NS,#N/A,1,,,,,,,,,,,,,,,,,,,,,,,,,,,,,,,,,
Kennametal India Limited,Tools & Accessories,KENNAMET,EQ,Industrials,KENNAMET.NS,#N/A,1,,,,,,,,,,,,,,,,,,,,,,,,,,,,,,,,,
JK Paper Limited,Basic Materials,JKPAPER,EQ,Basic Materials,JKPAPER.NS,#N/A,1,,,,,,,,,,,,,,,,,,,,,,,,,,,,,,,,,
Dodla Dairy Limited,Consumer Defensive,DODLA,EQ,Consumer Defensive,DODLA.NS,#N/A,1,,,,,,,,,,,,,,,,,,,,,,,,,,,,,,,,,
Shreeji Shipping Global Limited,Marine Shipping,SHREEJISPG,EQ,Industrials,SHREEJISPG.NS,#N/A,1,,,,,,,,,,,,,,,,,,,,,,,,,,,,,,,,,
Shakti Pumps (India) Limited,Specialty Industrial Machinery,SHAKTIPUMP,EQ,Industrials,SHAKTIPUMP.NS,#N/A,1,,,,,,,,,,,,,,,,,,,,,,,,,,,,,,,,,
Balu Forge Industries Limited,Metal Fabrication,BALUFORGE,EQ,Industrials,BALUFORGE.NS,#N/A,1,,,,,,,,,,,,,,,,,,,,,,,,,,,,,,,,,
Max Estates Limited,Real Estate,MAXESTATES,EQ,Real Estate,MAXESTATES.NS,#N/A,1,,,,,,,,,,,,,,,,,,,,,,,,,,,,,,,,,
Prism Johnson Limited,Building Materials,PRSMJOHNSN,EQ,Basic Materials,PRSMJOHNSN.NS,#N/A,1,,,,,,,,,,,,,,,,,,,,,,,,,,,,,,,,,
PTC India Limited,Utilities,PTC,EQ,Utilities,PTC.NS,#N/A,1,,,,,,,,,,,,,,,,,,,,,,,,,,,,,,,,,
Ceigall India Limited,Engineering & Construction,CEIGALL,EQ,Industrials,CEIGALL.NS,#N/A,1,,,,,,,,,,,,,,,,,,,,,,,,,,,,,,,,,
Ashapura Minechem Limited,Basic Materials,ASHAPURMIN,EQ,Basic Materials,ASHAPURMIN.NS,#N/A,1,,,,,,,,,,,,,,,,,,,,,,,,,,,,,,,,,
Latent View Analytics Limited,Industrials,LATENTVIEW,EQ,Industrials,LATENTVIEW.NS,#N/A,1,,,,,,,,,,,,,,,,,,,,,,,,,,,,,,,,,
Hindustan Foods Limited,Conglomerates,HNDFDS,EQ,Industrials,HNDFDS.NS,#N/A,1,,,,,,,,,,,,,,,,,,,,,,,,,,,,,,,,,
Powerica Limited,Specialty Industrial Machinery,POWERICA,EQ,Industrials,POWERICA.NS,#N/A,1,,,,,,,,,,,,,,,,,,,,,,,,,,,,,,,,,
S.J.S. Enterprises Limited,Auto Parts,SJS,EQ,Consumer Cyclical,SJS.NS,#N/A,1,,,,,,,,,,,,,,,,,,,,,,,,,,,,,,,,,
Ethos Limited,Luxury Goods,ETHOSLTD,EQ,Consumer Cyclical,ETHOSLTD.NS,#N/A,1,,,,,,,,,,,,,,,,,,,,,,,,,,,,,,,,,
MOIL Limited,Basic Materials,MOIL,EQ,Basic Materials,MOIL.NS,#N/A,1,,,,,,,,,,,,,,,,,,,,,,,,,,,,,,,,,
Garware Technical Fibres Limited,Textile Manufacturing,GARFIBRES,EQ,Consumer Cyclical,GARFIBRES.NS,#N/A,1,,,,,,,,,,,,,,,,,,,,,,,,,,,,,,,,,
Ajax Engineering Limited,Farm & Heavy Construction Machinery,AJAXENGG,EQ,Industrials,AJAXENGG.NS,#N/A,1,,,,,,,,,,,,,,,,,,,,,,,,,,,,,,,,,
Sheela Foam Limited,"Furnishings, Fixtures & Appliances",SFL,EQ,Consumer Cyclical,SFL.NS,#N/A,1,,,,,,,,,,,,,,,,,,,,,,,,,,,,,,,,,
MAS Financial Services Limited,Credit Services,MASFIN,EQ,Financial Services,MASFIN.NS,#N/A,1,,,,,,,,,,,,,,,,,,,,,,,,,,,,,,,,,
Kovai Medical Center & Hospital Limited,Medical Care Facilities,KOVAI,EQ,Healthcare,KOVAI.NS,#N/A,1,,,,,,,,,,,,,,,,,,,,,,,,,,,,,,,,,
Mrs. Bectors Food Specialities Limited,Packaged Foods,BECTORFOOD,EQ,Consumer Defensive,BECTORFOOD.NS,#N/A,1,,,,,,,,,,,,,,,,,,,,,,,,,,,,,,,,,
FDC Limited,Drug Manufacturers - Specialty & Generic,FDC,EQ,Healthcare,FDC.NS,#N/A,1,,,,,,,,,,,,,,,,,,,,,,,,,,,,,,,,,
CSB Bank Limited,Banks - Regional,CSBBANK,EQ,Financial Services,CSBBANK.NS,#N/A,1,,,,,,,,,,,,,,,,,,,,,,,,,,,,,,,,,
Arvind Fashions Limited,Apparel Manufacturing,ARVINDFASN,EQ,Consumer Cyclical,ARVINDFASN.NS,#N/A,1,,,,,,,,,,,,,,,,,,,,,,,,,,,,,,,,,
Piccadily Agro Industries Limited,Consumer Defensive,PICCADIL,EQ,Consumer Defensive,PICCADIL.NS,#N/A,1,,,,,,,,,,,,,,,,,,,,,,,,,,,,,,,,,
Suprajit Engineering Limited,Auto Parts,SUPRAJIT,EQ,Consumer Cyclical,SUPRAJIT.NS,#N/A,1,,,,,,,,,,,,,,,,,,,,,,,,,,,,,,,,,
Indo Count Industries Limited,Textile Manufacturing,ICIL,EQ,Consumer Cyclical,ICIL.NS,#N/A,1,,,,,,,,,,,,,,,,,,,,,,,,,,,,,,,,,
Saatvik Green Energy Limited,Solar,SAATVIKGL,EQ,Technology,SAATVIKGL.NS,#N/A,1,,,,,,,,,,,,,,,,,,,,,,,,,,,,,,,,,
Senco Gold Limited,Luxury Goods,SENCO,EQ,Consumer Cyclical,SENCO.NS,#N/A,1,,,,,,,,,,,,,,,,,,,,,,,,,,,,,,,,,
Fiem Industries Limited,Auto Parts,FIEMIND,EQ,Consumer Cyclical,FIEMIND.NS,#N/A,1,,,,,,,,,,,,,,,,,,,,,,,,,,,,,,,,,
GANESH HOUSING LIMITED,Real Estate,GANESHHOU,EQ,Real Estate,GANESHHOU.NS,#N/A,1,,,,,,,,,,,,,,,,,,,,,,,,,,,,,,,,,
Sapphire Foods India Limited,Consumer Cyclical,SAPPHIRE,EQ,Consumer Cyclical,SAPPHIRE.NS,#N/A,1,,,,,,,,,,,,,,,,,,,,,,,,,,,,,,,,,
Suven Life Sciences Limited,Drug Manufacturers - Specialty & Generic,SUVEN,EQ,Healthcare,SUVEN.NS,#N/A,1,,,,,,,,,,,,,,,,,,,,,,,,,,,,,,,,,
Happiest Minds Technologies Limited,Information Technology Services,HAPPSTMNDS,EQ,Technology,HAPPSTMNDS.NS,#N/A,1,,,,,,,,,,,,,,,,,,,,,,,,,,,,,,,,,
DCB Bank Limited,Banks - Regional,DCBBANK,EQ,Financial Services,DCBBANK.NS,#N/A,1,,,,,,,,,,,,,,,,,,,,,,,,,,,,,,,,,
Aeroflex Industries Limited,Metal Fabrication,AEROFLEX,EQ,Industrials,AEROFLEX.NS,#N/A,1,,,,,,,,,,,,,,,,,,,,,,,,,,,,,,,,,
Surya Roshni Limited,Steel,SURYAROSNI,EQ,Basic Materials,SURYAROSNI.NS,#N/A,1,,,,,,,,,,,,,,,,,,,,,,,,,,,,,,,,,
PNC Infratech Limited,Engineering & Construction,PNCINFRA,EQ,Industrials,PNCINFRA.NS,#N/A,1,,,,,,,,,,,,,,,,,,,,,,,,,,,,,,,,,
Greenlam Industries Limited,"Furnishings, Fixtures & Appliances",GREENLAM,EQ,Consumer Cyclical,GREENLAM.NS,#N/A,1,,,,,,,,,,,,,,,,,,,,,,,,,,,,,,,,,
Epigral Limited,Chemicals,EPIGRAL,EQ,Basic Materials,EPIGRAL.NS,#N/A,1,,,,,,,,,,,,,,,,,,,,,,,,,,,,,,,,,
Electrosteel Castings Limited,Building Products & Equipment,ELECTCAST,EQ,Industrials,ELECTCAST.NS,#N/A,1,,,,,,,,,,,,,,,,,,,,,,,,,,,,,,,,,
Supriya Lifescience Limited,Biotechnology,SUPRIYA,EQ,Healthcare,SUPRIYA.NS,#N/A,1,,,,,,,,,,,,,,,,,,,,,,,,,,,,,,,,,
Ahluwalia Contracts (India) Limited,Engineering & Construction,AHLUCONT,EQ,Industrials,AHLUCONT.NS,#N/A,1,,,,,,,,,,,,,,,,,,,,,,,,,,,,,,,,,
Technocraft Industries (India) Limited,Tools & Accessories,TIIL,EQ,Industrials,TIIL.NS,#N/A,1,,,,,,,,,,,,,,,,,,,,,,,,,,,,,,,,,
Sun Pharma Advanced Research Company Limited,Drug Manufacturers - Specialty & Generic,SPARC,EQ,Healthcare,SPARC.NS,#N/A,1,,,,,,,,,,,,,,,,,,,,,,,,,,,,,,,,,
Fedbank Financial Services Limited,Credit Services,FEDFINA,EQ,Financial Services,FEDFINA.NS,#N/A,1,,,,,,,,,,,,,,,,,,,,,,,,,,,,,,,,,
SIS LIMITED,Industrials,SIS,EQ,Industrials,SIS.NS,#N/A,1,,,,,,,,,,,,,,,,,,,,,,,,,,,,,,,,,
SML Mahindra Limited,Auto Manufacturers,SMLMAH,EQ,Consumer Cyclical,SMLMAH.NS,#N/A,1,,,,,,,,,,,,,,,,,,,,,,,,,,,,,,,,,
Gujarat Alkalies and Chemicals Limited,Chemicals,GUJALKALI,EQ,Basic Materials,GUJALKALI.NS,#N/A,1,,,,,,,,,,,,,,,,,,,,,,,,,,,,,,,,,
Keystone Realtors Limited,Real Estate,RUSTOMJEE,EQ,Real Estate,RUSTOMJEE.NS,#N/A,1,,,,,,,,,,,,,,,,,,,,,,,,,,,,,,,,,
Nephrocare Health Services Limited,Medical Care Facilities,NEPHROPLUS,EQ,Healthcare,NEPHROPLUS.NS,#N/A,1,,,,,,,,,,,,,,,,,,,,,,,,,,,,,,,,,
Symphony Limited,"Furnishings, Fixtures & Appliances",SYMPHONY,EQ,Consumer Cyclical,SYMPHONY.NS,#N/A,1,,,,,,,,,,,,,,,,,,,,,,,,,,,,,,,,,
Man Infraconstruction Limited,Engineering & Construction,MANINFRA,EQ,Industrials,MANINFRA.NS,#N/A,1,,,,,,,,,,,,,,,,,,,,,,,,,,,,,,,,,
Omnitech Engineering Limited,Specialty Industrial Machinery,OMNI,EQ,Industrials,OMNI.NS,#N/A,1,,,,,,,,,,,,,,,,,,,,,,,,,,,,,,,,,
V-Mart Retail Limited,Consumer Cyclical,VMART,EQ,Consumer Cyclical,VMART.NS,#N/A,1,,,,,,,,,,,,,,,,,,,,,,,,,,,,,,,,,
Lumax Industries Limited,Auto Parts,LUMAXIND,EQ,Consumer Cyclical,LUMAXIND.NS,#N/A,1,,,,,,,,,,,,,,,,,,,,,,,,,,,,,,,,,
LG Balakrishnan & Bros Limited,Auto Parts,LGBBROSLTD,EQ,Consumer Cyclical,LGBBROSLTD.NS,#N/A,1,,,,,,,,,,,,,,,,,,,,,,,,,,,,,,,,,
Gokaldas Exports Limited,Apparel Manufacturing,GOKEX,EQ,Consumer Cyclical,GOKEX.NS,#N/A,1,,,,,,,,,,,,,,,,,,,,,,,,,,,,,,,,,
Pilani Investment and Industries Corporation Limited,Asset Management,PILANIINVS,EQ,Financial Services,PILANIINVS.NS,#N/A,1,,,,,,,,,,,,,,,,,,,,,,,,,,,,,,,,,
Entero Healthcare Solutions Limited,Healthcare,ENTERO,EQ,Healthcare,ENTERO.NS,#N/A,1,,,,,,,,,,,,,,,,,,,,,,,,,,,,,,,,,
Unimech Aerospace and Manufacturing Limited,Aerospace & Defense,UNIMECH,EQ,Industrials,UNIMECH.NS,#N/A,1,,,,,,,,,,,,,,,,,,,,,,,,,,,,,,,,,
Nirlon Limited,Real Estate Services,NIRLON,EQ,Real Estate,NIRLON.NS,#N/A,1,,,,,,,,,,,,,,,,,,,,,,,,,,,,,,,,,
ICRA Limited,Financial Services,ICRA,EQ,Financial Services,ICRA.NS,#N/A,1,,,,,,,,,,,,,,,,,,,,,,,,,,,,,,,,,
Skipper Limited,Engineering & Construction,SKIPPER,EQ,Industrials,SKIPPER.NS,#N/A,1,,,,,,,,,,,,,,,,,,,,,,,,,,,,,,,,,
Jamna Auto Industries Limited,Auto Parts,JAMNAAUTO,EQ,Consumer Cyclical,JAMNAAUTO.NS,#N/A,1,,,,,,,,,,,,,,,,,,,,,,,,,,,,,,,,,
Smartworks Coworking Spaces Limited,Real Estate Services,SMARTWORKS,EQ,Real Estate,SMARTWORKS.NS,#N/A,1,,,,,,,,,,,,,,,,,,,,,,,,,,,,,,,,,
C.E. Info Systems Limited,Software - Infrastructure,MAPMYINDIA,EQ,Technology,MAPMYINDIA.NS,#N/A,1,,,,,,,,,,,,,,,,,,,,,,,,,,,,,,,,,
Sharda Motor Industries Limited,Auto Parts,SHARDAMOTR,EQ,Consumer Cyclical,SHARDAMOTR.NS,#N/A,1,,,,,,,,,,,,,,,,,,,,,,,,,,,,,,,,,
Subros Limited,Auto Parts,SUBROS,EQ,Consumer Cyclical,SUBROS.NS,#N/A,1,,,,,,,,,,,,,,,,,,,,,,,,,,,,,,,,,
RattanIndia Enterprises Limited,Consumer Cyclical,RTNINDIA,EQ,Consumer Cyclical,RTNINDIA.NS,#N/A,1,,,,,,,,,,,,,,,,,,,,,,,,,,,,,,,,,
Mastek Limited,Information Technology Services,MASTEK,EQ,Technology,MASTEK.NS,#N/A,1,,,,,,,,,,,,,,,,,,,,,,,,,,,,,,,,,
Rallis India Limited,Agricultural Inputs,RALLIS,EQ,Basic Materials,RALLIS.NS,#N/A,1,,,,,,,,,,,,,,,,,,,,,,,,,,,,,,,,,
Knowledge Marine & Engineering Works Limited,Marine Shipping,KMEW,EQ,Industrials,KMEW.NS,#N/A,1,,,,,,,,,,,,,,,,,,,,,,,,,,,,,,,,,
Puravankara Limited,Real Estate,PURVA,EQ,Real Estate,PURVA.NS,#N/A,1,,,,,,,,,,,,,,,,,,,,,,,,,,,,,,,,,
ION Exchange (India) Limited,Industrials,IONEXCHANG,EQ,Industrials,IONEXCHANG.NS,#N/A,1,,,,,,,,,,,,,,,,,,,,,,,,,,,,,,,,,
Sterling and Wilson Renewable Energy Limited,Solar,SWSOLAR,EQ,Technology,SWSOLAR.NS,#N/A,1,,,,,,,,,,,,,,,,,,,,,,,,,,,,,,,,,
Kaveri Seed Company Limited,Agricultural Inputs,KSCL,EQ,Basic Materials,KSCL.NS,#N/A,1,,,,,,,,,,,,,,,,,,,,,,,,,,,,,,,,,
Sunteck Realty Limited,Real Estate,SUNTECK,EQ,Real Estate,SUNTECK.NS,#N/A,1,,,,,,,,,,,,,,,,,,,,,,,,,,,,,,,,,
Madhya Bharat Agro Products Limited,Agricultural Inputs,MBAPL,EQ,Basic Materials,MBAPL.NS,#N/A,1,,,,,,,,,,,,,,,,,,,,,,,,,,,,,,,,,
Midwest Limited,Building Materials,MIDWESTLTD,EQ,Basic Materials,MIDWESTLTD.NS,#N/A,1,,,,,,,,,,,,,,,,,,,,,,,,,,,,,,,,,
Innova Captab Limited,Drug Manufacturers - Specialty & Generic,INNOVACAP,EQ,Healthcare,INNOVACAP.NS,#N/A,1,,,,,,,,,,,,,,,,,,,,,,,,,,,,,,,,,
India Tourism Development Corporation Limited,Lodging,ITDC,EQ,Consumer Cyclical,ITDC.NS,#N/A,1,,,,,,,,,,,,,,,,,,,,,,,,,,,,,,,,,
Bansal Wire Industries Limited,Steel,BANSALWIRE,EQ,Basic Materials,BANSALWIRE.NS,#N/A,1,,,,,,,,,,,,,,,,,,,,,,,,,,,,,,,,,
Websol Energy System Limited,Solar,WEBELSOLAR,EQ,Technology,WEBELSOLAR.NS,#N/A,1,,,,,,,,,,,,,,,,,,,,,,,,,,,,,,,,,
Canara Robeco Asset Management Company Limited,Asset Management,CRAMC,EQ,Financial Services,CRAMC.NS,#N/A,1,,,,,,,,,,,,,,,,,,,,,,,,,,,,,,,,,
CARE Ratings Limited,Financial Services,CARERATING,EQ,Financial Services,CARERATING.NS,#N/A,1,,,,,,,,,,,,,,,,,,,,,,,,,,,,,,,,,
Dhanuka Agritech Limited,Agricultural Inputs,DHANUKA,EQ,Basic Materials,DHANUKA.NS,#N/A,1,,,,,,,,,,,,,,,,,,,,,,,,,,,,,,,,,
Gulf Oil Lubricants India Limited,Specialty Chemicals,GULFOILLUB,EQ,Basic Materials,GULFOILLUB.NS,#N/A,1,,,,,,,,,,,,,,,,,,,,,,,,,,,,,,,,,
Aurionpro Solutions Limited,Software - Application,AURIONPRO,EQ,Technology,AURIONPRO.NS,#N/A,1,,,,,,,,,,,,,,,,,,,,,,,,,,,,,,,,,
Shilchar Technologies Limited,Electrical Equipment & Parts,SHILCTECH,EQ,Industrials,SHILCTECH.NS,#N/A,1,,,,,,,,,,,,,,,,,,,,,,,,,,,,,,,,,
Goldiam International Limited,Luxury Goods,GOLDIAM,EQ,Consumer Cyclical,GOLDIAM.NS,#N/A,1,,,,,,,,,,,,,,,,,,,,,,,,,,,,,,,,,
Swaraj Engines Limited,Auto Parts,SWARAJENG,EQ,Consumer Cyclical,SWARAJENG.NS,#N/A,1,,,,,,,,,,,,,,,,,,,,,,,,,,,,,,,,,
Neogen Chemicals Limited,Specialty Chemicals,NEOGEN,EQ,Basic Materials,NEOGEN.NS,#N/A,1,,,,,,,,,,,,,,,,,,,,,,,,,,,,,,,,,
Rain Industries Limited,Specialty Chemicals,RAIN,EQ,Basic Materials,RAIN.NS,#N/A,1,,,,,,,,,,,,,,,,,,,,,,,,,,,,,,,,,
Datamatics Global Services Limited,Information Technology Services,DATAMATICS,EQ,Technology,DATAMATICS.NS,#N/A,1,,,,,,,,,,,,,,,,,,,,,,,,,,,,,,,,,
Mahindra Holidays & Resorts India Limited,Consumer Cyclical,MHRIL,EQ,Consumer Cyclical,MHRIL.NS,#N/A,1,,,,,,,,,,,,,,,,,,,,,,,,,,,,,,,,,
Balaji Amines Limited,Specialty Chemicals,BALAMINES,EQ,Basic Materials,BALAMINES.NS,#N/A,1,,,,,,,,,,,,,,,,,,,,,,,,,,,,,,,,,
IFB Industries Limited,"Furnishings, Fixtures & Appliances",IFBIND,EQ,Consumer Cyclical,IFBIND.NS,#N/A,1,,,,,,,,,,,,,,,,,,,,,,,,,,,,,,,,,
Raymond Lifestyle Limited,Apparel Manufacturing,RAYMONDLSL,EQ,Consumer Cyclical,RAYMONDLSL.NS,#N/A,1,,,,,,,,,,,,,,,,,,,,,,,,,,,,,,,,,
GNG Electronics Limited,Technology,EBGNG,EQ,Technology,EBGNG.NS,#N/A,1,,,,,,,,,,,,,,,,,,,,,,,,,,,,,,,,,
Jana Small Finance Bank Limited,Banks - Regional,JSFB,EQ,Financial Services,JSFB.NS,#N/A,1,,,,,,,,,,,,,,,,,,,,,,,,,,,,,,,,,
CMS Info Systems Limited,Industrials,CMSINFO,EQ,Industrials,CMSINFO.NS,#N/A,1,,,,,,,,,,,,,,,,,,,,,,,,,,,,,,,,,
Goodluck India Limited,Steel,GOODLUCK,EQ,Basic Materials,GOODLUCK.NS,#N/A,1,,,,,,,,,,,,,,,,,,,,,,,,,,,,,,,,,
Juniper Hotels Limited,Lodging,JUNIPER,EQ,Consumer Cyclical,JUNIPER.NS,#N/A,1,,,,,,,,,,,,,,,,,,,,,,,,,,,,,,,,,
GHCL Limited,Chemicals,GHCL,EQ,Basic Materials,GHCL.NS,#N/A,1,,,,,,,,,,,,,,,,,,,,,,,,,,,,,,,,,
Responsive Industries Limited,Specialty Chemicals,RESPONIND,EQ,Basic Materials,RESPONIND.NS,#N/A,1,,,,,,,,,,,,,,,,,,,,,,,,,,,,,,,,,
Lux Industries Limited,Apparel Manufacturing,LUXIND,EQ,Consumer Cyclical,LUXIND.NS,#N/A,1,,,,,,,,,,,,,,,,,,,,,,,,,,,,,,,,,
Bajaj Electricals Limited,"Furnishings, Fixtures & Appliances",BAJAJELEC,EQ,Consumer Cyclical,BAJAJELEC.NS,#N/A,1,,,,,,,,,,,,,,,,,,,,,,,,,,,,,,,,,
Oswal Pumps Limited,Electrical Equipment & Parts,OSWALPUMPS,EQ,Industrials,OSWALPUMPS.NS,#N/A,1,,,,,,,,,,,,,,,,,,,,,,,,,,,,,,,,,
Texmaco Rail & Engineering Limited,Industrials,TEXRAIL,EQ,Industrials,TEXRAIL.NS,#N/A,1,,,,,,,,,,,,,,,,,,,,,,,,,,,,,,,,,
Indigo Paints Limited,Specialty Chemicals,INDIGOPNTS,EQ,Basic Materials,INDIGOPNTS.NS,#N/A,1,,,,,,,,,,,,,,,,,,,,,,,,,,,,,,,,,
Northern Arc Capital Limited,Credit Services,NORTHARC,EQ,Financial Services,NORTHARC.NS,#N/A,1,,,,,,,,,,,,,,,,,,,,,,,,,,,,,,,,,
Agi Infra Limited,Real Estate,AGIIL,EQ,Real Estate,AGIIL.NS,#N/A,1,,,,,,,,,,,,,,,,,,,,,,,,,,,,,,,,,
Just Dial Limited,Communication Services,JUSTDIAL,EQ,Communication Services,JUSTDIAL.NS,#N/A,1,,,,,,,,,,,,,,,,,,,,,,,,,,,,,,,,,
VRL Logistics Limited,Industrials,VRLLOG,EQ,Industrials,VRLLOG.NS,#N/A,1,,,,,,,,,,,,,,,,,,,,,,,,,,,,,,,,,
Electronics Mart India Limited,Consumer Cyclical,EMIL,EQ,Consumer Cyclical,EMIL.NS,#N/A,1,,,,,,,,,,,,,,,,,,,,,,,,,,,,,,,,,
Centum Electronics Limited,Electronic Components,CENTUM,EQ,Technology,CENTUM.NS,#N/A,1,,,,,,,,,,,,,,,,,,,,,,,,,,,,,,,,,
Laxmi Organic Industries Limited,Specialty Chemicals,LXCHEM,EQ,Basic Materials,LXCHEM.NS,#N/A,1,,,,,,,,,,,,,,,,,,,,,,,,,,,,,,,,,
Capillary Technologies India Limited,Software - Infrastructure,CAPILLARY,EQ,Technology,CAPILLARY.NS,#N/A,1,,,,,,,,,,,,,,,,,,,,,,,,,,,,,,,,,
Bannari Amman Sugars Limited,Consumer Defensive,BANARISUG,EQ,Consumer Defensive,BANARISUG.NS,#N/A,1,,,,,,,,,,,,,,,,,,,,,,,,,,,,,,,,,
Thomas Cook  (India)  Limited,Consumer Cyclical,THOMASCOOK,EQ,Consumer Cyclical,THOMASCOOK.NS,#N/A,1,,,,,,,,,,,,,,,,,,,,,,,,,,,,,,,,,
Paisalo Digital Limited,Credit Services,PAISALO,EQ,Financial Services,PAISALO.NS,#N/A,1,,,,,,,,,,,,,,,,,,,,,,,,,,,,,,,,,
VST Industries Limited,Consumer Defensive,VSTIND,EQ,Consumer Defensive,VSTIND.NS,#N/A,1,,,,,,,,,,,,,,,,,,,,,,,,,,,,,,,,,
V.S.T Tillers Tractors Limited,Farm & Heavy Construction Machinery,VSTTILLERS,EQ,Industrials,VSTTILLERS.NS,#N/A,1,,,,,,,,,,,,,,,,,,,,,,,,,,,,,,,,,
Senores Pharmaceuticals Limited,Drug Manufacturers - General,SENORES,EQ,Healthcare,SENORES.NS,#N/A,1,,,,,,,,,,,,,,,,,,,,,,,,,,,,,,,,,
Moschip Technologies Limited,Technology,MOSCHIP,EQ,Technology,MOSCHIP.NS,#N/A,1,,,,,,,,,,,,,,,,,,,,,,,,,,,,,,,,,
Seshaasai Technologies Limited,Software - Infrastructure,STYL,EQ,Technology,STYL.NS,#N/A,1,,,,,,,,,,,,,,,,,,,,,,,,,,,,,,,,,
Hemisphere Properties India Limited,Real Estate,HEMIPROP,EQ,Real Estate,HEMIPROP.NS,#N/A,1,,,,,,,,,,,,,,,,,,,,,,,,,,,,,,,,,
VIP Industries Limited,Consumer Cyclical,VIPIND,EQ,Consumer Cyclical,VIPIND.NS,#N/A,1,,,,,,,,,,,,,,,,,,,,,,,,,,,,,,,,,
Pondy Oxides & Chemicals Limited,Specialty Chemicals,POCL,EQ,Basic Materials,POCL.NS,#N/A,1,,,,,,,,,,,,,,,,,,,,,,,,,,,,,,,,,
Avantel Limited,Communication Equipment,AVANTEL,EQ,Technology,AVANTEL.NS,#N/A,1,,,,,,,,,,,,,,,,,,,,,,,,,,,,,,,,,
NIIT Learning Systems Limited,Consumer Defensive,NIITMTS,EQ,Consumer Defensive,NIITMTS.NS,#N/A,1,,,,,,,,,,,,,,,,,,,,,,,,,,,,,,,,,
Gujarat Themis Biosyn Limited,Drug Manufacturers - Specialty & Generic,GUJTHEM,EQ,Healthcare,GUJTHEM.NS,#N/A,1,,,,,,,,,,,,,,,,,,,,,,,,,,,,,,,,,
Krishana Phoschem Limited,Agricultural Inputs,KRISHANA,EQ,Basic Materials,KRISHANA.NS,#N/A,1,,,,,,,,,,,,,,,,,,,,,,,,,,,,,,,,,
The Anup Engineering Limited,Specialty Industrial Machinery,ANUP,EQ,Industrials,ANUP.NS,#N/A,1,,,,,,,,,,,,,,,,,,,,,,,,,,,,,,,,,
Stylam Industries Limited,"Furnishings, Fixtures & Appliances",STYLAMIND,EQ,Consumer Cyclical,STYLAMIND.NS,#N/A,1,,,,,,,,,,,,,,,,,,,,,,,,,,,,,,,,,
eMudhra Limited,Software - Application,EMUDHRA,EQ,Technology,EMUDHRA.NS,#N/A,1,,,,,,,,,,,,,,,,,,,,,,,,,,,,,,,,,
PDS Limited,Industrials,PDSL,EQ,Industrials,PDSL.NS,#N/A,1,,,,,,,,,,,,,,,,,,,,,,,,,,,,,,,,,
KSH International Limited,Electrical Equipment & Parts,KSHINTL,EQ,Industrials,KSHINTL.NS,#N/A,1,,,,,,,,,,,,,,,,,,,,,,,,,,,,,,,,,
Wakefit Innovations Limited,"Furnishings, Fixtures & Appliances",WAKEFIT,EQ,Consumer Cyclical,WAKEFIT.NS,#N/A,1,,,,,,,,,,,,,,,,,,,,,,,,,,,,,,,,,
Raymond Realty Limited,Real Estate,RAYMONDREL,EQ,Real Estate,RAYMONDREL.NS,#N/A,1,,,,,,,,,,,,,,,,,,,,,,,,,,,,,,,,,
NACL Industries Limited,Agricultural Inputs,NACLIND,EQ,Basic Materials,NACLIND.NS,#N/A,1,,,,,,,,,,,,,,,,,,,,,,,,,,,,,,,,,
TruAlt Bioenergy Limited,Oil & Gas Refining & Marketing,TRUALT,EQ,Energy,TRUALT.NS,#N/A,1,,,,,,,,,,,,,,,,,,,,,,,,,,,,,,,,,
Ram Ratna Wires Limited,Electrical Equipment & Parts,RAMRAT,EQ,Industrials,RAMRAT.NS,#N/A,1,,,,,,,,,,,,,,,,,,,,,,,,,,,,,,,,,
Gopal Snacks Limited,Packaged Foods,GOPAL,EQ,Consumer Defensive,GOPAL.NS,#N/A,1,,,,,,,,,,,,,,,,,,,,,,,,,,,,,,,,,
D.B.Corp Limited,Communication Services,DBCORP,EQ,Communication Services,DBCORP.NS,#N/A,1,,,,,,,,,,,,,,,,,,,,,,,,,,,,,,,,,
Rolex Rings Limited,Metal Fabrication,ROLEXRINGS,EQ,Industrials,ROLEXRINGS.NS,#N/A,1,,,,,,,,,,,,,,,,,,,,,,,,,,,,,,,,,
Styrenix Performance Materials Limited,Chemicals,STYRENIX,EQ,Basic Materials,STYRENIX.NS,#N/A,1,,,,,,,,,,,,,,,,,,,,,,,,,,,,,,,,,
Optiemus Infracom Limited,Technology,OPTIEMUS,EQ,Technology,OPTIEMUS.NS,#N/A,1,,,,,,,,,,,,,,,,,,,,,,,,,,,,,,,,,
H.G. Infra Engineering Limited,Engineering & Construction,HGINFRA,EQ,Industrials,HGINFRA.NS,#N/A,1,,,,,,,,,,,,,,,,,,,,,,,,,,,,,,,,,
Pace Digitek Limited,Communication Equipment,PACEDIGITK,EQ,Technology,PACEDIGITK.NS,#N/A,1,,,,,,,,,,,,,,,,,,,,,,,,,,,,,,,,,
RPG Life Sciences Limited,Drug Manufacturers - Specialty & Generic,RPGLIFE,EQ,Healthcare,RPGLIFE.NS,#N/A,1,,,,,,,,,,,,,,,,,,,,,,,,,,,,,,,,,
AGI Greenpac Limited,Consumer Cyclical,AGI,EQ,Consumer Cyclical,AGI.NS,#N/A,1,,,,,,,,,,,,,,,,,,,,,,,,,,,,,,,,,
TARC Limited,Real Estate,TARC,EQ,Real Estate,TARC.NS,#N/A,1,,,,,,,,,,,,,,,,,,,,,,,,,,,,,,,,,
Vishnu Chemicals Limited,Specialty Chemicals,VISHNU,EQ,Basic Materials,VISHNU.NS,#N/A,1,,,,,,,,,,,,,,,,,,,,,,,,,,,,,,,,,
Jtekt India Limited,Auto Parts,JTEKTINDIA,EQ,Consumer Cyclical,JTEKTINDIA.NS,#N/A,1,,,,,,,,,,,,,,,,,,,,,,,,,,,,,,,,,
GMM Pfaudler Limited,Specialty Industrial Machinery,GMMPFAUDLR,EQ,Industrials,GMMPFAUDLR.NS,#N/A,1,,,,,,,,,,,,,,,,,,,,,,,,,,,,,,,,,
Orient Electric Limited,"Furnishings, Fixtures & Appliances",ORIENTELEC,EQ,Consumer Cyclical,ORIENTELEC.NS,#N/A,1,,,,,,,,,,,,,,,,,,,,,,,,,,,,,,,,,
Ellenbarrie Industrial Gases Limited,Chemicals,ELLEN,EQ,Basic Materials,ELLEN.NS,#N/A,1,,,,,,,,,,,,,,,,,,,,,,,,,,,,,,,,,
Advanced Enzyme Technologies Limited,Specialty Chemicals,ADVENZYMES,EQ,Basic Materials,ADVENZYMES.NS,#N/A,1,,,,,,,,,,,,,,,,,,,,,,,,,,,,,,,,,
Greaves Cotton Limited,Specialty Industrial Machinery,GREAVESCOT,EQ,Industrials,GREAVESCOT.NS,#N/A,1,,,,,,,,,,,,,,,,,,,,,,,,,,,,,,,,,
Man Industries (India) Limited,Steel,MANINDS,EQ,Basic Materials,MANINDS.NS,#N/A,1,,,,,,,,,,,,,,,,,,,,,,,,,,,,,,,,,
Restaurant Brands Asia Limited,Consumer Cyclical,RBA,EQ,Consumer Cyclical,RBA.NS,#N/A,1,,,,,,,,,,,,,,,,,,,,,,,,,,,,,,,,,
Universal Cables Limited,Electrical Equipment & Parts,UNIVCABLES,EQ,Industrials,UNIVCABLES.NS,#N/A,1,,,,,,,,,,,,,,,,,,,,,,,,,,,,,,,,,
SG Finserve Limited,Capital Markets,SGFIN,EQ,Financial Services,SGFIN.NS,#N/A,1,,,,,,,,,,,,,,,,,,,,,,,,,,,,,,,,,
Mahindra Logistics Limited,Industrials,MAHLOG,EQ,Industrials,MAHLOG.NS,#N/A,1,,,,,,,,,,,,,,,,,,,,,,,,,,,,,,,,,
BOSCH HOME COMFORT INDIA LIMITED,"Furnishings, Fixtures & Appliances",BOSCH-HCIL,EQ,Consumer Cyclical,BOSCH-HCIL.NS,#N/A,1,,,,,,,,,,,,,,,,,,,,,,,,,,,,,,,,,
Shoppers Stop Limited,Consumer Cyclical,SHOPERSTOP,EQ,Consumer Cyclical,SHOPERSTOP.NS,#N/A,1,,,,,,,,,,,,,,,,,,,,,,,,,,,,,,,,,
Vaibhav Global Limited,Luxury Goods,VAIBHAVGBL,EQ,Consumer Cyclical,VAIBHAVGBL.NS,#N/A,1,,,,,,,,,,,,,,,,,,,,,,,,,,,,,,,,,
Zota Health Care LImited,Biotechnology,ZOTA,EQ,Healthcare,ZOTA.NS,#N/A,1,,,,,,,,,,,,,,,,,,,,,,,,,,,,,,,,,
SMS Pharmaceuticals Limited,Drug Manufacturers - General,SMSPHARMA,EQ,Healthcare,SMSPHARMA.NS,#N/A,1,,,,,,,,,,,,,,,,,,,,,,,,,,,,,,,,,
Indraprastha Medical Corporation Limited,Medical Care Facilities,INDRAMEDCO,EQ,Healthcare,INDRAMEDCO.NS,#N/A,1,,,,,,,,,,,,,,,,,,,,,,,,,,,,,,,,,
Harsha Engineers International Limited,Tools & Accessories,HARSHA,EQ,Industrials,HARSHA.NS,#N/A,1,,,,,,,,,,,,,,,,,,,,,,,,,,,,,,,,,
J.Kumar Infraprojects Limited,Engineering & Construction,JKIL,EQ,Industrials,JKIL.NS,#N/A,1,,,,,,,,,,,,,,,,,,,,,,,,,,,,,,,,,
Tourism Finance Corporation of India Limited,Credit Services,TFCILTD,EQ,Financial Services,TFCILTD.NS,#N/A,1,,,,,,,,,,,,,,,,,,,,,,,,,,,,,,,,,
National Fertilizers Limited,Agricultural Inputs,NFL,EQ,Basic Materials,NFL.NS,#N/A,1,,,,,,,,,,,,,,,,,,,,,,,,,,,,,,,,,
Ashoka Buildcon Limited,Engineering & Construction,ASHOKA,EQ,Industrials,ASHOKA.NS,#N/A,1,,,,,,,,,,,,,,,,,,,,,,,,,,,,,,,,,
Seamec Limited,Marine Shipping,SEAMECLTD,EQ,Industrials,SEAMECLTD.NS,#N/A,1,,,,,,,,,,,,,,,,,,,,,,,,,,,,,,,,,
Sanathan Textiles Limited,Textile Manufacturing,SANATHAN,EQ,Consumer Cyclical,SANATHAN.NS,#N/A,1,,,,,,,,,,,,,,,,,,,,,,,,,,,,,,,,,
Foseco India Limited,Chemicals,FOSECOIND,EQ,Basic Materials,FOSECOIND.NS,#N/A,1,,,,,,,,,,,,,,,,,,,,,,,,,,,,,,,,,
Chemplast Sanmar Limited,Chemicals,CHEMPLASTS,EQ,Basic Materials,CHEMPLASTS.NS,#N/A,1,,,,,,,,,,,,,,,,,,,,,,,,,,,,,,,,,
Sambhv Steel Tubes Limited,Steel,SAMBHV,EQ,Basic Materials,SAMBHV.NS,#N/A,1,,,,,,,,,,,,,,,,,,,,,,,,,,,,,,,,,
Crizac Limited,Consumer Defensive,CRIZAC,EQ,Consumer Defensive,CRIZAC.NS,#N/A,1,,,,,,,,,,,,,,,,,,,,,,,,,,,,,,,,,
Enviro Infra Engineers Limited,Engineering & Construction,EIEL,EQ,Industrials,EIEL.NS,#N/A,1,,,,,,,,,,,,,,,,,,,,,,,,,,,,,,,,,
Indo Thai Securities Limited,Capital Markets,INDOTHAI,EQ,Financial Services,INDOTHAI.NS,#N/A,1,,,,,,,,,,,,,,,,,,,,,,,,,,,,,,,,,
Ashiana Housing Limited,Real Estate,ASHIANA,EQ,Real Estate,ASHIANA.NS,#N/A,1,,,,,,,,,,,,,,,,,,,,,,,,,,,,,,,,,
Kalyani Steels Limited,Steel,KSL,EQ,Basic Materials,KSL.NS,#N/A,1,,,,,,,,,,,,,,,,,,,,,,,,,,,,,,,,,
Cigniti Technologies Limited,Information Technology Services,CIGNITITEC,EQ,Technology,CIGNITITEC.NS,#N/A,1,,,,,,,,,,,,,,,,,,,,,,,,,,,,,,,,,
KNR Constructions Limited,Engineering & Construction,KNRCON,EQ,Industrials,KNRCON.NS,#N/A,1,,,,,,,,,,,,,,,,,,,,,,,,,,,,,,,,,
Anand Rathi Share and Stock Brokers Limited,Financial Services,ARSSBL,EQ,Financial Services,ARSSBL.NS,#N/A,1,,,,,,,,,,,,,,,,,,,,,,,,,,,,,,,,,
Aye Finance Limited,Credit Services,AYE,EQ,Financial Services,AYE.NS,#N/A,1,,,,,,,,,,,,,,,,,,,,,,,,,,,,,,,,,
HeidelbergCement India Limited,Building Materials,HEIDELBERG,EQ,Basic Materials,HEIDELBERG.NS,#N/A,1,,,,,,,,,,,,,,,,,,,,,,,,,,,,,,,,,
Shivalik Bimetal Controls Limited,Metal Fabrication,SBCL,EQ,Industrials,SBCL.NS,#N/A,1,,,,,,,,,,,,,,,,,,,,,,,,,,,,,,,,,
R Systems International Limited,Information Technology Services,RSYSTEMS,EQ,Technology,RSYSTEMS.NS,#N/A,1,,,,,,,,,,,,,,,,,,,,,,,,,,,,,,,,,
Raghav Productivity Enhancers Limited,Chemicals,RPEL,EQ,Basic Materials,RPEL.NS,#N/A,1,,,,,,,,,,,,,,,,,,,,,,,,,,,,,,,,,
Pitti Engineering Limited,Metal Fabrication,PITTIENG,EQ,Industrials,PITTIENG.NS,#N/A,1,,,,,,,,,,,,,,,,,,,,,,,,,,,,,,,,,
Refex Industries Limited,Energy,REFEX,EQ,Energy,REFEX.NS,#N/A,1,,,,,,,,,,,,,,,,,,,,,,,,,,,,,,,,,
RPSG VENTURES LIMITED,Information Technology Services,RPSGVENT,EQ,Technology,RPSGVENT.NS,#N/A,1,,,,,,,,,,,,,,,,,,,,,,,,,,,,,,,,,
Indiqube Spaces Limited,Real Estate Services,INDIQUBE,EQ,Real Estate,INDIQUBE.NS,#N/A,1,,,,,,,,,,,,,,,,,,,,,,,,,,,,,,,,,
Interarch Building Solutions Limited,Engineering & Construction,INTERARCH,EQ,Industrials,INTERARCH.NS,#N/A,1,,,,,,,,,,,,,,,,,,,,,,,,,,,,,,,,,
Orchid Pharma Limited,Drug Manufacturers - Specialty & Generic,ORCHPHARMA,EQ,Healthcare,ORCHPHARMA.NS,#N/A,1,,,,,,,,,,,,,,,,,,,,,,,,,,,,,,,,,
Flair Writing Industries Limited,Industrials,FLAIR,EQ,Industrials,FLAIR.NS,#N/A,1,,,,,,,,,,,,,,,,,,,,,,,,,,,,,,,,,
Kirloskar Industries Limited,Metal Fabrication,KIRLOSIND,EQ,Industrials,KIRLOSIND.NS,#N/A,1,,,,,,,,,,,,,,,,,,,,,,,,,,,,,,,,,
Shanthi Gears Limited,Specialty Industrial Machinery,SHANTIGEAR,EQ,Industrials,SHANTIGEAR.NS,#N/A,1,,,,,,,,,,,,,,,,,,,,,,,,,,,,,,,,,
IndoStar Capital Finance Limited,Credit Services,INDOSTAR,EQ,Financial Services,INDOSTAR.NS,#N/A,1,,,,,,,,,,,,,,,,,,,,,,,,,,,,,,,,,
Aarti Drugs Limited,Drug Manufacturers - Specialty & Generic,AARTIDRUGS,EQ,Healthcare,AARTIDRUGS.NS,#N/A,1,,,,,,,,,,,,,,,,,,,,,,,,,,,,,,,,,
Ideaforge Technology Limited,Technology,IDEAFORGE,EQ,Technology,IDEAFORGE.NS,#N/A,1,,,,,,,,,,,,,,,,,,,,,,,,,,,,,,,,,
OnEMI Technology Solutions Limited,Credit Services,KISSHT,EQ,Financial Services,KISSHT.NS,#N/A,1,,,,,,,,,,,,,,,,,,,,,,,,,,,,,,,,,
Fusion Finance Limited,Credit Services,FUSION,EQ,Financial Services,FUSION.NS,#N/A,1,,,,,,,,,,,,,,,,,,,,,,,,,,,,,,,,,
Samhi Hotels Limited,Lodging,SAMHI,EQ,Consumer Cyclical,SAMHI.NS,#N/A,1,,,,,,,,,,,,,,,,,,,,,,,,,,,,,,,,,
Rashi Peripherals Limited,Technology,RPTECH,EQ,Technology,RPTECH.NS,#N/A,1,,,,,,,,,,,,,,,,,,,,,,,,,,,,,,,,,
Zaggle Prepaid Ocean Services Limited,Software - Infrastructure,ZAGGLE,EQ,Technology,ZAGGLE.NS,#N/A,1,,,,,,,,,,,,,,,,,,,,,,,,,,,,,,,,,
Ramky Infrastructure Limited,Engineering & Construction,RAMKY,EQ,Industrials,RAMKY.NS,#N/A,1,,,,,,,,,,,,,,,,,,,,,,,,,,,,,,,,,
ROUTE MOBILE LIMITED,Telecom Services,ROUTE,EQ,Communication Services,ROUTE.NS,#N/A,1,,,,,,,,,,,,,,,,,,,,,,,,,,,,,,,,,
West Coast Paper Mills Limited,Basic Materials,WSTCSTPAPR,EQ,Basic Materials,WSTCSTPAPR.NS,#N/A,1,,,,,,,,,,,,,,,,,,,,,,,,,,,,,,,,,
Marathon Nextgen Realty Limited,Real Estate,MARATHON,EQ,Real Estate,MARATHON.NS,#N/A,1,,,,,,,,,,,,,,,,,,,,,,,,,,,,,,,,,
Rossell Techsys Limited,Aerospace & Defense,ROSSTECH,EQ,Industrials,ROSSTECH.NS,#N/A,1,,,,,,,,,,,,,,,,,,,,,,,,,,,,,,,,,
Cyient DLM Limited,Electronic Components,CYIENTDLM,EQ,Technology,CYIENTDLM.NS,#N/A,1,,,,,,,,,,,,,,,,,,,,,,,,,,,,,,,,,
Raymond Limited,Specialty Industrial Machinery,RAYMOND,EQ,Industrials,RAYMOND.NS,#N/A,1,,,,,,,,,,,,,,,,,,,,,,,,,,,,,,,,,
Kitex Garments Limited,Apparel Manufacturing,KITEX,EQ,Consumer Cyclical,KITEX.NS,#N/A,1,,,,,,,,,,,,,,,,,,,,,,,,,,,,,,,,,
Greenply Industries Limited,Basic Materials,GREENPLY,EQ,Basic Materials,GREENPLY.NS,#N/A,1,,,,,,,,,,,,,,,,,,,,,,,,,,,,,,,,,
Kolte - Patil Developers Limited,Real Estate,KOLTEPATIL,EQ,Real Estate,KOLTEPATIL.NS,#N/A,1,,,,,,,,,,,,,,,,,,,,,,,,,,,,,,,,,
Heritage Foods Limited,Packaged Foods,HERITGFOOD,EQ,Consumer Defensive,HERITGFOOD.NS,#N/A,1,,,,,,,,,,,,,,,,,,,,,,,,,,,,,,,,,
Muthoot Microfin Limited,Credit Services,MUTHOOTMF,EQ,Financial Services,MUTHOOTMF.NS,#N/A,1,,,,,,,,,,,,,,,,,,,,,,,,,,,,,,,,,
Balmer Lawrie & Company Limited,Conglomerates,BALMLAWRIE,EQ,Industrials,BALMLAWRIE.NS,#N/A,1,,,,,,,,,,,,,,,,,,,,,,,,,,,,,,,,,
GRM Overseas Limited,Packaged Foods,GRMOVER,EQ,Consumer Defensive,GRMOVER.NS,#N/A,1,,,,,,,,,,,,,,,,,,,,,,,,,,,,,,,,,
Quess Corp Limited,Industrials,QUESS,EQ,Industrials,QUESS.NS,#N/A,1,,,,,,,,,,,,,,,,,,,,,,,,,,,,,,,,,
Bhagiradha Chemicals & Industries Limited,Agricultural Inputs,BHAGCHEM,EQ,Basic Materials,BHAGCHEM.NS,#N/A,1,,,,,,,,,,,,,,,,,,,,,,,,,,,,,,,,,
Steel Strips Wheels Limited,Auto Parts,SSWL,EQ,Consumer Cyclical,SSWL.NS,#N/A,1,,,,,,,,,,,,,,,,,,,,,,,,,,,,,,,,,
Vadilal Industries Limited,Packaged Foods,VADILALIND,EQ,Consumer Defensive,VADILALIND.NS,#N/A,1,,,,,,,,,,,,,,,,,,,,,,,,,,,,,,,,,
PSP Projects Limited,Engineering & Construction,PSPPROJECT,EQ,Industrials,PSPPROJECT.NS,#N/A,1,,,,,,,,,,,,,,,,,,,,,,,,,,,,,,,,,
Carraro India Limited,Auto Parts,CARRARO,EQ,Consumer Cyclical,CARRARO.NS,#N/A,1,,,,,,,,,,,,,,,,,,,,,,,,,,,,,,,,,
Sundaram Clayton Limited,Metal Fabrication,SUNCLAY,EQ,Industrials,SUNCLAY.NS,#N/A,1,,,,,,,,,,,,,,,,,,,,,,,,,,,,,,,,,
Navneet Education Limited,Communication Services,NAVNETEDUL,EQ,Communication Services,NAVNETEDUL.NS,#N/A,1,,,,,,,,,,,,,,,,,,,,,,,,,,,,,,,,,
DEE Development Engineers Limited,Metal Fabrication,DEEDEV,EQ,Industrials,DEEDEV.NS,#N/A,1,,,,,,,,,,,,,,,,,,,,,,,,,,,,,,,,,
Wheels India Limited,Auto Parts,WHEELS,EQ,Consumer Cyclical,WHEELS.NS,#N/A,1,,,,,,,,,,,,,,,,,,,,,,,,,,,,,,,,,
Share India Securities Limited,Capital Markets,SHAREINDIA,EQ,Financial Services,SHAREINDIA.NS,#N/A,1,,,,,,,,,,,,,,,,,,,,,,,,,,,,,,,,,
Sandhar Technologies Limited,Auto Parts,SANDHAR,EQ,Consumer Cyclical,SANDHAR.NS,#N/A,1,,,,,,,,,,,,,,,,,,,,,,,,,,,,,,,,,
Marine Electricals (India) Limited,Electrical Equipment & Parts,MARINE,EQ,Industrials,MARINE.NS,#N/A,1,,,,,,,,,,,,,,,,,,,,,,,,,,,,,,,,,
Hubtown Limited,Real Estate,HUBTOWN,EQ,Real Estate,HUBTOWN.NS,#N/A,1,,,,,,,,,,,,,,,,,,,,,,,,,,,,,,,,,
Wonderla Holidays Limited,Consumer Cyclical,WONDERLA,EQ,Consumer Cyclical,WONDERLA.NS,#N/A,1,,,,,,,,,,,,,,,,,,,,,,,,,,,,,,,,,
Hind Rectifiers Limited,Electrical Equipment & Parts,HIRECT,EQ,Industrials,HIRECT.NS,#N/A,1,,,,,,,,,,,,,,,,,,,,,,,,,,,,,,,,,
Mstc Limited,Conglomerates,MSTCLTD,EQ,Industrials,MSTCLTD.NS,#N/A,1,,,,,,,,,,,,,,,,,,,,,,,,,,,,,,,,,
JTL INDUSTRIES LIMITED,Steel,JTLIND,EQ,Basic Materials,JTLIND.NS,#N/A,1,,,,,,,,,,,,,,,,,,,,,,,,,,,,,,,,,
Grauer & Weil India Limited,Specialty Chemicals,GRAUWEIL,EQ,Basic Materials,GRAUWEIL.NS,#N/A,1,,,,,,,,,,,,,,,,,,,,,,,,,,,,,,,,,
UFLEX Limited,Consumer Cyclical,UFLEX,EQ,Consumer Cyclical,UFLEX.NS,#N/A,1,,,,,,,,,,,,,,,,,,,,,,,,,,,,,,,,,
Tatva Chintan Pharma Chem Limited,Specialty Chemicals,TATVA,EQ,Basic Materials,TATVA.NS,#N/A,1,,,,,,,,,,,,,,,,,,,,,,,,,,,,,,,,,
Bharat Bijlee Limited,Electrical Equipment & Parts,BBL,EQ,Industrials,BBL.NS,#N/A,1,,,,,,,,,,,,,,,,,,,,,,,,,,,,,,,,,
Dalmia Bharat Sugar and Industries Limited,Consumer Defensive,DALMIASUG,EQ,Consumer Defensive,DALMIASUG.NS,#N/A,1,,,,,,,,,,,,,,,,,,,,,,,,,,,,,,,,,
Jindal Poly Films Limited,Consumer Cyclical,JINDALPOLY,EQ,Consumer Cyclical,JINDALPOLY.NS,#N/A,1,,,,,,,,,,,,,,,,,,,,,,,,,,,,,,,,,
Baazar Style Retail Limited,Consumer Cyclical,STYLEBAAZA,EQ,Consumer Cyclical,STYLEBAAZA.NS,#N/A,1,,,,,,,,,,,,,,,,,,,,,,,,,,,,,,,,,
NRB Bearing Limited,Auto Parts,NRBBEARING,EQ,Consumer Cyclical,NRBBEARING.NS,#N/A,1,,,,,,,,,,,,,,,,,,,,,,,,,,,,,,,,,
Borosil Limited,"Furnishings, Fixtures & Appliances",BOROLTD,EQ,Consumer Cyclical,BOROLTD.NS,#N/A,1,,,,,,,,,,,,,,,,,,,,,,,,,,,,,,,,,
NOCIL Limited,Specialty Chemicals,NOCIL,EQ,Basic Materials,NOCIL.NS,#N/A,1,,,,,,,,,,,,,,,,,,,,,,,,,,,,,,,,,
Gufic Biosciences Limited,Drug Manufacturers - Specialty & Generic,GUFICBIO,EQ,Healthcare,GUFICBIO.NS,#N/A,1,,,,,,,,,,,,,,,,,,,,,,,,,,,,,,,,,
KDDL Limited,Luxury Goods,KDDL,EQ,Consumer Cyclical,KDDL.NS,#N/A,1,,,,,,,,,,,,,,,,,,,,,,,,,,,,,,,,,
TVS Srichakra Limited,Auto Parts,TVSSRICHAK,EQ,Consumer Cyclical,TVSSRICHAK.NS,#N/A,1,,,,,,,,,,,,,,,,,,,,,,,,,,,,,,,,,
Nalwa Sons Investments Limited,Asset Management,NSIL,EQ,Financial Services,NSIL.NS,#N/A,1,,,,,,,,,,,,,,,,,,,,,,,,,,,,,,,,,
Kewal Kiran Clothing Limited,Apparel Manufacturing,KKCL,EQ,Consumer Cyclical,KKCL.NS,#N/A,1,,,,,,,,,,,,,,,,,,,,,,,,,,,,,,,,,
Rossari Biotech Limited,Specialty Chemicals,ROSSARI,EQ,Basic Materials,ROSSARI.NS,#N/A,1,,,,,,,,,,,,,,,,,,,,,,,,,,,,,,,,,
Indo Tech Transformers Limited,Electrical Equipment & Parts,INDOTECH,EQ,Industrials,INDOTECH.NS,#N/A,1,,,,,,,,,,,,,,,,,,,,,,,,,,,,,,,,,
Savita Oil Technologies Limited,Specialty Chemicals,SOTL,EQ,Basic Materials,SOTL.NS,#N/A,1,,,,,,,,,,,,,,,,,,,,,,,,,,,,,,,,,
ADF Foods Limited,Packaged Foods,ADFFOODS,EQ,Consumer Defensive,ADFFOODS.NS,#N/A,1,,,,,,,,,,,,,,,,,,,,,,,,,,,,,,,,,
Gateway Distriparks Limited,Industrials,GATEWAY,EQ,Industrials,GATEWAY.NS,#N/A,1,,,,,,,,,,,,,,,,,,,,,,,,,,,,,,,,,
Maithan Alloys Limited,Steel,MAITHANALL,EQ,Basic Materials,MAITHANALL.NS,#N/A,1,,,,,,,,,,,,,,,,,,,,,,,,,,,,,,,,,
Polyplex Corporation Limited,Specialty Chemicals,POLYPLEX,EQ,Basic Materials,POLYPLEX.NS,#N/A,1,,,,,,,,,,,,,,,,,,,,,,,,,,,,,,,,,
Premier Explosives Limited,Specialty Chemicals,PREMEXPLN,EQ,Basic Materials,PREMEXPLN.NS,#N/A,1,,,,,,,,,,,,,,,,,,,,,,,,,,,,,,,,,
Dishman Carbogen Amcis Limited,Biotechnology,DCAL,EQ,Healthcare,DCAL.NS,#N/A,1,,,,,,,,,,,,,,,,,,,,,,,,,,,,,,,,,
Sanghvi Movers Limited,Industrials,SANGHVIMOV,EQ,Industrials,SANGHVIMOV.NS,#N/A,1,,,,,,,,,,,,,,,,,,,,,,,,,,,,,,,,,
Deep Industries Limited,Energy,DEEPINDS,EQ,Energy,DEEPINDS.NS,#N/A,1,,,,,,,,,,,,,,,,,,,,,,,,,,,,,,,,,
Windsor Machines Limited,Specialty Industrial Machinery,WINDMACHIN,EQ,Industrials,WINDMACHIN.NS,#N/A,1,,,,,,,,,,,,,,,,,,,,,,,,,,,,,,,,,
Steelcast Limited,Steel,STEELCAS,EQ,Basic Materials,STEELCAS.NS,#N/A,1,,,,,,,,,,,,,,,,,,,,,,,,,,,,,,,,,
Orient Cement Limited,Building Materials,ORIENTCEM,EQ,Basic Materials,ORIENTCEM.NS,#N/A,1,,,,,,,,,,,,,,,,,,,,,,,,,,,,,,,,,
Arvind SmartSpaces Limited,Real Estate,ARVSMART,EQ,Real Estate,ARVSMART.NS,#N/A,1,,,,,,,,,,,,,,,,,,,,,,,,,,,,,,,,,
Venus Pipes & Tubes Limited,Steel,VENUSPIPES,EQ,Basic Materials,VENUSPIPES.NS,#N/A,1,,,,,,,,,,,,,,,,,,,,,,,,,,,,,,,,,
Globus Spirits Limited,Consumer Defensive,GLOBUSSPR,EQ,Consumer Defensive,GLOBUSSPR.NS,#N/A,1,,,,,,,,,,,,,,,,,,,,,,,,,,,,,,,,,
MPS Limited,Communication Services,MPSLTD,EQ,Communication Services,MPSLTD.NS,#N/A,1,,,,,,,,,,,,,,,,,,,,,,,,,,,,,,,,,
Prince Pipes And Fittings Limited,Building Products & Equipment,PRINCEPIPE,EQ,Industrials,PRINCEPIPE.NS,#N/A,1,,,,,,,,,,,,,,,,,,,,,,,,,,,,,,,,,
Bliss GVS Pharma Limited,Drug Manufacturers - Specialty & Generic,BLISSGVS,EQ,Healthcare,BLISSGVS.NS,#N/A,1,,,,,,,,,,,,,,,,,,,,,,,,,,,,,,,,,
Ganesha Ecosphere Limited,Textile Manufacturing,GANECOS,EQ,Consumer Cyclical,GANECOS.NS,#N/A,1,,,,,,,,,,,,,,,,,,,,,,,,,,,,,,,,,
IOL Chemicals and Pharmaceuticals Limited,Drug Manufacturers - Specialty & Generic,IOLCP,EQ,Healthcare,IOLCP.NS,#N/A,1,,,,,,,,,,,,,,,,,,,,,,,,,,,,,,,,,
Euro Pratik Sales Limited,Building Materials,EUROPRATIK,EQ,Basic Materials,EUROPRATIK.NS,#N/A,1,,,,,,,,,,,,,,,,,,,,,,,,,,,,,,,,,
Medi Assist Healthcare Services Limited,Healthcare,MEDIASSIST,EQ,Healthcare,MEDIASSIST.NS,#N/A,1,,,,,,,,,,,,,,,,,,,,,,,,,,,,,,,,,
Bombay Dyeing & Mfg Company Limited,Textile Manufacturing,BOMDYEING,EQ,Consumer Cyclical,BOMDYEING.NS,#N/A,1,,,,,,,,,,,,,,,,,,,,,,,,,,,,,,,,,
Standard Engineering Technology Limited,Specialty Industrial Machinery,SETL,EQ,Industrials,SETL.NS,#N/A,1,,,,,,,,,,,,,,,,,,,,,,,,,,,,,,,,,
Automotive Axles Limited,Auto Parts,AUTOAXLES,EQ,Consumer Cyclical,AUTOAXLES.NS,#N/A,1,,,,,,,,,,,,,,,,,,,,,,,,,,,,,,,,,
Parag Milk Foods Limited,Packaged Foods,PARAGMILK,EQ,Consumer Defensive,PARAGMILK.NS,#N/A,1,,,,,,,,,,,,,,,,,,,,,,,,,,,,,,,,,
Apeejay Surrendra Park Hotels Limited,Lodging,PARKHOTELS,EQ,Consumer Cyclical,PARKHOTELS.NS,#N/A,1,,,,,,,,,,,,,,,,,,,,,,,,,,,,,,,,,
Greenpanel Industries Limited,Basic Materials,GREENPANEL,EQ,Basic Materials,GREENPANEL.NS,#N/A,1,,,,,,,,,,,,,,,,,,,,,,,,,,,,,,,,,
Marsons Limited,Electrical Equipment & Parts,MARSONS,EQ,Industrials,MARSONS.NS,#N/A,1,,,,,,,,,,,,,,,,,,,,,,,,,,,,,,,,,
Jubilant Agri and Consumer Products Limited,Specialty Chemicals,JUBLCPL,EQ,Basic Materials,JUBLCPL.NS,#N/A,1,,,,,,,,,,,,,,,,,,,,,,,,,,,,,,,,,
Kiri Industries Limited,Specialty Chemicals,KIRIINDUS,EQ,Basic Materials,KIRIINDUS.NS,#N/A,1,,,,,,,,,,,,,,,,,,,,,,,,,,,,,,,,,
Novartis India Limited,Drug Manufacturers - Specialty & Generic,NOVARTIND,EQ,Healthcare,NOVARTIND.NS,#N/A,1,,,,,,,,,,,,,,,,,,,,,,,,,,,,,,,,,
Pokarna Limited,Building Products & Equipment,POKARNA,EQ,Industrials,POKARNA.NS,#N/A,1,,,,,,,,,,,,,,,,,,,,,,,,,,,,,,,,,
K.P. Energy Limited,Engineering & Construction,KPEL,EQ,Industrials,KPEL.NS,#N/A,1,,,,,,,,,,,,,,,,,,,,,,,,,,,,,,,,,
Mayur Uniquoters Ltd,Textile Manufacturing,MAYURUNIQ,EQ,Consumer Cyclical,MAYURUNIQ.NS,#N/A,1,,,,,,,,,,,,,,,,,,,,,,,,,,,,,,,,,
Prakash Industries Limited,Steel,PRAKASH,EQ,Basic Materials,PRAKASH.NS,#N/A,1,,,,,,,,,,,,,,,,,,,,,,,,,,,,,,,,,
Unichem Laboratories Limited,Drug Manufacturers - Specialty & Generic,UNICHEMLAB,EQ,Healthcare,UNICHEMLAB.NS,#N/A,1,,,,,,,,,,,,,,,,,,,,,,,,,,,,,,,,,
Awfis Space Solutions Limited,Industrials,AWFIS,EQ,Industrials,AWFIS.NS,#N/A,1,,,,,,,,,,,,,,,,,,,,,,,,,,,,,,,,,
Shankara Buildpro Limited,Consumer Cyclical,BUILDPRO,EQ,Consumer Cyclical,BUILDPRO.NS,#N/A,1,,,,,,,,,,,,,,,,,,,,,,,,,,,,,,,,,
Xpro India Limited,Specialty Chemicals,XPROINDIA,EQ,Basic Materials,XPROINDIA.NS,#N/A,1,,,,,,,,,,,,,,,,,,,,,,,,,,,,,,,,,
CARYSIL LIMITED,"Furnishings, Fixtures & Appliances",CARYSIL,EQ,Consumer Cyclical,CARYSIL.NS,#N/A,1,,,,,,,,,,,,,,,,,,,,,,,,,,,,,,,,,
Nitin Spinners Limited,Textile Manufacturing,NITINSPIN,EQ,Consumer Cyclical,NITINSPIN.NS,#N/A,1,,,,,,,,,,,,,,,,,,,,,,,,,,,,,,,,,
Apcotex Industries Limited,Specialty Chemicals,APCOTEXIND,EQ,Basic Materials,APCOTEXIND.NS,#N/A,1,,,,,,,,,,,,,,,,,,,,,,,,,,,,,,,,,
Siyaram Silk Mills Limited,Textile Manufacturing,SIYSIL,EQ,Consumer Cyclical,SIYSIL.NS,#N/A,1,,,,,,,,,,,,,,,,,,,,,,,,,,,,,,,,,
Dredging Corporation of India Limited,Engineering & Construction,DREDGECORP,EQ,Industrials,DREDGECORP.NS,#N/A,1,,,,,,,,,,,,,,,,,,,,,,,,,,,,,,,,,
Kernex Microsystems (India) Limited,Software - Application,KERNEX,EQ,Technology,KERNEX.NS,#N/A,1,,,,,,,,,,,,,,,,,,,,,,,,,,,,,,,,,
Vardhman Special Steels Limited,Steel,VSSL,EQ,Basic Materials,VSSL.NS,#N/A,1,,,,,,,,,,,,,,,,,,,,,,,,,,,,,,,,,
Imagicaaworld Entertainment Limited,Communication Services,IMAGICAA,EQ,Communication Services,IMAGICAA.NS,#N/A,1,,,,,,,,,,,,,,,,,,,,,,,,,,,,,,,,,
EFC (I) Limited,Real Estate Services,EFCIL,EQ,Real Estate,EFCIL.NS,#N/A,1,,,,,,,,,,,,,,,,,,,,,,,,,,,,,,,,,
Federal-Mogul Goetze (India) Limited.,Auto Parts,FMGOETZE,EQ,Consumer Cyclical,FMGOETZE.NS,#N/A,1,,,,,,,,,,,,,,,,,,,,,,,,,,,,,,,,,
Jash Engineering Limited,Specialty Industrial Machinery,JASH,EQ,Industrials,JASH.NS,#N/A,1,,,,,,,,,,,,,,,,,,,,,,,,,,,,,,,,,
Thirumalai Chemicals Limited,Specialty Chemicals,TIRUMALCHM,EQ,Basic Materials,TIRUMALCHM.NS,#N/A,1,,,,,,,,,,,,,,,,,,,,,,,,,,,,,,,,,
Hikal Limited,Drug Manufacturers - Specialty & Generic,HIKAL,EQ,Healthcare,HIKAL.NS,#N/A,1,,,,,,,,,,,,,,,,,,,,,,,,,,,,,,,,,
Network People Services Technologies Limited,Software - Application,NPST,EQ,Technology,NPST.NS,#N/A,1,,,,,,,,,,,,,,,,,,,,,,,,,,,,,,,,,
GK Energy Limited,Utilities - Renewable,GKENERGY,EQ,Utilities,GKENERGY.NS,#N/A,1,,,,,,,,,,,,,,,,,,,,,,,,,,,,,,,,,
Nitco Limited,Building Products & Equipment,NITCO,EQ,Industrials,NITCO.NS,#N/A,1,,,,,,,,,,,,,,,,,,,,,,,,,,,,,,,,,
TCPL Packaging Limited,Consumer Cyclical,TCPLPACK,EQ,Consumer Cyclical,TCPLPACK.NS,#N/A,1,,,,,,,,,,,,,,,,,,,,,,,,,,,,,,,,,
The Orissa Minerals Development Company Limited,Steel,ORISSAMINE,EQ,Basic Materials,ORISSAMINE.NS,#N/A,1,,,,,,,,,,,,,,,,,,,,,,,,,,,,,,,,,
Veedol Corporation Limited,Specialty Chemicals,VEEDOL,EQ,Basic Materials,VEEDOL.NS,#N/A,1,,,,,,,,,,,,,,,,,,,,,,,,,,,,,,,,,
Ddev Plastiks Industries Limited,Specialty Chemicals,DDEVPLSTIK,EQ,Basic Materials,DDEVPLSTIK.NS,#N/A,1,,,,,,,,,,,,,,,,,,,,,,,,,,,,,,,,,
Sangam (India) Limited,Textile Manufacturing,SANGAMIND,EQ,Consumer Cyclical,SANGAMIND.NS,#N/A,1,,,,,,,,,,,,,,,,,,,,,,,,,,,,,,,,,
Jain Irrigation Systems Limited,Conglomerates,JISLJALEQS,EQ,Industrials,JISLJALEQS.NS,#N/A,1,,,,,,,,,,,,,,,,,,,,,,,,,,,,,,,,,
Mangalam Cement Limited,Building Materials,MANGLMCEM,EQ,Basic Materials,MANGLMCEM.NS,#N/A,0,,,,,,,,,,,,,,,,,,,,,,,,,,,,,,,,,
Ajmera Realty & Infra India Limited,Real Estate,AJMERA,EQ,Real Estate,AJMERA.NS,#N/A,0,,,,,,,,,,,,,,,,,,,,,,,,,,,,,,,,,
Uniparts India Limited,Farm & Heavy Construction Machinery,UNIPARTS,EQ,Industrials,UNIPARTS.NS,#N/A,0,,,,,,,,,,,,,,,,,,,,,,,,,,,,,,,,,
Spandana Sphoorty Financial Limited,Credit Services,SPANDANA,EQ,Financial Services,SPANDANA.NS,#N/A,0,,,,,,,,,,,,,,,,,,,,,,,,,,,,,,,,,
EPACK Durable Limited,"Furnishings, Fixtures & Appliances",EPACK,EQ,Consumer Cyclical,EPACK.NS,#N/A,0,,,,,,,,,,,,,,,,,,,,,,,,,,,,,,,,,
Camlin Fine Sciences Limited,Specialty Chemicals,CAMLINFINE,EQ,Basic Materials,CAMLINFINE.NS,#N/A,0,,,,,,,,,,,,,,,,,,,,,,,,,,,,,,,,,
Rane (Madras) Limited,Auto Parts,RML,EQ,Consumer Cyclical,RML.NS,#N/A,0,,,,,,,,,,,,,,,,,,,,,,,,,,,,,,,,,
Solara Active Pharma Sciences Limited,Drug Manufacturers - Specialty & Generic,SOLARA,EQ,Healthcare,SOLARA.NS,#N/A,0,,,,,,,,,,,,,,,,,,,,,,,,,,,,,,,,,
Repco Home Finance Limited,Mortgage Finance,REPCOHOME,EQ,Financial Services,REPCOHOME.NS,#N/A,0,,,,,,,,,,,,,,,,,,,,,,,,,,,,,,,,,
Sundrop Brands Limited,Packaged Foods,SUNDROP,EQ,Consumer Defensive,SUNDROP.NS,#N/A,0,,,,,,,,,,,,,,,,,,,,,,,,,,,,,,,,,
D. P. Abhushan Limited,Luxury Goods,DPABHUSHAN,EQ,Consumer Cyclical,DPABHUSHAN.NS,#N/A,0,,,,,,,,,,,,,,,,,,,,,,,,,,,,,,,,,
Morepen Laboratories Limited,Drug Manufacturers - Specialty & Generic,MOREPENLAB,EQ,Healthcare,MOREPENLAB.NS,#N/A,0,,,,,,,,,,,,,,,,,,,,,,,,,,,,,,,,,
HPL Electric & Power Limited,Electrical Equipment & Parts,HPL,EQ,Industrials,HPL.NS,#N/A,0,,,,,,,,,,,,,,,,,,,,,,,,,,,,,,,,,
DCX Systems Limited,Aerospace & Defense,DCXINDIA,EQ,Industrials,DCXINDIA.NS,#N/A,0,,,,,,,,,,,,,,,,,,,,,,,,,,,,,,,,,
Ramco Industries Limited,Building Products & Equipment,RAMCOIND,EQ,Industrials,RAMCOIND.NS,#N/A,0,,,,,,,,,,,,,,,,,,,,,,,,,,,,,,,,,
Sagar Cements Limited,Building Materials,SAGCEM,EQ,Basic Materials,SAGCEM.NS,#N/A,0,,,,,,,,,,,,,,,,,,,,,,,,,,,,,,,,,
Ravindra Energy Limited,Solar,RELTD,EQ,Technology,RELTD.NS,#N/A,0,,,,,,,,,,,,,,,,,,,,,,,,,,,,,,,,,
Shipping Corporation of India Land and Assets Limited,Real Estate Services,SCILAL,EQ,Real Estate,SCILAL.NS,#N/A,0,,,,,,,,,,,,,,,,,,,,,,,,,,,,,,,,,
Monarch Networth Capital Limited,Capital Markets,MONARCH,EQ,Financial Services,MONARCH.NS,#N/A,0,,,,,,,,,,,,,,,,,,,,,,,,,,,,,,,,,
HLE Glascoat Limited,Specialty Industrial Machinery,HLEGLAS,EQ,Industrials,HLEGLAS.NS,#N/A,0,,,,,,,,,,,,,,,,,,,,,,,,,,,,,,,,,
Fischer Medical Ventures Limited,Healthcare,FISCHER,EQ,Healthcare,FISCHER.NS,#N/A,0,,,,,,,,,,,,,,,,,,,,,,,,,,,,,,,,,
Brigade Hotel Ventures Limited,Lodging,BRIGHOTEL,EQ,Consumer Cyclical,BRIGHOTEL.NS,#N/A,0,,,,,,,,,,,,,,,,,,,,,,,,,,,,,,,,,
Gujarat Industries Power Company Limited,Utilities,GIPCL,EQ,Utilities,GIPCL.NS,#N/A,0,,,,,,,,,,,,,,,,,,,,,,,,,,,,,,,,,
Alembic Limited,Real Estate,ALEMBICLTD,EQ,Real Estate,ALEMBICLTD.NS,#N/A,0,,,,,,,,,,,,,,,,,,,,,,,,,,,,,,,,,
Bhansali Engineering Polymers Limited,Chemicals,BEPL,EQ,Basic Materials,BEPL.NS,#N/A,0,,,,,,,,,,,,,,,,,,,,,,,,,,,,,,,,,
Prataap Snacks Limited,Packaged Foods,DIAMONDYD,EQ,Consumer Defensive,DIAMONDYD.NS,#N/A,0,,,,,,,,,,,,,,,,,,,,,,,,,,,,,,,,,
Sirca Paints India Limited,Specialty Chemicals,SIRCA,EQ,Basic Materials,SIRCA.NS,#N/A,0,,,,,,,,,,,,,,,,,,,,,,,,,,,,,,,,,
Eveready Industries India Limited,Electrical Equipment & Parts,EVEREADY,EQ,Industrials,EVEREADY.NS,#N/A,0,,,,,,,,,,,,,,,,,,,,,,,,,,,,,,,,,
Bharat Rasayan Limited,Agricultural Inputs,BHARATRAS,EQ,Basic Materials,BHARATRAS.NS,#N/A,0,,,,,,,,,,,,,,,,,,,,,,,,,,,,,,,,,
MSP Steel & Power Limited,Steel,MSPL,EQ,Basic Materials,MSPL.NS,#N/A,0,,,,,,,,,,,,,,,,,,,,,,,,,,,,,,,,,
Protean eGov Technologies Limited,Information Technology Services,PROTEAN,EQ,Technology,PROTEAN.NS,#N/A,0,,,,,,,,,,,,,,,,,,,,,,,,,,,,,,,,,
MM Forgings Limited,Metal Fabrication,MMFL,EQ,Industrials,MMFL.NS,#N/A,0,,,,,,,,,,,,,,,,,,,,,,,,,,,,,,,,,
Panacea Biotec Limited,Biotechnology,PANACEABIO,EQ,Healthcare,PANACEABIO.NS,#N/A,0,,,,,,,,,,,,,,,,,,,,,,,,,,,,,,,,,
Mufin Green Finance Limited,Credit Services,MUFIN,EQ,Financial Services,MUFIN.NS,#N/A,0,,,,,,,,,,,,,,,,,,,,,,,,,,,,,,,,,
Prabha Energy Limited,Energy,PRABHA,EQ,Energy,PRABHA.NS,#N/A,0,,,,,,,,,,,,,,,,,,,,,,,,,,,,,,,,,
Satin Creditcare Network Limited,Credit Services,SATIN,EQ,Financial Services,SATIN.NS,#N/A,0,,,,,,,,,,,,,,,,,,,,,,,,,,,,,,,,,
Antelopus Selan Energy Limited,Energy,ANTELOPUS,EQ,Energy,ANTELOPUS.NS,#N/A,0,,,,,,,,,,,,,,,,,,,,,,,,,,,,,,,,,
Honda India Power Products Limited,Specialty Industrial Machinery,HONDAPOWER,EQ,Industrials,HONDAPOWER.NS,#N/A,0,,,,,,,,,,,,,,,,,,,,,,,,,,,,,,,,,
Venky's (India) Limited,Consumer Defensive,VENKEYS,EQ,Consumer Defensive,VENKEYS.NS,#N/A,0,,,,,,,,,,,,,,,,,,,,,,,,,,,,,,,,,
Arkade Developers Limited,Real Estate,ARKADE,EQ,Real Estate,ARKADE.NS,#N/A,0,,,,,,,,,,,,,,,,,,,,,,,,,,,,,,,,,
Vimta Labs Limited,Diagnostics & Research,VIMTALABS,EQ,Healthcare,VIMTALABS.NS,#N/A,0,,,,,,,,,,,,,,,,,,,,,,,,,,,,,,,,,
Advait Energy Transitions Limited,Specialty Industrial Machinery,ADVAIT,EQ,Industrials,ADVAIT.NS,#N/A,0,,,,,,,,,,,,,,,,,,,,,,,,,,,,,,,,,
Jaykay Enterprises Limited,Industrials,JAYKAY,EQ,Industrials,JAYKAY.NS,#N/A,0,,,,,,,,,,,,,,,,,,,,,,,,,,,,,,,,,
Pennar Industries Limited,Specialty Industrial Machinery,PENIND,EQ,Industrials,PENIND.NS,#N/A,0,,,,,,,,,,,,,,,,,,,,,,,,,,,,,,,,,
KCP Limited,Building Materials,KCP,EQ,Basic Materials,KCP.NS,#N/A,0,,,,,,,,,,,,,,,,,,,,,,,,,,,,,,,,,
Ceinsys Tech Limited,Engineering & Construction,CEINSYS,EQ,Industrials,CEINSYS.NS,#N/A,0,,,,,,,,,,,,,,,,,,,,,,,,,,,,,,,,,
Teamlease Services Limited,Industrials,TEAMLEASE,EQ,Industrials,TEAMLEASE.NS,#N/A,0,,,,,,,,,,,,,,,,,,,,,,,,,,,,,,,,,
Divgi Torqtransfer Systems Limited,Auto Parts,DIVGIITTS,EQ,Consumer Cyclical,DIVGIITTS.NS,#N/A,0,,,,,,,,,,,,,,,,,,,,,,,,,,,,,,,,,
Rajratan Global Wire Limited,Steel,RAJRATAN,EQ,Basic Materials,RAJRATAN.NS,#N/A,0,,,,,,,,,,,,,,,,,,,,,,,,,,,,,,,,,
