snapshot_date,ticker,Company Name,Industry,sector,is_fo_stock,fo_category,stage,stage_variant,stage_confidence,stage_reason,combined_bucket,final_combined_score,volume_dryup_ratio,volume_is_drying_up,weekly_volume_is_drying_up,public_action,super_action,breakout_volume_ratio,weekly_volume_ratio
2026-05-17,360ONE.NS,360 ONE WAM LIMITED,Asset Management,Financial Services,True,F&O,Stage 1,Stage 1 - Unclear/Repair,0.58,Not enough evidence for Stage 2 or Stage 4; classified as repair/unclear structure.,watchlist,13.51,0.99,False,True,Base Building,Watchlist / Early base,0.5,0.65
2026-05-17,3MINDIA.NS,3M India Limited,Conglomerates,Industrials,False,Cash,Stage 1,Stage 1 - Base/Repair,0.7,Price is near long-term moving averages with no strong long-term downtrend signal.,watchlist,7.58,0.44,True,True,Base Building,Watchlist / Early base,0.19,0.41
2026-05-17,63MOONS.NS,63 moons technologies limited,Software - Application,Technology,False,Cash,Stage 4,Stage 4 - Weak/Declining,0.72,Price is below long-term support with weak trend evidence.,watchlist,22.82,0.32,True,True,Weak Structure,Exit / Avoid,0.29,0.31
2026-05-17,AADHARHFC.NS,Aadhar Housing Finance Limited,Mortgage Finance,Financial Services,False,Cash,Stage 1,Stage 1 - Base/Repair,0.7,Price is near long-term moving averages with no strong long-term downtrend signal.,watchlist,19.19,1.12,False,True,Base Building,Watchlist / Early base,1.41,0.76
2026-05-17,AARTIDRUGS.NS,Aarti Drugs Limited,Drug Manufacturers - Specialty & Generic,Healthcare,False,Cash,Stage 4,Stage 4 - Weak/Declining,0.72,Price is below long-term support with weak trend evidence.,watchlist,31.49,1.28,False,False,Weak Structure,Exit / Avoid,1.39,1.22
2026-05-17,AARTIIND.NS,Aarti Industries Limited,Specialty Chemicals,Basic Materials,False,Cash,Stage 2,Clean Stage 2,0.9,"Price is above rising key averages, weekly structure is supportive, and the stock is near its 52-week high.",watchlist,40.04,1.29,False,True,Advancing,Hold / Trend intact,0.22,0.7
2026-05-17,AARTIPHARM.NS,Aarti Pharmalabs Limited,Drug Manufacturers - Specialty & Generic,Healthcare,False,Cash,Stage 4,Stage 4 - Weak/Declining,0.72,Price is below long-term support with weak trend evidence.,watchlist,11.68,1.15,False,True,Weak Structure,Exit / Avoid,0.69,0.77
2026-05-17,AAVAS.NS,Aavas Financiers Limited,Mortgage Finance,Financial Services,False,Cash,Stage 4,Stage 4 - Weak/Declining,0.72,Price is below long-term support with weak trend evidence.,watchlist,18.26,0.49,True,True,Weak Structure,Exit / Avoid,0.22,0.29
2026-05-17,ABB.NS,ABB India Limited,Specialty Industrial Machinery,Industrials,True,F&O,Stage 2,Early Stage 2,0.72,"Price has moved above long-term structure, but the full moving-average stack is not clean yet.",watchlist,29.24,1.34,False,False,Advancing,Hold / Trend intact,0.48,2.34
2026-05-17,ABBOTINDIA.NS,Abbott India Limited,Drug Manufacturers - Specialty & Generic,Healthcare,False,Cash,Stage 4,Stage 4 - Weak/Declining,0.72,Price is below long-term support with weak trend evidence.,watchlist,20.61,1.36,False,False,Weak Structure,Exit / Avoid,0.83,1.73
2026-05-17,ABCAPITAL.NS,Aditya Birla Capital Limited,Financial Services,Financial Services,True,F&O,Stage 2,Early Stage 2,0.72,"Price has moved above long-term structure, but the full moving-average stack is not clean yet.",watchlist,30.78,1.31,False,True,Advancing,Hold / Trend intact,0.94,0.78
2026-05-17,ABDL.NS,Allied Blenders and Distillers Limited,Consumer Defensive,Consumer Defensive,False,Cash,Stage 2,Early Stage 2,0.72,"Price has moved above long-term structure, but the full moving-average stack is not clean yet.",watchlist,34.92,0.77,True,True,Advancing,Hold / Trend intact,1.6,0.85
2026-05-17,ABFRL.NS,Aditya Birla Fashion and Retail Limited,Apparel Manufacturing,Consumer Cyclical,False,Cash,Stage 4,Stage 4 - Weak/Declining,0.72,Price is below long-term support with weak trend evidence.,watchlist,7.49,0.98,False,True,Weak Structure,Exit / Avoid,0.33,0.43
2026-05-17,ABREL.NS,Aditya Birla Real Estate Limited,Real Estate Services,Real Estate,False,Cash,Stage 4,Stage 4 - Weak/Declining,0.72,Price is below long-term support with weak trend evidence.,watchlist,5.9,1.23,False,False,Weak Structure,Exit / Avoid,0.24,1.76
2026-05-17,ABSLAMC.NS,Aditya Birla Sun Life AMC Limited,Asset Management,Financial Services,False,Cash,Stage 2,Clean Stage 2,0.9,"Price is above rising key averages, weekly structure is supportive, and the stock is near its 52-week high.",watchlist,47.58,0.82,True,True,Advancing,Hold / Trend intact,0.3,0.61
2026-05-17,ACC.NS,ACC Limited,Building Materials,Basic Materials,False,Cash,Stage 4,Stage 4 - Confirmed Downtrend,0.86,Price is below a bearish moving-average stack with falling trend signals.,watchlist,1.8,1.29,False,False,Weak Structure,Exit / Avoid,0.47,1.5
2026-05-17,ACE.NS,Action Construction Equipment Limited,Farm & Heavy Construction Machinery,Industrials,False,Cash,Stage 4,Stage 4 - Weak/Declining,0.72,Price is below long-term support with weak trend evidence.,watchlist,24.49,1.96,False,False,Weak Structure,Exit / Avoid,0.7,1.07
2026-05-17,ACI.NS,Archean Chemical Industries Limited,Chemicals,Basic Materials,False,Cash,Stage 4,Stage 4 - Weak/Declining,0.72,Price is below long-term support with weak trend evidence.,watchlist,24.45,1.34,False,False,Weak Structure,Exit / Avoid,1.22,2.32
2026-05-17,ACMESOLAR.NS,Acme Solar Holdings Limited,Utilities - Renewable,Utilities,False,Cash,Stage 2,Early Stage 2,0.72,"Price has moved above long-term structure, but the full moving-average stack is not clean yet.",watchlist,53.67,0.82,True,True,Advancing,Hold / Trend intact,0.34,0.9
2026-05-17,ADANIENSOL.NS,Adani Energy Solutions Limited,Utilities,Utilities,True,F&O,Stage 2,Clean Stage 2,0.9,"Price is above rising key averages, weekly structure is supportive, and the stock is near its 52-week high.",watchlist,72.12,1.32,False,False,Advancing,Hold / Trend intact,1.13,1.72
2026-05-17,ADANIENT.NS,Adani Enterprises Limited,Energy,Energy,True,F&O,Stage 1,Stage 1 - Early Turn,0.66,The stock is improving from a repair/base area but has not confirmed a clean Stage 2 yet.,watchlist,16.02,1.33,False,False,Base Building,Watchlist / Early base,2.48,1.94
2026-05-17,ADANIGREEN.NS,Adani Green Energy Limited,Utilities - Renewable,Utilities,True,F&O,Stage 2,Extended Stage 2,0.78,"Advancing structure remains intact, but price is stretched versus key moving averages or far above the 52-week low.",watchlist,67.37,1.01,False,False,Advancing,Hold / Trend intact,1.68,1.37
2026-05-17,ADANIPORTS.NS,Adani Ports and Special Economic Zone Limited,Marine Shipping,Industrials,True,F&O,Stage 2,Clean Stage 2,0.9,"Price is above rising key averages, weekly structure is supportive, and the stock is near its 52-week high.",watchlist,49.98,1.2,False,False,Advancing,Hold / Trend intact,1.49,1.23
2026-05-17,ADANIPOWER.NS,Adani Power Limited,Utilities,Utilities,True,F&O,Stage 2,Extended Stage 2,0.78,"Advancing structure remains intact, but price is stretched versus key moving averages or far above the 52-week low.",watchlist,71.5,0.94,False,False,Advancing,Hold / Trend intact,1.04,1.06
2026-05-17,ADFFOODS.NS,ADF Foods Limited,Packaged Foods,Consumer Defensive,False,Cash,Stage 2,Extended Stage 2,0.78,"Advancing structure remains intact, but price is stretched versus key moving averages or far above the 52-week low.",watchlist,27.54,0.93,False,False,Advancing,Hold / Trend intact,0.5,1.46
2026-05-17,ADVENZYMES.NS,Advanced Enzyme Technologies Limited,Specialty Chemicals,Basic Materials,False,Cash,Stage 2,Extended Stage 2,0.78,"Advancing structure remains intact, but price is stretched versus key moving averages or far above the 52-week low.",watchlist,25.05,2.79,False,False,Advancing,Hold / Trend intact,0.35,9.16
2026-05-17,AEGISLOG.NS,Aegis Logistics Limited,Oil & Gas Refining & Marketing,Energy,False,Cash,Stage 4,Stage 4 - Weak/Declining,0.72,Price is below long-term support with weak trend evidence.,watchlist,0.0,0.55,True,True,Weak Structure,Exit / Avoid,0.67,0.71
2026-05-17,AEROFLEX.NS,Aeroflex Industries Limited,Metal Fabrication,Industrials,False,Cash,Stage 2,Extended Stage 2,0.78,"Advancing structure remains intact, but price is stretched versus key moving averages or far above the 52-week low.",watchlist,38.0,2.1,False,False,Advancing,Hold / Trend intact,0.84,1.12
2026-05-17,AETHER.NS,Aether Industries Limited,Specialty Chemicals,Basic Materials,False,Cash,Stage 2,Early Stage 2,0.72,"Price has moved above long-term structure, but the full moving-average stack is not clean yet.",watchlist,43.88,1.01,False,True,Advancing,Hold / Trend intact,1.1,0.83
2026-05-17,AFCONS.NS,Afcons Infrastructure Limited,Engineering & Construction,Industrials,False,Cash,Stage 4,Stage 4 - Weak/Declining,0.72,Price is below long-term support with weak trend evidence.,watchlist,1.8,1.14,False,False,Weak Structure,Exit / Avoid,0.54,2.13
2026-05-17,AFFLE.NS,Affle 3i Limited,Communication Services,Communication Services,False,Cash,Stage 4,Stage 4 - Weak/Declining,0.72,Price is below long-term support with weak trend evidence.,watchlist,7.79,2.48,False,False,Weak Structure,Exit / Avoid,0.31,7.47
2026-05-17,AGARWALEYE.NS,Dr. Agarwal's Health Care Limited,Healthcare,Healthcare,False,Cash,Stage 1,Stage 1 - Base/Repair,0.7,Price is near long-term moving averages with no strong long-term downtrend signal.,watchlist,11.9,0.47,True,True,Base Building,Watchlist / Early base,0.36,0.44
2026-05-17,AGI.NS,AGI Greenpac Limited,Consumer Cyclical,Consumer Cyclical,False,Cash,Stage 4,Stage 4 - Weak/Declining,0.72,Price is below long-term support with weak trend evidence.,watchlist,1.44,0.38,True,True,Weak Structure,Exit / Avoid,0.18,0.39
2026-05-17,AGIIL.NS,Agi Infra Limited,Real Estate,Real Estate,False,Cash,Stage 2,Extended Stage 2,0.78,"Advancing structure remains intact, but price is stretched versus key moving averages or far above the 52-week low.",watchlist,44.65,0.9,False,True,Advancing,Hold / Trend intact,1.0,0.64
2026-05-17,AHLUCONT.NS,Ahluwalia Contracts (India) Limited,Engineering & Construction,Industrials,False,Cash,Stage 4,Stage 4 - Weak/Declining,0.72,Price is below long-term support with weak trend evidence.,watchlist,0.0,0.57,True,True,Weak Structure,Exit / Avoid,0.26,0.4
2026-05-17,AIAENG.NS,AIA Engineering Limited,Specialty Industrial Machinery,Industrials,False,Cash,Stage 2,Stage 2,0.76,Advancing structure detected.,watchlist,36.51,0.33,True,True,Advancing,Hold / Trend intact,0.26,0.3
2026-05-17,AIIL.NS,Authum Investment & Infrastructure Limited,Capital Markets,Financial Services,False,Cash,Stage 4,Stage 4 - Weak/Declining,0.72,Price is below long-term support with weak trend evidence.,watchlist,11.16,0.45,True,True,Weak Structure,Exit / Avoid,0.63,0.48
2026-05-17,AJANTPHARM.NS,Ajanta Pharma Limited,Drug Manufacturers - Specialty & Generic,Healthcare,False,Cash,Stage 2,Stage 2,0.76,Advancing structure detected.,watchlist,39.71,1.78,False,False,Advancing,Hold / Trend intact,1.17,1.98
2026-05-17,AJAXENGG.NS,Ajax Engineering Limited,Farm & Heavy Construction Machinery,Industrials,False,Cash,Stage 4,Stage 4 - Weak/Declining,0.72,Price is below long-term support with weak trend evidence.,watchlist,5.78,0.65,True,False,Weak Structure,Exit / Avoid,0.57,0.92
2026-05-17,AKUMS.NS,Akums Drugs and Pharmaceuticals Limited,Drug Manufacturers - Specialty & Generic,Healthcare,False,Cash,Stage 2,Early Stage 2,0.72,"Price has moved above long-term structure, but the full moving-average stack is not clean yet.",watchlist,63.13,1.5,False,False,Advancing,Hold / Trend intact,1.72,2.84
2026-05-17,ALIVUS.NS,Alivus Life Sciences Limited,Drug Manufacturers - Specialty & Generic,Healthcare,False,Cash,Stage 2,Early Stage 2,0.72,"Price has moved above long-term structure, but the full moving-average stack is not clean yet.",watchlist,58.26,1.15,False,False,Advancing,Hold / Trend intact,1.89,1.12
2026-05-17,ALKEM.NS,Alkem Laboratories Limited,Drug Manufacturers - Specialty & Generic,Healthcare,True,F&O,Stage 1,Stage 1 - Base/Repair,0.7,Price is near long-term moving averages with no strong long-term downtrend signal.,watchlist,15.91,0.64,True,True,Base Building,Watchlist / Early base,0.59,0.52
2026-05-17,ALKYLAMINE.NS,Alkyl Amines Chemicals Limited,Specialty Chemicals,Basic Materials,False,Cash,Stage 1,Stage 1 - Early Turn,0.66,The stock is improving from a repair/base area but has not confirmed a clean Stage 2 yet.,watchlist,9.04,2.76,False,False,Base Building,Watchlist / Early base,0.82,8.2
2026-05-17,AMBER.NS,Amber Enterprises India Limited,"Furnishings, Fixtures & Appliances",Consumer Cyclical,True,F&O,Stage 2,Early Stage 2,0.72,"Price has moved above long-term structure, but the full moving-average stack is not clean yet.",watchlist,42.01,1.02,False,False,Advancing,Hold / Trend intact,1.19,1.03
2026-05-17,AMBUJACEM.NS,Ambuja Cements Limited,Building Materials,Basic Materials,True,F&O,Stage 4,Stage 4 - Confirmed Downtrend,0.86,Price is below a bearish moving-average stack with falling trend signals.,watchlist,1.44,1.46,False,False,Weak Structure,Exit / Avoid,0.78,1.06
2026-05-17,ANANDRATHI.NS,Anand Rathi Wealth Limited,Asset Management,Financial Services,False,Cash,Stage 2,Clean Stage 2,0.9,"Price is above rising key averages, weekly structure is supportive, and the stock is near its 52-week high.",watchlist,53.73,1.05,False,False,Advancing,Hold / Trend intact,0.43,1.36
2026-05-17,ANANTRAJ.NS,Anant Raj Limited,Real Estate,Real Estate,False,Cash,Stage 4,Stage 4 - Weak/Declining,0.72,Price is below long-term support with weak trend evidence.,watchlist,3.42,1.29,False,False,Weak Structure,Exit / Avoid,0.36,1.24
2026-05-17,ANGELONE.NS,Angel One Limited,Capital Markets,Financial Services,True,F&O,Stage 2,Clean Stage 2,0.9,"Price is above rising key averages, weekly structure is supportive, and the stock is near its 52-week high.",watchlist,35.0,0.64,True,True,Advancing,Hold / Trend intact,0.52,0.65
2026-05-17,ANUP.NS,The Anup Engineering Limited,Specialty Industrial Machinery,Industrials,False,Cash,Stage 4,Stage 4 - Weak/Declining,0.72,Price is below long-term support with weak trend evidence.,watchlist,10.0,0.53,True,True,Weak Structure,Exit / Avoid,0.41,0.66
2026-05-17,ANURAS.NS,Anupam Rasayan India Limited,Specialty Chemicals,Basic Materials,False,Cash,Stage 2,Clean Stage 2,0.9,"Price is above rising key averages, weekly structure is supportive, and the stock is near its 52-week high.",watchlist,47.47,1.56,False,False,Advancing,Hold / Trend intact,0.61,1.55
2026-05-17,APARINDS.NS,Apar Industries Limited,Electrical Equipment & Parts,Industrials,False,Cash,Stage 2,Clean Stage 2,0.9,"Price is above rising key averages, weekly structure is supportive, and the stock is near its 52-week high.",watchlist,54.48,0.74,True,True,Advancing,Hold / Trend intact,0.47,0.61
2026-05-17,APCOTEXIND.NS,Apcotex Industries Limited,Specialty Chemicals,Basic Materials,False,Cash,Stage 2,Extended Stage 2,0.78,"Advancing structure remains intact, but price is stretched versus key moving averages or far above the 52-week low.",watchlist,39.62,3.42,False,False,Advancing,Hold / Trend intact,0.81,1.12
2026-05-17,APLAPOLLO.NS,APL Apollo Tubes Limited,Steel,Basic Materials,True,F&O,Stage 3,Stage 3 - Distribution/Damage,0.76,"Prior strength exists, but short-term and/or weekly structure is deteriorating.",watchlist,17.42,1.26,False,True,Transition,Reduce / Avoid fresh longs,0.46,0.68
2026-05-17,APLLTD.NS,Alembic Pharmaceuticals Limited,Drug Manufacturers - Specialty & Generic,Healthcare,False,Cash,Stage 4,Stage 4 - Weak/Declining,0.72,Price is below long-term support with weak trend evidence.,watchlist,36.97,1.95,False,False,Weak Structure,Exit / Avoid,3.19,1.74
2026-05-17,APOLLO.NS,Apollo Micro Systems Limited,Aerospace & Defense,Industrials,False,Cash,Stage 2,Extended Stage 2,0.78,"Advancing structure remains intact, but price is stretched versus key moving averages or far above the 52-week low.",watchlist,41.27,0.84,True,True,Advancing,Hold / Trend intact,0.38,0.69
2026-05-17,APOLLOHOSP.NS,Apollo Hospitals Enterprise Limited,Medical Care Facilities,Healthcare,True,F&O,Stage 2,Early Stage 2,0.72,"Price has moved above long-term structure, but the full moving-average stack is not clean yet.",watchlist,56.78,1.02,False,False,Advancing,Hold / Trend intact,0.77,1.01
2026-05-17,APOLLOTYRE.NS,Apollo Tyres Limited,Auto Parts,Consumer Cyclical,False,Cash,Stage 4,Stage 4 - Weak/Declining,0.72,Price is below long-term support with weak trend evidence.,watchlist,2.9,1.85,False,False,Weak Structure,Exit / Avoid,9.33,2.72
2026-05-17,APTUS.NS,Aptus Value Housing Finance India Limited,Mortgage Finance,Financial Services,False,Cash,Stage 1,Stage 1 - Early Turn,0.66,The stock is improving from a repair/base area but has not confirmed a clean Stage 2 yet.,watchlist,5.15,1.3,False,True,Base Building,Watchlist / Early base,0.29,0.58
2026-05-17,ARE&M.NS,Amara Raja Energy & Mobility Limited,Electrical Equipment & Parts,Industrials,False,Cash,Stage 4,Stage 4 - Weak/Declining,0.72,Price is below long-term support with weak trend evidence.,watchlist,10.0,0.34,True,True,Weak Structure,Exit / Avoid,0.1,0.29
2026-05-17,ARVIND.NS,Arvind Limited,Textile Manufacturing,Consumer Cyclical,False,Cash,Stage 2,Extended Stage 2,0.78,"Advancing structure remains intact, but price is stretched versus key moving averages or far above the 52-week low.",watchlist,67.69,2.9,False,False,Advancing,Hold / Trend intact,1.06,1.62
2026-05-17,ARVINDFASN.NS,Arvind Fashions Limited,Apparel Manufacturing,Consumer Cyclical,False,Cash,Stage 4,Stage 4 - Confirmed Downtrend,0.86,Price is below a bearish moving-average stack with falling trend signals.,watchlist,0.0,2.69,False,True,Weak Structure,Exit / Avoid,0.74,0.81
2026-05-17,ARVSMART.NS,Arvind SmartSpaces Limited,Real Estate,Real Estate,False,Cash,Stage 4,Stage 4 - Weak/Declining,0.72,Price is below long-term support with weak trend evidence.,watchlist,6.54,0.11,True,True,Weak Structure,Exit / Avoid,0.06,0.09
2026-05-17,ASAHIINDIA.NS,Asahi India Glass Limited,Auto Parts,Consumer Cyclical,False,Cash,Stage 4,Stage 4 - Weak/Declining,0.72,Price is below long-term support with weak trend evidence.,watchlist,2.0,0.24,True,True,Weak Structure,Exit / Avoid,0.87,0.24
2026-05-17,ASHAPURMIN.NS,Ashapura Minechem Limited,Basic Materials,Basic Materials,False,Cash,Stage 3,Stage 3 - Transition,0.62,"The structure is transitioning after prior strength, but it is not yet a confirmed Stage 4 decline.",watchlist,9.29,0.98,False,False,Transition,Reduce / Avoid fresh longs,0.54,1.03
2026-05-17,ASHIANA.NS,Ashiana Housing Limited,Real Estate,Real Estate,False,Cash,Stage 2,Early Stage 2,0.72,"Price has moved above long-term structure, but the full moving-average stack is not clean yet.",watchlist,20.87,1.0,False,True,Advancing,Hold / Trend intact,0.22,0.74
2026-05-17,ASHOKA.NS,Ashoka Buildcon Limited,Engineering & Construction,Industrials,False,Cash,Stage 4,Stage 4 - Weak/Declining,0.72,Price is below long-term support with weak trend evidence.,watchlist,2.79,0.65,True,True,Weak Structure,Exit / Avoid,0.42,0.6
2026-05-17,ASHOKLEY.NS,Ashok Leyland Limited,Farm & Heavy Construction Machinery,Industrials,True,F&O,Stage 1,Stage 1 - Base/Repair,0.7,Price is near long-term moving averages with no strong long-term downtrend signal.,watchlist,1.98,0.87,False,False,Base Building,Watchlist / Early base,0.92,1.08
2026-05-17,ASIANPAINT.NS,Asian Paints Limited,Specialty Chemicals,Basic Materials,True,F&O,Stage 2,Early Stage 2,0.72,"Price has moved above long-term structure, but the full moving-average stack is not clean yet.",watchlist,39.53,0.99,False,False,Advancing,Hold / Trend intact,0.58,1.25
2026-05-17,ASKAUTOLTD.NS,ASK Automotive Limited,Auto Parts,Consumer Cyclical,False,Cash,Stage 4,Stage 4 - Weak/Declining,0.72,Price is below long-term support with weak trend evidence.,watchlist,15.93,0.83,True,True,Weak Structure,Exit / Avoid,1.59,0.82
2026-05-17,ASTERDM.NS,Aster DM Healthcare Limited,Medical Care Facilities,Healthcare,False,Cash,Stage 2,Clean Stage 2,0.9,"Price is above rising key averages, weekly structure is supportive, and the stock is near its 52-week high.",watchlist,46.63,1.99,False,False,Advancing,Hold / Trend intact,0.75,1.2
2026-05-17,ASTRAL.NS,Astral Limited,Building Products & Equipment,Industrials,True,F&O,Stage 1,Stage 1 - Base/Repair,0.7,Price is near long-term moving averages with no strong long-term downtrend signal.,watchlist,18.39,0.59,True,True,Base Building,Watchlist / Early base,0.43,0.51
2026-05-17,ASTRAMICRO.NS,Astra Microwave Products Limited,Communication Equipment,Technology,False,Cash,Stage 2,Early Stage 2,0.72,"Price has moved above long-term structure, but the full moving-average stack is not clean yet.",watchlist,32.7,0.88,False,True,Advancing,Hold / Trend intact,0.32,0.71
2026-05-17,ASTRAZEN.NS,AstraZeneca Pharma India Limited,Drug Manufacturers - Specialty & Generic,Healthcare,False,Cash,Stage 4,Stage 4 - Weak/Declining,0.72,Price is below long-term support with weak trend evidence.,watchlist,26.21,0.67,True,True,Weak Structure,Exit / Avoid,0.36,0.49
2026-05-17,ATGL.NS,Adani Total Gas Limited,Utilities,Utilities,False,Cash,Stage 1,Stage 1 - Early Turn,0.66,The stock is improving from a repair/base area but has not confirmed a clean Stage 2 yet.,watchlist,40.73,0.34,True,True,Base Building,Watchlist / Early base,1.65,0.37
2026-05-17,ATUL.NS,Atul Limited,Specialty Chemicals,Basic Materials,False,Cash,Stage 2,Early Stage 2,0.72,"Price has moved above long-term structure, but the full moving-average stack is not clean yet.",watchlist,33.74,0.87,False,False,Advancing,Hold / Trend intact,0.61,1.01
2026-05-17,AUBANK.NS,AU Small Finance Bank Limited,Banks - Regional,Financial Services,True,F&O,Stage 2,Clean Stage 2,0.9,"Price is above rising key averages, weekly structure is supportive, and the stock is near its 52-week high.",watchlist,33.18,0.66,True,True,Advancing,Hold / Trend intact,0.77,0.57
2026-05-17,AURIONPRO.NS,Aurionpro Solutions Limited,Software - Application,Technology,False,Cash,Stage 4,Stage 4 - Confirmed Downtrend,0.86,Price is below a bearish moving-average stack with falling trend signals.,watchlist,3.82,1.55,False,False,Weak Structure,Exit / Avoid,0.58,2.9
2026-05-17,AUROPHARMA.NS,Aurobindo Pharma Limited,Drug Manufacturers - Specialty & Generic,Healthcare,True,F&O,Stage 2,Clean Stage 2,0.9,"Price is above rising key averages, weekly structure is supportive, and the stock is near its 52-week high.",watchlist,41.97,0.89,False,True,Advancing,Hold / Trend intact,0.49,0.88
2026-05-17,AUTOAXLES.NS,Automotive Axles Limited,Auto Parts,Consumer Cyclical,False,Cash,Stage 1,Stage 1 - Unclear/Repair,0.58,Not enough evidence for Stage 2 or Stage 4; classified as repair/unclear structure.,watchlist,6.63,0.79,True,False,Base Building,Watchlist / Early base,0.41,1.16
2026-05-17,AVALON.NS,Avalon Technologies Limited,Electronic Components,Technology,False,Cash,Stage 2,Extended Stage 2,0.78,"Advancing structure remains intact, but price is stretched versus key moving averages or far above the 52-week low.",watchlist,53.55,2.93,False,False,Advancing,Hold / Trend intact,0.78,1.06
2026-05-17,AVANTEL.NS,Avantel Limited,Communication Equipment,Technology,False,Cash,Stage 1,Stage 1 - Unclear/Repair,0.58,Not enough evidence for Stage 2 or Stage 4; classified as repair/unclear structure.,watchlist,36.95,1.28,False,False,Base Building,Watchlist / Early base,0.71,1.67
2026-05-17,AVANTIFEED.NS,Avanti Feeds Limited,Packaged Foods,Consumer Defensive,False,Cash,Stage 2,Messy Stage 2,0.64,"Long-term structure is still constructive, but the short-term/weekly structure is not clean.",watchlist,46.73,0.66,True,True,Advancing,Hold / Trend intact,0.33,0.43
2026-05-17,AVL.NS,Aditya Vision Limited,Consumer Cyclical,Consumer Cyclical,False,Cash,Stage 2,Early Stage 2,0.72,"Price has moved above long-term structure, but the full moving-average stack is not clean yet.",watchlist,39.72,1.29,False,False,Advancing,Hold / Trend intact,0.93,1.34
2026-05-17,AWFIS.NS,Awfis Space Solutions Limited,Industrials,Industrials,False,Cash,Stage 4,Stage 4 - Weak/Declining,0.72,Price is below long-term support with weak trend evidence.,watchlist,1.8,0.63,True,True,Weak Structure,Exit / Avoid,0.38,0.83
2026-05-17,AWL.NS,AWL Agri Business Limited,Packaged Foods,Consumer Defensive,False,Cash,Stage 4,Stage 4 - Weak/Declining,0.72,Price is below long-term support with weak trend evidence.,watchlist,10.11,0.67,True,True,Weak Structure,Exit / Avoid,0.41,0.56
2026-05-17,AXISBANK.NS,Axis Bank Limited,Banks - Regional,Financial Services,True,F&O,Stage 3,Stage 3 - Distribution/Damage,0.76,"Prior strength exists, but short-term and/or weekly structure is deteriorating.",watchlist,4.1,0.92,False,True,Transition,Reduce / Avoid fresh longs,0.66,0.85
2026-05-17,AXISCADES.NS,AXISCADES Technologies Limited,Engineering & Construction,Industrials,False,Cash,Stage 2,Extended Stage 2,0.78,"Advancing structure remains intact, but price is stretched versus key moving averages or far above the 52-week low.",watchlist,63.88,0.87,False,True,Advancing,Hold / Trend intact,0.43,0.86
2026-05-17,AZAD.NS,Azad Engineering Limited,Specialty Industrial Machinery,Industrials,False,Cash,Stage 2,Clean Stage 2,0.9,"Price is above rising key averages, weekly structure is supportive, and the stock is near its 52-week high.",watchlist,71.86,1.0,False,False,Advancing,Hold / Trend intact,0.64,1.04
2026-05-17,BAJAJ-AUTO.NS,Bajaj Auto Limited,Auto Manufacturers,Consumer Cyclical,True,F&O,Stage 2,Clean Stage 2,0.9,"Price is above rising key averages, weekly structure is supportive, and the stock is near its 52-week high.",watchlist,47.94,1.21,False,False,Advancing,Hold / Trend intact,0.53,0.91
2026-05-17,BAJAJCON.NS,Bajaj Consumer Care Limited,Household & Personal Products,Consumer Defensive,False,Cash,Stage 2,Extended Stage 2,0.78,"Advancing structure remains intact, but price is stretched versus key moving averages or far above the 52-week low.",watchlist,35.7,1.23,False,False,Advancing,Hold / Trend intact,0.53,1.17
2026-05-17,BAJAJELEC.NS,Bajaj Electricals Limited,"Furnishings, Fixtures & Appliances",Consumer Cyclical,False,Cash,Stage 4,Stage 4 - Weak/Declining,0.72,Price is below long-term support with weak trend evidence.,watchlist,6.71,0.56,True,True,Weak Structure,Exit / Avoid,0.93,0.59
2026-05-17,BAJAJFINSV.NS,Bajaj Finserv Limited,Financial Services,Financial Services,True,F&O,Stage 4,Stage 4 - Confirmed Downtrend,0.86,Price is below a bearish moving-average stack with falling trend signals.,watchlist,12.55,0.85,True,False,Weak Structure,Exit / Avoid,1.9,1.01
2026-05-17,BAJAJHFL.NS,Bajaj Housing Finance Limited,Mortgage Finance,Financial Services,False,Cash,Stage 4,Stage 4 - Confirmed Downtrend,0.86,Price is below a bearish moving-average stack with falling trend signals.,watchlist,4.79,0.61,True,True,Weak Structure,Exit / Avoid,0.38,0.53
2026-05-17,BAJAJHLDNG.NS,Bajaj Holdings & Investment Limited,Asset Management,Financial Services,True,F&O,Stage 4,Stage 4 - Weak/Declining,0.72,Price is below long-term support with weak trend evidence.,watchlist,3.8,1.04,False,True,Weak Structure,Exit / Avoid,0.43,0.79
2026-05-17,BAJFINANCE.NS,Bajaj Finance Limited,Credit Services,Financial Services,True,F&O,Stage 1,Stage 1 - Base/Repair,0.7,Price is near long-term moving averages with no strong long-term downtrend signal.,watchlist,2.37,0.7,True,True,Base Building,Watchlist / Early base,0.58,0.71
2026-05-17,BALAMINES.NS,Balaji Amines Limited,Specialty Chemicals,Basic Materials,False,Cash,Stage 1,Stage 1 - Early Turn,0.66,The stock is improving from a repair/base area but has not confirmed a clean Stage 2 yet.,watchlist,30.38,2.94,False,False,Base Building,Watchlist / Early base,13.65,8.13
2026-05-17,BALKRISIND.NS,Balkrishna Industries Limited,Auto Parts,Consumer Cyclical,False,Cash,Stage 4,Stage 4 - Confirmed Downtrend,0.86,Price is below a bearish moving-average stack with falling trend signals.,watchlist,2.0,0.99,False,False,Weak Structure,Exit / Avoid,0.22,1.7
2026-05-17,BALMLAWRIE.NS,Balmer Lawrie & Company Limited,Conglomerates,Industrials,False,Cash,Stage 1,Stage 1 - Early Turn,0.66,The stock is improving from a repair/base area but has not confirmed a clean Stage 2 yet.,watchlist,8.9,1.16,False,False,Base Building,Watchlist / Early base,1.79,1.19
2026-05-17,BALRAMCHIN.NS,Balrampur Chini Mills Limited,Consumer Defensive,Consumer Defensive,False,Cash,Stage 2,Early Stage 2,0.72,"Price has moved above long-term structure, but the full moving-average stack is not clean yet.",watchlist,33.55,0.79,True,False,Advancing,Hold / Trend intact,0.55,1.16
2026-05-17,BALUFORGE.NS,Balu Forge Industries Limited,Metal Fabrication,Industrials,False,Cash,Stage 4,Stage 4 - Weak/Declining,0.72,Price is below long-term support with weak trend evidence.,watchlist,30.62,1.01,False,False,Weak Structure,Exit / Avoid,0.52,0.97
2026-05-17,BANARISUG.NS,Bannari Amman Sugars Limited,Consumer Defensive,Consumer Defensive,False,Cash,Stage 4,Stage 4 - Weak/Declining,0.72,Price is below long-term support with weak trend evidence.,watchlist,22.45,1.15,False,True,Weak Structure,Exit / Avoid,0.48,0.72
2026-05-17,BANCOINDIA.NS,Banco Products (I) Limited,Auto Parts,Consumer Cyclical,False,Cash,Stage 4,Stage 4 - Weak/Declining,0.72,Price is below long-term support with weak trend evidence.,watchlist,24.22,0.71,True,True,Weak Structure,Exit / Avoid,0.72,0.85
2026-05-17,BANDHANBNK.NS,Bandhan Bank Limited,Banks - Regional,Financial Services,True,F&O,Stage 2,Early Stage 2,0.72,"Price has moved above long-term structure, but the full moving-average stack is not clean yet.",watchlist,31.52,1.01,False,True,Advancing,Hold / Trend intact,0.32,0.75
2026-05-17,BANKBARODA.NS,Bank of Baroda,Banks - Regional,Financial Services,True,F&O,Stage 4,Stage 4 - Weak/Declining,0.72,Price is below long-term support with weak trend evidence.,watchlist,2.0,1.19,False,False,Weak Structure,Exit / Avoid,0.95,1.54
2026-05-17,BANKINDIA.NS,Bank of India,Banks - Regional,Financial Services,True,F&O,Stage 3,Stage 3 - Distribution/Damage,0.76,"Prior strength exists, but short-term and/or weekly structure is deteriorating.",watchlist,10.8,1.18,False,False,Transition,Reduce / Avoid fresh longs,0.7,1.4
2026-05-17,BANSALWIRE.NS,Bansal Wire Industries Limited,Steel,Basic Materials,False,Cash,Stage 1,Stage 1 - Early Turn,0.66,The stock is improving from a repair/base area but has not confirmed a clean Stage 2 yet.,watchlist,37.71,1.28,False,False,Base Building,Watchlist / Early base,0.39,1.68
2026-05-17,BASF.NS,BASF India Limited,Specialty Chemicals,Basic Materials,False,Cash,Stage 4,Stage 4 - Weak/Declining,0.72,Price is below long-term support with weak trend evidence.,watchlist,28.62,1.54,False,False,Weak Structure,Exit / Avoid,0.53,1.09
2026-05-17,BATAINDIA.NS,Bata India Limited,Consumer Cyclical,Consumer Cyclical,False,Cash,Stage 4,Stage 4 - Confirmed Downtrend,0.86,Price is below a bearish moving-average stack with falling trend signals.,watchlist,0.0,0.51,True,True,Weak Structure,Exit / Avoid,0.56,0.42
2026-05-17,BAYERCROP.NS,Bayer Cropscience Limited,Agricultural Inputs,Basic Materials,False,Cash,Stage 4,Stage 4 - Weak/Declining,0.72,Price is below long-term support with weak trend evidence.,watchlist,7.37,0.71,True,True,Weak Structure,Exit / Avoid,0.77,0.79
2026-05-17,BBL.NS,Bharat Bijlee Limited,Electrical Equipment & Parts,Industrials,False,Cash,Stage 4,Stage 4 - Weak/Declining,0.72,Price is below long-term support with weak trend evidence.,watchlist,10.0,1.4,False,False,Weak Structure,Exit / Avoid,0.89,1.53
2026-05-17,BBOX.NS,Black Box Limited,Software - Application,Technology,False,Cash,Stage 2,Extended Stage 2,0.78,"Advancing structure remains intact, but price is stretched versus key moving averages or far above the 52-week low.",watchlist,33.47,2.52,False,False,Advancing,Hold / Trend intact,1.03,5.95
2026-05-17,BBTC.NS,The Bombay Burmah Trading Corporation Limited,Packaged Foods,Consumer Defensive,False,Cash,Stage 4,Stage 4 - Weak/Declining,0.72,Price is below long-term support with weak trend evidence.,watchlist,4.88,1.24,False,False,Weak Structure,Exit / Avoid,0.36,1.21
2026-05-17,BDL.NS,Bharat Dynamics Limited,Aerospace & Defense,Industrials,True,F&O,Stage 4,Stage 4 - Weak/Declining,0.72,Price is below long-term support with weak trend evidence.,watchlist,11.38,0.75,True,True,Weak Structure,Exit / Avoid,0.59,0.65
2026-05-17,BECTORFOOD.NS,Mrs. Bectors Food Specialities Limited,Packaged Foods,Consumer Defensive,False,Cash,Stage 4,Stage 4 - Confirmed Downtrend,0.86,Price is below a bearish moving-average stack with falling trend signals.,watchlist,2.0,0.85,False,True,Weak Structure,Exit / Avoid,0.44,0.76
2026-05-17,BEL.NS,Bharat Electronics Limited,Aerospace & Defense,Industrials,True,F&O,Stage 3,Stage 3 - Transition,0.62,"The structure is transitioning after prior strength, but it is not yet a confirmed Stage 4 decline.",watchlist,8.33,0.7,True,True,Transition,Reduce / Avoid fresh longs,0.58,0.72
2026-05-17,BEML.NS,BEML Limited,Conglomerates,Industrials,False,Cash,Stage 4,Stage 4 - Weak/Declining,0.72,Price is below long-term support with weak trend evidence.,watchlist,22.02,1.08,False,True,Weak Structure,Exit / Avoid,0.41,0.74
2026-05-17,BERGEPAINT.NS,Berger Paints (I) Limited,Specialty Chemicals,Basic Materials,False,Cash,Stage 1,Stage 1 - Early Turn,0.66,The stock is improving from a repair/base area but has not confirmed a clean Stage 2 yet.,watchlist,22.87,2.79,False,False,Base Building,Watchlist / Early base,0.65,8.82
2026-05-17,BHAGCHEM.NS,Bhagiradha Chemicals & Industries Limited,Agricultural Inputs,Basic Materials,False,Cash,Stage 2,Early Stage 2,0.72,"Price has moved above long-term structure, but the full moving-average stack is not clean yet.",watchlist,42.8,0.29,True,True,Advancing,Hold / Trend intact,0.21,0.26
2026-05-17,BHARATFORG.NS,Bharat Forge Limited,Auto Parts,Consumer Cyclical,True,F&O,Stage 2,Clean Stage 2,0.9,"Price is above rising key averages, weekly structure is supportive, and the stock is near its 52-week high.",watchlist,37.28,1.35,False,True,Advancing,Hold / Trend intact,0.56,0.85
2026-05-17,BHARTIARTL.NS,Bharti Airtel Limited,Telecom Services,Communication Services,True,F&O,Stage 4,Stage 4 - Weak/Declining,0.72,Price is below long-term support with weak trend evidence.,watchlist,3.02,1.12,False,False,Weak Structure,Exit / Avoid,1.66,1.69
2026-05-17,BHARTIHEXA.NS,Bharti Hexacom Limited,Telecom Services,Communication Services,False,Cash,Stage 4,Stage 4 - Weak/Declining,0.72,Price is below long-term support with weak trend evidence.,watchlist,23.03,0.78,True,False,Weak Structure,Exit / Avoid,1.33,1.07
2026-05-17,BHEL.NS,Bharat Heavy Electricals Limited,Specialty Industrial Machinery,Industrials,True,F&O,Stage 2,Extended Stage 2,0.78,"Advancing structure remains intact, but price is stretched versus key moving averages or far above the 52-week low.",watchlist,62.13,1.72,False,False,Advancing,Hold / Trend intact,0.68,1.19
2026-05-17,BIKAJI.NS,Bikaji Foods International Limited,Packaged Foods,Consumer Defensive,False,Cash,Stage 4,Stage 4 - Weak/Declining,0.72,Price is below long-term support with weak trend evidence.,watchlist,15.78,0.86,False,False,Weak Structure,Exit / Avoid,3.52,1.39
2026-05-17,BIOCON.NS,Biocon Limited,Biotechnology,Healthcare,True,F&O,Stage 1,Stage 1 - Unclear/Repair,0.58,Not enough evidence for Stage 2 or Stage 4; classified as repair/unclear structure.,watchlist,20.48,1.74,False,False,Base Building,Watchlist / Early base,1.76,3.21
2026-05-17,BIRLACORPN.NS,Birla Corporation Limited,Building Materials,Basic Materials,False,Cash,Stage 4,Stage 4 - Weak/Declining,0.72,Price is below long-term support with weak trend evidence.,watchlist,5.21,1.5,False,False,Weak Structure,Exit / Avoid,0.4,3.4
2026-05-17,BLACKBUCK.NS,BLACKBUCK LIMITED,Software - Application,Technology,False,Cash,Stage 4,Stage 4 - Weak/Declining,0.72,Price is below long-term support with weak trend evidence.,watchlist,19.79,0.95,False,False,Weak Structure,Exit / Avoid,1.17,1.22
2026-05-17,BLISSGVS.NS,Bliss GVS Pharma Limited,Drug Manufacturers - Specialty & Generic,Healthcare,False,Cash,Stage 2,Extended Stage 2,0.78,"Advancing structure remains intact, but price is stretched versus key moving averages or far above the 52-week low.",watchlist,52.22,1.13,False,False,Advancing,Hold / Trend intact,1.74,2.15
2026-05-17,BLS.NS,BLS International Services Limited,Industrials,Industrials,False,Cash,Stage 4,Stage 4 - Weak/Declining,0.72,Price is below long-term support with weak trend evidence.,watchlist,9.43,0.21,True,True,Weak Structure,Exit / Avoid,0.33,0.21
2026-05-17,BLUEDART.NS,Blue Dart Express Limited,Industrials,Industrials,False,Cash,Stage 4,Stage 4 - Confirmed Downtrend,0.86,Price is below a bearish moving-average stack with falling trend signals.,watchlist,0.0,1.45,False,False,Weak Structure,Exit / Avoid,0.82,2.34
2026-05-17,BLUEJET.NS,Blue Jet Healthcare Limited,Biotechnology,Healthcare,False,Cash,Stage 4,Stage 4 - Weak/Declining,0.72,Price is below long-term support with weak trend evidence.,watchlist,7.59,0.77,True,True,Weak Structure,Exit / Avoid,0.43,0.54
2026-05-17,BLUESTARCO.NS,Blue Star Limited,Building Products & Equipment,Industrials,True,F&O,Stage 1,Stage 1 - Unclear/Repair,0.58,Not enough evidence for Stage 2 or Stage 4; classified as repair/unclear structure.,watchlist,3.44,0.99,False,False,Base Building,Watchlist / Early base,0.5,0.97
2026-05-17,BOMDYEING.NS,Bombay Dyeing & Mfg Company Limited,Textile Manufacturing,Consumer Cyclical,False,Cash,Stage 4,Stage 4 - Weak/Declining,0.72,Price is below long-term support with weak trend evidence.,watchlist,21.11,2.81,False,True,Weak Structure,Exit / Avoid,0.34,0.7
2026-05-17,BOROLTD.NS,Borosil Limited,"Furnishings, Fixtures & Appliances",Consumer Cyclical,False,Cash,Stage 4,Stage 4 - Weak/Declining,0.72,Price is below long-term support with weak trend evidence.,watchlist,1.8,0.4,True,True,Weak Structure,Exit / Avoid,0.84,0.41
2026-05-17,BORORENEW.NS,BOROSIL RENEWABLES LIMITED,Solar,Technology,False,Cash,Stage 4,Stage 4 - Weak/Declining,0.72,Price is below long-term support with weak trend evidence.,watchlist,8.5,1.62,False,False,Weak Structure,Exit / Avoid,1.09,2.18
2026-05-17,BOSCHLTD.NS,Bosch Limited,Auto Parts,Consumer Cyclical,True,F&O,Stage 2,Early Stage 2,0.72,"Price has moved above long-term structure, but the full moving-average stack is not clean yet.",watchlist,37.48,0.68,True,True,Advancing,Hold / Trend intact,0.51,0.56
2026-05-17,BPCL.NS,Bharat Petroleum Corporation Limited,Oil & Gas Refining & Marketing,Energy,True,F&O,Stage 4,Stage 4 - Weak/Declining,0.72,Price is below long-term support with weak trend evidence.,watchlist,0.0,0.9,False,False,Weak Structure,Exit / Avoid,1.13,0.92
2026-05-17,BRIGADE.NS,Brigade Enterprises Limited,Real Estate,Real Estate,False,Cash,Stage 4,Stage 4 - Weak/Declining,0.72,Price is below long-term support with weak trend evidence.,watchlist,1.44,0.39,True,True,Weak Structure,Exit / Avoid,0.16,0.34
2026-05-17,BRITANNIA.NS,Britannia Industries Limited,Packaged Foods,Consumer Defensive,True,F&O,Stage 1,Stage 1 - Unclear/Repair,0.58,Not enough evidence for Stage 2 or Stage 4; classified as repair/unclear structure.,watchlist,2.9,1.6,False,False,Base Building,Watchlist / Early base,0.3,1.07
2026-05-17,BSE.NS,BSE Limited,Financial Services,Financial Services,True,F&O,Stage 2,Extended Stage 2,0.78,"Advancing structure remains intact, but price is stretched versus key moving averages or far above the 52-week low.",watchlist,45.91,1.07,False,False,Advancing,Hold / Trend intact,0.98,1.14
2026-05-17,BSOFT.NS,BIRLASOFT LIMITED,Information Technology Services,Technology,False,Cash,Stage 4,Stage 4 - Weak/Declining,0.72,Price is below long-term support with weak trend evidence.,watchlist,1.8,1.29,False,False,Weak Structure,Exit / Avoid,2.79,2.06
2026-05-17,CAMPUS.NS,Campus Activewear Limited,Consumer Cyclical,Consumer Cyclical,False,Cash,Stage 4,Stage 4 - Confirmed Downtrend,0.86,Price is below a bearish moving-average stack with falling trend signals.,watchlist,2.88,0.65,True,True,Weak Structure,Exit / Avoid,0.76,0.75
2026-05-17,CAMS.NS,Computer Age Management Services Limited,Information Technology Services,Technology,True,F&O,Stage 2,Early Stage 2,0.72,"Price has moved above long-term structure, but the full moving-average stack is not clean yet.",watchlist,35.99,1.61,False,True,Advancing,Hold / Trend intact,0.57,0.74
2026-05-17,CANBK.NS,Canara Bank,Banks - Regional,Financial Services,True,F&O,Stage 4,Stage 4 - Weak/Declining,0.72,Price is below long-term support with weak trend evidence.,watchlist,3.8,1.17,False,False,Weak Structure,Exit / Avoid,1.71,1.88
2026-05-17,CANFINHOME.NS,Can Fin Homes Limited,Mortgage Finance,Financial Services,False,Cash,Stage 1,Stage 1 - Base/Repair,0.7,Price is near long-term moving averages with no strong long-term downtrend signal.,watchlist,10.45,0.9,False,False,Base Building,Watchlist / Early base,0.64,0.96
2026-05-17,CAPLIPOINT.NS,Caplin Point Laboratories Limited,Drug Manufacturers - Specialty & Generic,Healthcare,False,Cash,Stage 1,Stage 1 - Early Turn,0.66,The stock is improving from a repair/base area but has not confirmed a clean Stage 2 yet.,watchlist,23.89,2.57,False,False,Base Building,Watchlist / Early base,2.43,7.32
2026-05-17,CARBORUNIV.NS,Carborundum Universal Limited,Conglomerates,Industrials,False,Cash,Stage 2,Extended Stage 2,0.78,"Advancing structure remains intact, but price is stretched versus key moving averages or far above the 52-week low.",watchlist,54.95,1.66,False,False,Advancing,Hold / Trend intact,9.69,3.31
2026-05-17,CARERATING.NS,CARE Ratings Limited,Financial Services,Financial Services,False,Cash,Stage 2,Early Stage 2,0.72,"Price has moved above long-term structure, but the full moving-average stack is not clean yet.",watchlist,28.02,1.86,False,False,Advancing,Hold / Trend intact,2.69,4.2
2026-05-17,CARRARO.NS,Carraro India Limited,Auto Parts,Consumer Cyclical,False,Cash,Stage 2,Early Stage 2,0.72,"Price has moved above long-term structure, but the full moving-average stack is not clean yet.",watchlist,23.21,0.45,True,True,Advancing,Hold / Trend intact,0.11,0.45
2026-05-17,CARTRADE.NS,Cartrade Tech Limited,Consumer Cyclical,Consumer Cyclical,False,Cash,Stage 4,Stage 4 - Weak/Declining,0.72,Price is below long-term support with weak trend evidence.,watchlist,6.31,2.36,False,False,Weak Structure,Exit / Avoid,0.43,1.12
2026-05-17,CARYSIL.NS,CARYSIL LIMITED,"Furnishings, Fixtures & Appliances",Consumer Cyclical,False,Cash,Stage 1,Stage 1 - Base/Repair,0.7,Price is near long-term moving averages with no strong long-term downtrend signal.,watchlist,18.81,0.76,True,True,Base Building,Watchlist / Early base,0.78,0.65
2026-05-17,CASTROLIND.NS,Castrol India Limited,Oil & Gas Refining & Marketing,Energy,False,Cash,Stage 4,Stage 4 - Weak/Declining,0.72,Price is below long-term support with weak trend evidence.,watchlist,27.26,0.76,True,True,Weak Structure,Exit / Avoid,0.37,0.67
2026-05-17,CCL.NS,CCL Products (India) Limited,Packaged Foods,Consumer Defensive,False,Cash,Stage 2,Clean Stage 2,0.9,"Price is above rising key averages, weekly structure is supportive, and the stock is near its 52-week high.",watchlist,48.76,1.22,False,False,Advancing,Hold / Trend intact,0.46,0.99
2026-05-17,CDSL.NS,Central Depository Services (India) Limited,Capital Markets,Financial Services,True,F&O,Stage 4,Stage 4 - Confirmed Downtrend,0.86,Price is below a bearish moving-average stack with falling trend signals.,watchlist,6.31,1.21,False,False,Weak Structure,Exit / Avoid,0.6,1.16
2026-05-17,CEATLTD.NS,CEAT Limited,Auto Parts,Consumer Cyclical,False,Cash,Stage 4,Stage 4 - Weak/Declining,0.72,Price is below long-term support with weak trend evidence.,watchlist,8.06,1.17,False,True,Weak Structure,Exit / Avoid,0.72,0.86
2026-05-17,CEIGALL.NS,Ceigall India Limited,Engineering & Construction,Industrials,False,Cash,Stage 2,Clean Stage 2,0.9,"Price is above rising key averages, weekly structure is supportive, and the stock is near its 52-week high.",watchlist,50.09,2.48,False,False,Advancing,Hold / Trend intact,0.88,1.1
2026-05-17,CELLO.NS,Cello World Limited,"Furnishings, Fixtures & Appliances",Consumer Cyclical,False,Cash,Stage 4,Stage 4 - Confirmed Downtrend,0.86,Price is below a bearish moving-average stack with falling trend signals.,watchlist,6.71,0.45,True,True,Weak Structure,Exit / Avoid,0.25,0.56
2026-05-17,CENTRALBK.NS,Central Bank of India,Banks - Regional,Financial Services,False,Cash,Stage 4,Stage 4 - Weak/Declining,0.72,Price is below long-term support with weak trend evidence.,watchlist,3.83,0.82,True,True,Weak Structure,Exit / Avoid,0.62,0.75
2026-05-17,CENTUM.NS,Centum Electronics Limited,Electronic Components,Technology,False,Cash,Stage 2,Early Stage 2,0.72,"Price has moved above long-term structure, but the full moving-average stack is not clean yet.",watchlist,55.21,1.04,False,False,Advancing,Hold / Trend intact,3.16,1.26
2026-05-17,CENTURYPLY.NS,Century Plyboards (India) Limited,Basic Materials,Basic Materials,False,Cash,Stage 2,Early Stage 2,0.72,"Price has moved above long-term structure, but the full moving-average stack is not clean yet.",watchlist,22.11,0.52,True,True,Advancing,Hold / Trend intact,0.54,0.52
2026-05-17,CERA.NS,Cera Sanitaryware Limited,Building Products & Equipment,Industrials,False,Cash,Stage 1,Stage 1 - Early Turn,0.66,The stock is improving from a repair/base area but has not confirmed a clean Stage 2 yet.,watchlist,25.25,1.7,False,False,Base Building,Watchlist / Early base,0.36,1.99
2026-05-17,CESC.NS,CESC Limited,Utilities,Utilities,False,Cash,Stage 2,Clean Stage 2,0.9,"Price is above rising key averages, weekly structure is supportive, and the stock is near its 52-week high.",watchlist,39.29,1.77,False,True,Advancing,Hold / Trend intact,0.31,0.78
2026-05-17,CGCL.NS,Capri Global Capital Limited,Credit Services,Financial Services,False,Cash,Stage 2,Early Stage 2,0.72,"Price has moved above long-term structure, but the full moving-average stack is not clean yet.",watchlist,46.27,1.38,False,False,Advancing,Hold / Trend intact,1.12,0.96
2026-05-17,CGPOWER.NS,CG Power and Industrial Solutions Limited,Electrical Equipment & Parts,Industrials,True,F&O,Stage 2,Early Stage 2,0.72,"Price has moved above long-term structure, but the full moving-average stack is not clean yet.",watchlist,47.76,1.46,False,False,Advancing,Hold / Trend intact,0.45,0.93
2026-05-17,CHALET.NS,Chalet Hotels Limited,Lodging,Consumer Cyclical,False,Cash,Stage 4,Stage 4 - Weak/Declining,0.72,Price is below long-term support with weak trend evidence.,watchlist,3.42,1.23,False,False,Weak Structure,Exit / Avoid,5.99,1.67
2026-05-17,CHAMBLFERT.NS,Chambal Fertilizers & Chemicals Limited,Agricultural Inputs,Basic Materials,False,Cash,Stage 4,Stage 4 - Weak/Declining,0.72,Price is below long-term support with weak trend evidence.,watchlist,29.32,1.62,False,False,Weak Structure,Exit / Avoid,15.96,3.57
2026-05-17,CHEMPLASTS.NS,Chemplast Sanmar Limited,Chemicals,Basic Materials,False,Cash,Stage 4,Stage 4 - Confirmed Downtrend,0.86,Price is below a bearish moving-average stack with falling trend signals.,watchlist,9.75,0.91,False,True,Weak Structure,Exit / Avoid,0.46,0.73
2026-05-17,CHENNPETRO.NS,Chennai Petroleum Corporation Limited,Oil & Gas Refining & Marketing,Energy,False,Cash,Stage 2,Early Stage 2,0.72,"Price has moved above long-term structure, but the full moving-average stack is not clean yet.",watchlist,32.93,0.38,True,True,Advancing,Hold / Trend intact,0.21,0.3
2026-05-17,CHOICEIN.NS,Choice International Limited,Capital Markets,Financial Services,False,Cash,Stage 4,Stage 4 - Confirmed Downtrend,0.86,Price is below a bearish moving-average stack with falling trend signals.,watchlist,4.25,0.81,True,True,Weak Structure,Exit / Avoid,0.6,0.57
2026-05-17,CHOLAFIN.NS,Cholamandalam Investment and Finance Company Limited,Credit Services,Financial Services,True,F&O,Stage 1,Stage 1 - Base/Repair,0.7,Price is near long-term moving averages with no strong long-term downtrend signal.,watchlist,12.48,1.01,False,True,Base Building,Watchlist / Early base,0.41,0.66
2026-05-17,CHOLAHLDNG.NS,Cholamandalam Financial Holdings Limited,Credit Services,Financial Services,False,Cash,Stage 4,Stage 4 - Weak/Declining,0.72,Price is below long-term support with weak trend evidence.,watchlist,10.65,1.12,False,True,Weak Structure,Exit / Avoid,0.14,0.25
2026-05-17,CIEINDIA.NS,CIE Automotive India Limited,Auto Parts,Consumer Cyclical,False,Cash,Stage 1,Stage 1 - Base/Repair,0.7,Price is near long-term moving averages with no strong long-term downtrend signal.,watchlist,30.59,1.06,False,False,Base Building,Watchlist / Early base,0.89,1.76
2026-05-17,CIGNITITEC.NS,Cigniti Technologies Limited,Information Technology Services,Technology,False,Cash,Stage 4,Stage 4 - Weak/Declining,0.72,Price is below long-term support with weak trend evidence.,watchlist,7.17,2.46,False,True,Weak Structure,Exit / Avoid,0.0,0.75
2026-05-17,CIPLA.NS,Cipla Limited,Drug Manufacturers - Specialty & Generic,Healthcare,True,F&O,Stage 4,Stage 4 - Weak/Declining,0.72,Price is below long-term support with weak trend evidence.,watchlist,18.17,1.32,False,False,Weak Structure,Exit / Avoid,0.51,2.48
2026-05-17,CLEAN.NS,Clean Science and Technology Limited,Specialty Chemicals,Basic Materials,False,Cash,Stage 4,Stage 4 - Weak/Declining,0.72,Price is below long-term support with weak trend evidence.,watchlist,6.8,0.94,False,False,Weak Structure,Exit / Avoid,0.73,0.97
2026-05-17,CMSINFO.NS,CMS Info Systems Limited,Industrials,Industrials,False,Cash,Stage 4,Stage 4 - Weak/Declining,0.72,Price is below long-term support with weak trend evidence.,watchlist,22.07,1.53,False,False,Weak Structure,Exit / Avoid,1.78,2.91
2026-05-17,COALINDIA.NS,Coal India Limited,Energy,Energy,True,F&O,Stage 2,Clean Stage 2,0.9,"Price is above rising key averages, weekly structure is supportive, and the stock is near its 52-week high.",watchlist,72.71,0.8,True,True,Advancing,Hold / Trend intact,0.64,0.7
2026-05-17,COCHINSHIP.NS,Cochin Shipyard Limited,Aerospace & Defense,Industrials,True,F&O,Stage 1,Stage 1 - Early Turn,0.66,The stock is improving from a repair/base area but has not confirmed a clean Stage 2 yet.,watchlist,13.6,0.91,False,True,Base Building,Watchlist / Early base,0.56,0.8
2026-05-17,COFORGE.NS,Coforge Limited,Information Technology Services,Technology,True,F&O,Stage 4,Stage 4 - Weak/Declining,0.72,Price is below long-term support with weak trend evidence.,watchlist,6.78,1.71,False,False,Weak Structure,Exit / Avoid,0.82,1.11
2026-05-17,COLPAL.NS,Colgate Palmolive (India) Limited,Household & Personal Products,Consumer Defensive,True,F&O,Stage 1,Stage 1 - Unclear/Repair,0.58,Not enough evidence for Stage 2 or Stage 4; classified as repair/unclear structure.,watchlist,15.04,0.69,True,True,Base Building,Watchlist / Early base,0.65,0.78
2026-05-17,CONCOR.NS,Container Corporation of India Limited,Industrials,Industrials,True,F&O,Stage 1,Stage 1 - Early Turn,0.66,The stock is improving from a repair/base area but has not confirmed a clean Stage 2 yet.,watchlist,6.3,0.77,True,False,Base Building,Watchlist / Early base,0.37,1.1
2026-05-17,CONCORDBIO.NS,Concord Biotech Limited,Biotechnology,Healthcare,False,Cash,Stage 4,Stage 4 - Weak/Declining,0.72,Price is below long-term support with weak trend evidence.,watchlist,21.86,0.78,True,True,Weak Structure,Exit / Avoid,0.23,0.59
2026-05-17,COROMANDEL.NS,Coromandel International Limited,Agricultural Inputs,Basic Materials,False,Cash,Stage 4,Stage 4 - Confirmed Downtrend,0.86,Price is below a bearish moving-average stack with falling trend signals.,watchlist,2.0,1.12,False,False,Weak Structure,Exit / Avoid,0.88,1.12
2026-05-17,CRAFTSMAN.NS,Craftsman Automation Limited,Auto Parts,Consumer Cyclical,False,Cash,Stage 2,Clean Stage 2,0.9,"Price is above rising key averages, weekly structure is supportive, and the stock is near its 52-week high.",watchlist,30.14,3.87,False,False,Advancing,Hold / Trend intact,0.38,1.94
2026-05-17,CREDITACC.NS,CREDITACCESS GRAMEEN LIMITED,Credit Services,Financial Services,False,Cash,Stage 2,Early Stage 2,0.72,"Price has moved above long-term structure, but the full moving-average stack is not clean yet.",watchlist,30.98,2.83,False,True,Advancing,Hold / Trend intact,0.26,0.88
2026-05-17,CRISIL.NS,CRISIL Limited,Financial Services,Financial Services,False,Cash,Stage 4,Stage 4 - Weak/Declining,0.72,Price is below long-term support with weak trend evidence.,watchlist,8.42,0.94,False,True,Weak Structure,Exit / Avoid,0.46,0.61
2026-05-17,CROMPTON.NS,Crompton Greaves Consumer Electricals Limited,"Furnishings, Fixtures & Appliances",Consumer Cyclical,True,F&O,Stage 1,Stage 1 - Early Turn,0.66,The stock is improving from a repair/base area but has not confirmed a clean Stage 2 yet.,watchlist,21.87,1.82,False,False,Base Building,Watchlist / Early base,3.45,2.68
2026-05-17,CSBBANK.NS,CSB Bank Limited,Banks - Regional,Financial Services,False,Cash,Stage 4,Stage 4 - Weak/Declining,0.72,Price is below long-term support with weak trend evidence.,watchlist,6.32,1.61,False,True,Weak Structure,Exit / Avoid,0.5,0.86
2026-05-17,CUB.NS,City Union Bank Limited,Banks - Regional,Financial Services,False,Cash,Stage 3,Stage 3 - Distribution/Damage,0.76,"Prior strength exists, but short-term and/or weekly structure is deteriorating.",watchlist,2.64,0.81,True,True,Transition,Reduce / Avoid fresh longs,0.43,0.82
2026-05-17,CUMMINSIND.NS,Cummins India Limited,Specialty Industrial Machinery,Industrials,True,F&O,Stage 2,Clean Stage 2,0.9,"Price is above rising key averages, weekly structure is supportive, and the stock is near its 52-week high.",watchlist,73.61,0.59,True,True,Advancing,Hold / Trend intact,0.76,0.66
2026-05-17,CUPID.NS,Cupid Limited,Household & Personal Products,Consumer Defensive,False,Cash,Stage 2,Extended Stage 2,0.78,"Advancing structure remains intact, but price is stretched versus key moving averages or far above the 52-week low.",watchlist,49.69,0.9,False,True,Advancing,Hold / Trend intact,0.62,0.8
2026-05-17,CYIENT.NS,Cyient Limited,Conglomerates,Industrials,False,Cash,Stage 4,Stage 4 - Confirmed Downtrend,0.86,Price is below a bearish moving-average stack with falling trend signals.,watchlist,7.12,0.82,True,False,Weak Structure,Exit / Avoid,0.24,0.91
2026-05-17,CYIENTDLM.NS,Cyient DLM Limited,Electronic Components,Technology,False,Cash,Stage 1,Stage 1 - Early Turn,0.66,The stock is improving from a repair/base area but has not confirmed a clean Stage 2 yet.,watchlist,18.29,0.2,True,True,Base Building,Watchlist / Early base,0.4,0.21
2026-05-17,DABUR.NS,Dabur India Limited,Household & Personal Products,Consumer Defensive,True,F&O,Stage 4,Stage 4 - Weak/Declining,0.72,Price is below long-term support with weak trend evidence.,watchlist,6.8,1.44,False,False,Weak Structure,Exit / Avoid,0.4,0.98
2026-05-17,DALBHARAT.NS,Dalmia Bharat Limited,Building Materials,Basic Materials,True,F&O,Stage 4,Stage 4 - Confirmed Downtrend,0.86,Price is below a bearish moving-average stack with falling trend signals.,watchlist,2.79,1.75,False,False,Weak Structure,Exit / Avoid,0.69,2.34
2026-05-17,DALMIASUG.NS,Dalmia Bharat Sugar and Industries Limited,Consumer Defensive,Consumer Defensive,False,Cash,Stage 2,Early Stage 2,0.72,"Price has moved above long-term structure, but the full moving-average stack is not clean yet.",watchlist,23.96,0.2,True,True,Advancing,Hold / Trend intact,0.12,0.19
2026-05-17,DATAMATICS.NS,Datamatics Global Services Limited,Information Technology Services,Technology,False,Cash,Stage 1,Stage 1 - Base/Repair,0.7,Price is near long-term moving averages with no strong long-term downtrend signal.,watchlist,5.49,1.3,False,True,Base Building,Watchlist / Early base,0.61,0.73
2026-05-17,DATAPATTNS.NS,Data Patterns (India) Limited,Aerospace & Defense,Industrials,False,Cash,Stage 2,Clean Stage 2,0.9,"Price is above rising key averages, weekly structure is supportive, and the stock is near its 52-week high.",watchlist,39.85,0.91,False,False,Advancing,Hold / Trend intact,2.68,1.14
2026-05-17,DBCORP.NS,D.B.Corp Limited,Communication Services,Communication Services,False,Cash,Stage 4,Stage 4 - Confirmed Downtrend,0.86,Price is below a bearish moving-average stack with falling trend signals.,watchlist,1.8,2.43,False,False,Weak Structure,Exit / Avoid,1.1,7.77
2026-05-17,DBL.NS,Dilip Buildcon Limited,Engineering & Construction,Industrials,False,Cash,Stage 4,Stage 4 - Weak/Declining,0.72,Price is below long-term support with weak trend evidence.,watchlist,0.32,0.62,True,True,Weak Structure,Exit / Avoid,1.3,0.79
2026-05-17,DBREALTY.NS,Valor Estate Limited,Real Estate,Real Estate,False,Cash,Stage 4,Stage 4 - Weak/Declining,0.72,Price is below long-term support with weak trend evidence.,watchlist,19.66,2.19,False,True,Weak Structure,Exit / Avoid,0.78,0.88
2026-05-17,DCAL.NS,Dishman Carbogen Amcis Limited,Biotechnology,Healthcare,False,Cash,Stage 4,Stage 4 - Weak/Declining,0.72,Price is below long-term support with weak trend evidence.,watchlist,5.7,0.98,False,False,Weak Structure,Exit / Avoid,7.73,1.7
2026-05-17,DCBBANK.NS,DCB Bank Limited,Banks - Regional,Financial Services,False,Cash,Stage 3,Stage 3 - Transition,0.62,"The structure is transitioning after prior strength, but it is not yet a confirmed Stage 4 decline.",watchlist,13.1,1.11,False,False,Transition,Reduce / Avoid fresh longs,0.56,0.95
2026-05-17,DCMSHRIRAM.NS,DCM Shriram Limited,Conglomerates,Industrials,False,Cash,Stage 4,Stage 4 - Weak/Declining,0.72,Price is below long-term support with weak trend evidence.,watchlist,9.38,1.4,False,False,Weak Structure,Exit / Avoid,0.85,1.87
2026-05-17,DDEVPLSTIK.NS,Ddev Plastiks Industries Limited,Specialty Chemicals,Basic Materials,False,Cash,Stage 4,Stage 4 - Weak/Declining,0.72,Price is below long-term support with weak trend evidence.,watchlist,5.0,0.67,True,True,Weak Structure,Exit / Avoid,0.46,0.67
2026-05-17,DEEDEV.NS,DEE Development Engineers Limited,Metal Fabrication,Industrials,False,Cash,Stage 2,Extended Stage 2,0.78,"Advancing structure remains intact, but price is stretched versus key moving averages or far above the 52-week low.",watchlist,32.18,0.33,True,True,Advancing,Hold / Trend intact,0.23,0.29
2026-05-17,DEEPAKFERT.NS,Deepak Fertilizers and Petrochemicals Corporation Limited,Chemicals,Basic Materials,False,Cash,Stage 1,Stage 1 - Early Turn,0.66,The stock is improving from a repair/base area but has not confirmed a clean Stage 2 yet.,watchlist,24.35,0.61,True,True,Base Building,Watchlist / Early base,0.61,0.66
2026-05-17,DEEPAKNTR.NS,Deepak Nitrite Limited,Chemicals,Basic Materials,False,Cash,Stage 1,Stage 1 - Early Turn,0.66,The stock is improving from a repair/base area but has not confirmed a clean Stage 2 yet.,watchlist,11.89,1.07,False,False,Base Building,Watchlist / Early base,0.48,1.11
2026-05-17,DEEPINDS.NS,Deep Industries Limited,Energy,Energy,False,Cash,Stage 1,Stage 1 - Early Turn,0.66,The stock is improving from a repair/base area but has not confirmed a clean Stage 2 yet.,watchlist,40.16,0.56,True,True,Base Building,Watchlist / Early base,2.13,0.87
2026-05-17,DELHIVERY.NS,Delhivery Limited,Industrials,Industrials,True,F&O,Stage 2,Early Stage 2,0.72,"Price has moved above long-term structure, but the full moving-average stack is not clean yet.",watchlist,44.08,1.18,False,False,Advancing,Hold / Trend intact,1.92,1.3
2026-05-17,DEVYANI.NS,Devyani International Limited,Consumer Cyclical,Consumer Cyclical,False,Cash,Stage 4,Stage 4 - Weak/Declining,0.72,Price is below long-term support with weak trend evidence.,watchlist,9.95,0.55,True,True,Weak Structure,Exit / Avoid,0.97,0.67
2026-05-17,DHANUKA.NS,Dhanuka Agritech Limited,Agricultural Inputs,Basic Materials,False,Cash,Stage 4,Stage 4 - Weak/Declining,0.72,Price is below long-term support with weak trend evidence.,watchlist,5.34,0.7,True,False,Weak Structure,Exit / Avoid,1.94,0.95
2026-05-17,DIACABS.NS,Diamond Power Infrastructure Limited,Specialty Industrial Machinery,Industrials,False,Cash,Stage 2,Extended Stage 2,0.78,"Advancing structure remains intact, but price is stretched versus key moving averages or far above the 52-week low.",watchlist,64.13,2.83,False,False,Advancing,Hold / Trend intact,4.61,4.31
2026-05-17,DIVISLAB.NS,Divi's Laboratories Limited,Drug Manufacturers - Specialty & Generic,Healthcare,True,F&O,Stage 2,Early Stage 2,0.72,"Price has moved above long-term structure, but the full moving-average stack is not clean yet.",watchlist,33.12,1.0,False,False,Advancing,Hold / Trend intact,1.02,1.26
2026-05-17,DIXON.NS,Dixon Technologies (India) Limited,Technology,Technology,True,F&O,Stage 4,Stage 4 - Weak/Declining,0.72,Price is below long-term support with weak trend evidence.,watchlist,34.71,1.12,False,False,Weak Structure,Exit / Avoid,0.87,1.78
2026-05-17,DLF.NS,DLF Limited,Real Estate,Real Estate,True,F&O,Stage 4,Stage 4 - Confirmed Downtrend,0.86,Price is below a bearish moving-average stack with falling trend signals.,watchlist,2.88,0.77,True,False,Weak Structure,Exit / Avoid,0.74,0.91
2026-05-17,DMART.NS,Avenue Supermarts Limited,Consumer Defensive,Consumer Defensive,True,F&O,Stage 2,Early Stage 2,0.72,"Price has moved above long-term structure, but the full moving-average stack is not clean yet.",watchlist,39.94,0.6,True,True,Advancing,Hold / Trend intact,0.23,0.36
2026-05-17,DODLA.NS,Dodla Dairy Limited,Consumer Defensive,Consumer Defensive,False,Cash,Stage 4,Stage 4 - Confirmed Downtrend,0.86,Price is below a bearish moving-average stack with falling trend signals.,watchlist,2.0,0.64,True,True,Weak Structure,Exit / Avoid,0.88,0.75
2026-05-17,DOMS.NS,DOMS Industries Limited,Industrials,Industrials,False,Cash,Stage 4,Stage 4 - Confirmed Downtrend,0.86,Price is below a bearish moving-average stack with falling trend signals.,watchlist,10.5,0.27,True,True,Weak Structure,Exit / Avoid,4.71,0.42
2026-05-17,DREDGECORP.NS,Dredging Corporation of India Limited,Engineering & Construction,Industrials,False,Cash,Stage 3,Stage 3 - Distribution/Damage,0.76,"Prior strength exists, but short-term and/or weekly structure is deteriorating.",watchlist,9.72,0.41,True,True,Transition,Reduce / Avoid fresh longs,0.24,0.33
2026-05-17,DRREDDY.NS,Dr. Reddy's Laboratories Limited,Drug Manufacturers - Specialty & Generic,Healthcare,True,F&O,Stage 2,Early Stage 2,0.72,"Price has moved above long-term structure, but the full moving-average stack is not clean yet.",watchlist,47.04,1.16,False,False,Advancing,Hold / Trend intact,1.35,1.79
2026-05-17,DYNAMATECH.NS,Dynamatic Technologies Limited,Auto Parts,Consumer Cyclical,False,Cash,Stage 2,Stage 2,0.76,Advancing structure detected.,watchlist,51.44,1.11,False,False,Advancing,Hold / Trend intact,0.42,1.27
2026-05-17,ECLERX.NS,eClerx Services Limited,Information Technology Services,Technology,False,Cash,Stage 4,Stage 4 - Confirmed Downtrend,0.86,Price is below a bearish moving-average stack with falling trend signals.,watchlist,5.96,1.47,False,False,Weak Structure,Exit / Avoid,0.7,1.56
2026-05-17,EDELWEISS.NS,Edelweiss Financial Services Limited,Financial Services,Financial Services,False,Cash,Stage 2,Stage 2,0.76,Advancing structure detected.,watchlist,21.64,1.11,False,False,Advancing,Hold / Trend intact,0.5,0.92
2026-05-17,EICHERMOT.NS,Eicher Motors Limited,Auto Manufacturers,Consumer Cyclical,True,F&O,Stage 3,Stage 3 - Distribution/Damage,0.76,"Prior strength exists, but short-term and/or weekly structure is deteriorating.",watchlist,11.7,0.75,True,True,Transition,Reduce / Avoid fresh longs,0.53,0.75
2026-05-17,EIDPARRY.NS,EID Parry India Limited,Agricultural Inputs,Basic Materials,False,Cash,Stage 4,Stage 4 - Confirmed Downtrend,0.86,Price is below a bearish moving-average stack with falling trend signals.,watchlist,23.63,0.75,True,True,Weak Structure,Exit / Avoid,0.49,0.69
2026-05-17,EIEL.NS,Enviro Infra Engineers Limited,Engineering & Construction,Industrials,False,Cash,Stage 4,Stage 4 - Weak/Declining,0.72,Price is below long-term support with weak trend evidence.,watchlist,5.21,0.26,True,True,Weak Structure,Exit / Avoid,0.11,0.29
2026-05-17,EIHOTEL.NS,EIH Limited,Lodging,Consumer Cyclical,False,Cash,Stage 4,Stage 4 - Confirmed Downtrend,0.86,Price is below a bearish moving-average stack with falling trend signals.,watchlist,1.26,0.11,True,True,Weak Structure,Exit / Avoid,0.05,0.1
2026-05-17,ELECON.NS,Elecon Engineering Company Limited,Specialty Industrial Machinery,Industrials,False,Cash,Stage 1,Stage 1 - Early Turn,0.66,The stock is improving from a repair/base area but has not confirmed a clean Stage 2 yet.,watchlist,39.39,1.08,False,True,Base Building,Watchlist / Early base,0.25,0.55
2026-05-17,ELECTCAST.NS,Electrosteel Castings Limited,Building Products & Equipment,Industrials,False,Cash,Stage 1,Stage 1 - Early Turn,0.66,The stock is improving from a repair/base area but has not confirmed a clean Stage 2 yet.,watchlist,13.56,0.93,False,True,Base Building,Watchlist / Early base,0.5,0.59
2026-05-17,ELGIEQUIP.NS,Elgi Equipments Limited,Specialty Industrial Machinery,Industrials,False,Cash,Stage 2,Early Stage 2,0.72,"Price has moved above long-term structure, but the full moving-average stack is not clean yet.",watchlist,50.95,0.54,True,True,Advancing,Hold / Trend intact,0.32,0.54
2026-05-17,EMAMILTD.NS,Emami Limited,Household & Personal Products,Consumer Defensive,False,Cash,Stage 4,Stage 4 - Confirmed Downtrend,0.86,Price is below a bearish moving-average stack with falling trend signals.,watchlist,5.0,0.6,True,True,Weak Structure,Exit / Avoid,0.52,0.49
2026-05-17,EMBDL.NS,Embassy Developments Limited,Real Estate,Real Estate,False,Cash,Stage 4,Stage 4 - Weak/Declining,0.72,Price is below long-term support with weak trend evidence.,watchlist,19.85,2.03,False,False,Weak Structure,Exit / Avoid,0.93,2.6
2026-05-17,EMCURE.NS,Emcure Pharmaceuticals Limited,Drug Manufacturers - Specialty & Generic,Healthcare,False,Cash,Stage 2,Clean Stage 2,0.9,"Price is above rising key averages, weekly structure is supportive, and the stock is near its 52-week high.",watchlist,56.04,0.93,False,True,Advancing,Hold / Trend intact,0.64,0.61
2026-05-17,EMIL.NS,Electronics Mart India Limited,Consumer Cyclical,Consumer Cyclical,False,Cash,Stage 1,Stage 1 - Early Turn,0.66,The stock is improving from a repair/base area but has not confirmed a clean Stage 2 yet.,watchlist,28.37,0.54,True,True,Base Building,Watchlist / Early base,0.26,0.66
2026-05-17,EMUDHRA.NS,eMudhra Limited,Software - Application,Technology,False,Cash,Stage 4,Stage 4 - Weak/Declining,0.72,Price is below long-term support with weak trend evidence.,watchlist,0.0,0.75,True,True,Weak Structure,Exit / Avoid,0.24,0.5
2026-05-17,ENDURANCE.NS,Endurance Technologies Limited,Auto Parts,Consumer Cyclical,False,Cash,Stage 4,Stage 4 - Weak/Declining,0.72,Price is below long-term support with weak trend evidence.,watchlist,27.54,2.24,False,False,Weak Structure,Exit / Avoid,3.38,3.2
2026-05-17,ENGINERSIN.NS,Engineers India Limited,Engineering & Construction,Industrials,False,Cash,Stage 2,Clean Stage 2,0.9,"Price is above rising key averages, weekly structure is supportive, and the stock is near its 52-week high.",watchlist,37.13,0.98,False,False,Advancing,Hold / Trend intact,0.6,1.11
2026-05-17,ENTERO.NS,Entero Healthcare Solutions Limited,Healthcare,Healthcare,False,Cash,Stage 2,Early Stage 2,0.72,"Price has moved above long-term structure, but the full moving-average stack is not clean yet.",watchlist,48.82,0.97,False,False,Advancing,Hold / Trend intact,0.83,0.96
2026-05-17,EPIGRAL.NS,Epigral Limited,Chemicals,Basic Materials,False,Cash,Stage 4,Stage 4 - Weak/Declining,0.72,Price is below long-term support with weak trend evidence.,watchlist,7.38,1.44,False,True,Weak Structure,Exit / Avoid,0.22,0.49
2026-05-17,EPL.NS,EPL Limited,Consumer Cyclical,Consumer Cyclical,False,Cash,Stage 2,Early Stage 2,0.72,"Price has moved above long-term structure, but the full moving-average stack is not clean yet.",watchlist,19.8,1.11,False,False,Advancing,Hold / Trend intact,3.43,1.33
2026-05-17,EQUITASBNK.NS,Equitas Small Finance Bank Limited,Banks - Regional,Financial Services,False,Cash,Stage 2,Early Stage 2,0.72,"Price has moved above long-term structure, but the full moving-average stack is not clean yet.",watchlist,27.63,2.09,False,True,Advancing,Hold / Trend intact,0.55,0.69
2026-05-17,ERIS.NS,Eris Lifesciences Limited,Drug Manufacturers - Specialty & Generic,Healthcare,False,Cash,Stage 4,Stage 4 - Weak/Declining,0.72,Price is below long-term support with weak trend evidence.,watchlist,29.42,0.69,True,True,Weak Structure,Exit / Avoid,1.62,0.87
2026-05-17,ESABINDIA.NS,Esab India Limited,Tools & Accessories,Industrials,False,Cash,Stage 2,Clean Stage 2,0.9,"Price is above rising key averages, weekly structure is supportive, and the stock is near its 52-week high.",watchlist,53.96,2.85,False,True,Advancing,Hold / Trend intact,0.16,0.58
2026-05-17,ESCORTS.NS,Escorts Kubota Limited,Farm & Heavy Construction Machinery,Industrials,False,Cash,Stage 4,Stage 4 - Confirmed Downtrend,0.86,Price is below a bearish moving-average stack with falling trend signals.,watchlist,0.0,1.43,False,False,Weak Structure,Exit / Avoid,1.28,1.45
2026-05-17,ETERNAL.NS,ETERNAL LIMITED,Consumer Cyclical,Consumer Cyclical,True,F&O,Stage 4,Stage 4 - Confirmed Downtrend,0.86,Price is below a bearish moving-average stack with falling trend signals.,watchlist,16.11,0.57,True,True,Weak Structure,Exit / Avoid,0.4,0.6
2026-05-17,ETHOSLTD.NS,Ethos Limited,Luxury Goods,Consumer Cyclical,False,Cash,Stage 4,Stage 4 - Weak/Declining,0.72,Price is below long-term support with weak trend evidence.,watchlist,1.8,1.1,False,False,Weak Structure,Exit / Avoid,0.2,2.22
2026-05-17,EUREKAFORB.NS,Eureka Forbes Limited,"Furnishings, Fixtures & Appliances",Consumer Cyclical,False,Cash,Stage 4,Stage 4 - Weak/Declining,0.72,Price is below long-term support with weak trend evidence.,watchlist,2.02,0.69,True,False,Weak Structure,Exit / Avoid,0.58,0.98
2026-05-17,EXIDEIND.NS,Exide Industries Limited,Auto Parts,Consumer Cyclical,True,F&O,Stage 4,Stage 4 - Weak/Declining,0.72,Price is below long-term support with weak trend evidence.,watchlist,12.48,1.7,False,True,Weak Structure,Exit / Avoid,0.58,0.71
2026-05-17,FACT.NS,Fertilizers and Chemicals Travancore Limited,Agricultural Inputs,Basic Materials,False,Cash,Stage 1,Stage 1 - Early Turn,0.66,The stock is improving from a repair/base area but has not confirmed a clean Stage 2 yet.,watchlist,19.98,0.11,True,True,Base Building,Watchlist / Early base,0.4,0.1
2026-05-17,FDC.NS,FDC Limited,Drug Manufacturers - Specialty & Generic,Healthcare,False,Cash,Stage 4,Stage 4 - Weak/Declining,0.72,Price is below long-term support with weak trend evidence.,watchlist,12.9,0.84,True,False,Weak Structure,Exit / Avoid,0.68,0.91
2026-05-17,FEDERALBNK.NS,The Federal Bank  Limited,Banks - Regional,Financial Services,True,F&O,Stage 2,Stage 2,0.76,Advancing structure detected.,watchlist,24.89,0.94,False,False,Advancing,Hold / Trend intact,0.74,1.26
2026-05-17,FEDFINA.NS,Fedbank Financial Services Limited,Credit Services,Financial Services,False,Cash,Stage 2,Early Stage 2,0.72,"Price has moved above long-term structure, but the full moving-average stack is not clean yet.",watchlist,26.66,1.41,False,False,Advancing,Hold / Trend intact,0.43,2.14
2026-05-17,FIEMIND.NS,Fiem Industries Limited,Auto Parts,Consumer Cyclical,False,Cash,Stage 1,Stage 1 - Base/Repair,0.7,Price is near long-term moving averages with no strong long-term downtrend signal.,watchlist,13.25,1.18,False,False,Base Building,Watchlist / Early base,1.01,1.01
2026-05-17,FINCABLES.NS,Finolex Cables Limited,Electrical Equipment & Parts,Industrials,False,Cash,Stage 2,Early Stage 2,0.72,"Price has moved above long-term structure, but the full moving-average stack is not clean yet.",watchlist,30.92,1.36,False,True,Advancing,Hold / Trend intact,0.42,0.84
2026-05-17,FINEORG.NS,Fine Organic Industries Limited,Specialty Chemicals,Basic Materials,False,Cash,Stage 2,Early Stage 2,0.72,"Price has moved above long-term structure, but the full moving-average stack is not clean yet.",watchlist,17.94,0.63,True,True,Advancing,Hold / Trend intact,0.34,0.55
2026-05-17,FINPIPE.NS,Finolex Industries Limited,Building Products & Equipment,Industrials,False,Cash,Stage 4,Stage 4 - Confirmed Downtrend,0.86,Price is below a bearish moving-average stack with falling trend signals.,watchlist,2.0,0.49,True,True,Weak Structure,Exit / Avoid,0.37,0.4
2026-05-17,FIRSTCRY.NS,Brainbees Solutions Limited,Consumer Cyclical,Consumer Cyclical,False,Cash,Stage 4,Stage 4 - Confirmed Downtrend,0.86,Price is below a bearish moving-average stack with falling trend signals.,watchlist,20.62,0.23,True,True,Weak Structure,Exit / Avoid,0.09,0.32
2026-05-17,FIVESTAR.NS,Five-Star Business Finance Limited,Credit Services,Financial Services,False,Cash,Stage 4,Stage 4 - Weak/Declining,0.72,Price is below long-term support with weak trend evidence.,watchlist,3.8,0.58,True,True,Weak Structure,Exit / Avoid,0.15,0.65
2026-05-17,FLAIR.NS,Flair Writing Industries Limited,Industrials,Industrials,False,Cash,Stage 2,Early Stage 2,0.72,"Price has moved above long-term structure, but the full moving-average stack is not clean yet.",watchlist,52.49,1.2,False,False,Advancing,Hold / Trend intact,1.3,1.2
2026-05-17,FLUOROCHEM.NS,Gujarat Fluorochemicals Limited,Specialty Chemicals,Basic Materials,False,Cash,Stage 2,Early Stage 2,0.72,"Price has moved above long-term structure, but the full moving-average stack is not clean yet.",watchlist,56.08,1.28,False,True,Advancing,Hold / Trend intact,0.34,0.65
2026-05-17,FMGOETZE.NS,Federal-Mogul Goetze (India) Limited.,Auto Parts,Consumer Cyclical,False,Cash,Stage 4,Stage 4 - Weak/Declining,0.72,Price is below long-term support with weak trend evidence.,watchlist,2.0,0.59,True,True,Weak Structure,Exit / Avoid,0.62,0.68
2026-05-17,FORCEMOT.NS,FORCE MOTORS LTD,Auto Manufacturers,Consumer Cyclical,True,F&O,Stage 3,Stage 3 - Distribution/Damage,0.76,"Prior strength exists, but short-term and/or weekly structure is deteriorating.",watchlist,7.79,1.04,False,True,Transition,Reduce / Avoid fresh longs,1.05,0.86
2026-05-17,FORTIS.NS,Fortis Healthcare Limited,Medical Care Facilities,Healthcare,True,F&O,Stage 2,Early Stage 2,0.72,"Price has moved above long-term structure, but the full moving-average stack is not clean yet.",watchlist,26.33,0.9,False,False,Advancing,Hold / Trend intact,0.52,1.14
2026-05-17,FOSECOIND.NS,Foseco India Limited,Chemicals,Basic Materials,False,Cash,Stage 1,Stage 1 - Early Turn,0.66,The stock is improving from a repair/base area but has not confirmed a clean Stage 2 yet.,watchlist,34.85,2.3,False,False,Base Building,Watchlist / Early base,0.55,12.17
2026-05-17,FSL.NS,Firstsource Solutions Limited,Information Technology Services,Technology,False,Cash,Stage 4,Stage 4 - Weak/Declining,0.72,Price is below long-term support with weak trend evidence.,watchlist,4.5,2.51,False,False,Weak Structure,Exit / Avoid,0.21,1.04
2026-05-17,FUSION.NS,Fusion Finance Limited,Credit Services,Financial Services,False,Cash,Stage 2,Early Stage 2,0.72,"Price has moved above long-term structure, but the full moving-average stack is not clean yet.",watchlist,22.74,1.68,False,False,Advancing,Hold / Trend intact,0.63,1.03
2026-05-17,GABRIEL.NS,Gabriel India Limited,Auto Parts,Consumer Cyclical,False,Cash,Stage 2,Early Stage 2,0.72,"Price has moved above long-term structure, but the full moving-average stack is not clean yet.",watchlist,41.17,1.68,False,True,Advancing,Hold / Trend intact,0.36,0.66
2026-05-17,GAEL.NS,Gujarat Ambuja Exports Limited,Packaged Foods,Consumer Defensive,False,Cash,Stage 2,Clean Stage 2,0.9,"Price is above rising key averages, weekly structure is supportive, and the stock is near its 52-week high.",watchlist,36.43,1.71,False,False,Advancing,Hold / Trend intact,0.95,2.44
2026-05-17,GAIL.NS,GAIL (India) Limited,Utilities,Utilities,True,F&O,Stage 4,Stage 4 - Weak/Declining,0.72,Price is below long-term support with weak trend evidence.,watchlist,11.58,0.56,True,True,Weak Structure,Exit / Avoid,0.67,0.59
2026-05-17,GALAXYSURF.NS,Galaxy Surfactants Limited,Specialty Chemicals,Basic Materials,False,Cash,Stage 4,Stage 4 - Weak/Declining,0.72,Price is below long-term support with weak trend evidence.,watchlist,7.34,0.65,True,True,Weak Structure,Exit / Avoid,0.82,0.74
2026-05-17,GALLANTT.NS,Gallantt Ispat Limited,Steel,Basic Materials,False,Cash,Stage 2,Early Stage 2,0.72,"Price has moved above long-term structure, but the full moving-average stack is not clean yet.",watchlist,59.4,0.23,True,True,Advancing,Hold / Trend intact,0.06,0.3
2026-05-17,GANECOS.NS,Ganesha Ecosphere Limited,Textile Manufacturing,Consumer Cyclical,False,Cash,Stage 1,Stage 1 - Early Turn,0.66,The stock is improving from a repair/base area but has not confirmed a clean Stage 2 yet.,watchlist,25.61,0.17,True,True,Base Building,Watchlist / Early base,0.07,0.14
2026-05-17,GARFIBRES.NS,Garware Technical Fibres Limited,Textile Manufacturing,Consumer Cyclical,False,Cash,Stage 4,Stage 4 - Weak/Declining,0.72,Price is below long-term support with weak trend evidence.,watchlist,11.92,1.65,False,True,Weak Structure,Exit / Avoid,0.44,0.81
2026-05-17,GATEWAY.NS,Gateway Distriparks Limited,Industrials,Industrials,False,Cash,Stage 4,Stage 4 - Weak/Declining,0.72,Price is below long-term support with weak trend evidence.,watchlist,2.48,1.42,False,True,Weak Structure,Exit / Avoid,0.54,0.83
2026-05-17,GENUSPOWER.NS,Genus Power Infrastructures Limited,Electrical Equipment & Parts,Industrials,False,Cash,Stage 1,Stage 1 - Early Turn,0.66,The stock is improving from a repair/base area but has not confirmed a clean Stage 2 yet.,watchlist,37.85,1.33,False,False,Base Building,Watchlist / Early base,1.42,1.31
2026-05-17,GESHIP.NS,The Great Eastern Shipping Company Limited,Marine Shipping,Industrials,False,Cash,Stage 2,Clean Stage 2,0.9,"Price is above rising key averages, weekly structure is supportive, and the stock is near its 52-week high.",watchlist,46.93,1.8,False,False,Advancing,Hold / Trend intact,16.77,3.96
2026-05-17,GHCL.NS,GHCL Limited,Chemicals,Basic Materials,False,Cash,Stage 4,Stage 4 - Weak/Declining,0.72,Price is below long-term support with weak trend evidence.,watchlist,5.0,1.34,False,False,Weak Structure,Exit / Avoid,0.69,1.03
2026-05-17,GICRE.NS,General Insurance Corporation of India,Financial Services,Financial Services,False,Cash,Stage 2,Clean Stage 2,0.9,"Price is above rising key averages, weekly structure is supportive, and the stock is near its 52-week high.",watchlist,38.16,0.88,False,True,Advancing,Hold / Trend intact,0.61,0.69
2026-05-17,GILLETTE.NS,Gillette India Limited,Household & Personal Products,Consumer Defensive,False,Cash,Stage 4,Stage 4 - Confirmed Downtrend,0.86,Price is below a bearish moving-average stack with falling trend signals.,watchlist,7.88,1.13,False,False,Weak Structure,Exit / Avoid,0.73,1.31
2026-05-17,GLAND.NS,Gland Pharma Limited,Drug Manufacturers - Specialty & Generic,Healthcare,False,Cash,Stage 1,Stage 1 - Unclear/Repair,0.58,Not enough evidence for Stage 2 or Stage 4; classified as repair/unclear structure.,watchlist,33.19,1.67,False,False,Base Building,Watchlist / Early base,1.14,1.38
2026-05-17,GLAXO.NS,GlaxoSmithKline Pharmaceuticals Limited,Drug Manufacturers - General,Healthcare,False,Cash,Stage 4,Stage 4 - Weak/Declining,0.72,Price is below long-term support with weak trend evidence.,watchlist,11.9,1.32,False,False,Weak Structure,Exit / Avoid,0.64,1.26
2026-05-17,GLENMARK.NS,Glenmark Pharmaceuticals Limited,Drug Manufacturers - Specialty & Generic,Healthcare,True,F&O,Stage 2,Clean Stage 2,0.9,"Price is above rising key averages, weekly structure is supportive, and the stock is near its 52-week high.",watchlist,63.28,1.1,False,False,Advancing,Hold / Trend intact,0.37,1.27
2026-05-17,GLOBUSSPR.NS,Globus Spirits Limited,Consumer Defensive,Consumer Defensive,False,Cash,Stage 4,Stage 4 - Weak/Declining,0.72,Price is below long-term support with weak trend evidence.,watchlist,23.61,1.77,False,False,Weak Structure,Exit / Avoid,0.82,1.08
2026-05-17,GMDCLTD.NS,Gujarat Mineral Development Corporation Limited,Energy,Energy,False,Cash,Stage 2,Stage 2,0.76,Advancing structure detected.,watchlist,70.63,0.55,True,True,Advancing,Hold / Trend intact,0.54,0.58
2026-05-17,GMMPFAUDLR.NS,GMM Pfaudler Limited,Specialty Industrial Machinery,Industrials,False,Cash,Stage 4,Stage 4 - Weak/Declining,0.72,Price is below long-term support with weak trend evidence.,watchlist,13.42,1.03,False,False,Weak Structure,Exit / Avoid,2.21,1.18
2026-05-17,GMRAIRPORT.NS,GMR AIRPORTS LIMITED,Industrials,Industrials,True,F&O,Stage 1,Stage 1 - Base/Repair,0.7,Price is near long-term moving averages with no strong long-term downtrend signal.,watchlist,28.5,1.05,False,False,Base Building,Watchlist / Early base,0.57,0.91
2026-05-17,GMRP&UI.NS,GMR Power and Urban Infra Limited,Energy,Energy,False,Cash,Stage 1,Stage 1 - Unclear/Repair,0.58,Not enough evidence for Stage 2 or Stage 4; classified as repair/unclear structure.,watchlist,33.38,1.44,False,False,Base Building,Watchlist / Early base,3.05,2.64
2026-05-17,GNFC.NS,Gujarat Narmada Valley Fertilizers and Chemicals Limited,Chemicals,Basic Materials,False,Cash,Stage 1,Stage 1 - Early Turn,0.66,The stock is improving from a repair/base area but has not confirmed a clean Stage 2 yet.,watchlist,8.19,1.68,False,False,Base Building,Watchlist / Early base,2.26,2.85
2026-05-17,GODFRYPHLP.NS,Godfrey Phillips India Limited,Consumer Defensive,Consumer Defensive,True,F&O,Stage 4,Stage 4 - Weak/Declining,0.72,Price is below long-term support with weak trend evidence.,watchlist,2.0,0.85,True,True,Weak Structure,Exit / Avoid,0.65,0.87
2026-05-17,GODIGIT.NS,Go Digit General Insurance Limited,Financial Services,Financial Services,False,Cash,Stage 4,Stage 4 - Confirmed Downtrend,0.86,Price is below a bearish moving-average stack with falling trend signals.,watchlist,24.4,0.93,False,True,Weak Structure,Exit / Avoid,0.72,0.56
2026-05-17,GODREJAGRO.NS,Godrej Agrovet Limited,Packaged Foods,Consumer Defensive,False,Cash,Stage 4,Stage 4 - Confirmed Downtrend,0.86,Price is below a bearish moving-average stack with falling trend signals.,watchlist,18.64,1.87,False,False,Weak Structure,Exit / Avoid,6.56,2.14
2026-05-17,GODREJCP.NS,Godrej Consumer Products Limited,Household & Personal Products,Consumer Defensive,True,F&O,Stage 4,Stage 4 - Confirmed Downtrend,0.86,Price is below a bearish moving-average stack with falling trend signals.,watchlist,5.0,1.29,False,False,Weak Structure,Exit / Avoid,0.89,1.33
2026-05-17,GODREJIND.NS,Godrej Industries Limited,Conglomerates,Industrials,False,Cash,Stage 1,Stage 1 - Early Turn,0.66,The stock is improving from a repair/base area but has not confirmed a clean Stage 2 yet.,watchlist,4.99,2.36,False,False,Base Building,Watchlist / Early base,0.32,4.13
2026-05-17,GODREJPROP.NS,Godrej Properties Limited,Real Estate,Real Estate,True,F&O,Stage 4,Stage 4 - Weak/Declining,0.72,Price is below long-term support with weak trend evidence.,watchlist,20.12,0.99,False,True,Weak Structure,Exit / Avoid,0.36,0.64
2026-05-17,GOKEX.NS,Gokaldas Exports Limited,Apparel Manufacturing,Consumer Cyclical,False,Cash,Stage 4,Stage 4 - Weak/Declining,0.72,Price is below long-term support with weak trend evidence.,watchlist,21.55,0.83,True,True,Weak Structure,Exit / Avoid,0.45,0.5
2026-05-17,GOKULAGRO.NS,Gokul Agro Resources Limited,Packaged Foods,Consumer Defensive,False,Cash,Stage 2,Extended Stage 2,0.78,"Advancing structure remains intact, but price is stretched versus key moving averages or far above the 52-week low.",watchlist,53.68,0.32,True,True,Advancing,Hold / Trend intact,0.28,0.26
2026-05-17,GOLDIAM.NS,Goldiam International Limited,Luxury Goods,Consumer Cyclical,False,Cash,Stage 2,Early Stage 2,0.72,"Price has moved above long-term structure, but the full moving-average stack is not clean yet.",watchlist,28.01,1.19,False,False,Advancing,Hold / Trend intact,0.53,1.13
2026-05-17,GOODLUCK.NS,Goodluck India Limited,Steel,Basic Materials,False,Cash,Stage 2,Clean Stage 2,0.9,"Price is above rising key averages, weekly structure is supportive, and the stock is near its 52-week high.",watchlist,41.14,1.9,False,False,Advancing,Hold / Trend intact,0.88,1.3
2026-05-17,GOPAL.NS,Gopal Snacks Limited,Packaged Foods,Consumer Defensive,False,Cash,Stage 4,Stage 4 - Weak/Declining,0.72,Price is below long-term support with weak trend evidence.,watchlist,6.58,2.41,False,False,Weak Structure,Exit / Avoid,0.7,2.53
2026-05-17,GPIL.NS,Godawari Power And Ispat limited,Steel,Basic Materials,False,Cash,Stage 2,Clean Stage 2,0.9,"Price is above rising key averages, weekly structure is supportive, and the stock is near its 52-week high.",watchlist,72.88,0.74,True,True,Advancing,Hold / Trend intact,0.37,0.82
2026-05-17,GPPL.NS,Gujarat Pipavav Port Limited,Marine Shipping,Industrials,False,Cash,Stage 4,Stage 4 - Weak/Declining,0.72,Price is below long-term support with weak trend evidence.,watchlist,12.79,1.04,False,False,Weak Structure,Exit / Avoid,0.73,0.98
2026-05-17,GRANULES.NS,Granules India Limited,Drug Manufacturers - Specialty & Generic,Healthcare,False,Cash,Stage 2,Clean Stage 2,0.9,"Price is above rising key averages, weekly structure is supportive, and the stock is near its 52-week high.",watchlist,50.58,1.13,False,True,Advancing,Hold / Trend intact,0.47,0.76
2026-05-17,GRAPHITE.NS,Graphite India Limited,Electrical Equipment & Parts,Industrials,False,Cash,Stage 2,Clean Stage 2,0.9,"Price is above rising key averages, weekly structure is supportive, and the stock is near its 52-week high.",watchlist,46.94,1.06,False,False,Advancing,Hold / Trend intact,3.1,1.53
2026-05-17,GRASIM.NS,Grasim Industries Limited,Building Materials,Basic Materials,True,F&O,Stage 1,Stage 1 - Base/Repair,0.7,Price is near long-term moving averages with no strong long-term downtrend signal.,watchlist,9.51,0.86,False,False,Base Building,Watchlist / Early base,1.96,1.2
2026-05-17,GRAVITA.NS,Gravita India Limited,Metal Fabrication,Industrials,False,Cash,Stage 2,Early Stage 2,0.72,"Price has moved above long-term structure, but the full moving-average stack is not clean yet.",watchlist,29.75,1.18,False,True,Advancing,Hold / Trend intact,0.58,0.79
2026-05-17,GREAVESCOT.NS,Greaves Cotton Limited,Specialty Industrial Machinery,Industrials,False,Cash,Stage 4,Stage 4 - Weak/Declining,0.72,Price is below long-term support with weak trend evidence.,watchlist,15.4,1.15,False,False,Weak Structure,Exit / Avoid,0.59,1.29
2026-05-17,GREENLAM.NS,Greenlam Industries Limited,"Furnishings, Fixtures & Appliances",Consumer Cyclical,False,Cash,Stage 4,Stage 4 - Weak/Declining,0.72,Price is below long-term support with weak trend evidence.,watchlist,2.88,2.66,False,False,Weak Structure,Exit / Avoid,1.55,8.22
2026-05-17,GREENPANEL.NS,Greenpanel Industries Limited,Basic Materials,Basic Materials,False,Cash,Stage 4,Stage 4 - Weak/Declining,0.72,Price is below long-term support with weak trend evidence.,watchlist,21.11,0.8,True,True,Weak Structure,Exit / Avoid,0.38,0.58
2026-05-17,GREENPLY.NS,Greenply Industries Limited,Basic Materials,Basic Materials,False,Cash,Stage 1,Stage 1 - Early Turn,0.66,The stock is improving from a repair/base area but has not confirmed a clean Stage 2 yet.,watchlist,27.73,0.28,True,True,Base Building,Watchlist / Early base,0.05,0.16
2026-05-17,GRINDWELL.NS,Grindwell Norton Limited,Building Products & Equipment,Industrials,False,Cash,Stage 1,Stage 1 - Early Turn,0.66,The stock is improving from a repair/base area but has not confirmed a clean Stage 2 yet.,watchlist,14.31,2.03,False,False,Base Building,Watchlist / Early base,1.08,5.98
2026-05-17,GRINFRA.NS,G R Infraprojects Limited,Engineering & Construction,Industrials,False,Cash,Stage 4,Stage 4 - Weak/Declining,0.72,Price is below long-term support with weak trend evidence.,watchlist,16.11,0.49,True,True,Weak Structure,Exit / Avoid,0.29,0.74
2026-05-17,GRMOVER.NS,GRM Overseas Limited,Packaged Foods,Consumer Defensive,False,Cash,Stage 2,Stage 2,0.76,Advancing structure detected.,watchlist,43.03,1.43,False,False,Advancing,Hold / Trend intact,1.96,1.55
2026-05-17,GRSE.NS,Garden Reach Shipbuilders & Engineers Limited,Aerospace & Defense,Industrials,False,Cash,Stage 2,Stage 2,0.76,Advancing structure detected.,watchlist,41.02,0.99,False,True,Advancing,Hold / Trend intact,0.46,0.81
2026-05-17,GRWRHITECH.NS,Garware Hi-Tech Films Limited,Specialty Chemicals,Basic Materials,False,Cash,Stage 2,Extended Stage 2,0.78,"Advancing structure remains intact, but price is stretched versus key moving averages or far above the 52-week low.",watchlist,50.88,2.67,False,False,Advancing,Hold / Trend intact,0.51,1.01
2026-05-17,GSFC.NS,Gujarat State Fertilizers & Chemicals Limited,Agricultural Inputs,Basic Materials,False,Cash,Stage 4,Stage 4 - Weak/Declining,0.72,Price is below long-term support with weak trend evidence.,watchlist,3.8,0.56,True,True,Weak Structure,Exit / Avoid,0.84,0.54
2026-05-17,GSPL.NS,Gujarat State Petronet Limited,Utilities,Utilities,False,Cash,Stage 4,Stage 4 - Confirmed Downtrend,0.86,Price is below a bearish moving-average stack with falling trend signals.,watchlist,10.0,0.84,True,False,Weak Structure,Exit / Avoid,4.2,1.62
2026-05-17,GUFICBIO.NS,Gufic Biosciences Limited,Drug Manufacturers - Specialty & Generic,Healthcare,False,Cash,Stage 4,Stage 4 - Confirmed Downtrend,0.86,Price is below a bearish moving-average stack with falling trend signals.,watchlist,11.8,1.69,False,False,Weak Structure,Exit / Avoid,0.8,1.37
2026-05-17,GUJALKALI.NS,Gujarat Alkalies and Chemicals Limited,Chemicals,Basic Materials,False,Cash,Stage 2,Early Stage 2,0.72,"Price has moved above long-term structure, but the full moving-average stack is not clean yet.",watchlist,43.89,0.05,True,True,Advancing,Hold / Trend intact,0.08,0.04
2026-05-17,GUJGASLTD.NS,Gujarat Gas Limited,Utilities,Utilities,False,Cash,Stage 4,Stage 4 - Weak/Declining,0.72,Price is below long-term support with weak trend evidence.,watchlist,10.0,0.4,True,True,Weak Structure,Exit / Avoid,0.31,0.54
2026-05-17,GULFOILLUB.NS,Gulf Oil Lubricants India Limited,Specialty Chemicals,Basic Materials,False,Cash,Stage 4,Stage 4 - Confirmed Downtrend,0.86,Price is below a bearish moving-average stack with falling trend signals.,watchlist,5.0,0.58,True,True,Weak Structure,Exit / Avoid,0.59,0.54
2026-05-17,GVT&D.NS,GE Vernova T&D India Limited,Specialty Industrial Machinery,Industrials,False,Cash,Stage 2,Clean Stage 2,0.9,"Price is above rising key averages, weekly structure is supportive, and the stock is near its 52-week high.",watchlist,43.79,0.86,False,True,Advancing,Hold / Trend intact,0.4,0.62
2026-05-17,HAL.NS,Hindustan Aeronautics Limited,Aerospace & Defense,Industrials,True,F&O,Stage 1,Stage 1 - Early Turn,0.66,The stock is improving from a repair/base area but has not confirmed a clean Stage 2 yet.,watchlist,12.4,1.2,False,False,Base Building,Watchlist / Early base,1.67,1.43
2026-05-17,HAPPSTMNDS.NS,Happiest Minds Technologies Limited,Information Technology Services,Technology,False,Cash,Stage 4,Stage 4 - Confirmed Downtrend,0.86,Price is below a bearish moving-average stack with falling trend signals.,watchlist,1.8,0.23,True,True,Weak Structure,Exit / Avoid,0.63,0.16
2026-05-17,HAPPYFORGE.NS,Happy Forgings Limited,Metal Fabrication,Industrials,False,Cash,Stage 2,Clean Stage 2,0.9,"Price is above rising key averages, weekly structure is supportive, and the stock is near its 52-week high.",watchlist,43.25,1.34,False,False,Advancing,Hold / Trend intact,0.47,1.19
2026-05-17,HARSHA.NS,Harsha Engineers International Limited,Tools & Accessories,Industrials,False,Cash,Stage 1,Stage 1 - Early Turn,0.66,The stock is improving from a repair/base area but has not confirmed a clean Stage 2 yet.,watchlist,12.25,3.63,False,False,Base Building,Watchlist / Early base,0.39,1.8
2026-05-17,HATSUN.NS,Hatsun Agro Product Limited,Packaged Foods,Consumer Defensive,False,Cash,Stage 1,Stage 1 - Base/Repair,0.7,Price is near long-term moving averages with no strong long-term downtrend signal.,watchlist,10.0,0.55,True,True,Base Building,Watchlist / Early base,0.42,0.54
2026-05-17,HAVELLS.NS,Havells India Limited,Electrical Equipment & Parts,Industrials,True,F&O,Stage 4,Stage 4 - Confirmed Downtrend,0.86,Price is below a bearish moving-average stack with falling trend signals.,watchlist,10.0,0.62,True,True,Weak Structure,Exit / Avoid,0.48,0.58
2026-05-17,HBLENGINE.NS,HBL Engineering Limited,Electrical Equipment & Parts,Industrials,False,Cash,Stage 1,Stage 1 - Base/Repair,0.7,Price is near long-term moving averages with no strong long-term downtrend signal.,watchlist,35.96,1.12,False,True,Base Building,Watchlist / Early base,0.45,0.89
2026-05-17,HCG.NS,Healthcare Global Enterprises Limited,Medical Care Facilities,Healthcare,False,Cash,Stage 1,Stage 1 - Base/Repair,0.7,Price is near long-term moving averages with no strong long-term downtrend signal.,watchlist,18.09,1.0,False,False,Base Building,Watchlist / Early base,4.09,1.22
2026-05-17,HCLTECH.NS,HCL Technologies Limited,Information Technology Services,Technology,True,F&O,Stage 4,Stage 4 - Weak/Declining,0.72,Price is below long-term support with weak trend evidence.,watchlist,0.0,0.79,True,False,Weak Structure,Exit / Avoid,0.74,0.94
2026-05-17,HDFCAMC.NS,HDFC Asset Management Company Limited,Asset Management,Financial Services,True,F&O,Stage 1,Stage 1 - Base/Repair,0.7,Price is near long-term moving averages with no strong long-term downtrend signal.,watchlist,7.52,0.67,True,True,Base Building,Watchlist / Early base,0.37,0.67
2026-05-17,HDFCBANK.NS,HDFC Bank Limited,Banks - Regional,Financial Services,True,F&O,Stage 4,Stage 4 - Confirmed Downtrend,0.86,Price is below a bearish moving-average stack with falling trend signals.,watchlist,8.59,0.79,True,True,Weak Structure,Exit / Avoid,0.59,0.87
2026-05-17,HDFCLIFE.NS,HDFC Life Insurance Company Limited,Insurance - Life,Financial Services,True,F&O,Stage 4,Stage 4 - Confirmed Downtrend,0.86,Price is below a bearish moving-average stack with falling trend signals.,watchlist,4.86,1.59,False,True,Weak Structure,Exit / Avoid,0.47,0.62
2026-05-17,HEG.NS,HEG Limited,Electrical Equipment & Parts,Industrials,False,Cash,Stage 2,Clean Stage 2,0.9,"Price is above rising key averages, weekly structure is supportive, and the stock is near its 52-week high.",watchlist,64.7,0.56,True,True,Advancing,Hold / Trend intact,1.33,0.62
2026-05-17,HEIDELBERG.NS,HeidelbergCement India Limited,Building Materials,Basic Materials,False,Cash,Stage 4,Stage 4 - Confirmed Downtrend,0.86,Price is below a bearish moving-average stack with falling trend signals.,watchlist,3.42,0.76,True,True,Weak Structure,Exit / Avoid,0.64,0.69
2026-05-17,HEMIPROP.NS,Hemisphere Properties India Limited,Real Estate,Real Estate,False,Cash,Stage 1,Stage 1 - Base/Repair,0.7,Price is near long-term moving averages with no strong long-term downtrend signal.,watchlist,2.88,2.3,False,False,Base Building,Watchlist / Early base,0.53,2.5
2026-05-17,HERITGFOOD.NS,Heritage Foods Limited,Packaged Foods,Consumer Defensive,False,Cash,Stage 4,Stage 4 - Weak/Declining,0.72,Price is below long-term support with weak trend evidence.,watchlist,3.8,1.33,False,False,Weak Structure,Exit / Avoid,0.45,2.63
2026-05-17,HEROMOTOCO.NS,Hero MotoCorp Limited,Auto Manufacturers,Consumer Cyclical,True,F&O,Stage 4,Stage 4 - Weak/Declining,0.72,Price is below long-term support with weak trend evidence.,watchlist,4.45,1.44,False,True,Weak Structure,Exit / Avoid,0.64,0.86
2026-05-17,HEXT.NS,Hexaware Technologies Limited,Information Technology Services,Technology,False,Cash,Stage 4,Stage 4 - Weak/Declining,0.72,Price is below long-term support with weak trend evidence.,watchlist,5.76,0.96,False,False,Weak Structure,Exit / Avoid,0.9,0.93
2026-05-17,HFCL.NS,HFCL Limited,Communication Equipment,Technology,False,Cash,Stage 2,Extended Stage 2,0.78,"Advancing structure remains intact, but price is stretched versus key moving averages or far above the 52-week low.",watchlist,72.67,2.17,False,False,Advancing,Hold / Trend intact,0.46,1.93
2026-05-17,HGINFRA.NS,H.G. Infra Engineering Limited,Engineering & Construction,Industrials,False,Cash,Stage 4,Stage 4 - Weak/Declining,0.72,Price is below long-term support with weak trend evidence.,watchlist,16.11,0.47,True,True,Weak Structure,Exit / Avoid,0.14,0.74
2026-05-17,HIKAL.NS,Hikal Limited,Drug Manufacturers - Specialty & Generic,Healthcare,False,Cash,Stage 4,Stage 4 - Weak/Declining,0.72,Price is below long-term support with weak trend evidence.,watchlist,13.19,1.11,False,True,Weak Structure,Exit / Avoid,0.51,0.73
2026-05-17,HINDALCO.NS,Hindalco Industries Limited,Basic Materials,Basic Materials,True,F&O,Stage 2,Clean Stage 2,0.9,"Price is above rising key averages, weekly structure is supportive, and the stock is near its 52-week high.",watchlist,65.69,0.73,True,True,Advancing,Hold / Trend intact,1.22,0.87
2026-05-17,HINDCOPPER.NS,Hindustan Copper Limited,Basic Materials,Basic Materials,False,Cash,Stage 2,Stage 2,0.76,Advancing structure detected.,watchlist,42.33,0.93,False,False,Advancing,Hold / Trend intact,1.06,1.4
2026-05-17,HINDPETRO.NS,Hindustan Petroleum Corporation Limited,Oil & Gas Refining & Marketing,Energy,True,F&O,Stage 4,Stage 4 - Weak/Declining,0.72,Price is below long-term support with weak trend evidence.,watchlist,2.88,0.98,False,False,Weak Structure,Exit / Avoid,1.64,1.21
2026-05-17,HINDUNILVR.NS,Hindustan Unilever Limited,Household & Personal Products,Consumer Defensive,True,F&O,Stage 4,Stage 4 - Weak/Declining,0.72,Price is below long-term support with weak trend evidence.,watchlist,12.49,0.73,True,True,Weak Structure,Exit / Avoid,0.49,0.68
2026-05-17,HINDZINC.NS,Hindustan Zinc Limited,Basic Materials,Basic Materials,True,F&O,Stage 2,Stage 2,0.76,Advancing structure detected.,watchlist,47.93,1.12,False,False,Advancing,Hold / Trend intact,1.3,1.52
2026-05-17,HIRECT.NS,Hind Rectifiers Limited,Electrical Equipment & Parts,Industrials,False,Cash,Stage 2,Early Stage 2,0.72,"Price has moved above long-term structure, but the full moving-average stack is not clean yet.",watchlist,73.91,0.69,True,True,Advancing,Hold / Trend intact,1.37,0.8
2026-05-17,HNDFDS.NS,Hindustan Foods Limited,Conglomerates,Industrials,False,Cash,Stage 1,Stage 1 - Early Turn,0.66,The stock is improving from a repair/base area but has not confirmed a clean Stage 2 yet.,watchlist,31.87,1.33,False,False,Base Building,Watchlist / Early base,1.59,1.13
2026-05-17,HOMEFIRST.NS,Home First Finance Company India Limited,Mortgage Finance,Financial Services,False,Cash,Stage 4,Stage 4 - Weak/Declining,0.72,Price is below long-term support with weak trend evidence.,watchlist,4.79,0.75,True,True,Weak Structure,Exit / Avoid,0.68,0.66
2026-05-17,HONASA.NS,Honasa Consumer Limited,Household & Personal Products,Consumer Defensive,False,Cash,Stage 2,Clean Stage 2,0.9,"Price is above rising key averages, weekly structure is supportive, and the stock is near its 52-week high.",watchlist,46.47,0.78,True,False,Advancing,Hold / Trend intact,1.12,1.01
2026-05-17,HONAUT.NS,Honeywell Automation India Limited,Electrical Equipment & Parts,Industrials,False,Cash,Stage 4,Stage 4 - Confirmed Downtrend,0.86,Price is below a bearish moving-average stack with falling trend signals.,watchlist,10.0,0.74,True,True,Weak Structure,Exit / Avoid,0.46,0.69
2026-05-17,HSCL.NS,Himadri Speciality Chemical Limited,Specialty Chemicals,Basic Materials,False,Cash,Stage 2,Clean Stage 2,0.9,"Price is above rising key averages, weekly structure is supportive, and the stock is near its 52-week high.",watchlist,46.94,1.82,False,False,Advancing,Hold / Trend intact,0.77,2.03
2026-05-17,HUBTOWN.NS,Hubtown Limited,Real Estate,Real Estate,False,Cash,Stage 4,Stage 4 - Weak/Declining,0.72,Price is below long-term support with weak trend evidence.,watchlist,23.29,1.42,False,False,Weak Structure,Exit / Avoid,1.76,1.43
2026-05-17,HUDCO.NS,Housing & Urban Development Corporation Limited,Credit Services,Financial Services,False,Cash,Stage 4,Stage 4 - Weak/Declining,0.72,Price is below long-term support with weak trend evidence.,watchlist,12.62,1.19,False,False,Weak Structure,Exit / Avoid,2.55,1.57
2026-05-17,HYUNDAI.NS,Hyundai Motor India Limited,Auto Manufacturers,Consumer Cyclical,True,F&O,Stage 4,Stage 4 - Confirmed Downtrend,0.86,Price is below a bearish moving-average stack with falling trend signals.,watchlist,2.88,1.2,False,False,Weak Structure,Exit / Avoid,0.57,2.08
2026-05-17,ICICIBANK.NS,ICICI Bank Limited,Banks - Regional,Financial Services,True,F&O,Stage 4,Stage 4 - Confirmed Downtrend,0.86,Price is below a bearish moving-average stack with falling trend signals.,watchlist,2.0,0.99,False,False,Weak Structure,Exit / Avoid,0.61,1.03
2026-05-17,ICICIGI.NS,ICICI Lombard General Insurance Company Limited,Financial Services,Financial Services,True,F&O,Stage 4,Stage 4 - Weak/Declining,0.72,Price is below long-term support with weak trend evidence.,watchlist,13.58,0.92,False,True,Weak Structure,Exit / Avoid,0.42,0.71
2026-05-17,ICICIPRULI.NS,ICICI Prudential Life Insurance Company Limited,Insurance - Life,Financial Services,True,F&O,Stage 4,Stage 4 - Confirmed Downtrend,0.86,Price is below a bearish moving-average stack with falling trend signals.,watchlist,3.59,0.82,True,True,Weak Structure,Exit / Avoid,0.31,0.53
2026-05-17,ICIL.NS,Indo Count Industries Limited,Textile Manufacturing,Consumer Cyclical,False,Cash,Stage 1,Stage 1 - Unclear/Repair,0.58,Not enough evidence for Stage 2 or Stage 4; classified as repair/unclear structure.,watchlist,10.88,1.1,False,True,Base Building,Watchlist / Early base,0.4,0.55
2026-05-17,ICRA.NS,ICRA Limited,Financial Services,Financial Services,False,Cash,Stage 4,Stage 4 - Weak/Declining,0.72,Price is below long-term support with weak trend evidence.,watchlist,10.4,0.69,True,True,Weak Structure,Exit / Avoid,0.45,0.87
2026-05-17,IDBI.NS,IDBI Bank Limited,Banks - Regional,Financial Services,False,Cash,Stage 4,Stage 4 - Weak/Declining,0.72,Price is below long-term support with weak trend evidence.,watchlist,2.0,0.27,True,True,Weak Structure,Exit / Avoid,0.3,0.25
2026-05-17,IDEAFORGE.NS,Ideaforge Technology Limited,Technology,Technology,False,Cash,Stage 2,Extended Stage 2,0.78,"Advancing structure remains intact, but price is stretched versus key moving averages or far above the 52-week low.",watchlist,44.28,1.78,False,False,Advancing,Hold / Trend intact,1.14,1.03
2026-05-17,IDFCFIRSTB.NS,IDFC First Bank Limited,Banks - Regional,Financial Services,True,F&O,Stage 4,Stage 4 - Weak/Declining,0.72,Price is below long-term support with weak trend evidence.,watchlist,4.34,0.77,True,True,Weak Structure,Exit / Avoid,1.29,0.85
2026-05-17,IEX.NS,Indian Energy Exchange Limited,Capital Markets,Financial Services,True,F&O,Stage 4,Stage 4 - Weak/Declining,0.72,Price is below long-term support with weak trend evidence.,watchlist,8.35,0.88,False,False,Weak Structure,Exit / Avoid,0.44,0.99
2026-05-17,IFBIND.NS,IFB Industries Limited,"Furnishings, Fixtures & Appliances",Consumer Cyclical,False,Cash,Stage 4,Stage 4 - Weak/Declining,0.72,Price is below long-term support with weak trend evidence.,watchlist,6.43,1.12,False,False,Weak Structure,Exit / Avoid,1.06,1.11
2026-05-17,IFCI.NS,IFCI Limited,Credit Services,Financial Services,False,Cash,Stage 2,Stage 2,0.76,Advancing structure detected.,watchlist,36.16,1.42,False,False,Advancing,Hold / Trend intact,0.84,1.77
2026-05-17,IGIL.NS,International Gemological Institute Limited,Basic Materials,Basic Materials,False,Cash,Stage 4,Stage 4 - Weak/Declining,0.72,Price is below long-term support with weak trend evidence.,watchlist,27.41,0.52,True,True,Weak Structure,Exit / Avoid,0.54,0.44
2026-05-17,IGL.NS,Indraprastha Gas Limited,Utilities,Utilities,False,Cash,Stage 4,Stage 4 - Confirmed Downtrend,0.86,Price is below a bearish moving-average stack with falling trend signals.,watchlist,11.8,0.72,True,True,Weak Structure,Exit / Avoid,1.35,0.69
2026-05-17,IIFL.NS,IIFL Finance Limited,Credit Services,Financial Services,False,Cash,Stage 4,Stage 4 - Weak/Declining,0.72,Price is below long-term support with weak trend evidence.,watchlist,7.77,2.0,False,False,Weak Structure,Exit / Avoid,0.76,4.43
2026-05-17,IIFLCAPS.NS,IIFL Capital Services Limited,Capital Markets,Financial Services,False,Cash,Stage 2,Early Stage 2,0.72,"Price has moved above long-term structure, but the full moving-average stack is not clean yet.",watchlist,23.92,1.25,False,True,Advancing,Hold / Trend intact,0.24,0.88
2026-05-17,IKS.NS,Inventurus Knowledge Solutions Limited,Healthcare,Healthcare,False,Cash,Stage 1,Stage 1 - Base/Repair,0.7,Price is near long-term moving averages with no strong long-term downtrend signal.,watchlist,10.27,0.81,True,False,Base Building,Watchlist / Early base,0.78,1.04
2026-05-17,IMAGICAA.NS,Imagicaaworld Entertainment Limited,Communication Services,Communication Services,False,Cash,Stage 4,Stage 4 - Confirmed Downtrend,0.86,Price is below a bearish moving-average stack with falling trend signals.,watchlist,0.36,0.63,True,True,Weak Structure,Exit / Avoid,0.81,0.74
2026-05-17,IMFA.NS,Indian Metals & Ferro Alloys Limited,Basic Materials,Basic Materials,False,Cash,Stage 2,Stage 2,0.76,Advancing structure detected.,watchlist,62.13,1.23,False,False,Advancing,Hold / Trend intact,0.45,0.95
2026-05-17,INDGN.NS,Indegene Limited,Healthcare,Healthcare,False,Cash,Stage 1,Stage 1 - Early Turn,0.66,The stock is improving from a repair/base area but has not confirmed a clean Stage 2 yet.,watchlist,5.17,1.02,False,True,Base Building,Watchlist / Early base,0.63,0.62
2026-05-17,INDHOTEL.NS,The Indian Hotels Company Limited,Lodging,Consumer Cyclical,True,F&O,Stage 4,Stage 4 - Weak/Declining,0.72,Price is below long-term support with weak trend evidence.,watchlist,8.21,0.98,False,False,Weak Structure,Exit / Avoid,0.77,1.52
2026-05-17,INDIACEM.NS,The India Cements Limited,Building Materials,Basic Materials,False,Cash,Stage 1,Stage 1 - Base/Repair,0.7,Price is near long-term moving averages with no strong long-term downtrend signal.,watchlist,13.09,0.31,True,True,Base Building,Watchlist / Early base,0.13,0.19
2026-05-17,INDIAGLYCO.NS,India Glycols Limited,Chemicals,Basic Materials,False,Cash,Stage 2,Early Stage 2,0.72,"Price has moved above long-term structure, but the full moving-average stack is not clean yet.",watchlist,55.86,1.53,False,False,Advancing,Hold / Trend intact,1.26,1.41
2026-05-17,INDIAMART.NS,Indiamart Intermesh Limited,Communication Services,Communication Services,False,Cash,Stage 4,Stage 4 - Confirmed Downtrend,0.86,Price is below a bearish moving-average stack with falling trend signals.,watchlist,16.61,0.79,True,True,Weak Structure,Exit / Avoid,0.6,0.61
2026-05-17,INDIANB.NS,Indian Bank,Banks - Regional,Financial Services,True,F&O,Stage 1,Stage 1 - Base/Repair,0.7,Price is near long-term moving averages with no strong long-term downtrend signal.,watchlist,2.47,1.09,False,False,Base Building,Watchlist / Early base,0.9,1.01
2026-05-17,INDIASHLTR.NS,India Shelter Finance Corporation Limited,Mortgage Finance,Financial Services,False,Cash,Stage 1,Stage 1 - Early Turn,0.66,The stock is improving from a repair/base area but has not confirmed a clean Stage 2 yet.,watchlist,3.86,1.07,False,False,Base Building,Watchlist / Early base,0.43,0.96
2026-05-17,INDIGO.NS,InterGlobe Aviation Limited,Industrials,Industrials,True,F&O,Stage 4,Stage 4 - Confirmed Downtrend,0.86,Price is below a bearish moving-average stack with falling trend signals.,watchlist,16.11,0.69,True,True,Weak Structure,Exit / Avoid,0.44,0.59
2026-05-17,INDIGOPNTS.NS,Indigo Paints Limited,Specialty Chemicals,Basic Materials,False,Cash,Stage 4,Stage 4 - Weak/Declining,0.72,Price is below long-term support with weak trend evidence.,watchlist,6.44,1.05,False,False,Weak Structure,Exit / Avoid,0.76,1.1
2026-05-17,INDOSTAR.NS,IndoStar Capital Finance Limited,Credit Services,Financial Services,False,Cash,Stage 4,Stage 4 - Confirmed Downtrend,0.86,Price is below a bearish moving-average stack with falling trend signals.,watchlist,20.91,0.58,True,True,Weak Structure,Exit / Avoid,0.44,0.4
2026-05-17,INDOTECH.NS,Indo Tech Transformers Limited,Electrical Equipment & Parts,Industrials,False,Cash,Stage 2,Extended Stage 2,0.78,"Advancing structure remains intact, but price is stretched versus key moving averages or far above the 52-week low.",watchlist,37.22,1.33,False,False,Advancing,Hold / Trend intact,0.25,1.26
2026-05-17,INDOTHAI.NS,Indo Thai Securities Limited,Capital Markets,Financial Services,False,Cash,Stage 1,Stage 1 - Unclear/Repair,0.58,Not enough evidence for Stage 2 or Stage 4; classified as repair/unclear structure.,watchlist,22.41,0.88,False,True,Base Building,Watchlist / Early base,0.61,0.51
2026-05-17,INDRAMEDCO.NS,Indraprastha Medical Corporation Limited,Medical Care Facilities,Healthcare,False,Cash,Stage 4,Stage 4 - Weak/Declining,0.72,Price is below long-term support with weak trend evidence.,watchlist,26.98,1.38,False,False,Weak Structure,Exit / Avoid,1.39,1.82
2026-05-17,INDUSINDBK.NS,IndusInd Bank Limited,Banks - Regional,Financial Services,True,F&O,Stage 1,Stage 1 - Base/Repair,0.7,Price is near long-term moving averages with no strong long-term downtrend signal.,watchlist,7.42,0.55,True,True,Base Building,Watchlist / Early base,0.55,0.49
2026-05-17,INDUSTOWER.NS,Indus Towers Limited,Telecom Services,Communication Services,True,F&O,Stage 1,Stage 1 - Base/Repair,0.7,Price is near long-term moving averages with no strong long-term downtrend signal.,watchlist,15.96,1.45,False,False,Base Building,Watchlist / Early base,1.17,1.52
2026-05-17,INFY.NS,Infosys Limited,Information Technology Services,Technology,True,F&O,Stage 4,Stage 4 - Confirmed Downtrend,0.86,Price is below a bearish moving-average stack with falling trend signals.,watchlist,5.32,0.88,False,False,Weak Structure,Exit / Avoid,1.34,1.16
2026-05-17,INGERRAND.NS,Ingersoll Rand (India) Limited,Specialty Industrial Machinery,Industrials,False,Cash,Stage 2,Early Stage 2,0.72,"Price has moved above long-term structure, but the full moving-average stack is not clean yet.",watchlist,49.08,1.08,False,False,Advancing,Hold / Trend intact,0.35,1.0
2026-05-17,INNOVACAP.NS,Innova Captab Limited,Drug Manufacturers - Specialty & Generic,Healthcare,False,Cash,Stage 1,Stage 1 - Early Turn,0.66,The stock is improving from a repair/base area but has not confirmed a clean Stage 2 yet.,watchlist,40.29,2.25,False,True,Base Building,Watchlist / Early base,0.17,0.83
2026-05-17,INOXGREEN.NS,Inox Green Energy Services Limited,Utilities - Renewable,Utilities,False,Cash,Stage 1,Stage 1 - Base/Repair,0.7,Price is near long-term moving averages with no strong long-term downtrend signal.,watchlist,9.5,0.63,True,True,Base Building,Watchlist / Early base,0.54,0.48
2026-05-17,INOXINDIA.NS,INOX India Limited,Specialty Industrial Machinery,Industrials,False,Cash,Stage 2,Stage 2,0.76,Advancing structure detected.,watchlist,71.6,1.37,False,False,Advancing,Hold / Trend intact,0.43,1.05
2026-05-17,INOXWIND.NS,Inox Wind Limited,Specialty Industrial Machinery,Industrials,True,F&O,Stage 4,Stage 4 - Weak/Declining,0.72,Price is below long-term support with weak trend evidence.,watchlist,11.8,1.12,False,True,Weak Structure,Exit / Avoid,0.32,0.66
2026-05-17,INTELLECT.NS,Intellect Design Arena Limited,Software - Application,Technology,False,Cash,Stage 4,Stage 4 - Weak/Declining,0.72,Price is below long-term support with weak trend evidence.,watchlist,4.59,1.82,False,False,Weak Structure,Exit / Avoid,0.46,1.11
2026-05-17,INTERARCH.NS,Interarch Building Solutions Limited,Engineering & Construction,Industrials,False,Cash,Stage 4,Stage 4 - Weak/Declining,0.72,Price is below long-term support with weak trend evidence.,watchlist,2.79,1.96,False,False,Weak Structure,Exit / Avoid,2.66,4.48
2026-05-17,IOC.NS,Indian Oil Corporation Limited,Oil & Gas Refining & Marketing,Energy,True,F&O,Stage 4,Stage 4 - Weak/Declining,0.72,Price is below long-term support with weak trend evidence.,watchlist,1.8,0.75,True,False,Weak Structure,Exit / Avoid,2.0,0.96
2026-05-17,IOLCP.NS,IOL Chemicals and Pharmaceuticals Limited,Drug Manufacturers - Specialty & Generic,Healthcare,False,Cash,Stage 1,Stage 1 - Early Turn,0.66,The stock is improving from a repair/base area but has not confirmed a clean Stage 2 yet.,watchlist,42.67,2.03,False,False,Base Building,Watchlist / Early base,0.6,5.52
2026-05-17,IONEXCHANG.NS,ION Exchange (India) Limited,Industrials,Industrials,False,Cash,Stage 1,Stage 1 - Unclear/Repair,0.58,Not enough evidence for Stage 2 or Stage 4; classified as repair/unclear structure.,watchlist,23.87,1.03,False,True,Base Building,Watchlist / Early base,0.43,0.66
2026-05-17,IPCALAB.NS,IPCA Laboratories Limited,Drug Manufacturers - Specialty & Generic,Healthcare,False,Cash,Stage 2,Clean Stage 2,0.9,"Price is above rising key averages, weekly structure is supportive, and the stock is near its 52-week high.",watchlist,62.08,1.52,False,False,Advancing,Hold / Trend intact,4.86,3.05
2026-05-17,IRCON.NS,Ircon International Limited,Engineering & Construction,Industrials,False,Cash,Stage 4,Stage 4 - Weak/Declining,0.72,Price is below long-term support with weak trend evidence.,watchlist,1.8,0.73,True,True,Weak Structure,Exit / Avoid,0.3,0.45
2026-05-17,IRCTC.NS,Indian Railway Catering And Tourism Corporation Limited,Consumer Cyclical,Consumer Cyclical,False,Cash,Stage 4,Stage 4 - Confirmed Downtrend,0.86,Price is below a bearish moving-average stack with falling trend signals.,watchlist,2.34,0.91,False,True,Weak Structure,Exit / Avoid,0.4,0.59
2026-05-17,IREDA.NS,Indian Renewable Energy Development Agency Limited,Credit Services,Financial Services,True,F&O,Stage 4,Stage 4 - Weak/Declining,0.72,Price is below long-term support with weak trend evidence.,watchlist,8.61,0.64,True,True,Weak Structure,Exit / Avoid,0.57,0.79
2026-05-17,IRFC.NS,Indian Railway Finance Corporation Limited,Credit Services,Financial Services,True,F&O,Stage 4,Stage 4 - Confirmed Downtrend,0.86,Price is below a bearish moving-average stack with falling trend signals.,watchlist,3.8,0.73,True,True,Weak Structure,Exit / Avoid,0.84,0.8
2026-05-17,ISGEC.NS,Isgec Heavy Engineering Limited,Specialty Industrial Machinery,Industrials,False,Cash,Stage 2,Early Stage 2,0.72,"Price has moved above long-term structure, but the full moving-average stack is not clean yet.",watchlist,61.81,0.57,True,True,Advancing,Hold / Trend intact,0.9,0.62
2026-05-17,ITC.NS,ITC Limited,Consumer Defensive,Consumer Defensive,True,F&O,Stage 4,Stage 4 - Weak/Declining,0.72,Price is below long-term support with weak trend evidence.,watchlist,27.03,0.85,False,True,Weak Structure,Exit / Avoid,0.65,0.69
2026-05-17,ITCHOTELS.NS,ITC Hotels Limited,Consumer Cyclical,Consumer Cyclical,False,Cash,Stage 4,Stage 4 - Confirmed Downtrend,0.86,Price is below a bearish moving-average stack with falling trend signals.,watchlist,1.8,0.56,True,True,Weak Structure,Exit / Avoid,0.72,0.55
2026-05-17,ITDC.NS,India Tourism Development Corporation Limited,Lodging,Consumer Cyclical,False,Cash,Stage 4,Stage 4 - Weak/Declining,0.72,Price is below long-term support with weak trend evidence.,watchlist,0.0,0.06,True,True,Weak Structure,Exit / Avoid,0.01,0.07
2026-05-17,ITI.NS,ITI Limited,Communication Equipment,Technology,False,Cash,Stage 4,Stage 4 - Weak/Declining,0.72,Price is below long-term support with weak trend evidence.,watchlist,14.69,0.08,True,True,Weak Structure,Exit / Avoid,0.07,0.06
2026-05-17,IXIGO.NS,Le Travenues Technology Limited,Consumer Cyclical,Consumer Cyclical,False,Cash,Stage 4,Stage 4 - Confirmed Downtrend,0.86,Price is below a bearish moving-average stack with falling trend signals.,watchlist,1.8,0.55,True,True,Weak Structure,Exit / Avoid,0.5,0.57
2026-05-17,J&KBANK.NS,The Jammu & Kashmir Bank Limited,Banks - Regional,Financial Services,False,Cash,Stage 2,Clean Stage 2,0.9,"Price is above rising key averages, weekly structure is supportive, and the stock is near its 52-week high.",watchlist,31.47,0.92,False,True,Advancing,Hold / Trend intact,0.3,0.5
2026-05-17,JAIBALAJI.NS,Jai Balaji Industries Limited,Steel,Basic Materials,False,Cash,Stage 1,Stage 1 - Early Turn,0.66,The stock is improving from a repair/base area but has not confirmed a clean Stage 2 yet.,watchlist,32.69,0.92,False,False,Base Building,Watchlist / Early base,1.36,1.15
2026-05-17,JAMNAAUTO.NS,Jamna Auto Industries Limited,Auto Parts,Consumer Cyclical,False,Cash,Stage 1,Stage 1 - Base/Repair,0.7,Price is near long-term moving averages with no strong long-term downtrend signal.,watchlist,4.15,1.01,False,True,Base Building,Watchlist / Early base,0.69,0.8
2026-05-17,JASH.NS,Jash Engineering Limited,Specialty Industrial Machinery,Industrials,False,Cash,Stage 4,Stage 4 - Weak/Declining,0.72,Price is below long-term support with weak trend evidence.,watchlist,19.95,0.7,True,True,Weak Structure,Exit / Avoid,0.31,0.73
2026-05-17,JAYNECOIND.NS,Jayaswal Neco Industries Limited,Steel,Basic Materials,False,Cash,Stage 2,Extended Stage 2,0.78,"Advancing structure remains intact, but price is stretched versus key moving averages or far above the 52-week low.",watchlist,72.17,0.8,True,True,Advancing,Hold / Trend intact,0.34,0.83
2026-05-17,JBCHEPHARM.NS,JB Chemicals & Pharmaceuticals Limited,Drug Manufacturers - Specialty & Generic,Healthcare,False,Cash,Stage 2,Clean Stage 2,0.9,"Price is above rising key averages, weekly structure is supportive, and the stock is near its 52-week high.",watchlist,41.29,1.05,False,False,Advancing,Hold / Trend intact,0.73,1.45
2026-05-17,JBMA.NS,JBM Auto Limited,Auto Parts,Consumer Cyclical,False,Cash,Stage 1,Stage 1 - Early Turn,0.66,The stock is improving from a repair/base area but has not confirmed a clean Stage 2 yet.,watchlist,19.77,0.85,True,False,Base Building,Watchlist / Early base,0.27,1.63
2026-05-17,JINDALPOLY.NS,Jindal Poly Films Limited,Consumer Cyclical,Consumer Cyclical,False,Cash,Stage 1,Stage 1 - Unclear/Repair,0.58,Not enough evidence for Stage 2 or Stage 4; classified as repair/unclear structure.,watchlist,12.61,0.09,True,True,Base Building,Watchlist / Early base,0.2,0.05
2026-05-17,JINDALSAW.NS,Jindal Saw Limited,Steel,Basic Materials,False,Cash,Stage 2,Early Stage 2,0.72,"Price has moved above long-term structure, but the full moving-average stack is not clean yet.",watchlist,50.87,0.26,True,True,Advancing,Hold / Trend intact,0.37,0.2
2026-05-17,JINDALSTEL.NS,JINDAL STEEL LIMITED,Steel,Basic Materials,True,F&O,Stage 2,Clean Stage 2,0.9,"Price is above rising key averages, weekly structure is supportive, and the stock is near its 52-week high.",watchlist,52.71,1.03,False,True,Advancing,Hold / Trend intact,0.77,0.74
2026-05-17,JIOFIN.NS,Jio Financial Services Limited,Asset Management,Financial Services,True,F&O,Stage 4,Stage 4 - Confirmed Downtrend,0.86,Price is below a bearish moving-average stack with falling trend signals.,watchlist,10.68,0.75,True,True,Weak Structure,Exit / Avoid,0.43,0.85
2026-05-17,JISLJALEQS.NS,Jain Irrigation Systems Limited,Conglomerates,Industrials,False,Cash,Stage 4,Stage 4 - Confirmed Downtrend,0.86,Price is below a bearish moving-average stack with falling trend signals.,watchlist,18.11,0.87,False,True,Weak Structure,Exit / Avoid,1.9,0.8
2026-05-17,JKCEMENT.NS,JK Cement Limited,Building Materials,Basic Materials,False,Cash,Stage 4,Stage 4 - Weak/Declining,0.72,Price is below long-term support with weak trend evidence.,watchlist,21.52,0.85,True,True,Weak Structure,Exit / Avoid,0.37,0.6
2026-05-17,JKIL.NS,J.Kumar Infraprojects Limited,Engineering & Construction,Industrials,False,Cash,Stage 4,Stage 4 - Weak/Declining,0.72,Price is below long-term support with weak trend evidence.,watchlist,0.0,0.47,True,True,Weak Structure,Exit / Avoid,0.31,0.47
2026-05-17,JKLAKSHMI.NS,JK Lakshmi Cement Limited,Building Materials,Basic Materials,False,Cash,Stage 4,Stage 4 - Weak/Declining,0.72,Price is below long-term support with weak trend evidence.,watchlist,1.44,0.83,True,False,Weak Structure,Exit / Avoid,2.07,1.53
2026-05-17,JKPAPER.NS,JK Paper Limited,Basic Materials,Basic Materials,False,Cash,Stage 1,Stage 1 - Early Turn,0.66,The stock is improving from a repair/base area but has not confirmed a clean Stage 2 yet.,watchlist,42.77,1.5,False,False,Base Building,Watchlist / Early base,0.64,2.77
2026-05-17,JKTYRE.NS,JK Tyre & Industries Limited,Auto Parts,Consumer Cyclical,False,Cash,Stage 4,Stage 4 - Weak/Declining,0.72,Price is below long-term support with weak trend evidence.,watchlist,7.54,0.53,True,True,Weak Structure,Exit / Avoid,0.63,0.48
2026-05-17,JLHL.NS,Jupiter Life Line Hospitals Limited,Medical Care Facilities,Healthcare,False,Cash,Stage 4,Stage 4 - Weak/Declining,0.72,Price is below long-term support with weak trend evidence.,watchlist,29.69,2.31,False,False,Weak Structure,Exit / Avoid,1.61,4.2
2026-05-17,JMFINANCIL.NS,JM Financial Limited,Capital Markets,Financial Services,False,Cash,Stage 4,Stage 4 - Weak/Declining,0.72,Price is below long-term support with weak trend evidence.,watchlist,23.14,0.72,True,True,Weak Structure,Exit / Avoid,0.38,0.59
2026-05-17,JSFB.NS,Jana Small Finance Bank Limited,Banks - Regional,Financial Services,False,Cash,Stage 1,Stage 1 - Early Turn,0.66,The stock is improving from a repair/base area but has not confirmed a clean Stage 2 yet.,watchlist,38.21,1.45,False,False,Base Building,Watchlist / Early base,0.73,2.42
2026-05-17,JSL.NS,Jindal Stainless Limited,Steel,Basic Materials,False,Cash,Stage 1,Stage 1 - Base/Repair,0.7,Price is near long-term moving averages with no strong long-term downtrend signal.,watchlist,15.09,0.76,True,True,Base Building,Watchlist / Early base,0.52,0.79
2026-05-17,JSLL.NS,Jeena Sikho Lifecare Limited,Medical Care Facilities,Healthcare,False,Cash,Stage 4,Stage 4 - Weak/Declining,0.72,Price is below long-term support with weak trend evidence.,watchlist,6.44,1.65,False,False,Weak Structure,Exit / Avoid,1.65,1.84
2026-05-17,JSWENERGY.NS,JSW Energy Limited,Utilities,Utilities,True,F&O,Stage 2,Early Stage 2,0.72,"Price has moved above long-term structure, but the full moving-average stack is not clean yet.",watchlist,57.26,1.02,False,False,Advancing,Hold / Trend intact,1.19,1.57
2026-05-17,JSWHL.NS,JSW Holdings Limited,Conglomerates,Industrials,False,Cash,Stage 4,Stage 4 - Confirmed Downtrend,0.86,Price is below a bearish moving-average stack with falling trend signals.,watchlist,3.8,0.61,True,True,Weak Structure,Exit / Avoid,0.66,0.68
2026-05-17,JSWINFRA.NS,JSW Infrastructure Limited,Marine Shipping,Industrials,False,Cash,Stage 4,Stage 4 - Weak/Declining,0.72,Price is below long-term support with weak trend evidence.,watchlist,20.52,1.1,False,False,Weak Structure,Exit / Avoid,0.53,1.42
2026-05-17,JSWSTEEL.NS,JSW Steel Limited,Steel,Basic Materials,True,F&O,Stage 2,Clean Stage 2,0.9,"Price is above rising key averages, weekly structure is supportive, and the stock is near its 52-week high.",watchlist,49.81,0.92,False,False,Advancing,Hold / Trend intact,1.93,1.35
2026-05-17,JTEKTINDIA.NS,Jtekt India Limited,Auto Parts,Consumer Cyclical,False,Cash,Stage 4,Stage 4 - Weak/Declining,0.72,Price is below long-term support with weak trend evidence.,watchlist,3.8,1.57,False,False,Weak Structure,Exit / Avoid,1.12,2.48
2026-05-17,JTLIND.NS,JTL INDUSTRIES LIMITED,Steel,Basic Materials,False,Cash,Stage 1,Stage 1 - Early Turn,0.66,The stock is improving from a repair/base area but has not confirmed a clean Stage 2 yet.,watchlist,15.29,0.8,True,False,Base Building,Watchlist / Early base,0.29,0.92
2026-05-17,JUBLCPL.NS,Jubilant Agri and Consumer Products Limited,Specialty Chemicals,Basic Materials,False,Cash,Stage 1,Stage 1 - Unclear/Repair,0.58,Not enough evidence for Stage 2 or Stage 4; classified as repair/unclear structure.,watchlist,13.31,0.6,True,True,Base Building,Watchlist / Early base,0.56,0.58
2026-05-17,JUBLFOOD.NS,Jubilant Foodworks Limited,Consumer Cyclical,Consumer Cyclical,True,F&O,Stage 4,Stage 4 - Confirmed Downtrend,0.86,Price is below a bearish moving-average stack with falling trend signals.,watchlist,3.42,0.47,True,True,Weak Structure,Exit / Avoid,0.33,0.52
2026-05-17,JUBLINGREA.NS,Jubilant Ingrevia Limited,Specialty Chemicals,Basic Materials,False,Cash,Stage 2,Early Stage 2,0.72,"Price has moved above long-term structure, but the full moving-average stack is not clean yet.",watchlist,42.73,0.63,True,True,Advancing,Hold / Trend intact,0.45,0.7
2026-05-17,JUBLPHARMA.NS,Jubilant Pharmova Limited,Drug Manufacturers - Specialty & Generic,Healthcare,False,Cash,Stage 4,Stage 4 - Weak/Declining,0.72,Price is below long-term support with weak trend evidence.,watchlist,10.84,0.71,True,True,Weak Structure,Exit / Avoid,0.36,0.85
2026-05-17,JUNIPER.NS,Juniper Hotels Limited,Lodging,Consumer Cyclical,False,Cash,Stage 4,Stage 4 - Confirmed Downtrend,0.86,Price is below a bearish moving-average stack with falling trend signals.,watchlist,0.0,0.54,True,True,Weak Structure,Exit / Avoid,0.4,0.46
2026-05-17,JUSTDIAL.NS,Just Dial Limited,Communication Services,Communication Services,False,Cash,Stage 4,Stage 4 - Confirmed Downtrend,0.86,Price is below a bearish moving-average stack with falling trend signals.,watchlist,7.61,0.66,True,True,Weak Structure,Exit / Avoid,0.42,0.5
2026-05-17,JWL.NS,Jupiter Wagons Limited,Industrials,Industrials,False,Cash,Stage 4,Stage 4 - Weak/Declining,0.72,Price is below long-term support with weak trend evidence.,watchlist,16.66,0.48,True,True,Weak Structure,Exit / Avoid,0.28,0.27
2026-05-17,JYOTHYLAB.NS,Jyothy Labs Limited,Household & Personal Products,Consumer Defensive,False,Cash,Stage 4,Stage 4 - Weak/Declining,0.72,Price is below long-term support with weak trend evidence.,watchlist,5.0,1.45,False,False,Weak Structure,Exit / Avoid,0.32,1.97
2026-05-17,JYOTICNC.NS,Jyoti CNC Automation Limited,Specialty Industrial Machinery,Industrials,False,Cash,Stage 4,Stage 4 - Confirmed Downtrend,0.86,Price is below a bearish moving-average stack with falling trend signals.,watchlist,17.39,0.47,True,True,Weak Structure,Exit / Avoid,0.29,0.57
2026-05-17,KAJARIACER.NS,Kajaria Ceramics Limited,Building Products & Equipment,Industrials,False,Cash,Stage 1,Stage 1 - Early Turn,0.66,The stock is improving from a repair/base area but has not confirmed a clean Stage 2 yet.,watchlist,29.73,1.0,False,True,Base Building,Watchlist / Early base,0.45,0.63
2026-05-17,KALYANKJIL.NS,Kalyan Jewellers India Limited,Luxury Goods,Consumer Cyclical,True,F&O,Stage 4,Stage 4 - Confirmed Downtrend,0.86,Price is below a bearish moving-average stack with falling trend signals.,watchlist,5.0,2.27,False,False,Weak Structure,Exit / Avoid,0.79,5.33
2026-05-17,KANSAINER.NS,Kansai Nerolac Paints Limited,Specialty Chemicals,Basic Materials,False,Cash,Stage 4,Stage 4 - Weak/Declining,0.72,Price is below long-term support with weak trend evidence.,watchlist,10.6,2.19,False,False,Weak Structure,Exit / Avoid,1.99,1.46
2026-05-17,KARURVYSYA.NS,Karur Vysya Bank Limited,Banks - Regional,Financial Services,False,Cash,Stage 2,Stage 2,0.76,Advancing structure detected.,watchlist,22.68,1.23,False,False,Advancing,Hold / Trend intact,0.74,1.18
2026-05-17,KAYNES.NS,Kaynes Technology India Limited,Electronic Components,Technology,True,F&O,Stage 4,Stage 4 - Weak/Declining,0.72,Price is below long-term support with weak trend evidence.,watchlist,32.47,1.7,False,False,Weak Structure,Exit / Avoid,4.65,3.94
2026-05-17,KDDL.NS,KDDL Limited,Luxury Goods,Consumer Cyclical,False,Cash,Stage 4,Stage 4 - Weak/Declining,0.72,Price is below long-term support with weak trend evidence.,watchlist,0.0,1.25,False,False,Weak Structure,Exit / Avoid,0.37,1.13
2026-05-17,KEC.NS,KEC International Limited,Engineering & Construction,Industrials,False,Cash,Stage 4,Stage 4 - Confirmed Downtrend,0.86,Price is below a bearish moving-average stack with falling trend signals.,watchlist,1.8,1.15,False,True,Weak Structure,Exit / Avoid,0.43,0.72
2026-05-17,KEI.NS,KEI Industries Limited,Electrical Equipment & Parts,Industrials,True,F&O,Stage 2,Clean Stage 2,0.9,"Price is above rising key averages, weekly structure is supportive, and the stock is near its 52-week high.",watchlist,42.86,1.3,False,True,Advancing,Hold / Trend intact,0.74,0.86
2026-05-17,KERNEX.NS,Kernex Microsystems (India) Limited,Software - Application,Technology,False,Cash,Stage 2,Extended Stage 2,0.78,"Advancing structure remains intact, but price is stretched versus key moving averages or far above the 52-week low.",watchlist,22.64,1.72,False,False,Advancing,Hold / Trend intact,0.46,1.39
2026-05-17,KFINTECH.NS,Kfin Technologies Limited,Software - Application,Technology,True,F&O,Stage 4,Stage 4 - Confirmed Downtrend,0.86,Price is below a bearish moving-average stack with falling trend signals.,watchlist,0.0,1.29,False,False,Weak Structure,Exit / Avoid,1.53,1.24
2026-05-17,KIMS.NS,Krishna Institute of Medical Sciences Limited,Medical Care Facilities,Healthcare,False,Cash,Stage 2,Early Stage 2,0.72,"Price has moved above long-term structure, but the full moving-average stack is not clean yet.",watchlist,45.89,1.76,False,False,Advancing,Hold / Trend intact,0.98,3.44
2026-05-17,KINGFA.NS,Kingfa Science & Technology (India) Limited,Specialty Chemicals,Basic Materials,False,Cash,Stage 2,Clean Stage 2,0.9,"Price is above rising key averages, weekly structure is supportive, and the stock is near its 52-week high.",watchlist,66.58,1.5,False,False,Advancing,Hold / Trend intact,0.44,1.07
2026-05-17,KIOCL.NS,KIOCL Limited,Steel,Basic Materials,False,Cash,Stage 1,Stage 1 - Early Turn,0.66,The stock is improving from a repair/base area but has not confirmed a clean Stage 2 yet.,watchlist,11.81,0.32,True,True,Base Building,Watchlist / Early base,0.24,0.31
2026-05-17,KIRIINDUS.NS,Kiri Industries Limited,Specialty Chemicals,Basic Materials,False,Cash,Stage 4,Stage 4 - Confirmed Downtrend,0.86,Price is below a bearish moving-average stack with falling trend signals.,watchlist,13.16,0.58,True,True,Weak Structure,Exit / Avoid,0.51,0.51
2026-05-17,KIRLOSBROS.NS,Kirloskar Brothers Limited,Specialty Industrial Machinery,Industrials,False,Cash,Stage 4,Stage 4 - Weak/Declining,0.72,Price is below long-term support with weak trend evidence.,watchlist,16.67,0.55,True,True,Weak Structure,Exit / Avoid,0.35,0.83
2026-05-17,KIRLOSENG.NS,Kirloskar Oil Engines Limited,Specialty Industrial Machinery,Industrials,False,Cash,Stage 2,Extended Stage 2,0.78,"Advancing structure remains intact, but price is stretched versus key moving averages or far above the 52-week low.",watchlist,47.05,1.07,False,False,Advancing,Hold / Trend intact,4.87,1.74
2026-05-17,KIRLOSIND.NS,Kirloskar Industries Limited,Metal Fabrication,Industrials,False,Cash,Stage 4,Stage 4 - Weak/Declining,0.72,Price is below long-term support with weak trend evidence.,watchlist,28.42,0.58,True,True,Weak Structure,Exit / Avoid,0.62,0.65
2026-05-17,KIRLPNU.NS,Kirloskar Pneumatic Company Limited,Specialty Industrial Machinery,Industrials,False,Cash,Stage 2,Extended Stage 2,0.78,"Advancing structure remains intact, but price is stretched versus key moving averages or far above the 52-week low.",watchlist,49.72,1.15,False,False,Advancing,Hold / Trend intact,0.85,1.01
2026-05-17,KITEX.NS,Kitex Garments Limited,Apparel Manufacturing,Consumer Cyclical,False,Cash,Stage 4,Stage 4 - Confirmed Downtrend,0.86,Price is below a bearish moving-average stack with falling trend signals.,watchlist,22.48,0.66,True,True,Weak Structure,Exit / Avoid,0.4,0.61
2026-05-17,KKCL.NS,Kewal Kiran Clothing Limited,Apparel Manufacturing,Consumer Cyclical,False,Cash,Stage 4,Stage 4 - Confirmed Downtrend,0.86,Price is below a bearish moving-average stack with falling trend signals.,watchlist,0.0,1.26,False,False,Weak Structure,Exit / Avoid,0.48,1.53
2026-05-17,KMEW.NS,Knowledge Marine & Engineering Works Limited,Marine Shipping,Industrials,False,Cash,Stage 2,Stage 2,0.76,Advancing structure detected.,watchlist,48.08,2.09,False,False,Advancing,Hold / Trend intact,0.48,1.15
2026-05-17,KNRCON.NS,KNR Constructions Limited,Engineering & Construction,Industrials,False,Cash,Stage 4,Stage 4 - Weak/Declining,0.72,Price is below long-term support with weak trend evidence.,watchlist,13.19,0.42,True,True,Weak Structure,Exit / Avoid,0.26,0.34
2026-05-17,KOLTEPATIL.NS,Kolte - Patil Developers Limited,Real Estate,Real Estate,False,Cash,Stage 4,Stage 4 - Weak/Declining,0.72,Price is below long-term support with weak trend evidence.,watchlist,2.24,0.18,True,True,Weak Structure,Exit / Avoid,0.11,0.21
2026-05-17,KOTAKBANK.NS,Kotak Mahindra Bank Limited,Banks - Regional,Financial Services,True,F&O,Stage 4,Stage 4 - Weak/Declining,0.72,Price is below long-term support with weak trend evidence.,watchlist,10.44,1.2,False,True,Weak Structure,Exit / Avoid,0.97,0.83
2026-05-17,KPEL.NS,K.P. Energy Limited,Engineering & Construction,Industrials,False,Cash,Stage 1,Stage 1 - Early Turn,0.66,The stock is improving from a repair/base area but has not confirmed a clean Stage 2 yet.,watchlist,27.46,1.91,False,False,Base Building,Watchlist / Early base,0.43,1.27
2026-05-17,KPIGREEN.NS,KPI Green Energy Limited,Utilities - Renewable,Utilities,False,Cash,Stage 4,Stage 4 - Weak/Declining,0.72,Price is below long-term support with weak trend evidence.,watchlist,10.9,1.39,False,True,Weak Structure,Exit / Avoid,0.61,0.62
2026-05-17,KPIL.NS,Kalpataru Projects International Limited,Engineering & Construction,Industrials,False,Cash,Stage 2,Early Stage 2,0.72,"Price has moved above long-term structure, but the full moving-average stack is not clean yet.",watchlist,36.31,1.29,False,False,Advancing,Hold / Trend intact,3.75,1.2
2026-05-17,KPITTECH.NS,KPIT Technologies Limited,Software - Infrastructure,Technology,True,F&O,Stage 4,Stage 4 - Confirmed Downtrend,0.86,Price is below a bearish moving-average stack with falling trend signals.,watchlist,9.01,1.68,False,False,Weak Structure,Exit / Avoid,0.51,0.9
2026-05-17,KPRMILL.NS,K.P.R. Mill Limited,Textile Manufacturing,Consumer Cyclical,False,Cash,Stage 4,Stage 4 - Weak/Declining,0.72,Price is below long-term support with weak trend evidence.,watchlist,27.89,0.56,True,True,Weak Structure,Exit / Avoid,0.74,0.64
2026-05-17,KRBL.NS,KRBL Limited,Packaged Foods,Consumer Defensive,False,Cash,Stage 4,Stage 4 - Weak/Declining,0.72,Price is below long-term support with weak trend evidence.,watchlist,2.0,0.89,False,False,Weak Structure,Exit / Avoid,1.63,1.28
2026-05-17,KRISHANA.NS,Krishana Phoschem Limited,Agricultural Inputs,Basic Materials,False,Cash,Stage 2,Early Stage 2,0.72,"Price has moved above long-term structure, but the full moving-average stack is not clean yet.",watchlist,56.43,1.42,False,False,Advancing,Hold / Trend intact,0.74,1.52
2026-05-17,KRN.NS,KRN Heat Exchanger and Refrigeration Limited,Electronic Components,Technology,False,Cash,Stage 2,Stage 2,0.76,Advancing structure detected.,watchlist,41.49,0.69,True,True,Advancing,Hold / Trend intact,1.06,0.73
2026-05-17,KSB.NS,Ksb Limited,Specialty Industrial Machinery,Industrials,False,Cash,Stage 2,Early Stage 2,0.72,"Price has moved above long-term structure, but the full moving-average stack is not clean yet.",watchlist,45.65,0.85,True,True,Advancing,Hold / Trend intact,0.29,0.41
2026-05-17,KSCL.NS,Kaveri Seed Company Limited,Agricultural Inputs,Basic Materials,False,Cash,Stage 4,Stage 4 - Weak/Declining,0.72,Price is below long-term support with weak trend evidence.,watchlist,22.31,0.64,True,True,Weak Structure,Exit / Avoid,0.38,0.6
2026-05-17,KSL.NS,Kalyani Steels Limited,Steel,Basic Materials,False,Cash,Stage 2,Early Stage 2,0.72,"Price has moved above long-term structure, but the full moving-average stack is not clean yet.",watchlist,28.25,1.19,False,False,Advancing,Hold / Trend intact,0.52,0.98
2026-05-17,KTKBANK.NS,The Karnataka Bank Limited,Banks - Regional,Financial Services,False,Cash,Stage 2,Stage 2,0.76,Advancing structure detected.,watchlist,64.23,0.49,True,True,Advancing,Hold / Trend intact,0.45,0.44
2026-05-17,LALPATHLAB.NS,Dr. Lal Path Labs Ltd.,Diagnostics & Research,Healthcare,False,Cash,Stage 2,Early Stage 2,0.72,"Price has moved above long-term structure, but the full moving-average stack is not clean yet.",watchlist,57.65,2.62,False,False,Advancing,Hold / Trend intact,0.84,0.99
2026-05-17,LATENTVIEW.NS,Latent View Analytics Limited,Industrials,Industrials,False,Cash,Stage 4,Stage 4 - Weak/Declining,0.72,Price is below long-term support with weak trend evidence.,watchlist,2.88,0.51,True,True,Weak Structure,Exit / Avoid,1.61,0.72
2026-05-17,LAURUSLABS.NS,Laurus Labs Limited,Drug Manufacturers - Specialty & Generic,Healthcare,True,F&O,Stage 2,Extended Stage 2,0.78,"Advancing structure remains intact, but price is stretched versus key moving averages or far above the 52-week low.",watchlist,69.74,1.54,False,False,Advancing,Hold / Trend intact,1.05,1.49
2026-05-17,LEMONTREE.NS,Lemon Tree Hotels Limited,Lodging,Consumer Cyclical,False,Cash,Stage 4,Stage 4 - Confirmed Downtrend,0.86,Price is below a bearish moving-average stack with falling trend signals.,watchlist,7.96,0.42,True,True,Weak Structure,Exit / Avoid,0.28,0.43
2026-05-17,LGBBROSLTD.NS,LG Balakrishnan & Bros Limited,Auto Parts,Consumer Cyclical,False,Cash,Stage 1,Stage 1 - Base/Repair,0.7,Price is near long-term moving averages with no strong long-term downtrend signal.,watchlist,6.5,1.17,False,True,Base Building,Watchlist / Early base,0.69,0.89
2026-05-17,LICHSGFIN.NS,LIC Housing Finance Limited,Mortgage Finance,Financial Services,True,F&O,Stage 1,Stage 1 - Early Turn,0.66,The stock is improving from a repair/base area but has not confirmed a clean Stage 2 yet.,watchlist,6.68,1.3,False,False,Base Building,Watchlist / Early base,1.88,2.11
2026-05-17,LICI.NS,Life Insurance Corporation Of India,Insurance - Life,Financial Services,True,F&O,Stage 4,Stage 4 - Weak/Declining,0.72,Price is below long-term support with weak trend evidence.,watchlist,2.88,0.81,True,False,Weak Structure,Exit / Avoid,0.9,1.01
2026-05-17,LINDEINDIA.NS,Linde India Limited,Specialty Chemicals,Basic Materials,False,Cash,Stage 2,Clean Stage 2,0.9,"Price is above rising key averages, weekly structure is supportive, and the stock is near its 52-week high.",watchlist,27.3,1.2,False,True,Advancing,Hold / Trend intact,0.36,0.54
2026-05-17,LLOYDSENGG.NS,LLOYDS ENGINEERING WORKS LIMITED,Specialty Industrial Machinery,Industrials,False,Cash,Stage 1,Stage 1 - Early Turn,0.66,The stock is improving from a repair/base area but has not confirmed a clean Stage 2 yet.,watchlist,26.41,2.02,False,False,Base Building,Watchlist / Early base,1.05,3.74
2026-05-17,LLOYDSENT.NS,Lloyds Enterprises Limited,Steel,Basic Materials,False,Cash,Stage 2,Extended Stage 2,0.78,"Advancing structure remains intact, but price is stretched versus key moving averages or far above the 52-week low.",watchlist,35.91,0.62,True,True,Advancing,Hold / Trend intact,0.55,0.7
2026-05-17,LLOYDSME.NS,Lloyds Metals And Energy Limited,Steel,Basic Materials,False,Cash,Stage 2,Early Stage 2,0.72,"Price has moved above long-term structure, but the full moving-average stack is not clean yet.",watchlist,56.6,1.08,False,True,Advancing,Hold / Trend intact,0.39,0.78
2026-05-17,LMW.NS,LMW Limited,Specialty Industrial Machinery,Industrials,False,Cash,Stage 4,Stage 4 - Weak/Declining,0.72,Price is below long-term support with weak trend evidence.,watchlist,10.0,0.43,True,True,Weak Structure,Exit / Avoid,0.25,0.37
2026-05-17,LODHA.NS,Lodha Developers Limited,Real Estate,Real Estate,True,F&O,Stage 4,Stage 4 - Weak/Declining,0.72,Price is below long-term support with weak trend evidence.,watchlist,0.0,0.62,True,True,Weak Structure,Exit / Avoid,0.35,0.51
2026-05-17,LT.NS,Larsen & Toubro Limited,Engineering & Construction,Industrials,True,F&O,Stage 1,Stage 1 - Base/Repair,0.7,Price is near long-term moving averages with no strong long-term downtrend signal.,watchlist,4.37,0.8,True,True,Base Building,Watchlist / Early base,0.41,0.6
2026-05-17,LTF.NS,L&T Finance Limited,Credit Services,Financial Services,True,F&O,Stage 1,Stage 1 - Base/Repair,0.7,Price is near long-term moving averages with no strong long-term downtrend signal.,watchlist,3.3,0.97,False,False,Base Building,Watchlist / Early base,0.53,1.15
2026-05-17,LTFOODS.NS,LT Foods Limited,Packaged Foods,Consumer Defensive,False,Cash,Stage 4,Stage 4 - Weak/Declining,0.72,Price is below long-term support with weak trend evidence.,watchlist,18.87,0.11,True,True,Weak Structure,Exit / Avoid,1.68,0.13
2026-05-17,LTTS.NS,L&T Technology Services Limited,Information Technology Services,Technology,False,Cash,Stage 4,Stage 4 - Weak/Declining,0.72,Price is below long-term support with weak trend evidence.,watchlist,7.82,0.44,True,True,Weak Structure,Exit / Avoid,0.42,0.44
2026-05-17,LUMAXIND.NS,Lumax Industries Limited,Auto Parts,Consumer Cyclical,False,Cash,Stage 1,Stage 1 - Base/Repair,0.7,Price is near long-term moving averages with no strong long-term downtrend signal.,watchlist,10.11,1.06,False,False,Base Building,Watchlist / Early base,0.43,1.01
2026-05-17,LUMAXTECH.NS,Lumax Auto Technologies Limited,Auto Parts,Consumer Cyclical,False,Cash,Stage 2,Messy Stage 2,0.64,"Long-term structure is still constructive, but the short-term/weekly structure is not clean.",watchlist,48.94,0.86,False,True,Advancing,Hold / Trend intact,0.33,0.52
2026-05-17,LUPIN.NS,Lupin Limited,Drug Manufacturers - Specialty & Generic,Healthcare,True,F&O,Stage 2,Early Stage 2,0.72,"Price has moved above long-term structure, but the full moving-average stack is not clean yet.",watchlist,44.33,1.61,False,False,Advancing,Hold / Trend intact,1.55,1.83
2026-05-17,LUXIND.NS,Lux Industries Limited,Apparel Manufacturing,Consumer Cyclical,False,Cash,Stage 2,Early Stage 2,0.72,"Price has moved above long-term structure, but the full moving-average stack is not clean yet.",watchlist,51.09,0.3,True,True,Advancing,Hold / Trend intact,0.08,0.18
2026-05-17,LXCHEM.NS,Laxmi Organic Industries Limited,Specialty Chemicals,Basic Materials,False,Cash,Stage 4,Stage 4 - Weak/Declining,0.72,Price is below long-term support with weak trend evidence.,watchlist,5.0,1.35,False,False,Weak Structure,Exit / Avoid,0.44,1.23
2026-05-17,M&M.NS,Mahindra & Mahindra Limited,Auto Manufacturers,Consumer Cyclical,True,F&O,Stage 1,Stage 1 - Unclear/Repair,0.58,Not enough evidence for Stage 2 or Stage 4; classified as repair/unclear structure.,watchlist,9.42,1.01,False,True,Base Building,Watchlist / Early base,0.72,0.76
2026-05-17,M&MFIN.NS,Mahindra & Mahindra Financial Services Limited,Credit Services,Financial Services,False,Cash,Stage 1,Stage 1 - Base/Repair,0.7,Price is near long-term moving averages with no strong long-term downtrend signal.,watchlist,4.7,0.96,False,True,Base Building,Watchlist / Early base,0.4,0.78
2026-05-17,MAHABANK.NS,Bank of Maharashtra,Banks - Regional,Financial Services,False,Cash,Stage 2,Clean Stage 2,0.9,"Price is above rising key averages, weekly structure is supportive, and the stock is near its 52-week high.",watchlist,38.32,0.85,True,True,Advancing,Hold / Trend intact,0.37,0.69
2026-05-17,MAHLIFE.NS,Mahindra Lifespace Developers Limited,Real Estate,Real Estate,False,Cash,Stage 4,Stage 4 - Weak/Declining,0.72,Price is below long-term support with weak trend evidence.,watchlist,1.62,1.04,False,False,Weak Structure,Exit / Avoid,0.44,1.12
2026-05-17,MAHLOG.NS,Mahindra Logistics Limited,Industrials,Industrials,False,Cash,Stage 1,Stage 1 - Base/Repair,0.7,Price is near long-term moving averages with no strong long-term downtrend signal.,watchlist,1.91,0.69,True,True,Base Building,Watchlist / Early base,0.56,0.78
2026-05-17,MAHSCOOTER.NS,Maharashtra Scooters Limited,Asset Management,Financial Services,False,Cash,Stage 4,Stage 4 - Confirmed Downtrend,0.86,Price is below a bearish moving-average stack with falling trend signals.,watchlist,2.0,0.69,True,True,Weak Structure,Exit / Avoid,0.41,0.44
2026-05-17,MAHSEAMLES.NS,Maharashtra Seamless Limited,Steel,Basic Materials,False,Cash,Stage 2,Early Stage 2,0.72,"Price has moved above long-term structure, but the full moving-average stack is not clean yet.",watchlist,46.97,0.68,True,True,Advancing,Hold / Trend intact,0.75,0.84
2026-05-17,MAITHANALL.NS,Maithan Alloys Limited,Steel,Basic Materials,False,Cash,Stage 4,Stage 4 - Weak/Declining,0.72,Price is below long-term support with weak trend evidence.,watchlist,12.85,1.0,False,False,Weak Structure,Exit / Avoid,0.73,1.07
2026-05-17,MANAPPURAM.NS,Manappuram Finance Limited,Credit Services,Financial Services,True,F&O,Stage 2,Early Stage 2,0.72,"Price has moved above long-term structure, but the full moving-average stack is not clean yet.",watchlist,36.06,1.06,False,False,Advancing,Hold / Trend intact,0.92,0.94
2026-05-17,MANINDS.NS,Man Industries (India) Limited,Steel,Basic Materials,False,Cash,Stage 2,Extended Stage 2,0.78,"Advancing structure remains intact, but price is stretched versus key moving averages or far above the 52-week low.",watchlist,79.18,0.75,True,True,Advancing,Hold / Trend intact,1.06,0.82
2026-05-17,MANINFRA.NS,Man Infraconstruction Limited,Engineering & Construction,Industrials,False,Cash,Stage 4,Stage 4 - Weak/Declining,0.72,Price is below long-term support with weak trend evidence.,watchlist,19.93,1.85,False,False,Weak Structure,Exit / Avoid,0.86,1.83
2026-05-17,MANKIND.NS,Mankind Pharma Limited,Drug Manufacturers - Specialty & Generic,Healthcare,True,F&O,Stage 1,Stage 1 - Early Turn,0.66,The stock is improving from a repair/base area but has not confirmed a clean Stage 2 yet.,watchlist,33.05,1.15,False,False,Base Building,Watchlist / Early base,2.16,1.41
2026-05-17,MANORAMA.NS,Manorama Industries Limited,Packaged Foods,Consumer Defensive,False,Cash,Stage 1,Stage 1 - Base/Repair,0.7,Price is near long-term moving averages with no strong long-term downtrend signal.,watchlist,7.76,2.22,False,False,Base Building,Watchlist / Early base,1.15,4.45
2026-05-17,MANYAVAR.NS,Vedant Fashions Limited,Apparel Manufacturing,Consumer Cyclical,False,Cash,Stage 4,Stage 4 - Weak/Declining,0.72,Price is below long-term support with weak trend evidence.,watchlist,8.16,0.56,True,True,Weak Structure,Exit / Avoid,0.52,0.49
2026-05-17,MAPMYINDIA.NS,C.E. Info Systems Limited,Software - Infrastructure,Technology,False,Cash,Stage 4,Stage 4 - Weak/Declining,0.72,Price is below long-term support with weak trend evidence.,watchlist,6.31,2.9,False,False,Weak Structure,Exit / Avoid,0.28,12.43
2026-05-17,MARATHON.NS,Marathon Nextgen Realty Limited,Real Estate,Real Estate,False,Cash,Stage 4,Stage 4 - Weak/Declining,0.72,Price is below long-term support with weak trend evidence.,watchlist,0.53,0.67,True,True,Weak Structure,Exit / Avoid,1.22,0.45
2026-05-17,MARICO.NS,Marico Limited,Household & Personal Products,Consumer Defensive,True,F&O,Stage 2,Clean Stage 2,0.9,"Price is above rising key averages, weekly structure is supportive, and the stock is near its 52-week high.",watchlist,24.07,1.24,False,False,Advancing,Hold / Trend intact,0.73,1.03
2026-05-17,MARINE.NS,Marine Electricals (India) Limited,Electrical Equipment & Parts,Industrials,False,Cash,Stage 2,Early Stage 2,0.72,"Price has moved above long-term structure, but the full moving-average stack is not clean yet.",watchlist,47.91,0.9,False,True,Advancing,Hold / Trend intact,0.36,0.74
2026-05-17,MARKSANS.NS,Marksans Pharma Limited,Drug Manufacturers - General,Healthcare,False,Cash,Stage 1,Stage 1 - Early Turn,0.66,The stock is improving from a repair/base area but has not confirmed a clean Stage 2 yet.,watchlist,15.05,2.28,False,False,Base Building,Watchlist / Early base,2.88,2.5
2026-05-17,MARUTI.NS,Maruti Suzuki India Limited,Auto Manufacturers,Consumer Cyclical,True,F&O,Stage 1,Stage 1 - Unclear/Repair,0.58,Not enough evidence for Stage 2 or Stage 4; classified as repair/unclear structure.,watchlist,8.44,0.77,True,True,Base Building,Watchlist / Early base,0.52,0.68
2026-05-17,MASFIN.NS,MAS Financial Services Limited,Credit Services,Financial Services,False,Cash,Stage 3,Stage 3 - Transition,0.62,"The structure is transitioning after prior strength, but it is not yet a confirmed Stage 4 decline.",watchlist,6.38,1.11,False,True,Transition,Reduce / Avoid fresh longs,0.4,0.78
2026-05-17,MASTEK.NS,Mastek Limited,Information Technology Services,Technology,False,Cash,Stage 4,Stage 4 - Confirmed Downtrend,0.86,Price is below a bearish moving-average stack with falling trend signals.,watchlist,0.9,0.63,True,True,Weak Structure,Exit / Avoid,0.45,0.56
2026-05-17,MAXESTATES.NS,Max Estates Limited,Real Estate,Real Estate,False,Cash,Stage 4,Stage 4 - Weak/Declining,0.72,Price is below long-term support with weak trend evidence.,watchlist,2.88,0.75,True,False,Weak Structure,Exit / Avoid,0.57,1.02
2026-05-17,MAXHEALTH.NS,Max Healthcare Institute Limited,Medical Care Facilities,Healthcare,True,F&O,Stage 4,Stage 4 - Weak/Declining,0.72,Price is below long-term support with weak trend evidence.,watchlist,22.19,0.7,True,True,Weak Structure,Exit / Avoid,0.67,0.79
2026-05-17,MAYURUNIQ.NS,Mayur Uniquoters Ltd,Textile Manufacturing,Consumer Cyclical,False,Cash,Stage 2,Early Stage 2,0.72,"Price has moved above long-term structure, but the full moving-average stack is not clean yet.",watchlist,39.08,1.88,False,False,Advancing,Hold / Trend intact,2.21,1.86
2026-05-17,MAZDOCK.NS,Mazagon Dock Shipbuilders Limited,Aerospace & Defense,Industrials,True,F&O,Stage 4,Stage 4 - Weak/Declining,0.72,Price is below long-term support with weak trend evidence.,watchlist,5.0,0.67,True,True,Weak Structure,Exit / Avoid,0.31,0.53
2026-05-17,MBAPL.NS,Madhya Bharat Agro Products Limited,Agricultural Inputs,Basic Materials,False,Cash,Stage 2,Clean Stage 2,0.9,"Price is above rising key averages, weekly structure is supportive, and the stock is near its 52-week high.",watchlist,36.96,0.78,True,True,Advancing,Hold / Trend intact,0.42,0.59
2026-05-17,MCX.NS,Multi Commodity Exchange of India Limited,Financial Services,Financial Services,True,F&O,Stage 2,Extended Stage 2,0.78,"Advancing structure remains intact, but price is stretched versus key moving averages or far above the 52-week low.",watchlist,38.65,0.99,False,False,Advancing,Hold / Trend intact,1.1,1.46
2026-05-17,MEDANTA.NS,Global Health Limited,Medical Care Facilities,Healthcare,False,Cash,Stage 1,Stage 1 - Early Turn,0.66,The stock is improving from a repair/base area but has not confirmed a clean Stage 2 yet.,watchlist,24.31,1.74,False,False,Base Building,Watchlist / Early base,3.33,3.5
2026-05-17,MEDIASSIST.NS,Medi Assist Healthcare Services Limited,Healthcare,Healthcare,False,Cash,Stage 4,Stage 4 - Weak/Declining,0.72,Price is below long-term support with weak trend evidence.,watchlist,5.8,0.94,False,False,Weak Structure,Exit / Avoid,0.57,1.27
2026-05-17,MEDPLUS.NS,Medplus Health Services Limited,Healthcare,Healthcare,False,Cash,Stage 2,Early Stage 2,0.72,"Price has moved above long-term structure, but the full moving-average stack is not clean yet.",watchlist,55.31,0.91,False,False,Advancing,Hold / Trend intact,4.04,1.65
2026-05-17,METROBRAND.NS,Metro Brands Limited,Consumer Cyclical,Consumer Cyclical,False,Cash,Stage 4,Stage 4 - Weak/Declining,0.72,Price is below long-term support with weak trend evidence.,watchlist,2.14,1.11,False,False,Weak Structure,Exit / Avoid,0.35,1.96
2026-05-17,METROPOLIS.NS,Metropolis Healthcare Limited,Diagnostics & Research,Healthcare,False,Cash,Stage 2,Early Stage 2,0.72,"Price has moved above long-term structure, but the full moving-average stack is not clean yet.",watchlist,42.16,2.98,False,False,Advancing,Hold / Trend intact,0.6,2.37
2026-05-17,MFSL.NS,Max Financial Services Limited,Insurance - Life,Financial Services,True,F&O,Stage 1,Stage 1 - Base/Repair,0.7,Price is near long-term moving averages with no strong long-term downtrend signal.,watchlist,10.43,0.85,True,False,Base Building,Watchlist / Early base,0.78,1.1
2026-05-17,MGL.NS,Mahanagar Gas Limited,Utilities,Utilities,False,Cash,Stage 4,Stage 4 - Weak/Declining,0.72,Price is below long-term support with weak trend evidence.,watchlist,26.11,0.6,True,True,Weak Structure,Exit / Avoid,0.89,0.8
2026-05-17,MHRIL.NS,Mahindra Holidays & Resorts India Limited,Consumer Cyclical,Consumer Cyclical,False,Cash,Stage 4,Stage 4 - Confirmed Downtrend,0.86,Price is below a bearish moving-average stack with falling trend signals.,watchlist,0.0,0.97,False,False,Weak Structure,Exit / Avoid,1.12,1.08
2026-05-17,MIDHANI.NS,Mishra Dhatu Nigam Limited,Steel,Basic Materials,False,Cash,Stage 2,Early Stage 2,0.72,"Price has moved above long-term structure, but the full moving-average stack is not clean yet.",watchlist,45.35,1.53,False,False,Advancing,Hold / Trend intact,0.6,1.77
2026-05-17,MINDACORP.NS,Minda Corporation Limited,Auto Parts,Consumer Cyclical,False,Cash,Stage 1,Stage 1 - Base/Repair,0.7,Price is near long-term moving averages with no strong long-term downtrend signal.,watchlist,6.5,0.74,True,True,Base Building,Watchlist / Early base,1.19,0.83
2026-05-17,MMTC.NS,MMTC Limited,Conglomerates,Industrials,False,Cash,Stage 4,Stage 4 - Weak/Declining,0.72,Price is below long-term support with weak trend evidence.,watchlist,24.49,0.3,True,True,Weak Structure,Exit / Avoid,0.18,0.26
2026-05-17,MOIL.NS,MOIL Limited,Basic Materials,Basic Materials,False,Cash,Stage 4,Stage 4 - Weak/Declining,0.72,Price is below long-term support with weak trend evidence.,watchlist,5.9,0.44,True,True,Weak Structure,Exit / Avoid,0.57,0.5
2026-05-17,MOSCHIP.NS,Moschip Technologies Limited,Technology,Technology,False,Cash,Stage 1,Stage 1 - Base/Repair,0.7,Price is near long-term moving averages with no strong long-term downtrend signal.,watchlist,32.64,1.83,False,False,Base Building,Watchlist / Early base,0.64,1.78
2026-05-17,MOTHERSON.NS,Samvardhana Motherson International Limited,Auto Parts,Consumer Cyclical,True,F&O,Stage 2,Stage 2,0.76,Advancing structure detected.,watchlist,25.31,0.82,True,True,Advancing,Hold / Trend intact,1.0,0.78
2026-05-17,MOTILALOFS.NS,Motilal Oswal Financial Services Limited,Capital Markets,Financial Services,True,F&O,Stage 1,Stage 1 - Early Turn,0.66,The stock is improving from a repair/base area but has not confirmed a clean Stage 2 yet.,watchlist,10.35,1.13,False,True,Base Building,Watchlist / Early base,0.4,0.79
2026-05-17,MPHASIS.NS,MphasiS Limited,Information Technology Services,Technology,True,F&O,Stage 4,Stage 4 - Confirmed Downtrend,0.86,Price is below a bearish moving-average stack with falling trend signals.,watchlist,7.38,0.81,True,False,Weak Structure,Exit / Avoid,0.7,0.99
2026-05-17,MPSLTD.NS,MPS Limited,Communication Services,Communication Services,False,Cash,Stage 4,Stage 4 - Weak/Declining,0.72,Price is below long-term support with weak trend evidence.,watchlist,2.03,1.5,False,False,Weak Structure,Exit / Avoid,20.17,3.52
2026-05-17,MRF.NS,MRF Limited,Auto Parts,Consumer Cyclical,False,Cash,Stage 4,Stage 4 - Confirmed Downtrend,0.86,Price is below a bearish moving-average stack with falling trend signals.,watchlist,18.11,1.07,False,False,Weak Structure,Exit / Avoid,0.7,0.92
2026-05-17,MRPL.NS,Mangalore Refinery and Petrochemicals Limited,Oil & Gas Refining & Marketing,Energy,False,Cash,Stage 4,Stage 4,0.66,Declining structure detected.,watchlist,0.0,0.75,True,True,Weak Structure,Exit / Avoid,0.38,0.35
2026-05-17,MSTCLTD.NS,Mstc Limited,Conglomerates,Industrials,False,Cash,Stage 4,Stage 4 - Confirmed Downtrend,0.86,Price is below a bearish moving-average stack with falling trend signals.,watchlist,2.0,0.81,True,True,Weak Structure,Exit / Avoid,0.36,0.64
2026-05-17,MSUMI.NS,Motherson Sumi Wiring India Limited,Auto Parts,Consumer Cyclical,False,Cash,Stage 4,Stage 4 - Weak/Declining,0.72,Price is below long-term support with weak trend evidence.,watchlist,3.44,0.87,False,True,Weak Structure,Exit / Avoid,0.31,0.51
2026-05-17,MTARTECH.NS,Mtar Technologies Limited,Specialty Industrial Machinery,Industrials,False,Cash,Stage 2,Extended Stage 2,0.78,"Advancing structure remains intact, but price is stretched versus key moving averages or far above the 52-week low.",watchlist,41.41,2.0,False,False,Advancing,Hold / Trend intact,1.67,4.26
2026-05-17,MUTHOOTFIN.NS,Muthoot Finance Limited,Credit Services,Financial Services,True,F&O,Stage 1,Stage 1 - Base/Repair,0.7,Price is near long-term moving averages with no strong long-term downtrend signal.,watchlist,4.6,1.14,False,False,Base Building,Watchlist / Early base,8.07,2.0
2026-05-17,MUTHOOTMF.NS,Muthoot Microfin Limited,Credit Services,Financial Services,False,Cash,Stage 2,Early Stage 2,0.72,"Price has moved above long-term structure, but the full moving-average stack is not clean yet.",watchlist,17.98,0.94,False,True,Advancing,Hold / Trend intact,0.16,0.64
2026-05-17,NACLIND.NS,NACL Industries Limited,Agricultural Inputs,Basic Materials,False,Cash,Stage 4,Stage 4 - Weak/Declining,0.72,Price is below long-term support with weak trend evidence.,watchlist,18.62,1.42,False,True,Weak Structure,Exit / Avoid,0.31,0.49
2026-05-17,NAM-INDIA.NS,Nippon Life India Asset Management Limited,Asset Management,Financial Services,True,F&O,Stage 2,Clean Stage 2,0.9,"Price is above rising key averages, weekly structure is supportive, and the stock is near its 52-week high.",watchlist,44.14,1.0,False,False,Advancing,Hold / Trend intact,0.6,1.15
2026-05-17,NATCOPHARM.NS,Natco Pharma Limited,Drug Manufacturers - Specialty & Generic,Healthcare,False,Cash,Stage 2,Clean Stage 2,0.9,"Price is above rising key averages, weekly structure is supportive, and the stock is near its 52-week high.",watchlist,70.01,0.85,False,True,Advancing,Hold / Trend intact,0.71,0.8
2026-05-17,NATIONALUM.NS,National Aluminium Company Limited,Basic Materials,Basic Materials,True,F&O,Stage 2,Clean Stage 2,0.9,"Price is above rising key averages, weekly structure is supportive, and the stock is near its 52-week high.",watchlist,51.17,0.62,True,True,Advancing,Hold / Trend intact,0.82,0.65
2026-05-17,NAUKRI.NS,Info Edge (India) Limited,Communication Services,Communication Services,True,F&O,Stage 4,Stage 4 - Confirmed Downtrend,0.86,Price is below a bearish moving-average stack with falling trend signals.,watchlist,1.8,0.81,True,False,Weak Structure,Exit / Avoid,0.97,1.04
2026-05-17,NAVA.NS,NAVA LIMITED,Conglomerates,Industrials,False,Cash,Stage 2,Early Stage 2,0.72,"Price has moved above long-term structure, but the full moving-average stack is not clean yet.",watchlist,40.56,0.88,False,False,Advancing,Hold / Trend intact,2.19,1.2
2026-05-17,NAVINFLUOR.NS,Navin Fluorine International Limited,Chemicals,Basic Materials,False,Cash,Stage 2,Clean Stage 2,0.9,"Price is above rising key averages, weekly structure is supportive, and the stock is near its 52-week high.",watchlist,40.06,0.92,False,True,Advancing,Hold / Trend intact,0.2,0.47
2026-05-17,NAVNETEDUL.NS,Navneet Education Limited,Communication Services,Communication Services,False,Cash,Stage 1,Stage 1 - Base/Repair,0.7,Price is near long-term moving averages with no strong long-term downtrend signal.,watchlist,2.03,0.93,False,True,Base Building,Watchlist / Early base,0.25,0.42
2026-05-17,NAZARA.NS,Nazara Technologies Limited,Communication Services,Communication Services,False,Cash,Stage 1,Stage 1 - Early Turn,0.66,The stock is improving from a repair/base area but has not confirmed a clean Stage 2 yet.,watchlist,18.58,2.3,False,False,Base Building,Watchlist / Early base,23.84,6.6
2026-05-17,NBCC.NS,NBCC (India) Limited,Engineering & Construction,Industrials,True,F&O,Stage 4,Stage 4 - Weak/Declining,0.72,Price is below long-term support with weak trend evidence.,watchlist,6.17,1.3,False,False,Weak Structure,Exit / Avoid,0.64,1.29
2026-05-17,NCC.NS,NCC Limited,Engineering & Construction,Industrials,False,Cash,Stage 4,Stage 4 - Weak/Declining,0.72,Price is below long-term support with weak trend evidence.,watchlist,6.59,0.86,False,False,Weak Structure,Exit / Avoid,0.81,0.98
2026-05-17,NEOGEN.NS,Neogen Chemicals Limited,Specialty Chemicals,Basic Materials,False,Cash,Stage 2,Early Stage 2,0.72,"Price has moved above long-term structure, but the full moving-average stack is not clean yet.",watchlist,48.46,0.64,True,True,Advancing,Hold / Trend intact,0.16,0.45
2026-05-17,NESCO.NS,Nesco Limited,Conglomerates,Industrials,False,Cash,Stage 1,Stage 1 - Early Turn,0.66,The stock is improving from a repair/base area but has not confirmed a clean Stage 2 yet.,watchlist,24.85,0.97,False,True,Base Building,Watchlist / Early base,0.7,0.82
2026-05-17,NESTLEIND.NS,Nestle India Limited,Packaged Foods,Consumer Defensive,True,F&O,Stage 2,Clean Stage 2,0.9,"Price is above rising key averages, weekly structure is supportive, and the stock is near its 52-week high.",watchlist,37.2,1.01,False,False,Advancing,Hold / Trend intact,1.46,1.06
2026-05-17,NETWEB.NS,Netweb Technologies India Limited,Technology,Technology,False,Cash,Stage 2,Stage 2,0.76,Advancing structure detected.,watchlist,58.87,1.08,False,True,Advancing,Hold / Trend intact,0.48,0.76
2026-05-17,NEULANDLAB.NS,Neuland Laboratories Limited,Drug Manufacturers - Specialty & Generic,Healthcare,False,Cash,Stage 2,Early Stage 2,0.72,"Price has moved above long-term structure, but the full moving-average stack is not clean yet.",watchlist,46.78,2.47,False,False,Advancing,Hold / Trend intact,1.49,4.37
2026-05-17,NEWGEN.NS,Newgen Software Technologies Limited,Software - Infrastructure,Technology,False,Cash,Stage 4,Stage 4 - Weak/Declining,0.72,Price is below long-term support with weak trend evidence.,watchlist,9.08,0.67,True,True,Weak Structure,Exit / Avoid,2.27,0.77
2026-05-17,NFL.NS,National Fertilizers Limited,Agricultural Inputs,Basic Materials,False,Cash,Stage 4,Stage 4 - Weak/Declining,0.72,Price is below long-term support with weak trend evidence.,watchlist,2.0,0.36,True,True,Weak Structure,Exit / Avoid,0.6,0.34
2026-05-17,NH.NS,Narayana Hrudayalaya Ltd.,Medical Care Facilities,Healthcare,False,Cash,Stage 1,Stage 1 - Unclear/Repair,0.58,Not enough evidence for Stage 2 or Stage 4; classified as repair/unclear structure.,watchlist,20.86,1.33,False,False,Base Building,Watchlist / Early base,1.17,1.28
2026-05-17,NHPC.NS,NHPC Limited,Utilities - Renewable,Utilities,True,F&O,Stage 4,Stage 4 - Weak/Declining,0.72,Price is below long-term support with weak trend evidence.,watchlist,32.76,0.7,True,True,Weak Structure,Exit / Avoid,0.55,0.73
2026-05-17,NIACL.NS,The New India Assurance Company Limited,Financial Services,Financial Services,False,Cash,Stage 1,Stage 1 - Early Turn,0.66,The stock is improving from a repair/base area but has not confirmed a clean Stage 2 yet.,watchlist,27.89,0.34,True,True,Base Building,Watchlist / Early base,0.24,0.51
2026-05-17,NIITMTS.NS,NIIT Learning Systems Limited,Consumer Defensive,Consumer Defensive,False,Cash,Stage 4,Stage 4 - Weak/Declining,0.72,Price is below long-term support with weak trend evidence.,watchlist,3.8,2.3,False,False,Weak Structure,Exit / Avoid,1.04,7.48
2026-05-17,NITCO.NS,Nitco Limited,Building Products & Equipment,Industrials,False,Cash,Stage 1,Stage 1 - Early Turn,0.66,The stock is improving from a repair/base area but has not confirmed a clean Stage 2 yet.,watchlist,17.7,1.73,False,False,Base Building,Watchlist / Early base,0.33,0.99
2026-05-17,NITINSPIN.NS,Nitin Spinners Limited,Textile Manufacturing,Consumer Cyclical,False,Cash,Stage 2,Extended Stage 2,0.78,"Advancing structure remains intact, but price is stretched versus key moving averages or far above the 52-week low.",watchlist,47.05,2.03,False,False,Advancing,Hold / Trend intact,0.34,3.01
2026-05-17,NIVABUPA.NS,Niva Bupa Health Insurance Company Limited,Insurance - Life,Financial Services,False,Cash,Stage 1,Stage 1 - Early Turn,0.66,The stock is improving from a repair/base area but has not confirmed a clean Stage 2 yet.,watchlist,12.87,2.79,False,False,Base Building,Watchlist / Early base,0.35,10.23
2026-05-17,NLCINDIA.NS,NLC India Limited,Utilities,Utilities,False,Cash,Stage 2,Extended Stage 2,0.78,"Advancing structure remains intact, but price is stretched versus key moving averages or far above the 52-week low.",watchlist,70.86,2.09,False,False,Advancing,Hold / Trend intact,1.37,5.21
2026-05-17,NMDC.NS,NMDC Limited,Steel,Basic Materials,True,F&O,Stage 2,Clean Stage 2,0.9,"Price is above rising key averages, weekly structure is supportive, and the stock is near its 52-week high.",watchlist,78.71,0.85,False,False,Advancing,Hold / Trend intact,0.91,1.2
2026-05-17,NOCIL.NS,NOCIL Limited,Specialty Chemicals,Basic Materials,False,Cash,Stage 1,Stage 1 - Early Turn,0.66,The stock is improving from a repair/base area but has not confirmed a clean Stage 2 yet.,watchlist,24.74,0.16,True,True,Base Building,Watchlist / Early base,0.25,0.09
2026-05-17,NORTHARC.NS,Northern Arc Capital Limited,Credit Services,Financial Services,False,Cash,Stage 2,Early Stage 2,0.72,"Price has moved above long-term structure, but the full moving-average stack is not clean yet.",watchlist,26.05,2.57,False,False,Advancing,Hold / Trend intact,1.05,6.85
2026-05-17,NPST.NS,Network People Services Technologies Limited,Software - Application,Technology,False,Cash,Stage 4,Stage 4 - Confirmed Downtrend,0.86,Price is below a bearish moving-average stack with falling trend signals.,watchlist,0.0,0.56,True,False,Weak Structure,Exit / Avoid,1.43,0.9
2026-05-17,NRBBEARING.NS,NRB Bearing Limited,Auto Parts,Consumer Cyclical,False,Cash,Stage 2,Extended Stage 2,0.78,"Advancing structure remains intact, but price is stretched versus key moving averages or far above the 52-week low.",watchlist,43.73,3.33,False,False,Advancing,Hold / Trend intact,2.62,5.51
2026-05-17,NSIL.NS,Nalwa Sons Investments Limited,Asset Management,Financial Services,False,Cash,Stage 4,Stage 4 - Confirmed Downtrend,0.86,Price is below a bearish moving-average stack with falling trend signals.,watchlist,18.11,0.64,True,True,Weak Structure,Exit / Avoid,0.4,0.69
2026-05-17,NSLNISP.NS,NMDC Steel Limited,Steel,Basic Materials,False,Cash,Stage 2,Early Stage 2,0.72,"Price has moved above long-term structure, but the full moving-average stack is not clean yet.",watchlist,36.62,1.47,False,False,Advancing,Hold / Trend intact,1.02,2.62
2026-05-17,NTPC.NS,NTPC Limited,Utilities,Utilities,True,F&O,Stage 2,Clean Stage 2,0.9,"Price is above rising key averages, weekly structure is supportive, and the stock is near its 52-week high.",watchlist,34.44,0.7,True,True,Advancing,Hold / Trend intact,0.65,0.83
2026-05-17,NTPCGREEN.NS,NTPC Green Energy Limited,Utilities - Renewable,Utilities,False,Cash,Stage 2,Early Stage 2,0.72,"Price has moved above long-term structure, but the full moving-average stack is not clean yet.",watchlist,48.25,0.42,True,True,Advancing,Hold / Trend intact,0.29,0.47
2026-05-17,NUVAMA.NS,Nuvama Wealth Management Limited,Asset Management,Financial Services,True,F&O,Stage 2,Early Stage 2,0.72,"Price has moved above long-term structure, but the full moving-average stack is not clean yet.",watchlist,50.11,2.16,False,False,Advancing,Hold / Trend intact,0.68,1.27
2026-05-17,NUVOCO.NS,Nuvoco Vistas Corporation Limited,Building Materials,Basic Materials,False,Cash,Stage 4,Stage 4 - Weak/Declining,0.72,Price is below long-term support with weak trend evidence.,watchlist,19.72,1.56,False,True,Weak Structure,Exit / Avoid,0.32,0.67
2026-05-17,NYKAA.NS,FSN E-Commerce Ventures Limited,Consumer Cyclical,Consumer Cyclical,True,F&O,Stage 2,Early Stage 2,0.72,"Price has moved above long-term structure, but the full moving-average stack is not clean yet.",watchlist,24.43,0.74,True,True,Advancing,Hold / Trend intact,0.8,0.78
2026-05-17,OBEROIRLTY.NS,Oberoi Realty Limited,Real Estate,Real Estate,True,F&O,Stage 1,Stage 1 - Early Turn,0.66,The stock is improving from a repair/base area but has not confirmed a clean Stage 2 yet.,watchlist,17.26,0.59,True,True,Base Building,Watchlist / Early base,0.25,0.81
2026-05-17,OFSS.NS,Oracle Financial Services Software Limited,Software - Infrastructure,Technology,True,F&O,Stage 2,Extended Stage 2,0.78,"Advancing structure remains intact, but price is stretched versus key moving averages or far above the 52-week low.",watchlist,23.22,0.8,True,True,Advancing,Hold / Trend intact,0.93,0.68
2026-05-17,OIL.NS,Oil India Limited,Energy,Energy,True,F&O,Stage 2,Stage 2,0.76,Advancing structure detected.,watchlist,43.06,1.34,False,False,Advancing,Hold / Trend intact,0.56,2.24
2026-05-17,OLAELEC.NS,Ola Electric Mobility Limited,Auto Manufacturers,Consumer Cyclical,False,Cash,Stage 4,Stage 4 - Weak/Declining,0.72,Price is below long-term support with weak trend evidence.,watchlist,24.08,0.46,True,True,Weak Structure,Exit / Avoid,0.24,0.47
2026-05-17,OLECTRA.NS,Olectra Greentech Limited,Farm & Heavy Construction Machinery,Industrials,False,Cash,Stage 1,Stage 1 - Early Turn,0.66,The stock is improving from a repair/base area but has not confirmed a clean Stage 2 yet.,watchlist,30.89,0.77,True,True,Base Building,Watchlist / Early base,0.38,0.8
2026-05-17,ONESOURCE.NS,Onesource Specialty Pharma Limited,Biotechnology,Healthcare,False,Cash,Stage 1,Stage 1 - Early Turn,0.66,The stock is improving from a repair/base area but has not confirmed a clean Stage 2 yet.,watchlist,24.07,0.5,True,True,Base Building,Watchlist / Early base,0.37,0.57
2026-05-17,ONGC.NS,Oil & Natural Gas Corporation Limited,Energy,Energy,True,F&O,Stage 2,Clean Stage 2,0.9,"Price is above rising key averages, weekly structure is supportive, and the stock is near its 52-week high.",watchlist,44.27,0.83,True,False,Advancing,Hold / Trend intact,0.71,1.14
2026-05-17,OPTIEMUS.NS,Optiemus Infracom Limited,Technology,Technology,False,Cash,Stage 4,Stage 4 - Weak/Declining,0.72,Price is below long-term support with weak trend evidence.,watchlist,11.8,0.79,True,True,Weak Structure,Exit / Avoid,0.42,0.57
2026-05-17,ORCHPHARMA.NS,Orchid Pharma Limited,Drug Manufacturers - Specialty & Generic,Healthcare,False,Cash,Stage 1,Stage 1 - Unclear/Repair,0.58,Not enough evidence for Stage 2 or Stage 4; classified as repair/unclear structure.,watchlist,14.84,0.92,False,False,Base Building,Watchlist / Early base,0.76,1.06
2026-05-17,ORIENTCEM.NS,Orient Cement Limited,Building Materials,Basic Materials,False,Cash,Stage 4,Stage 4 - Confirmed Downtrend,0.86,Price is below a bearish moving-average stack with falling trend signals.,watchlist,16.11,0.68,True,True,Weak Structure,Exit / Avoid,0.55,0.56
2026-05-17,ORIENTELEC.NS,Orient Electric Limited,"Furnishings, Fixtures & Appliances",Consumer Cyclical,False,Cash,Stage 1,Stage 1 - Early Turn,0.66,The stock is improving from a repair/base area but has not confirmed a clean Stage 2 yet.,watchlist,23.04,1.74,False,False,Base Building,Watchlist / Early base,0.76,1.49
2026-05-17,ORISSAMINE.NS,The Orissa Minerals Development Company Limited,Steel,Basic Materials,False,Cash,Stage 4,Stage 4 - Weak/Declining,0.72,Price is below long-term support with weak trend evidence.,watchlist,11.8,0.49,True,True,Weak Structure,Exit / Avoid,0.23,0.49
2026-05-17,PAGEIND.NS,Page Industries Limited,Apparel Manufacturing,Consumer Cyclical,True,F&O,Stage 1,Stage 1 - Early Turn,0.66,The stock is improving from a repair/base area but has not confirmed a clean Stage 2 yet.,watchlist,26.29,0.54,True,True,Base Building,Watchlist / Early base,0.74,0.63
2026-05-17,PAISALO.NS,Paisalo Digital Limited,Credit Services,Financial Services,False,Cash,Stage 2,Clean Stage 2,0.9,"Price is above rising key averages, weekly structure is supportive, and the stock is near its 52-week high.",watchlist,64.67,1.14,False,False,Advancing,Hold / Trend intact,0.58,1.27
2026-05-17,PARADEEP.NS,Paradeep Phosphates Limited,Agricultural Inputs,Basic Materials,False,Cash,Stage 4,Stage 4 - Weak/Declining,0.72,Price is below long-term support with weak trend evidence.,watchlist,4.79,1.5,False,False,Weak Structure,Exit / Avoid,0.54,2.71
2026-05-17,PARAGMILK.NS,Parag Milk Foods Limited,Packaged Foods,Consumer Defensive,False,Cash,Stage 4,Stage 4 - Weak/Declining,0.72,Price is below long-term support with weak trend evidence.,watchlist,9.01,0.87,False,False,Weak Structure,Exit / Avoid,0.36,0.93
2026-05-17,PARAS.NS,Paras Defence and Space Technologies Limited,Aerospace & Defense,Industrials,False,Cash,Stage 2,Stage 2,0.76,Advancing structure detected.,watchlist,42.6,0.91,False,False,Advancing,Hold / Trend intact,0.9,1.13
2026-05-17,PARKHOTELS.NS,Apeejay Surrendra Park Hotels Limited,Lodging,Consumer Cyclical,False,Cash,Stage 4,Stage 4 - Weak/Declining,0.72,Price is below long-term support with weak trend evidence.,watchlist,0.0,0.82,True,True,Weak Structure,Exit / Avoid,0.53,0.78
2026-05-17,PATANJALI.NS,Patanjali Foods Limited,Packaged Foods,Consumer Defensive,True,F&O,Stage 4,Stage 4 - Confirmed Downtrend,0.86,Price is below a bearish moving-average stack with falling trend signals.,watchlist,25.3,1.29,False,False,Weak Structure,Exit / Avoid,3.63,2.12
2026-05-17,PAYTM.NS,One 97 Communications Limited,Software - Infrastructure,Technology,True,F&O,Stage 1,Stage 1 - Base/Repair,0.7,Price is near long-term moving averages with no strong long-term downtrend signal.,watchlist,11.21,1.1,False,True,Base Building,Watchlist / Early base,0.42,0.61
2026-05-17,PCBL.NS,PCBL Chemical Limited,Specialty Chemicals,Basic Materials,False,Cash,Stage 4,Stage 4 - Confirmed Downtrend,0.86,Price is below a bearish moving-average stack with falling trend signals.,watchlist,21.11,0.47,True,True,Weak Structure,Exit / Avoid,0.61,0.28
2026-05-17,PDSL.NS,PDS Limited,Industrials,Industrials,False,Cash,Stage 4,Stage 4 - Confirmed Downtrend,0.86,Price is below a bearish moving-average stack with falling trend signals.,watchlist,1.83,0.17,True,True,Weak Structure,Exit / Avoid,0.09,0.15
2026-05-17,PERSISTENT.NS,Persistent Systems Limited,Information Technology Services,Technology,True,F&O,Stage 4,Stage 4 - Weak/Declining,0.72,Price is below long-term support with weak trend evidence.,watchlist,5.04,0.79,True,True,Weak Structure,Exit / Avoid,1.07,0.85
2026-05-17,PETRONET.NS,Petronet LNG Limited,Oil & Gas Refining & Marketing,Energy,True,F&O,Stage 4,Stage 4 - Weak/Declining,0.72,Price is below long-term support with weak trend evidence.,watchlist,1.26,0.71,True,True,Weak Structure,Exit / Avoid,0.93,0.38
2026-05-17,PFC.NS,Power Finance Corporation Limited,Credit Services,Financial Services,True,F&O,Stage 2,Early Stage 2,0.72,"Price has moved above long-term structure, but the full moving-average stack is not clean yet.",watchlist,26.04,0.74,True,True,Advancing,Hold / Trend intact,0.39,0.79
2026-05-17,PFIZER.NS,Pfizer Limited,Drug Manufacturers - General,Healthcare,False,Cash,Stage 4,Stage 4 - Weak/Declining,0.72,Price is below long-term support with weak trend evidence.,watchlist,28.76,1.38,False,False,Weak Structure,Exit / Avoid,5.63,2.52
2026-05-17,PFOCUS.NS,Prime Focus Limited,Communication Services,Communication Services,False,Cash,Stage 1,Stage 1 - Base/Repair,0.7,Price is near long-term moving averages with no strong long-term downtrend signal.,watchlist,2.02,0.32,True,True,Base Building,Watchlist / Early base,0.06,0.15
2026-05-17,PGEL.NS,PG Electroplast Limited,Electronic Components,Technology,True,F&O,Stage 4,Stage 4 - Confirmed Downtrend,0.86,Price is below a bearish moving-average stack with falling trend signals.,watchlist,16.44,0.43,True,True,Weak Structure,Exit / Avoid,0.33,0.49
2026-05-17,PGHH.NS,Procter & Gamble Hygiene and Health Care Limited,Household & Personal Products,Consumer Defensive,False,Cash,Stage 4,Stage 4 - Confirmed Downtrend,0.86,Price is below a bearish moving-average stack with falling trend signals.,watchlist,6.8,0.52,True,True,Weak Structure,Exit / Avoid,0.48,0.42
2026-05-17,PGHL.NS,Procter & Gamble Health Limited,Drug Manufacturers - Specialty & Generic,Healthcare,False,Cash,Stage 4,Stage 4 - Weak/Declining,0.72,Price is below long-term support with weak trend evidence.,watchlist,32.96,0.85,False,True,Weak Structure,Exit / Avoid,0.48,0.84
2026-05-17,PGIL.NS,Pearl Global Industries Limited,Apparel Manufacturing,Consumer Cyclical,False,Cash,Stage 1,Stage 1 - Base/Repair,0.7,Price is near long-term moving averages with no strong long-term downtrend signal.,watchlist,18.11,2.79,False,False,Base Building,Watchlist / Early base,55.01,11.41
2026-05-17,PHOENIXLTD.NS,The Phoenix Mills Limited,Real Estate,Real Estate,True,F&O,Stage 1,Stage 1 - Base/Repair,0.7,Price is near long-term moving averages with no strong long-term downtrend signal.,watchlist,29.73,0.59,True,True,Base Building,Watchlist / Early base,0.32,0.69
2026-05-17,PIDILITIND.NS,Pidilite Industries Limited,Specialty Chemicals,Basic Materials,True,F&O,Stage 1,Stage 1 - Unclear/Repair,0.58,Not enough evidence for Stage 2 or Stage 4; classified as repair/unclear structure.,watchlist,18.96,1.69,False,False,Base Building,Watchlist / Early base,0.8,1.39
2026-05-17,PIIND.NS,PI Industries Limited,Agricultural Inputs,Basic Materials,True,F&O,Stage 4,Stage 4 - Weak/Declining,0.72,Price is below long-term support with weak trend evidence.,watchlist,18.11,0.9,False,False,Weak Structure,Exit / Avoid,0.81,1.03
2026-05-17,PILANIINVS.NS,Pilani Investment and Industries Corporation Limited,Asset Management,Financial Services,False,Cash,Stage 4,Stage 4 - Weak/Declining,0.72,Price is below long-term support with weak trend evidence.,watchlist,11.95,0.85,False,False,Weak Structure,Exit / Avoid,0.76,1.16
2026-05-17,PITTIENG.NS,Pitti Engineering Limited,Metal Fabrication,Industrials,False,Cash,Stage 3,Stage 3 - Transition,0.62,"The structure is transitioning after prior strength, but it is not yet a confirmed Stage 4 decline.",watchlist,32.0,0.79,True,True,Transition,Reduce / Avoid fresh longs,1.15,0.85
2026-05-17,PNB.NS,Punjab National Bank,Banks - Regional,Financial Services,True,F&O,Stage 4,Stage 4 - Weak/Declining,0.72,Price is below long-term support with weak trend evidence.,watchlist,3.8,1.34,False,False,Weak Structure,Exit / Avoid,1.09,1.07
2026-05-17,PNBHOUSING.NS,PNB Housing Finance Limited,Mortgage Finance,Financial Services,True,F&O,Stage 2,Extended Stage 2,0.78,"Advancing structure remains intact, but price is stretched versus key moving averages or far above the 52-week low.",watchlist,38.38,0.6,True,True,Advancing,Hold / Trend intact,0.27,0.59
2026-05-17,PNCINFRA.NS,PNC Infratech Limited,Engineering & Construction,Industrials,False,Cash,Stage 4,Stage 4 - Weak/Declining,0.72,Price is below long-term support with weak trend evidence.,watchlist,7.86,0.63,True,True,Weak Structure,Exit / Avoid,0.22,0.67
2026-05-17,PNGJL.NS,P N Gadgil Jewellers Limited,Luxury Goods,Consumer Cyclical,False,Cash,Stage 1,Stage 1 - Base/Repair,0.7,Price is near long-term moving averages with no strong long-term downtrend signal.,watchlist,18.52,1.67,False,False,Base Building,Watchlist / Early base,1.73,2.78
2026-05-17,POCL.NS,Pondy Oxides & Chemicals Limited,Specialty Chemicals,Basic Materials,False,Cash,Stage 2,Extended Stage 2,0.78,"Advancing structure remains intact, but price is stretched versus key moving averages or far above the 52-week low.",watchlist,32.96,1.98,False,False,Advancing,Hold / Trend intact,1.64,3.86
2026-05-17,POKARNA.NS,Pokarna Limited,Building Products & Equipment,Industrials,False,Cash,Stage 4,Stage 4 - Weak/Declining,0.72,Price is below long-term support with weak trend evidence.,watchlist,2.0,0.68,True,True,Weak Structure,Exit / Avoid,0.21,0.44
2026-05-17,POLICYBZR.NS,PB Fintech Limited,Financial Services,Financial Services,True,F&O,Stage 1,Stage 1 - Early Turn,0.66,The stock is improving from a repair/base area but has not confirmed a clean Stage 2 yet.,watchlist,17.27,1.19,False,False,Base Building,Watchlist / Early base,1.15,1.11
2026-05-17,POLYCAB.NS,Polycab India Limited,Electrical Equipment & Parts,Industrials,True,F&O,Stage 2,Clean Stage 2,0.9,"Price is above rising key averages, weekly structure is supportive, and the stock is near its 52-week high.",watchlist,44.36,1.18,False,True,Advancing,Hold / Trend intact,0.41,0.75
2026-05-17,POLYMED.NS,Poly Medicure Limited,Healthcare,Healthcare,False,Cash,Stage 4,Stage 4 - Weak/Declining,0.72,Price is below long-term support with weak trend evidence.,watchlist,7.15,0.75,True,True,Weak Structure,Exit / Avoid,0.37,0.7
2026-05-17,POLYPLEX.NS,Polyplex Corporation Limited,Specialty Chemicals,Basic Materials,False,Cash,Stage 1,Stage 1 - Early Turn,0.66,The stock is improving from a repair/base area but has not confirmed a clean Stage 2 yet.,watchlist,28.37,0.48,True,True,Base Building,Watchlist / Early base,0.65,0.47
2026-05-17,POONAWALLA.NS,Poonawalla Fincorp Limited,Credit Services,Financial Services,False,Cash,Stage 4,Stage 4 - Confirmed Downtrend,0.86,Price is below a bearish moving-average stack with falling trend signals.,watchlist,4.79,1.44,False,True,Weak Structure,Exit / Avoid,0.46,0.6
2026-05-17,POWERGRID.NS,Power Grid Corporation of India Limited,Utilities,Utilities,True,F&O,Stage 2,Messy Stage 2,0.64,"Long-term structure is still constructive, but the short-term/weekly structure is not clean.",watchlist,43.45,0.71,True,False,Advancing,Hold / Trend intact,0.88,0.98
2026-05-17,POWERINDIA.NS,Hitachi Energy India Limited,Electrical Equipment & Parts,Industrials,True,F&O,Stage 2,Extended Stage 2,0.78,"Advancing structure remains intact, but price is stretched versus key moving averages or far above the 52-week low.",watchlist,42.2,0.96,False,False,Advancing,Hold / Trend intact,0.74,0.94
2026-05-17,POWERMECH.NS,Power Mech Projects Limited,Engineering & Construction,Industrials,False,Cash,Stage 1,Stage 1 - Early Turn,0.66,The stock is improving from a repair/base area but has not confirmed a clean Stage 2 yet.,watchlist,3.44,0.74,True,True,Base Building,Watchlist / Early base,0.49,0.59
2026-05-17,PPLPHARMA.NS,Piramal Pharma Limited,Drug Manufacturers - Specialty & Generic,Healthcare,False,Cash,Stage 1,Stage 1 - Early Turn,0.66,The stock is improving from a repair/base area but has not confirmed a clean Stage 2 yet.,watchlist,30.16,1.71,False,False,Base Building,Watchlist / Early base,0.44,1.25
2026-05-17,PRAJIND.NS,Praj Industries Limited,Engineering & Construction,Industrials,False,Cash,Stage 1,Stage 1 - Early Turn,0.66,The stock is improving from a repair/base area but has not confirmed a clean Stage 2 yet.,watchlist,30.87,0.44,True,True,Base Building,Watchlist / Early base,0.3,0.48
2026-05-17,PRAKASH.NS,Prakash Industries Limited,Steel,Basic Materials,False,Cash,Stage 1,Stage 1 - Early Turn,0.66,The stock is improving from a repair/base area but has not confirmed a clean Stage 2 yet.,watchlist,41.75,1.01,False,True,Base Building,Watchlist / Early base,0.66,0.75
2026-05-17,PRECWIRE.NS,Precision Wires India Limited,Electrical Equipment & Parts,Industrials,False,Cash,Stage 2,Extended Stage 2,0.78,"Advancing structure remains intact, but price is stretched versus key moving averages or far above the 52-week low.",watchlist,48.83,0.7,True,True,Advancing,Hold / Trend intact,0.33,0.51
2026-05-17,PREMEXPLN.NS,Premier Explosives Limited,Specialty Chemicals,Basic Materials,False,Cash,Stage 1,Stage 1 - Early Turn,0.66,The stock is improving from a repair/base area but has not confirmed a clean Stage 2 yet.,watchlist,5.87,1.06,False,False,Base Building,Watchlist / Early base,0.76,1.48
2026-05-17,PREMIERENE.NS,Premier Energies Limited,Solar,Technology,True,F&O,Stage 1,Stage 1 - Early Turn,0.66,The stock is improving from a repair/base area but has not confirmed a clean Stage 2 yet.,watchlist,6.44,0.43,True,True,Base Building,Watchlist / Early base,0.41,0.43
2026-05-17,PRESTIGE.NS,Prestige Estates Projects Limited,Real Estate,Real Estate,True,F&O,Stage 4,Stage 4 - Weak/Declining,0.72,Price is below long-term support with weak trend evidence.,watchlist,0.0,0.59,True,True,Weak Structure,Exit / Avoid,0.22,0.6
2026-05-17,PRICOLLTD.NS,Pricol Limited,Auto Parts,Consumer Cyclical,False,Cash,Stage 3,Stage 3 - Transition,0.62,"The structure is transitioning after prior strength, but it is not yet a confirmed Stage 4 decline.",watchlist,36.6,3.1,False,False,Transition,Reduce / Avoid fresh longs,55.68,12.3
2026-05-17,PRINCEPIPE.NS,Prince Pipes And Fittings Limited,Building Products & Equipment,Industrials,False,Cash,Stage 4,Stage 4 - Weak/Declining,0.72,Price is below long-term support with weak trend evidence.,watchlist,18.11,0.64,True,True,Weak Structure,Exit / Avoid,0.83,0.72
2026-05-17,PRIVISCL.NS,Privi Speciality Chemicals Limited,Specialty Chemicals,Basic Materials,False,Cash,Stage 2,Stage 2,0.76,Advancing structure detected.,watchlist,52.6,1.46,False,False,Advancing,Hold / Trend intact,0.57,2.66
2026-05-17,PRSMJOHNSN.NS,Prism Johnson Limited,Building Materials,Basic Materials,False,Cash,Stage 4,Stage 4 - Weak/Declining,0.72,Price is below long-term support with weak trend evidence.,watchlist,24.06,0.41,True,True,Weak Structure,Exit / Avoid,0.15,0.63
2026-05-17,PRUDENT.NS,Prudent Corporate Advisory Services Limited,Asset Management,Financial Services,False,Cash,Stage 2,Early Stage 2,0.72,"Price has moved above long-term structure, but the full moving-average stack is not clean yet.",watchlist,21.05,1.1,False,False,Advancing,Hold / Trend intact,0.37,1.37
2026-05-17,PSPPROJECT.NS,PSP Projects Limited,Engineering & Construction,Industrials,False,Cash,Stage 3,Stage 3 - Transition,0.62,"The structure is transitioning after prior strength, but it is not yet a confirmed Stage 4 decline.",watchlist,1.08,0.99,False,True,Transition,Reduce / Avoid fresh longs,0.41,0.65
2026-05-17,PTC.NS,PTC India Limited,Utilities,Utilities,False,Cash,Stage 2,Early Stage 2,0.72,"Price has moved above long-term structure, but the full moving-average stack is not clean yet.",watchlist,30.49,1.15,False,True,Advancing,Hold / Trend intact,0.56,0.9
2026-05-17,PTCIL.NS,PTC Industries Limited,Metal Fabrication,Industrials,False,Cash,Stage 1,Stage 1 - Base/Repair,0.7,Price is near long-term moving averages with no strong long-term downtrend signal.,watchlist,12.15,0.82,True,True,Base Building,Watchlist / Early base,0.69,0.74
2026-05-17,PURVA.NS,Puravankara Limited,Real Estate,Real Estate,False,Cash,Stage 4,Stage 4 - Weak/Declining,0.72,Price is below long-term support with weak trend evidence.,watchlist,0.0,0.14,True,True,Weak Structure,Exit / Avoid,0.09,0.12
2026-05-17,PVRINOX.NS,PVR INOX Limited,Communication Services,Communication Services,False,Cash,Stage 1,Stage 1 - Base/Repair,0.7,Price is near long-term moving averages with no strong long-term downtrend signal.,watchlist,23.32,1.04,False,False,Base Building,Watchlist / Early base,0.33,2.02
2026-05-17,QPOWER.NS,Quality Power Electrical Equipments Limited,Electrical Equipment & Parts,Industrials,False,Cash,Stage 2,Extended Stage 2,0.78,"Advancing structure remains intact, but price is stretched versus key moving averages or far above the 52-week low.",watchlist,59.36,0.92,False,False,Advancing,Hold / Trend intact,0.79,1.0
2026-05-17,QUESS.NS,Quess Corp Limited,Industrials,Industrials,False,Cash,Stage 4,Stage 4 - Weak/Declining,0.72,Price is below long-term support with weak trend evidence.,watchlist,0.0,3.71,False,True,Weak Structure,Exit / Avoid,0.12,0.37
2026-05-17,RADICO.NS,Radico Khaitan Limited,Consumer Defensive,Consumer Defensive,False,Cash,Stage 2,Early Stage 2,0.72,"Price has moved above long-term structure, but the full moving-average stack is not clean yet.",watchlist,44.26,0.98,False,True,Advancing,Hold / Trend intact,0.95,0.88
2026-05-17,RAILTEL.NS,Railtel Corporation Of India Limited,Telecom Services,Communication Services,False,Cash,Stage 4,Stage 4 - Weak/Declining,0.72,Price is below long-term support with weak trend evidence.,watchlist,0.0,0.57,True,True,Weak Structure,Exit / Avoid,0.16,0.3
2026-05-17,RAIN.NS,Rain Industries Limited,Specialty Chemicals,Basic Materials,False,Cash,Stage 3,Stage 3 - Transition,0.62,"The structure is transitioning after prior strength, but it is not yet a confirmed Stage 4 decline.",watchlist,17.92,2.5,False,False,Transition,Reduce / Avoid fresh longs,0.87,7.46
2026-05-17,RAINBOW.NS,Rainbow Childrens Medicare Limited,Medical Care Facilities,Healthcare,False,Cash,Stage 1,Stage 1 - Early Turn,0.66,The stock is improving from a repair/base area but has not confirmed a clean Stage 2 yet.,watchlist,34.87,1.24,False,False,Base Building,Watchlist / Early base,0.64,0.94
2026-05-17,RALLIS.NS,Rallis India Limited,Agricultural Inputs,Basic Materials,False,Cash,Stage 4,Stage 4 - Weak/Declining,0.72,Price is below long-term support with weak trend evidence.,watchlist,5.24,0.91,False,False,Weak Structure,Exit / Avoid,0.55,1.36
2026-05-17,RAMCOCEM.NS,The Ramco Cements Limited,Building Materials,Basic Materials,False,Cash,Stage 4,Stage 4 - Confirmed Downtrend,0.86,Price is below a bearish moving-average stack with falling trend signals.,watchlist,3.96,1.6,False,False,Weak Structure,Exit / Avoid,0.53,1.37
2026-05-17,RAMKY.NS,Ramky Infrastructure Limited,Engineering & Construction,Industrials,False,Cash,Stage 4,Stage 4 - Weak/Declining,0.72,Price is below long-term support with weak trend evidence.,watchlist,16.11,0.09,True,True,Weak Structure,Exit / Avoid,0.66,0.1
2026-05-17,RAMRAT.NS,Ram Ratna Wires Limited,Electrical Equipment & Parts,Industrials,False,Cash,Stage 2,Early Stage 2,0.72,"Price has moved above long-term structure, but the full moving-average stack is not clean yet.",watchlist,50.67,0.82,True,True,Advancing,Hold / Trend intact,0.4,0.57
2026-05-17,RATEGAIN.NS,Rategain Travel Technologies Limited,Software - Application,Technology,False,Cash,Stage 1,Stage 1 - Early Turn,0.66,The stock is improving from a repair/base area but has not confirmed a clean Stage 2 yet.,watchlist,10.4,0.88,False,False,Base Building,Watchlist / Early base,0.21,1.18
2026-05-17,RATNAMANI.NS,Ratnamani Metals & Tubes Limited,Steel,Basic Materials,False,Cash,Stage 1,Stage 1 - Early Turn,0.66,The stock is improving from a repair/base area but has not confirmed a clean Stage 2 yet.,watchlist,41.78,1.7,False,False,Base Building,Watchlist / Early base,1.12,2.49
2026-05-17,RAYMOND.NS,Raymond Limited,Specialty Industrial Machinery,Industrials,False,Cash,Stage 1,Stage 1 - Early Turn,0.66,The stock is improving from a repair/base area but has not confirmed a clean Stage 2 yet.,watchlist,29.35,2.11,False,True,Base Building,Watchlist / Early base,0.49,0.71
2026-05-17,RAYMONDLSL.NS,Raymond Lifestyle Limited,Apparel Manufacturing,Consumer Cyclical,False,Cash,Stage 4,Stage 4 - Confirmed Downtrend,0.86,Price is below a bearish moving-average stack with falling trend signals.,watchlist,3.15,1.51,False,False,Weak Structure,Exit / Avoid,0.53,1.49
2026-05-17,RBA.NS,Restaurant Brands Asia Limited,Consumer Cyclical,Consumer Cyclical,False,Cash,Stage 1,Stage 1 - Early Turn,0.66,The stock is improving from a repair/base area but has not confirmed a clean Stage 2 yet.,watchlist,9.32,1.7,False,False,Base Building,Watchlist / Early base,2.92,2.07
2026-05-17,RBLBANK.NS,RBL Bank Limited,Banks - Regional,Financial Services,True,F&O,Stage 2,Clean Stage 2,0.9,"Price is above rising key averages, weekly structure is supportive, and the stock is near its 52-week high.",watchlist,39.64,0.86,False,True,Advancing,Hold / Trend intact,0.59,0.76
2026-05-17,RCF.NS,Rashtriya Chemicals and Fertilizers Limited,Agricultural Inputs,Basic Materials,False,Cash,Stage 4,Stage 4 - Weak/Declining,0.72,Price is below long-term support with weak trend evidence.,watchlist,8.65,0.27,True,True,Weak Structure,Exit / Avoid,0.51,0.26
2026-05-17,RECLTD.NS,REC Limited,Credit Services,Financial Services,True,F&O,Stage 4,Stage 4 - Weak/Declining,0.72,Price is below long-term support with weak trend evidence.,watchlist,2.39,0.7,True,True,Weak Structure,Exit / Avoid,0.41,0.6
2026-05-17,REDINGTON.NS,Redington Limited,Information Technology Services,Technology,False,Cash,Stage 4,Stage 4 - Confirmed Downtrend,0.86,Price is below a bearish moving-average stack with falling trend signals.,watchlist,0.0,0.54,True,True,Weak Structure,Exit / Avoid,1.2,0.71
2026-05-17,REDTAPE.NS,Redtape Limited,Consumer Cyclical,Consumer Cyclical,False,Cash,Stage 1,Stage 1 - Early Turn,0.66,The stock is improving from a repair/base area but has not confirmed a clean Stage 2 yet.,watchlist,19.42,1.15,False,False,Base Building,Watchlist / Early base,0.66,1.65
2026-05-17,REFEX.NS,Refex Industries Limited,Energy,Energy,False,Cash,Stage 1,Stage 1 - Early Turn,0.66,The stock is improving from a repair/base area but has not confirmed a clean Stage 2 yet.,watchlist,29.02,1.61,False,False,Base Building,Watchlist / Early base,10.15,3.77
2026-05-17,RELAXO.NS,Relaxo Footwears Limited,Consumer Cyclical,Consumer Cyclical,False,Cash,Stage 4,Stage 4 - Confirmed Downtrend,0.86,Price is below a bearish moving-average stack with falling trend signals.,watchlist,0.0,1.06,False,True,Weak Structure,Exit / Avoid,0.31,0.63
2026-05-17,RELIANCE.NS,Reliance Industries Limited,Oil & Gas Refining & Marketing,Energy,True,F&O,Stage 4,Stage 4 - Weak/Declining,0.72,Price is below long-term support with weak trend evidence.,watchlist,9.36,0.88,False,False,Weak Structure,Exit / Avoid,0.98,0.97
2026-05-17,RELIGARE.NS,Religare Enterprises Limited,Insurance - Life,Financial Services,False,Cash,Stage 4,Stage 4 - Weak/Declining,0.72,Price is below long-term support with weak trend evidence.,watchlist,6.09,0.73,True,False,Weak Structure,Exit / Avoid,0.55,1.03
2026-05-17,RESPONIND.NS,Responsive Industries Limited,Specialty Chemicals,Basic Materials,False,Cash,Stage 4,Stage 4 - Weak/Declining,0.72,Price is below long-term support with weak trend evidence.,watchlist,8.42,1.48,False,False,Weak Structure,Exit / Avoid,6.2,2.36
2026-05-17,RHIM.NS,RHI MAGNESITA INDIA LIMITED,Metal Fabrication,Industrials,False,Cash,Stage 4,Stage 4 - Weak/Declining,0.72,Price is below long-term support with weak trend evidence.,watchlist,10.0,0.46,True,True,Weak Structure,Exit / Avoid,0.68,0.54
2026-05-17,RITES.NS,RITES Limited,Engineering & Construction,Industrials,False,Cash,Stage 4,Stage 4 - Weak/Declining,0.72,Price is below long-term support with weak trend evidence.,watchlist,2.88,0.89,False,True,Weak Structure,Exit / Avoid,0.32,0.62
2026-05-17,RKFORGE.NS,Ramkrishna Forgings Limited,Metal Fabrication,Industrials,False,Cash,Stage 1,Stage 1 - Unclear/Repair,0.58,Not enough evidence for Stage 2 or Stage 4; classified as repair/unclear structure.,watchlist,11.94,1.43,False,False,Base Building,Watchlist / Early base,0.3,0.97
2026-05-17,ROLEXRINGS.NS,Rolex Rings Limited,Metal Fabrication,Industrials,False,Cash,Stage 2,Early Stage 2,0.72,"Price has moved above long-term structure, but the full moving-average stack is not clean yet.",watchlist,33.55,0.28,True,True,Advancing,Hold / Trend intact,0.08,0.21
2026-05-17,ROSSARI.NS,Rossari Biotech Limited,Specialty Chemicals,Basic Materials,False,Cash,Stage 4,Stage 4 - Weak/Declining,0.72,Price is below long-term support with weak trend evidence.,watchlist,8.96,1.51,False,True,Weak Structure,Exit / Avoid,0.16,0.7
2026-05-17,ROSSTECH.NS,Rossell Techsys Limited,Aerospace & Defense,Industrials,False,Cash,Stage 2,Stage 2,0.76,Advancing structure detected.,watchlist,64.61,1.49,False,False,Advancing,Hold / Trend intact,1.08,2.28
2026-05-17,ROUTE.NS,ROUTE MOBILE LIMITED,Telecom Services,Communication Services,False,Cash,Stage 4,Stage 4 - Weak/Declining,0.72,Price is below long-term support with weak trend evidence.,watchlist,22.41,0.67,True,True,Weak Structure,Exit / Avoid,0.44,0.51
2026-05-17,RPEL.NS,Raghav Productivity Enhancers Limited,Chemicals,Basic Materials,False,Cash,Stage 2,Extended Stage 2,0.78,"Advancing structure remains intact, but price is stretched versus key moving averages or far above the 52-week low.",watchlist,35.61,3.33,False,False,Advancing,Hold / Trend intact,1.67,9.67
2026-05-17,RPGLIFE.NS,RPG Life Sciences Limited,Drug Manufacturers - Specialty & Generic,Healthcare,False,Cash,Stage 1,Stage 1 - Early Turn,0.66,The stock is improving from a repair/base area but has not confirmed a clean Stage 2 yet.,watchlist,25.77,0.76,True,True,Base Building,Watchlist / Early base,0.08,0.17
2026-05-17,RPSGVENT.NS,RPSG VENTURES LIMITED,Information Technology Services,Technology,False,Cash,Stage 2,Early Stage 2,0.72,"Price has moved above long-term structure, but the full moving-average stack is not clean yet.",watchlist,20.1,0.13,True,True,Advancing,Hold / Trend intact,0.03,0.1
2026-05-17,RPTECH.NS,Rashi Peripherals Limited,Technology,Technology,False,Cash,Stage 2,Extended Stage 2,0.78,"Advancing structure remains intact, but price is stretched versus key moving averages or far above the 52-week low.",watchlist,71.97,1.62,False,False,Advancing,Hold / Trend intact,2.66,2.14
2026-05-17,RRKABEL.NS,R R Kabel Limited,Electrical Equipment & Parts,Industrials,False,Cash,Stage 2,Extended Stage 2,0.78,"Advancing structure remains intact, but price is stretched versus key moving averages or far above the 52-week low.",watchlist,58.23,2.47,False,False,Advancing,Hold / Trend intact,0.73,1.75
2026-05-17,RSYSTEMS.NS,R Systems International Limited,Information Technology Services,Technology,False,Cash,Stage 4,Stage 4 - Weak/Declining,0.72,Price is below long-term support with weak trend evidence.,watchlist,7.21,0.36,True,True,Weak Structure,Exit / Avoid,0.56,0.18
2026-05-17,RTNINDIA.NS,RattanIndia Enterprises Limited,Consumer Cyclical,Consumer Cyclical,False,Cash,Stage 4,Stage 4 - Weak/Declining,0.72,Price is below long-term support with weak trend evidence.,watchlist,16.11,0.92,False,True,Weak Structure,Exit / Avoid,0.31,0.63
2026-05-17,RUSTOMJEE.NS,Keystone Realtors Limited,Real Estate,Real Estate,False,Cash,Stage 4,Stage 4 - Weak/Declining,0.72,Price is below long-term support with weak trend evidence.,watchlist,2.88,1.13,False,False,Weak Structure,Exit / Avoid,0.1,1.32
2026-05-17,RVNL.NS,Rail Vikas Nigam Limited,Engineering & Construction,Industrials,True,F&O,Stage 4,Stage 4 - Confirmed Downtrend,0.86,Price is below a bearish moving-average stack with falling trend signals.,watchlist,1.8,0.69,True,True,Weak Structure,Exit / Avoid,0.43,0.66
2026-05-17,SAFARI.NS,Safari Industries (India) Limited,Consumer Cyclical,Consumer Cyclical,False,Cash,Stage 4,Stage 4 - Confirmed Downtrend,0.86,Price is below a bearish moving-average stack with falling trend signals.,watchlist,0.0,1.49,False,False,Weak Structure,Exit / Avoid,0.76,1.38
2026-05-17,SAGILITY.NS,SAGILITY LIMITED,Healthcare,Healthcare,False,Cash,Stage 4,Stage 4 - Weak/Declining,0.72,Price is below long-term support with weak trend evidence.,watchlist,9.16,0.87,False,False,Weak Structure,Exit / Avoid,0.84,1.16
2026-05-17,SAIL.NS,Steel Authority of India Limited,Steel,Basic Materials,True,F&O,Stage 2,Clean Stage 2,0.9,"Price is above rising key averages, weekly structure is supportive, and the stock is near its 52-week high.",watchlist,41.17,1.4,False,False,Advancing,Hold / Trend intact,0.83,2.88
2026-05-17,SAILIFE.NS,Sai Life Sciences Limited,Diagnostics & Research,Healthcare,False,Cash,Stage 2,Clean Stage 2,0.9,"Price is above rising key averages, weekly structure is supportive, and the stock is near its 52-week high.",watchlist,57.98,1.71,False,False,Advancing,Hold / Trend intact,12.82,3.75
2026-05-17,SAMHI.NS,Samhi Hotels Limited,Lodging,Consumer Cyclical,False,Cash,Stage 4,Stage 4 - Confirmed Downtrend,0.86,Price is below a bearish moving-average stack with falling trend signals.,watchlist,1.8,0.64,True,True,Weak Structure,Exit / Avoid,1.16,0.68
2026-05-17,SAMMAANCAP.NS,Sammaan Capital Limited,Mortgage Finance,Financial Services,True,F&O,Stage 1,Stage 1 - Base/Repair,0.7,Price is near long-term moving averages with no strong long-term downtrend signal.,watchlist,26.39,1.0,False,False,Base Building,Watchlist / Early base,1.45,1.06
2026-05-17,SANATHAN.NS,Sanathan Textiles Limited,Textile Manufacturing,Consumer Cyclical,False,Cash,Stage 4,Stage 4 - Weak/Declining,0.72,Price is below long-term support with weak trend evidence.,watchlist,6.4,0.88,False,False,Weak Structure,Exit / Avoid,0.39,1.2
2026-05-17,SANDHAR.NS,Sandhar Technologies Limited,Auto Parts,Consumer Cyclical,False,Cash,Stage 1,Stage 1 - Unclear/Repair,0.58,Not enough evidence for Stage 2 or Stage 4; classified as repair/unclear structure.,watchlist,15.48,1.56,False,False,Base Building,Watchlist / Early base,0.36,1.27
2026-05-17,SANDUMA.NS,Sandur Manganese & Iron Ores Limited,Steel,Basic Materials,False,Cash,Stage 2,Early Stage 2,0.72,"Price has moved above long-term structure, but the full moving-average stack is not clean yet.",watchlist,43.6,2.26,False,False,Advancing,Hold / Trend intact,0.88,1.45
2026-05-17,SANGAMIND.NS,Sangam (India) Limited,Textile Manufacturing,Consumer Cyclical,False,Cash,Stage 2,Clean Stage 2,0.9,"Price is above rising key averages, weekly structure is supportive, and the stock is near its 52-week high.",watchlist,68.47,0.52,True,True,Advancing,Hold / Trend intact,0.25,0.43
2026-05-17,SANGHVIMOV.NS,Sanghvi Movers Limited,Industrials,Industrials,False,Cash,Stage 1,Stage 1 - Base/Repair,0.7,Price is near long-term moving averages with no strong long-term downtrend signal.,watchlist,10.08,0.7,True,True,Base Building,Watchlist / Early base,0.72,0.64
2026-05-17,SANOFI.NS,Sanofi India Limited,Drug Manufacturers - General,Healthcare,False,Cash,Stage 4,Stage 4 - Confirmed Downtrend,0.86,Price is below a bearish moving-average stack with falling trend signals.,watchlist,6.8,0.9,False,True,Weak Structure,Exit / Avoid,0.77,0.88
2026-05-17,SANOFICONR.NS,Sanofi Consumer Healthcare India Limited,Drug Manufacturers - General,Healthcare,False,Cash,Stage 1,Stage 1 - Early Turn,0.66,The stock is improving from a repair/base area but has not confirmed a clean Stage 2 yet.,watchlist,28.99,0.47,True,False,Base Building,Watchlist / Early base,0.36,0.92
2026-05-17,SANSERA.NS,Sansera Engineering Limited,Auto Parts,Consumer Cyclical,False,Cash,Stage 2,Clean Stage 2,0.9,"Price is above rising key averages, weekly structure is supportive, and the stock is near its 52-week high.",watchlist,33.86,0.68,True,True,Advancing,Hold / Trend intact,0.38,0.55
2026-05-17,SAPPHIRE.NS,Sapphire Foods India Limited,Consumer Cyclical,Consumer Cyclical,False,Cash,Stage 4,Stage 4 - Weak/Declining,0.72,Price is below long-term support with weak trend evidence.,watchlist,0.0,0.68,True,True,Weak Structure,Exit / Avoid,1.61,0.73
2026-05-17,SARDAEN.NS,Sarda Energy & Minerals Limited,Steel,Basic Materials,False,Cash,Stage 2,Early Stage 2,0.72,"Price has moved above long-term structure, but the full moving-average stack is not clean yet.",watchlist,61.67,0.66,True,True,Advancing,Hold / Trend intact,0.66,0.81
2026-05-17,SAREGAMA.NS,Saregama India Limited,Communication Services,Communication Services,False,Cash,Stage 1,Stage 1 - Early Turn,0.66,The stock is improving from a repair/base area but has not confirmed a clean Stage 2 yet.,watchlist,30.77,4.43,False,False,Base Building,Watchlist / Early base,56.67,70.01
2026-05-17,SBCL.NS,Shivalik Bimetal Controls Limited,Metal Fabrication,Industrials,False,Cash,Stage 2,Extended Stage 2,0.78,"Advancing structure remains intact, but price is stretched versus key moving averages or far above the 52-week low.",watchlist,33.73,0.76,True,True,Advancing,Hold / Trend intact,0.25,0.59
2026-05-17,SBFC.NS,SBFC Finance Limited,Credit Services,Financial Services,False,Cash,Stage 4,Stage 4 - Weak/Declining,0.72,Price is below long-term support with weak trend evidence.,watchlist,8.45,1.19,False,False,Weak Structure,Exit / Avoid,0.31,1.08
2026-05-17,SBICARD.NS,SBI Cards and Payment Services Limited,Credit Services,Financial Services,True,F&O,Stage 4,Stage 4 - Confirmed Downtrend,0.86,Price is below a bearish moving-average stack with falling trend signals.,watchlist,8.89,1.11,False,False,Weak Structure,Exit / Avoid,0.26,1.18
2026-05-17,SBILIFE.NS,SBI Life Insurance Company Limited,Insurance - Life,Financial Services,True,F&O,Stage 1,Stage 1 - Base/Repair,0.7,Price is near long-term moving averages with no strong long-term downtrend signal.,watchlist,12.53,0.75,True,True,Base Building,Watchlist / Early base,0.54,0.67
2026-05-17,SBIN.NS,State Bank of India,Banks - Regional,Financial Services,True,F&O,Stage 1,Stage 1 - Base/Repair,0.7,Price is near long-term moving averages with no strong long-term downtrend signal.,watchlist,2.98,1.28,False,False,Base Building,Watchlist / Early base,1.44,1.7
2026-05-17,SCHAEFFLER.NS,Schaeffler India Limited,Auto Parts,Consumer Cyclical,False,Cash,Stage 2,Early Stage 2,0.72,"Price has moved above long-term structure, but the full moving-average stack is not clean yet.",watchlist,50.91,0.82,True,True,Advancing,Hold / Trend intact,0.28,0.53
2026-05-17,SCI.NS,Shipping Corporation Of India Limited,Marine Shipping,Industrials,False,Cash,Stage 2,Extended Stage 2,0.78,"Advancing structure remains intact, but price is stretched versus key moving averages or far above the 52-week low.",watchlist,45.52,1.5,False,False,Advancing,Hold / Trend intact,0.84,1.74
2026-05-17,SEAMECLTD.NS,Seamec Limited,Marine Shipping,Industrials,False,Cash,Stage 2,Clean Stage 2,0.9,"Price is above rising key averages, weekly structure is supportive, and the stock is near its 52-week high.",watchlist,45.94,0.71,True,True,Advancing,Hold / Trend intact,0.7,0.6
2026-05-17,SENCO.NS,Senco Gold Limited,Luxury Goods,Consumer Cyclical,False,Cash,Stage 3,Stage 3 - Transition,0.62,"The structure is transitioning after prior strength, but it is not yet a confirmed Stage 4 decline.",watchlist,5.18,1.23,False,False,Transition,Reduce / Avoid fresh longs,0.39,1.62
2026-05-17,SENORES.NS,Senores Pharmaceuticals Limited,Drug Manufacturers - General,Healthcare,False,Cash,Stage 2,Extended Stage 2,0.78,"Advancing structure remains intact, but price is stretched versus key moving averages or far above the 52-week low.",watchlist,43.93,1.79,False,False,Advancing,Hold / Trend intact,4.04,3.72
2026-05-17,SFL.NS,Sheela Foam Limited,"Furnishings, Fixtures & Appliances",Consumer Cyclical,False,Cash,Stage 4,Stage 4 - Weak/Declining,0.72,Price is below long-term support with weak trend evidence.,watchlist,27.04,2.86,False,False,Weak Structure,Exit / Avoid,45.52,10.15
2026-05-17,SHAILY.NS,Shaily Engineering Plastics Limited,Specialty Chemicals,Basic Materials,False,Cash,Stage 2,Extended Stage 2,0.78,"Advancing structure remains intact, but price is stretched versus key moving averages or far above the 52-week low.",watchlist,26.83,0.43,True,True,Advancing,Hold / Trend intact,0.45,0.51
2026-05-17,SHAKTIPUMP.NS,Shakti Pumps (India) Limited,Specialty Industrial Machinery,Industrials,False,Cash,Stage 4,Stage 4 - Confirmed Downtrend,0.86,Price is below a bearish moving-average stack with falling trend signals.,watchlist,14.96,1.0,False,True,Weak Structure,Exit / Avoid,0.38,0.75
2026-05-17,SHANTIGEAR.NS,Shanthi Gears Limited,Specialty Industrial Machinery,Industrials,False,Cash,Stage 4,Stage 4 - Weak/Declining,0.72,Price is below long-term support with weak trend evidence.,watchlist,26.4,1.36,False,True,Weak Structure,Exit / Avoid,0.55,0.7
2026-05-17,SHARDACROP.NS,Sharda Cropchem Limited,Agricultural Inputs,Basic Materials,False,Cash,Stage 3,Stage 3 - Distribution/Damage,0.76,"Prior strength exists, but short-term and/or weekly structure is deteriorating.",watchlist,4.25,2.47,False,False,Transition,Reduce / Avoid fresh longs,3.0,7.81
2026-05-17,SHARDAMOTR.NS,Sharda Motor Industries Limited,Auto Parts,Consumer Cyclical,False,Cash,Stage 4,Stage 4 - Weak/Declining,0.72,Price is below long-term support with weak trend evidence.,watchlist,18.11,0.79,True,True,Weak Structure,Exit / Avoid,0.67,0.66
2026-05-17,SHAREINDIA.NS,Share India Securities Limited,Capital Markets,Financial Services,False,Cash,Stage 4,Stage 4 - Weak/Declining,0.72,Price is below long-term support with weak trend evidence.,watchlist,23.81,0.41,True,True,Weak Structure,Exit / Avoid,0.61,0.3
2026-05-17,SHILPAMED.NS,Shilpa Medicare Limited,Drug Manufacturers - Specialty & Generic,Healthcare,False,Cash,Stage 2,Extended Stage 2,0.78,"Advancing structure remains intact, but price is stretched versus key moving averages or far above the 52-week low.",watchlist,65.02,1.19,False,False,Advancing,Hold / Trend intact,4.47,1.71
2026-05-17,SHOPERSTOP.NS,Shoppers Stop Limited,Consumer Cyclical,Consumer Cyclical,False,Cash,Stage 4,Stage 4 - Weak/Declining,0.72,Price is below long-term support with weak trend evidence.,watchlist,0.0,2.96,False,True,Weak Structure,Exit / Avoid,0.22,0.41
2026-05-17,SHREECEM.NS,SHREE CEMENT LIMITED,Building Materials,Basic Materials,True,F&O,Stage 4,Stage 4 - Weak/Declining,0.72,Price is below long-term support with weak trend evidence.,watchlist,11.24,0.72,True,True,Weak Structure,Exit / Avoid,0.2,0.41
2026-05-17,SHRIPISTON.NS,Shriram Pistons & Rings Limited,Auto Parts,Consumer Cyclical,False,Cash,Stage 2,Clean Stage 2,0.9,"Price is above rising key averages, weekly structure is supportive, and the stock is near its 52-week high.",watchlist,50.34,0.56,True,True,Advancing,Hold / Trend intact,0.4,0.79
2026-05-17,SHRIRAMFIN.NS,Shriram Finance Limited,Credit Services,Financial Services,True,F&O,Stage 3,Stage 3 - Distribution/Damage,0.76,"Prior strength exists, but short-term and/or weekly structure is deteriorating.",watchlist,10.21,0.78,True,False,Transition,Reduce / Avoid fresh longs,0.82,1.07
2026-05-17,SHYAMMETL.NS,Shyam Metalics and Energy Limited,Steel,Basic Materials,False,Cash,Stage 1,Stage 1 - Base/Repair,0.7,Price is near long-term moving averages with no strong long-term downtrend signal.,watchlist,34.43,1.75,False,False,Base Building,Watchlist / Early base,1.09,2.92
2026-05-17,SIEMENS.NS,Siemens Limited,Specialty Industrial Machinery,Industrials,True,F&O,Stage 2,Clean Stage 2,0.9,"Price is above rising key averages, weekly structure is supportive, and the stock is near its 52-week high.",watchlist,49.5,1.04,False,False,Advancing,Hold / Trend intact,0.54,1.37
2026-05-17,SIGNATURE.NS,Signatureglobal (India) Limited,Real Estate,Real Estate,False,Cash,Stage 4,Stage 4 - Weak/Declining,0.72,Price is below long-term support with weak trend evidence.,watchlist,2.79,0.73,True,False,Weak Structure,Exit / Avoid,0.6,0.9
2026-05-17,SIS.NS,SIS LIMITED,Industrials,Industrials,False,Cash,Stage 2,Extended Stage 2,0.78,"Advancing structure remains intact, but price is stretched versus key moving averages or far above the 52-week low.",watchlist,21.38,2.7,False,True,Advancing,Hold / Trend intact,0.38,0.4
2026-05-17,SIYSIL.NS,Siyaram Silk Mills Limited,Textile Manufacturing,Consumer Cyclical,False,Cash,Stage 4,Stage 4 - Weak/Declining,0.72,Price is below long-term support with weak trend evidence.,watchlist,7.75,1.22,False,True,Weak Structure,Exit / Avoid,1.38,0.85
2026-05-17,SJS.NS,S.J.S. Enterprises Limited,Auto Parts,Consumer Cyclical,False,Cash,Stage 2,Stage 2,0.76,Advancing structure detected.,watchlist,31.06,1.58,False,True,Advancing,Hold / Trend intact,0.42,0.7
2026-05-17,SJVN.NS,SJVN Limited,Utilities - Renewable,Utilities,False,Cash,Stage 1,Stage 1 - Early Turn,0.66,The stock is improving from a repair/base area but has not confirmed a clean Stage 2 yet.,watchlist,36.01,0.72,True,False,Base Building,Watchlist / Early base,2.22,0.97
2026-05-17,SKFINDIA.NS,SKF India Limited,Tools & Accessories,Industrials,False,Cash,Stage 4,Stage 4 - Weak/Declining,0.72,Price is below long-term support with weak trend evidence.,watchlist,6.8,0.96,False,False,Weak Structure,Exit / Avoid,4.34,1.33
2026-05-17,SKIPPER.NS,Skipper Limited,Engineering & Construction,Industrials,False,Cash,Stage 1,Stage 1 - Early Turn,0.66,The stock is improving from a repair/base area but has not confirmed a clean Stage 2 yet.,watchlist,27.83,1.14,False,False,Base Building,Watchlist / Early base,1.64,1.43
2026-05-17,SKYGOLD.NS,SKY GOLD AND DIAMONDS LIMITED,Luxury Goods,Consumer Cyclical,False,Cash,Stage 2,Stage 2,0.76,Advancing structure detected.,watchlist,46.14,2.17,False,False,Advancing,Hold / Trend intact,1.33,3.97
2026-05-17,SMSPHARMA.NS,SMS Pharmaceuticals Limited,Drug Manufacturers - General,Healthcare,False,Cash,Stage 2,Clean Stage 2,0.9,"Price is above rising key averages, weekly structure is supportive, and the stock is near its 52-week high.",watchlist,41.89,0.68,True,True,Advancing,Hold / Trend intact,0.38,0.7
2026-05-17,SOBHA.NS,Sobha Limited,Real Estate,Real Estate,False,Cash,Stage 4,Stage 4 - Weak/Declining,0.72,Price is below long-term support with weak trend evidence.,watchlist,0.0,1.87,False,True,Weak Structure,Exit / Avoid,0.18,0.62
2026-05-17,SOLARINDS.NS,Solar Industries India Limited,Specialty Chemicals,Basic Materials,True,F&O,Stage 2,Extended Stage 2,0.78,"Advancing structure remains intact, but price is stretched versus key moving averages or far above the 52-week low.",watchlist,48.35,0.9,False,False,Advancing,Hold / Trend intact,3.96,1.44
2026-05-17,SONACOMS.NS,Sona BLW Precision Forgings Limited,Auto Parts,Consumer Cyclical,True,F&O,Stage 2,Clean Stage 2,0.9,"Price is above rising key averages, weekly structure is supportive, and the stock is near its 52-week high.",watchlist,61.14,1.45,False,False,Advancing,Hold / Trend intact,0.57,1.52
2026-05-17,SONATSOFTW.NS,Sonata Software Limited,Information Technology Services,Technology,False,Cash,Stage 4,Stage 4 - Weak/Declining,0.72,Price is below long-term support with weak trend evidence.,watchlist,5.83,2.13,False,False,Weak Structure,Exit / Avoid,0.25,1.03
2026-05-17,SOTL.NS,Savita Oil Technologies Limited,Specialty Chemicals,Basic Materials,False,Cash,Stage 1,Stage 1 - Early Turn,0.66,The stock is improving from a repair/base area but has not confirmed a clean Stage 2 yet.,watchlist,16.35,3.84,False,True,Base Building,Watchlist / Early base,0.26,0.77
2026-05-17,SOUTHBANK.NS,The South Indian Bank Limited,Banks - Regional,Financial Services,False,Cash,Stage 1,Stage 1 - Base/Repair,0.7,Price is near long-term moving averages with no strong long-term downtrend signal.,watchlist,14.27,1.14,False,True,Base Building,Watchlist / Early base,0.53,0.88
2026-05-17,SPARC.NS,Sun Pharma Advanced Research Company Limited,Drug Manufacturers - Specialty & Generic,Healthcare,False,Cash,Stage 2,Extended Stage 2,0.78,"Advancing structure remains intact, but price is stretched versus key moving averages or far above the 52-week low.",watchlist,47.47,2.0,False,True,Advancing,Hold / Trend intact,0.37,0.86
2026-05-17,SPLPETRO.NS,Supreme Petrochem Limited,Specialty Chemicals,Basic Materials,False,Cash,Stage 4,Stage 4 - Weak/Declining,0.72,Price is below long-term support with weak trend evidence.,watchlist,13.36,0.33,True,True,Weak Structure,Exit / Avoid,0.13,0.25
2026-05-17,SRF.NS,SRF Limited,Conglomerates,Industrials,True,F&O,Stage 4,Stage 4 - Weak/Declining,0.72,Price is below long-term support with weak trend evidence.,watchlist,2.36,1.33,False,True,Weak Structure,Exit / Avoid,0.52,0.77
2026-05-17,SSWL.NS,Steel Strips Wheels Limited,Auto Parts,Consumer Cyclical,False,Cash,Stage 4,Stage 4 - Weak/Declining,0.72,Price is below long-term support with weak trend evidence.,watchlist,9.6,0.99,False,False,Weak Structure,Exit / Avoid,0.45,0.97
2026-05-17,STAR.NS,Strides Pharma Science Limited,Drug Manufacturers - Specialty & Generic,Healthcare,False,Cash,Stage 2,Clean Stage 2,0.9,"Price is above rising key averages, weekly structure is supportive, and the stock is near its 52-week high.",watchlist,68.16,1.06,False,False,Advancing,Hold / Trend intact,0.44,1.14
2026-05-17,STARCEMENT.NS,Star Cement Limited,Building Materials,Basic Materials,False,Cash,Stage 1,Stage 1 - Base/Repair,0.7,Price is near long-term moving averages with no strong long-term downtrend signal.,watchlist,6.36,0.9,False,True,Base Building,Watchlist / Early base,0.51,0.64
2026-05-17,STARHEALTH.NS,Star Health and Allied Insurance Company Limited,Insurance - Life,Financial Services,False,Cash,Stage 2,Clean Stage 2,0.9,"Price is above rising key averages, weekly structure is supportive, and the stock is near its 52-week high.",watchlist,31.64,0.71,True,True,Advancing,Hold / Trend intact,0.19,0.6
2026-05-17,STEELCAS.NS,Steelcast Limited,Steel,Basic Materials,False,Cash,Stage 2,Clean Stage 2,0.9,"Price is above rising key averages, weekly structure is supportive, and the stock is near its 52-week high.",watchlist,47.26,0.81,True,False,Advancing,Hold / Trend intact,0.3,1.12
2026-05-17,STLTECH.NS,Sterlite Technologies Limited,Communication Equipment,Technology,False,Cash,Stage 2,Extended Stage 2,0.78,"Advancing structure remains intact, but price is stretched versus key moving averages or far above the 52-week low.",watchlist,61.4,0.72,True,False,Advancing,Hold / Trend intact,0.3,0.94
2026-05-17,STYLAMIND.NS,Stylam Industries Limited,"Furnishings, Fixtures & Appliances",Consumer Cyclical,False,Cash,Stage 2,Clean Stage 2,0.9,"Price is above rising key averages, weekly structure is supportive, and the stock is near its 52-week high.",watchlist,37.32,1.67,False,True,Advancing,Hold / Trend intact,1.4,0.8
2026-05-17,STYLEBAAZA.NS,Baazar Style Retail Limited,Consumer Cyclical,Consumer Cyclical,False,Cash,Stage 2,Extended Stage 2,0.78,"Advancing structure remains intact, but price is stretched versus key moving averages or far above the 52-week low.",watchlist,26.22,1.46,False,False,Advancing,Hold / Trend intact,0.88,1.97
2026-05-17,STYRENIX.NS,Styrenix Performance Materials Limited,Chemicals,Basic Materials,False,Cash,Stage 1,Stage 1 - Early Turn,0.66,The stock is improving from a repair/base area but has not confirmed a clean Stage 2 yet.,watchlist,19.2,0.52,True,True,Base Building,Watchlist / Early base,0.85,0.52
2026-05-17,SUBROS.NS,Subros Limited,Auto Parts,Consumer Cyclical,False,Cash,Stage 4,Stage 4 - Weak/Declining,0.72,Price is below long-term support with weak trend evidence.,watchlist,2.0,0.78,True,True,Weak Structure,Exit / Avoid,0.72,0.67
2026-05-17,SUDARSCHEM.NS,Sudarshan Chemical Industries Limited,Specialty Chemicals,Basic Materials,False,Cash,Stage 4,Stage 4 - Weak/Declining,0.72,Price is below long-term support with weak trend evidence.,watchlist,7.88,0.6,True,True,Weak Structure,Exit / Avoid,0.12,0.35
2026-05-17,SUMICHEM.NS,Sumitomo Chemical India Limited,Agricultural Inputs,Basic Materials,False,Cash,Stage 1,Stage 1 - Early Turn,0.66,The stock is improving from a repair/base area but has not confirmed a clean Stage 2 yet.,watchlist,32.58,1.95,False,False,Base Building,Watchlist / Early base,0.71,0.98
2026-05-17,SUNCLAY.NS,Sundaram Clayton Limited,Metal Fabrication,Industrials,False,Cash,Stage 1,Stage 1 - Early Turn,0.66,The stock is improving from a repair/base area but has not confirmed a clean Stage 2 yet.,watchlist,34.1,0.77,True,False,Base Building,Watchlist / Early base,0.67,1.57
2026-05-17,SUNDARMFIN.NS,Sundaram Finance Limited,Credit Services,Financial Services,False,Cash,Stage 4,Stage 4 - Weak/Declining,0.72,Price is below long-term support with weak trend evidence.,watchlist,23.52,0.71,True,True,Weak Structure,Exit / Avoid,0.3,0.67
2026-05-17,SUNDRMFAST.NS,Sundram Fasteners Limited,Auto Parts,Consumer Cyclical,False,Cash,Stage 4,Stage 4 - Weak/Declining,0.72,Price is below long-term support with weak trend evidence.,watchlist,3.8,0.58,True,True,Weak Structure,Exit / Avoid,0.72,0.31
2026-05-17,SUNFLAG.NS,Sunflag Iron And Steel Company Limited,Steel,Basic Materials,False,Cash,Stage 2,Extended Stage 2,0.78,"Advancing structure remains intact, but price is stretched versus key moving averages or far above the 52-week low.",watchlist,33.96,3.95,False,True,Advancing,Hold / Trend intact,0.18,0.69
2026-05-17,SUNPHARMA.NS,Sun Pharmaceutical Industries Limited,Drug Manufacturers - Specialty & Generic,Healthcare,True,F&O,Stage 2,Clean Stage 2,0.9,"Price is above rising key averages, weekly structure is supportive, and the stock is near its 52-week high.",watchlist,58.09,0.68,True,True,Advancing,Hold / Trend intact,0.56,0.66
2026-05-17,SUNTECK.NS,Sunteck Realty Limited,Real Estate,Real Estate,False,Cash,Stage 4,Stage 4 - Confirmed Downtrend,0.86,Price is below a bearish moving-average stack with falling trend signals.,watchlist,0.0,0.38,True,True,Weak Structure,Exit / Avoid,0.15,0.39
2026-05-17,SUNTV.NS,Sun TV Network Limited,Communication Services,Communication Services,False,Cash,Stage 1,Stage 1 - Base/Repair,0.7,Price is near long-term moving averages with no strong long-term downtrend signal.,watchlist,25.51,1.35,False,False,Base Building,Watchlist / Early base,1.4,0.94
2026-05-17,SUPRAJIT.NS,Suprajit Engineering Limited,Auto Parts,Consumer Cyclical,False,Cash,Stage 4,Stage 4 - Confirmed Downtrend,0.86,Price is below a bearish moving-average stack with falling trend signals.,watchlist,17.6,0.9,False,True,Weak Structure,Exit / Avoid,0.35,0.66
2026-05-17,SUPREMEIND.NS,Supreme Industries Limited,Building Products & Equipment,Industrials,True,F&O,Stage 4,Stage 4 - Weak/Declining,0.72,Price is below long-term support with weak trend evidence.,watchlist,18.11,0.45,True,True,Weak Structure,Exit / Avoid,0.22,0.32
2026-05-17,SUPRIYA.NS,Supriya Lifescience Limited,Biotechnology,Healthcare,False,Cash,Stage 4,Stage 4 - Weak/Declining,0.72,Price is below long-term support with weak trend evidence.,watchlist,5.31,0.76,True,True,Weak Structure,Exit / Avoid,0.37,0.81
2026-05-17,SURYAROSNI.NS,Surya Roshni Limited,Steel,Basic Materials,False,Cash,Stage 4,Stage 4 - Weak/Declining,0.72,Price is below long-term support with weak trend evidence.,watchlist,10.0,1.51,False,False,Weak Structure,Exit / Avoid,0.32,1.18
2026-05-17,SUVEN.NS,Suven Life Sciences Limited,Drug Manufacturers - Specialty & Generic,Healthcare,False,Cash,Stage 1,Stage 1 - Early Turn,0.66,The stock is improving from a repair/base area but has not confirmed a clean Stage 2 yet.,watchlist,32.65,0.71,True,True,Base Building,Watchlist / Early base,0.95,0.83
2026-05-17,SUZLON.NS,Suzlon Energy Limited,Specialty Industrial Machinery,Industrials,True,F&O,Stage 1,Stage 1 - Early Turn,0.66,The stock is improving from a repair/base area but has not confirmed a clean Stage 2 yet.,watchlist,21.64,0.86,False,False,Base Building,Watchlist / Early base,0.75,0.94
2026-05-17,SWANCORP.NS,SWAN CORP LIMITED,Conglomerates,Industrials,False,Cash,Stage 4,Stage 4 - Confirmed Downtrend,0.86,Price is below a bearish moving-average stack with falling trend signals.,watchlist,3.8,0.66,True,True,Weak Structure,Exit / Avoid,0.58,0.53
2026-05-17,SWARAJENG.NS,Swaraj Engines Limited,Auto Parts,Consumer Cyclical,False,Cash,Stage 1,Stage 1 - Early Turn,0.66,The stock is improving from a repair/base area but has not confirmed a clean Stage 2 yet.,watchlist,4.57,0.38,True,True,Base Building,Watchlist / Early base,0.18,0.38
2026-05-17,SWIGGY.NS,Swiggy Limited,Consumer Cyclical,Consumer Cyclical,True,F&O,Stage 4,Stage 4 - Confirmed Downtrend,0.86,Price is below a bearish moving-average stack with falling trend signals.,watchlist,21.35,0.87,False,False,Weak Structure,Exit / Avoid,0.69,1.23
2026-05-17,SWSOLAR.NS,Sterling and Wilson Renewable Energy Limited,Solar,Technology,False,Cash,Stage 4,Stage 4 - Weak/Declining,0.72,Price is below long-term support with weak trend evidence.,watchlist,18.14,0.39,True,True,Weak Structure,Exit / Avoid,0.15,0.31
2026-05-17,SYMPHONY.NS,Symphony Limited,"Furnishings, Fixtures & Appliances",Consumer Cyclical,False,Cash,Stage 4,Stage 4 - Weak/Declining,0.72,Price is below long-term support with weak trend evidence.,watchlist,1.8,0.72,True,True,Weak Structure,Exit / Avoid,1.02,0.63
2026-05-17,SYNGENE.NS,Syngene International Limited,Diagnostics & Research,Healthcare,False,Cash,Stage 4,Stage 4 - Weak/Declining,0.72,Price is below long-term support with weak trend evidence.,watchlist,11.8,0.95,False,True,Weak Structure,Exit / Avoid,0.29,0.83
2026-05-17,SYRMA.NS,Syrma SGS Technology Limited,Electronic Components,Technology,False,Cash,Stage 2,Clean Stage 2,0.9,"Price is above rising key averages, weekly structure is supportive, and the stock is near its 52-week high.",watchlist,56.81,1.63,False,False,Advancing,Hold / Trend intact,0.53,3.03
2026-05-17,TANLA.NS,Tanla Platforms Limited,Software - Application,Technology,False,Cash,Stage 4,Stage 4 - Weak/Declining,0.72,Price is below long-term support with weak trend evidence.,watchlist,1.8,0.73,True,True,Weak Structure,Exit / Avoid,0.3,0.43
2026-05-17,TARC.NS,TARC Limited,Real Estate,Real Estate,False,Cash,Stage 4,Stage 4 - Confirmed Downtrend,0.86,Price is below a bearish moving-average stack with falling trend signals.,watchlist,6.92,0.71,True,True,Weak Structure,Exit / Avoid,0.37,0.52
2026-05-17,TARIL.NS,Transformers And Rectifiers (India) Limited,Electrical Equipment & Parts,Industrials,False,Cash,Stage 4,Stage 4 - Weak/Declining,0.72,Price is below long-term support with weak trend evidence.,watchlist,35.19,0.6,True,True,Weak Structure,Exit / Avoid,0.23,0.52
2026-05-17,TATACHEM.NS,Tata Chemicals Limited,Chemicals,Basic Materials,False,Cash,Stage 4,Stage 4 - Weak/Declining,0.72,Price is below long-term support with weak trend evidence.,watchlist,10.84,0.87,False,True,Weak Structure,Exit / Avoid,0.16,0.49
2026-05-17,TATACOMM.NS,Tata Communications Limited,Telecom Services,Communication Services,False,Cash,Stage 1,Stage 1 - Unclear/Repair,0.58,Not enough evidence for Stage 2 or Stage 4; classified as repair/unclear structure.,watchlist,11.53,1.05,False,False,Base Building,Watchlist / Early base,1.05,1.38
2026-05-17,TATACONSUM.NS,TATA CONSUMER PRODUCTS LIMITED,Packaged Foods,Consumer Defensive,True,F&O,Stage 2,Early Stage 2,0.72,"Price has moved above long-term structure, but the full moving-average stack is not clean yet.",watchlist,24.72,1.91,False,False,Advancing,Hold / Trend intact,1.2,4.12
2026-05-17,TATAELXSI.NS,Tata Elxsi Limited,Software - Application,Technology,True,F&O,Stage 4,Stage 4 - Confirmed Downtrend,0.86,Price is below a bearish moving-average stack with falling trend signals.,watchlist,1.8,0.69,True,True,Weak Structure,Exit / Avoid,0.86,0.82
2026-05-17,TATAINVEST.NS,Tata Investment Corporation Limited,Asset Management,Financial Services,False,Cash,Stage 1,Stage 1 - Base/Repair,0.7,Price is near long-term moving averages with no strong long-term downtrend signal.,watchlist,21.85,0.43,True,True,Base Building,Watchlist / Early base,0.27,0.35
2026-05-17,TATAPOWER.NS,Tata Power Company Limited,Utilities,Utilities,True,F&O,Stage 2,Early Stage 2,0.72,"Price has moved above long-term structure, but the full moving-average stack is not clean yet.",watchlist,39.97,0.74,True,False,Advancing,Hold / Trend intact,0.5,1.02
2026-05-17,TATASTEEL.NS,Tata Steel Limited,Steel,Basic Materials,True,F&O,Stage 2,Clean Stage 2,0.9,"Price is above rising key averages, weekly structure is supportive, and the stock is near its 52-week high.",watchlist,44.87,0.86,False,False,Advancing,Hold / Trend intact,1.25,1.14
2026-05-17,TATATECH.NS,Tata Technologies Limited,Information Technology Services,Technology,False,Cash,Stage 4,Stage 4 - Weak/Declining,0.72,Price is below long-term support with weak trend evidence.,watchlist,2.08,2.42,False,True,Weak Structure,Exit / Avoid,0.27,0.63
2026-05-17,TATVA.NS,Tatva Chintan Pharma Chem Limited,Specialty Chemicals,Basic Materials,False,Cash,Stage 2,Early Stage 2,0.72,"Price has moved above long-term structure, but the full moving-average stack is not clean yet.",watchlist,49.17,1.07,False,False,Advancing,Hold / Trend intact,1.42,1.01
2026-05-17,TBOTEK.NS,TBO Tek Limited,Consumer Cyclical,Consumer Cyclical,False,Cash,Stage 4,Stage 4 - Confirmed Downtrend,0.86,Price is below a bearish moving-average stack with falling trend signals.,watchlist,0.0,0.55,True,True,Weak Structure,Exit / Avoid,0.71,0.77
2026-05-17,TCI.NS,Transport Corporation of India Limited,Industrials,Industrials,False,Cash,Stage 4,Stage 4 - Confirmed Downtrend,0.86,Price is below a bearish moving-average stack with falling trend signals.,watchlist,1.14,0.57,True,True,Weak Structure,Exit / Avoid,0.3,0.72
2026-05-17,TCPLPACK.NS,TCPL Packaging Limited,Consumer Cyclical,Consumer Cyclical,False,Cash,Stage 4,Stage 4 - Weak/Declining,0.72,Price is below long-term support with weak trend evidence.,watchlist,1.8,0.72,True,True,Weak Structure,Exit / Avoid,1.18,0.55
2026-05-17,TCS.NS,Tata Consultancy Services Limited,Information Technology Services,Technology,True,F&O,Stage 4,Stage 4 - Confirmed Downtrend,0.86,Price is below a bearish moving-average stack with falling trend signals.,watchlist,1.8,0.99,False,False,Weak Structure,Exit / Avoid,0.82,1.15
2026-05-17,TDPOWERSYS.NS,TD Power Systems Limited,Specialty Industrial Machinery,Industrials,False,Cash,Stage 2,Extended Stage 2,0.78,"Advancing structure remains intact, but price is stretched versus key moving averages or far above the 52-week low.",watchlist,62.57,1.45,False,False,Advancing,Hold / Trend intact,6.53,2.47
2026-05-17,TECHM.NS,Tech Mahindra Limited,Information Technology Services,Technology,True,F&O,Stage 4,Stage 4 - Weak/Declining,0.72,Price is below long-term support with weak trend evidence.,watchlist,0.0,0.8,True,False,Weak Structure,Exit / Avoid,2.41,1.24
2026-05-17,TECHNOE.NS,Techno Electric & Engineering Company Limited,Engineering & Construction,Industrials,False,Cash,Stage 1,Stage 1 - Early Turn,0.66,The stock is improving from a repair/base area but has not confirmed a clean Stage 2 yet.,watchlist,31.33,0.82,True,True,Base Building,Watchlist / Early base,0.63,0.79
2026-05-17,TEGA.NS,Tega Industries Limited,Specialty Industrial Machinery,Industrials,False,Cash,Stage 4,Stage 4 - Confirmed Downtrend,0.86,Price is below a bearish moving-average stack with falling trend signals.,watchlist,18.37,0.37,True,True,Weak Structure,Exit / Avoid,0.48,0.39
2026-05-17,TEJASNET.NS,Tejas Networks Limited,Communication Equipment,Technology,False,Cash,Stage 4,Stage 4 - Weak/Declining,0.72,Price is below long-term support with weak trend evidence.,watchlist,31.92,0.9,False,True,Weak Structure,Exit / Avoid,0.24,0.42
2026-05-17,TEXRAIL.NS,Texmaco Rail & Engineering Limited,Industrials,Industrials,False,Cash,Stage 4,Stage 4 - Weak/Declining,0.72,Price is below long-term support with weak trend evidence.,watchlist,1.87,3.33,False,False,Weak Structure,Exit / Avoid,1.33,15.55
2026-05-17,TFCILTD.NS,Tourism Finance Corporation of India Limited,Credit Services,Financial Services,False,Cash,Stage 2,Clean Stage 2,0.9,"Price is above rising key averages, weekly structure is supportive, and the stock is near its 52-week high.",watchlist,62.45,1.12,False,False,Advancing,Hold / Trend intact,0.87,1.26
2026-05-17,THANGAMAYL.NS,Thangamayil Jewellery Limited,Luxury Goods,Consumer Cyclical,False,Cash,Stage 1,Stage 1 - Base/Repair,0.7,Price is near long-term moving averages with no strong long-term downtrend signal.,watchlist,5.43,1.64,False,False,Base Building,Watchlist / Early base,5.52,3.54
2026-05-17,THERMAX.NS,Thermax Limited,Conglomerates,Industrials,False,Cash,Stage 2,Extended Stage 2,0.78,"Advancing structure remains intact, but price is stretched versus key moving averages or far above the 52-week low.",watchlist,41.51,2.11,False,False,Advancing,Hold / Trend intact,0.32,1.43
2026-05-17,THOMASCOOK.NS,Thomas Cook  (India)  Limited,Consumer Cyclical,Consumer Cyclical,False,Cash,Stage 4,Stage 4 - Confirmed Downtrend,0.86,Price is below a bearish moving-average stack with falling trend signals.,watchlist,1.44,1.08,False,False,Weak Structure,Exit / Avoid,0.83,1.49
2026-05-17,THYROCARE.NS,Thyrocare Technologies Limited,Diagnostics & Research,Healthcare,False,Cash,Stage 2,Early Stage 2,0.72,"Price has moved above long-term structure, but the full moving-average stack is not clean yet.",watchlist,42.59,3.04,False,True,Advancing,Hold / Trend intact,0.36,0.85
2026-05-17,TI.NS,Tilaknagar Industries Limited,Consumer Defensive,Consumer Defensive,False,Cash,Stage 4,Stage 4 - Weak/Declining,0.72,Price is below long-term support with weak trend evidence.,watchlist,23.39,0.85,True,True,Weak Structure,Exit / Avoid,0.65,0.9
2026-05-17,TIIL.NS,Technocraft Industries (India) Limited,Tools & Accessories,Industrials,False,Cash,Stage 1,Stage 1 - Early Turn,0.66,The stock is improving from a repair/base area but has not confirmed a clean Stage 2 yet.,watchlist,25.43,0.59,True,True,Base Building,Watchlist / Early base,0.47,0.78
2026-05-17,TIINDIA.NS,Tube Investments of India Limited,Conglomerates,Industrials,True,F&O,Stage 2,Early Stage 2,0.72,"Price has moved above long-term structure, but the full moving-average stack is not clean yet.",watchlist,52.19,1.01,False,False,Advancing,Hold / Trend intact,1.59,1.62
2026-05-17,TIMETECHNO.NS,Time Technoplast Limited,Consumer Cyclical,Consumer Cyclical,False,Cash,Stage 4,Stage 4 - Weak/Declining,0.72,Price is below long-term support with weak trend evidence.,watchlist,0.0,0.98,False,True,Weak Structure,Exit / Avoid,0.9,0.89
2026-05-17,TIMKEN.NS,Timken India Limited,Tools & Accessories,Industrials,False,Cash,Stage 2,Clean Stage 2,0.9,"Price is above rising key averages, weekly structure is supportive, and the stock is near its 52-week high.",watchlist,40.23,1.05,False,False,Advancing,Hold / Trend intact,0.25,1.22
2026-05-17,TIPSMUSIC.NS,Tips Music Limited,Communication Services,Communication Services,False,Cash,Stage 2,Early Stage 2,0.72,"Price has moved above long-term structure, but the full moving-average stack is not clean yet.",watchlist,29.34,0.68,True,True,Advancing,Hold / Trend intact,0.82,0.7
2026-05-17,TIRUMALCHM.NS,Thirumalai Chemicals Limited,Specialty Chemicals,Basic Materials,False,Cash,Stage 4,Stage 4 - Weak/Declining,0.72,Price is below long-term support with weak trend evidence.,watchlist,26.7,0.81,True,True,Weak Structure,Exit / Avoid,1.25,0.59
2026-05-17,TITAGARH.NS,TITAGARH RAIL SYSTEMS LIMITED,Industrials,Industrials,False,Cash,Stage 4,Stage 4 - Weak/Declining,0.72,Price is below long-term support with weak trend evidence.,watchlist,1.8,1.59,False,True,Weak Structure,Exit / Avoid,0.16,0.43
2026-05-17,TITAN.NS,Titan Company Limited,Luxury Goods,Consumer Cyclical,True,F&O,Stage 2,Early Stage 2,0.72,"Price has moved above long-term structure, but the full moving-average stack is not clean yet.",watchlist,21.46,1.7,False,False,Advancing,Hold / Trend intact,0.59,2.46
2026-05-17,TMB.NS,Tamilnad Mercantile Bank Limited,Banks - Regional,Financial Services,False,Cash,Stage 2,Stage 2,0.76,Advancing structure detected.,watchlist,32.77,0.63,True,True,Advancing,Hold / Trend intact,0.19,0.6
2026-05-17,TORNTPHARM.NS,Torrent Pharmaceuticals Limited,Drug Manufacturers - Specialty & Generic,Healthcare,True,F&O,Stage 2,Clean Stage 2,0.9,"Price is above rising key averages, weekly structure is supportive, and the stock is near its 52-week high.",watchlist,44.71,0.77,True,False,Advancing,Hold / Trend intact,0.87,1.06
2026-05-17,TORNTPOWER.NS,Torrent Power Limited,Utilities,Utilities,False,Cash,Stage 2,Early Stage 2,0.72,"Price has moved above long-term structure, but the full moving-average stack is not clean yet.",watchlist,46.0,0.77,True,False,Advancing,Hold / Trend intact,0.45,1.13
2026-05-17,TRANSRAILL.NS,Transrail Lighting Limited,Engineering & Construction,Industrials,False,Cash,Stage 4,Stage 4 - Weak/Declining,0.72,Price is below long-term support with weak trend evidence.,watchlist,16.11,0.89,False,False,Weak Structure,Exit / Avoid,0.51,1.02
2026-05-17,TRENT.NS,Trent Limited,Consumer Cyclical,Consumer Cyclical,True,F&O,Stage 4,Stage 4 - Weak/Declining,0.72,Price is below long-term support with weak trend evidence.,watchlist,0.0,0.58,True,True,Weak Structure,Exit / Avoid,0.52,0.56
2026-05-17,TRITURBINE.NS,Triveni Turbine Limited,Specialty Industrial Machinery,Industrials,False,Cash,Stage 2,Extended Stage 2,0.78,"Advancing structure remains intact, but price is stretched versus key moving averages or far above the 52-week low.",watchlist,49.88,0.42,True,True,Advancing,Hold / Trend intact,0.87,0.47
2026-05-17,TRIVENI.NS,Triveni Engineering & Industries Limited,Consumer Defensive,Consumer Defensive,False,Cash,Stage 1,Stage 1 - Base/Repair,0.7,Price is near long-term moving averages with no strong long-term downtrend signal.,watchlist,10.93,0.36,True,True,Base Building,Watchlist / Early base,0.45,0.37
2026-05-17,TTKPRESTIG.NS,TTK Prestige Limited,"Furnishings, Fixtures & Appliances",Consumer Cyclical,False,Cash,Stage 4,Stage 4 - Weak/Declining,0.72,Price is below long-term support with weak trend evidence.,watchlist,0.72,2.35,False,False,Weak Structure,Exit / Avoid,0.25,8.41
2026-05-17,TTML.NS,Tata Teleservices (Maharashtra) Limited,Telecom Services,Communication Services,False,Cash,Stage 4,Stage 4 - Weak/Declining,0.72,Price is below long-term support with weak trend evidence.,watchlist,0.0,0.45,True,True,Weak Structure,Exit / Avoid,0.25,0.37
2026-05-17,TVSHLTD.NS,TVS Holdings Limited,Auto Parts,Consumer Cyclical,False,Cash,Stage 3,Stage 3 - Distribution/Damage,0.76,"Prior strength exists, but short-term and/or weekly structure is deteriorating.",watchlist,29.69,0.56,True,True,Transition,Reduce / Avoid fresh longs,0.33,0.67
2026-05-17,TVSMOTOR.NS,TVS Motor Company Limited,Auto Manufacturers,Consumer Cyclical,True,F&O,Stage 1,Stage 1 - Base/Repair,0.7,Price is near long-term moving averages with no strong long-term downtrend signal.,watchlist,7.77,0.98,False,False,Base Building,Watchlist / Early base,1.14,1.33
2026-05-17,TVSSRICHAK.NS,TVS Srichakra Limited,Auto Parts,Consumer Cyclical,False,Cash,Stage 1,Stage 1 - Base/Repair,0.7,Price is near long-term moving averages with no strong long-term downtrend signal.,watchlist,3.98,0.57,True,True,Base Building,Watchlist / Early base,1.32,0.72
2026-05-17,UBL.NS,United Breweries Limited,Consumer Defensive,Consumer Defensive,False,Cash,Stage 4,Stage 4 - Confirmed Downtrend,0.86,Price is below a bearish moving-average stack with falling trend signals.,watchlist,3.8,1.55,False,False,Weak Structure,Exit / Avoid,0.86,1.29
2026-05-17,UFLEX.NS,UFLEX Limited,Consumer Cyclical,Consumer Cyclical,False,Cash,Stage 4,Stage 4 - Confirmed Downtrend,0.86,Price is below a bearish moving-average stack with falling trend signals.,watchlist,0.0,0.53,True,True,Weak Structure,Exit / Avoid,0.7,0.65
2026-05-17,UJJIVANSFB.NS,Ujjivan Small Finance Bank Limited,Banks - Regional,Financial Services,False,Cash,Stage 3,Stage 3 - Distribution/Damage,0.76,"Prior strength exists, but short-term and/or weekly structure is deteriorating.",watchlist,28.26,1.34,False,False,Transition,Reduce / Avoid fresh longs,0.46,1.4
2026-05-17,ULTRACEMCO.NS,UltraTech Cement Limited,Building Materials,Basic Materials,True,F&O,Stage 4,Stage 4 - Confirmed Downtrend,0.86,Price is below a bearish moving-average stack with falling trend signals.,watchlist,1.86,0.84,True,True,Weak Structure,Exit / Avoid,0.83,0.87
2026-05-17,UNICHEMLAB.NS,Unichem Laboratories Limited,Drug Manufacturers - Specialty & Generic,Healthcare,False,Cash,Stage 4,Stage 4 - Weak/Declining,0.72,Price is below long-term support with weak trend evidence.,watchlist,13.42,0.44,True,True,Weak Structure,Exit / Avoid,0.35,0.44
2026-05-17,UNIMECH.NS,Unimech Aerospace and Manufacturing Limited,Aerospace & Defense,Industrials,False,Cash,Stage 4,Stage 4 - Weak/Declining,0.72,Price is below long-term support with weak trend evidence.,watchlist,5.0,0.39,True,True,Weak Structure,Exit / Avoid,0.16,0.33
2026-05-17,UNIONBANK.NS,Union Bank of India,Banks - Regional,Financial Services,True,F&O,Stage 3,Stage 3 - Distribution/Damage,0.76,"Prior strength exists, but short-term and/or weekly structure is deteriorating.",watchlist,2.44,0.69,True,True,Transition,Reduce / Avoid fresh longs,0.54,0.65
2026-05-17,UNITDSPR.NS,United Spirits Limited,Consumer Defensive,Consumer Defensive,True,F&O,Stage 4,Stage 4 - Weak/Declining,0.72,Price is below long-term support with weak trend evidence.,watchlist,8.58,0.93,False,False,Weak Structure,Exit / Avoid,3.01,1.01
2026-05-17,UNIVCABLES.NS,Universal Cables Limited,Electrical Equipment & Parts,Industrials,False,Cash,Stage 2,Extended Stage 2,0.78,"Advancing structure remains intact, but price is stretched versus key moving averages or far above the 52-week low.",watchlist,44.91,2.95,False,False,Advancing,Hold / Trend intact,0.21,1.09
2026-05-17,UNOMINDA.NS,UNO Minda Limited,Auto Parts,Consumer Cyclical,True,F&O,Stage 1,Stage 1 - Base/Repair,0.7,Price is near long-term moving averages with no strong long-term downtrend signal.,watchlist,6.59,0.86,False,True,Base Building,Watchlist / Early base,0.65,0.83
2026-05-17,UPL.NS,UPL Limited,Agricultural Inputs,Basic Materials,True,F&O,Stage 4,Stage 4 - Weak/Declining,0.72,Price is below long-term support with weak trend evidence.,watchlist,4.34,1.21,False,False,Weak Structure,Exit / Avoid,0.73,1.94
2026-05-17,USHAMART.NS,Usha Martin Limited,Steel,Basic Materials,False,Cash,Stage 2,Early Stage 2,0.72,"Price has moved above long-term structure, but the full moving-average stack is not clean yet.",watchlist,62.94,1.66,False,False,Advancing,Hold / Trend intact,0.57,1.7
2026-05-17,UTIAMC.NS,UTI Asset Management Company Limited,Asset Management,Financial Services,False,Cash,Stage 4,Stage 4 - Confirmed Downtrend,0.86,Price is below a bearish moving-average stack with falling trend signals.,watchlist,18.11,0.61,True,True,Weak Structure,Exit / Avoid,0.27,0.72
2026-05-17,V2RETAIL.NS,V2 Retail Limited,Consumer Cyclical,Consumer Cyclical,False,Cash,Stage 2,Early Stage 2,0.72,"Price has moved above long-term structure, but the full moving-average stack is not clean yet.",watchlist,52.28,1.49,False,False,Advancing,Hold / Trend intact,0.7,1.81
2026-05-17,VADILALIND.NS,Vadilal Industries Limited,Packaged Foods,Consumer Defensive,False,Cash,Stage 4,Stage 4 - Confirmed Downtrend,0.86,Price is below a bearish moving-average stack with falling trend signals.,watchlist,18.11,0.68,True,True,Weak Structure,Exit / Avoid,0.41,0.72
2026-05-17,VAIBHAVGBL.NS,Vaibhav Global Limited,Luxury Goods,Consumer Cyclical,False,Cash,Stage 4,Stage 4 - Weak/Declining,0.72,Price is below long-term support with weak trend evidence.,watchlist,2.79,0.78,True,True,Weak Structure,Exit / Avoid,0.82,0.79
2026-05-17,VARROC.NS,Varroc Engineering Limited,Auto Parts,Consumer Cyclical,False,Cash,Stage 4,Stage 4 - Weak/Declining,0.72,Price is below long-term support with weak trend evidence.,watchlist,25.8,0.67,True,True,Weak Structure,Exit / Avoid,0.36,0.57
2026-05-17,VBL.NS,Varun Beverages Limited,Consumer Defensive,Consumer Defensive,True,F&O,Stage 2,Early Stage 2,0.72,"Price has moved above long-term structure, but the full moving-average stack is not clean yet.",watchlist,30.74,0.54,True,True,Advancing,Hold / Trend intact,0.51,0.55
2026-05-17,VEDL.NS,Vedanta Limited,Basic Materials,Basic Materials,True,F&O,Stage 4,Stage 4 - Weak/Declining,0.72,Price is below long-term support with weak trend evidence.,watchlist,5.0,2.24,False,False,Weak Structure,Exit / Avoid,1.68,2.6
2026-05-17,VEEDOL.NS,Veedol Corporation Limited,Specialty Chemicals,Basic Materials,False,Cash,Stage 4,Stage 4 - Weak/Declining,0.72,Price is below long-term support with weak trend evidence.,watchlist,10.72,0.96,False,True,Weak Structure,Exit / Avoid,0.42,0.84
2026-05-17,VENTIVE.NS,Ventive Hospitality Limited,Lodging,Consumer Cyclical,False,Cash,Stage 4,Stage 4 - Weak/Declining,0.72,Price is below long-term support with weak trend evidence.,watchlist,0.0,1.35,False,False,Weak Structure,Exit / Avoid,0.37,1.98
2026-05-17,VENUSPIPES.NS,Venus Pipes & Tubes Limited,Steel,Basic Materials,False,Cash,Stage 2,Early Stage 2,0.72,"Price has moved above long-term structure, but the full moving-average stack is not clean yet.",watchlist,45.94,0.57,True,True,Advancing,Hold / Trend intact,0.2,0.6
2026-05-17,VESUVIUS.NS,Vesuvius India Limited,Specialty Industrial Machinery,Industrials,False,Cash,Stage 4,Stage 4 - Weak/Declining,0.72,Price is below long-term support with weak trend evidence.,watchlist,12.74,1.07,False,True,Weak Structure,Exit / Avoid,0.27,0.78
2026-05-17,VGUARD.NS,V-Guard Industries Limited,Electrical Equipment & Parts,Industrials,False,Cash,Stage 4,Stage 4 - Weak/Declining,0.72,Price is below long-term support with weak trend evidence.,watchlist,15.68,1.63,False,False,Weak Structure,Exit / Avoid,1.73,2.97
2026-05-17,VIJAYA.NS,Vijaya Diagnostic Centre Limited,Diagnostics & Research,Healthcare,False,Cash,Stage 2,Extended Stage 2,0.78,"Advancing structure remains intact, but price is stretched versus key moving averages or far above the 52-week low.",watchlist,37.72,2.45,False,False,Advancing,Hold / Trend intact,1.35,3.73
2026-05-17,VINATIORGA.NS,Vinati Organics Limited,Specialty Chemicals,Basic Materials,False,Cash,Stage 4,Stage 4 - Confirmed Downtrend,0.86,Price is below a bearish moving-average stack with falling trend signals.,watchlist,9.1,1.07,False,False,Weak Structure,Exit / Avoid,0.43,1.49
2026-05-17,VIPIND.NS,VIP Industries Limited,Consumer Cyclical,Consumer Cyclical,False,Cash,Stage 4,Stage 4 - Confirmed Downtrend,0.86,Price is below a bearish moving-average stack with falling trend signals.,watchlist,16.11,2.11,False,False,Weak Structure,Exit / Avoid,1.45,1.39
2026-05-17,VISHNU.NS,Vishnu Chemicals Limited,Specialty Chemicals,Basic Materials,False,Cash,Stage 2,Clean Stage 2,0.9,"Price is above rising key averages, weekly structure is supportive, and the stock is near its 52-week high.",watchlist,58.33,1.03,False,False,Advancing,Hold / Trend intact,0.49,0.93
2026-05-17,VMART.NS,V-Mart Retail Limited,Consumer Cyclical,Consumer Cyclical,False,Cash,Stage 4,Stage 4 - Weak/Declining,0.72,Price is below long-term support with weak trend evidence.,watchlist,26.42,0.22,True,True,Weak Structure,Exit / Avoid,0.03,0.14
2026-05-17,VMM.NS,Vishal Mega Mart Limited,Consumer Cyclical,Consumer Cyclical,True,F&O,Stage 4,Stage 4 - Weak/Declining,0.72,Price is below long-term support with weak trend evidence.,watchlist,0.0,0.69,True,False,Weak Structure,Exit / Avoid,1.17,1.15
2026-05-17,VOLTAMP.NS,Voltamp Transformers Limited,Electrical Equipment & Parts,Industrials,False,Cash,Stage 2,Early Stage 2,0.72,"Price has moved above long-term structure, but the full moving-average stack is not clean yet.",watchlist,48.81,2.23,False,False,Advancing,Hold / Trend intact,0.53,0.94
2026-05-17,VOLTAS.NS,Voltas Limited,"Furnishings, Fixtures & Appliances",Consumer Cyclical,True,F&O,Stage 4,Stage 4 - Weak/Declining,0.72,Price is below long-term support with weak trend evidence.,watchlist,0.0,0.97,False,False,Weak Structure,Exit / Avoid,1.84,1.15
2026-05-17,VRLLOG.NS,VRL Logistics Limited,Industrials,Industrials,False,Cash,Stage 4,Stage 4 - Confirmed Downtrend,0.86,Price is below a bearish moving-average stack with falling trend signals.,watchlist,0.0,0.73,True,False,Weak Structure,Exit / Avoid,0.65,1.0
2026-05-17,VSSL.NS,Vardhman Special Steels Limited,Steel,Basic Materials,False,Cash,Stage 2,Early Stage 2,0.72,"Price has moved above long-term structure, but the full moving-average stack is not clean yet.",watchlist,32.54,0.43,True,True,Advancing,Hold / Trend intact,0.27,0.44
2026-05-17,VSTIND.NS,VST Industries Limited,Consumer Defensive,Consumer Defensive,False,Cash,Stage 1,Stage 1 - Early Turn,0.66,The stock is improving from a repair/base area but has not confirmed a clean Stage 2 yet.,watchlist,18.37,0.5,True,True,Base Building,Watchlist / Early base,0.45,0.47
2026-05-17,VSTTILLERS.NS,V.S.T Tillers Tractors Limited,Farm & Heavy Construction Machinery,Industrials,False,Cash,Stage 4,Stage 4 - Weak/Declining,0.72,Price is below long-term support with weak trend evidence.,watchlist,0.0,0.78,True,False,Weak Structure,Exit / Avoid,2.83,1.08
2026-05-17,VTL.NS,Vardhman Textiles Limited,Textile Manufacturing,Consumer Cyclical,False,Cash,Stage 2,Clean Stage 2,0.9,"Price is above rising key averages, weekly structure is supportive, and the stock is near its 52-week high.",watchlist,38.55,0.97,False,False,Advancing,Hold / Trend intact,0.47,0.98
2026-05-17,WAAREEENER.NS,Waaree Energies Limited,Solar,Technology,True,F&O,Stage 1,Stage 1 - Base/Repair,0.7,Price is near long-term moving averages with no strong long-term downtrend signal.,watchlist,24.48,0.58,True,True,Base Building,Watchlist / Early base,0.34,0.49
2026-05-17,WABAG.NS,VA Tech Wabag Limited,Engineering & Construction,Industrials,False,Cash,Stage 2,Early Stage 2,0.72,"Price has moved above long-term structure, but the full moving-average stack is not clean yet.",watchlist,51.28,0.48,True,True,Advancing,Hold / Trend intact,0.62,0.58
2026-05-17,WEBELSOLAR.NS,Websol Energy System Limited,Solar,Technology,False,Cash,Stage 1,Stage 1 - Early Turn,0.66,The stock is improving from a repair/base area but has not confirmed a clean Stage 2 yet.,watchlist,18.77,0.56,True,True,Base Building,Watchlist / Early base,0.41,0.4
2026-05-17,WELCORP.NS,Welspun Corp Limited,Steel,Basic Materials,False,Cash,Stage 2,Extended Stage 2,0.78,"Advancing structure remains intact, but price is stretched versus key moving averages or far above the 52-week low.",watchlist,59.99,0.88,False,False,Advancing,Hold / Trend intact,0.9,1.1
2026-05-17,WELENT.NS,Welspun Enterprises Limited,Engineering & Construction,Industrials,False,Cash,Stage 1,Stage 1 - Early Turn,0.66,The stock is improving from a repair/base area but has not confirmed a clean Stage 2 yet.,watchlist,13.01,1.3,False,False,Base Building,Watchlist / Early base,1.1,1.01
2026-05-17,WELSPUNLIV.NS,Welspun Living Limited,Textile Manufacturing,Consumer Cyclical,False,Cash,Stage 3,Stage 3 - Transition,0.62,"The structure is transitioning after prior strength, but it is not yet a confirmed Stage 4 decline.",watchlist,40.19,1.64,False,False,Transition,Reduce / Avoid fresh longs,7.11,2.62
2026-05-17,WESTLIFE.NS,WESTLIFE FOODWORLD LIMITED,Consumer Cyclical,Consumer Cyclical,False,Cash,Stage 4,Stage 4 - Weak/Declining,0.72,Price is below long-term support with weak trend evidence.,watchlist,2.88,1.12,False,False,Weak Structure,Exit / Avoid,0.36,1.02
2026-05-17,WHEELS.NS,Wheels India Limited,Auto Parts,Consumer Cyclical,False,Cash,Stage 2,Extended Stage 2,0.78,"Advancing structure remains intact, but price is stretched versus key moving averages or far above the 52-week low.",watchlist,53.59,1.1,False,False,Advancing,Hold / Trend intact,3.65,1.41
2026-05-17,WHIRLPOOL.NS,Whirlpool of India Limited,"Furnishings, Fixtures & Appliances",Consumer Cyclical,False,Cash,Stage 4,Stage 4 - Weak/Declining,0.72,Price is below long-term support with weak trend evidence.,watchlist,21.81,0.76,True,True,Weak Structure,Exit / Avoid,0.5,0.8
2026-05-17,WINDMACHIN.NS,Windsor Machines Limited,Specialty Industrial Machinery,Industrials,False,Cash,Stage 1,Stage 1 - Early Turn,0.66,The stock is improving from a repair/base area but has not confirmed a clean Stage 2 yet.,watchlist,32.87,1.1,False,True,Base Building,Watchlist / Early base,0.3,0.74
2026-05-17,WIPRO.NS,Wipro Limited,Information Technology Services,Technology,True,F&O,Stage 4,Stage 4 - Confirmed Downtrend,0.86,Price is below a bearish moving-average stack with falling trend signals.,watchlist,8.25,0.74,True,False,Weak Structure,Exit / Avoid,0.77,0.93
2026-05-17,WOCKPHARMA.NS,Wockhardt Limited,Drug Manufacturers - Specialty & Generic,Healthcare,False,Cash,Stage 2,Early Stage 2,0.72,"Price has moved above long-term structure, but the full moving-average stack is not clean yet.",watchlist,31.56,3.34,False,False,Advancing,Hold / Trend intact,0.49,0.92
2026-05-17,WONDERLA.NS,Wonderla Holidays Limited,Consumer Cyclical,Consumer Cyclical,False,Cash,Stage 4,Stage 4 - Weak/Declining,0.72,Price is below long-term support with weak trend evidence.,watchlist,18.91,2.34,False,False,Weak Structure,Exit / Avoid,0.61,1.16
2026-05-17,WSTCSTPAPR.NS,West Coast Paper Mills Limited,Basic Materials,Basic Materials,False,Cash,Stage 1,Stage 1 - Early Turn,0.66,The stock is improving from a repair/base area but has not confirmed a clean Stage 2 yet.,watchlist,6.48,1.61,False,False,Base Building,Watchlist / Early base,0.44,1.21
2026-05-17,XPROINDIA.NS,Xpro India Limited,Specialty Chemicals,Basic Materials,False,Cash,Stage 1,Stage 1 - Early Turn,0.66,The stock is improving from a repair/base area but has not confirmed a clean Stage 2 yet.,watchlist,29.04,0.86,False,True,Base Building,Watchlist / Early base,0.33,0.29
2026-05-17,YATHARTH.NS,Yatharth Hospital & Trauma Care Services Limited,Medical Care Facilities,Healthcare,False,Cash,Stage 2,Early Stage 2,0.72,"Price has moved above long-term structure, but the full moving-average stack is not clean yet.",watchlist,58.65,1.18,False,False,Advancing,Hold / Trend intact,0.53,1.26
2026-05-17,ZAGGLE.NS,Zaggle Prepaid Ocean Services Limited,Software - Infrastructure,Technology,False,Cash,Stage 4,Stage 4 - Confirmed Downtrend,0.86,Price is below a bearish moving-average stack with falling trend signals.,watchlist,1.8,1.4,False,False,Weak Structure,Exit / Avoid,3.11,3.32
2026-05-17,ZEEL.NS,Zee Entertainment Enterprises Limited,Communication Services,Communication Services,False,Cash,Stage 4,Stage 4 - Weak/Declining,0.72,Price is below long-term support with weak trend evidence.,watchlist,0.0,0.92,False,False,Weak Structure,Exit / Avoid,0.4,0.95
2026-05-17,ZENSARTECH.NS,Zensar Technologies Limited,Information Technology Services,Technology,False,Cash,Stage 4,Stage 4 - Confirmed Downtrend,0.86,Price is below a bearish moving-average stack with falling trend signals.,watchlist,19.17,1.15,False,False,Weak Structure,Exit / Avoid,0.75,1.4
2026-05-17,ZENTEC.NS,Zen Technologies Limited,Aerospace & Defense,Industrials,False,Cash,Stage 1,Stage 1 - Early Turn,0.66,The stock is improving from a repair/base area but has not confirmed a clean Stage 2 yet.,watchlist,26.29,1.01,False,True,Base Building,Watchlist / Early base,0.31,0.64
2026-05-17,ZFCVINDIA.NS,ZF Commercial Vehicle Control Systems India Limited,Auto Parts,Consumer Cyclical,False,Cash,Stage 2,Stage 2,0.76,Advancing structure detected.,watchlist,23.43,1.18,False,False,Advancing,Hold / Trend intact,0.85,2.36
2026-05-17,ZOTA.NS,Zota Health Care LImited,Biotechnology,Healthcare,False,Cash,Stage 4,Stage 4 - Weak/Declining,0.72,Price is below long-term support with weak trend evidence.,watchlist,18.35,0.7,True,True,Weak Structure,Exit / Avoid,0.45,0.66
2026-05-17,ZYDUSLIFE.NS,Zydus Lifesciences Limited,Drug Manufacturers - Specialty & Generic,Healthcare,True,F&O,Stage 1,Stage 1 - Early Turn,0.66,The stock is improving from a repair/base area but has not confirmed a clean Stage 2 yet.,watchlist,23.69,1.57,False,False,Base Building,Watchlist / Early base,2.36,2.94
2026-05-17,ZYDUSWELL.NS,Zydus Wellness Limited,Packaged Foods,Consumer Defensive,False,Cash,Stage 2,Clean Stage 2,0.9,"Price is above rising key averages, weekly structure is supportive, and the stock is near its 52-week high.",watchlist,35.15,0.17,True,True,Advancing,Hold / Trend intact,0.11,0.24
2026-05-18,360ONE.NS,360 ONE WAM LIMITED,Asset Management,Financial Services,True,F&O,Stage 4,Stage 4 - Weak/Declining,0.72,Price is below long-term support with weak trend evidence.,watchlist,8.69,0.81,True,True,Weak Structure,Exit / Avoid,0.03,0.49
2026-05-18,3MINDIA.NS,3M India Limited,Conglomerates,Industrials,False,Cash,Stage 1,Stage 1 - Unclear/Repair,0.58,Not enough evidence for Stage 2 or Stage 4; classified as repair/unclear structure.,watchlist,3.98,0.42,True,True,Base Building,Watchlist / Early base,0.12,0.32
2026-05-18,63MOONS.NS,63 moons technologies limited,Software - Application,Technology,False,Cash,Stage 4,Stage 4 - Weak/Declining,0.72,Price is below long-term support with weak trend evidence.,watchlist,22.82,0.29,True,True,Weak Structure,Exit / Avoid,0.06,0.28
2026-05-18,AADHARHFC.NS,Aadhar Housing Finance Limited,Mortgage Finance,Financial Services,False,Cash,Stage 1,Stage 1 - Base/Repair,0.7,Price is near long-term moving averages with no strong long-term downtrend signal.,watchlist,19.16,1.09,False,True,Base Building,Watchlist / Early base,0.12,0.71
2026-05-18,AARTIDRUGS.NS,Aarti Drugs Limited,Drug Manufacturers - Specialty & Generic,Healthcare,False,Cash,Stage 4,Stage 4 - Weak/Declining,0.72,Price is below long-term support with weak trend evidence.,watchlist,30.62,1.02,False,False,Weak Structure,Exit / Avoid,0.41,1.07
2026-05-18,AARTIIND.NS,Aarti Industries Limited,Specialty Chemicals,Basic Materials,False,Cash,Stage 2,Messy Stage 2,0.64,"Long-term structure is still constructive, but the short-term/weekly structure is not clean.",watchlist,34.25,1.18,False,True,Advancing,Hold / Trend intact,0.23,0.52
2026-05-18,AARTIPHARM.NS,Aarti Pharmalabs Limited,Drug Manufacturers - Specialty & Generic,Healthcare,False,Cash,Stage 4,Stage 4 - Weak/Declining,0.72,Price is below long-term support with weak trend evidence.,watchlist,11.9,0.89,False,True,Weak Structure,Exit / Avoid,0.16,0.61
2026-05-18,AAVAS.NS,Aavas Financiers Limited,Mortgage Finance,Financial Services,False,Cash,Stage 4,Stage 4 - Weak/Declining,0.72,Price is below long-term support with weak trend evidence.,watchlist,18.11,0.48,True,True,Weak Structure,Exit / Avoid,0.08,0.19
2026-05-18,ABB.NS,ABB India Limited,Specialty Industrial Machinery,Industrials,True,F&O,Stage 2,Early Stage 2,0.72,"Price has moved above long-term structure, but the full moving-average stack is not clean yet.",watchlist,29.07,1.28,False,False,Advancing,Hold / Trend intact,0.12,0.91
2026-05-18,ABBOTINDIA.NS,Abbott India Limited,Drug Manufacturers - Specialty & Generic,Healthcare,False,Cash,Stage 4,Stage 4 - Weak/Declining,0.72,Price is below long-term support with weak trend evidence.,watchlist,20.72,1.3,False,False,Weak Structure,Exit / Avoid,0.32,1.04
2026-05-18,ABCAPITAL.NS,Aditya Birla Capital Limited,Financial Services,Financial Services,True,F&O,Stage 1,Stage 1 - Early Turn,0.66,The stock is improving from a repair/base area but has not confirmed a clean Stage 2 yet.,watchlist,14.35,1.11,False,True,Base Building,Watchlist / Early base,0.11,0.68
2026-05-18,ABDL.NS,Allied Blenders and Distillers Limited,Consumer Defensive,Consumer Defensive,False,Cash,Stage 1,Stage 1 - Base/Repair,0.7,Price is near long-term moving averages with no strong long-term downtrend signal.,watchlist,13.04,0.75,True,True,Base Building,Watchlist / Early base,0.3,0.79
2026-05-18,ABFRL.NS,Aditya Birla Fashion and Retail Limited,Apparel Manufacturing,Consumer Cyclical,False,Cash,Stage 4,Stage 4 - Confirmed Downtrend,0.86,Price is below a bearish moving-average stack with falling trend signals.,watchlist,5.73,0.78,True,True,Weak Structure,Exit / Avoid,0.15,0.35
2026-05-18,ABREL.NS,Aditya Birla Real Estate Limited,Real Estate Services,Real Estate,False,Cash,Stage 4,Stage 4 - Weak/Declining,0.72,Price is below long-term support with weak trend evidence.,watchlist,5.9,1.17,False,True,Weak Structure,Exit / Avoid,0.1,0.84
2026-05-18,ABSLAMC.NS,Aditya Birla Sun Life AMC Limited,Asset Management,Financial Services,False,Cash,Stage 2,Messy Stage 2,0.64,"Long-term structure is still constructive, but the short-term/weekly structure is not clean.",watchlist,66.29,0.8,True,True,Advancing,Hold / Trend intact,0.2,0.51
2026-05-18,ACC.NS,ACC Limited,Building Materials,Basic Materials,False,Cash,Stage 4,Stage 4 - Confirmed Downtrend,0.86,Price is below a bearish moving-average stack with falling trend signals.,watchlist,1.8,1.14,False,True,Weak Structure,Exit / Avoid,0.26,0.68
2026-05-18,ACE.NS,Action Construction Equipment Limited,Farm & Heavy Construction Machinery,Industrials,False,Cash,Stage 4,Stage 4 - Weak/Declining,0.72,Price is below long-term support with weak trend evidence.,watchlist,20.76,1.94,False,True,Weak Structure,Exit / Avoid,0.17,0.74
2026-05-18,ACI.NS,Archean Chemical Industries Limited,Chemicals,Basic Materials,False,Cash,Stage 4,Stage 4 - Weak/Declining,0.72,Price is below long-term support with weak trend evidence.,watchlist,22.16,1.24,False,False,Weak Structure,Exit / Avoid,0.3,1.66
2026-05-18,ACMESOLAR.NS,Acme Solar Holdings Limited,Utilities - Renewable,Utilities,False,Cash,Stage 2,Early Stage 2,0.72,"Price has moved above long-term structure, but the full moving-average stack is not clean yet.",watchlist,53.21,0.79,True,True,Advancing,Hold / Trend intact,0.09,0.38
2026-05-18,ADANIENSOL.NS,Adani Energy Solutions Limited,Utilities,Utilities,True,F&O,Stage 2,Stage 2,0.76,Advancing structure detected.,watchlist,70.4,1.22,False,False,Advancing,Hold / Trend intact,0.09,1.23
2026-05-18,ADANIENT.NS,Adani Enterprises Limited,Energy,Energy,True,F&O,Stage 1,Stage 1 - Early Turn,0.66,The stock is improving from a repair/base area but has not confirmed a clean Stage 2 yet.,watchlist,17.88,1.13,False,False,Base Building,Watchlist / Early base,0.22,1.66
2026-05-18,ADANIGREEN.NS,Adani Green Energy Limited,Utilities - Renewable,Utilities,True,F&O,Stage 2,Extended Stage 2,0.78,"Advancing structure remains intact, but price is stretched versus key moving averages or far above the 52-week low.",watchlist,66.22,0.9,False,False,Advancing,Hold / Trend intact,0.16,1.14
2026-05-18,ADANIPORTS.NS,Adani Ports and Special Economic Zone Limited,Marine Shipping,Industrials,True,F&O,Stage 2,Clean Stage 2,0.9,"Price is above rising key averages, weekly structure is supportive, and the stock is near its 52-week high.",watchlist,43.17,1.03,False,False,Advancing,Hold / Trend intact,0.12,0.96
2026-05-18,ADANIPOWER.NS,Adani Power Limited,Utilities,Utilities,True,F&O,Stage 2,Extended Stage 2,0.78,"Advancing structure remains intact, but price is stretched versus key moving averages or far above the 52-week low.",watchlist,72.03,0.83,True,True,Advancing,Hold / Trend intact,0.17,0.9
2026-05-18,ADFFOODS.NS,ADF Foods Limited,Packaged Foods,Consumer Defensive,False,Cash,Stage 2,Extended Stage 2,0.78,"Advancing structure remains intact, but price is stretched versus key moving averages or far above the 52-week low.",watchlist,26.61,0.92,False,False,Advancing,Hold / Trend intact,0.25,1.23
2026-05-18,ADVENZYMES.NS,Advanced Enzyme Technologies Limited,Specialty Chemicals,Basic Materials,False,Cash,Stage 2,Early Stage 2,0.72,"Price has moved above long-term structure, but the full moving-average stack is not clean yet.",watchlist,25.11,2.72,False,True,Advancing,Hold / Trend intact,0.12,0.82
2026-05-18,AEGISLOG.NS,Aegis Logistics Limited,Oil & Gas Refining & Marketing,Energy,False,Cash,Stage 4,Stage 4 - Weak/Declining,0.72,Price is below long-term support with weak trend evidence.,watchlist,0.0,0.54,True,True,Weak Structure,Exit / Avoid,0.24,0.48
2026-05-18,AEROFLEX.NS,Aeroflex Industries Limited,Metal Fabrication,Industrials,False,Cash,Stage 2,Extended Stage 2,0.78,"Advancing structure remains intact, but price is stretched versus key moving averages or far above the 52-week low.",watchlist,28.1,2.09,False,True,Advancing,Hold / Trend intact,0.11,0.79
2026-05-18,AETHER.NS,Aether Industries Limited,Specialty Chemicals,Basic Materials,False,Cash,Stage 2,Early Stage 2,0.72,"Price has moved above long-term structure, but the full moving-average stack is not clean yet.",watchlist,44.58,0.77,True,True,Advancing,Hold / Trend intact,1.27,0.78
2026-05-18,AFCONS.NS,Afcons Infrastructure Limited,Engineering & Construction,Industrials,False,Cash,Stage 4,Stage 4 - Weak/Declining,0.72,Price is below long-term support with weak trend evidence.,watchlist,1.8,1.13,False,False,Weak Structure,Exit / Avoid,0.13,1.76
2026-05-18,AFFLE.NS,Affle 3i Limited,Communication Services,Communication Services,False,Cash,Stage 4,Stage 4 - Weak/Declining,0.72,Price is below long-term support with weak trend evidence.,watchlist,7.79,2.47,False,True,Weak Structure,Exit / Avoid,0.07,0.76
2026-05-18,AGARWALEYE.NS,Dr. Agarwal's Health Care Limited,Healthcare,Healthcare,False,Cash,Stage 1,Stage 1 - Unclear/Repair,0.58,Not enough evidence for Stage 2 or Stage 4; classified as repair/unclear structure.,watchlist,13.82,0.45,True,True,Base Building,Watchlist / Early base,0.06,0.32
2026-05-18,AGI.NS,AGI Greenpac Limited,Consumer Cyclical,Consumer Cyclical,False,Cash,Stage 4,Stage 4 - Weak/Declining,0.72,Price is below long-term support with weak trend evidence.,watchlist,1.44,0.35,True,True,Weak Structure,Exit / Avoid,0.04,0.34
2026-05-18,AGIIL.NS,Agi Infra Limited,Real Estate,Real Estate,False,Cash,Stage 2,Extended Stage 2,0.78,"Advancing structure remains intact, but price is stretched versus key moving averages or far above the 52-week low.",watchlist,45.93,0.67,True,True,Advancing,Hold / Trend intact,0.27,0.54
2026-05-18,AHLUCONT.NS,Ahluwalia Contracts (India) Limited,Engineering & Construction,Industrials,False,Cash,Stage 4,Stage 4 - Weak/Declining,0.72,Price is below long-term support with weak trend evidence.,watchlist,0.0,0.53,True,True,Weak Structure,Exit / Avoid,0.21,0.37
2026-05-18,AIAENG.NS,AIA Engineering Limited,Specialty Industrial Machinery,Industrials,False,Cash,Stage 2,Stage 2,0.76,Advancing structure detected.,watchlist,36.26,0.3,True,True,Advancing,Hold / Trend intact,0.06,0.28
2026-05-18,AIIL.NS,Authum Investment & Infrastructure Limited,Capital Markets,Financial Services,False,Cash,Stage 4,Stage 4 - Weak/Declining,0.72,Price is below long-term support with weak trend evidence.,watchlist,6.92,0.44,True,True,Weak Structure,Exit / Avoid,0.1,0.38
2026-05-18,AJANTPHARM.NS,Ajanta Pharma Limited,Drug Manufacturers - Specialty & Generic,Healthcare,False,Cash,Stage 2,Stage 2,0.76,Advancing structure detected.,watchlist,39.86,1.69,False,False,Advancing,Hold / Trend intact,0.21,1.63
2026-05-18,AJAXENGG.NS,Ajax Engineering Limited,Farm & Heavy Construction Machinery,Industrials,False,Cash,Stage 4,Stage 4 - Weak/Declining,0.72,Price is below long-term support with weak trend evidence.,watchlist,6.02,0.61,True,True,Weak Structure,Exit / Avoid,0.11,0.85
2026-05-18,AKUMS.NS,Akums Drugs and Pharmaceuticals Limited,Drug Manufacturers - Specialty & Generic,Healthcare,False,Cash,Stage 2,Early Stage 2,0.72,"Price has moved above long-term structure, but the full moving-average stack is not clean yet.",watchlist,62.15,1.38,False,False,Advancing,Hold / Trend intact,0.46,2.16
2026-05-18,ALIVUS.NS,Alivus Life Sciences Limited,Drug Manufacturers - Specialty & Generic,Healthcare,False,Cash,Stage 2,Early Stage 2,0.72,"Price has moved above long-term structure, but the full moving-average stack is not clean yet.",watchlist,50.86,1.05,False,True,Advancing,Hold / Trend intact,0.08,0.89
2026-05-18,ALKEM.NS,Alkem Laboratories Limited,Drug Manufacturers - Specialty & Generic,Healthcare,True,F&O,Stage 1,Stage 1 - Base/Repair,0.7,Price is near long-term moving averages with no strong long-term downtrend signal.,watchlist,15.95,0.56,True,True,Base Building,Watchlist / Early base,0.08,0.43
2026-05-18,ALKYLAMINE.NS,Alkyl Amines Chemicals Limited,Specialty Chemicals,Basic Materials,False,Cash,Stage 1,Stage 1 - Early Turn,0.66,The stock is improving from a repair/base area but has not confirmed a clean Stage 2 yet.,watchlist,8.86,2.72,False,False,Base Building,Watchlist / Early base,0.19,4.54
2026-05-18,AMBER.NS,Amber Enterprises India Limited,"Furnishings, Fixtures & Appliances",Consumer Cyclical,True,F&O,Stage 2,Early Stage 2,0.72,"Price has moved above long-term structure, but the full moving-average stack is not clean yet.",watchlist,33.3,1.06,False,False,Advancing,Hold / Trend intact,1.19,1.03
2026-05-18,AMBUJACEM.NS,Ambuja Cements Limited,Building Materials,Basic Materials,True,F&O,Stage 4,Stage 4 - Confirmed Downtrend,0.86,Price is below a bearish moving-average stack with falling trend signals.,watchlist,1.44,1.15,False,True,Weak Structure,Exit / Avoid,0.1,0.79
2026-05-18,ANANDRATHI.NS,Anand Rathi Wealth Limited,Asset Management,Financial Services,False,Cash,Stage 2,Clean Stage 2,0.9,"Price is above rising key averages, weekly structure is supportive, and the stock is near its 52-week high.",watchlist,53.82,1.01,False,False,Advancing,Hold / Trend intact,0.09,1.13
2026-05-18,ANANTRAJ.NS,Anant Raj Limited,Real Estate,Real Estate,False,Cash,Stage 4,Stage 4 - Confirmed Downtrend,0.86,Price is below a bearish moving-average stack with falling trend signals.,watchlist,0.0,1.22,False,False,Weak Structure,Exit / Avoid,0.26,0.92
2026-05-18,ANGELONE.NS,Angel One Limited,Capital Markets,Financial Services,True,F&O,Stage 2,Clean Stage 2,0.9,"Price is above rising key averages, weekly structure is supportive, and the stock is near its 52-week high.",watchlist,31.39,0.61,True,True,Advancing,Hold / Trend intact,0.14,0.58
2026-05-18,ANUP.NS,The Anup Engineering Limited,Specialty Industrial Machinery,Industrials,False,Cash,Stage 4,Stage 4 - Weak/Declining,0.72,Price is below long-term support with weak trend evidence.,watchlist,10.0,0.55,True,True,Weak Structure,Exit / Avoid,0.11,0.55
2026-05-18,ANURAS.NS,Anupam Rasayan India Limited,Specialty Chemicals,Basic Materials,False,Cash,Stage 2,Clean Stage 2,0.9,"Price is above rising key averages, weekly structure is supportive, and the stock is near its 52-week high.",watchlist,47.08,1.47,False,False,Advancing,Hold / Trend intact,0.15,1.21
2026-05-18,APARINDS.NS,Apar Industries Limited,Electrical Equipment & Parts,Industrials,False,Cash,Stage 2,Clean Stage 2,0.9,"Price is above rising key averages, weekly structure is supportive, and the stock is near its 52-week high.",watchlist,54.79,0.68,True,True,Advancing,Hold / Trend intact,0.17,0.55
2026-05-18,APCOTEXIND.NS,Apcotex Industries Limited,Specialty Chemicals,Basic Materials,False,Cash,Stage 2,Extended Stage 2,0.78,"Advancing structure remains intact, but price is stretched versus key moving averages or far above the 52-week low.",watchlist,39.36,3.41,False,True,Advancing,Hold / Trend intact,0.1,0.71
2026-05-18,APLAPOLLO.NS,APL Apollo Tubes Limited,Steel,Basic Materials,True,F&O,Stage 4,Stage 4,0.66,Declining structure detected.,watchlist,14.28,0.94,False,True,Weak Structure,Exit / Avoid,0.07,0.45
2026-05-18,APLLTD.NS,Alembic Pharmaceuticals Limited,Drug Manufacturers - Specialty & Generic,Healthcare,False,Cash,Stage 4,Stage 4 - Weak/Declining,0.72,Price is below long-term support with weak trend evidence.,watchlist,30.62,1.72,False,False,Weak Structure,Exit / Avoid,0.5,1.25
2026-05-18,APOLLO.NS,Apollo Micro Systems Limited,Aerospace & Defense,Industrials,False,Cash,Stage 2,Early Stage 2,0.72,"Price has moved above long-term structure, but the full moving-average stack is not clean yet.",watchlist,40.88,0.83,True,True,Advancing,Hold / Trend intact,0.15,0.6
2026-05-18,APOLLOHOSP.NS,Apollo Hospitals Enterprise Limited,Medical Care Facilities,Healthcare,True,F&O,Stage 2,Early Stage 2,0.72,"Price has moved above long-term structure, but the full moving-average stack is not clean yet.",watchlist,57.23,0.97,False,True,Advancing,Hold / Trend intact,0.09,0.78
2026-05-18,APOLLOTYRE.NS,Apollo Tyres Limited,Auto Parts,Consumer Cyclical,False,Cash,Stage 4,Stage 4 - Weak/Declining,0.72,Price is below long-term support with weak trend evidence.,watchlist,2.9,1.86,False,False,Weak Structure,Exit / Avoid,0.42,2.27
2026-05-18,APTUS.NS,Aptus Value Housing Finance India Limited,Mortgage Finance,Financial Services,False,Cash,Stage 4,Stage 4 - Weak/Declining,0.72,Price is below long-term support with weak trend evidence.,watchlist,2.25,1.29,False,True,Weak Structure,Exit / Avoid,0.1,0.43
2026-05-18,ARE&M.NS,Amara Raja Energy & Mobility Limited,Electrical Equipment & Parts,Industrials,False,Cash,Stage 4,Stage 4 - Weak/Declining,0.72,Price is below long-term support with weak trend evidence.,watchlist,10.0,0.29,True,True,Weak Structure,Exit / Avoid,0.05,0.22
2026-05-18,ARVIND.NS,Arvind Limited,Textile Manufacturing,Consumer Cyclical,False,Cash,Stage 2,Extended Stage 2,0.78,"Advancing structure remains intact, but price is stretched versus key moving averages or far above the 52-week low.",watchlist,69.58,2.93,False,False,Advancing,Hold / Trend intact,1.87,1.5
2026-05-18,ARVINDFASN.NS,Arvind Fashions Limited,Apparel Manufacturing,Consumer Cyclical,False,Cash,Stage 4,Stage 4 - Confirmed Downtrend,0.86,Price is below a bearish moving-average stack with falling trend signals.,watchlist,0.0,2.55,False,True,Weak Structure,Exit / Avoid,0.04,0.64
2026-05-18,ARVSMART.NS,Arvind SmartSpaces Limited,Real Estate,Real Estate,False,Cash,Stage 4,Stage 4 - Weak/Declining,0.72,Price is below long-term support with weak trend evidence.,watchlist,3.01,0.1,True,True,Weak Structure,Exit / Avoid,0.02,0.07
2026-05-18,ASAHIINDIA.NS,Asahi India Glass Limited,Auto Parts,Consumer Cyclical,False,Cash,Stage 4,Stage 4 - Weak/Declining,0.72,Price is below long-term support with weak trend evidence.,watchlist,2.0,0.21,True,True,Weak Structure,Exit / Avoid,0.15,0.2
2026-05-18,ASHAPURMIN.NS,Ashapura Minechem Limited,Basic Materials,Basic Materials,False,Cash,Stage 1,Stage 1 - Base/Repair,0.7,Price is near long-term moving averages with no strong long-term downtrend signal.,watchlist,10.67,0.9,False,True,Base Building,Watchlist / Early base,0.14,0.77
2026-05-18,ASHIANA.NS,Ashiana Housing Limited,Real Estate,Real Estate,False,Cash,Stage 2,Early Stage 2,0.72,"Price has moved above long-term structure, but the full moving-average stack is not clean yet.",watchlist,17.3,0.98,False,True,Advancing,Hold / Trend intact,0.11,0.61
2026-05-18,ASHOKA.NS,Ashoka Buildcon Limited,Engineering & Construction,Industrials,False,Cash,Stage 4,Stage 4 - Confirmed Downtrend,0.86,Price is below a bearish moving-average stack with falling trend signals.,watchlist,2.79,0.6,True,True,Weak Structure,Exit / Avoid,0.17,0.53
2026-05-18,ASHOKLEY.NS,Ashok Leyland Limited,Farm & Heavy Construction Machinery,Industrials,True,F&O,Stage 1,Stage 1 - Unclear/Repair,0.58,Not enough evidence for Stage 2 or Stage 4; classified as repair/unclear structure.,watchlist,1.98,0.82,True,False,Base Building,Watchlist / Early base,0.19,0.95
2026-05-18,ASIANPAINT.NS,Asian Paints Limited,Specialty Chemicals,Basic Materials,True,F&O,Stage 2,Early Stage 2,0.72,"Price has moved above long-term structure, but the full moving-average stack is not clean yet.",watchlist,38.33,0.99,False,False,Advancing,Hold / Trend intact,0.08,1.03
2026-05-18,ASKAUTOLTD.NS,ASK Automotive Limited,Auto Parts,Consumer Cyclical,False,Cash,Stage 4,Stage 4 - Weak/Declining,0.72,Price is below long-term support with weak trend evidence.,watchlist,15.63,0.64,True,True,Weak Structure,Exit / Avoid,0.19,0.71
2026-05-18,ASTERDM.NS,Aster DM Healthcare Limited,Medical Care Facilities,Healthcare,False,Cash,Stage 2,Clean Stage 2,0.9,"Price is above rising key averages, weekly structure is supportive, and the stock is near its 52-week high.",watchlist,50.79,0.9,False,True,Advancing,Hold / Trend intact,0.1,0.68
2026-05-18,ASTRAL.NS,Astral Limited,Building Products & Equipment,Industrials,True,F&O,Stage 1,Stage 1 - Base/Repair,0.7,Price is near long-term moving averages with no strong long-term downtrend signal.,watchlist,14.09,0.56,True,True,Base Building,Watchlist / Early base,0.07,0.4
2026-05-18,ASTRAMICRO.NS,Astra Microwave Products Limited,Communication Equipment,Technology,False,Cash,Stage 2,Early Stage 2,0.72,"Price has moved above long-term structure, but the full moving-average stack is not clean yet.",watchlist,32.84,0.87,False,True,Advancing,Hold / Trend intact,0.11,0.52
2026-05-18,ASTRAZEN.NS,AstraZeneca Pharma India Limited,Drug Manufacturers - Specialty & Generic,Healthcare,False,Cash,Stage 4,Stage 4 - Confirmed Downtrend,0.86,Price is below a bearish moving-average stack with falling trend signals.,watchlist,26.29,0.55,True,True,Weak Structure,Exit / Avoid,0.07,0.38
2026-05-18,ATGL.NS,Adani Total Gas Limited,Utilities,Utilities,False,Cash,Stage 1,Stage 1 - Early Turn,0.66,The stock is improving from a repair/base area but has not confirmed a clean Stage 2 yet.,watchlist,37.83,0.29,True,True,Base Building,Watchlist / Early base,0.14,0.34
2026-05-18,ATUL.NS,Atul Limited,Specialty Chemicals,Basic Materials,False,Cash,Stage 2,Early Stage 2,0.72,"Price has moved above long-term structure, but the full moving-average stack is not clean yet.",watchlist,33.82,0.8,True,True,Advancing,Hold / Trend intact,0.12,0.85
2026-05-18,AUBANK.NS,AU Small Finance Bank Limited,Banks - Regional,Financial Services,True,F&O,Stage 2,Clean Stage 2,0.9,"Price is above rising key averages, weekly structure is supportive, and the stock is near its 52-week high.",watchlist,23.28,0.62,True,True,Advancing,Hold / Trend intact,0.07,0.49
2026-05-18,AURIONPRO.NS,Aurionpro Solutions Limited,Software - Application,Technology,False,Cash,Stage 4,Stage 4 - Confirmed Downtrend,0.86,Price is below a bearish moving-average stack with falling trend signals.,watchlist,3.82,1.52,False,False,Weak Structure,Exit / Avoid,0.2,1.81
2026-05-18,AUROPHARMA.NS,Aurobindo Pharma Limited,Drug Manufacturers - Specialty & Generic,Healthcare,True,F&O,Stage 2,Clean Stage 2,0.9,"Price is above rising key averages, weekly structure is supportive, and the stock is near its 52-week high.",watchlist,45.66,0.87,False,True,Advancing,Hold / Trend intact,0.17,0.75
2026-05-18,AUTOAXLES.NS,Automotive Axles Limited,Auto Parts,Consumer Cyclical,False,Cash,Stage 1,Stage 1 - Unclear/Repair,0.58,Not enough evidence for Stage 2 or Stage 4; classified as repair/unclear structure.,watchlist,6.53,0.82,True,False,Base Building,Watchlist / Early base,0.65,1.15
2026-05-18,AVALON.NS,Avalon Technologies Limited,Electronic Components,Technology,False,Cash,Stage 2,Extended Stage 2,0.78,"Advancing structure remains intact, but price is stretched versus key moving averages or far above the 52-week low.",watchlist,48.45,2.84,False,True,Advancing,Hold / Trend intact,0.27,0.84
2026-05-18,AVANTEL.NS,Avantel Limited,Communication Equipment,Technology,False,Cash,Stage 1,Stage 1 - Unclear/Repair,0.58,Not enough evidence for Stage 2 or Stage 4; classified as repair/unclear structure.,watchlist,36.24,1.25,False,True,Base Building,Watchlist / Early base,0.26,0.89
2026-05-18,AVANTIFEED.NS,Avanti Feeds Limited,Packaged Foods,Consumer Defensive,False,Cash,Stage 2,Early Stage 2,0.72,"Price has moved above long-term structure, but the full moving-average stack is not clean yet.",watchlist,35.47,0.59,True,True,Advancing,Hold / Trend intact,0.14,0.4
2026-05-18,AVL.NS,Aditya Vision Limited,Consumer Cyclical,Consumer Cyclical,False,Cash,Stage 2,Early Stage 2,0.72,"Price has moved above long-term structure, but the full moving-average stack is not clean yet.",watchlist,43.29,1.15,False,True,Advancing,Hold / Trend intact,0.08,0.74
2026-05-18,AWFIS.NS,Awfis Space Solutions Limited,Industrials,Industrials,False,Cash,Stage 4,Stage 4 - Weak/Declining,0.72,Price is below long-term support with weak trend evidence.,watchlist,1.8,0.61,True,True,Weak Structure,Exit / Avoid,0.06,0.65
2026-05-18,AWL.NS,AWL Agri Business Limited,Packaged Foods,Consumer Defensive,False,Cash,Stage 4,Stage 4 - Weak/Declining,0.72,Price is below long-term support with weak trend evidence.,watchlist,10.49,0.6,True,True,Weak Structure,Exit / Avoid,0.09,0.37
2026-05-18,AXISBANK.NS,Axis Bank Limited,Banks - Regional,Financial Services,True,F&O,Stage 1,Stage 1 - Base/Repair,0.7,Price is near long-term moving averages with no strong long-term downtrend signal.,watchlist,5.04,0.81,True,True,Base Building,Watchlist / Early base,0.04,0.65
2026-05-18,AXISCADES.NS,AXISCADES Technologies Limited,Engineering & Construction,Industrials,False,Cash,Stage 2,Extended Stage 2,0.78,"Advancing structure remains intact, but price is stretched versus key moving averages or far above the 52-week low.",watchlist,64.58,0.74,True,True,Advancing,Hold / Trend intact,0.19,0.64
2026-05-18,AZAD.NS,Azad Engineering Limited,Specialty Industrial Machinery,Industrials,False,Cash,Stage 2,Stage 2,0.76,Advancing structure detected.,watchlist,69.14,0.99,False,True,Advancing,Hold / Trend intact,0.42,0.77
2026-05-18,BAJAJ-AUTO.NS,Bajaj Auto Limited,Auto Manufacturers,Consumer Cyclical,True,F&O,Stage 2,Clean Stage 2,0.9,"Price is above rising key averages, weekly structure is supportive, and the stock is near its 52-week high.",watchlist,38.05,1.06,False,True,Advancing,Hold / Trend intact,0.09,0.78
2026-05-18,BAJAJCON.NS,Bajaj Consumer Care Limited,Household & Personal Products,Consumer Defensive,False,Cash,Stage 2,Extended Stage 2,0.78,"Advancing structure remains intact, but price is stretched versus key moving averages or far above the 52-week low.",watchlist,35.7,1.2,False,True,Advancing,Hold / Trend intact,0.06,0.78
2026-05-18,BAJAJELEC.NS,Bajaj Electricals Limited,"Furnishings, Fixtures & Appliances",Consumer Cyclical,False,Cash,Stage 4,Stage 4 - Weak/Declining,0.72,Price is below long-term support with weak trend evidence.,watchlist,7.62,0.61,True,True,Weak Structure,Exit / Avoid,1.44,0.62
2026-05-18,BAJAJFINSV.NS,Bajaj Finserv Limited,Financial Services,Financial Services,True,F&O,Stage 4,Stage 4 - Confirmed Downtrend,0.86,Price is below a bearish moving-average stack with falling trend signals.,watchlist,9.25,0.76,True,False,Weak Structure,Exit / Avoid,0.17,0.97
2026-05-18,BAJAJHFL.NS,Bajaj Housing Finance Limited,Mortgage Finance,Financial Services,False,Cash,Stage 4,Stage 4 - Confirmed Downtrend,0.86,Price is below a bearish moving-average stack with falling trend signals.,watchlist,4.79,0.57,True,True,Weak Structure,Exit / Avoid,0.17,0.44
2026-05-18,BAJAJHLDNG.NS,Bajaj Holdings & Investment Limited,Asset Management,Financial Services,True,F&O,Stage 4,Stage 4 - Weak/Declining,0.72,Price is below long-term support with weak trend evidence.,watchlist,3.8,0.96,False,True,Weak Structure,Exit / Avoid,0.11,0.66
2026-05-18,BAJFINANCE.NS,Bajaj Finance Limited,Credit Services,Financial Services,True,F&O,Stage 1,Stage 1 - Unclear/Repair,0.58,Not enough evidence for Stage 2 or Stage 4; classified as repair/unclear structure.,watchlist,2.36,0.65,True,True,Base Building,Watchlist / Early base,0.1,0.6
2026-05-18,BALAMINES.NS,Balaji Amines Limited,Specialty Chemicals,Basic Materials,False,Cash,Stage 1,Stage 1 - Early Turn,0.66,The stock is improving from a repair/base area but has not confirmed a clean Stage 2 yet.,watchlist,27.91,2.7,False,False,Base Building,Watchlist / Early base,0.52,4.59
2026-05-18,BALKRISIND.NS,Balkrishna Industries Limited,Auto Parts,Consumer Cyclical,False,Cash,Stage 4,Stage 4 - Confirmed Downtrend,0.86,Price is below a bearish moving-average stack with falling trend signals.,watchlist,2.0,0.97,False,False,Weak Structure,Exit / Avoid,0.08,1.1
2026-05-18,BALMLAWRIE.NS,Balmer Lawrie & Company Limited,Conglomerates,Industrials,False,Cash,Stage 1,Stage 1 - Early Turn,0.66,The stock is improving from a repair/base area but has not confirmed a clean Stage 2 yet.,watchlist,4.95,1.12,False,False,Base Building,Watchlist / Early base,0.64,1.1
2026-05-18,BALRAMCHIN.NS,Balrampur Chini Mills Limited,Consumer Defensive,Consumer Defensive,False,Cash,Stage 2,Early Stage 2,0.72,"Price has moved above long-term structure, but the full moving-average stack is not clean yet.",watchlist,30.55,0.72,True,False,Advancing,Hold / Trend intact,0.15,1.15
2026-05-18,BALUFORGE.NS,Balu Forge Industries Limited,Metal Fabrication,Industrials,False,Cash,Stage 4,Stage 4 - Weak/Declining,0.72,Price is below long-term support with weak trend evidence.,watchlist,31.37,0.86,False,True,Weak Structure,Exit / Avoid,0.27,0.8
2026-05-18,BANARISUG.NS,Bannari Amman Sugars Limited,Consumer Defensive,Consumer Defensive,False,Cash,Stage 4,Stage 4 - Weak/Declining,0.72,Price is below long-term support with weak trend evidence.,watchlist,20.61,0.87,False,True,Weak Structure,Exit / Avoid,0.08,0.47
2026-05-18,BANCOINDIA.NS,Banco Products (I) Limited,Auto Parts,Consumer Cyclical,False,Cash,Stage 4,Stage 4 - Weak/Declining,0.72,Price is below long-term support with weak trend evidence.,watchlist,24.15,0.72,True,True,Weak Structure,Exit / Avoid,0.36,0.73
2026-05-18,BANDHANBNK.NS,Bandhan Bank Limited,Banks - Regional,Financial Services,True,F&O,Stage 2,Early Stage 2,0.72,"Price has moved above long-term structure, but the full moving-average stack is not clean yet.",watchlist,32.6,0.73,True,True,Advancing,Hold / Trend intact,0.11,0.59
2026-05-18,BANKBARODA.NS,Bank of Baroda,Banks - Regional,Financial Services,True,F&O,Stage 4,Stage 4 - Weak/Declining,0.72,Price is below long-term support with weak trend evidence.,watchlist,2.0,1.17,False,False,Weak Structure,Exit / Avoid,0.13,0.96
2026-05-18,BANKINDIA.NS,Bank of India,Banks - Regional,Financial Services,True,F&O,Stage 1,Stage 1 - Base/Repair,0.7,Price is near long-term moving averages with no strong long-term downtrend signal.,watchlist,7.55,1.11,False,True,Base Building,Watchlist / Early base,0.19,0.75
2026-05-18,BANSALWIRE.NS,Bansal Wire Industries Limited,Steel,Basic Materials,False,Cash,Stage 1,Stage 1 - Early Turn,0.66,The stock is improving from a repair/base area but has not confirmed a clean Stage 2 yet.,watchlist,37.73,1.21,False,True,Base Building,Watchlist / Early base,0.14,0.4
2026-05-18,BASF.NS,BASF India Limited,Specialty Chemicals,Basic Materials,False,Cash,Stage 4,Stage 4 - Weak/Declining,0.72,Price is below long-term support with weak trend evidence.,watchlist,28.67,1.54,False,True,Weak Structure,Exit / Avoid,0.19,0.89
2026-05-18,BATAINDIA.NS,Bata India Limited,Consumer Cyclical,Consumer Cyclical,False,Cash,Stage 4,Stage 4 - Confirmed Downtrend,0.86,Price is below a bearish moving-average stack with falling trend signals.,watchlist,0.0,0.46,True,True,Weak Structure,Exit / Avoid,0.12,0.33
2026-05-18,BAYERCROP.NS,Bayer Cropscience Limited,Agricultural Inputs,Basic Materials,False,Cash,Stage 4,Stage 4 - Weak/Declining,0.72,Price is below long-term support with weak trend evidence.,watchlist,7.6,0.66,True,True,Weak Structure,Exit / Avoid,0.12,0.65
2026-05-18,BBL.NS,Bharat Bijlee Limited,Electrical Equipment & Parts,Industrials,False,Cash,Stage 4,Stage 4 - Weak/Declining,0.72,Price is below long-term support with weak trend evidence.,watchlist,10.0,1.4,False,False,Weak Structure,Exit / Avoid,0.43,1.31
2026-05-18,BBOX.NS,Black Box Limited,Software - Application,Technology,False,Cash,Stage 2,Extended Stage 2,0.78,"Advancing structure remains intact, but price is stretched versus key moving averages or far above the 52-week low.",watchlist,33.41,2.4,False,False,Advancing,Hold / Trend intact,0.25,3.46
2026-05-18,BBTC.NS,The Bombay Burmah Trading Corporation Limited,Packaged Foods,Consumer Defensive,False,Cash,Stage 4,Stage 4 - Confirmed Downtrend,0.86,Price is below a bearish moving-average stack with falling trend signals.,watchlist,4.88,1.13,False,False,Weak Structure,Exit / Avoid,0.1,1.0
2026-05-18,BDL.NS,Bharat Dynamics Limited,Aerospace & Defense,Industrials,True,F&O,Stage 4,Stage 4 - Weak/Declining,0.72,Price is below long-term support with weak trend evidence.,watchlist,11.17,0.73,True,True,Weak Structure,Exit / Avoid,0.22,0.62
2026-05-18,BECTORFOOD.NS,Mrs. Bectors Food Specialities Limited,Packaged Foods,Consumer Defensive,False,Cash,Stage 4,Stage 4 - Confirmed Downtrend,0.86,Price is below a bearish moving-average stack with falling trend signals.,watchlist,2.0,0.81,True,True,Weak Structure,Exit / Avoid,0.09,0.57
2026-05-18,BEL.NS,Bharat Electronics Limited,Aerospace & Defense,Industrials,True,F&O,Stage 1,Stage 1 - Base/Repair,0.7,Price is near long-term moving averages with no strong long-term downtrend signal.,watchlist,8.2,0.68,True,True,Base Building,Watchlist / Early base,0.16,0.72
2026-05-18,BEML.NS,BEML Limited,Conglomerates,Industrials,False,Cash,Stage 4,Stage 4 - Weak/Declining,0.72,Price is below long-term support with weak trend evidence.,watchlist,18.29,1.05,False,True,Weak Structure,Exit / Avoid,0.22,0.64
2026-05-18,BERGEPAINT.NS,Berger Paints (I) Limited,Specialty Chemicals,Basic Materials,False,Cash,Stage 1,Stage 1 - Early Turn,0.66,The stock is improving from a repair/base area but has not confirmed a clean Stage 2 yet.,watchlist,20.55,2.82,False,False,Base Building,Watchlist / Early base,0.11,5.02
2026-05-18,BHAGCHEM.NS,Bhagiradha Chemicals & Industries Limited,Agricultural Inputs,Basic Materials,False,Cash,Stage 1,Stage 1 - Early Turn,0.66,The stock is improving from a repair/base area but has not confirmed a clean Stage 2 yet.,watchlist,20.44,0.26,True,True,Base Building,Watchlist / Early base,0.1,0.2
2026-05-18,BHARATFORG.NS,Bharat Forge Limited,Auto Parts,Consumer Cyclical,True,F&O,Stage 2,Clean Stage 2,0.9,"Price is above rising key averages, weekly structure is supportive, and the stock is near its 52-week high.",watchlist,33.45,1.31,False,True,Advancing,Hold / Trend intact,0.07,0.69
2026-05-18,BHARTIARTL.NS,Bharti Airtel Limited,Telecom Services,Communication Services,True,F&O,Stage 4,Stage 4 - Weak/Declining,0.72,Price is below long-term support with weak trend evidence.,watchlist,3.14,1.05,False,False,Weak Structure,Exit / Avoid,0.23,1.32
2026-05-18,BHARTIHEXA.NS,Bharti Hexacom Limited,Telecom Services,Communication Services,False,Cash,Stage 4,Stage 4 - Weak/Declining,0.72,Price is below long-term support with weak trend evidence.,watchlist,22.39,0.77,True,True,Weak Structure,Exit / Avoid,0.14,0.87
2026-05-18,BHEL.NS,Bharat Heavy Electricals Limited,Specialty Industrial Machinery,Industrials,True,F&O,Stage 2,Extended Stage 2,0.78,"Advancing structure remains intact, but price is stretched versus key moving averages or far above the 52-week low.",watchlist,62.13,1.16,False,False,Advancing,Hold / Trend intact,0.12,0.94
2026-05-18,BIKAJI.NS,Bikaji Foods International Limited,Packaged Foods,Consumer Defensive,False,Cash,Stage 4,Stage 4 - Weak/Declining,0.72,Price is below long-term support with weak trend evidence.,watchlist,9.62,0.82,True,False,Weak Structure,Exit / Avoid,0.12,1.26
2026-05-18,BIOCON.NS,Biocon Limited,Biotechnology,Healthcare,True,F&O,Stage 2,Early Stage 2,0.72,"Price has moved above long-term structure, but the full moving-average stack is not clean yet.",watchlist,36.55,1.71,False,False,Advancing,Hold / Trend intact,0.2,1.97
2026-05-18,BIRLACORPN.NS,Birla Corporation Limited,Building Materials,Basic Materials,False,Cash,Stage 4,Stage 4 - Weak/Declining,0.72,Price is below long-term support with weak trend evidence.,watchlist,5.21,1.52,False,True,Weak Structure,Exit / Avoid,0.12,0.81
2026-05-18,BLACKBUCK.NS,BLACKBUCK LIMITED,Software - Application,Technology,False,Cash,Stage 4,Stage 4 - Weak/Declining,0.72,Price is below long-term support with weak trend evidence.,watchlist,20.02,0.84,True,False,Weak Structure,Exit / Avoid,0.07,0.92
2026-05-18,BLISSGVS.NS,Bliss GVS Pharma Limited,Drug Manufacturers - Specialty & Generic,Healthcare,False,Cash,Stage 2,Extended Stage 2,0.78,"Advancing structure remains intact, but price is stretched versus key moving averages or far above the 52-week low.",watchlist,45.1,1.12,False,False,Advancing,Hold / Trend intact,0.34,1.76
2026-05-18,BLS.NS,BLS International Services Limited,Industrials,Industrials,False,Cash,Stage 4,Stage 4 - Weak/Declining,0.72,Price is below long-term support with weak trend evidence.,watchlist,9.43,0.2,True,True,Weak Structure,Exit / Avoid,0.1,0.18
2026-05-18,BLUEDART.NS,Blue Dart Express Limited,Industrials,Industrials,False,Cash,Stage 4,Stage 4 - Confirmed Downtrend,0.86,Price is below a bearish moving-average stack with falling trend signals.,watchlist,0.0,1.3,False,True,Weak Structure,Exit / Avoid,0.25,0.87
2026-05-18,BLUEJET.NS,Blue Jet Healthcare Limited,Biotechnology,Healthcare,False,Cash,Stage 4,Stage 4 - Weak/Declining,0.72,Price is below long-term support with weak trend evidence.,watchlist,8.32,0.63,True,True,Weak Structure,Exit / Avoid,0.17,0.47
2026-05-18,BLUESTARCO.NS,Blue Star Limited,Building Products & Equipment,Industrials,True,F&O,Stage 4,Stage 4 - Confirmed Downtrend,0.86,Price is below a bearish moving-average stack with falling trend signals.,watchlist,2.0,0.98,False,True,Weak Structure,Exit / Avoid,0.22,0.8
2026-05-18,BOMDYEING.NS,Bombay Dyeing & Mfg Company Limited,Textile Manufacturing,Consumer Cyclical,False,Cash,Stage 4,Stage 4 - Weak/Declining,0.72,Price is below long-term support with weak trend evidence.,watchlist,21.11,1.16,False,True,Weak Structure,Exit / Avoid,0.11,0.52
2026-05-18,BOROLTD.NS,Borosil Limited,"Furnishings, Fixtures & Appliances",Consumer Cyclical,False,Cash,Stage 4,Stage 4 - Weak/Declining,0.72,Price is below long-term support with weak trend evidence.,watchlist,1.8,0.33,True,True,Weak Structure,Exit / Avoid,0.41,0.34
2026-05-18,BORORENEW.NS,BOROSIL RENEWABLES LIMITED,Solar,Technology,False,Cash,Stage 4,Stage 4 - Weak/Declining,0.72,Price is below long-term support with weak trend evidence.,watchlist,8.31,1.56,False,False,Weak Structure,Exit / Avoid,0.18,1.81
2026-05-18,BOSCHLTD.NS,Bosch Limited,Auto Parts,Consumer Cyclical,True,F&O,Stage 2,Early Stage 2,0.72,"Price has moved above long-term structure, but the full moving-average stack is not clean yet.",watchlist,36.98,0.64,True,True,Advancing,Hold / Trend intact,0.08,0.48
2026-05-18,BPCL.NS,Bharat Petroleum Corporation Limited,Oil & Gas Refining & Marketing,Energy,True,F&O,Stage 4,Stage 4 - Weak/Declining,0.72,Price is below long-term support with weak trend evidence.,watchlist,0.0,0.86,False,True,Weak Structure,Exit / Avoid,0.13,0.77
2026-05-18,BRIGADE.NS,Brigade Enterprises Limited,Real Estate,Real Estate,False,Cash,Stage 4,Stage 4 - Weak/Declining,0.72,Price is below long-term support with weak trend evidence.,watchlist,1.44,0.37,True,True,Weak Structure,Exit / Avoid,0.12,0.24
2026-05-18,BRITANNIA.NS,Britannia Industries Limited,Packaged Foods,Consumer Defensive,True,F&O,Stage 1,Stage 1 - Unclear/Repair,0.58,Not enough evidence for Stage 2 or Stage 4; classified as repair/unclear structure.,watchlist,2.9,1.54,False,True,Base Building,Watchlist / Early base,0.06,0.72
2026-05-18,BSE.NS,BSE Limited,Financial Services,Financial Services,True,F&O,Stage 2,Extended Stage 2,0.78,"Advancing structure remains intact, but price is stretched versus key moving averages or far above the 52-week low.",watchlist,49.51,1.02,False,False,Advancing,Hold / Trend intact,0.2,0.94
2026-05-18,BSOFT.NS,BIRLASOFT LIMITED,Information Technology Services,Technology,False,Cash,Stage 4,Stage 4 - Weak/Declining,0.72,Price is below long-term support with weak trend evidence.,watchlist,1.8,1.3,False,False,Weak Structure,Exit / Avoid,0.18,1.76
2026-05-18,CAMPUS.NS,Campus Activewear Limited,Consumer Cyclical,Consumer Cyclical,False,Cash,Stage 4,Stage 4 - Confirmed Downtrend,0.86,Price is below a bearish moving-average stack with falling trend signals.,watchlist,0.0,0.64,True,True,Weak Structure,Exit / Avoid,0.41,0.78
2026-05-18,CAMS.NS,Computer Age Management Services Limited,Information Technology Services,Technology,True,F&O,Stage 2,Early Stage 2,0.72,"Price has moved above long-term structure, but the full moving-average stack is not clean yet.",watchlist,39.65,1.61,False,True,Advancing,Hold / Trend intact,0.13,0.63
2026-05-18,CANBK.NS,Canara Bank,Banks - Regional,Financial Services,True,F&O,Stage 4,Stage 4 - Weak/Declining,0.72,Price is below long-term support with weak trend evidence.,watchlist,3.8,1.16,False,False,Weak Structure,Exit / Avoid,0.23,1.14
2026-05-18,CANFINHOME.NS,Can Fin Homes Limited,Mortgage Finance,Financial Services,False,Cash,Stage 1,Stage 1 - Base/Repair,0.7,Price is near long-term moving averages with no strong long-term downtrend signal.,watchlist,6.81,0.81,True,True,Base Building,Watchlist / Early base,0.15,0.78
2026-05-18,CAPLIPOINT.NS,Caplin Point Laboratories Limited,Drug Manufacturers - Specialty & Generic,Healthcare,False,Cash,Stage 1,Stage 1 - Early Turn,0.66,The stock is improving from a repair/base area but has not confirmed a clean Stage 2 yet.,watchlist,20.7,2.55,False,False,Base Building,Watchlist / Early base,0.45,4.49
2026-05-18,CARBORUNIV.NS,Carborundum Universal Limited,Conglomerates,Industrials,False,Cash,Stage 2,Extended Stage 2,0.78,"Advancing structure remains intact, but price is stretched versus key moving averages or far above the 52-week low.",watchlist,54.16,1.78,False,False,Advancing,Hold / Trend intact,1.7,2.85
2026-05-18,CARERATING.NS,CARE Ratings Limited,Financial Services,Financial Services,False,Cash,Stage 2,Early Stage 2,0.72,"Price has moved above long-term structure, but the full moving-average stack is not clean yet.",watchlist,29.05,1.79,False,False,Advancing,Hold / Trend intact,0.24,2.75
2026-05-18,CARRARO.NS,Carraro India Limited,Auto Parts,Consumer Cyclical,False,Cash,Stage 2,Early Stage 2,0.72,"Price has moved above long-term structure, but the full moving-average stack is not clean yet.",watchlist,22.98,0.41,True,True,Advancing,Hold / Trend intact,0.03,0.27
2026-05-18,CARTRADE.NS,Cartrade Tech Limited,Consumer Cyclical,Consumer Cyclical,False,Cash,Stage 4,Stage 4 - Weak/Declining,0.72,Price is below long-term support with weak trend evidence.,watchlist,4.51,2.34,False,True,Weak Structure,Exit / Avoid,0.14,0.72
2026-05-18,CARYSIL.NS,CARYSIL LIMITED,"Furnishings, Fixtures & Appliances",Consumer Cyclical,False,Cash,Stage 1,Stage 1 - Base/Repair,0.7,Price is near long-term moving averages with no strong long-term downtrend signal.,watchlist,18.81,0.73,True,True,Base Building,Watchlist / Early base,0.17,0.53
2026-05-18,CASTROLIND.NS,Castrol India Limited,Oil & Gas Refining & Marketing,Energy,False,Cash,Stage 4,Stage 4 - Weak/Declining,0.72,Price is below long-term support with weak trend evidence.,watchlist,24.23,0.69,True,True,Weak Structure,Exit / Avoid,0.21,0.49
2026-05-18,CCL.NS,CCL Products (India) Limited,Packaged Foods,Consumer Defensive,False,Cash,Stage 2,Early Stage 2,0.72,"Price has moved above long-term structure, but the full moving-average stack is not clean yet.",watchlist,35.38,1.12,False,True,Advancing,Hold / Trend intact,0.09,0.57
2026-05-18,CDSL.NS,Central Depository Services (India) Limited,Capital Markets,Financial Services,True,F&O,Stage 4,Stage 4 - Confirmed Downtrend,0.86,Price is below a bearish moving-average stack with falling trend signals.,watchlist,6.31,1.05,False,False,Weak Structure,Exit / Avoid,0.26,0.96
2026-05-18,CEATLTD.NS,CEAT Limited,Auto Parts,Consumer Cyclical,False,Cash,Stage 4,Stage 4 - Weak/Declining,0.72,Price is below long-term support with weak trend evidence.,watchlist,8.33,0.95,False,True,Weak Structure,Exit / Avoid,0.11,0.66
2026-05-18,CEIGALL.NS,Ceigall India Limited,Engineering & Construction,Industrials,False,Cash,Stage 2,Stage 2,0.76,Advancing structure detected.,watchlist,49.39,2.37,False,True,Advancing,Hold / Trend intact,0.07,0.86
2026-05-18,CELLO.NS,Cello World Limited,"Furnishings, Fixtures & Appliances",Consumer Cyclical,False,Cash,Stage 4,Stage 4 - Confirmed Downtrend,0.86,Price is below a bearish moving-average stack with falling trend signals.,watchlist,0.0,0.43,True,True,Weak Structure,Exit / Avoid,0.08,0.54
2026-05-18,CENTRALBK.NS,Central Bank of India,Banks - Regional,Financial Services,False,Cash,Stage 4,Stage 4 - Weak/Declining,0.72,Price is below long-term support with weak trend evidence.,watchlist,2.0,0.74,True,True,Weak Structure,Exit / Avoid,0.24,0.67
2026-05-18,CENTUM.NS,Centum Electronics Limited,Electronic Components,Technology,False,Cash,Stage 2,Early Stage 2,0.72,"Price has moved above long-term structure, but the full moving-average stack is not clean yet.",watchlist,40.01,1.09,False,False,Advancing,Hold / Trend intact,0.75,1.18
2026-05-18,CENTURYPLY.NS,Century Plyboards (India) Limited,Basic Materials,Basic Materials,False,Cash,Stage 1,Stage 1 - Base/Repair,0.7,Price is near long-term moving averages with no strong long-term downtrend signal.,watchlist,7.67,0.47,True,True,Base Building,Watchlist / Early base,0.05,0.39
2026-05-18,CERA.NS,Cera Sanitaryware Limited,Building Products & Equipment,Industrials,False,Cash,Stage 1,Stage 1 - Early Turn,0.66,The stock is improving from a repair/base area but has not confirmed a clean Stage 2 yet.,watchlist,30.43,1.7,False,True,Base Building,Watchlist / Early base,0.11,0.9
2026-05-18,CESC.NS,CESC Limited,Utilities,Utilities,False,Cash,Stage 2,Stage 2,0.76,Advancing structure detected.,watchlist,39.11,0.96,False,True,Advancing,Hold / Trend intact,0.17,0.64
2026-05-18,CGCL.NS,Capri Global Capital Limited,Credit Services,Financial Services,False,Cash,Stage 2,Early Stage 2,0.72,"Price has moved above long-term structure, but the full moving-average stack is not clean yet.",watchlist,42.63,1.06,False,True,Advancing,Hold / Trend intact,0.18,0.78
2026-05-18,CGPOWER.NS,CG Power and Industrial Solutions Limited,Electrical Equipment & Parts,Industrials,True,F&O,Stage 2,Early Stage 2,0.72,"Price has moved above long-term structure, but the full moving-average stack is not clean yet.",watchlist,47.22,1.42,False,True,Advancing,Hold / Trend intact,0.13,0.66
2026-05-18,CHALET.NS,Chalet Hotels Limited,Lodging,Consumer Cyclical,False,Cash,Stage 4,Stage 4 - Weak/Declining,0.72,Price is below long-term support with weak trend evidence.,watchlist,3.42,1.28,False,False,Weak Structure,Exit / Avoid,0.18,1.6
2026-05-18,CHAMBLFERT.NS,Chambal Fertilizers & Chemicals Limited,Agricultural Inputs,Basic Materials,False,Cash,Stage 4,Stage 4 - Weak/Declining,0.72,Price is below long-term support with weak trend evidence.,watchlist,27.18,1.66,False,False,Weak Structure,Exit / Avoid,0.91,2.83
2026-05-18,CHEMPLASTS.NS,Chemplast Sanmar Limited,Chemicals,Basic Materials,False,Cash,Stage 4,Stage 4 - Confirmed Downtrend,0.86,Price is below a bearish moving-average stack with falling trend signals.,watchlist,9.98,0.87,False,True,Weak Structure,Exit / Avoid,0.08,0.48
2026-05-18,CHENNPETRO.NS,Chennai Petroleum Corporation Limited,Oil & Gas Refining & Marketing,Energy,False,Cash,Stage 2,Early Stage 2,0.72,"Price has moved above long-term structure, but the full moving-average stack is not clean yet.",watchlist,31.46,0.33,True,True,Advancing,Hold / Trend intact,0.09,0.28
2026-05-18,CHOICEIN.NS,Choice International Limited,Capital Markets,Financial Services,False,Cash,Stage 4,Stage 4 - Confirmed Downtrend,0.86,Price is below a bearish moving-average stack with falling trend signals.,watchlist,4.55,0.75,True,True,Weak Structure,Exit / Avoid,0.09,0.47
2026-05-18,CHOLAFIN.NS,Cholamandalam Investment and Finance Company Limited,Credit Services,Financial Services,True,F&O,Stage 1,Stage 1 - Unclear/Repair,0.58,Not enough evidence for Stage 2 or Stage 4; classified as repair/unclear structure.,watchlist,9.85,0.75,True,True,Base Building,Watchlist / Early base,0.05,0.5
2026-05-18,CHOLAHLDNG.NS,Cholamandalam Financial Holdings Limited,Credit Services,Financial Services,False,Cash,Stage 4,Stage 4 - Weak/Declining,0.72,Price is below long-term support with weak trend evidence.,watchlist,9.25,0.37,True,True,Weak Structure,Exit / Avoid,0.02,0.17
2026-05-18,CIEINDIA.NS,CIE Automotive India Limited,Auto Parts,Consumer Cyclical,False,Cash,Stage 1,Stage 1 - Base/Repair,0.7,Price is near long-term moving averages with no strong long-term downtrend signal.,watchlist,16.15,1.02,False,False,Base Building,Watchlist / Early base,0.51,1.04
2026-05-18,CIGNITITEC.NS,Cigniti Technologies Limited,Information Technology Services,Technology,False,Cash,Stage 4,Stage 4 - Weak/Declining,0.72,Price is below long-term support with weak trend evidence.,watchlist,7.17,2.46,False,True,Weak Structure,Exit / Avoid,0.0,0.75
2026-05-18,CIPLA.NS,Cipla Limited,Drug Manufacturers - Specialty & Generic,Healthcare,True,F&O,Stage 4,Stage 4 - Weak/Declining,0.72,Price is below long-term support with weak trend evidence.,watchlist,17.88,1.3,False,False,Weak Structure,Exit / Avoid,0.13,1.98
2026-05-18,CLEAN.NS,Clean Science and Technology Limited,Specialty Chemicals,Basic Materials,False,Cash,Stage 4,Stage 4 - Weak/Declining,0.72,Price is below long-term support with weak trend evidence.,watchlist,6.8,0.9,False,True,Weak Structure,Exit / Avoid,0.16,0.84
2026-05-18,CMSINFO.NS,CMS Info Systems Limited,Industrials,Industrials,False,Cash,Stage 4,Stage 4 - Weak/Declining,0.72,Price is below long-term support with weak trend evidence.,watchlist,20.34,1.49,False,False,Weak Structure,Exit / Avoid,0.21,1.53
2026-05-18,COALINDIA.NS,Coal India Limited,Energy,Energy,True,F&O,Stage 2,Clean Stage 2,0.9,"Price is above rising key averages, weekly structure is supportive, and the stock is near its 52-week high.",watchlist,73.46,0.76,True,True,Advancing,Hold / Trend intact,0.09,0.65
2026-05-18,COCHINSHIP.NS,Cochin Shipyard Limited,Aerospace & Defense,Industrials,True,F&O,Stage 4,Stage 4 - Weak/Declining,0.72,Price is below long-term support with weak trend evidence.,watchlist,7.02,0.87,False,True,Weak Structure,Exit / Avoid,0.48,0.8
2026-05-18,COFORGE.NS,Coforge Limited,Information Technology Services,Technology,True,F&O,Stage 4,Stage 4 - Weak/Declining,0.72,Price is below long-term support with weak trend evidence.,watchlist,6.78,1.68,False,True,Weak Structure,Exit / Avoid,0.13,0.77
2026-05-18,COLPAL.NS,Colgate Palmolive (India) Limited,Household & Personal Products,Consumer Defensive,True,F&O,Stage 4,Stage 4 - Weak/Declining,0.72,Price is below long-term support with weak trend evidence.,watchlist,6.62,0.59,True,True,Weak Structure,Exit / Avoid,0.07,0.5
2026-05-18,CONCOR.NS,Container Corporation of India Limited,Industrials,Industrials,True,F&O,Stage 4,Stage 4 - Weak/Declining,0.72,Price is below long-term support with weak trend evidence.,watchlist,3.6,0.75,True,False,Weak Structure,Exit / Avoid,0.12,0.93
2026-05-18,CONCORDBIO.NS,Concord Biotech Limited,Biotechnology,Healthcare,False,Cash,Stage 4,Stage 4 - Confirmed Downtrend,0.86,Price is below a bearish moving-average stack with falling trend signals.,watchlist,22.74,0.62,True,True,Weak Structure,Exit / Avoid,0.1,0.43
2026-05-18,COROMANDEL.NS,Coromandel International Limited,Agricultural Inputs,Basic Materials,False,Cash,Stage 4,Stage 4 - Confirmed Downtrend,0.86,Price is below a bearish moving-average stack with falling trend signals.,watchlist,2.0,1.08,False,False,Weak Structure,Exit / Avoid,0.33,0.93
2026-05-18,CRAFTSMAN.NS,Craftsman Automation Limited,Auto Parts,Consumer Cyclical,False,Cash,Stage 2,Clean Stage 2,0.9,"Price is above rising key averages, weekly structure is supportive, and the stock is near its 52-week high.",watchlist,35.37,3.88,False,True,Advancing,Hold / Trend intact,0.04,0.64
2026-05-18,CREDITACC.NS,CREDITACCESS GRAMEEN LIMITED,Credit Services,Financial Services,False,Cash,Stage 1,Stage 1 - Early Turn,0.66,The stock is improving from a repair/base area but has not confirmed a clean Stage 2 yet.,watchlist,13.01,2.84,False,True,Base Building,Watchlist / Early base,0.04,0.42
2026-05-18,CRISIL.NS,CRISIL Limited,Financial Services,Financial Services,False,Cash,Stage 4,Stage 4 - Confirmed Downtrend,0.86,Price is below a bearish moving-average stack with falling trend signals.,watchlist,5.0,0.77,True,True,Weak Structure,Exit / Avoid,0.07,0.41
2026-05-18,CROMPTON.NS,Crompton Greaves Consumer Electricals Limited,"Furnishings, Fixtures & Appliances",Consumer Cyclical,True,F&O,Stage 1,Stage 1 - Early Turn,0.66,The stock is improving from a repair/base area but has not confirmed a clean Stage 2 yet.,watchlist,20.52,1.76,False,False,Base Building,Watchlist / Early base,0.23,2.1
2026-05-18,CSBBANK.NS,CSB Bank Limited,Banks - Regional,Financial Services,False,Cash,Stage 4,Stage 4 - Weak/Declining,0.72,Price is below long-term support with weak trend evidence.,watchlist,6.32,1.1,False,True,Weak Structure,Exit / Avoid,0.11,0.66
2026-05-18,CUB.NS,City Union Bank Limited,Banks - Regional,Financial Services,False,Cash,Stage 1,Stage 1 - Base/Repair,0.7,Price is near long-term moving averages with no strong long-term downtrend signal.,watchlist,3.47,0.76,True,True,Base Building,Watchlist / Early base,0.06,0.4
2026-05-18,CUMMINSIND.NS,Cummins India Limited,Specialty Industrial Machinery,Industrials,True,F&O,Stage 2,Clean Stage 2,0.9,"Price is above rising key averages, weekly structure is supportive, and the stock is near its 52-week high.",watchlist,73.34,0.55,True,True,Advancing,Hold / Trend intact,0.08,0.55
2026-05-18,CUPID.NS,Cupid Limited,Household & Personal Products,Consumer Defensive,False,Cash,Stage 2,Extended Stage 2,0.78,"Advancing structure remains intact, but price is stretched versus key moving averages or far above the 52-week low.",watchlist,50.01,0.84,True,True,Advancing,Hold / Trend intact,0.4,0.79
2026-05-18,CYIENT.NS,Cyient Limited,Conglomerates,Industrials,False,Cash,Stage 4,Stage 4 - Confirmed Downtrend,0.86,Price is below a bearish moving-average stack with falling trend signals.,watchlist,7.3,0.78,True,True,Weak Structure,Exit / Avoid,0.11,0.6
2026-05-18,CYIENTDLM.NS,Cyient DLM Limited,Electronic Components,Technology,False,Cash,Stage 1,Stage 1 - Early Turn,0.66,The stock is improving from a repair/base area but has not confirmed a clean Stage 2 yet.,watchlist,17.12,0.19,True,True,Base Building,Watchlist / Early base,0.1,0.18
2026-05-18,DABUR.NS,Dabur India Limited,Household & Personal Products,Consumer Defensive,True,F&O,Stage 4,Stage 4 - Weak/Declining,0.72,Price is below long-term support with weak trend evidence.,watchlist,6.8,1.42,False,True,Weak Structure,Exit / Avoid,0.07,0.76
2026-05-18,DALBHARAT.NS,Dalmia Bharat Limited,Building Materials,Basic Materials,True,F&O,Stage 4,Stage 4 - Confirmed Downtrend,0.86,Price is below a bearish moving-average stack with falling trend signals.,watchlist,2.79,1.72,False,False,Weak Structure,Exit / Avoid,0.18,1.06
2026-05-18,DALMIASUG.NS,Dalmia Bharat Sugar and Industries Limited,Consumer Defensive,Consumer Defensive,False,Cash,Stage 1,Stage 1 - Unclear/Repair,0.58,Not enough evidence for Stage 2 or Stage 4; classified as repair/unclear structure.,watchlist,6.15,0.19,True,True,Base Building,Watchlist / Early base,0.04,0.16
2026-05-18,DATAMATICS.NS,Datamatics Global Services Limited,Information Technology Services,Technology,False,Cash,Stage 1,Stage 1 - Unclear/Repair,0.58,Not enough evidence for Stage 2 or Stage 4; classified as repair/unclear structure.,watchlist,5.49,1.29,False,True,Base Building,Watchlist / Early base,0.11,0.53
2026-05-18,DATAPATTNS.NS,Data Patterns (India) Limited,Aerospace & Defense,Industrials,False,Cash,Stage 2,Stage 2,0.76,Advancing structure detected.,watchlist,35.56,0.87,False,False,Advancing,Hold / Trend intact,0.24,1.11
2026-05-18,DBCORP.NS,D.B.Corp Limited,Communication Services,Communication Services,False,Cash,Stage 4,Stage 4 - Confirmed Downtrend,0.86,Price is below a bearish moving-average stack with falling trend signals.,watchlist,1.8,2.39,False,False,Weak Structure,Exit / Avoid,0.1,1.11
2026-05-18,DBL.NS,Dilip Buildcon Limited,Engineering & Construction,Industrials,False,Cash,Stage 4,Stage 4 - Weak/Declining,0.72,Price is below long-term support with weak trend evidence.,watchlist,0.58,0.6,True,True,Weak Structure,Exit / Avoid,0.36,0.63
2026-05-18,DBREALTY.NS,Valor Estate Limited,Real Estate,Real Estate,False,Cash,Stage 4,Stage 4 - Weak/Declining,0.72,Price is below long-term support with weak trend evidence.,watchlist,19.66,1.67,False,True,Weak Structure,Exit / Avoid,0.1,0.65
2026-05-18,DCAL.NS,Dishman Carbogen Amcis Limited,Biotechnology,Healthcare,False,Cash,Stage 4,Stage 4 - Weak/Declining,0.72,Price is below long-term support with weak trend evidence.,watchlist,4.56,0.98,False,False,Weak Structure,Exit / Avoid,0.31,1.55
2026-05-18,DCBBANK.NS,DCB Bank Limited,Banks - Regional,Financial Services,False,Cash,Stage 3,Stage 3 - Distribution/Damage,0.76,"Prior strength exists, but short-term and/or weekly structure is deteriorating.",watchlist,11.52,1.03,False,True,Transition,Reduce / Avoid fresh longs,0.22,0.87
2026-05-18,DCMSHRIRAM.NS,DCM Shriram Limited,Conglomerates,Industrials,False,Cash,Stage 4,Stage 4 - Weak/Declining,0.72,Price is below long-term support with weak trend evidence.,watchlist,9.46,1.31,False,False,Weak Structure,Exit / Avoid,0.05,1.23
2026-05-18,DDEVPLSTIK.NS,Ddev Plastiks Industries Limited,Specialty Chemicals,Basic Materials,False,Cash,Stage 4,Stage 4 - Weak/Declining,0.72,Price is below long-term support with weak trend evidence.,watchlist,7.88,0.64,True,True,Weak Structure,Exit / Avoid,0.3,0.59
2026-05-18,DEEDEV.NS,DEE Development Engineers Limited,Metal Fabrication,Industrials,False,Cash,Stage 2,Extended Stage 2,0.78,"Advancing structure remains intact, but price is stretched versus key moving averages or far above the 52-week low.",watchlist,35.78,0.33,True,True,Advancing,Hold / Trend intact,0.18,0.3
2026-05-18,DEEPAKFERT.NS,Deepak Fertilizers and Petrochemicals Corporation Limited,Chemicals,Basic Materials,False,Cash,Stage 1,Stage 1 - Early Turn,0.66,The stock is improving from a repair/base area but has not confirmed a clean Stage 2 yet.,watchlist,23.81,0.54,True,True,Base Building,Watchlist / Early base,0.15,0.56
2026-05-18,DEEPAKNTR.NS,Deepak Nitrite Limited,Chemicals,Basic Materials,False,Cash,Stage 1,Stage 1 - Early Turn,0.66,The stock is improving from a repair/base area but has not confirmed a clean Stage 2 yet.,watchlist,11.82,1.03,False,True,Base Building,Watchlist / Early base,0.26,0.82
2026-05-18,DEEPINDS.NS,Deep Industries Limited,Energy,Energy,False,Cash,Stage 1,Stage 1 - Early Turn,0.66,The stock is improving from a repair/base area but has not confirmed a clean Stage 2 yet.,watchlist,37.2,0.57,True,True,Base Building,Watchlist / Early base,0.4,0.81
2026-05-18,DELHIVERY.NS,Delhivery Limited,Industrials,Industrials,True,F&O,Stage 2,Early Stage 2,0.72,"Price has moved above long-term structure, but the full moving-average stack is not clean yet.",watchlist,39.28,1.19,False,False,Advancing,Hold / Trend intact,0.64,1.11
2026-05-18,DEVYANI.NS,Devyani International Limited,Consumer Cyclical,Consumer Cyclical,False,Cash,Stage 4,Stage 4 - Weak/Declining,0.72,Price is below long-term support with weak trend evidence.,watchlist,9.95,0.51,True,True,Weak Structure,Exit / Avoid,0.07,0.52
2026-05-18,DHANUKA.NS,Dhanuka Agritech Limited,Agricultural Inputs,Basic Materials,False,Cash,Stage 4,Stage 4 - Weak/Declining,0.72,Price is below long-term support with weak trend evidence.,watchlist,3.8,0.69,True,True,Weak Structure,Exit / Avoid,0.32,0.85
2026-05-18,DIACABS.NS,Diamond Power Infrastructure Limited,Specialty Industrial Machinery,Industrials,False,Cash,Stage 2,Extended Stage 2,0.78,"Advancing structure remains intact, but price is stretched versus key moving averages or far above the 52-week low.",watchlist,61.38,2.75,False,False,Advancing,Hold / Trend intact,0.33,2.94
2026-05-18,DIVISLAB.NS,Divi's Laboratories Limited,Drug Manufacturers - Specialty & Generic,Healthcare,True,F&O,Stage 2,Early Stage 2,0.72,"Price has moved above long-term structure, but the full moving-average stack is not clean yet.",watchlist,36.82,0.92,False,False,Advancing,Hold / Trend intact,0.18,1.11
2026-05-18,DIXON.NS,Dixon Technologies (India) Limited,Technology,Technology,True,F&O,Stage 4,Stage 4 - Weak/Declining,0.72,Price is below long-term support with weak trend evidence.,watchlist,31.11,1.1,False,False,Weak Structure,Exit / Avoid,0.16,1.48
2026-05-18,DLF.NS,DLF Limited,Real Estate,Real Estate,True,F&O,Stage 4,Stage 4 - Confirmed Downtrend,0.86,Price is below a bearish moving-average stack with falling trend signals.,watchlist,0.0,0.7,True,True,Weak Structure,Exit / Avoid,0.15,0.9
2026-05-18,DMART.NS,Avenue Supermarts Limited,Consumer Defensive,Consumer Defensive,True,F&O,Stage 2,Early Stage 2,0.72,"Price has moved above long-term structure, but the full moving-average stack is not clean yet.",watchlist,41.13,0.39,True,True,Advancing,Hold / Trend intact,0.04,0.32
2026-05-18,DODLA.NS,Dodla Dairy Limited,Consumer Defensive,Consumer Defensive,False,Cash,Stage 4,Stage 4 - Confirmed Downtrend,0.86,Price is below a bearish moving-average stack with falling trend signals.,watchlist,0.0,0.63,True,True,Weak Structure,Exit / Avoid,0.38,0.69
2026-05-18,DOMS.NS,DOMS Industries Limited,Industrials,Industrials,False,Cash,Stage 4,Stage 4 - Confirmed Downtrend,0.86,Price is below a bearish moving-average stack with falling trend signals.,watchlist,5.95,0.27,True,True,Weak Structure,Exit / Avoid,0.4,0.41
2026-05-18,DREDGECORP.NS,Dredging Corporation of India Limited,Engineering & Construction,Industrials,False,Cash,Stage 1,Stage 1 - Base/Repair,0.7,Price is near long-term moving averages with no strong long-term downtrend signal.,watchlist,10.75,0.44,True,True,Base Building,Watchlist / Early base,0.12,0.38
2026-05-18,DRREDDY.NS,Dr. Reddy's Laboratories Limited,Drug Manufacturers - Specialty & Generic,Healthcare,True,F&O,Stage 2,Early Stage 2,0.72,"Price has moved above long-term structure, but the full moving-average stack is not clean yet.",watchlist,40.9,1.09,False,False,Advancing,Hold / Trend intact,0.13,1.49
2026-05-18,DYNAMATECH.NS,Dynamatic Technologies Limited,Auto Parts,Consumer Cyclical,False,Cash,Stage 2,Messy Stage 2,0.64,"Long-term structure is still constructive, but the short-term/weekly structure is not clean.",watchlist,51.23,1.08,False,False,Advancing,Hold / Trend intact,0.08,0.92
2026-05-18,ECLERX.NS,eClerx Services Limited,Information Technology Services,Technology,False,Cash,Stage 4,Stage 4 - Confirmed Downtrend,0.86,Price is below a bearish moving-average stack with falling trend signals.,watchlist,5.96,1.37,False,False,Weak Structure,Exit / Avoid,0.09,1.23
2026-05-18,EDELWEISS.NS,Edelweiss Financial Services Limited,Financial Services,Financial Services,False,Cash,Stage 1,Stage 1 - Base/Repair,0.7,Price is near long-term moving averages with no strong long-term downtrend signal.,watchlist,6.45,0.9,False,True,Base Building,Watchlist / Early base,0.15,0.69
2026-05-18,EICHERMOT.NS,Eicher Motors Limited,Auto Manufacturers,Consumer Cyclical,True,F&O,Stage 1,Stage 1 - Base/Repair,0.7,Price is near long-term moving averages with no strong long-term downtrend signal.,watchlist,8.28,0.66,True,True,Base Building,Watchlist / Early base,0.08,0.65
2026-05-18,EIDPARRY.NS,EID Parry India Limited,Agricultural Inputs,Basic Materials,False,Cash,Stage 4,Stage 4 - Confirmed Downtrend,0.86,Price is below a bearish moving-average stack with falling trend signals.,watchlist,23.84,0.72,True,True,Weak Structure,Exit / Avoid,0.24,0.66
2026-05-18,EIEL.NS,Enviro Infra Engineers Limited,Engineering & Construction,Industrials,False,Cash,Stage 4,Stage 4 - Weak/Declining,0.72,Price is below long-term support with weak trend evidence.,watchlist,5.14,0.25,True,True,Weak Structure,Exit / Avoid,0.04,0.19
2026-05-18,EIHOTEL.NS,EIH Limited,Lodging,Consumer Cyclical,False,Cash,Stage 4,Stage 4 - Confirmed Downtrend,0.86,Price is below a bearish moving-average stack with falling trend signals.,watchlist,0.0,0.1,True,True,Weak Structure,Exit / Avoid,0.04,0.1
2026-05-18,ELECON.NS,Elecon Engineering Company Limited,Specialty Industrial Machinery,Industrials,False,Cash,Stage 1,Stage 1 - Early Turn,0.66,The stock is improving from a repair/base area but has not confirmed a clean Stage 2 yet.,watchlist,39.2,1.02,False,True,Base Building,Watchlist / Early base,0.1,0.44
2026-05-18,ELECTCAST.NS,Electrosteel Castings Limited,Building Products & Equipment,Industrials,False,Cash,Stage 4,Stage 4 - Weak/Declining,0.72,Price is below long-term support with weak trend evidence.,watchlist,7.27,0.81,True,True,Weak Structure,Exit / Avoid,0.31,0.51
2026-05-18,ELGIEQUIP.NS,Elgi Equipments Limited,Specialty Industrial Machinery,Industrials,False,Cash,Stage 1,Stage 1 - Base/Repair,0.7,Price is near long-term moving averages with no strong long-term downtrend signal.,watchlist,31.56,0.52,True,True,Base Building,Watchlist / Early base,0.09,0.44
2026-05-18,EMAMILTD.NS,Emami Limited,Household & Personal Products,Consumer Defensive,False,Cash,Stage 4,Stage 4 - Confirmed Downtrend,0.86,Price is below a bearish moving-average stack with falling trend signals.,watchlist,5.0,0.53,True,True,Weak Structure,Exit / Avoid,0.09,0.38
2026-05-18,EMBDL.NS,Embassy Developments Limited,Real Estate,Real Estate,False,Cash,Stage 4,Stage 4 - Weak/Declining,0.72,Price is below long-term support with weak trend evidence.,watchlist,19.74,1.98,False,False,Weak Structure,Exit / Avoid,0.29,1.69
2026-05-18,EMCURE.NS,Emcure Pharmaceuticals Limited,Drug Manufacturers - Specialty & Generic,Healthcare,False,Cash,Stage 2,Clean Stage 2,0.9,"Price is above rising key averages, weekly structure is supportive, and the stock is near its 52-week high.",watchlist,52.15,0.86,False,True,Advancing,Hold / Trend intact,0.1,0.44
2026-05-18,EMIL.NS,Electronics Mart India Limited,Consumer Cyclical,Consumer Cyclical,False,Cash,Stage 1,Stage 1 - Early Turn,0.66,The stock is improving from a repair/base area but has not confirmed a clean Stage 2 yet.,watchlist,28.18,0.5,True,True,Base Building,Watchlist / Early base,0.07,0.54
2026-05-18,EMUDHRA.NS,eMudhra Limited,Software - Application,Technology,False,Cash,Stage 4,Stage 4 - Weak/Declining,0.72,Price is below long-term support with weak trend evidence.,watchlist,0.0,0.79,True,True,Weak Structure,Exit / Avoid,0.1,0.45
2026-05-18,ENDURANCE.NS,Endurance Technologies Limited,Auto Parts,Consumer Cyclical,False,Cash,Stage 4,Stage 4 - Weak/Declining,0.72,Price is below long-term support with weak trend evidence.,watchlist,25.91,2.14,False,False,Weak Structure,Exit / Avoid,0.19,1.82
2026-05-18,ENGINERSIN.NS,Engineers India Limited,Engineering & Construction,Industrials,False,Cash,Stage 2,Clean Stage 2,0.9,"Price is above rising key averages, weekly structure is supportive, and the stock is near its 52-week high.",watchlist,34.15,0.85,False,False,Advancing,Hold / Trend intact,0.14,0.97
2026-05-18,ENTERO.NS,Entero Healthcare Solutions Limited,Healthcare,Healthcare,False,Cash,Stage 1,Stage 1 - Base/Repair,0.7,Price is near long-term moving averages with no strong long-term downtrend signal.,watchlist,28.93,0.93,False,True,Base Building,Watchlist / Early base,0.29,0.87
2026-05-18,EPIGRAL.NS,Epigral Limited,Chemicals,Basic Materials,False,Cash,Stage 4,Stage 4 - Weak/Declining,0.72,Price is below long-term support with weak trend evidence.,watchlist,7.46,0.67,True,True,Weak Structure,Exit / Avoid,0.1,0.44
2026-05-18,EPL.NS,EPL Limited,Consumer Cyclical,Consumer Cyclical,False,Cash,Stage 1,Stage 1 - Unclear/Repair,0.58,Not enough evidence for Stage 2 or Stage 4; classified as repair/unclear structure.,watchlist,1.3,1.08,False,False,Base Building,Watchlist / Early base,0.12,1.14
2026-05-18,EQUITASBNK.NS,Equitas Small Finance Bank Limited,Banks - Regional,Financial Services,False,Cash,Stage 2,Early Stage 2,0.72,"Price has moved above long-term structure, but the full moving-average stack is not clean yet.",watchlist,24.38,0.88,False,True,Advancing,Hold / Trend intact,0.19,0.58
2026-05-18,ERIS.NS,Eris Lifesciences Limited,Drug Manufacturers - Specialty & Generic,Healthcare,False,Cash,Stage 4,Stage 4 - Confirmed Downtrend,0.86,Price is below a bearish moving-average stack with falling trend signals.,watchlist,28.68,0.66,True,True,Weak Structure,Exit / Avoid,0.09,0.77
2026-05-18,ESABINDIA.NS,Esab India Limited,Tools & Accessories,Industrials,False,Cash,Stage 2,Clean Stage 2,0.9,"Price is above rising key averages, weekly structure is supportive, and the stock is near its 52-week high.",watchlist,54.43,0.8,True,True,Advancing,Hold / Trend intact,0.24,0.39
2026-05-18,ESCORTS.NS,Escorts Kubota Limited,Farm & Heavy Construction Machinery,Industrials,False,Cash,Stage 4,Stage 4 - Confirmed Downtrend,0.86,Price is below a bearish moving-average stack with falling trend signals.,watchlist,0.0,1.4,False,True,Weak Structure,Exit / Avoid,0.2,0.87
2026-05-18,ETERNAL.NS,ETERNAL LIMITED,Consumer Cyclical,Consumer Cyclical,True,F&O,Stage 4,Stage 4 - Confirmed Downtrend,0.86,Price is below a bearish moving-average stack with falling trend signals.,watchlist,16.11,0.51,True,True,Weak Structure,Exit / Avoid,0.13,0.5
2026-05-18,ETHOSLTD.NS,Ethos Limited,Luxury Goods,Consumer Cyclical,False,Cash,Stage 4,Stage 4 - Weak/Declining,0.72,Price is below long-term support with weak trend evidence.,watchlist,1.8,1.09,False,False,Weak Structure,Exit / Avoid,0.08,1.83
2026-05-18,EUREKAFORB.NS,Eureka Forbes Limited,"Furnishings, Fixtures & Appliances",Consumer Cyclical,False,Cash,Stage 4,Stage 4 - Weak/Declining,0.72,Price is below long-term support with weak trend evidence.,watchlist,1.88,0.69,True,True,Weak Structure,Exit / Avoid,0.2,0.71
2026-05-18,EXIDEIND.NS,Exide Industries Limited,Auto Parts,Consumer Cyclical,True,F&O,Stage 4,Stage 4 - Weak/Declining,0.72,Price is below long-term support with weak trend evidence.,watchlist,8.53,1.37,False,True,Weak Structure,Exit / Avoid,0.15,0.59
2026-05-18,FACT.NS,Fertilizers and Chemicals Travancore Limited,Agricultural Inputs,Basic Materials,False,Cash,Stage 1,Stage 1 - Early Turn,0.66,The stock is improving from a repair/base area but has not confirmed a clean Stage 2 yet.,watchlist,15.86,0.11,True,True,Base Building,Watchlist / Early base,0.06,0.09
2026-05-18,FDC.NS,FDC Limited,Drug Manufacturers - Specialty & Generic,Healthcare,False,Cash,Stage 4,Stage 4 - Weak/Declining,0.72,Price is below long-term support with weak trend evidence.,watchlist,12.88,0.75,True,True,Weak Structure,Exit / Avoid,0.22,0.73
2026-05-18,FEDERALBNK.NS,The Federal Bank  Limited,Banks - Regional,Financial Services,True,F&O,Stage 2,Messy Stage 2,0.64,"Long-term structure is still constructive, but the short-term/weekly structure is not clean.",watchlist,25.54,0.9,False,False,Advancing,Hold / Trend intact,0.1,0.94
2026-05-18,FEDFINA.NS,Fedbank Financial Services Limited,Credit Services,Financial Services,False,Cash,Stage 2,Early Stage 2,0.72,"Price has moved above long-term structure, but the full moving-average stack is not clean yet.",watchlist,22.11,1.36,False,False,Advancing,Hold / Trend intact,0.15,1.31
2026-05-18,FIEMIND.NS,Fiem Industries Limited,Auto Parts,Consumer Cyclical,False,Cash,Stage 1,Stage 1 - Base/Repair,0.7,Price is near long-term moving averages with no strong long-term downtrend signal.,watchlist,9.87,1.03,False,True,Base Building,Watchlist / Early base,0.21,0.79
2026-05-18,FINCABLES.NS,Finolex Cables Limited,Electrical Equipment & Parts,Industrials,False,Cash,Stage 2,Early Stage 2,0.72,"Price has moved above long-term structure, but the full moving-average stack is not clean yet.",watchlist,29.87,1.43,False,True,Advancing,Hold / Trend intact,0.35,0.71
2026-05-18,FINEORG.NS,Fine Organic Industries Limited,Specialty Chemicals,Basic Materials,False,Cash,Stage 4,Stage 4 - Weak/Declining,0.72,Price is below long-term support with weak trend evidence.,watchlist,5.0,0.59,True,True,Weak Structure,Exit / Avoid,0.13,0.45
2026-05-18,FINPIPE.NS,Finolex Industries Limited,Building Products & Equipment,Industrials,False,Cash,Stage 4,Stage 4 - Confirmed Downtrend,0.86,Price is below a bearish moving-average stack with falling trend signals.,watchlist,2.0,0.45,True,True,Weak Structure,Exit / Avoid,0.13,0.32
2026-05-18,FIRSTCRY.NS,Brainbees Solutions Limited,Consumer Cyclical,Consumer Cyclical,False,Cash,Stage 4,Stage 4 - Weak/Declining,0.72,Price is below long-term support with weak trend evidence.,watchlist,20.62,0.22,True,True,Weak Structure,Exit / Avoid,0.03,0.3
2026-05-18,FIVESTAR.NS,Five-Star Business Finance Limited,Credit Services,Financial Services,False,Cash,Stage 4,Stage 4 - Weak/Declining,0.72,Price is below long-term support with weak trend evidence.,watchlist,3.8,0.56,True,True,Weak Structure,Exit / Avoid,0.05,0.51
2026-05-18,FLAIR.NS,Flair Writing Industries Limited,Industrials,Industrials,False,Cash,Stage 2,Early Stage 2,0.72,"Price has moved above long-term structure, but the full moving-average stack is not clean yet.",watchlist,45.87,1.23,False,False,Advancing,Hold / Trend intact,0.62,1.08
2026-05-18,FLUOROCHEM.NS,Gujarat Fluorochemicals Limited,Specialty Chemicals,Basic Materials,False,Cash,Stage 2,Early Stage 2,0.72,"Price has moved above long-term structure, but the full moving-average stack is not clean yet.",watchlist,57.4,0.87,False,True,Advancing,Hold / Trend intact,0.39,0.59
2026-05-18,FMGOETZE.NS,Federal-Mogul Goetze (India) Limited.,Auto Parts,Consumer Cyclical,False,Cash,Stage 4,Stage 4 - Weak/Declining,0.72,Price is below long-term support with weak trend evidence.,watchlist,2.0,0.51,True,True,Weak Structure,Exit / Avoid,0.12,0.49
2026-05-18,FORCEMOT.NS,FORCE MOTORS LTD,Auto Manufacturers,Consumer Cyclical,True,F&O,Stage 3,Stage 3 - Distribution/Damage,0.76,"Prior strength exists, but short-term and/or weekly structure is deteriorating.",watchlist,8.11,0.94,False,True,Transition,Reduce / Avoid fresh longs,0.19,0.75
2026-05-18,FORTIS.NS,Fortis Healthcare Limited,Medical Care Facilities,Healthcare,True,F&O,Stage 2,Early Stage 2,0.72,"Price has moved above long-term structure, but the full moving-average stack is not clean yet.",watchlist,25.85,0.84,True,True,Advancing,Hold / Trend intact,0.12,0.76
2026-05-18,FOSECOIND.NS,Foseco India Limited,Chemicals,Basic Materials,False,Cash,Stage 1,Stage 1 - Unclear/Repair,0.58,Not enough evidence for Stage 2 or Stage 4; classified as repair/unclear structure.,watchlist,30.79,2.91,False,False,Base Building,Watchlist / Early base,0.1,5.94
2026-05-18,FSL.NS,Firstsource Solutions Limited,Information Technology Services,Technology,False,Cash,Stage 4,Stage 4 - Weak/Declining,0.72,Price is below long-term support with weak trend evidence.,watchlist,0.9,2.51,False,True,Weak Structure,Exit / Avoid,0.06,0.68
2026-05-18,FUSION.NS,Fusion Finance Limited,Credit Services,Financial Services,False,Cash,Stage 2,Early Stage 2,0.72,"Price has moved above long-term structure, but the full moving-average stack is not clean yet.",watchlist,20.98,1.65,False,False,Advancing,Hold / Trend intact,1.17,1.05
2026-05-18,GABRIEL.NS,Gabriel India Limited,Auto Parts,Consumer Cyclical,False,Cash,Stage 1,Stage 1 - Early Turn,0.66,The stock is improving from a repair/base area but has not confirmed a clean Stage 2 yet.,watchlist,21.76,1.46,False,True,Base Building,Watchlist / Early base,0.14,0.55
2026-05-18,GAEL.NS,Gujarat Ambuja Exports Limited,Packaged Foods,Consumer Defensive,False,Cash,Stage 2,Clean Stage 2,0.9,"Price is above rising key averages, weekly structure is supportive, and the stock is near its 52-week high.",watchlist,36.43,1.66,False,False,Advancing,Hold / Trend intact,0.18,1.0
2026-05-18,GAIL.NS,GAIL (India) Limited,Utilities,Utilities,True,F&O,Stage 4,Stage 4 - Weak/Declining,0.72,Price is below long-term support with weak trend evidence.,watchlist,11.5,0.52,True,True,Weak Structure,Exit / Avoid,0.13,0.6
2026-05-18,GALAXYSURF.NS,Galaxy Surfactants Limited,Specialty Chemicals,Basic Materials,False,Cash,Stage 4,Stage 4 - Confirmed Downtrend,0.86,Price is below a bearish moving-average stack with falling trend signals.,watchlist,5.0,0.6,True,True,Weak Structure,Exit / Avoid,0.44,0.67
2026-05-18,GALLANTT.NS,Gallantt Ispat Limited,Steel,Basic Materials,False,Cash,Stage 2,Early Stage 2,0.72,"Price has moved above long-term structure, but the full moving-average stack is not clean yet.",watchlist,59.38,0.22,True,True,Advancing,Hold / Trend intact,0.04,0.14
2026-05-18,GANECOS.NS,Ganesha Ecosphere Limited,Textile Manufacturing,Consumer Cyclical,False,Cash,Stage 1,Stage 1 - Early Turn,0.66,The stock is improving from a repair/base area but has not confirmed a clean Stage 2 yet.,watchlist,25.71,0.15,True,True,Base Building,Watchlist / Early base,0.02,0.1
2026-05-18,GARFIBRES.NS,Garware Technical Fibres Limited,Textile Manufacturing,Consumer Cyclical,False,Cash,Stage 4,Stage 4 - Weak/Declining,0.72,Price is below long-term support with weak trend evidence.,watchlist,9.04,1.51,False,True,Weak Structure,Exit / Avoid,0.25,0.65
2026-05-18,GATEWAY.NS,Gateway Distriparks Limited,Industrials,Industrials,False,Cash,Stage 4,Stage 4 - Confirmed Downtrend,0.86,Price is below a bearish moving-average stack with falling trend signals.,watchlist,0.0,1.36,False,True,Weak Structure,Exit / Avoid,0.26,0.66
2026-05-18,GENUSPOWER.NS,Genus Power Infrastructures Limited,Electrical Equipment & Parts,Industrials,False,Cash,Stage 1,Stage 1 - Early Turn,0.66,The stock is improving from a repair/base area but has not confirmed a clean Stage 2 yet.,watchlist,40.43,1.22,False,False,Base Building,Watchlist / Early base,0.72,1.15
2026-05-18,GESHIP.NS,The Great Eastern Shipping Company Limited,Marine Shipping,Industrials,False,Cash,Stage 2,Clean Stage 2,0.9,"Price is above rising key averages, weekly structure is supportive, and the stock is near its 52-week high.",watchlist,44.04,1.99,False,False,Advancing,Hold / Trend intact,3.63,3.78
2026-05-18,GHCL.NS,GHCL Limited,Chemicals,Basic Materials,False,Cash,Stage 4,Stage 4 - Weak/Declining,0.72,Price is below long-term support with weak trend evidence.,watchlist,5.0,1.01,False,True,Weak Structure,Exit / Avoid,0.55,0.83
2026-05-18,GICRE.NS,General Insurance Corporation of India,Financial Services,Financial Services,False,Cash,Stage 1,Stage 1 - Base/Repair,0.7,Price is near long-term moving averages with no strong long-term downtrend signal.,watchlist,17.25,0.75,True,True,Base Building,Watchlist / Early base,0.19,0.59
2026-05-18,GILLETTE.NS,Gillette India Limited,Household & Personal Products,Consumer Defensive,False,Cash,Stage 4,Stage 4 - Confirmed Downtrend,0.86,Price is below a bearish moving-average stack with falling trend signals.,watchlist,7.88,1.11,False,False,Weak Structure,Exit / Avoid,0.14,1.01
2026-05-18,GLAND.NS,Gland Pharma Limited,Drug Manufacturers - Specialty & Generic,Healthcare,False,Cash,Stage 1,Stage 1 - Early Turn,0.66,The stock is improving from a repair/base area but has not confirmed a clean Stage 2 yet.,watchlist,31.19,2.61,False,False,Base Building,Watchlist / Early base,18.44,5.42
2026-05-18,GLAXO.NS,GlaxoSmithKline Pharmaceuticals Limited,Drug Manufacturers - General,Healthcare,False,Cash,Stage 4,Stage 4 - Confirmed Downtrend,0.86,Price is below a bearish moving-average stack with falling trend signals.,watchlist,16.83,1.2,False,False,Weak Structure,Exit / Avoid,0.27,1.16
2026-05-18,GLENMARK.NS,Glenmark Pharmaceuticals Limited,Drug Manufacturers - Specialty & Generic,Healthcare,True,F&O,Stage 2,Clean Stage 2,0.9,"Price is above rising key averages, weekly structure is supportive, and the stock is near its 52-week high.",watchlist,63.04,1.05,False,False,Advancing,Hold / Trend intact,0.1,0.95
2026-05-18,GLOBUSSPR.NS,Globus Spirits Limited,Consumer Defensive,Consumer Defensive,False,Cash,Stage 4,Stage 4 - Weak/Declining,0.72,Price is below long-term support with weak trend evidence.,watchlist,21.61,1.66,False,True,Weak Structure,Exit / Avoid,0.31,0.87
2026-05-18,GMDCLTD.NS,Gujarat Mineral Development Corporation Limited,Energy,Energy,False,Cash,Stage 2,Messy Stage 2,0.64,"Long-term structure is still constructive, but the short-term/weekly structure is not clean.",watchlist,68.93,0.52,True,True,Advancing,Hold / Trend intact,0.09,0.48
2026-05-18,GMMPFAUDLR.NS,GMM Pfaudler Limited,Specialty Industrial Machinery,Industrials,False,Cash,Stage 4,Stage 4 - Confirmed Downtrend,0.86,Price is below a bearish moving-average stack with falling trend signals.,watchlist,10.0,1.04,False,False,Weak Structure,Exit / Avoid,0.21,0.91
2026-05-18,GMRAIRPORT.NS,GMR AIRPORTS LIMITED,Industrials,Industrials,True,F&O,Stage 1,Stage 1 - Base/Repair,0.7,Price is near long-term moving averages with no strong long-term downtrend signal.,watchlist,26.96,0.94,False,True,Base Building,Watchlist / Early base,0.14,0.68
2026-05-18,GMRP&UI.NS,GMR Power and Urban Infra Limited,Energy,Energy,False,Cash,Stage 4,Stage 4 - Weak/Declining,0.72,Price is below long-term support with weak trend evidence.,watchlist,26.83,1.43,False,False,Weak Structure,Exit / Avoid,0.3,2.22
2026-05-18,GNFC.NS,Gujarat Narmada Valley Fertilizers and Chemicals Limited,Chemicals,Basic Materials,False,Cash,Stage 1,Stage 1 - Early Turn,0.66,The stock is improving from a repair/base area but has not confirmed a clean Stage 2 yet.,watchlist,11.81,1.7,False,False,Base Building,Watchlist / Early base,0.57,2.29
2026-05-18,GODFRYPHLP.NS,Godfrey Phillips India Limited,Consumer Defensive,Consumer Defensive,True,F&O,Stage 4,Stage 4 - Weak/Declining,0.72,Price is below long-term support with weak trend evidence.,watchlist,1.99,0.99,False,False,Weak Structure,Exit / Avoid,2.23,1.16
2026-05-18,GODIGIT.NS,Go Digit General Insurance Limited,Financial Services,Financial Services,False,Cash,Stage 4,Stage 4 - Confirmed Downtrend,0.86,Price is below a bearish moving-average stack with falling trend signals.,watchlist,25.28,0.77,True,True,Weak Structure,Exit / Avoid,0.07,0.45
2026-05-18,GODREJAGRO.NS,Godrej Agrovet Limited,Packaged Foods,Consumer Defensive,False,Cash,Stage 4,Stage 4 - Confirmed Downtrend,0.86,Price is below a bearish moving-average stack with falling trend signals.,watchlist,18.49,1.83,False,False,Weak Structure,Exit / Avoid,0.41,1.79
2026-05-18,GODREJCP.NS,Godrej Consumer Products Limited,Household & Personal Products,Consumer Defensive,True,F&O,Stage 4,Stage 4 - Confirmed Downtrend,0.86,Price is below a bearish moving-average stack with falling trend signals.,watchlist,5.0,1.27,False,False,Weak Structure,Exit / Avoid,0.32,1.02
2026-05-18,GODREJIND.NS,Godrej Industries Limited,Conglomerates,Industrials,False,Cash,Stage 1,Stage 1 - Early Turn,0.66,The stock is improving from a repair/base area but has not confirmed a clean Stage 2 yet.,watchlist,5.19,2.41,False,False,Base Building,Watchlist / Early base,0.94,3.09
2026-05-18,GODREJPROP.NS,Godrej Properties Limited,Real Estate,Real Estate,True,F&O,Stage 4,Stage 4 - Weak/Declining,0.72,Price is below long-term support with weak trend evidence.,watchlist,21.21,0.79,True,True,Weak Structure,Exit / Avoid,0.15,0.56
2026-05-18,GOKEX.NS,Gokaldas Exports Limited,Apparel Manufacturing,Consumer Cyclical,False,Cash,Stage 4,Stage 4 - Weak/Declining,0.72,Price is below long-term support with weak trend evidence.,watchlist,21.55,0.83,True,True,Weak Structure,Exit / Avoid,0.15,0.42
2026-05-18,GOKULAGRO.NS,Gokul Agro Resources Limited,Packaged Foods,Consumer Defensive,False,Cash,Stage 2,Extended Stage 2,0.78,"Advancing structure remains intact, but price is stretched versus key moving averages or far above the 52-week low.",watchlist,53.68,0.28,True,True,Advancing,Hold / Trend intact,0.27,0.26
2026-05-18,GOLDIAM.NS,Goldiam International Limited,Luxury Goods,Consumer Cyclical,False,Cash,Stage 2,Early Stage 2,0.72,"Price has moved above long-term structure, but the full moving-average stack is not clean yet.",watchlist,25.89,1.14,False,True,Advancing,Hold / Trend intact,0.15,0.82
2026-05-18,GOODLUCK.NS,Goodluck India Limited,Steel,Basic Materials,False,Cash,Stage 2,Stage 2,0.76,Advancing structure detected.,watchlist,39.37,1.8,False,False,Advancing,Hold / Trend intact,0.29,1.1
2026-05-18,GOPAL.NS,Gopal Snacks Limited,Packaged Foods,Consumer Defensive,False,Cash,Stage 4,Stage 4 - Weak/Declining,0.72,Price is below long-term support with weak trend evidence.,watchlist,6.58,1.97,False,False,Weak Structure,Exit / Avoid,0.12,1.85
2026-05-18,GPIL.NS,Godawari Power And Ispat limited,Steel,Basic Materials,False,Cash,Stage 2,Early Stage 2,0.72,"Price has moved above long-term structure, but the full moving-average stack is not clean yet.",watchlist,59.12,0.67,True,True,Advancing,Hold / Trend intact,0.22,0.64
2026-05-18,GPPL.NS,Gujarat Pipavav Port Limited,Marine Shipping,Industrials,False,Cash,Stage 4,Stage 4 - Weak/Declining,0.72,Price is below long-term support with weak trend evidence.,watchlist,12.79,0.95,False,True,Weak Structure,Exit / Avoid,0.22,0.81
2026-05-18,GRANULES.NS,Granules India Limited,Drug Manufacturers - Specialty & Generic,Healthcare,False,Cash,Stage 2,Clean Stage 2,0.9,"Price is above rising key averages, weekly structure is supportive, and the stock is near its 52-week high.",watchlist,54.18,1.05,False,True,Advancing,Hold / Trend intact,0.08,0.41
2026-05-18,GRAPHITE.NS,Graphite India Limited,Electrical Equipment & Parts,Industrials,False,Cash,Stage 2,Clean Stage 2,0.9,"Price is above rising key averages, weekly structure is supportive, and the stock is near its 52-week high.",watchlist,44.07,1.05,False,False,Advancing,Hold / Trend intact,0.59,1.41
2026-05-18,GRASIM.NS,Grasim Industries Limited,Building Materials,Basic Materials,True,F&O,Stage 1,Stage 1 - Base/Repair,0.7,Price is near long-term moving averages with no strong long-term downtrend signal.,watchlist,2.51,0.79,True,False,Base Building,Watchlist / Early base,0.12,1.08
2026-05-18,GRAVITA.NS,Gravita India Limited,Metal Fabrication,Industrials,False,Cash,Stage 4,Stage 4 - Weak/Declining,0.72,Price is below long-term support with weak trend evidence.,watchlist,10.0,1.05,False,True,Weak Structure,Exit / Avoid,0.18,0.53
2026-05-18,GREAVESCOT.NS,Greaves Cotton Limited,Specialty Industrial Machinery,Industrials,False,Cash,Stage 4,Stage 4 - Weak/Declining,0.72,Price is below long-term support with weak trend evidence.,watchlist,11.8,1.13,False,True,Weak Structure,Exit / Avoid,0.2,0.76
2026-05-18,GREENLAM.NS,Greenlam Industries Limited,"Furnishings, Fixtures & Appliances",Consumer Cyclical,False,Cash,Stage 4,Stage 4 - Weak/Declining,0.72,Price is below long-term support with weak trend evidence.,watchlist,2.93,2.63,False,False,Weak Structure,Exit / Avoid,0.05,4.56
2026-05-18,GREENPANEL.NS,Greenpanel Industries Limited,Basic Materials,Basic Materials,False,Cash,Stage 4,Stage 4 - Weak/Declining,0.72,Price is below long-term support with weak trend evidence.,watchlist,21.11,0.65,True,True,Weak Structure,Exit / Avoid,0.34,0.54
2026-05-18,GREENPLY.NS,Greenply Industries Limited,Basic Materials,Basic Materials,False,Cash,Stage 1,Stage 1 - Early Turn,0.66,The stock is improving from a repair/base area but has not confirmed a clean Stage 2 yet.,watchlist,27.83,0.22,True,True,Base Building,Watchlist / Early base,0.02,0.14
2026-05-18,GRINDWELL.NS,Grindwell Norton Limited,Building Products & Equipment,Industrials,False,Cash,Stage 1,Stage 1 - Early Turn,0.66,The stock is improving from a repair/base area but has not confirmed a clean Stage 2 yet.,watchlist,15.81,2.15,False,False,Base Building,Watchlist / Early base,0.24,1.55
2026-05-18,GRINFRA.NS,G R Infraprojects Limited,Engineering & Construction,Industrials,False,Cash,Stage 4,Stage 4 - Weak/Declining,0.72,Price is below long-term support with weak trend evidence.,watchlist,16.11,0.46,True,True,Weak Structure,Exit / Avoid,0.13,0.61
2026-05-18,GRMOVER.NS,GRM Overseas Limited,Packaged Foods,Consumer Defensive,False,Cash,Stage 2,Stage 2,0.76,Advancing structure detected.,watchlist,40.77,1.26,False,False,Advancing,Hold / Trend intact,0.38,1.3
2026-05-18,GRSE.NS,Garden Reach Shipbuilders & Engineers Limited,Aerospace & Defense,Industrials,False,Cash,Stage 1,Stage 1 - Base/Repair,0.7,Price is near long-term moving averages with no strong long-term downtrend signal.,watchlist,24.51,0.88,False,True,Base Building,Watchlist / Early base,0.19,0.74
2026-05-18,GRWRHITECH.NS,Garware Hi-Tech Films Limited,Specialty Chemicals,Basic Materials,False,Cash,Stage 2,Extended Stage 2,0.78,"Advancing structure remains intact, but price is stretched versus key moving averages or far above the 52-week low.",watchlist,54.48,2.48,False,True,Advancing,Hold / Trend intact,0.1,0.81
2026-05-18,GSFC.NS,Gujarat State Fertilizers & Chemicals Limited,Agricultural Inputs,Basic Materials,False,Cash,Stage 4,Stage 4 - Weak/Declining,0.72,Price is below long-term support with weak trend evidence.,watchlist,3.8,0.54,True,True,Weak Structure,Exit / Avoid,0.21,0.49
2026-05-18,GSPL.NS,Gujarat State Petronet Limited,Utilities,Utilities,False,Cash,Stage 4,Stage 4 - Confirmed Downtrend,0.86,Price is below a bearish moving-average stack with falling trend signals.,watchlist,10.0,0.84,True,False,Weak Structure,Exit / Avoid,4.2,1.62
2026-05-18,GUFICBIO.NS,Gufic Biosciences Limited,Drug Manufacturers - Specialty & Generic,Healthcare,False,Cash,Stage 4,Stage 4 - Confirmed Downtrend,0.86,Price is below a bearish moving-average stack with falling trend signals.,watchlist,11.8,1.61,False,True,Weak Structure,Exit / Avoid,0.11,0.88
2026-05-18,GUJALKALI.NS,Gujarat Alkalies and Chemicals Limited,Chemicals,Basic Materials,False,Cash,Stage 2,Early Stage 2,0.72,"Price has moved above long-term structure, but the full moving-average stack is not clean yet.",watchlist,46.3,0.04,True,True,Advancing,Hold / Trend intact,0.02,0.03
2026-05-18,GUJGASLTD.NS,Gujarat Gas Limited,Utilities,Utilities,False,Cash,Stage 4,Stage 4 - Confirmed Downtrend,0.86,Price is below a bearish moving-average stack with falling trend signals.,watchlist,10.0,0.38,True,True,Weak Structure,Exit / Avoid,0.04,0.14
2026-05-18,GULFOILLUB.NS,Gulf Oil Lubricants India Limited,Specialty Chemicals,Basic Materials,False,Cash,Stage 4,Stage 4 - Confirmed Downtrend,0.86,Price is below a bearish moving-average stack with falling trend signals.,watchlist,5.0,0.58,True,True,Weak Structure,Exit / Avoid,0.28,0.5
2026-05-18,GVT&D.NS,GE Vernova T&D India Limited,Specialty Industrial Machinery,Industrials,False,Cash,Stage 2,Clean Stage 2,0.9,"Price is above rising key averages, weekly structure is supportive, and the stock is near its 52-week high.",watchlist,40.48,0.83,True,True,Advancing,Hold / Trend intact,0.11,0.54
2026-05-18,HAL.NS,Hindustan Aeronautics Limited,Aerospace & Defense,Industrials,True,F&O,Stage 4,Stage 4 - Weak/Declining,0.72,Price is below long-term support with weak trend evidence.,watchlist,5.78,1.1,False,False,Weak Structure,Exit / Avoid,0.58,1.4
2026-05-18,HAPPSTMNDS.NS,Happiest Minds Technologies Limited,Information Technology Services,Technology,False,Cash,Stage 4,Stage 4 - Confirmed Downtrend,0.86,Price is below a bearish moving-average stack with falling trend signals.,watchlist,1.8,0.22,True,True,Weak Structure,Exit / Avoid,0.14,0.13
2026-05-18,HAPPYFORGE.NS,Happy Forgings Limited,Metal Fabrication,Industrials,False,Cash,Stage 2,Clean Stage 2,0.9,"Price is above rising key averages, weekly structure is supportive, and the stock is near its 52-week high.",watchlist,42.88,1.38,False,False,Advancing,Hold / Trend intact,0.92,1.1
2026-05-18,HARSHA.NS,Harsha Engineers International Limited,Tools & Accessories,Industrials,False,Cash,Stage 2,Early Stage 2,0.72,"Price has moved above long-term structure, but the full moving-average stack is not clean yet.",watchlist,25.48,3.6,False,False,Advancing,Hold / Trend intact,0.11,1.22
2026-05-18,HATSUN.NS,Hatsun Agro Product Limited,Packaged Foods,Consumer Defensive,False,Cash,Stage 1,Stage 1 - Base/Repair,0.7,Price is near long-term moving averages with no strong long-term downtrend signal.,watchlist,9.62,0.52,True,True,Base Building,Watchlist / Early base,0.25,0.49
2026-05-18,HAVELLS.NS,Havells India Limited,Electrical Equipment & Parts,Industrials,True,F&O,Stage 4,Stage 4 - Confirmed Downtrend,0.86,Price is below a bearish moving-average stack with falling trend signals.,watchlist,10.0,0.57,True,True,Weak Structure,Exit / Avoid,0.08,0.49
2026-05-18,HBLENGINE.NS,HBL Engineering Limited,Electrical Equipment & Parts,Industrials,False,Cash,Stage 1,Stage 1 - Unclear/Repair,0.58,Not enough evidence for Stage 2 or Stage 4; classified as repair/unclear structure.,watchlist,35.96,1.09,False,True,Base Building,Watchlist / Early base,0.23,0.77
2026-05-18,HCG.NS,Healthcare Global Enterprises Limited,Medical Care Facilities,Healthcare,False,Cash,Stage 1,Stage 1 - Base/Repair,0.7,Price is near long-term moving averages with no strong long-term downtrend signal.,watchlist,21.93,0.9,False,False,Base Building,Watchlist / Early base,0.38,1.12
2026-05-18,HCLTECH.NS,HCL Technologies Limited,Information Technology Services,Technology,True,F&O,Stage 4,Stage 4 - Weak/Declining,0.72,Price is below long-term support with weak trend evidence.,watchlist,0.0,0.73,True,True,Weak Structure,Exit / Avoid,0.1,0.8
2026-05-18,HDFCAMC.NS,HDFC Asset Management Company Limited,Asset Management,Financial Services,True,F&O,Stage 1,Stage 1 - Base/Repair,0.7,Price is near long-term moving averages with no strong long-term downtrend signal.,watchlist,3.73,0.65,True,True,Base Building,Watchlist / Early base,0.14,0.46
2026-05-18,HDFCBANK.NS,HDFC Bank Limited,Banks - Regional,Financial Services,True,F&O,Stage 4,Stage 4 - Confirmed Downtrend,0.86,Price is below a bearish moving-average stack with falling trend signals.,watchlist,5.4,0.75,True,True,Weak Structure,Exit / Avoid,0.09,0.68
2026-05-18,HDFCLIFE.NS,HDFC Life Insurance Company Limited,Insurance - Life,Financial Services,True,F&O,Stage 4,Stage 4 - Confirmed Downtrend,0.86,Price is below a bearish moving-average stack with falling trend signals.,watchlist,3.06,1.56,False,True,Weak Structure,Exit / Avoid,0.08,0.49
2026-05-18,HEG.NS,HEG Limited,Electrical Equipment & Parts,Industrials,False,Cash,Stage 2,Clean Stage 2,0.9,"Price is above rising key averages, weekly structure is supportive, and the stock is near its 52-week high.",watchlist,63.53,0.48,True,True,Advancing,Hold / Trend intact,0.2,0.56
2026-05-18,HEIDELBERG.NS,HeidelbergCement India Limited,Building Materials,Basic Materials,False,Cash,Stage 4,Stage 4 - Confirmed Downtrend,0.86,Price is below a bearish moving-average stack with falling trend signals.,watchlist,0.0,0.72,True,True,Weak Structure,Exit / Avoid,0.1,0.51
2026-05-18,HEMIPROP.NS,Hemisphere Properties India Limited,Real Estate,Real Estate,False,Cash,Stage 1,Stage 1 - Early Turn,0.66,The stock is improving from a repair/base area but has not confirmed a clean Stage 2 yet.,watchlist,2.52,2.21,False,False,Base Building,Watchlist / Early base,0.19,1.73
2026-05-18,HERITGFOOD.NS,Heritage Foods Limited,Packaged Foods,Consumer Defensive,False,Cash,Stage 4,Stage 4 - Weak/Declining,0.72,Price is below long-term support with weak trend evidence.,watchlist,3.8,1.32,False,False,Weak Structure,Exit / Avoid,0.22,1.52
2026-05-18,HEROMOTOCO.NS,Hero MotoCorp Limited,Auto Manufacturers,Consumer Cyclical,True,F&O,Stage 4,Stage 4 - Weak/Declining,0.72,Price is below long-term support with weak trend evidence.,watchlist,2.65,1.37,False,True,Weak Structure,Exit / Avoid,0.11,0.71
2026-05-18,HEXT.NS,Hexaware Technologies Limited,Information Technology Services,Technology,False,Cash,Stage 4,Stage 4 - Weak/Declining,0.72,Price is below long-term support with weak trend evidence.,watchlist,5.92,0.93,False,True,Weak Structure,Exit / Avoid,0.08,0.65
2026-05-18,HFCL.NS,HFCL Limited,Communication Equipment,Technology,False,Cash,Stage 2,Extended Stage 2,0.78,"Advancing structure remains intact, but price is stretched versus key moving averages or far above the 52-week low.",watchlist,54.22,1.84,False,False,Advancing,Hold / Trend intact,0.19,1.26
2026-05-18,HGINFRA.NS,H.G. Infra Engineering Limited,Engineering & Construction,Industrials,False,Cash,Stage 4,Stage 4 - Weak/Declining,0.72,Price is below long-term support with weak trend evidence.,watchlist,16.11,0.45,True,True,Weak Structure,Exit / Avoid,0.07,0.66
2026-05-18,HIKAL.NS,Hikal Limited,Drug Manufacturers - Specialty & Generic,Healthcare,False,Cash,Stage 4,Stage 4 - Weak/Declining,0.72,Price is below long-term support with weak trend evidence.,watchlist,12.79,1.07,False,True,Weak Structure,Exit / Avoid,0.17,0.58
2026-05-18,HINDALCO.NS,Hindalco Industries Limited,Basic Materials,Basic Materials,True,F&O,Stage 2,Clean Stage 2,0.9,"Price is above rising key averages, weekly structure is supportive, and the stock is near its 52-week high.",watchlist,59.55,0.7,True,True,Advancing,Hold / Trend intact,0.14,0.8
2026-05-18,HINDCOPPER.NS,Hindustan Copper Limited,Basic Materials,Basic Materials,False,Cash,Stage 2,Stage 2,0.76,Advancing structure detected.,watchlist,41.96,0.98,False,False,Advancing,Hold / Trend intact,0.8,1.39
2026-05-18,HINDPETRO.NS,Hindustan Petroleum Corporation Limited,Oil & Gas Refining & Marketing,Energy,True,F&O,Stage 4,Stage 4 - Weak/Declining,0.72,Price is below long-term support with weak trend evidence.,watchlist,0.0,0.95,False,False,Weak Structure,Exit / Avoid,0.28,1.1
2026-05-18,HINDUNILVR.NS,Hindustan Unilever Limited,Household & Personal Products,Consumer Defensive,True,F&O,Stage 4,Stage 4 - Weak/Declining,0.72,Price is below long-term support with weak trend evidence.,watchlist,13.26,0.63,True,True,Weak Structure,Exit / Avoid,0.08,0.51
2026-05-18,HINDZINC.NS,Hindustan Zinc Limited,Basic Materials,Basic Materials,True,F&O,Stage 2,Stage 2,0.76,Advancing structure detected.,watchlist,49.08,1.1,False,False,Advancing,Hold / Trend intact,0.29,1.37
2026-05-18,HIRECT.NS,Hind Rectifiers Limited,Electrical Equipment & Parts,Industrials,False,Cash,Stage 2,Early Stage 2,0.72,"Price has moved above long-term structure, but the full moving-average stack is not clean yet.",watchlist,59.91,0.8,True,False,Advancing,Hold / Trend intact,1.42,1.07
2026-05-18,HNDFDS.NS,Hindustan Foods Limited,Conglomerates,Industrials,False,Cash,Stage 4,Stage 4 - Weak/Declining,0.72,Price is below long-term support with weak trend evidence.,watchlist,25.46,1.26,False,True,Weak Structure,Exit / Avoid,0.12,0.86
2026-05-18,HOMEFIRST.NS,Home First Finance Company India Limited,Mortgage Finance,Financial Services,False,Cash,Stage 4,Stage 4 - Confirmed Downtrend,0.86,Price is below a bearish moving-average stack with falling trend signals.,watchlist,4.79,0.75,True,True,Weak Structure,Exit / Avoid,0.08,0.62
2026-05-18,HONASA.NS,Honasa Consumer Limited,Household & Personal Products,Consumer Defensive,False,Cash,Stage 2,Clean Stage 2,0.9,"Price is above rising key averages, weekly structure is supportive, and the stock is near its 52-week high.",watchlist,40.4,0.74,True,True,Advancing,Hold / Trend intact,0.12,0.81
2026-05-18,HONAUT.NS,Honeywell Automation India Limited,Electrical Equipment & Parts,Industrials,False,Cash,Stage 4,Stage 4 - Confirmed Downtrend,0.86,Price is below a bearish moving-average stack with falling trend signals.,watchlist,10.0,0.73,True,True,Weak Structure,Exit / Avoid,0.13,0.59
2026-05-18,HSCL.NS,Himadri Speciality Chemical Limited,Specialty Chemicals,Basic Materials,False,Cash,Stage 2,Stage 2,0.76,Advancing structure detected.,watchlist,45.49,1.64,False,False,Advancing,Hold / Trend intact,0.34,1.38
2026-05-18,HUBTOWN.NS,Hubtown Limited,Real Estate,Real Estate,False,Cash,Stage 4,Stage 4 - Confirmed Downtrend,0.86,Price is below a bearish moving-average stack with falling trend signals.,watchlist,21.61,1.32,False,False,Weak Structure,Exit / Avoid,0.13,1.09
2026-05-18,HUDCO.NS,Housing & Urban Development Corporation Limited,Credit Services,Financial Services,False,Cash,Stage 1,Stage 1 - Unclear/Repair,0.58,Not enough evidence for Stage 2 or Stage 4; classified as repair/unclear structure.,watchlist,12.88,1.13,False,False,Base Building,Watchlist / Early base,0.22,1.28
2026-05-18,HYUNDAI.NS,Hyundai Motor India Limited,Auto Manufacturers,Consumer Cyclical,True,F&O,Stage 4,Stage 4 - Confirmed Downtrend,0.86,Price is below a bearish moving-average stack with falling trend signals.,watchlist,2.88,1.17,False,False,Weak Structure,Exit / Avoid,0.29,1.02
2026-05-18,ICICIBANK.NS,ICICI Bank Limited,Banks - Regional,Financial Services,True,F&O,Stage 4,Stage 4 - Confirmed Downtrend,0.86,Price is below a bearish moving-average stack with falling trend signals.,watchlist,2.0,0.94,False,True,Weak Structure,Exit / Avoid,0.1,0.82
2026-05-18,ICICIGI.NS,ICICI Lombard General Insurance Company Limited,Financial Services,Financial Services,True,F&O,Stage 4,Stage 4 - Weak/Declining,0.72,Price is below long-term support with weak trend evidence.,watchlist,12.68,0.85,True,True,Weak Structure,Exit / Avoid,0.08,0.6
2026-05-18,ICICIPRULI.NS,ICICI Prudential Life Insurance Company Limited,Insurance - Life,Financial Services,True,F&O,Stage 4,Stage 4 - Confirmed Downtrend,0.86,Price is below a bearish moving-average stack with falling trend signals.,watchlist,4.67,0.84,True,True,Weak Structure,Exit / Avoid,1.54,0.69
2026-05-18,ICIL.NS,Indo Count Industries Limited,Textile Manufacturing,Consumer Cyclical,False,Cash,Stage 1,Stage 1 - Unclear/Repair,0.58,Not enough evidence for Stage 2 or Stage 4; classified as repair/unclear structure.,watchlist,7.11,0.76,True,True,Base Building,Watchlist / Early base,0.1,0.42
2026-05-18,ICRA.NS,ICRA Limited,Financial Services,Financial Services,False,Cash,Stage 4,Stage 4 - Confirmed Downtrend,0.86,Price is below a bearish moving-average stack with falling trend signals.,watchlist,10.4,0.68,True,True,Weak Structure,Exit / Avoid,0.14,0.64
2026-05-18,IDBI.NS,IDBI Bank Limited,Banks - Regional,Financial Services,False,Cash,Stage 4,Stage 4 - Weak/Declining,0.72,Price is below long-term support with weak trend evidence.,watchlist,2.0,0.25,True,True,Weak Structure,Exit / Avoid,0.15,0.23
2026-05-18,IDEAFORGE.NS,Ideaforge Technology Limited,Technology,Technology,False,Cash,Stage 2,Extended Stage 2,0.78,"Advancing structure remains intact, but price is stretched versus key moving averages or far above the 52-week low.",watchlist,43.96,1.69,False,False,Advancing,Hold / Trend intact,0.23,1.11
2026-05-18,IDFCFIRSTB.NS,IDFC First Bank Limited,Banks - Regional,Financial Services,True,F&O,Stage 4,Stage 4 - Weak/Declining,0.72,Price is below long-term support with weak trend evidence.,watchlist,4.34,0.75,True,True,Weak Structure,Exit / Avoid,0.21,0.78
2026-05-18,IEX.NS,Indian Energy Exchange Limited,Capital Markets,Financial Services,True,F&O,Stage 4,Stage 4 - Weak/Declining,0.72,Price is below long-term support with weak trend evidence.,watchlist,6.42,0.82,True,True,Weak Structure,Exit / Avoid,0.13,0.63
2026-05-18,IFBIND.NS,IFB Industries Limited,"Furnishings, Fixtures & Appliances",Consumer Cyclical,False,Cash,Stage 4,Stage 4 - Weak/Declining,0.72,Price is below long-term support with weak trend evidence.,watchlist,7.2,0.84,True,True,Weak Structure,Exit / Avoid,0.12,0.84
2026-05-18,IFCI.NS,IFCI Limited,Credit Services,Financial Services,False,Cash,Stage 2,Stage 2,0.76,Advancing structure detected.,watchlist,34.76,1.42,False,False,Advancing,Hold / Trend intact,0.2,1.41
2026-05-18,IGIL.NS,International Gemological Institute Limited,Basic Materials,Basic Materials,False,Cash,Stage 4,Stage 4 - Weak/Declining,0.72,Price is below long-term support with weak trend evidence.,watchlist,27.59,0.49,True,True,Weak Structure,Exit / Avoid,0.16,0.44
2026-05-18,IGL.NS,Indraprastha Gas Limited,Utilities,Utilities,False,Cash,Stage 4,Stage 4 - Confirmed Downtrend,0.86,Price is below a bearish moving-average stack with falling trend signals.,watchlist,11.8,0.71,True,True,Weak Structure,Exit / Avoid,0.1,0.62
2026-05-18,IIFL.NS,IIFL Finance Limited,Credit Services,Financial Services,False,Cash,Stage 4,Stage 4 - Weak/Declining,0.72,Price is below long-term support with weak trend evidence.,watchlist,26.22,1.92,False,False,Weak Structure,Exit / Avoid,0.06,3.09
2026-05-18,IIFLCAPS.NS,IIFL Capital Services Limited,Capital Markets,Financial Services,False,Cash,Stage 2,Early Stage 2,0.72,"Price has moved above long-term structure, but the full moving-average stack is not clean yet.",watchlist,24.47,1.23,False,False,Advancing,Hold / Trend intact,0.26,0.91
2026-05-18,IKS.NS,Inventurus Knowledge Solutions Limited,Healthcare,Healthcare,False,Cash,Stage 1,Stage 1 - Base/Repair,0.7,Price is near long-term moving averages with no strong long-term downtrend signal.,watchlist,14.15,0.7,True,True,Base Building,Watchlist / Early base,0.12,0.79
2026-05-18,IMAGICAA.NS,Imagicaaworld Entertainment Limited,Communication Services,Communication Services,False,Cash,Stage 4,Stage 4 - Confirmed Downtrend,0.86,Price is below a bearish moving-average stack with falling trend signals.,watchlist,0.36,0.62,True,True,Weak Structure,Exit / Avoid,0.46,0.71
2026-05-18,IMFA.NS,Indian Metals & Ferro Alloys Limited,Basic Materials,Basic Materials,False,Cash,Stage 2,Stage 2,0.76,Advancing structure detected.,watchlist,60.66,0.97,False,True,Advancing,Hold / Trend intact,0.12,0.85
2026-05-18,INDGN.NS,Indegene Limited,Healthcare,Healthcare,False,Cash,Stage 1,Stage 1 - Early Turn,0.66,The stock is improving from a repair/base area but has not confirmed a clean Stage 2 yet.,watchlist,3.5,0.72,True,True,Base Building,Watchlist / Early base,0.22,0.49
2026-05-18,INDHOTEL.NS,The Indian Hotels Company Limited,Lodging,Consumer Cyclical,True,F&O,Stage 4,Stage 4 - Weak/Declining,0.72,Price is below long-term support with weak trend evidence.,watchlist,8.18,0.95,False,False,Weak Structure,Exit / Avoid,0.13,1.28
2026-05-18,INDIACEM.NS,The India Cements Limited,Building Materials,Basic Materials,False,Cash,Stage 1,Stage 1 - Base/Repair,0.7,Price is near long-term moving averages with no strong long-term downtrend signal.,watchlist,13.0,0.27,True,True,Base Building,Watchlist / Early base,0.03,0.16
2026-05-18,INDIAGLYCO.NS,India Glycols Limited,Chemicals,Basic Materials,False,Cash,Stage 2,Early Stage 2,0.72,"Price has moved above long-term structure, but the full moving-average stack is not clean yet.",watchlist,52.97,1.46,False,False,Advancing,Hold / Trend intact,0.23,1.26
2026-05-18,INDIAMART.NS,Indiamart Intermesh Limited,Communication Services,Communication Services,False,Cash,Stage 4,Stage 4 - Confirmed Downtrend,0.86,Price is below a bearish moving-average stack with falling trend signals.,watchlist,16.61,0.68,True,True,Weak Structure,Exit / Avoid,0.11,0.45
2026-05-18,INDIANB.NS,Indian Bank,Banks - Regional,Financial Services,True,F&O,Stage 1,Stage 1 - Base/Repair,0.7,Price is near long-term moving averages with no strong long-term downtrend signal.,watchlist,2.5,0.96,False,True,Base Building,Watchlist / Early base,0.11,0.82
2026-05-18,INDIASHLTR.NS,India Shelter Finance Corporation Limited,Mortgage Finance,Financial Services,False,Cash,Stage 4,Stage 4 - Weak/Declining,0.72,Price is below long-term support with weak trend evidence.,watchlist,4.71,0.94,False,True,Weak Structure,Exit / Avoid,0.09,0.88
2026-05-18,INDIGO.NS,InterGlobe Aviation Limited,Industrials,Industrials,True,F&O,Stage 4,Stage 4 - Confirmed Downtrend,0.86,Price is below a bearish moving-average stack with falling trend signals.,watchlist,16.11,0.64,True,True,Weak Structure,Exit / Avoid,0.06,0.42
2026-05-18,INDIGOPNTS.NS,Indigo Paints Limited,Specialty Chemicals,Basic Materials,False,Cash,Stage 4,Stage 4 - Weak/Declining,0.72,Price is below long-term support with weak trend evidence.,watchlist,6.44,1.03,False,True,Weak Structure,Exit / Avoid,0.23,0.9
2026-05-18,INDOSTAR.NS,IndoStar Capital Finance Limited,Credit Services,Financial Services,False,Cash,Stage 4,Stage 4 - Confirmed Downtrend,0.86,Price is below a bearish moving-average stack with falling trend signals.,watchlist,20.91,0.47,True,True,Weak Structure,Exit / Avoid,0.18,0.37
2026-05-18,INDOTECH.NS,Indo Tech Transformers Limited,Electrical Equipment & Parts,Industrials,False,Cash,Stage 2,Extended Stage 2,0.78,"Advancing structure remains intact, but price is stretched versus key moving averages or far above the 52-week low.",watchlist,35.92,1.16,False,True,Advancing,Hold / Trend intact,0.07,0.58
2026-05-18,INDOTHAI.NS,Indo Thai Securities Limited,Capital Markets,Financial Services,False,Cash,Stage 1,Stage 1 - Base/Repair,0.7,Price is near long-term moving averages with no strong long-term downtrend signal.,watchlist,22.41,0.84,True,True,Base Building,Watchlist / Early base,0.09,0.43
2026-05-18,INDRAMEDCO.NS,Indraprastha Medical Corporation Limited,Medical Care Facilities,Healthcare,False,Cash,Stage 4,Stage 4 - Weak/Declining,0.72,Price is below long-term support with weak trend evidence.,watchlist,26.11,1.34,False,False,Weak Structure,Exit / Avoid,0.44,1.35
2026-05-18,INDUSINDBK.NS,IndusInd Bank Limited,Banks - Regional,Financial Services,True,F&O,Stage 1,Stage 1 - Base/Repair,0.7,Price is near long-term moving averages with no strong long-term downtrend signal.,watchlist,7.51,0.5,True,True,Base Building,Watchlist / Early base,0.09,0.4
2026-05-18,INDUSTOWER.NS,Indus Towers Limited,Telecom Services,Communication Services,True,F&O,Stage 1,Stage 1 - Base/Repair,0.7,Price is near long-term moving averages with no strong long-term downtrend signal.,watchlist,15.47,1.27,False,False,Base Building,Watchlist / Early base,0.28,1.14
2026-05-18,INFY.NS,Infosys Limited,Information Technology Services,Technology,True,F&O,Stage 4,Stage 4 - Confirmed Downtrend,0.86,Price is below a bearish moving-average stack with falling trend signals.,watchlist,4.75,0.84,True,False,Weak Structure,Exit / Avoid,0.16,1.03
2026-05-18,INGERRAND.NS,Ingersoll Rand (India) Limited,Specialty Industrial Machinery,Industrials,False,Cash,Stage 2,Early Stage 2,0.72,"Price has moved above long-term structure, but the full moving-average stack is not clean yet.",watchlist,49.25,1.03,False,True,Advancing,Hold / Trend intact,0.25,0.72
2026-05-18,INNOVACAP.NS,Innova Captab Limited,Drug Manufacturers - Specialty & Generic,Healthcare,False,Cash,Stage 1,Stage 1 - Early Turn,0.66,The stock is improving from a repair/base area but has not confirmed a clean Stage 2 yet.,watchlist,38.09,1.15,False,True,Base Building,Watchlist / Early base,0.07,0.65
2026-05-18,INOXGREEN.NS,Inox Green Energy Services Limited,Utilities - Renewable,Utilities,False,Cash,Stage 1,Stage 1 - Unclear/Repair,0.58,Not enough evidence for Stage 2 or Stage 4; classified as repair/unclear structure.,watchlist,9.5,0.52,True,True,Base Building,Watchlist / Early base,0.07,0.34
2026-05-18,INOXINDIA.NS,INOX India Limited,Specialty Industrial Machinery,Industrials,False,Cash,Stage 2,Stage 2,0.76,Advancing structure detected.,watchlist,70.53,1.24,False,False,Advancing,Hold / Trend intact,0.21,0.91
2026-05-18,INOXWIND.NS,Inox Wind Limited,Specialty Industrial Machinery,Industrials,True,F&O,Stage 4,Stage 4 - Weak/Declining,0.72,Price is below long-term support with weak trend evidence.,watchlist,11.8,0.91,False,True,Weak Structure,Exit / Avoid,0.19,0.56
2026-05-18,INTELLECT.NS,Intellect Design Arena Limited,Software - Application,Technology,False,Cash,Stage 4,Stage 4 - Weak/Declining,0.72,Price is below long-term support with weak trend evidence.,watchlist,4.59,1.79,False,True,Weak Structure,Exit / Avoid,0.09,0.75
2026-05-18,INTERARCH.NS,Interarch Building Solutions Limited,Engineering & Construction,Industrials,False,Cash,Stage 4,Stage 4 - Weak/Declining,0.72,Price is below long-term support with weak trend evidence.,watchlist,2.79,1.88,False,False,Weak Structure,Exit / Avoid,0.88,3.4
2026-05-18,IOC.NS,Indian Oil Corporation Limited,Oil & Gas Refining & Marketing,Energy,True,F&O,Stage 4,Stage 4 - Weak/Declining,0.72,Price is below long-term support with weak trend evidence.,watchlist,1.8,0.74,True,True,Weak Structure,Exit / Avoid,0.26,0.9
2026-05-18,IOLCP.NS,IOL Chemicals and Pharmaceuticals Limited,Drug Manufacturers - Specialty & Generic,Healthcare,False,Cash,Stage 1,Stage 1 - Early Turn,0.66,The stock is improving from a repair/base area but has not confirmed a clean Stage 2 yet.,watchlist,41.94,2.03,False,False,Base Building,Watchlist / Early base,0.27,1.97
2026-05-18,IONEXCHANG.NS,ION Exchange (India) Limited,Industrials,Industrials,False,Cash,Stage 4,Stage 4 - Weak/Declining,0.72,Price is below long-term support with weak trend evidence.,watchlist,17.48,0.93,False,True,Weak Structure,Exit / Avoid,0.21,0.55
2026-05-18,IPCALAB.NS,IPCA Laboratories Limited,Drug Manufacturers - Specialty & Generic,Healthcare,False,Cash,Stage 2,Clean Stage 2,0.9,"Price is above rising key averages, weekly structure is supportive, and the stock is near its 52-week high.",watchlist,53.86,1.5,False,False,Advancing,Hold / Trend intact,0.28,2.02
2026-05-18,IRCON.NS,Ircon International Limited,Engineering & Construction,Industrials,False,Cash,Stage 4,Stage 4 - Weak/Declining,0.72,Price is below long-term support with weak trend evidence.,watchlist,1.8,0.71,True,True,Weak Structure,Exit / Avoid,0.16,0.49
2026-05-18,IRCTC.NS,Indian Railway Catering And Tourism Corporation Limited,Consumer Cyclical,Consumer Cyclical,False,Cash,Stage 4,Stage 4 - Confirmed Downtrend,0.86,Price is below a bearish moving-average stack with falling trend signals.,watchlist,0.0,0.84,True,True,Weak Structure,Exit / Avoid,0.19,0.55
2026-05-18,IREDA.NS,Indian Renewable Energy Development Agency Limited,Credit Services,Financial Services,True,F&O,Stage 4,Stage 4 - Weak/Declining,0.72,Price is below long-term support with weak trend evidence.,watchlist,8.7,0.62,True,True,Weak Structure,Exit / Avoid,0.17,0.71
2026-05-18,IRFC.NS,Indian Railway Finance Corporation Limited,Credit Services,Financial Services,True,F&O,Stage 4,Stage 4 - Confirmed Downtrend,0.86,Price is below a bearish moving-average stack with falling trend signals.,watchlist,3.8,0.71,True,True,Weak Structure,Exit / Avoid,0.25,0.79
2026-05-18,ISGEC.NS,Isgec Heavy Engineering Limited,Specialty Industrial Machinery,Industrials,False,Cash,Stage 2,Early Stage 2,0.72,"Price has moved above long-term structure, but the full moving-average stack is not clean yet.",watchlist,60.7,0.53,True,True,Advancing,Hold / Trend intact,0.2,0.53
2026-05-18,ITC.NS,ITC Limited,Consumer Defensive,Consumer Defensive,True,F&O,Stage 4,Stage 4 - Weak/Declining,0.72,Price is below long-term support with weak trend evidence.,watchlist,21.83,0.78,True,True,Weak Structure,Exit / Avoid,0.1,0.56
2026-05-18,ITCHOTELS.NS,ITC Hotels Limited,Consumer Cyclical,Consumer Cyclical,False,Cash,Stage 4,Stage 4 - Confirmed Downtrend,0.86,Price is below a bearish moving-average stack with falling trend signals.,watchlist,1.8,0.53,True,True,Weak Structure,Exit / Avoid,0.38,0.53
2026-05-18,ITDC.NS,India Tourism Development Corporation Limited,Lodging,Consumer Cyclical,False,Cash,Stage 4,Stage 4 - Weak/Declining,0.72,Price is below long-term support with weak trend evidence.,watchlist,0.0,0.06,True,True,Weak Structure,Exit / Avoid,0.0,0.03
2026-05-18,ITI.NS,ITI Limited,Communication Equipment,Technology,False,Cash,Stage 4,Stage 4 - Weak/Declining,0.72,Price is below long-term support with weak trend evidence.,watchlist,14.55,0.07,True,True,Weak Structure,Exit / Avoid,0.02,0.05
2026-05-18,IXIGO.NS,Le Travenues Technology Limited,Consumer Cyclical,Consumer Cyclical,False,Cash,Stage 4,Stage 4 - Confirmed Downtrend,0.86,Price is below a bearish moving-average stack with falling trend signals.,watchlist,1.8,0.43,True,True,Weak Structure,Exit / Avoid,0.06,0.5
2026-05-18,J&KBANK.NS,The Jammu & Kashmir Bank Limited,Banks - Regional,Financial Services,False,Cash,Stage 2,Stage 2,0.76,Advancing structure detected.,watchlist,21.43,0.9,False,True,Advancing,Hold / Trend intact,0.13,0.43
2026-05-18,JAIBALAJI.NS,Jai Balaji Industries Limited,Steel,Basic Materials,False,Cash,Stage 4,Stage 4 - Weak/Declining,0.72,Price is below long-term support with weak trend evidence.,watchlist,26.26,0.84,True,True,Weak Structure,Exit / Avoid,0.2,0.82
2026-05-18,JAMNAAUTO.NS,Jamna Auto Industries Limited,Auto Parts,Consumer Cyclical,False,Cash,Stage 1,Stage 1 - Base/Repair,0.7,Price is near long-term moving averages with no strong long-term downtrend signal.,watchlist,3.79,0.94,False,True,Base Building,Watchlist / Early base,0.27,0.66
2026-05-18,JASH.NS,Jash Engineering Limited,Specialty Industrial Machinery,Industrials,False,Cash,Stage 4,Stage 4 - Weak/Declining,0.72,Price is below long-term support with weak trend evidence.,watchlist,19.95,0.7,True,True,Weak Structure,Exit / Avoid,0.32,0.58
2026-05-18,JAYNECOIND.NS,Jayaswal Neco Industries Limited,Steel,Basic Materials,False,Cash,Stage 2,Extended Stage 2,0.78,"Advancing structure remains intact, but price is stretched versus key moving averages or far above the 52-week low.",watchlist,70.93,0.72,True,True,Advancing,Hold / Trend intact,0.19,0.69
2026-05-18,JBCHEPHARM.NS,JB Chemicals & Pharmaceuticals Limited,Drug Manufacturers - Specialty & Generic,Healthcare,False,Cash,Stage 2,Clean Stage 2,0.9,"Price is above rising key averages, weekly structure is supportive, and the stock is near its 52-week high.",watchlist,41.06,1.0,False,False,Advancing,Hold / Trend intact,0.16,1.02
2026-05-18,JBMA.NS,JBM Auto Limited,Auto Parts,Consumer Cyclical,False,Cash,Stage 1,Stage 1 - Early Turn,0.66,The stock is improving from a repair/base area but has not confirmed a clean Stage 2 yet.,watchlist,18.66,0.84,True,True,Base Building,Watchlist / Early base,0.09,0.53
2026-05-18,JINDALPOLY.NS,Jindal Poly Films Limited,Consumer Cyclical,Consumer Cyclical,False,Cash,Stage 1,Stage 1 - Unclear/Repair,0.58,Not enough evidence for Stage 2 or Stage 4; classified as repair/unclear structure.,watchlist,9.55,0.08,True,True,Base Building,Watchlist / Early base,0.04,0.06
2026-05-18,JINDALSAW.NS,Jindal Saw Limited,Steel,Basic Materials,False,Cash,Stage 2,Early Stage 2,0.72,"Price has moved above long-term structure, but the full moving-average stack is not clean yet.",watchlist,49.49,0.22,True,True,Advancing,Hold / Trend intact,0.12,0.16
2026-05-18,JINDALSTEL.NS,JINDAL STEEL LIMITED,Steel,Basic Materials,True,F&O,Stage 2,Early Stage 2,0.72,"Price has moved above long-term structure, but the full moving-average stack is not clean yet.",watchlist,39.98,0.78,True,True,Advancing,Hold / Trend intact,0.12,0.68
2026-05-18,JIOFIN.NS,Jio Financial Services Limited,Asset Management,Financial Services,True,F&O,Stage 4,Stage 4 - Confirmed Downtrend,0.86,Price is below a bearish moving-average stack with falling trend signals.,watchlist,11.02,0.69,True,True,Weak Structure,Exit / Avoid,0.12,0.66
2026-05-18,JISLJALEQS.NS,Jain Irrigation Systems Limited,Conglomerates,Industrials,False,Cash,Stage 4,Stage 4 - Confirmed Downtrend,0.86,Price is below a bearish moving-average stack with falling trend signals.,watchlist,18.11,0.85,False,True,Weak Structure,Exit / Avoid,0.28,0.73
2026-05-18,JKCEMENT.NS,JK Cement Limited,Building Materials,Basic Materials,False,Cash,Stage 4,Stage 4 - Confirmed Downtrend,0.86,Price is below a bearish moving-average stack with falling trend signals.,watchlist,22.33,0.67,True,True,Weak Structure,Exit / Avoid,0.06,0.54
2026-05-18,JKIL.NS,J.Kumar Infraprojects Limited,Engineering & Construction,Industrials,False,Cash,Stage 4,Stage 4 - Confirmed Downtrend,0.86,Price is below a bearish moving-average stack with falling trend signals.,watchlist,0.0,0.44,True,True,Weak Structure,Exit / Avoid,0.07,0.4
2026-05-18,JKLAKSHMI.NS,JK Lakshmi Cement Limited,Building Materials,Basic Materials,False,Cash,Stage 4,Stage 4 - Weak/Declining,0.72,Price is below long-term support with weak trend evidence.,watchlist,1.44,0.81,True,False,Weak Structure,Exit / Avoid,0.09,1.22
2026-05-18,JKPAPER.NS,JK Paper Limited,Basic Materials,Basic Materials,False,Cash,Stage 1,Stage 1 - Early Turn,0.66,The stock is improving from a repair/base area but has not confirmed a clean Stage 2 yet.,watchlist,40.64,1.44,False,False,Base Building,Watchlist / Early base,0.23,1.29
2026-05-18,JKTYRE.NS,JK Tyre & Industries Limited,Auto Parts,Consumer Cyclical,False,Cash,Stage 4,Stage 4 - Weak/Declining,0.72,Price is below long-term support with weak trend evidence.,watchlist,7.54,0.52,True,True,Weak Structure,Exit / Avoid,0.26,0.49
2026-05-18,JLHL.NS,Jupiter Life Line Hospitals Limited,Medical Care Facilities,Healthcare,False,Cash,Stage 4,Stage 4 - Weak/Declining,0.72,Price is below long-term support with weak trend evidence.,watchlist,26.55,2.33,False,False,Weak Structure,Exit / Avoid,0.18,2.65
2026-05-18,JMFINANCIL.NS,JM Financial Limited,Capital Markets,Financial Services,False,Cash,Stage 4,Stage 4 - Weak/Declining,0.72,Price is below long-term support with weak trend evidence.,watchlist,23.4,0.63,True,True,Weak Structure,Exit / Avoid,0.16,0.5
2026-05-18,JSFB.NS,Jana Small Finance Bank Limited,Banks - Regional,Financial Services,False,Cash,Stage 2,Early Stage 2,0.72,"Price has moved above long-term structure, but the full moving-average stack is not clean yet.",watchlist,54.87,1.38,False,False,Advancing,Hold / Trend intact,0.16,1.86
2026-05-18,JSL.NS,Jindal Stainless Limited,Steel,Basic Materials,False,Cash,Stage 1,Stage 1 - Base/Repair,0.7,Price is near long-term moving averages with no strong long-term downtrend signal.,watchlist,14.91,0.75,True,True,Base Building,Watchlist / Early base,0.11,0.63
2026-05-18,JSLL.NS,Jeena Sikho Lifecare Limited,Medical Care Facilities,Healthcare,False,Cash,Stage 4,Stage 4 - Weak/Declining,0.72,Price is below long-term support with weak trend evidence.,watchlist,6.44,1.65,False,False,Weak Structure,Exit / Avoid,0.25,1.35
2026-05-18,JSWENERGY.NS,JSW Energy Limited,Utilities,Utilities,True,F&O,Stage 2,Early Stage 2,0.72,"Price has moved above long-term structure, but the full moving-average stack is not clean yet.",watchlist,52.99,0.97,False,False,Advancing,Hold / Trend intact,0.35,1.27
2026-05-18,JSWHL.NS,JSW Holdings Limited,Conglomerates,Industrials,False,Cash,Stage 4,Stage 4 - Confirmed Downtrend,0.86,Price is below a bearish moving-average stack with falling trend signals.,watchlist,3.8,0.56,True,True,Weak Structure,Exit / Avoid,0.11,0.53
2026-05-18,JSWINFRA.NS,JSW Infrastructure Limited,Marine Shipping,Industrials,False,Cash,Stage 4,Stage 4 - Weak/Declining,0.72,Price is below long-term support with weak trend evidence.,watchlist,20.45,1.09,False,True,Weak Structure,Exit / Avoid,0.16,0.81
2026-05-18,JSWSTEEL.NS,JSW Steel Limited,Steel,Basic Materials,True,F&O,Stage 2,Clean Stage 2,0.9,"Price is above rising key averages, weekly structure is supportive, and the stock is near its 52-week high.",watchlist,42.51,0.89,False,False,Advancing,Hold / Trend intact,0.32,1.23
2026-05-18,JTEKTINDIA.NS,Jtekt India Limited,Auto Parts,Consumer Cyclical,False,Cash,Stage 4,Stage 4 - Confirmed Downtrend,0.86,Price is below a bearish moving-average stack with falling trend signals.,watchlist,3.8,1.53,False,False,Weak Structure,Exit / Avoid,0.12,1.82
2026-05-18,JTLIND.NS,JTL INDUSTRIES LIMITED,Steel,Basic Materials,False,Cash,Stage 4,Stage 4 - Weak/Declining,0.72,Price is below long-term support with weak trend evidence.,watchlist,12.22,0.74,True,True,Weak Structure,Exit / Avoid,0.06,0.56
2026-05-18,JUBLCPL.NS,Jubilant Agri and Consumer Products Limited,Specialty Chemicals,Basic Materials,False,Cash,Stage 1,Stage 1 - Unclear/Repair,0.58,Not enough evidence for Stage 2 or Stage 4; classified as repair/unclear structure.,watchlist,13.32,0.59,True,True,Base Building,Watchlist / Early base,0.08,0.45
2026-05-18,JUBLFOOD.NS,Jubilant Foodworks Limited,Consumer Cyclical,Consumer Cyclical,True,F&O,Stage 4,Stage 4 - Confirmed Downtrend,0.86,Price is below a bearish moving-average stack with falling trend signals.,watchlist,0.0,0.46,True,True,Weak Structure,Exit / Avoid,0.08,0.46
2026-05-18,JUBLINGREA.NS,Jubilant Ingrevia Limited,Specialty Chemicals,Basic Materials,False,Cash,Stage 2,Early Stage 2,0.72,"Price has moved above long-term structure, but the full moving-average stack is not clean yet.",watchlist,41.2,0.61,True,True,Advancing,Hold / Trend intact,0.06,0.44
2026-05-18,JUBLPHARMA.NS,Jubilant Pharmova Limited,Drug Manufacturers - Specialty & Generic,Healthcare,False,Cash,Stage 1,Stage 1 - Early Turn,0.66,The stock is improving from a repair/base area but has not confirmed a clean Stage 2 yet.,watchlist,13.65,0.69,True,True,Base Building,Watchlist / Early base,0.12,0.52
2026-05-18,JUNIPER.NS,Juniper Hotels Limited,Lodging,Consumer Cyclical,False,Cash,Stage 4,Stage 4 - Confirmed Downtrend,0.86,Price is below a bearish moving-average stack with falling trend signals.,watchlist,0.0,0.45,True,True,Weak Structure,Exit / Avoid,0.23,0.48
2026-05-18,JUSTDIAL.NS,Just Dial Limited,Communication Services,Communication Services,False,Cash,Stage 4,Stage 4 - Confirmed Downtrend,0.86,Price is below a bearish moving-average stack with falling trend signals.,watchlist,7.82,0.63,True,True,Weak Structure,Exit / Avoid,0.17,0.48
2026-05-18,JWL.NS,Jupiter Wagons Limited,Industrials,Industrials,False,Cash,Stage 4,Stage 4 - Confirmed Downtrend,0.86,Price is below a bearish moving-average stack with falling trend signals.,watchlist,16.66,0.47,True,True,Weak Structure,Exit / Avoid,0.13,0.33
2026-05-18,JYOTHYLAB.NS,Jyothy Labs Limited,Household & Personal Products,Consumer Defensive,False,Cash,Stage 4,Stage 4 - Weak/Declining,0.72,Price is below long-term support with weak trend evidence.,watchlist,5.0,1.18,False,False,Weak Structure,Exit / Avoid,0.21,0.9
2026-05-18,JYOTICNC.NS,Jyoti CNC Automation Limited,Specialty Industrial Machinery,Industrials,False,Cash,Stage 4,Stage 4 - Confirmed Downtrend,0.86,Price is below a bearish moving-average stack with falling trend signals.,watchlist,17.39,0.46,True,True,Weak Structure,Exit / Avoid,0.11,0.49
2026-05-18,KAJARIACER.NS,Kajaria Ceramics Limited,Building Products & Equipment,Industrials,False,Cash,Stage 4,Stage 4 - Weak/Declining,0.72,Price is below long-term support with weak trend evidence.,watchlist,26.62,0.73,True,True,Weak Structure,Exit / Avoid,0.06,0.36
2026-05-18,KALYANKJIL.NS,Kalyan Jewellers India Limited,Luxury Goods,Consumer Cyclical,True,F&O,Stage 4,Stage 4 - Confirmed Downtrend,0.86,Price is below a bearish moving-average stack with falling trend signals.,watchlist,5.0,2.3,False,False,Weak Structure,Exit / Avoid,0.19,2.62
2026-05-18,KANSAINER.NS,Kansai Nerolac Paints Limited,Specialty Chemicals,Basic Materials,False,Cash,Stage 4,Stage 4 - Weak/Declining,0.72,Price is below long-term support with weak trend evidence.,watchlist,11.62,2.19,False,False,Weak Structure,Exit / Avoid,0.17,1.18
2026-05-18,KARURVYSYA.NS,Karur Vysya Bank Limited,Banks - Regional,Financial Services,False,Cash,Stage 2,Stage 2,0.76,Advancing structure detected.,watchlist,17.48,1.15,False,False,Advancing,Hold / Trend intact,0.1,0.99
2026-05-18,KAYNES.NS,Kaynes Technology India Limited,Electronic Components,Technology,True,F&O,Stage 4,Stage 4 - Weak/Declining,0.72,Price is below long-term support with weak trend evidence.,watchlist,24.72,1.72,False,False,Weak Structure,Exit / Avoid,0.51,2.97
2026-05-18,KDDL.NS,KDDL Limited,Luxury Goods,Consumer Cyclical,False,Cash,Stage 4,Stage 4 - Weak/Declining,0.72,Price is below long-term support with weak trend evidence.,watchlist,0.0,1.26,False,False,Weak Structure,Exit / Avoid,0.17,0.94
2026-05-18,KEC.NS,KEC International Limited,Engineering & Construction,Industrials,False,Cash,Stage 4,Stage 4 - Confirmed Downtrend,0.86,Price is below a bearish moving-average stack with falling trend signals.,watchlist,1.8,1.08,False,True,Weak Structure,Exit / Avoid,0.62,0.69
2026-05-18,KEI.NS,KEI Industries Limited,Electrical Equipment & Parts,Industrials,True,F&O,Stage 2,Clean Stage 2,0.9,"Price is above rising key averages, weekly structure is supportive, and the stock is near its 52-week high.",watchlist,42.38,1.26,False,True,Advancing,Hold / Trend intact,0.24,0.75
2026-05-18,KERNEX.NS,Kernex Microsystems (India) Limited,Software - Application,Technology,False,Cash,Stage 2,Early Stage 2,0.72,"Price has moved above long-term structure, but the full moving-average stack is not clean yet.",watchlist,20.96,1.69,False,False,Advancing,Hold / Trend intact,0.2,0.96
2026-05-18,KFINTECH.NS,Kfin Technologies Limited,Software - Application,Technology,True,F&O,Stage 4,Stage 4 - Confirmed Downtrend,0.86,Price is below a bearish moving-average stack with falling trend signals.,watchlist,0.0,1.11,False,False,Weak Structure,Exit / Avoid,0.35,1.08
2026-05-18,KIMS.NS,Krishna Institute of Medical Sciences Limited,Medical Care Facilities,Healthcare,False,Cash,Stage 2,Early Stage 2,0.72,"Price has moved above long-term structure, but the full moving-average stack is not clean yet.",watchlist,45.64,1.71,False,False,Advancing,Hold / Trend intact,0.2,1.26
2026-05-18,KINGFA.NS,Kingfa Science & Technology (India) Limited,Specialty Chemicals,Basic Materials,False,Cash,Stage 2,Clean Stage 2,0.9,"Price is above rising key averages, weekly structure is supportive, and the stock is near its 52-week high.",watchlist,66.77,1.39,False,True,Advancing,Hold / Trend intact,0.24,0.72
2026-05-18,KIOCL.NS,KIOCL Limited,Steel,Basic Materials,False,Cash,Stage 1,Stage 1 - Early Turn,0.66,The stock is improving from a repair/base area but has not confirmed a clean Stage 2 yet.,watchlist,11.79,0.29,True,True,Base Building,Watchlist / Early base,0.1,0.28
2026-05-18,KIRIINDUS.NS,Kiri Industries Limited,Specialty Chemicals,Basic Materials,False,Cash,Stage 4,Stage 4 - Confirmed Downtrend,0.86,Price is below a bearish moving-average stack with falling trend signals.,watchlist,13.16,0.55,True,True,Weak Structure,Exit / Avoid,0.29,0.44
2026-05-18,KIRLOSBROS.NS,Kirloskar Brothers Limited,Specialty Industrial Machinery,Industrials,False,Cash,Stage 4,Stage 4 - Weak/Declining,0.72,Price is below long-term support with weak trend evidence.,watchlist,16.72,0.54,True,False,Weak Structure,Exit / Avoid,0.09,1.17
2026-05-18,KIRLOSENG.NS,Kirloskar Oil Engines Limited,Specialty Industrial Machinery,Industrials,False,Cash,Stage 2,Extended Stage 2,0.78,"Advancing structure remains intact, but price is stretched versus key moving averages or far above the 52-week low.",watchlist,44.3,1.05,False,False,Advancing,Hold / Trend intact,0.18,1.6
2026-05-18,KIRLOSIND.NS,Kirloskar Industries Limited,Metal Fabrication,Industrials,False,Cash,Stage 4,Stage 4 - Weak/Declining,0.72,Price is below long-term support with weak trend evidence.,watchlist,28.42,0.56,True,True,Weak Structure,Exit / Avoid,0.17,0.55
2026-05-18,KIRLPNU.NS,Kirloskar Pneumatic Company Limited,Specialty Industrial Machinery,Industrials,False,Cash,Stage 2,Extended Stage 2,0.78,"Advancing structure remains intact, but price is stretched versus key moving averages or far above the 52-week low.",watchlist,50.32,0.89,False,True,Advancing,Hold / Trend intact,0.11,0.86
2026-05-18,KITEX.NS,Kitex Garments Limited,Apparel Manufacturing,Consumer Cyclical,False,Cash,Stage 4,Stage 4 - Confirmed Downtrend,0.86,Price is below a bearish moving-average stack with falling trend signals.,watchlist,22.68,0.63,True,True,Weak Structure,Exit / Avoid,0.15,0.55
2026-05-18,KKCL.NS,Kewal Kiran Clothing Limited,Apparel Manufacturing,Consumer Cyclical,False,Cash,Stage 4,Stage 4 - Confirmed Downtrend,0.86,Price is below a bearish moving-average stack with falling trend signals.,watchlist,0.0,1.19,False,True,Weak Structure,Exit / Avoid,0.43,0.89
2026-05-18,KMEW.NS,Knowledge Marine & Engineering Works Limited,Marine Shipping,Industrials,False,Cash,Stage 2,Stage 2,0.76,Advancing structure detected.,watchlist,47.78,1.43,False,True,Advancing,Hold / Trend intact,0.1,0.85
2026-05-18,KNRCON.NS,KNR Constructions Limited,Engineering & Construction,Industrials,False,Cash,Stage 4,Stage 4 - Weak/Declining,0.72,Price is below long-term support with weak trend evidence.,watchlist,13.19,0.4,True,True,Weak Structure,Exit / Avoid,0.14,0.29
2026-05-18,KOLTEPATIL.NS,Kolte - Patil Developers Limited,Real Estate,Real Estate,False,Cash,Stage 4,Stage 4 - Weak/Declining,0.72,Price is below long-term support with weak trend evidence.,watchlist,2.29,0.16,True,True,Weak Structure,Exit / Avoid,0.02,0.16
2026-05-18,KOTAKBANK.NS,Kotak Mahindra Bank Limited,Banks - Regional,Financial Services,True,F&O,Stage 4,Stage 4 - Weak/Declining,0.72,Price is below long-term support with weak trend evidence.,watchlist,10.59,0.87,False,True,Weak Structure,Exit / Avoid,0.06,0.61
2026-05-18,KPEL.NS,K.P. Energy Limited,Engineering & Construction,Industrials,False,Cash,Stage 4,Stage 4 - Weak/Declining,0.72,Price is below long-term support with weak trend evidence.,watchlist,23.03,1.85,False,True,Weak Structure,Exit / Avoid,0.26,0.85
2026-05-18,KPIGREEN.NS,KPI Green Energy Limited,Utilities - Renewable,Utilities,False,Cash,Stage 4,Stage 4 - Weak/Declining,0.72,Price is below long-term support with weak trend evidence.,watchlist,11.13,1.38,False,True,Weak Structure,Exit / Avoid,0.16,0.49
2026-05-18,KPIL.NS,Kalpataru Projects International Limited,Engineering & Construction,Industrials,False,Cash,Stage 2,Early Stage 2,0.72,"Price has moved above long-term structure, but the full moving-average stack is not clean yet.",watchlist,33.56,1.18,False,False,Advancing,Hold / Trend intact,0.14,1.12
2026-05-18,KPITTECH.NS,KPIT Technologies Limited,Software - Infrastructure,Technology,True,F&O,Stage 4,Stage 4 - Confirmed Downtrend,0.86,Price is below a bearish moving-average stack with falling trend signals.,watchlist,5.41,1.61,False,True,Weak Structure,Exit / Avoid,0.12,0.73
2026-05-18,KPRMILL.NS,K.P.R. Mill Limited,Textile Manufacturing,Consumer Cyclical,False,Cash,Stage 4,Stage 4 - Weak/Declining,0.72,Price is below long-term support with weak trend evidence.,watchlist,28.11,0.5,True,True,Weak Structure,Exit / Avoid,0.14,0.54
2026-05-18,KRBL.NS,KRBL Limited,Packaged Foods,Consumer Defensive,False,Cash,Stage 4,Stage 4 - Weak/Declining,0.72,Price is below long-term support with weak trend evidence.,watchlist,2.0,0.82,True,False,Weak Structure,Exit / Avoid,0.34,1.19
2026-05-18,KRISHANA.NS,Krishana Phoschem Limited,Agricultural Inputs,Basic Materials,False,Cash,Stage 2,Early Stage 2,0.72,"Price has moved above long-term structure, but the full moving-average stack is not clean yet.",watchlist,56.17,1.31,False,False,Advancing,Hold / Trend intact,0.15,1.0
2026-05-18,KRN.NS,KRN Heat Exchanger and Refrigeration Limited,Electronic Components,Technology,False,Cash,Stage 2,Stage 2,0.76,Advancing structure detected.,watchlist,34.85,0.64,True,True,Advancing,Hold / Trend intact,0.18,0.71
2026-05-18,KSB.NS,Ksb Limited,Specialty Industrial Machinery,Industrials,False,Cash,Stage 2,Early Stage 2,0.72,"Price has moved above long-term structure, but the full moving-average stack is not clean yet.",watchlist,50.13,0.5,True,True,Advancing,Hold / Trend intact,0.07,0.29
2026-05-18,KSCL.NS,Kaveri Seed Company Limited,Agricultural Inputs,Basic Materials,False,Cash,Stage 1,Stage 1 - Early Turn,0.66,The stock is improving from a repair/base area but has not confirmed a clean Stage 2 yet.,watchlist,25.11,0.62,True,True,Base Building,Watchlist / Early base,0.36,0.48
2026-05-18,KSL.NS,Kalyani Steels Limited,Steel,Basic Materials,False,Cash,Stage 2,Early Stage 2,0.72,"Price has moved above long-term structure, but the full moving-average stack is not clean yet.",watchlist,27.71,0.92,False,True,Advancing,Hold / Trend intact,0.27,0.71
2026-05-18,KTKBANK.NS,The Karnataka Bank Limited,Banks - Regional,Financial Services,False,Cash,Stage 2,Messy Stage 2,0.64,"Long-term structure is still constructive, but the short-term/weekly structure is not clean.",watchlist,47.96,0.42,True,True,Advancing,Hold / Trend intact,0.17,0.43
2026-05-18,LALPATHLAB.NS,Dr. Lal Path Labs Ltd.,Diagnostics & Research,Healthcare,False,Cash,Stage 2,Early Stage 2,0.72,"Price has moved above long-term structure, but the full moving-average stack is not clean yet.",watchlist,58.05,1.07,False,True,Advancing,Hold / Trend intact,0.08,0.6
2026-05-18,LATENTVIEW.NS,Latent View Analytics Limited,Industrials,Industrials,False,Cash,Stage 4,Stage 4 - Weak/Declining,0.72,Price is below long-term support with weak trend evidence.,watchlist,0.0,0.51,True,True,Weak Structure,Exit / Avoid,0.08,0.64
2026-05-18,LAURUSLABS.NS,Laurus Labs Limited,Drug Manufacturers - Specialty & Generic,Healthcare,True,F&O,Stage 2,Extended Stage 2,0.78,"Advancing structure remains intact, but price is stretched versus key moving averages or far above the 52-week low.",watchlist,69.62,1.35,False,False,Advancing,Hold / Trend intact,0.19,1.1
2026-05-18,LEMONTREE.NS,Lemon Tree Hotels Limited,Lodging,Consumer Cyclical,False,Cash,Stage 4,Stage 4 - Confirmed Downtrend,0.86,Price is below a bearish moving-average stack with falling trend signals.,watchlist,7.96,0.36,True,True,Weak Structure,Exit / Avoid,0.07,0.34
2026-05-18,LGBBROSLTD.NS,LG Balakrishnan & Bros Limited,Auto Parts,Consumer Cyclical,False,Cash,Stage 1,Stage 1 - Unclear/Repair,0.58,Not enough evidence for Stage 2 or Stage 4; classified as repair/unclear structure.,watchlist,6.5,0.86,False,True,Base Building,Watchlist / Early base,0.6,0.82
2026-05-18,LICHSGFIN.NS,LIC Housing Finance Limited,Mortgage Finance,Financial Services,True,F&O,Stage 4,Stage 4 - Weak/Declining,0.72,Price is below long-term support with weak trend evidence.,watchlist,4.08,1.3,False,False,Weak Structure,Exit / Avoid,0.16,1.5
2026-05-18,LICI.NS,Life Insurance Corporation Of India,Insurance - Life,Financial Services,True,F&O,Stage 4,Stage 4 - Confirmed Downtrend,0.86,Price is below a bearish moving-average stack with falling trend signals.,watchlist,0.0,0.78,True,True,Weak Structure,Exit / Avoid,0.18,0.77
2026-05-18,LINDEINDIA.NS,Linde India Limited,Specialty Chemicals,Basic Materials,False,Cash,Stage 2,Early Stage 2,0.72,"Price has moved above long-term structure, but the full moving-average stack is not clean yet.",watchlist,23.39,1.0,False,True,Advancing,Hold / Trend intact,0.14,0.42
2026-05-18,LLOYDSENGG.NS,LLOYDS ENGINEERING WORKS LIMITED,Specialty Industrial Machinery,Industrials,False,Cash,Stage 1,Stage 1 - Early Turn,0.66,The stock is improving from a repair/base area but has not confirmed a clean Stage 2 yet.,watchlist,25.27,2.0,False,False,Base Building,Watchlist / Early base,0.3,2.28
2026-05-18,LLOYDSENT.NS,Lloyds Enterprises Limited,Steel,Basic Materials,False,Cash,Stage 1,Stage 1 - Early Turn,0.66,The stock is improving from a repair/base area but has not confirmed a clean Stage 2 yet.,watchlist,14.46,0.62,True,True,Base Building,Watchlist / Early base,0.25,0.64
2026-05-18,LLOYDSME.NS,Lloyds Metals And Energy Limited,Steel,Basic Materials,False,Cash,Stage 2,Early Stage 2,0.72,"Price has moved above long-term structure, but the full moving-average stack is not clean yet.",watchlist,56.64,0.99,False,True,Advancing,Hold / Trend intact,0.22,0.66
2026-05-18,LMW.NS,LMW Limited,Specialty Industrial Machinery,Industrials,False,Cash,Stage 4,Stage 4 - Weak/Declining,0.72,Price is below long-term support with weak trend evidence.,watchlist,12.94,0.42,True,True,Weak Structure,Exit / Avoid,0.05,0.32
2026-05-18,LODHA.NS,Lodha Developers Limited,Real Estate,Real Estate,True,F&O,Stage 4,Stage 4 - Confirmed Downtrend,0.86,Price is below a bearish moving-average stack with falling trend signals.,watchlist,0.0,0.55,True,True,Weak Structure,Exit / Avoid,0.2,0.44
2026-05-18,LT.NS,Larsen & Toubro Limited,Engineering & Construction,Industrials,True,F&O,Stage 1,Stage 1 - Base/Repair,0.7,Price is near long-term moving averages with no strong long-term downtrend signal.,watchlist,4.32,0.78,True,True,Base Building,Watchlist / Early base,0.08,0.53
2026-05-18,LTF.NS,L&T Finance Limited,Credit Services,Financial Services,True,F&O,Stage 1,Stage 1 - Base/Repair,0.7,Price is near long-term moving averages with no strong long-term downtrend signal.,watchlist,3.22,0.92,False,False,Base Building,Watchlist / Early base,0.12,1.01
2026-05-18,LTFOODS.NS,LT Foods Limited,Packaged Foods,Consumer Defensive,False,Cash,Stage 4,Stage 4 - Weak/Declining,0.72,Price is below long-term support with weak trend evidence.,watchlist,18.58,0.1,True,True,Weak Structure,Exit / Avoid,0.16,0.4
2026-05-18,LTTS.NS,L&T Technology Services Limited,Information Technology Services,Technology,False,Cash,Stage 4,Stage 4 - Weak/Declining,0.72,Price is below long-term support with weak trend evidence.,watchlist,7.82,0.38,True,True,Weak Structure,Exit / Avoid,0.08,0.33
2026-05-18,LUMAXIND.NS,Lumax Industries Limited,Auto Parts,Consumer Cyclical,False,Cash,Stage 3,Stage 3 - Distribution/Damage,0.76,"Prior strength exists, but short-term and/or weekly structure is deteriorating.",watchlist,8.89,1.04,False,True,Transition,Reduce / Avoid fresh longs,0.08,0.66
2026-05-18,LUMAXTECH.NS,Lumax Auto Technologies Limited,Auto Parts,Consumer Cyclical,False,Cash,Stage 2,Early Stage 2,0.72,"Price has moved above long-term structure, but the full moving-average stack is not clean yet.",watchlist,48.63,0.75,True,True,Advancing,Hold / Trend intact,0.36,0.49
2026-05-18,LUPIN.NS,Lupin Limited,Drug Manufacturers - Specialty & Generic,Healthcare,True,F&O,Stage 2,Early Stage 2,0.72,"Price has moved above long-term structure, but the full moving-average stack is not clean yet.",watchlist,39.28,1.52,False,False,Advancing,Hold / Trend intact,0.09,1.13
2026-05-18,LUXIND.NS,Lux Industries Limited,Apparel Manufacturing,Consumer Cyclical,False,Cash,Stage 1,Stage 1 - Early Turn,0.66,The stock is improving from a repair/base area but has not confirmed a clean Stage 2 yet.,watchlist,33.26,0.27,True,True,Base Building,Watchlist / Early base,0.05,0.15
2026-05-18,LXCHEM.NS,Laxmi Organic Industries Limited,Specialty Chemicals,Basic Materials,False,Cash,Stage 4,Stage 4 - Weak/Declining,0.72,Price is below long-term support with weak trend evidence.,watchlist,5.0,1.36,False,True,Weak Structure,Exit / Avoid,0.35,0.73
2026-05-18,M&M.NS,Mahindra & Mahindra Limited,Auto Manufacturers,Consumer Cyclical,True,F&O,Stage 4,Stage 4 - Weak/Declining,0.72,Price is below long-term support with weak trend evidence.,watchlist,3.58,0.95,False,True,Weak Structure,Exit / Avoid,0.11,0.63
2026-05-18,M&MFIN.NS,Mahindra & Mahindra Financial Services Limited,Credit Services,Financial Services,False,Cash,Stage 1,Stage 1 - Base/Repair,0.7,Price is near long-term moving averages with no strong long-term downtrend signal.,watchlist,4.63,0.88,False,True,Base Building,Watchlist / Early base,0.05,0.48
2026-05-18,MAHABANK.NS,Bank of Maharashtra,Banks - Regional,Financial Services,False,Cash,Stage 2,Stage 2,0.76,Advancing structure detected.,watchlist,34.93,0.81,True,True,Advancing,Hold / Trend intact,0.12,0.54
2026-05-18,MAHLIFE.NS,Mahindra Lifespace Developers Limited,Real Estate,Real Estate,False,Cash,Stage 4,Stage 4 - Weak/Declining,0.72,Price is below long-term support with weak trend evidence.,watchlist,1.79,0.97,False,True,Weak Structure,Exit / Avoid,0.11,0.72
2026-05-18,MAHLOG.NS,Mahindra Logistics Limited,Industrials,Industrials,False,Cash,Stage 1,Stage 1 - Base/Repair,0.7,Price is near long-term moving averages with no strong long-term downtrend signal.,watchlist,1.86,0.63,True,True,Base Building,Watchlist / Early base,0.12,0.58
2026-05-18,MAHSCOOTER.NS,Maharashtra Scooters Limited,Asset Management,Financial Services,False,Cash,Stage 4,Stage 4 - Confirmed Downtrend,0.86,Price is below a bearish moving-average stack with falling trend signals.,watchlist,2.0,0.64,True,True,Weak Structure,Exit / Avoid,0.18,0.39
2026-05-18,MAHSEAMLES.NS,Maharashtra Seamless Limited,Steel,Basic Materials,False,Cash,Stage 2,Early Stage 2,0.72,"Price has moved above long-term structure, but the full moving-average stack is not clean yet.",watchlist,46.06,0.66,True,True,Advancing,Hold / Trend intact,0.32,0.81
2026-05-18,MAITHANALL.NS,Maithan Alloys Limited,Steel,Basic Materials,False,Cash,Stage 4,Stage 4 - Confirmed Downtrend,0.86,Price is below a bearish moving-average stack with falling trend signals.,watchlist,12.79,0.97,False,False,Weak Structure,Exit / Avoid,0.53,0.99
2026-05-18,MANAPPURAM.NS,Manappuram Finance Limited,Credit Services,Financial Services,True,F&O,Stage 2,Early Stage 2,0.72,"Price has moved above long-term structure, but the full moving-average stack is not clean yet.",watchlist,30.39,0.93,False,True,Advancing,Hold / Trend intact,0.22,0.8
2026-05-18,MANINDS.NS,Man Industries (India) Limited,Steel,Basic Materials,False,Cash,Stage 2,Extended Stage 2,0.78,"Advancing structure remains intact, but price is stretched versus key moving averages or far above the 52-week low.",watchlist,77.15,0.75,True,True,Advancing,Hold / Trend intact,0.19,0.83
2026-05-18,MANINFRA.NS,Man Infraconstruction Limited,Engineering & Construction,Industrials,False,Cash,Stage 1,Stage 1 - Early Turn,0.66,The stock is improving from a repair/base area but has not confirmed a clean Stage 2 yet.,watchlist,23.0,1.67,False,False,Base Building,Watchlist / Early base,0.4,1.39
2026-05-18,MANKIND.NS,Mankind Pharma Limited,Drug Manufacturers - Specialty & Generic,Healthcare,True,F&O,Stage 1,Stage 1 - Early Turn,0.66,The stock is improving from a repair/base area but has not confirmed a clean Stage 2 yet.,watchlist,30.94,1.16,False,False,Base Building,Watchlist / Early base,0.1,1.09
2026-05-18,MANORAMA.NS,Manorama Industries Limited,Packaged Foods,Consumer Defensive,False,Cash,Stage 1,Stage 1 - Unclear/Repair,0.58,Not enough evidence for Stage 2 or Stage 4; classified as repair/unclear structure.,watchlist,7.95,2.11,False,False,Base Building,Watchlist / Early base,0.17,2.87
2026-05-18,MANYAVAR.NS,Vedant Fashions Limited,Apparel Manufacturing,Consumer Cyclical,False,Cash,Stage 4,Stage 4 - Weak/Declining,0.72,Price is below long-term support with weak trend evidence.,watchlist,8.16,0.54,True,True,Weak Structure,Exit / Avoid,0.04,0.34
2026-05-18,MAPMYINDIA.NS,C.E. Info Systems Limited,Software - Infrastructure,Technology,False,Cash,Stage 4,Stage 4 - Weak/Declining,0.72,Price is below long-term support with weak trend evidence.,watchlist,6.31,2.9,False,False,Weak Structure,Exit / Avoid,0.12,1.05
2026-05-18,MARATHON.NS,Marathon Nextgen Realty Limited,Real Estate,Real Estate,False,Cash,Stage 4,Stage 4 - Weak/Declining,0.72,Price is below long-term support with weak trend evidence.,watchlist,0.19,0.65,True,True,Weak Structure,Exit / Avoid,0.09,0.4
2026-05-18,MARICO.NS,Marico Limited,Household & Personal Products,Consumer Defensive,True,F&O,Stage 2,Clean Stage 2,0.9,"Price is above rising key averages, weekly structure is supportive, and the stock is near its 52-week high.",watchlist,24.13,1.21,False,True,Advancing,Hold / Trend intact,0.08,0.71
2026-05-18,MARINE.NS,Marine Electricals (India) Limited,Electrical Equipment & Parts,Industrials,False,Cash,Stage 2,Early Stage 2,0.72,"Price has moved above long-term structure, but the full moving-average stack is not clean yet.",watchlist,46.7,0.88,False,True,Advancing,Hold / Trend intact,0.18,0.64
2026-05-18,MARKSANS.NS,Marksans Pharma Limited,Drug Manufacturers - General,Healthcare,False,Cash,Stage 1,Stage 1 - Early Turn,0.66,The stock is improving from a repair/base area but has not confirmed a clean Stage 2 yet.,watchlist,16.51,2.33,False,False,Base Building,Watchlist / Early base,1.61,1.93
2026-05-18,MARUTI.NS,Maruti Suzuki India Limited,Auto Manufacturers,Consumer Cyclical,True,F&O,Stage 4,Stage 4 - Weak/Declining,0.72,Price is below long-term support with weak trend evidence.,watchlist,4.64,0.67,True,True,Weak Structure,Exit / Avoid,0.17,0.48
2026-05-18,MASFIN.NS,MAS Financial Services Limited,Credit Services,Financial Services,False,Cash,Stage 1,Stage 1 - Base/Repair,0.7,Price is near long-term moving averages with no strong long-term downtrend signal.,watchlist,7.17,0.76,True,True,Base Building,Watchlist / Early base,0.12,0.62
2026-05-18,MASTEK.NS,Mastek Limited,Information Technology Services,Technology,False,Cash,Stage 4,Stage 4 - Confirmed Downtrend,0.86,Price is below a bearish moving-average stack with falling trend signals.,watchlist,0.9,0.61,True,True,Weak Structure,Exit / Avoid,0.1,0.53
2026-05-18,MAXESTATES.NS,Max Estates Limited,Real Estate,Real Estate,False,Cash,Stage 4,Stage 4 - Weak/Declining,0.72,Price is below long-term support with weak trend evidence.,watchlist,2.88,0.69,True,True,Weak Structure,Exit / Avoid,0.05,0.83
2026-05-18,MAXHEALTH.NS,Max Healthcare Institute Limited,Medical Care Facilities,Healthcare,True,F&O,Stage 4,Stage 4 - Weak/Declining,0.72,Price is below long-term support with weak trend evidence.,watchlist,22.5,0.63,True,True,Weak Structure,Exit / Avoid,0.12,0.57
2026-05-18,MAYURUNIQ.NS,Mayur Uniquoters Ltd,Textile Manufacturing,Consumer Cyclical,False,Cash,Stage 2,Early Stage 2,0.72,"Price has moved above long-term structure, but the full moving-average stack is not clean yet.",watchlist,36.54,1.88,False,False,Advancing,Hold / Trend intact,0.43,1.37
2026-05-18,MAZDOCK.NS,Mazagon Dock Shipbuilders Limited,Aerospace & Defense,Industrials,True,F&O,Stage 4,Stage 4 - Weak/Declining,0.72,Price is below long-term support with weak trend evidence.,watchlist,5.0,0.5,True,True,Weak Structure,Exit / Avoid,0.15,0.51
2026-05-18,MBAPL.NS,Madhya Bharat Agro Products Limited,Agricultural Inputs,Basic Materials,False,Cash,Stage 2,Clean Stage 2,0.9,"Price is above rising key averages, weekly structure is supportive, and the stock is near its 52-week high.",watchlist,34.37,0.64,True,True,Advancing,Hold / Trend intact,0.08,0.4
2026-05-18,MCX.NS,Multi Commodity Exchange of India Limited,Financial Services,Financial Services,True,F&O,Stage 2,Extended Stage 2,0.78,"Advancing structure remains intact, but price is stretched versus key moving averages or far above the 52-week low.",watchlist,38.55,0.97,False,False,Advancing,Hold / Trend intact,0.22,1.04
2026-05-18,MEDANTA.NS,Global Health Limited,Medical Care Facilities,Healthcare,False,Cash,Stage 1,Stage 1 - Early Turn,0.66,The stock is improving from a repair/base area but has not confirmed a clean Stage 2 yet.,watchlist,22.65,1.59,False,False,Base Building,Watchlist / Early base,0.23,2.44
2026-05-18,MEDIASSIST.NS,Medi Assist Healthcare Services Limited,Healthcare,Healthcare,False,Cash,Stage 4,Stage 4 - Weak/Declining,0.72,Price is below long-term support with weak trend evidence.,watchlist,7.91,0.92,False,False,Weak Structure,Exit / Avoid,0.31,0.92
2026-05-18,MEDPLUS.NS,Medplus Health Services Limited,Healthcare,Healthcare,False,Cash,Stage 2,Early Stage 2,0.72,"Price has moved above long-term structure, but the full moving-average stack is not clean yet.",watchlist,54.73,0.91,False,False,Advancing,Hold / Trend intact,0.16,1.51
2026-05-18,METROBRAND.NS,Metro Brands Limited,Consumer Cyclical,Consumer Cyclical,False,Cash,Stage 4,Stage 4 - Weak/Declining,0.72,Price is below long-term support with weak trend evidence.,watchlist,2.47,1.16,False,False,Weak Structure,Exit / Avoid,0.12,1.67
2026-05-18,METROPOLIS.NS,Metropolis Healthcare Limited,Diagnostics & Research,Healthcare,False,Cash,Stage 2,Early Stage 2,0.72,"Price has moved above long-term structure, but the full moving-average stack is not clean yet.",watchlist,41.88,2.93,False,False,Advancing,Hold / Trend intact,0.1,1.72
2026-05-18,MFSL.NS,Max Financial Services Limited,Insurance - Life,Financial Services,True,F&O,Stage 1,Stage 1 - Base/Repair,0.7,Price is near long-term moving averages with no strong long-term downtrend signal.,watchlist,6.46,0.8,True,True,Base Building,Watchlist / Early base,0.12,0.85
2026-05-18,MGL.NS,Mahanagar Gas Limited,Utilities,Utilities,False,Cash,Stage 4,Stage 4 - Weak/Declining,0.72,Price is below long-term support with weak trend evidence.,watchlist,26.11,0.59,True,True,Weak Structure,Exit / Avoid,0.11,0.65
2026-05-18,MHRIL.NS,Mahindra Holidays & Resorts India Limited,Consumer Cyclical,Consumer Cyclical,False,Cash,Stage 4,Stage 4 - Confirmed Downtrend,0.86,Price is below a bearish moving-average stack with falling trend signals.,watchlist,0.0,0.94,False,False,Weak Structure,Exit / Avoid,0.5,0.94
2026-05-18,MIDHANI.NS,Mishra Dhatu Nigam Limited,Steel,Basic Materials,False,Cash,Stage 2,Early Stage 2,0.72,"Price has moved above long-term structure, but the full moving-average stack is not clean yet.",watchlist,46.77,1.52,False,False,Advancing,Hold / Trend intact,0.2,1.47
2026-05-18,MINDACORP.NS,Minda Corporation Limited,Auto Parts,Consumer Cyclical,False,Cash,Stage 1,Stage 1 - Unclear/Repair,0.58,Not enough evidence for Stage 2 or Stage 4; classified as repair/unclear structure.,watchlist,6.5,0.71,True,True,Base Building,Watchlist / Early base,0.24,0.78
2026-05-18,MMTC.NS,MMTC Limited,Conglomerates,Industrials,False,Cash,Stage 4,Stage 4 - Weak/Declining,0.72,Price is below long-term support with weak trend evidence.,watchlist,24.18,0.29,True,True,Weak Structure,Exit / Avoid,0.06,0.19
2026-05-18,MOIL.NS,MOIL Limited,Basic Materials,Basic Materials,False,Cash,Stage 4,Stage 4 - Weak/Declining,0.72,Price is below long-term support with weak trend evidence.,watchlist,5.9,0.41,True,True,Weak Structure,Exit / Avoid,0.14,0.44
2026-05-18,MOSCHIP.NS,Moschip Technologies Limited,Technology,Technology,False,Cash,Stage 1,Stage 1 - Base/Repair,0.7,Price is near long-term moving averages with no strong long-term downtrend signal.,watchlist,29.14,1.85,False,False,Base Building,Watchlist / Early base,0.3,1.23
2026-05-18,MOTHERSON.NS,Samvardhana Motherson International Limited,Auto Parts,Consumer Cyclical,True,F&O,Stage 2,Stage 2,0.76,Advancing structure detected.,watchlist,24.5,0.82,True,True,Advancing,Hold / Trend intact,0.26,0.72
2026-05-18,MOTILALOFS.NS,Motilal Oswal Financial Services Limited,Capital Markets,Financial Services,True,F&O,Stage 4,Stage 4 - Weak/Declining,0.72,Price is below long-term support with weak trend evidence.,watchlist,6.47,0.91,False,True,Weak Structure,Exit / Avoid,0.11,0.64
2026-05-18,MPHASIS.NS,MphasiS Limited,Information Technology Services,Technology,True,F&O,Stage 4,Stage 4 - Confirmed Downtrend,0.86,Price is below a bearish moving-average stack with falling trend signals.,watchlist,7.53,0.78,True,False,Weak Structure,Exit / Avoid,0.11,0.91
2026-05-18,MPSLTD.NS,MPS Limited,Communication Services,Communication Services,False,Cash,Stage 4,Stage 4 - Weak/Declining,0.72,Price is below long-term support with weak trend evidence.,watchlist,2.23,1.55,False,False,Weak Structure,Exit / Avoid,0.72,2.82
2026-05-18,MRF.NS,MRF Limited,Auto Parts,Consumer Cyclical,False,Cash,Stage 4,Stage 4 - Confirmed Downtrend,0.86,Price is below a bearish moving-average stack with falling trend signals.,watchlist,18.11,1.01,False,True,Weak Structure,Exit / Avoid,0.11,0.83
2026-05-18,MRPL.NS,Mangalore Refinery and Petrochemicals Limited,Oil & Gas Refining & Marketing,Energy,False,Cash,Stage 4,Stage 4,0.66,Declining structure detected.,watchlist,0.0,0.71,True,True,Weak Structure,Exit / Avoid,0.1,0.27
2026-05-18,MSTCLTD.NS,Mstc Limited,Conglomerates,Industrials,False,Cash,Stage 4,Stage 4 - Confirmed Downtrend,0.86,Price is below a bearish moving-average stack with falling trend signals.,watchlist,2.0,0.74,True,True,Weak Structure,Exit / Avoid,0.15,0.49
2026-05-18,MSUMI.NS,Motherson Sumi Wiring India Limited,Auto Parts,Consumer Cyclical,False,Cash,Stage 4,Stage 4 - Weak/Declining,0.72,Price is below long-term support with weak trend evidence.,watchlist,3.44,0.8,True,True,Weak Structure,Exit / Avoid,0.1,0.41
2026-05-18,MTARTECH.NS,Mtar Technologies Limited,Specialty Industrial Machinery,Industrials,False,Cash,Stage 2,Extended Stage 2,0.78,"Advancing structure remains intact, but price is stretched versus key moving averages or far above the 52-week low.",watchlist,39.95,1.89,False,False,Advancing,Hold / Trend intact,0.4,3.09
2026-05-18,MUTHOOTFIN.NS,Muthoot Finance Limited,Credit Services,Financial Services,True,F&O,Stage 1,Stage 1 - Base/Repair,0.7,Price is near long-term moving averages with no strong long-term downtrend signal.,watchlist,4.52,1.14,False,False,Base Building,Watchlist / Early base,0.24,1.72
2026-05-18,MUTHOOTMF.NS,Muthoot Microfin Limited,Credit Services,Financial Services,False,Cash,Stage 2,Early Stage 2,0.72,"Price has moved above long-term structure, but the full moving-average stack is not clean yet.",watchlist,18.45,0.82,True,True,Advancing,Hold / Trend intact,0.09,0.44
2026-05-18,NACLIND.NS,NACL Industries Limited,Agricultural Inputs,Basic Materials,False,Cash,Stage 4,Stage 4 - Weak/Declining,0.72,Price is below long-term support with weak trend evidence.,watchlist,18.91,1.28,False,True,Weak Structure,Exit / Avoid,0.14,0.41
2026-05-18,NAM-INDIA.NS,Nippon Life India Asset Management Limited,Asset Management,Financial Services,True,F&O,Stage 2,Clean Stage 2,0.9,"Price is above rising key averages, weekly structure is supportive, and the stock is near its 52-week high.",watchlist,47.45,0.94,False,False,Advancing,Hold / Trend intact,0.08,0.93
2026-05-18,NATCOPHARM.NS,Natco Pharma Limited,Drug Manufacturers - Specialty & Generic,Healthcare,False,Cash,Stage 2,Clean Stage 2,0.9,"Price is above rising key averages, weekly structure is supportive, and the stock is near its 52-week high.",watchlist,70.36,0.79,True,True,Advancing,Hold / Trend intact,0.18,0.61
2026-05-18,NATIONALUM.NS,National Aluminium Company Limited,Basic Materials,Basic Materials,True,F&O,Stage 2,Early Stage 2,0.72,"Price has moved above long-term structure, but the full moving-average stack is not clean yet.",watchlist,41.38,0.53,True,True,Advancing,Hold / Trend intact,0.2,0.64
2026-05-18,NAUKRI.NS,Info Edge (India) Limited,Communication Services,Communication Services,True,F&O,Stage 4,Stage 4 - Confirmed Downtrend,0.86,Price is below a bearish moving-average stack with falling trend signals.,watchlist,1.8,0.8,True,True,Weak Structure,Exit / Avoid,0.08,0.83
2026-05-18,NAVA.NS,NAVA LIMITED,Conglomerates,Industrials,False,Cash,Stage 2,Early Stage 2,0.72,"Price has moved above long-term structure, but the full moving-average stack is not clean yet.",watchlist,37.04,0.87,False,False,Advancing,Hold / Trend intact,0.23,1.0
2026-05-18,NAVINFLUOR.NS,Navin Fluorine International Limited,Chemicals,Basic Materials,False,Cash,Stage 2,Clean Stage 2,0.9,"Price is above rising key averages, weekly structure is supportive, and the stock is near its 52-week high.",watchlist,40.69,0.76,True,True,Advancing,Hold / Trend intact,0.08,0.38
2026-05-18,NAVNETEDUL.NS,Navneet Education Limited,Communication Services,Communication Services,False,Cash,Stage 1,Stage 1 - Base/Repair,0.7,Price is near long-term moving averages with no strong long-term downtrend signal.,watchlist,2.07,0.89,False,True,Base Building,Watchlist / Early base,0.15,0.4
2026-05-18,NAZARA.NS,Nazara Technologies Limited,Communication Services,Communication Services,False,Cash,Stage 1,Stage 1 - Early Turn,0.66,The stock is improving from a repair/base area but has not confirmed a clean Stage 2 yet.,watchlist,11.93,2.32,False,False,Base Building,Watchlist / Early base,0.77,4.11
2026-05-18,NBCC.NS,NBCC (India) Limited,Engineering & Construction,Industrials,True,F&O,Stage 4,Stage 4 - Weak/Declining,0.72,Price is below long-term support with weak trend evidence.,watchlist,6.17,1.29,False,False,Weak Structure,Exit / Avoid,0.26,0.92
2026-05-18,NCC.NS,NCC Limited,Engineering & Construction,Industrials,False,Cash,Stage 4,Stage 4 - Weak/Declining,0.72,Price is below long-term support with weak trend evidence.,watchlist,5.75,0.81,True,True,Weak Structure,Exit / Avoid,0.25,0.82
2026-05-18,NEOGEN.NS,Neogen Chemicals Limited,Specialty Chemicals,Basic Materials,False,Cash,Stage 2,Early Stage 2,0.72,"Price has moved above long-term structure, but the full moving-average stack is not clean yet.",watchlist,48.66,0.61,True,True,Advancing,Hold / Trend intact,0.23,0.37
2026-05-18,NESCO.NS,Nesco Limited,Conglomerates,Industrials,False,Cash,Stage 1,Stage 1 - Base/Repair,0.7,Price is near long-term moving averages with no strong long-term downtrend signal.,watchlist,24.84,0.86,False,True,Base Building,Watchlist / Early base,0.36,0.72
2026-05-18,NESTLEIND.NS,Nestle India Limited,Packaged Foods,Consumer Defensive,True,F&O,Stage 2,Clean Stage 2,0.9,"Price is above rising key averages, weekly structure is supportive, and the stock is near its 52-week high.",watchlist,36.75,0.94,False,True,Advancing,Hold / Trend intact,0.08,0.87
2026-05-18,NETWEB.NS,Netweb Technologies India Limited,Technology,Technology,False,Cash,Stage 2,Stage 2,0.76,Advancing structure detected.,watchlist,58.23,1.0,False,True,Advancing,Hold / Trend intact,0.14,0.71
2026-05-18,NEULANDLAB.NS,Neuland Laboratories Limited,Drug Manufacturers - Specialty & Generic,Healthcare,False,Cash,Stage 2,Early Stage 2,0.72,"Price has moved above long-term structure, but the full moving-average stack is not clean yet.",watchlist,42.12,2.14,False,False,Advancing,Hold / Trend intact,0.18,2.84
2026-05-18,NEWGEN.NS,Newgen Software Technologies Limited,Software - Infrastructure,Technology,False,Cash,Stage 4,Stage 4 - Confirmed Downtrend,0.86,Price is below a bearish moving-average stack with falling trend signals.,watchlist,6.55,0.63,True,True,Weak Structure,Exit / Avoid,0.12,0.74
2026-05-18,NFL.NS,National Fertilizers Limited,Agricultural Inputs,Basic Materials,False,Cash,Stage 4,Stage 4 - Confirmed Downtrend,0.86,Price is below a bearish moving-average stack with falling trend signals.,watchlist,2.0,0.34,True,True,Weak Structure,Exit / Avoid,0.15,0.29
2026-05-18,NH.NS,Narayana Hrudayalaya Ltd.,Medical Care Facilities,Healthcare,False,Cash,Stage 1,Stage 1 - Unclear/Repair,0.58,Not enough evidence for Stage 2 or Stage 4; classified as repair/unclear structure.,watchlist,20.51,1.27,False,True,Base Building,Watchlist / Early base,0.13,0.85
2026-05-18,NHPC.NS,NHPC Limited,Utilities - Renewable,Utilities,True,F&O,Stage 4,Stage 4 - Weak/Declining,0.72,Price is below long-term support with weak trend evidence.,watchlist,29.33,0.72,True,True,Weak Structure,Exit / Avoid,0.58,0.66
2026-05-18,NIACL.NS,The New India Assurance Company Limited,Financial Services,Financial Services,False,Cash,Stage 4,Stage 4 - Weak/Declining,0.72,Price is below long-term support with weak trend evidence.,watchlist,21.47,0.33,True,True,Weak Structure,Exit / Avoid,0.05,0.47
2026-05-18,NIITMTS.NS,NIIT Learning Systems Limited,Consumer Defensive,Consumer Defensive,False,Cash,Stage 4,Stage 4 - Weak/Declining,0.72,Price is below long-term support with weak trend evidence.,watchlist,1.8,2.27,False,False,Weak Structure,Exit / Avoid,0.15,4.36
2026-05-18,NITCO.NS,Nitco Limited,Building Products & Equipment,Industrials,False,Cash,Stage 1,Stage 1 - Early Turn,0.66,The stock is improving from a repair/base area but has not confirmed a clean Stage 2 yet.,watchlist,18.51,1.7,False,True,Base Building,Watchlist / Early base,0.16,0.69
2026-05-18,NITINSPIN.NS,Nitin Spinners Limited,Textile Manufacturing,Consumer Cyclical,False,Cash,Stage 2,Clean Stage 2,0.9,"Price is above rising key averages, weekly structure is supportive, and the stock is near its 52-week high.",watchlist,47.05,1.77,False,False,Advancing,Hold / Trend intact,0.2,2.29
2026-05-18,NIVABUPA.NS,Niva Bupa Health Insurance Company Limited,Insurance - Life,Financial Services,False,Cash,Stage 1,Stage 1 - Early Turn,0.66,The stock is improving from a repair/base area but has not confirmed a clean Stage 2 yet.,watchlist,12.23,2.77,False,False,Base Building,Watchlist / Early base,0.08,1.05
2026-05-18,NLCINDIA.NS,NLC India Limited,Utilities,Utilities,False,Cash,Stage 2,Clean Stage 2,0.9,"Price is above rising key averages, weekly structure is supportive, and the stock is near its 52-week high.",watchlist,70.04,2.04,False,False,Advancing,Hold / Trend intact,0.28,3.42
2026-05-18,NMDC.NS,NMDC Limited,Steel,Basic Materials,True,F&O,Stage 2,Clean Stage 2,0.9,"Price is above rising key averages, weekly structure is supportive, and the stock is near its 52-week high.",watchlist,73.08,0.8,True,False,Advancing,Hold / Trend intact,0.17,1.09
2026-05-18,NOCIL.NS,NOCIL Limited,Specialty Chemicals,Basic Materials,False,Cash,Stage 4,Stage 4 - Weak/Declining,0.72,Price is below long-term support with weak trend evidence.,watchlist,25.29,0.12,True,True,Weak Structure,Exit / Avoid,0.05,0.06
2026-05-18,NORTHARC.NS,Northern Arc Capital Limited,Credit Services,Financial Services,False,Cash,Stage 2,Early Stage 2,0.72,"Price has moved above long-term structure, but the full moving-average stack is not clean yet.",watchlist,24.43,2.58,False,False,Advancing,Hold / Trend intact,0.26,1.43
2026-05-18,NPST.NS,Network People Services Technologies Limited,Software - Application,Technology,False,Cash,Stage 4,Stage 4 - Confirmed Downtrend,0.86,Price is below a bearish moving-average stack with falling trend signals.,watchlist,0.0,0.51,True,True,Weak Structure,Exit / Avoid,0.16,0.8
2026-05-18,NRBBEARING.NS,NRB Bearing Limited,Auto Parts,Consumer Cyclical,False,Cash,Stage 2,Extended Stage 2,0.78,"Advancing structure remains intact, but price is stretched versus key moving averages or far above the 52-week low.",watchlist,40.97,3.32,False,False,Advancing,Hold / Trend intact,0.43,2.96
2026-05-18,NSIL.NS,Nalwa Sons Investments Limited,Asset Management,Financial Services,False,Cash,Stage 4,Stage 4 - Confirmed Downtrend,0.86,Price is below a bearish moving-average stack with falling trend signals.,watchlist,18.11,0.62,True,True,Weak Structure,Exit / Avoid,0.13,0.58
2026-05-18,NSLNISP.NS,NMDC Steel Limited,Steel,Basic Materials,False,Cash,Stage 2,Early Stage 2,0.72,"Price has moved above long-term structure, but the full moving-average stack is not clean yet.",watchlist,33.67,1.44,False,False,Advancing,Hold / Trend intact,0.23,2.08
2026-05-18,NTPC.NS,NTPC Limited,Utilities,Utilities,True,F&O,Stage 2,Messy Stage 2,0.64,"Long-term structure is still constructive, but the short-term/weekly structure is not clean.",watchlist,34.46,0.67,True,True,Advancing,Hold / Trend intact,0.09,0.68
2026-05-18,NTPCGREEN.NS,NTPC Green Energy Limited,Utilities - Renewable,Utilities,False,Cash,Stage 2,Early Stage 2,0.72,"Price has moved above long-term structure, but the full moving-average stack is not clean yet.",watchlist,43.78,0.37,True,True,Advancing,Hold / Trend intact,0.09,0.41
2026-05-18,NUVAMA.NS,Nuvama Wealth Management Limited,Asset Management,Financial Services,True,F&O,Stage 2,Early Stage 2,0.72,"Price has moved above long-term structure, but the full moving-average stack is not clean yet.",watchlist,49.58,2.14,False,True,Advancing,Hold / Trend intact,0.1,0.88
2026-05-18,NUVOCO.NS,Nuvoco Vistas Corporation Limited,Building Materials,Basic Materials,False,Cash,Stage 4,Stage 4 - Weak/Declining,0.72,Price is below long-term support with weak trend evidence.,watchlist,19.72,1.47,False,True,Weak Structure,Exit / Avoid,0.1,0.48
2026-05-18,NYKAA.NS,FSN E-Commerce Ventures Limited,Consumer Cyclical,Consumer Cyclical,True,F&O,Stage 2,Early Stage 2,0.72,"Price has moved above long-term structure, but the full moving-average stack is not clean yet.",watchlist,24.44,0.7,True,True,Advancing,Hold / Trend intact,0.1,0.69
2026-05-18,OBEROIRLTY.NS,Oberoi Realty Limited,Real Estate,Real Estate,True,F&O,Stage 4,Stage 4 - Weak/Declining,0.72,Price is below long-term support with weak trend evidence.,watchlist,9.19,0.58,True,True,Weak Structure,Exit / Avoid,0.1,0.6
2026-05-18,OFSS.NS,Oracle Financial Services Software Limited,Software - Infrastructure,Technology,True,F&O,Stage 2,Extended Stage 2,0.78,"Advancing structure remains intact, but price is stretched versus key moving averages or far above the 52-week low.",watchlist,28.32,0.69,True,True,Advancing,Hold / Trend intact,0.11,0.59
2026-05-18,OIL.NS,Oil India Limited,Energy,Energy,True,F&O,Stage 2,Clean Stage 2,0.9,"Price is above rising key averages, weekly structure is supportive, and the stock is near its 52-week high.",watchlist,31.55,1.32,False,False,Advancing,Hold / Trend intact,0.15,2.12
2026-05-18,OLAELEC.NS,Ola Electric Mobility Limited,Auto Manufacturers,Consumer Cyclical,False,Cash,Stage 4,Stage 4 - Weak/Declining,0.72,Price is below long-term support with weak trend evidence.,watchlist,24.12,0.43,True,True,Weak Structure,Exit / Avoid,0.06,0.32
2026-05-18,OLECTRA.NS,Olectra Greentech Limited,Farm & Heavy Construction Machinery,Industrials,False,Cash,Stage 1,Stage 1 - Base/Repair,0.7,Price is near long-term moving averages with no strong long-term downtrend signal.,watchlist,30.76,0.74,True,True,Base Building,Watchlist / Early base,0.17,0.43
2026-05-18,ONESOURCE.NS,Onesource Specialty Pharma Limited,Biotechnology,Healthcare,False,Cash,Stage 1,Stage 1 - Early Turn,0.66,The stock is improving from a repair/base area but has not confirmed a clean Stage 2 yet.,watchlist,24.31,0.49,True,True,Base Building,Watchlist / Early base,0.19,0.51
2026-05-18,ONGC.NS,Oil & Natural Gas Corporation Limited,Energy,Energy,True,F&O,Stage 2,Clean Stage 2,0.9,"Price is above rising key averages, weekly structure is supportive, and the stock is near its 52-week high.",watchlist,44.56,0.81,True,False,Advancing,Hold / Trend intact,0.09,1.17
2026-05-18,OPTIEMUS.NS,Optiemus Infracom Limited,Technology,Technology,False,Cash,Stage 4,Stage 4 - Weak/Declining,0.72,Price is below long-term support with weak trend evidence.,watchlist,11.8,0.72,True,True,Weak Structure,Exit / Avoid,0.16,0.47
2026-05-18,ORCHPHARMA.NS,Orchid Pharma Limited,Drug Manufacturers - Specialty & Generic,Healthcare,False,Cash,Stage 1,Stage 1 - Early Turn,0.66,The stock is improving from a repair/base area but has not confirmed a clean Stage 2 yet.,watchlist,15.11,0.88,False,True,Base Building,Watchlist / Early base,0.11,0.88
2026-05-18,ORIENTCEM.NS,Orient Cement Limited,Building Materials,Basic Materials,False,Cash,Stage 4,Stage 4 - Confirmed Downtrend,0.86,Price is below a bearish moving-average stack with falling trend signals.,watchlist,16.11,0.54,True,True,Weak Structure,Exit / Avoid,0.12,0.46
2026-05-18,ORIENTELEC.NS,Orient Electric Limited,"Furnishings, Fixtures & Appliances",Consumer Cyclical,False,Cash,Stage 1,Stage 1 - Early Turn,0.66,The stock is improving from a repair/base area but has not confirmed a clean Stage 2 yet.,watchlist,22.89,1.74,False,False,Base Building,Watchlist / Early base,0.11,1.19
2026-05-18,ORISSAMINE.NS,The Orissa Minerals Development Company Limited,Steel,Basic Materials,False,Cash,Stage 4,Stage 4 - Weak/Declining,0.72,Price is below long-term support with weak trend evidence.,watchlist,11.8,0.47,True,True,Weak Structure,Exit / Avoid,0.1,0.39
2026-05-18,PAGEIND.NS,Page Industries Limited,Apparel Manufacturing,Consumer Cyclical,True,F&O,Stage 1,Stage 1 - Early Turn,0.66,The stock is improving from a repair/base area but has not confirmed a clean Stage 2 yet.,watchlist,23.11,0.52,True,True,Base Building,Watchlist / Early base,0.06,0.58
2026-05-18,PAISALO.NS,Paisalo Digital Limited,Credit Services,Financial Services,False,Cash,Stage 2,Clean Stage 2,0.9,"Price is above rising key averages, weekly structure is supportive, and the stock is near its 52-week high.",watchlist,64.67,1.03,False,False,Advancing,Hold / Trend intact,0.09,0.92
2026-05-18,PARADEEP.NS,Paradeep Phosphates Limited,Agricultural Inputs,Basic Materials,False,Cash,Stage 4,Stage 4 - Weak/Declining,0.72,Price is below long-term support with weak trend evidence.,watchlist,4.79,1.49,False,False,Weak Structure,Exit / Avoid,0.36,2.14
2026-05-18,PARAGMILK.NS,Parag Milk Foods Limited,Packaged Foods,Consumer Defensive,False,Cash,Stage 4,Stage 4 - Weak/Declining,0.72,Price is below long-term support with weak trend evidence.,watchlist,9.12,0.85,False,True,Weak Structure,Exit / Avoid,0.16,0.78
2026-05-18,PARAS.NS,Paras Defence and Space Technologies Limited,Aerospace & Defense,Industrials,False,Cash,Stage 2,Messy Stage 2,0.64,"Long-term structure is still constructive, but the short-term/weekly structure is not clean.",watchlist,41.54,1.02,False,False,Advancing,Hold / Trend intact,0.21,1.57
2026-05-18,PARKHOTELS.NS,Apeejay Surrendra Park Hotels Limited,Lodging,Consumer Cyclical,False,Cash,Stage 4,Stage 4 - Weak/Declining,0.72,Price is below long-term support with weak trend evidence.,watchlist,0.0,0.71,True,True,Weak Structure,Exit / Avoid,0.16,0.68
2026-05-18,PATANJALI.NS,Patanjali Foods Limited,Packaged Foods,Consumer Defensive,True,F&O,Stage 4,Stage 4 - Confirmed Downtrend,0.86,Price is below a bearish moving-average stack with falling trend signals.,watchlist,22.55,1.27,False,False,Weak Structure,Exit / Avoid,0.4,1.83
2026-05-18,PAYTM.NS,One 97 Communications Limited,Software - Infrastructure,Technology,True,F&O,Stage 1,Stage 1 - Unclear/Repair,0.58,Not enough evidence for Stage 2 or Stage 4; classified as repair/unclear structure.,watchlist,11.16,1.1,False,True,Base Building,Watchlist / Early base,0.08,0.51
2026-05-18,PCBL.NS,PCBL Chemical Limited,Specialty Chemicals,Basic Materials,False,Cash,Stage 4,Stage 4 - Confirmed Downtrend,0.86,Price is below a bearish moving-average stack with falling trend signals.,watchlist,21.11,0.31,True,True,Weak Structure,Exit / Avoid,0.11,0.23
2026-05-18,PDSL.NS,PDS Limited,Industrials,Industrials,False,Cash,Stage 4,Stage 4 - Confirmed Downtrend,0.86,Price is below a bearish moving-average stack with falling trend signals.,watchlist,17.94,0.17,True,True,Weak Structure,Exit / Avoid,0.04,0.13
2026-05-18,PERSISTENT.NS,Persistent Systems Limited,Information Technology Services,Technology,True,F&O,Stage 4,Stage 4 - Weak/Declining,0.72,Price is below long-term support with weak trend evidence.,watchlist,5.15,0.75,True,True,Weak Structure,Exit / Avoid,0.08,0.77
2026-05-18,PETRONET.NS,Petronet LNG Limited,Oil & Gas Refining & Marketing,Energy,True,F&O,Stage 4,Stage 4 - Weak/Declining,0.72,Price is below long-term support with weak trend evidence.,watchlist,0.0,0.69,True,True,Weak Structure,Exit / Avoid,0.11,0.38
2026-05-18,PFC.NS,Power Finance Corporation Limited,Credit Services,Financial Services,True,F&O,Stage 2,Early Stage 2,0.72,"Price has moved above long-term structure, but the full moving-average stack is not clean yet.",watchlist,25.81,0.67,True,True,Advancing,Hold / Trend intact,0.12,0.69
2026-05-18,PFIZER.NS,Pfizer Limited,Drug Manufacturers - General,Healthcare,False,Cash,Stage 4,Stage 4 - Weak/Declining,0.72,Price is below long-term support with weak trend evidence.,watchlist,30.33,1.39,False,False,Weak Structure,Exit / Avoid,1.18,2.11
2026-05-18,PFOCUS.NS,Prime Focus Limited,Communication Services,Communication Services,False,Cash,Stage 1,Stage 1 - Base/Repair,0.7,Price is near long-term moving averages with no strong long-term downtrend signal.,watchlist,1.17,0.31,True,True,Base Building,Watchlist / Early base,0.01,0.13
2026-05-18,PGEL.NS,PG Electroplast Limited,Electronic Components,Technology,True,F&O,Stage 4,Stage 4 - Confirmed Downtrend,0.86,Price is below a bearish moving-average stack with falling trend signals.,watchlist,11.44,0.42,True,True,Weak Structure,Exit / Avoid,0.19,0.4
2026-05-18,PGHH.NS,Procter & Gamble Hygiene and Health Care Limited,Household & Personal Products,Consumer Defensive,False,Cash,Stage 4,Stage 4 - Confirmed Downtrend,0.86,Price is below a bearish moving-average stack with falling trend signals.,watchlist,6.8,0.51,True,True,Weak Structure,Exit / Avoid,0.15,0.33
2026-05-18,PGHL.NS,Procter & Gamble Health Limited,Drug Manufacturers - Specialty & Generic,Healthcare,False,Cash,Stage 4,Stage 4 - Weak/Declining,0.72,Price is below long-term support with weak trend evidence.,watchlist,30.07,0.71,True,True,Weak Structure,Exit / Avoid,0.06,0.67
2026-05-18,PGIL.NS,Pearl Global Industries Limited,Apparel Manufacturing,Consumer Cyclical,False,Cash,Stage 2,Early Stage 2,0.72,"Price has moved above long-term structure, but the full moving-average stack is not clean yet.",watchlist,30.01,2.81,False,False,Advancing,Hold / Trend intact,0.62,5.79
2026-05-18,PHOENIXLTD.NS,The Phoenix Mills Limited,Real Estate,Real Estate,True,F&O,Stage 1,Stage 1 - Base/Repair,0.7,Price is near long-term moving averages with no strong long-term downtrend signal.,watchlist,14.24,0.55,True,True,Base Building,Watchlist / Early base,0.27,0.68
2026-05-18,PIDILITIND.NS,Pidilite Industries Limited,Specialty Chemicals,Basic Materials,True,F&O,Stage 4,Stage 4 - Weak/Declining,0.72,Price is below long-term support with weak trend evidence.,watchlist,14.32,1.66,False,False,Weak Structure,Exit / Avoid,0.21,1.15
2026-05-18,PIIND.NS,PI Industries Limited,Agricultural Inputs,Basic Materials,True,F&O,Stage 4,Stage 4 - Weak/Declining,0.72,Price is below long-term support with weak trend evidence.,watchlist,18.11,0.85,True,False,Weak Structure,Exit / Avoid,0.09,0.93
2026-05-18,PILANIINVS.NS,Pilani Investment and Industries Corporation Limited,Asset Management,Financial Services,False,Cash,Stage 4,Stage 4 - Weak/Declining,0.72,Price is below long-term support with weak trend evidence.,watchlist,11.95,0.79,True,False,Weak Structure,Exit / Avoid,0.15,1.04
2026-05-18,PITTIENG.NS,Pitti Engineering Limited,Metal Fabrication,Industrials,False,Cash,Stage 3,Stage 3 - Transition,0.62,"The structure is transitioning after prior strength, but it is not yet a confirmed Stage 4 decline.",watchlist,32.19,0.73,True,True,Transition,Reduce / Avoid fresh longs,0.23,0.7
2026-05-18,PNB.NS,Punjab National Bank,Banks - Regional,Financial Services,True,F&O,Stage 4,Stage 4 - Weak/Declining,0.72,Price is below long-term support with weak trend evidence.,watchlist,3.8,1.32,False,False,Weak Structure,Exit / Avoid,0.42,0.91
2026-05-18,PNBHOUSING.NS,PNB Housing Finance Limited,Mortgage Finance,Financial Services,True,F&O,Stage 2,Clean Stage 2,0.9,"Price is above rising key averages, weekly structure is supportive, and the stock is near its 52-week high.",watchlist,41.66,0.59,True,True,Advancing,Hold / Trend intact,0.07,0.49
2026-05-18,PNCINFRA.NS,PNC Infratech Limited,Engineering & Construction,Industrials,False,Cash,Stage 4,Stage 4 - Weak/Declining,0.72,Price is below long-term support with weak trend evidence.,watchlist,8.03,0.6,True,True,Weak Structure,Exit / Avoid,0.11,0.6
2026-05-18,PNGJL.NS,P N Gadgil Jewellers Limited,Luxury Goods,Consumer Cyclical,False,Cash,Stage 1,Stage 1 - Unclear/Repair,0.58,Not enough evidence for Stage 2 or Stage 4; classified as repair/unclear structure.,watchlist,16.88,1.61,False,False,Base Building,Watchlist / Early base,0.07,1.68
2026-05-18,POCL.NS,Pondy Oxides & Chemicals Limited,Specialty Chemicals,Basic Materials,False,Cash,Stage 2,Extended Stage 2,0.78,"Advancing structure remains intact, but price is stretched versus key moving averages or far above the 52-week low.",watchlist,30.96,1.9,False,False,Advancing,Hold / Trend intact,0.34,2.86
2026-05-18,POKARNA.NS,Pokarna Limited,Building Products & Equipment,Industrials,False,Cash,Stage 4,Stage 4 - Weak/Declining,0.72,Price is below long-term support with weak trend evidence.,watchlist,2.0,0.64,True,True,Weak Structure,Exit / Avoid,0.14,0.38
2026-05-18,POLICYBZR.NS,PB Fintech Limited,Financial Services,Financial Services,True,F&O,Stage 1,Stage 1 - Early Turn,0.66,The stock is improving from a repair/base area but has not confirmed a clean Stage 2 yet.,watchlist,17.0,1.18,False,False,Base Building,Watchlist / Early base,0.08,0.97
2026-05-18,POLYCAB.NS,Polycab India Limited,Electrical Equipment & Parts,Industrials,True,F&O,Stage 2,Clean Stage 2,0.9,"Price is above rising key averages, weekly structure is supportive, and the stock is near its 52-week high.",watchlist,44.14,1.14,False,True,Advancing,Hold / Trend intact,0.12,0.67
2026-05-18,POLYMED.NS,Poly Medicure Limited,Healthcare,Healthcare,False,Cash,Stage 4,Stage 4 - Weak/Declining,0.72,Price is below long-term support with weak trend evidence.,watchlist,9.64,0.73,True,True,Weak Structure,Exit / Avoid,0.1,0.75
2026-05-18,POLYPLEX.NS,Polyplex Corporation Limited,Specialty Chemicals,Basic Materials,False,Cash,Stage 1,Stage 1 - Early Turn,0.66,The stock is improving from a repair/base area but has not confirmed a clean Stage 2 yet.,watchlist,28.43,0.47,True,True,Base Building,Watchlist / Early base,0.27,0.43
2026-05-18,POONAWALLA.NS,Poonawalla Fincorp Limited,Credit Services,Financial Services,False,Cash,Stage 4,Stage 4 - Confirmed Downtrend,0.86,Price is below a bearish moving-average stack with falling trend signals.,watchlist,4.79,1.3,False,True,Weak Structure,Exit / Avoid,0.04,0.45
2026-05-18,POWERGRID.NS,Power Grid Corporation of India Limited,Utilities,Utilities,True,F&O,Stage 2,Early Stage 2,0.72,"Price has moved above long-term structure, but the full moving-average stack is not clean yet.",watchlist,39.18,0.69,True,False,Advancing,Hold / Trend intact,0.33,0.93
2026-05-18,POWERINDIA.NS,Hitachi Energy India Limited,Electrical Equipment & Parts,Industrials,True,F&O,Stage 2,Extended Stage 2,0.78,"Advancing structure remains intact, but price is stretched versus key moving averages or far above the 52-week low.",watchlist,46.25,0.88,False,True,Advancing,Hold / Trend intact,0.2,0.78
2026-05-18,POWERMECH.NS,Power Mech Projects Limited,Engineering & Construction,Industrials,False,Cash,Stage 1,Stage 1 - Early Turn,0.66,The stock is improving from a repair/base area but has not confirmed a clean Stage 2 yet.,watchlist,3.4,0.71,True,True,Base Building,Watchlist / Early base,0.21,0.46
2026-05-18,PPLPHARMA.NS,Piramal Pharma Limited,Drug Manufacturers - Specialty & Generic,Healthcare,False,Cash,Stage 1,Stage 1 - Early Turn,0.66,The stock is improving from a repair/base area but has not confirmed a clean Stage 2 yet.,watchlist,30.31,1.7,False,True,Base Building,Watchlist / Early base,0.07,0.67
2026-05-18,PRAJIND.NS,Praj Industries Limited,Engineering & Construction,Industrials,False,Cash,Stage 1,Stage 1 - Early Turn,0.66,The stock is improving from a repair/base area but has not confirmed a clean Stage 2 yet.,watchlist,30.48,0.38,True,True,Base Building,Watchlist / Early base,0.09,0.43
2026-05-18,PRAKASH.NS,Prakash Industries Limited,Steel,Basic Materials,False,Cash,Stage 1,Stage 1 - Early Turn,0.66,The stock is improving from a repair/base area but has not confirmed a clean Stage 2 yet.,watchlist,41.51,0.8,True,True,Base Building,Watchlist / Early base,0.17,0.64
2026-05-18,PRECWIRE.NS,Precision Wires India Limited,Electrical Equipment & Parts,Industrials,False,Cash,Stage 2,Extended Stage 2,0.78,"Advancing structure remains intact, but price is stretched versus key moving averages or far above the 52-week low.",watchlist,49.19,0.68,True,True,Advancing,Hold / Trend intact,0.1,0.48
2026-05-18,PREMEXPLN.NS,Premier Explosives Limited,Specialty Chemicals,Basic Materials,False,Cash,Stage 1,Stage 1 - Base/Repair,0.7,Price is near long-term moving averages with no strong long-term downtrend signal.,watchlist,5.9,1.03,False,False,Base Building,Watchlist / Early base,0.3,1.35
2026-05-18,PREMIERENE.NS,Premier Energies Limited,Solar,Technology,True,F&O,Stage 1,Stage 1 - Early Turn,0.66,The stock is improving from a repair/base area but has not confirmed a clean Stage 2 yet.,watchlist,8.68,0.52,True,True,Base Building,Watchlist / Early base,1.61,0.61
2026-05-18,PRESTIGE.NS,Prestige Estates Projects Limited,Real Estate,Real Estate,True,F&O,Stage 4,Stage 4 - Confirmed Downtrend,0.86,Price is below a bearish moving-average stack with falling trend signals.,watchlist,0.0,0.57,True,True,Weak Structure,Exit / Avoid,0.11,0.47
2026-05-18,PRICOLLTD.NS,Pricol Limited,Auto Parts,Consumer Cyclical,False,Cash,Stage 1,Stage 1 - Base/Repair,0.7,Price is near long-term moving averages with no strong long-term downtrend signal.,watchlist,26.15,3.18,False,False,Base Building,Watchlist / Early base,1.06,6.0
2026-05-18,PRINCEPIPE.NS,Prince Pipes And Fittings Limited,Building Products & Equipment,Industrials,False,Cash,Stage 4,Stage 4 - Weak/Declining,0.72,Price is below long-term support with weak trend evidence.,watchlist,18.11,0.7,True,True,Weak Structure,Exit / Avoid,1.18,0.82
2026-05-18,PRIVISCL.NS,Privi Speciality Chemicals Limited,Specialty Chemicals,Basic Materials,False,Cash,Stage 2,Early Stage 2,0.72,"Price has moved above long-term structure, but the full moving-average stack is not clean yet.",watchlist,41.15,1.37,False,False,Advancing,Hold / Trend intact,0.1,1.3
2026-05-18,PRSMJOHNSN.NS,Prism Johnson Limited,Building Materials,Basic Materials,False,Cash,Stage 4,Stage 4 - Weak/Declining,0.72,Price is below long-term support with weak trend evidence.,watchlist,24.12,0.4,True,True,Weak Structure,Exit / Avoid,0.14,0.53
2026-05-18,PRUDENT.NS,Prudent Corporate Advisory Services Limited,Asset Management,Financial Services,False,Cash,Stage 2,Early Stage 2,0.72,"Price has moved above long-term structure, but the full moving-average stack is not clean yet.",watchlist,24.29,1.08,False,True,Advancing,Hold / Trend intact,0.08,0.46
2026-05-18,PSPPROJECT.NS,PSP Projects Limited,Engineering & Construction,Industrials,False,Cash,Stage 1,Stage 1 - Base/Repair,0.7,Price is near long-term moving averages with no strong long-term downtrend signal.,watchlist,1.98,0.7,True,True,Base Building,Watchlist / Early base,0.16,0.54
2026-05-18,PTC.NS,PTC India Limited,Utilities,Utilities,False,Cash,Stage 2,Early Stage 2,0.72,"Price has moved above long-term structure, but the full moving-average stack is not clean yet.",watchlist,30.88,0.98,False,True,Advancing,Hold / Trend intact,0.12,0.7
2026-05-18,PTCIL.NS,PTC Industries Limited,Metal Fabrication,Industrials,False,Cash,Stage 1,Stage 1 - Base/Repair,0.7,Price is near long-term moving averages with no strong long-term downtrend signal.,watchlist,15.58,0.75,True,True,Base Building,Watchlist / Early base,0.42,0.67
2026-05-18,PURVA.NS,Puravankara Limited,Real Estate,Real Estate,False,Cash,Stage 4,Stage 4 - Weak/Declining,0.72,Price is below long-term support with weak trend evidence.,watchlist,0.0,0.13,True,True,Weak Structure,Exit / Avoid,0.03,0.11
2026-05-18,PVRINOX.NS,PVR INOX Limited,Communication Services,Communication Services,False,Cash,Stage 1,Stage 1 - Base/Repair,0.7,Price is near long-term moving averages with no strong long-term downtrend signal.,watchlist,23.32,1.02,False,True,Base Building,Watchlist / Early base,0.06,0.6
2026-05-18,QPOWER.NS,Quality Power Electrical Equipments Limited,Electrical Equipment & Parts,Industrials,False,Cash,Stage 1,Stage 1 - Unclear/Repair,0.58,Not enough evidence for Stage 2 or Stage 4; classified as repair/unclear structure.,watchlist,41.23,0.91,False,False,Base Building,Watchlist / Early base,0.25,0.93
2026-05-18,QUESS.NS,Quess Corp Limited,Industrials,Industrials,False,Cash,Stage 4,Stage 4 - Weak/Declining,0.72,Price is below long-term support with weak trend evidence.,watchlist,0.0,3.57,False,True,Weak Structure,Exit / Avoid,0.06,0.25
2026-05-18,RADICO.NS,Radico Khaitan Limited,Consumer Defensive,Consumer Defensive,False,Cash,Stage 2,Early Stage 2,0.72,"Price has moved above long-term structure, but the full moving-average stack is not clean yet.",watchlist,36.78,0.93,False,True,Advancing,Hold / Trend intact,0.05,0.81
2026-05-18,RAILTEL.NS,Railtel Corporation Of India Limited,Telecom Services,Communication Services,False,Cash,Stage 4,Stage 4 - Weak/Declining,0.72,Price is below long-term support with weak trend evidence.,watchlist,0.0,0.44,True,True,Weak Structure,Exit / Avoid,0.07,0.26
2026-05-18,RAIN.NS,Rain Industries Limited,Specialty Chemicals,Basic Materials,False,Cash,Stage 1,Stage 1 - Unclear/Repair,0.58,Not enough evidence for Stage 2 or Stage 4; classified as repair/unclear structure.,watchlist,17.41,2.5,False,False,Base Building,Watchlist / Early base,0.19,1.4
2026-05-18,RAINBOW.NS,Rainbow Childrens Medicare Limited,Medical Care Facilities,Healthcare,False,Cash,Stage 1,Stage 1 - Early Turn,0.66,The stock is improving from a repair/base area but has not confirmed a clean Stage 2 yet.,watchlist,36.79,1.23,False,True,Base Building,Watchlist / Early base,0.12,0.61
2026-05-18,RALLIS.NS,Rallis India Limited,Agricultural Inputs,Basic Materials,False,Cash,Stage 4,Stage 4 - Weak/Declining,0.72,Price is below long-term support with weak trend evidence.,watchlist,2.0,0.87,False,True,Weak Structure,Exit / Avoid,0.1,0.76
2026-05-18,RAMCOCEM.NS,The Ramco Cements Limited,Building Materials,Basic Materials,False,Cash,Stage 4,Stage 4 - Confirmed Downtrend,0.86,Price is below a bearish moving-average stack with falling trend signals.,watchlist,3.96,1.56,False,False,Weak Structure,Exit / Avoid,0.06,0.96
2026-05-18,RAMKY.NS,Ramky Infrastructure Limited,Engineering & Construction,Industrials,False,Cash,Stage 4,Stage 4 - Weak/Declining,0.72,Price is below long-term support with weak trend evidence.,watchlist,16.11,0.09,True,True,Weak Structure,Exit / Avoid,0.17,0.37
2026-05-18,RAMRAT.NS,Ram Ratna Wires Limited,Electrical Equipment & Parts,Industrials,False,Cash,Stage 2,Early Stage 2,0.72,"Price has moved above long-term structure, but the full moving-average stack is not clean yet.",watchlist,51.41,0.67,True,True,Advancing,Hold / Trend intact,0.11,0.51
2026-05-18,RATEGAIN.NS,Rategain Travel Technologies Limited,Software - Application,Technology,False,Cash,Stage 1,Stage 1 - Early Turn,0.66,The stock is improving from a repair/base area but has not confirmed a clean Stage 2 yet.,watchlist,12.55,0.86,False,True,Base Building,Watchlist / Early base,0.16,0.79
2026-05-18,RATNAMANI.NS,Ratnamani Metals & Tubes Limited,Steel,Basic Materials,False,Cash,Stage 1,Stage 1 - Early Turn,0.66,The stock is improving from a repair/base area but has not confirmed a clean Stage 2 yet.,watchlist,44.58,1.73,False,False,Base Building,Watchlist / Early base,1.45,1.47
2026-05-18,RAYMOND.NS,Raymond Limited,Specialty Industrial Machinery,Industrials,False,Cash,Stage 1,Stage 1 - Early Turn,0.66,The stock is improving from a repair/base area but has not confirmed a clean Stage 2 yet.,watchlist,30.36,2.24,False,False,Base Building,Watchlist / Early base,2.05,1.03
2026-05-18,RAYMONDLSL.NS,Raymond Lifestyle Limited,Apparel Manufacturing,Consumer Cyclical,False,Cash,Stage 4,Stage 4 - Confirmed Downtrend,0.86,Price is below a bearish moving-average stack with falling trend signals.,watchlist,3.15,1.47,False,False,Weak Structure,Exit / Avoid,0.37,1.23
2026-05-18,RBA.NS,Restaurant Brands Asia Limited,Consumer Cyclical,Consumer Cyclical,False,Cash,Stage 1,Stage 1 - Early Turn,0.66,The stock is improving from a repair/base area but has not confirmed a clean Stage 2 yet.,watchlist,9.3,1.61,False,False,Base Building,Watchlist / Early base,0.36,1.51
2026-05-18,RBLBANK.NS,RBL Bank Limited,Banks - Regional,Financial Services,True,F&O,Stage 2,Clean Stage 2,0.9,"Price is above rising key averages, weekly structure is supportive, and the stock is near its 52-week high.",watchlist,39.63,0.77,True,True,Advancing,Hold / Trend intact,0.17,0.61
2026-05-18,RCF.NS,Rashtriya Chemicals and Fertilizers Limited,Agricultural Inputs,Basic Materials,False,Cash,Stage 4,Stage 4 - Confirmed Downtrend,0.86,Price is below a bearish moving-average stack with falling trend signals.,watchlist,8.65,0.26,True,True,Weak Structure,Exit / Avoid,0.17,0.21
2026-05-18,RECLTD.NS,REC Limited,Credit Services,Financial Services,True,F&O,Stage 4,Stage 4 - Weak/Declining,0.72,Price is below long-term support with weak trend evidence.,watchlist,2.31,0.67,True,True,Weak Structure,Exit / Avoid,0.18,0.53
2026-05-18,REDINGTON.NS,Redington Limited,Information Technology Services,Technology,False,Cash,Stage 4,Stage 4 - Confirmed Downtrend,0.86,Price is below a bearish moving-average stack with falling trend signals.,watchlist,0.0,0.53,True,True,Weak Structure,Exit / Avoid,0.12,0.67
2026-05-18,REDTAPE.NS,Redtape Limited,Consumer Cyclical,Consumer Cyclical,False,Cash,Stage 4,Stage 4 - Weak/Declining,0.72,Price is below long-term support with weak trend evidence.,watchlist,10.21,1.15,False,False,Weak Structure,Exit / Avoid,0.51,1.34
2026-05-18,REFEX.NS,Refex Industries Limited,Energy,Energy,False,Cash,Stage 4,Stage 4 - Weak/Declining,0.72,Price is below long-term support with weak trend evidence.,watchlist,29.71,1.65,False,False,Weak Structure,Exit / Avoid,0.32,2.86
2026-05-18,RELAXO.NS,Relaxo Footwears Limited,Consumer Cyclical,Consumer Cyclical,False,Cash,Stage 4,Stage 4 - Confirmed Downtrend,0.86,Price is below a bearish moving-average stack with falling trend signals.,watchlist,0.0,1.03,False,True,Weak Structure,Exit / Avoid,0.07,0.46
2026-05-18,RELIANCE.NS,Reliance Industries Limited,Oil & Gas Refining & Marketing,Energy,True,F&O,Stage 4,Stage 4 - Weak/Declining,0.72,Price is below long-term support with weak trend evidence.,watchlist,6.27,0.79,True,True,Weak Structure,Exit / Avoid,0.07,0.83
2026-05-18,RELIGARE.NS,Religare Enterprises Limited,Insurance - Life,Financial Services,False,Cash,Stage 4,Stage 4 - Confirmed Downtrend,0.86,Price is below a bearish moving-average stack with falling trend signals.,watchlist,4.96,0.71,True,True,Weak Structure,Exit / Avoid,0.18,0.67
2026-05-18,RESPONIND.NS,Responsive Industries Limited,Specialty Chemicals,Basic Materials,False,Cash,Stage 4,Stage 4 - Weak/Declining,0.72,Price is below long-term support with weak trend evidence.,watchlist,5.0,1.48,False,False,Weak Structure,Exit / Avoid,0.3,2.1
2026-05-18,RHIM.NS,RHI MAGNESITA INDIA LIMITED,Metal Fabrication,Industrials,False,Cash,Stage 4,Stage 4 - Confirmed Downtrend,0.86,Price is below a bearish moving-average stack with falling trend signals.,watchlist,10.0,0.45,True,True,Weak Structure,Exit / Avoid,0.21,0.44
2026-05-18,RITES.NS,RITES Limited,Engineering & Construction,Industrials,False,Cash,Stage 4,Stage 4 - Weak/Declining,0.72,Price is below long-term support with weak trend evidence.,watchlist,0.0,0.88,False,True,Weak Structure,Exit / Avoid,0.18,0.55
2026-05-18,RKFORGE.NS,Ramkrishna Forgings Limited,Metal Fabrication,Industrials,False,Cash,Stage 1,Stage 1 - Unclear/Repair,0.58,Not enough evidence for Stage 2 or Stage 4; classified as repair/unclear structure.,watchlist,11.67,1.17,False,True,Base Building,Watchlist / Early base,0.09,0.54
2026-05-18,ROLEXRINGS.NS,Rolex Rings Limited,Metal Fabrication,Industrials,False,Cash,Stage 2,Early Stage 2,0.72,"Price has moved above long-term structure, but the full moving-average stack is not clean yet.",watchlist,31.75,0.27,True,True,Advancing,Hold / Trend intact,0.1,0.19
2026-05-18,ROSSARI.NS,Rossari Biotech Limited,Specialty Chemicals,Basic Materials,False,Cash,Stage 4,Stage 4 - Weak/Declining,0.72,Price is below long-term support with weak trend evidence.,watchlist,5.36,1.43,False,True,Weak Structure,Exit / Avoid,0.05,0.56
2026-05-18,ROSSTECH.NS,Rossell Techsys Limited,Aerospace & Defense,Industrials,False,Cash,Stage 2,Stage 2,0.76,Advancing structure detected.,watchlist,63.81,1.48,False,False,Advancing,Hold / Trend intact,0.21,1.74
2026-05-18,ROUTE.NS,ROUTE MOBILE LIMITED,Telecom Services,Communication Services,False,Cash,Stage 4,Stage 4 - Weak/Declining,0.72,Price is below long-term support with weak trend evidence.,watchlist,6.66,0.61,True,True,Weak Structure,Exit / Avoid,0.1,0.39
2026-05-18,RPEL.NS,Raghav Productivity Enhancers Limited,Chemicals,Basic Materials,False,Cash,Stage 2,Extended Stage 2,0.78,"Advancing structure remains intact, but price is stretched versus key moving averages or far above the 52-week low.",watchlist,34.99,3.27,False,False,Advancing,Hold / Trend intact,0.35,4.57
2026-05-18,RPGLIFE.NS,RPG Life Sciences Limited,Drug Manufacturers - Specialty & Generic,Healthcare,False,Cash,Stage 1,Stage 1 - Early Turn,0.66,The stock is improving from a repair/base area but has not confirmed a clean Stage 2 yet.,watchlist,26.82,0.42,True,True,Base Building,Watchlist / Early base,0.04,0.14
2026-05-18,RPSGVENT.NS,RPSG VENTURES LIMITED,Information Technology Services,Technology,False,Cash,Stage 2,Early Stage 2,0.72,"Price has moved above long-term structure, but the full moving-average stack is not clean yet.",watchlist,18.44,0.12,True,True,Advancing,Hold / Trend intact,0.01,0.07
2026-05-18,RPTECH.NS,Rashi Peripherals Limited,Technology,Technology,False,Cash,Stage 2,Extended Stage 2,0.78,"Advancing structure remains intact, but price is stretched versus key moving averages or far above the 52-week low.",watchlist,69.22,1.6,False,False,Advancing,Hold / Trend intact,0.51,1.51
2026-05-18,RRKABEL.NS,R R Kabel Limited,Electrical Equipment & Parts,Industrials,False,Cash,Stage 2,Extended Stage 2,0.78,"Advancing structure remains intact, but price is stretched versus key moving averages or far above the 52-week low.",watchlist,58.23,1.48,False,False,Advancing,Hold / Trend intact,0.23,1.42
2026-05-18,RSYSTEMS.NS,R Systems International Limited,Information Technology Services,Technology,False,Cash,Stage 4,Stage 4 - Confirmed Downtrend,0.86,Price is below a bearish moving-average stack with falling trend signals.,watchlist,7.21,0.36,True,True,Weak Structure,Exit / Avoid,0.16,0.14
2026-05-18,RTNINDIA.NS,RattanIndia Enterprises Limited,Consumer Cyclical,Consumer Cyclical,False,Cash,Stage 4,Stage 4 - Weak/Declining,0.72,Price is below long-term support with weak trend evidence.,watchlist,16.11,0.86,False,True,Weak Structure,Exit / Avoid,0.17,0.55
2026-05-18,RUSTOMJEE.NS,Keystone Realtors Limited,Real Estate,Real Estate,False,Cash,Stage 4,Stage 4 - Weak/Declining,0.72,Price is below long-term support with weak trend evidence.,watchlist,0.0,1.21,False,False,Weak Structure,Exit / Avoid,0.04,1.24
2026-05-18,RVNL.NS,Rail Vikas Nigam Limited,Engineering & Construction,Industrials,True,F&O,Stage 4,Stage 4 - Confirmed Downtrend,0.86,Price is below a bearish moving-average stack with falling trend signals.,watchlist,1.8,0.66,True,True,Weak Structure,Exit / Avoid,0.17,0.63
2026-05-18,SAFARI.NS,Safari Industries (India) Limited,Consumer Cyclical,Consumer Cyclical,False,Cash,Stage 4,Stage 4 - Confirmed Downtrend,0.86,Price is below a bearish moving-average stack with falling trend signals.,watchlist,3.0,1.5,False,False,Weak Structure,Exit / Avoid,0.09,1.07
2026-05-18,SAGILITY.NS,SAGILITY LIMITED,Healthcare,Healthcare,False,Cash,Stage 4,Stage 4 - Weak/Declining,0.72,Price is below long-term support with weak trend evidence.,watchlist,7.51,0.88,False,False,Weak Structure,Exit / Avoid,0.27,1.05
2026-05-18,SAIL.NS,Steel Authority of India Limited,Steel,Basic Materials,True,F&O,Stage 2,Clean Stage 2,0.9,"Price is above rising key averages, weekly structure is supportive, and the stock is near its 52-week high.",watchlist,41.1,1.37,False,False,Advancing,Hold / Trend intact,0.37,2.22
2026-05-18,SAILIFE.NS,Sai Life Sciences Limited,Diagnostics & Research,Healthcare,False,Cash,Stage 2,Clean Stage 2,0.9,"Price is above rising key averages, weekly structure is supportive, and the stock is near its 52-week high.",watchlist,50.28,1.62,False,False,Advancing,Hold / Trend intact,0.36,2.94
2026-05-18,SAMHI.NS,Samhi Hotels Limited,Lodging,Consumer Cyclical,False,Cash,Stage 4,Stage 4 - Confirmed Downtrend,0.86,Price is below a bearish moving-average stack with falling trend signals.,watchlist,1.8,0.57,True,True,Weak Structure,Exit / Avoid,0.14,0.6
2026-05-18,SAMMAANCAP.NS,Sammaan Capital Limited,Mortgage Finance,Financial Services,True,F&O,Stage 1,Stage 1 - Base/Repair,0.7,Price is near long-term moving averages with no strong long-term downtrend signal.,watchlist,25.88,0.91,False,False,Base Building,Watchlist / Early base,0.22,0.92
2026-05-18,SANATHAN.NS,Sanathan Textiles Limited,Textile Manufacturing,Consumer Cyclical,False,Cash,Stage 4,Stage 4 - Weak/Declining,0.72,Price is below long-term support with weak trend evidence.,watchlist,6.44,0.85,False,False,Weak Structure,Exit / Avoid,0.11,0.98
2026-05-18,SANDHAR.NS,Sandhar Technologies Limited,Auto Parts,Consumer Cyclical,False,Cash,Stage 1,Stage 1 - Unclear/Repair,0.58,Not enough evidence for Stage 2 or Stage 4; classified as repair/unclear structure.,watchlist,14.41,1.48,False,False,Base Building,Watchlist / Early base,0.16,0.96
2026-05-18,SANDUMA.NS,Sandur Manganese & Iron Ores Limited,Steel,Basic Materials,False,Cash,Stage 2,Early Stage 2,0.72,"Price has moved above long-term structure, but the full moving-average stack is not clean yet.",watchlist,43.6,2.25,False,False,Advancing,Hold / Trend intact,0.19,1.1
2026-05-18,SANGAMIND.NS,Sangam (India) Limited,Textile Manufacturing,Consumer Cyclical,False,Cash,Stage 2,Clean Stage 2,0.9,"Price is above rising key averages, weekly structure is supportive, and the stock is near its 52-week high.",watchlist,69.39,0.47,True,True,Advancing,Hold / Trend intact,0.04,0.33
2026-05-18,SANGHVIMOV.NS,Sanghvi Movers Limited,Industrials,Industrials,False,Cash,Stage 1,Stage 1 - Base/Repair,0.7,Price is near long-term moving averages with no strong long-term downtrend signal.,watchlist,5.64,0.67,True,True,Base Building,Watchlist / Early base,0.28,0.57
2026-05-18,SANOFI.NS,Sanofi India Limited,Drug Manufacturers - General,Healthcare,False,Cash,Stage 4,Stage 4 - Confirmed Downtrend,0.86,Price is below a bearish moving-average stack with falling trend signals.,watchlist,11.8,0.83,True,True,Weak Structure,Exit / Avoid,0.17,0.63
2026-05-18,SANOFICONR.NS,Sanofi Consumer Healthcare India Limited,Drug Manufacturers - General,Healthcare,False,Cash,Stage 2,Early Stage 2,0.72,"Price has moved above long-term structure, but the full moving-average stack is not clean yet.",watchlist,45.73,0.59,True,False,Advancing,Hold / Trend intact,0.05,0.99
2026-05-18,SANSERA.NS,Sansera Engineering Limited,Auto Parts,Consumer Cyclical,False,Cash,Stage 2,Messy Stage 2,0.64,"Long-term structure is still constructive, but the short-term/weekly structure is not clean.",watchlist,33.63,0.61,True,True,Advancing,Hold / Trend intact,0.14,0.44
2026-05-18,SAPPHIRE.NS,Sapphire Foods India Limited,Consumer Cyclical,Consumer Cyclical,False,Cash,Stage 4,Stage 4 - Weak/Declining,0.72,Price is below long-term support with weak trend evidence.,watchlist,0.0,0.59,True,True,Weak Structure,Exit / Avoid,0.03,0.59
2026-05-18,SARDAEN.NS,Sarda Energy & Minerals Limited,Steel,Basic Materials,False,Cash,Stage 1,Stage 1 - Base/Repair,0.7,Price is near long-term moving averages with no strong long-term downtrend signal.,watchlist,38.92,0.67,True,True,Base Building,Watchlist / Early base,0.35,0.8
2026-05-18,SAREGAMA.NS,Saregama India Limited,Communication Services,Communication Services,False,Cash,Stage 1,Stage 1 - Early Turn,0.66,The stock is improving from a repair/base area but has not confirmed a clean Stage 2 yet.,watchlist,27.84,4.45,False,False,Base Building,Watchlist / Early base,0.93,9.08
2026-05-18,SBCL.NS,Shivalik Bimetal Controls Limited,Metal Fabrication,Industrials,False,Cash,Stage 2,Early Stage 2,0.72,"Price has moved above long-term structure, but the full moving-average stack is not clean yet.",watchlist,34.25,0.64,True,True,Advancing,Hold / Trend intact,0.06,0.44
2026-05-18,SBFC.NS,SBFC Finance Limited,Credit Services,Financial Services,False,Cash,Stage 4,Stage 4 - Confirmed Downtrend,0.86,Price is below a bearish moving-average stack with falling trend signals.,watchlist,8.45,1.17,False,True,Weak Structure,Exit / Avoid,0.06,0.75
2026-05-18,SBICARD.NS,SBI Cards and Payment Services Limited,Credit Services,Financial Services,True,F&O,Stage 4,Stage 4 - Confirmed Downtrend,0.86,Price is below a bearish moving-average stack with falling trend signals.,watchlist,8.89,1.06,False,False,Weak Structure,Exit / Avoid,0.12,0.95
2026-05-18,SBILIFE.NS,SBI Life Insurance Company Limited,Insurance - Life,Financial Services,True,F&O,Stage 1,Stage 1 - Base/Repair,0.7,Price is near long-term moving averages with no strong long-term downtrend signal.,watchlist,12.58,0.63,True,True,Base Building,Watchlist / Early base,0.1,0.6
2026-05-18,SBIN.NS,State Bank of India,Banks - Regional,Financial Services,True,F&O,Stage 1,Stage 1 - Base/Repair,0.7,Price is near long-term moving averages with no strong long-term downtrend signal.,watchlist,2.9,1.25,False,False,Base Building,Watchlist / Early base,0.16,1.06
2026-05-18,SCHAEFFLER.NS,Schaeffler India Limited,Auto Parts,Consumer Cyclical,False,Cash,Stage 1,Stage 1 - Base/Repair,0.7,Price is near long-term moving averages with no strong long-term downtrend signal.,watchlist,32.85,0.67,True,True,Base Building,Watchlist / Early base,0.07,0.47
2026-05-18,SCI.NS,Shipping Corporation Of India Limited,Marine Shipping,Industrials,False,Cash,Stage 2,Extended Stage 2,0.78,"Advancing structure remains intact, but price is stretched versus key moving averages or far above the 52-week low.",watchlist,42.22,1.39,False,False,Advancing,Hold / Trend intact,0.25,0.91
2026-05-18,SEAMECLTD.NS,Seamec Limited,Marine Shipping,Industrials,False,Cash,Stage 2,Clean Stage 2,0.9,"Price is above rising key averages, weekly structure is supportive, and the stock is near its 52-week high.",watchlist,46.56,0.58,True,True,Advancing,Hold / Trend intact,0.24,0.59
2026-05-18,SENCO.NS,Senco Gold Limited,Luxury Goods,Consumer Cyclical,False,Cash,Stage 3,Stage 3 - Transition,0.62,"The structure is transitioning after prior strength, but it is not yet a confirmed Stage 4 decline.",watchlist,1.45,1.06,False,False,Transition,Reduce / Avoid fresh longs,0.07,1.0
2026-05-18,SENORES.NS,Senores Pharmaceuticals Limited,Drug Manufacturers - General,Healthcare,False,Cash,Stage 2,Extended Stage 2,0.78,"Advancing structure remains intact, but price is stretched versus key moving averages or far above the 52-week low.",watchlist,46.18,1.84,False,False,Advancing,Hold / Trend intact,0.88,2.95
2026-05-18,SFL.NS,Sheela Foam Limited,"Furnishings, Fixtures & Appliances",Consumer Cyclical,False,Cash,Stage 4,Stage 4 - Weak/Declining,0.72,Price is below long-term support with weak trend evidence.,watchlist,20.24,2.9,False,False,Weak Structure,Exit / Avoid,0.95,5.33
2026-05-18,SHAILY.NS,Shaily Engineering Plastics Limited,Specialty Chemicals,Basic Materials,False,Cash,Stage 2,Extended Stage 2,0.78,"Advancing structure remains intact, but price is stretched versus key moving averages or far above the 52-week low.",watchlist,29.7,0.39,True,True,Advancing,Hold / Trend intact,0.13,0.38
2026-05-18,SHAKTIPUMP.NS,Shakti Pumps (India) Limited,Specialty Industrial Machinery,Industrials,False,Cash,Stage 4,Stage 4 - Confirmed Downtrend,0.86,Price is below a bearish moving-average stack with falling trend signals.,watchlist,15.02,0.99,False,True,Weak Structure,Exit / Avoid,0.16,0.46
2026-05-18,SHANTIGEAR.NS,Shanthi Gears Limited,Specialty Industrial Machinery,Industrials,False,Cash,Stage 4,Stage 4 - Weak/Declining,0.72,Price is below long-term support with weak trend evidence.,watchlist,26.29,1.3,False,True,Weak Structure,Exit / Avoid,0.23,0.56
2026-05-18,SHARDACROP.NS,Sharda Cropchem Limited,Agricultural Inputs,Basic Materials,False,Cash,Stage 4,Stage 4,0.66,Declining structure detected.,watchlist,2.13,2.41,False,False,Weak Structure,Exit / Avoid,0.58,4.53
2026-05-18,SHARDAMOTR.NS,Sharda Motor Industries Limited,Auto Parts,Consumer Cyclical,False,Cash,Stage 4,Stage 4 - Weak/Declining,0.72,Price is below long-term support with weak trend evidence.,watchlist,18.11,0.72,True,True,Weak Structure,Exit / Avoid,0.19,0.57
2026-05-18,SHAREINDIA.NS,Share India Securities Limited,Capital Markets,Financial Services,False,Cash,Stage 4,Stage 4 - Weak/Declining,0.72,Price is below long-term support with weak trend evidence.,watchlist,23.81,0.37,True,True,Weak Structure,Exit / Avoid,0.1,0.37
2026-05-18,SHILPAMED.NS,Shilpa Medicare Limited,Drug Manufacturers - Specialty & Generic,Healthcare,False,Cash,Stage 2,Extended Stage 2,0.78,"Advancing structure remains intact, but price is stretched versus key moving averages or far above the 52-week low.",watchlist,62.27,1.17,False,False,Advancing,Hold / Trend intact,0.53,1.11
2026-05-18,SHOPERSTOP.NS,Shoppers Stop Limited,Consumer Cyclical,Consumer Cyclical,False,Cash,Stage 4,Stage 4 - Weak/Declining,0.72,Price is below long-term support with weak trend evidence.,watchlist,3.82,2.98,False,True,Weak Structure,Exit / Avoid,0.02,0.31
2026-05-18,SHREECEM.NS,SHREE CEMENT LIMITED,Building Materials,Basic Materials,True,F&O,Stage 4,Stage 4 - Confirmed Downtrend,0.86,Price is below a bearish moving-average stack with falling trend signals.,watchlist,11.39,0.71,True,True,Weak Structure,Exit / Avoid,0.08,0.36
2026-05-18,SHRIPISTON.NS,Shriram Pistons & Rings Limited,Auto Parts,Consumer Cyclical,False,Cash,Stage 2,Messy Stage 2,0.64,"Long-term structure is still constructive, but the short-term/weekly structure is not clean.",watchlist,48.93,0.53,True,True,Advancing,Hold / Trend intact,0.14,0.58
2026-05-18,SHRIRAMFIN.NS,Shriram Finance Limited,Credit Services,Financial Services,True,F&O,Stage 3,Stage 3 - Distribution/Damage,0.76,"Prior strength exists, but short-term and/or weekly structure is deteriorating.",watchlist,10.0,0.75,True,False,Transition,Reduce / Avoid fresh longs,0.17,0.91
2026-05-18,SHYAMMETL.NS,Shyam Metalics and Energy Limited,Steel,Basic Materials,False,Cash,Stage 1,Stage 1 - Base/Repair,0.7,Price is near long-term moving averages with no strong long-term downtrend signal.,watchlist,33.2,1.64,False,False,Base Building,Watchlist / Early base,0.23,1.26
2026-05-18,SIEMENS.NS,Siemens Limited,Specialty Industrial Machinery,Industrials,True,F&O,Stage 2,Messy Stage 2,0.64,"Long-term structure is still constructive, but the short-term/weekly structure is not clean.",watchlist,53.04,0.9,False,True,Advancing,Hold / Trend intact,0.12,0.87
2026-05-18,SIGNATURE.NS,Signatureglobal (India) Limited,Real Estate,Real Estate,False,Cash,Stage 4,Stage 4 - Weak/Declining,0.72,Price is below long-term support with weak trend evidence.,watchlist,2.79,0.7,True,True,Weak Structure,Exit / Avoid,0.15,0.82
2026-05-18,SIS.NS,SIS LIMITED,Industrials,Industrials,False,Cash,Stage 2,Extended Stage 2,0.78,"Advancing structure remains intact, but price is stretched versus key moving averages or far above the 52-week low.",watchlist,27.17,0.62,True,True,Advancing,Hold / Trend intact,0.12,0.36
2026-05-18,SIYSIL.NS,Siyaram Silk Mills Limited,Textile Manufacturing,Consumer Cyclical,False,Cash,Stage 4,Stage 4 - Weak/Declining,0.72,Price is below long-term support with weak trend evidence.,watchlist,8.43,1.23,False,False,Weak Structure,Exit / Avoid,1.69,0.98
2026-05-18,SJS.NS,S.J.S. Enterprises Limited,Auto Parts,Consumer Cyclical,False,Cash,Stage 2,Stage 2,0.76,Advancing structure detected.,watchlist,30.61,1.48,False,True,Advancing,Hold / Trend intact,0.09,0.55
2026-05-18,SJVN.NS,SJVN Limited,Utilities - Renewable,Utilities,False,Cash,Stage 4,Stage 4 - Weak/Declining,0.72,Price is below long-term support with weak trend evidence.,watchlist,27.71,0.76,True,False,Weak Structure,Exit / Avoid,1.09,1.08
2026-05-18,SKFINDIA.NS,SKF India Limited,Tools & Accessories,Industrials,False,Cash,Stage 4,Stage 4 - Confirmed Downtrend,0.86,Price is below a bearish moving-average stack with falling trend signals.,watchlist,5.0,0.95,False,False,Weak Structure,Exit / Avoid,0.15,1.2
2026-05-18,SKIPPER.NS,Skipper Limited,Engineering & Construction,Industrials,False,Cash,Stage 1,Stage 1 - Early Turn,0.66,The stock is improving from a repair/base area but has not confirmed a clean Stage 2 yet.,watchlist,26.3,1.06,False,False,Base Building,Watchlist / Early base,0.17,1.12
2026-05-18,SKYGOLD.NS,SKY GOLD AND DIAMONDS LIMITED,Luxury Goods,Consumer Cyclical,False,Cash,Stage 2,Stage 2,0.76,Advancing structure detected.,watchlist,31.37,2.14,False,False,Advancing,Hold / Trend intact,0.12,2.09
2026-05-18,SMSPHARMA.NS,SMS Pharmaceuticals Limited,Drug Manufacturers - General,Healthcare,False,Cash,Stage 2,Early Stage 2,0.72,"Price has moved above long-term structure, but the full moving-average stack is not clean yet.",watchlist,37.1,0.67,True,True,Advancing,Hold / Trend intact,0.24,0.51
2026-05-18,SOBHA.NS,Sobha Limited,Real Estate,Real Estate,False,Cash,Stage 4,Stage 4 - Weak/Declining,0.72,Price is below long-term support with weak trend evidence.,watchlist,0.0,1.83,False,True,Weak Structure,Exit / Avoid,0.11,0.43
2026-05-18,SOLARINDS.NS,Solar Industries India Limited,Specialty Chemicals,Basic Materials,True,F&O,Stage 2,Extended Stage 2,0.78,"Advancing structure remains intact, but price is stretched versus key moving averages or far above the 52-week low.",watchlist,45.78,0.99,False,False,Advancing,Hold / Trend intact,1.23,1.61
2026-05-18,SONACOMS.NS,Sona BLW Precision Forgings Limited,Auto Parts,Consumer Cyclical,True,F&O,Stage 2,Clean Stage 2,0.9,"Price is above rising key averages, weekly structure is supportive, and the stock is near its 52-week high.",watchlist,64.76,1.1,False,True,Advancing,Hold / Trend intact,0.06,0.85
2026-05-18,SONATSOFTW.NS,Sonata Software Limited,Information Technology Services,Technology,False,Cash,Stage 4,Stage 4 - Weak/Declining,0.72,Price is below long-term support with weak trend evidence.,watchlist,5.83,2.12,False,True,Weak Structure,Exit / Avoid,0.12,0.66
2026-05-18,SOTL.NS,Savita Oil Technologies Limited,Specialty Chemicals,Basic Materials,False,Cash,Stage 1,Stage 1 - Early Turn,0.66,The stock is improving from a repair/base area but has not confirmed a clean Stage 2 yet.,watchlist,16.11,3.81,False,True,Base Building,Watchlist / Early base,0.13,0.48
2026-05-18,SOUTHBANK.NS,The South Indian Bank Limited,Banks - Regional,Financial Services,False,Cash,Stage 3,Stage 3 - Distribution/Damage,0.76,"Prior strength exists, but short-term and/or weekly structure is deteriorating.",watchlist,10.5,1.02,False,True,Transition,Reduce / Avoid fresh longs,0.22,0.7
2026-05-18,SPARC.NS,Sun Pharma Advanced Research Company Limited,Drug Manufacturers - Specialty & Generic,Healthcare,False,Cash,Stage 2,Early Stage 2,0.72,"Price has moved above long-term structure, but the full moving-average stack is not clean yet.",watchlist,47.42,1.92,False,True,Advancing,Hold / Trend intact,0.09,0.65
2026-05-18,SPLPETRO.NS,Supreme Petrochem Limited,Specialty Chemicals,Basic Materials,False,Cash,Stage 4,Stage 4 - Weak/Declining,0.72,Price is below long-term support with weak trend evidence.,watchlist,13.23,0.32,True,True,Weak Structure,Exit / Avoid,0.03,0.19
2026-05-18,SRF.NS,SRF Limited,Conglomerates,Industrials,True,F&O,Stage 4,Stage 4 - Weak/Declining,0.72,Price is below long-term support with weak trend evidence.,watchlist,6.04,1.3,False,True,Weak Structure,Exit / Avoid,0.08,0.57
2026-05-18,SSWL.NS,Steel Strips Wheels Limited,Auto Parts,Consumer Cyclical,False,Cash,Stage 4,Stage 4 - Weak/Declining,0.72,Price is below long-term support with weak trend evidence.,watchlist,10.53,0.92,False,True,Weak Structure,Exit / Avoid,0.36,0.73
2026-05-18,STAR.NS,Strides Pharma Science Limited,Drug Manufacturers - Specialty & Generic,Healthcare,False,Cash,Stage 2,Clean Stage 2,0.9,"Price is above rising key averages, weekly structure is supportive, and the stock is near its 52-week high.",watchlist,67.85,1.04,False,False,Advancing,Hold / Trend intact,0.16,1.03
2026-05-18,STARCEMENT.NS,Star Cement Limited,Building Materials,Basic Materials,False,Cash,Stage 1,Stage 1 - Unclear/Repair,0.58,Not enough evidence for Stage 2 or Stage 4; classified as repair/unclear structure.,watchlist,3.22,0.65,True,True,Base Building,Watchlist / Early base,0.16,0.56
2026-05-18,STARHEALTH.NS,Star Health and Allied Insurance Company Limited,Insurance - Life,Financial Services,False,Cash,Stage 2,Clean Stage 2,0.9,"Price is above rising key averages, weekly structure is supportive, and the stock is near its 52-week high.",watchlist,32.16,0.65,True,True,Advancing,Hold / Trend intact,0.08,0.4
2026-05-18,STEELCAS.NS,Steelcast Limited,Steel,Basic Materials,False,Cash,Stage 2,Stage 2,0.76,Advancing structure detected.,watchlist,47.08,0.72,True,True,Advancing,Hold / Trend intact,0.07,0.73
2026-05-18,STLTECH.NS,Sterlite Technologies Limited,Communication Equipment,Technology,False,Cash,Stage 2,Extended Stage 2,0.78,"Advancing structure remains intact, but price is stretched versus key moving averages or far above the 52-week low.",watchlist,61.52,0.69,True,False,Advancing,Hold / Trend intact,0.07,0.94
2026-05-18,STYLAMIND.NS,Stylam Industries Limited,"Furnishings, Fixtures & Appliances",Consumer Cyclical,False,Cash,Stage 2,Clean Stage 2,0.9,"Price is above rising key averages, weekly structure is supportive, and the stock is near its 52-week high.",watchlist,36.56,1.68,False,True,Advancing,Hold / Trend intact,0.69,0.79
2026-05-18,STYLEBAAZA.NS,Baazar Style Retail Limited,Consumer Cyclical,Consumer Cyclical,False,Cash,Stage 2,Early Stage 2,0.72,"Price has moved above long-term structure, but the full moving-average stack is not clean yet.",watchlist,27.67,1.2,False,False,Advancing,Hold / Trend intact,0.37,1.49
2026-05-18,STYRENIX.NS,Styrenix Performance Materials Limited,Chemicals,Basic Materials,False,Cash,Stage 1,Stage 1 - Early Turn,0.66,The stock is improving from a repair/base area but has not confirmed a clean Stage 2 yet.,watchlist,24.94,0.53,True,True,Base Building,Watchlist / Early base,0.58,0.55
2026-05-18,SUBROS.NS,Subros Limited,Auto Parts,Consumer Cyclical,False,Cash,Stage 4,Stage 4 - Confirmed Downtrend,0.86,Price is below a bearish moving-average stack with falling trend signals.,watchlist,2.0,0.74,True,True,Weak Structure,Exit / Avoid,0.26,0.61
2026-05-18,SUDARSCHEM.NS,Sudarshan Chemical Industries Limited,Specialty Chemicals,Basic Materials,False,Cash,Stage 4,Stage 4 - Weak/Declining,0.72,Price is below long-term support with weak trend evidence.,watchlist,5.0,0.45,True,True,Weak Structure,Exit / Avoid,0.05,0.3
2026-05-18,SUMICHEM.NS,Sumitomo Chemical India Limited,Agricultural Inputs,Basic Materials,False,Cash,Stage 1,Stage 1 - Early Turn,0.66,The stock is improving from a repair/base area but has not confirmed a clean Stage 2 yet.,watchlist,32.75,1.81,False,True,Base Building,Watchlist / Early base,0.15,0.82
2026-05-18,SUNCLAY.NS,Sundaram Clayton Limited,Metal Fabrication,Industrials,False,Cash,Stage 1,Stage 1 - Early Turn,0.66,The stock is improving from a repair/base area but has not confirmed a clean Stage 2 yet.,watchlist,31.01,0.77,True,False,Base Building,Watchlist / Early base,0.2,1.38
2026-05-18,SUNDARMFIN.NS,Sundaram Finance Limited,Credit Services,Financial Services,False,Cash,Stage 4,Stage 4 - Weak/Declining,0.72,Price is below long-term support with weak trend evidence.,watchlist,23.87,0.63,True,True,Weak Structure,Exit / Avoid,0.06,0.55
2026-05-18,SUNDRMFAST.NS,Sundram Fasteners Limited,Auto Parts,Consumer Cyclical,False,Cash,Stage 4,Stage 4 - Weak/Declining,0.72,Price is below long-term support with weak trend evidence.,watchlist,3.8,0.4,True,True,Weak Structure,Exit / Avoid,0.13,0.42
2026-05-18,SUNFLAG.NS,Sunflag Iron And Steel Company Limited,Steel,Basic Materials,False,Cash,Stage 2,Extended Stage 2,0.78,"Advancing structure remains intact, but price is stretched versus key moving averages or far above the 52-week low.",watchlist,31.78,3.81,False,True,Advancing,Hold / Trend intact,0.07,0.43
2026-05-18,SUNPHARMA.NS,Sun Pharmaceutical Industries Limited,Drug Manufacturers - Specialty & Generic,Healthcare,True,F&O,Stage 2,Clean Stage 2,0.9,"Price is above rising key averages, weekly structure is supportive, and the stock is near its 52-week high.",watchlist,58.68,0.6,True,True,Advancing,Hold / Trend intact,0.06,0.55
2026-05-18,SUNTECK.NS,Sunteck Realty Limited,Real Estate,Real Estate,False,Cash,Stage 4,Stage 4 - Confirmed Downtrend,0.86,Price is below a bearish moving-average stack with falling trend signals.,watchlist,0.0,0.35,True,True,Weak Structure,Exit / Avoid,0.11,0.28
2026-05-18,SUNTV.NS,Sun TV Network Limited,Communication Services,Communication Services,False,Cash,Stage 1,Stage 1 - Unclear/Repair,0.58,Not enough evidence for Stage 2 or Stage 4; classified as repair/unclear structure.,watchlist,25.75,0.79,True,True,Base Building,Watchlist / Early base,0.27,0.9
2026-05-18,SUPRAJIT.NS,Suprajit Engineering Limited,Auto Parts,Consumer Cyclical,False,Cash,Stage 4,Stage 4 - Confirmed Downtrend,0.86,Price is below a bearish moving-average stack with falling trend signals.,watchlist,17.57,0.89,False,True,Weak Structure,Exit / Avoid,0.07,0.49
2026-05-18,SUPREMEIND.NS,Supreme Industries Limited,Building Products & Equipment,Industrials,True,F&O,Stage 4,Stage 4 - Weak/Declining,0.72,Price is below long-term support with weak trend evidence.,watchlist,18.11,0.43,True,True,Weak Structure,Exit / Avoid,0.06,0.29
2026-05-18,SUPRIYA.NS,Supriya Lifescience Limited,Biotechnology,Healthcare,False,Cash,Stage 4,Stage 4 - Weak/Declining,0.72,Price is below long-term support with weak trend evidence.,watchlist,5.29,0.65,True,True,Weak Structure,Exit / Avoid,0.08,0.52
2026-05-18,SURYAROSNI.NS,Surya Roshni Limited,Steel,Basic Materials,False,Cash,Stage 4,Stage 4 - Weak/Declining,0.72,Price is below long-term support with weak trend evidence.,watchlist,10.0,1.2,False,True,Weak Structure,Exit / Avoid,0.14,0.77
2026-05-18,SUVEN.NS,Suven Life Sciences Limited,Drug Manufacturers - Specialty & Generic,Healthcare,False,Cash,Stage 2,Extended Stage 2,0.78,"Advancing structure remains intact, but price is stretched versus key moving averages or far above the 52-week low.",watchlist,54.67,0.79,True,False,Advancing,Hold / Trend intact,1.22,0.97
2026-05-18,SUZLON.NS,Suzlon Energy Limited,Specialty Industrial Machinery,Industrials,True,F&O,Stage 1,Stage 1 - Early Turn,0.66,The stock is improving from a repair/base area but has not confirmed a clean Stage 2 yet.,watchlist,18.52,0.79,True,True,Base Building,Watchlist / Early base,0.18,0.81
2026-05-18,SWANCORP.NS,SWAN CORP LIMITED,Conglomerates,Industrials,False,Cash,Stage 4,Stage 4 - Confirmed Downtrend,0.86,Price is below a bearish moving-average stack with falling trend signals.,watchlist,3.8,0.59,True,True,Weak Structure,Exit / Avoid,0.13,0.46
2026-05-18,SWARAJENG.NS,Swaraj Engines Limited,Auto Parts,Consumer Cyclical,False,Cash,Stage 4,Stage 4 - Weak/Declining,0.72,Price is below long-term support with weak trend evidence.,watchlist,2.0,0.36,True,True,Weak Structure,Exit / Avoid,0.07,0.34
2026-05-18,SWIGGY.NS,Swiggy Limited,Consumer Cyclical,Consumer Cyclical,True,F&O,Stage 4,Stage 4 - Confirmed Downtrend,0.86,Price is below a bearish moving-average stack with falling trend signals.,watchlist,21.51,0.84,True,True,Weak Structure,Exit / Avoid,0.19,0.74
2026-05-18,SWSOLAR.NS,Sterling and Wilson Renewable Energy Limited,Solar,Technology,False,Cash,Stage 4,Stage 4 - Weak/Declining,0.72,Price is below long-term support with weak trend evidence.,watchlist,18.11,0.35,True,True,Weak Structure,Exit / Avoid,0.1,0.26
2026-05-18,SYMPHONY.NS,Symphony Limited,"Furnishings, Fixtures & Appliances",Consumer Cyclical,False,Cash,Stage 4,Stage 4 - Confirmed Downtrend,0.86,Price is below a bearish moving-average stack with falling trend signals.,watchlist,1.8,0.66,True,True,Weak Structure,Exit / Avoid,0.65,0.63
2026-05-18,SYNGENE.NS,Syngene International Limited,Diagnostics & Research,Healthcare,False,Cash,Stage 4,Stage 4 - Weak/Declining,0.72,Price is below long-term support with weak trend evidence.,watchlist,11.8,0.8,True,True,Weak Structure,Exit / Avoid,0.08,0.42
2026-05-18,SYRMA.NS,Syrma SGS Technology Limited,Electronic Components,Technology,False,Cash,Stage 2,Stage 2,0.76,Advancing structure detected.,watchlist,50.94,1.57,False,False,Advancing,Hold / Trend intact,0.14,2.27
2026-05-18,TANLA.NS,Tanla Platforms Limited,Software - Application,Technology,False,Cash,Stage 4,Stage 4 - Weak/Declining,0.72,Price is below long-term support with weak trend evidence.,watchlist,1.86,0.58,True,True,Weak Structure,Exit / Avoid,0.09,0.36
2026-05-18,TARC.NS,TARC Limited,Real Estate,Real Estate,False,Cash,Stage 4,Stage 4 - Confirmed Downtrend,0.86,Price is below a bearish moving-average stack with falling trend signals.,watchlist,7.46,0.62,True,True,Weak Structure,Exit / Avoid,0.2,0.47
2026-05-18,TARIL.NS,Transformers And Rectifiers (India) Limited,Electrical Equipment & Parts,Industrials,False,Cash,Stage 4,Stage 4 - Weak/Declining,0.72,Price is below long-term support with weak trend evidence.,watchlist,35.7,0.58,True,True,Weak Structure,Exit / Avoid,0.12,0.41
2026-05-18,TATACHEM.NS,Tata Chemicals Limited,Chemicals,Basic Materials,False,Cash,Stage 4,Stage 4 - Weak/Declining,0.72,Price is below long-term support with weak trend evidence.,watchlist,7.23,0.78,True,True,Weak Structure,Exit / Avoid,0.04,0.41
2026-05-18,TATACOMM.NS,Tata Communications Limited,Telecom Services,Communication Services,False,Cash,Stage 4,Stage 4 - Weak/Declining,0.72,Price is below long-term support with weak trend evidence.,watchlist,6.74,0.97,False,False,Weak Structure,Exit / Avoid,0.06,1.21
2026-05-18,TATACONSUM.NS,TATA CONSUMER PRODUCTS LIMITED,Packaged Foods,Consumer Defensive,True,F&O,Stage 2,Early Stage 2,0.72,"Price has moved above long-term structure, but the full moving-average stack is not clean yet.",watchlist,24.46,1.88,False,False,Advancing,Hold / Trend intact,0.1,1.07
2026-05-18,TATAELXSI.NS,Tata Elxsi Limited,Software - Application,Technology,True,F&O,Stage 4,Stage 4 - Confirmed Downtrend,0.86,Price is below a bearish moving-average stack with falling trend signals.,watchlist,1.8,0.67,True,True,Weak Structure,Exit / Avoid,0.18,0.74
2026-05-18,TATAINVEST.NS,Tata Investment Corporation Limited,Asset Management,Financial Services,False,Cash,Stage 1,Stage 1 - Base/Repair,0.7,Price is near long-term moving averages with no strong long-term downtrend signal.,watchlist,22.12,0.42,True,True,Base Building,Watchlist / Early base,0.19,0.35
2026-05-18,TATAPOWER.NS,Tata Power Company Limited,Utilities,Utilities,True,F&O,Stage 2,Early Stage 2,0.72,"Price has moved above long-term structure, but the full moving-average stack is not clean yet.",watchlist,38.71,0.71,True,False,Advancing,Hold / Trend intact,0.13,0.9
2026-05-18,TATASTEEL.NS,Tata Steel Limited,Steel,Basic Materials,True,F&O,Stage 2,Messy Stage 2,0.64,"Long-term structure is still constructive, but the short-term/weekly structure is not clean.",watchlist,38.05,0.86,False,False,Advancing,Hold / Trend intact,0.88,1.2
2026-05-18,TATATECH.NS,Tata Technologies Limited,Information Technology Services,Technology,False,Cash,Stage 4,Stage 4 - Weak/Declining,0.72,Price is below long-term support with weak trend evidence.,watchlist,2.08,2.38,False,True,Weak Structure,Exit / Avoid,0.09,0.44
2026-05-18,TATVA.NS,Tatva Chintan Pharma Chem Limited,Specialty Chemicals,Basic Materials,False,Cash,Stage 1,Stage 1 - Base/Repair,0.7,Price is near long-term moving averages with no strong long-term downtrend signal.,watchlist,30.28,1.09,False,False,Base Building,Watchlist / Early base,1.29,1.21
2026-05-18,TBOTEK.NS,TBO Tek Limited,Consumer Cyclical,Consumer Cyclical,False,Cash,Stage 4,Stage 4 - Confirmed Downtrend,0.86,Price is below a bearish moving-average stack with falling trend signals.,watchlist,0.0,0.54,True,True,Weak Structure,Exit / Avoid,0.09,0.49
2026-05-18,TCI.NS,Transport Corporation of India Limited,Industrials,Industrials,False,Cash,Stage 4,Stage 4 - Confirmed Downtrend,0.86,Price is below a bearish moving-average stack with falling trend signals.,watchlist,1.14,0.53,True,True,Weak Structure,Exit / Avoid,0.12,0.62
2026-05-18,TCPLPACK.NS,TCPL Packaging Limited,Consumer Cyclical,Consumer Cyclical,False,Cash,Stage 4,Stage 4 - Weak/Declining,0.72,Price is below long-term support with weak trend evidence.,watchlist,0.0,0.65,True,True,Weak Structure,Exit / Avoid,0.11,0.45
2026-05-18,TCS.NS,Tata Consultancy Services Limited,Information Technology Services,Technology,True,F&O,Stage 4,Stage 4 - Confirmed Downtrend,0.86,Price is below a bearish moving-average stack with falling trend signals.,watchlist,1.8,0.95,False,False,Weak Structure,Exit / Avoid,0.09,1.02
2026-05-18,TDPOWERSYS.NS,TD Power Systems Limited,Specialty Industrial Machinery,Industrials,False,Cash,Stage 2,Extended Stage 2,0.78,"Advancing structure remains intact, but price is stretched versus key moving averages or far above the 52-week low.",watchlist,59.82,1.49,False,False,Advancing,Hold / Trend intact,0.63,2.0
2026-05-18,TECHM.NS,Tech Mahindra Limited,Information Technology Services,Technology,True,F&O,Stage 4,Stage 4 - Weak/Declining,0.72,Price is below long-term support with weak trend evidence.,watchlist,0.0,0.8,True,False,Weak Structure,Exit / Avoid,0.71,1.19
2026-05-18,TECHNOE.NS,Techno Electric & Engineering Company Limited,Engineering & Construction,Industrials,False,Cash,Stage 1,Stage 1 - Early Turn,0.66,The stock is improving from a repair/base area but has not confirmed a clean Stage 2 yet.,watchlist,32.09,0.73,True,True,Base Building,Watchlist / Early base,0.19,0.71
2026-05-18,TEGA.NS,Tega Industries Limited,Specialty Industrial Machinery,Industrials,False,Cash,Stage 4,Stage 4 - Confirmed Downtrend,0.86,Price is below a bearish moving-average stack with falling trend signals.,watchlist,18.37,0.36,True,True,Weak Structure,Exit / Avoid,0.25,0.36
2026-05-18,TEJASNET.NS,Tejas Networks Limited,Communication Equipment,Technology,False,Cash,Stage 4,Stage 4 - Weak/Declining,0.72,Price is below long-term support with weak trend evidence.,watchlist,31.54,1.12,False,True,Weak Structure,Exit / Avoid,0.09,0.63
2026-05-18,TEXRAIL.NS,Texmaco Rail & Engineering Limited,Industrials,Industrials,False,Cash,Stage 4,Stage 4 - Weak/Declining,0.72,Price is below long-term support with weak trend evidence.,watchlist,1.8,3.34,False,False,Weak Structure,Exit / Avoid,0.29,6.32
2026-05-18,TFCILTD.NS,Tourism Finance Corporation of India Limited,Credit Services,Financial Services,False,Cash,Stage 2,Stage 2,0.76,Advancing structure detected.,watchlist,55.89,1.03,False,False,Advancing,Hold / Trend intact,0.15,1.0
2026-05-18,THANGAMAYL.NS,Thangamayil Jewellery Limited,Luxury Goods,Consumer Cyclical,False,Cash,Stage 1,Stage 1 - Base/Repair,0.7,Price is near long-term moving averages with no strong long-term downtrend signal.,watchlist,5.4,1.68,False,False,Base Building,Watchlist / Early base,0.44,2.52
2026-05-18,THERMAX.NS,Thermax Limited,Conglomerates,Industrials,False,Cash,Stage 2,Extended Stage 2,0.78,"Advancing structure remains intact, but price is stretched versus key moving averages or far above the 52-week low.",watchlist,41.51,2.04,False,True,Advancing,Hold / Trend intact,0.09,0.81
2026-05-18,THOMASCOOK.NS,Thomas Cook  (India)  Limited,Consumer Cyclical,Consumer Cyclical,False,Cash,Stage 4,Stage 4 - Confirmed Downtrend,0.86,Price is below a bearish moving-average stack with falling trend signals.,watchlist,1.44,1.06,False,False,Weak Structure,Exit / Avoid,0.31,1.22
2026-05-18,THYROCARE.NS,Thyrocare Technologies Limited,Diagnostics & Research,Healthcare,False,Cash,Stage 2,Early Stage 2,0.72,"Price has moved above long-term structure, but the full moving-average stack is not clean yet.",watchlist,40.57,2.95,False,True,Advancing,Hold / Trend intact,0.2,0.65
2026-05-18,TI.NS,Tilaknagar Industries Limited,Consumer Defensive,Consumer Defensive,False,Cash,Stage 4,Stage 4 - Weak/Declining,0.72,Price is below long-term support with weak trend evidence.,watchlist,18.23,0.77,True,True,Weak Structure,Exit / Avoid,0.24,0.81
2026-05-18,TIIL.NS,Technocraft Industries (India) Limited,Tools & Accessories,Industrials,False,Cash,Stage 1,Stage 1 - Early Turn,0.66,The stock is improving from a repair/base area but has not confirmed a clean Stage 2 yet.,watchlist,25.52,0.62,True,True,Base Building,Watchlist / Early base,0.69,0.45
2026-05-18,TIINDIA.NS,Tube Investments of India Limited,Conglomerates,Industrials,True,F&O,Stage 1,Stage 1 - Early Turn,0.66,The stock is improving from a repair/base area but has not confirmed a clean Stage 2 yet.,watchlist,29.16,1.09,False,False,Base Building,Watchlist / Early base,0.08,1.43
2026-05-18,TIMETECHNO.NS,Time Technoplast Limited,Consumer Cyclical,Consumer Cyclical,False,Cash,Stage 4,Stage 4 - Confirmed Downtrend,0.86,Price is below a bearish moving-average stack with falling trend signals.,watchlist,0.0,0.93,False,True,Weak Structure,Exit / Avoid,0.09,0.78
2026-05-18,TIMKEN.NS,Timken India Limited,Tools & Accessories,Industrials,False,Cash,Stage 2,Messy Stage 2,0.64,"Long-term structure is still constructive, but the short-term/weekly structure is not clean.",watchlist,40.08,0.99,False,True,Advancing,Hold / Trend intact,0.07,0.85
2026-05-18,TIPSMUSIC.NS,Tips Music Limited,Communication Services,Communication Services,False,Cash,Stage 2,Early Stage 2,0.72,"Price has moved above long-term structure, but the full moving-average stack is not clean yet.",watchlist,29.83,0.61,True,True,Advancing,Hold / Trend intact,0.06,0.59
2026-05-18,TIRUMALCHM.NS,Thirumalai Chemicals Limited,Specialty Chemicals,Basic Materials,False,Cash,Stage 4,Stage 4 - Weak/Declining,0.72,Price is below long-term support with weak trend evidence.,watchlist,26.81,0.69,True,True,Weak Structure,Exit / Avoid,0.13,0.48
2026-05-18,TITAGARH.NS,TITAGARH RAIL SYSTEMS LIMITED,Industrials,Industrials,False,Cash,Stage 4,Stage 4 - Weak/Declining,0.72,Price is below long-term support with weak trend evidence.,watchlist,1.8,1.56,False,True,Weak Structure,Exit / Avoid,0.06,0.32
2026-05-18,TITAN.NS,Titan Company Limited,Luxury Goods,Consumer Cyclical,True,F&O,Stage 3,Stage 3 - Transition,0.62,"The structure is transitioning after prior strength, but it is not yet a confirmed Stage 4 decline.",watchlist,3.28,1.67,False,False,Transition,Reduce / Avoid fresh longs,0.09,1.13
2026-05-18,TMB.NS,Tamilnad Mercantile Bank Limited,Banks - Regional,Financial Services,False,Cash,Stage 2,Early Stage 2,0.72,"Price has moved above long-term structure, but the full moving-average stack is not clean yet.",watchlist,22.09,0.54,True,True,Advancing,Hold / Trend intact,0.05,0.36
2026-05-18,TORNTPHARM.NS,Torrent Pharmaceuticals Limited,Drug Manufacturers - Specialty & Generic,Healthcare,True,F&O,Stage 2,Clean Stage 2,0.9,"Price is above rising key averages, weekly structure is supportive, and the stock is near its 52-week high.",watchlist,42.91,0.72,True,True,Advancing,Hold / Trend intact,0.11,0.72
2026-05-18,TORNTPOWER.NS,Torrent Power Limited,Utilities,Utilities,False,Cash,Stage 2,Early Stage 2,0.72,"Price has moved above long-term structure, but the full moving-average stack is not clean yet.",watchlist,46.04,0.74,True,False,Advancing,Hold / Trend intact,0.12,1.07
2026-05-18,TRANSRAILL.NS,Transrail Lighting Limited,Engineering & Construction,Industrials,False,Cash,Stage 4,Stage 4 - Weak/Declining,0.72,Price is below long-term support with weak trend evidence.,watchlist,16.11,0.87,False,True,Weak Structure,Exit / Avoid,0.49,0.9
2026-05-18,TRENT.NS,Trent Limited,Consumer Cyclical,Consumer Cyclical,True,F&O,Stage 4,Stage 4 - Weak/Declining,0.72,Price is below long-term support with weak trend evidence.,watchlist,0.0,0.54,True,True,Weak Structure,Exit / Avoid,0.07,0.5
2026-05-18,TRITURBINE.NS,Triveni Turbine Limited,Specialty Industrial Machinery,Industrials,False,Cash,Stage 2,Early Stage 2,0.72,"Price has moved above long-term structure, but the full moving-average stack is not clean yet.",watchlist,37.29,0.42,True,True,Advancing,Hold / Trend intact,0.12,0.42
2026-05-18,TRIVENI.NS,Triveni Engineering & Industries Limited,Consumer Defensive,Consumer Defensive,False,Cash,Stage 1,Stage 1 - Base/Repair,0.7,Price is near long-term moving averages with no strong long-term downtrend signal.,watchlist,9.08,0.33,True,True,Base Building,Watchlist / Early base,0.1,0.31
2026-05-18,TTKPRESTIG.NS,TTK Prestige Limited,"Furnishings, Fixtures & Appliances",Consumer Cyclical,False,Cash,Stage 4,Stage 4 - Weak/Declining,0.72,Price is below long-term support with weak trend evidence.,watchlist,0.72,2.31,False,False,Weak Structure,Exit / Avoid,0.03,4.58
2026-05-18,TTML.NS,Tata Teleservices (Maharashtra) Limited,Telecom Services,Communication Services,False,Cash,Stage 4,Stage 4 - Weak/Declining,0.72,Price is below long-term support with weak trend evidence.,watchlist,0.0,0.42,True,True,Weak Structure,Exit / Avoid,0.08,0.32
2026-05-18,TVSHLTD.NS,TVS Holdings Limited,Auto Parts,Consumer Cyclical,False,Cash,Stage 1,Stage 1 - Base/Repair,0.7,Price is near long-term moving averages with no strong long-term downtrend signal.,watchlist,28.87,0.55,True,True,Base Building,Watchlist / Early base,0.22,0.63
2026-05-18,TVSMOTOR.NS,TVS Motor Company Limited,Auto Manufacturers,Consumer Cyclical,True,F&O,Stage 1,Stage 1 - Base/Repair,0.7,Price is near long-term moving averages with no strong long-term downtrend signal.,watchlist,6.41,0.9,False,False,Base Building,Watchlist / Early base,0.19,1.19
2026-05-18,TVSSRICHAK.NS,TVS Srichakra Limited,Auto Parts,Consumer Cyclical,False,Cash,Stage 4,Stage 4 - Weak/Declining,0.72,Price is below long-term support with weak trend evidence.,watchlist,2.0,0.56,True,True,Weak Structure,Exit / Avoid,0.12,0.68
2026-05-18,UBL.NS,United Breweries Limited,Consumer Defensive,Consumer Defensive,False,Cash,Stage 4,Stage 4 - Confirmed Downtrend,0.86,Price is below a bearish moving-average stack with falling trend signals.,watchlist,1.8,1.5,False,False,Weak Structure,Exit / Avoid,0.17,1.0
2026-05-18,UFLEX.NS,UFLEX Limited,Consumer Cyclical,Consumer Cyclical,False,Cash,Stage 4,Stage 4 - Confirmed Downtrend,0.86,Price is below a bearish moving-average stack with falling trend signals.,watchlist,0.0,0.49,True,True,Weak Structure,Exit / Avoid,0.16,0.56
2026-05-18,UJJIVANSFB.NS,Ujjivan Small Finance Bank Limited,Banks - Regional,Financial Services,False,Cash,Stage 1,Stage 1 - Base/Repair,0.7,Price is near long-term moving averages with no strong long-term downtrend signal.,watchlist,13.58,1.19,False,True,Base Building,Watchlist / Early base,0.14,0.77
2026-05-18,ULTRACEMCO.NS,UltraTech Cement Limited,Building Materials,Basic Materials,True,F&O,Stage 4,Stage 4 - Confirmed Downtrend,0.86,Price is below a bearish moving-average stack with falling trend signals.,watchlist,1.82,0.73,True,True,Weak Structure,Exit / Avoid,0.11,0.76
2026-05-18,UNICHEMLAB.NS,Unichem Laboratories Limited,Drug Manufacturers - Specialty & Generic,Healthcare,False,Cash,Stage 4,Stage 4 - Weak/Declining,0.72,Price is below long-term support with weak trend evidence.,watchlist,10.0,0.41,True,True,Weak Structure,Exit / Avoid,0.09,0.39
2026-05-18,UNIMECH.NS,Unimech Aerospace and Manufacturing Limited,Aerospace & Defense,Industrials,False,Cash,Stage 4,Stage 4 - Weak/Declining,0.72,Price is below long-term support with weak trend evidence.,watchlist,5.0,0.33,True,True,Weak Structure,Exit / Avoid,0.09,0.26
2026-05-18,UNIONBANK.NS,Union Bank of India,Banks - Regional,Financial Services,True,F&O,Stage 1,Stage 1 - Base/Repair,0.7,Price is near long-term moving averages with no strong long-term downtrend signal.,watchlist,3.39,0.64,True,True,Base Building,Watchlist / Early base,0.14,0.58
2026-05-18,UNITDSPR.NS,United Spirits Limited,Consumer Defensive,Consumer Defensive,True,F&O,Stage 4,Stage 4 - Weak/Declining,0.72,Price is below long-term support with weak trend evidence.,watchlist,2.83,0.9,False,False,Weak Structure,Exit / Avoid,0.14,1.0
2026-05-18,UNIVCABLES.NS,Universal Cables Limited,Electrical Equipment & Parts,Industrials,False,Cash,Stage 2,Extended Stage 2,0.78,"Advancing structure remains intact, but price is stretched versus key moving averages or far above the 52-week low.",watchlist,52.87,2.44,False,True,Advancing,Hold / Trend intact,0.32,0.86
2026-05-18,UNOMINDA.NS,UNO Minda Limited,Auto Parts,Consumer Cyclical,True,F&O,Stage 1,Stage 1 - Base/Repair,0.7,Price is near long-term moving averages with no strong long-term downtrend signal.,watchlist,10.2,0.87,False,True,Base Building,Watchlist / Early base,0.61,0.83
2026-05-18,UPL.NS,UPL Limited,Agricultural Inputs,Basic Materials,True,F&O,Stage 4,Stage 4 - Weak/Declining,0.72,Price is below long-term support with weak trend evidence.,watchlist,4.34,1.16,False,False,Weak Structure,Exit / Avoid,0.15,1.08
2026-05-18,USHAMART.NS,Usha Martin Limited,Steel,Basic Materials,False,Cash,Stage 2,Early Stage 2,0.72,"Price has moved above long-term structure, but the full moving-average stack is not clean yet.",watchlist,62.85,1.33,False,False,Advancing,Hold / Trend intact,0.18,1.36
2026-05-18,UTIAMC.NS,UTI Asset Management Company Limited,Asset Management,Financial Services,False,Cash,Stage 4,Stage 4 - Confirmed Downtrend,0.86,Price is below a bearish moving-average stack with falling trend signals.,watchlist,18.11,0.58,True,True,Weak Structure,Exit / Avoid,0.07,0.57
2026-05-18,V2RETAIL.NS,V2 Retail Limited,Consumer Cyclical,Consumer Cyclical,False,Cash,Stage 2,Early Stage 2,0.72,"Price has moved above long-term structure, but the full moving-average stack is not clean yet.",watchlist,49.76,1.32,False,False,Advancing,Hold / Trend intact,0.17,1.48
2026-05-18,VADILALIND.NS,Vadilal Industries Limited,Packaged Foods,Consumer Defensive,False,Cash,Stage 4,Stage 4 - Confirmed Downtrend,0.86,Price is below a bearish moving-average stack with falling trend signals.,watchlist,18.11,0.64,True,True,Weak Structure,Exit / Avoid,0.29,0.68
2026-05-18,VAIBHAVGBL.NS,Vaibhav Global Limited,Luxury Goods,Consumer Cyclical,False,Cash,Stage 4,Stage 4 - Weak/Declining,0.72,Price is below long-term support with weak trend evidence.,watchlist,2.79,0.75,True,True,Weak Structure,Exit / Avoid,0.28,0.63
2026-05-18,VARROC.NS,Varroc Engineering Limited,Auto Parts,Consumer Cyclical,False,Cash,Stage 4,Stage 4 - Weak/Declining,0.72,Price is below long-term support with weak trend evidence.,watchlist,21.41,0.58,True,True,Weak Structure,Exit / Avoid,0.17,0.53
2026-05-18,VBL.NS,Varun Beverages Limited,Consumer Defensive,Consumer Defensive,True,F&O,Stage 2,Early Stage 2,0.72,"Price has moved above long-term structure, but the full moving-average stack is not clean yet.",watchlist,29.07,0.48,True,True,Advancing,Hold / Trend intact,0.09,0.49
2026-05-18,VEDL.NS,Vedanta Limited,Basic Materials,Basic Materials,True,F&O,Stage 4,Stage 4 - Weak/Declining,0.72,Price is below long-term support with weak trend evidence.,watchlist,5.0,1.96,False,False,Weak Structure,Exit / Avoid,0.19,2.02
2026-05-18,VEEDOL.NS,Veedol Corporation Limited,Specialty Chemicals,Basic Materials,False,Cash,Stage 4,Stage 4 - Weak/Declining,0.72,Price is below long-term support with weak trend evidence.,watchlist,10.95,0.92,False,True,Weak Structure,Exit / Avoid,0.12,0.7
2026-05-18,VENTIVE.NS,Ventive Hospitality Limited,Lodging,Consumer Cyclical,False,Cash,Stage 4,Stage 4 - Weak/Declining,0.72,Price is below long-term support with weak trend evidence.,watchlist,0.0,1.45,False,False,Weak Structure,Exit / Avoid,0.06,1.74
2026-05-18,VENUSPIPES.NS,Venus Pipes & Tubes Limited,Steel,Basic Materials,False,Cash,Stage 2,Early Stage 2,0.72,"Price has moved above long-term structure, but the full moving-average stack is not clean yet.",watchlist,49.46,0.54,True,True,Advancing,Hold / Trend intact,0.1,0.41
2026-05-18,VESUVIUS.NS,Vesuvius India Limited,Specialty Industrial Machinery,Industrials,False,Cash,Stage 4,Stage 4 - Weak/Declining,0.72,Price is below long-term support with weak trend evidence.,watchlist,10.0,1.12,False,True,Weak Structure,Exit / Avoid,0.19,0.47
2026-05-18,VGUARD.NS,V-Guard Industries Limited,Electrical Equipment & Parts,Industrials,False,Cash,Stage 4,Stage 4 - Weak/Declining,0.72,Price is below long-term support with weak trend evidence.,watchlist,14.17,1.58,False,False,Weak Structure,Exit / Avoid,0.33,2.35
2026-05-18,VIJAYA.NS,Vijaya Diagnostic Centre Limited,Diagnostics & Research,Healthcare,False,Cash,Stage 2,Extended Stage 2,0.78,"Advancing structure remains intact, but price is stretched versus key moving averages or far above the 52-week low.",watchlist,37.05,2.38,False,False,Advancing,Hold / Trend intact,0.5,1.17
2026-05-18,VINATIORGA.NS,Vinati Organics Limited,Specialty Chemicals,Basic Materials,False,Cash,Stage 4,Stage 4 - Confirmed Downtrend,0.86,Price is below a bearish moving-average stack with falling trend signals.,watchlist,9.17,0.99,False,False,Weak Structure,Exit / Avoid,0.11,1.0
2026-05-18,VIPIND.NS,VIP Industries Limited,Consumer Cyclical,Consumer Cyclical,False,Cash,Stage 4,Stage 4 - Confirmed Downtrend,0.86,Price is below a bearish moving-average stack with falling trend signals.,watchlist,16.11,2.15,False,False,Weak Structure,Exit / Avoid,1.29,1.33
2026-05-18,VISHNU.NS,Vishnu Chemicals Limited,Specialty Chemicals,Basic Materials,False,Cash,Stage 2,Clean Stage 2,0.9,"Price is above rising key averages, weekly structure is supportive, and the stock is near its 52-week high.",watchlist,59.62,0.8,True,True,Advancing,Hold / Trend intact,0.16,0.7
2026-05-18,VMART.NS,V-Mart Retail Limited,Consumer Cyclical,Consumer Cyclical,False,Cash,Stage 4,Stage 4 - Weak/Declining,0.72,Price is below long-term support with weak trend evidence.,watchlist,26.42,0.21,True,True,Weak Structure,Exit / Avoid,0.01,0.09
2026-05-18,VMM.NS,Vishal Mega Mart Limited,Consumer Cyclical,Consumer Cyclical,True,F&O,Stage 4,Stage 4 - Weak/Declining,0.72,Price is below long-term support with weak trend evidence.,watchlist,0.0,0.69,True,False,Weak Structure,Exit / Avoid,0.2,1.08
2026-05-18,VOLTAMP.NS,Voltamp Transformers Limited,Electrical Equipment & Parts,Industrials,False,Cash,Stage 1,Stage 1 - Unclear/Repair,0.58,Not enough evidence for Stage 2 or Stage 4; classified as repair/unclear structure.,watchlist,34.89,2.16,False,True,Base Building,Watchlist / Early base,0.07,0.69
2026-05-18,VOLTAS.NS,Voltas Limited,"Furnishings, Fixtures & Appliances",Consumer Cyclical,True,F&O,Stage 4,Stage 4 - Weak/Declining,0.72,Price is below long-term support with weak trend evidence.,watchlist,0.0,0.97,False,False,Weak Structure,Exit / Avoid,0.23,1.03
2026-05-18,VRLLOG.NS,VRL Logistics Limited,Industrials,Industrials,False,Cash,Stage 4,Stage 4 - Confirmed Downtrend,0.86,Price is below a bearish moving-average stack with falling trend signals.,watchlist,0.0,0.85,False,False,Weak Structure,Exit / Avoid,0.24,0.91
2026-05-18,VSSL.NS,Vardhman Special Steels Limited,Steel,Basic Materials,False,Cash,Stage 2,Early Stage 2,0.72,"Price has moved above long-term structure, but the full moving-average stack is not clean yet.",watchlist,31.72,0.4,True,True,Advancing,Hold / Trend intact,0.03,0.39
2026-05-18,VSTIND.NS,VST Industries Limited,Consumer Defensive,Consumer Defensive,False,Cash,Stage 2,Early Stage 2,0.72,"Price has moved above long-term structure, but the full moving-average stack is not clean yet.",watchlist,33.65,0.47,True,True,Advancing,Hold / Trend intact,0.11,0.4
2026-05-18,VSTTILLERS.NS,V.S.T Tillers Tractors Limited,Farm & Heavy Construction Machinery,Industrials,False,Cash,Stage 4,Stage 4 - Weak/Declining,0.72,Price is below long-term support with weak trend evidence.,watchlist,0.0,0.83,True,False,Weak Structure,Exit / Avoid,1.41,1.11
2026-05-18,VTL.NS,Vardhman Textiles Limited,Textile Manufacturing,Consumer Cyclical,False,Cash,Stage 2,Clean Stage 2,0.9,"Price is above rising key averages, weekly structure is supportive, and the stock is near its 52-week high.",watchlist,42.44,0.88,False,True,Advancing,Hold / Trend intact,0.07,0.61
2026-05-18,WAAREEENER.NS,Waaree Energies Limited,Solar,Technology,True,F&O,Stage 1,Stage 1 - Base/Repair,0.7,Price is near long-term moving averages with no strong long-term downtrend signal.,watchlist,20.93,0.51,True,True,Base Building,Watchlist / Early base,0.13,0.41
2026-05-18,WABAG.NS,VA Tech Wabag Limited,Engineering & Construction,Industrials,False,Cash,Stage 1,Stage 1 - Base/Repair,0.7,Price is near long-term moving averages with no strong long-term downtrend signal.,watchlist,29.26,0.45,True,True,Base Building,Watchlist / Early base,0.16,0.51
2026-05-18,WEBELSOLAR.NS,Websol Energy System Limited,Solar,Technology,False,Cash,Stage 1,Stage 1 - Early Turn,0.66,The stock is improving from a repair/base area but has not confirmed a clean Stage 2 yet.,watchlist,18.24,0.54,True,True,Base Building,Watchlist / Early base,0.14,0.35
2026-05-18,WELCORP.NS,Welspun Corp Limited,Steel,Basic Materials,False,Cash,Stage 2,Extended Stage 2,0.78,"Advancing structure remains intact, but price is stretched versus key moving averages or far above the 52-week low.",watchlist,60.45,0.8,True,True,Advancing,Hold / Trend intact,0.18,0.8
2026-05-18,WELENT.NS,Welspun Enterprises Limited,Engineering & Construction,Industrials,False,Cash,Stage 1,Stage 1 - Base/Repair,0.7,Price is near long-term moving averages with no strong long-term downtrend signal.,watchlist,12.89,1.12,False,True,Base Building,Watchlist / Early base,0.14,0.85
2026-05-18,WELSPUNLIV.NS,Welspun Living Limited,Textile Manufacturing,Consumer Cyclical,False,Cash,Stage 3,Stage 3 - Transition,0.62,"The structure is transitioning after prior strength, but it is not yet a confirmed Stage 4 decline.",watchlist,33.4,1.67,False,False,Transition,Reduce / Avoid fresh longs,0.7,2.03
2026-05-18,WESTLIFE.NS,WESTLIFE FOODWORLD LIMITED,Consumer Cyclical,Consumer Cyclical,False,Cash,Stage 4,Stage 4 - Confirmed Downtrend,0.86,Price is below a bearish moving-average stack with falling trend signals.,watchlist,0.0,1.09,False,False,Weak Structure,Exit / Avoid,0.12,0.91
2026-05-18,WHEELS.NS,Wheels India Limited,Auto Parts,Consumer Cyclical,False,Cash,Stage 2,Extended Stage 2,0.78,"Advancing structure remains intact, but price is stretched versus key moving averages or far above the 52-week low.",watchlist,53.59,1.28,False,False,Advancing,Hold / Trend intact,3.66,2.07
2026-05-18,WHIRLPOOL.NS,Whirlpool of India Limited,"Furnishings, Fixtures & Appliances",Consumer Cyclical,False,Cash,Stage 4,Stage 4 - Weak/Declining,0.72,Price is below long-term support with weak trend evidence.,watchlist,22.05,0.72,True,True,Weak Structure,Exit / Avoid,0.16,0.68
2026-05-18,WINDMACHIN.NS,Windsor Machines Limited,Specialty Industrial Machinery,Industrials,False,Cash,Stage 1,Stage 1 - Early Turn,0.66,The stock is improving from a repair/base area but has not confirmed a clean Stage 2 yet.,watchlist,37.48,0.75,True,True,Base Building,Watchlist / Early base,0.07,0.44
2026-05-18,WIPRO.NS,Wipro Limited,Information Technology Services,Technology,True,F&O,Stage 4,Stage 4 - Confirmed Downtrend,0.86,Price is below a bearish moving-average stack with falling trend signals.,watchlist,8.35,0.72,True,True,Weak Structure,Exit / Avoid,0.16,0.84
2026-05-18,WOCKPHARMA.NS,Wockhardt Limited,Drug Manufacturers - Specialty & Generic,Healthcare,False,Cash,Stage 2,Early Stage 2,0.72,"Price has moved above long-term structure, but the full moving-average stack is not clean yet.",watchlist,28.67,3.33,False,True,Advancing,Hold / Trend intact,0.11,0.62
2026-05-18,WONDERLA.NS,Wonderla Holidays Limited,Consumer Cyclical,Consumer Cyclical,False,Cash,Stage 4,Stage 4 - Weak/Declining,0.72,Price is below long-term support with weak trend evidence.,watchlist,18.91,2.32,False,True,Weak Structure,Exit / Avoid,0.13,0.71
2026-05-18,WSTCSTPAPR.NS,West Coast Paper Mills Limited,Basic Materials,Basic Materials,False,Cash,Stage 2,Early Stage 2,0.72,"Price has moved above long-term structure, but the full moving-average stack is not clean yet.",watchlist,22.32,1.41,False,True,Advancing,Hold / Trend intact,0.15,0.83
2026-05-18,XPROINDIA.NS,Xpro India Limited,Specialty Chemicals,Basic Materials,False,Cash,Stage 1,Stage 1 - Early Turn,0.66,The stock is improving from a repair/base area but has not confirmed a clean Stage 2 yet.,watchlist,28.97,0.85,True,True,Base Building,Watchlist / Early base,0.04,0.24
2026-05-18,YATHARTH.NS,Yatharth Hospital & Trauma Care Services Limited,Medical Care Facilities,Healthcare,False,Cash,Stage 2,Early Stage 2,0.72,"Price has moved above long-term structure, but the full moving-average stack is not clean yet.",watchlist,58.65,1.13,False,True,Advancing,Hold / Trend intact,0.2,0.82
2026-05-18,ZAGGLE.NS,Zaggle Prepaid Ocean Services Limited,Software - Infrastructure,Technology,False,Cash,Stage 4,Stage 4 - Confirmed Downtrend,0.86,Price is below a bearish moving-average stack with falling trend signals.,watchlist,1.8,1.42,False,False,Weak Structure,Exit / Avoid,0.27,2.65
2026-05-18,ZEEL.NS,Zee Entertainment Enterprises Limited,Communication Services,Communication Services,False,Cash,Stage 4,Stage 4 - Weak/Declining,0.72,Price is below long-term support with weak trend evidence.,watchlist,0.0,0.91,False,True,Weak Structure,Exit / Avoid,0.25,0.77
2026-05-18,ZENSARTECH.NS,Zensar Technologies Limited,Information Technology Services,Technology,False,Cash,Stage 4,Stage 4 - Confirmed Downtrend,0.86,Price is below a bearish moving-average stack with falling trend signals.,watchlist,19.17,1.11,False,False,Weak Structure,Exit / Avoid,0.25,1.15
2026-05-18,ZENTEC.NS,Zen Technologies Limited,Aerospace & Defense,Industrials,False,Cash,Stage 1,Stage 1 - Unclear/Repair,0.58,Not enough evidence for Stage 2 or Stage 4; classified as repair/unclear structure.,watchlist,29.67,0.73,True,True,Base Building,Watchlist / Early base,0.14,0.54
2026-05-18,ZFCVINDIA.NS,ZF Commercial Vehicle Control Systems India Limited,Auto Parts,Consumer Cyclical,False,Cash,Stage 2,Stage 2,0.76,Advancing structure detected.,watchlist,23.66,1.14,False,False,Advancing,Hold / Trend intact,0.1,1.52
2026-05-18,ZOTA.NS,Zota Health Care LImited,Biotechnology,Healthcare,False,Cash,Stage 4,Stage 4 - Weak/Declining,0.72,Price is below long-term support with weak trend evidence.,watchlist,18.56,0.67,True,True,Weak Structure,Exit / Avoid,0.17,0.55
2026-05-18,ZYDUSLIFE.NS,Zydus Lifesciences Limited,Drug Manufacturers - Specialty & Generic,Healthcare,True,F&O,Stage 1,Stage 1 - Early Turn,0.66,The stock is improving from a repair/base area but has not confirmed a clean Stage 2 yet.,watchlist,20.68,1.57,False,False,Base Building,Watchlist / Early base,0.29,2.25
2026-05-18,ZYDUSWELL.NS,Zydus Wellness Limited,Packaged Foods,Consumer Defensive,False,Cash,Stage 2,Clean Stage 2,0.9,"Price is above rising key averages, weekly structure is supportive, and the stock is near its 52-week high.",watchlist,35.01,0.16,True,True,Advancing,Hold / Trend intact,0.04,0.2
