ticker,Company Name,Industry,sector,is_fo_stock,fo_category,Include,stage,stage_raw,stage_variant,stage_confidence,stage_reason,stage_state_reason,stage_failed_since,last_stage2_date,stage_pending_raw,daily_setup_bucket,weekly_setup_bucket,combined_bucket,daily_score,weekly_score,combined_score,industry_boost,final_daily_score,final_weekly_score,final_combined_score,rs_3m_pct,rs_6m_pct,avg_turnover_inr,notes,current_rank,prev_rank,prev_stage,prev_daily_setup_bucket,prev_weekly_setup_bucket,prev_score,rank_change,combined_score_change,new_daily_breakout,new_weekly_breakout,entered_stage_2,new_top_10,new_top_20
APARINDS.NS,Apar Industries Limited,Electrical Equipment & Parts,Industrials,False,Cash,1,Stage 2,Stage 2,Extended Stage 2,0.78,"Advancing structure remains intact, but price is stretched versus key moving averages or far above the 52-week low.",,,2026-10-07,,watchlist,weekly_near_pivot,watchlist,61.3,73.8,66.93,10.0,61.3,73.8,76.93,39.66,66.04,2196259967.15,"Stage 2, Extended Stage 2, trend_template_ok, weekly_vcp_ok, volume_dryup, weekly_volume_dryup, weekly_strong",1,1,Stage 2,watchlist,weekly_near_pivot,77.03,0,-0.09999999999999432,False,False,False,False,False
FINEORG.NS,Fine Organic Industries Limited,Specialty Chemicals,Basic Materials,False,Cash,1,Stage 2,Stage 2,Clean Stage 2,0.9,"Price is above rising key averages, weekly structure is supportive, and the stock is near its 52-week high.",,,2026-10-07,,watchlist,weekly_near_pivot,watchlist,59.71,70.8,64.7,10.0,59.71,70.8,74.7,15.5,23.53,139347335.75,"Stage 2, Clean Stage 2, trend_template_ok, weekly_vcp_ok, weekly_strong",2,4,Stage 2,watchlist,weekly_breakout,72.85,2,1.8500000000000085,False,False,False,False,False
SPLPETRO.NS,Supreme Petrochem Limited,Specialty Chemicals,Basic Materials,False,Cash,1,Stage 2,Stage 2,Stage 2,0.76,Advancing structure detected.,,,2026-10-07,,forming_vcp,weekly_near_pivot,building_setup,57.57,69.53,62.95,10.0,57.57,69.53,72.95,16.15,10.12,209499147.94,"Stage 2, Stage 2, trend_template_ok, daily_vcp_ok, weekly_vcp_ok, weekly_volume_dryup, weekly_strong",3,3,Stage 2,forming_vcp,weekly_breakout,73.48,0,-0.5300000000000011,False,False,False,False,False
GNFC.NS,Gujarat Narmada Valley Fertilizers and Chemicals Limited,Chemicals,Basic Materials,False,Cash,1,Stage 2,Stage 2,Clean Stage 2,0.9,"Price is above rising key averages, weekly structure is supportive, and the stock is near its 52-week high.",,,2026-10-07,,watchlist,weekly_breakout,watchlist,60.27,73.35,66.16,5.0,60.27,73.35,71.16,33.99,41.55,730507636.14,"Stage 2, Clean Stage 2, trend_template_ok, weekly_vcp_ok, weekly_volume_dryup, weekly_strong",4,13,Stage 2,watchlist,weekly_breakout,67.2,9,3.9599999999999937,False,False,False,True,False
SYRMA.NS,Syrma SGS Technology Limited,Electronic Components,Technology,False,Cash,1,Stage 2,Stage 2,Extended Stage 2,0.78,"Advancing structure remains intact, but price is stretched versus key moving averages or far above the 52-week low.",,,2026-10-07,,watchlist,weekly_breakout,watchlist,58.06,63.8,60.64,10.0,58.06,63.8,70.64,26.5,81.05,3834175592.87,"Stage 2, Extended Stage 2, trend_template_ok, weekly_vcp_ok, volume_dryup, weekly_volume_dryup, weekly_strong",5,6,Stage 2,watchlist,weekly_breakout,71.04,1,-0.4000000000000057,False,False,False,False,False
VSSL.NS,Vardhman Special Steels Limited,Steel,Basic Materials,False,Cash,1,Stage 2,Stage 2,Clean Stage 2,0.9,"Price is above rising key averages, weekly structure is supportive, and the stock is near its 52-week high.",,,2026-10-07,,watchlist,weekly_breakout,watchlist,62.35,66.9,64.4,5.0,62.35,66.9,69.4,36.84,58.01,225389827.46,"Stage 2, Clean Stage 2, trend_template_ok, weekly_vcp_ok, volume_dryup, weekly_volume_dryup, weekly_strong",6,8,Stage 2,watchlist,weekly_breakout,69.4,2,0.0,False,False,False,False,False
FOSECOIND.NS,Foseco India Limited,Chemicals,Basic Materials,False,Cash,1,Stage 2,Stage 2,Clean Stage 2,0.9,"Price is above rising key averages, weekly structure is supportive, and the stock is near its 52-week high.",,,2026-10-07,,watchlist,weekly_breakout,watchlist,62.2,66.9,64.31,5.0,62.2,66.9,69.31,31.69,48.44,238445227.25,"Stage 2, Clean Stage 2, trend_template_ok, weekly_vcp_ok, volume_dryup, weekly_volume_dryup, weekly_strong",7,9,Stage 2,watchlist,weekly_breakout,69.0,2,0.3100000000000023,False,False,False,False,False
DIVISLAB.NS,Divi's Laboratories Limited,Drug Manufacturers - Specialty & Generic,Healthcare,True,F&O,1,Stage 2,Stage 2,Clean Stage 2,0.9,"Price is above rising key averages, weekly structure is supportive, and the stock is near its 52-week high.",,,2026-10-07,,watchlist,weekly_near_pivot,watchlist,46.67,73.8,58.88,10.0,46.67,73.8,68.88,38.92,59.52,4286615899.18,"Stage 2, Clean Stage 2, trend_template_ok, weekly_vcp_ok, weekly_volume_dryup, weekly_strong",8,10,Stage 2,watchlist,weekly_near_pivot,68.67,2,0.20999999999999375,False,False,False,False,False
ENGINERSIN.NS,Engineers India Limited,Engineering & Construction,Industrials,False,Cash,1,Stage 2,Stage 2,Clean Stage 2,0.9,"Price is above rising key averages, weekly structure is supportive, and the stock is near its 52-week high.",,,2026-10-07,,watchlist,weekly_breakout,watchlist,64.11,72.06,67.69,0.0,64.11,72.06,67.69,35.58,34.98,2014979599.27,"Stage 2, Clean Stage 2, trend_template_ok, weekly_vcp_ok, weekly_strong",9,29,Stage 2,watchlist,weekly_breakout,62.31,20,5.3799999999999955,False,False,False,True,True
ACE.NS,Action Construction Equipment Limited,Farm & Heavy Construction Machinery,Industrials,False,Cash,1,Stage 2,Stage 2,Clean Stage 2,0.9,"Price is above rising key averages, weekly structure is supportive, and the stock is near its 52-week high.",,,2026-10-07,,forming_vcp,weekly_breakout,watchlist,63.83,66.72,65.13,2.0,63.83,66.72,67.13,30.72,36.51,398017066.97,"Stage 2, Clean Stage 2, trend_template_ok, daily_vcp_ok, weekly_vcp_ok, volume_dryup, weekly_volume_dryup, weekly_strong",10,14,Stage 2,forming_vcp,weekly_breakout,66.94,4,0.18999999999999773,False,False,False,True,False
PETRONET.NS,Petronet LNG Limited,Oil & Gas Refining & Marketing,Energy,True,F&O,1,Stage 2,Stage 2,Early Stage 2,0.72,"Price has moved above long-term structure, but the full moving-average stack is not clean yet.",,,2026-10-07,,watchlist,weekly_near_pivot,watchlist,43.9,70.66,55.94,10.0,43.9,70.66,65.94,11.58,15.02,572500177.71,"Stage 2, Early Stage 2, weekly_vcp_ok, weekly_strong",11,15,Stage 2,watchlist,weekly_near_pivot,66.47,4,-0.5300000000000011,False,False,False,False,False
JYOTICNC.NS,Jyoti CNC Automation Limited,Specialty Industrial Machinery,Industrials,False,Cash,1,Stage 2,Stage 2,Early Stage 2,0.72,"Price has moved above long-term structure, but the full moving-average stack is not clean yet.",,,2026-10-07,,watchlist,weekly_forming,watchlist,47.55,65.8,55.76,10.0,47.55,65.8,65.76,37.17,51.03,1192395317.08,"Stage 2, Early Stage 2, weekly_vcp_ok, volume_dryup, weekly_volume_dryup, weekly_strong",12,12,Stage 2,watchlist,weekly_near_pivot,68.07,0,-2.309999999999988,False,False,False,False,False
CARBORUNIV.NS,Carborundum Universal Limited,Conglomerates,Industrials,False,Cash,1,Stage 2,Stage 2,Clean Stage 2,0.9,"Price is above rising key averages, weekly structure is supportive, and the stock is near its 52-week high.",,,2026-10-07,,watchlist,weekly_breakout,watchlist,59.2,72.3,65.09,0.0,59.2,72.3,65.09,21.14,43.85,789181511.41,"Stage 2, Clean Stage 2, trend_template_ok, weekly_vcp_ok, weekly_volume_dryup, weekly_strong",13,23,Stage 2,watchlist,weekly_breakout,63.54,10,1.5500000000000043,False,False,False,False,True
PTCIL.NS,PTC Industries Limited,Metal Fabrication,Industrials,False,Cash,1,Stage 2,Stage 2,Clean Stage 2,0.9,"Price is above rising key averages, weekly structure is supportive, and the stock is near its 52-week high.",,,2026-10-07,,watchlist,weekly_breakout,watchlist,39.71,73.8,55.05,10.0,39.71,73.8,65.05,46.51,62.66,579475764.25,"Stage 2, Clean Stage 2, trend_template_ok, weekly_vcp_ok, volume_dryup, weekly_strong",14,11,Stage 2,watchlist,weekly_breakout,68.12,-3,-3.0700000000000074,False,False,False,False,False
INDGN.NS,Indegene Limited,Healthcare,Healthcare,False,Cash,1,Stage 2,Stage 2,Clean Stage 2,0.9,"Price is above rising key averages, weekly structure is supportive, and the stock is near its 52-week high.",,,2026-10-07,,watchlist,weekly_breakout,watchlist,57.74,62.71,59.98,5.0,57.74,62.71,64.98,23.25,25.9,292787955.89,"Stage 2, Clean Stage 2, trend_template_ok, weekly_vcp_ok, weekly_volume_dryup, weekly_strong",15,28,Stage 2,watchlist,weekly_breakout,62.44,13,2.5400000000000063,False,False,False,False,True
AKUMS.NS,Akums Drugs and Pharmaceuticals Limited,Drug Manufacturers - Specialty & Generic,Healthcare,False,Cash,1,Stage 2,Stage 2,Clean Stage 2,0.9,"Price is above rising key averages, weekly structure is supportive, and the stock is near its 52-week high.",,,2026-10-07,,watchlist,weekly_near_pivot,watchlist,39.88,72.5,54.56,10.0,39.88,72.5,64.56,22.68,52.31,194175331.68,"Stage 2, Clean Stage 2, trend_template_ok, weekly_vcp_ok, volume_dryup, weekly_volume_dryup, weekly_strong",16,19,Stage 2,watchlist,weekly_near_pivot,64.64,3,-0.0799999999999983,False,False,False,False,False
IOLCP.NS,IOL Chemicals and Pharmaceuticals Limited,Drug Manufacturers - Specialty & Generic,Healthcare,False,Cash,1,Stage 2,Stage 2,Extended Stage 2,0.78,"Advancing structure remains intact, but price is stretched versus key moving averages or far above the 52-week low.",,,2026-10-07,,watchlist,weekly_near_pivot,watchlist,38.46,73.8,54.36,10.0,38.46,73.8,64.36,26.44,147.57,703985584.27,"Stage 2, Extended Stage 2, trend_template_ok, weekly_vcp_ok, volume_dryup, weekly_volume_dryup, weekly_strong",17,18,Stage 2,watchlist,weekly_breakout,65.33,1,-0.9699999999999989,False,False,False,False,False
LAURUSLABS.NS,Laurus Labs Limited,Drug Manufacturers - Specialty & Generic,Healthcare,True,F&O,1,Stage 2,Stage 2,Extended Stage 2,0.78,"Advancing structure remains intact, but price is stretched versus key moving averages or far above the 52-week low.",,,2026-10-07,,watchlist,weekly_near_pivot,watchlist,39.62,71.8,54.1,10.0,39.62,71.8,64.1,36.17,84.6,3131106829.68,"Stage 2, Extended Stage 2, trend_template_ok, weekly_vcp_ok, volume_dryup, weekly_volume_dryup, weekly_strong",18,22,Stage 2,watchlist,weekly_near_pivot,64.1,4,0.0,False,False,False,False,True
MANINDS.NS,Man Industries (India) Limited,Steel,Basic Materials,False,Cash,1,Stage 2,Stage 2,Extended Stage 2,0.78,"Advancing structure remains intact, but price is stretched versus key moving averages or far above the 52-week low.",,,2026-10-07,,watchlist,weekly_forming,watchlist,55.83,62.6,58.88,5.0,55.83,62.6,63.88,62.42,76.19,1439532664.46,"Stage 2, Extended Stage 2, trend_template_ok, weekly_vcp_ok, volume_dryup, weekly_volume_dryup, weekly_strong",19,16,Stage 2,watchlist,weekly_forming,65.87,-3,-1.990000000000002,False,False,False,False,False
QPOWER.NS,Quality Power Electrical Equipments Limited,Electrical Equipment & Parts,Industrials,False,Cash,1,Stage 2,Stage 2,Extended Stage 2,0.78,"Advancing structure remains intact, but price is stretched versus key moving averages or far above the 52-week low.",,,2026-10-07,,watchlist,weekly_near_pivot,watchlist,36.52,73.66,53.23,10.0,36.52,73.66,63.23,36.5,42.11,494012309.87,"Stage 2, Extended Stage 2, trend_template_ok, weekly_vcp_ok, weekly_strong",20,24,Stage 2,watchlist,weekly_breakout,62.94,4,0.28999999999999915,False,False,False,False,True
MTARTECH.NS,Mtar Technologies Limited,Specialty Industrial Machinery,Industrials,False,Cash,1,Stage 2,Stage 2,Clean Stage 2,0.9,"Price is above rising key averages, weekly structure is supportive, and the stock is near its 52-week high.",,,2026-10-07,,watchlist,weekly_near_pivot,watchlist,35.62,73.8,52.8,10.0,35.62,73.8,62.8,30.64,70.07,864394241.55,"Stage 2, Clean Stage 2, trend_template_ok, weekly_vcp_ok, weekly_volume_dryup, weekly_strong",21,26,Stage 2,watchlist,weekly_near_pivot,62.8,5,0.0,False,False,False,False,False
SANATHAN.NS,Sanathan Textiles Limited,Textile Manufacturing,Consumer Cyclical,False,Cash,1,Stage 2,Stage 2,Clean Stage 2,0.9,"Price is above rising key averages, weekly structure is supportive, and the stock is near its 52-week high.",,,2026-10-07,,watchlist,weekly_near_pivot,watchlist,37.31,71.58,52.73,10.0,37.31,71.58,62.73,21.1,25.71,76381842.77,"Stage 2, Clean Stage 2, trend_template_ok, weekly_vcp_ok, weekly_volume_dryup, weekly_strong",22,25,Stage 2,watchlist,weekly_breakout,62.89,3,-0.1600000000000037,False,False,False,False,False
HARSHA.NS,Harsha Engineers International Limited,Tools & Accessories,Industrials,False,Cash,1,Stage 2,Stage 2,Messy Stage 2,0.64,"Long-term structure is still constructive, but the short-term/weekly structure is not clean.",,,2026-10-07,,watchlist,weekly_near_pivot,watchlist,54.12,68.08,60.4,2.0,54.12,68.08,62.4,14.36,16.41,76353128.97,"Stage 2, Messy Stage 2, trend_template_ok, weekly_vcp_ok, volume_dryup, weekly_volume_dryup, weekly_strong",23,27,Stage 2,watchlist,weekly_near_pivot,62.58,4,-0.17999999999999972,False,False,False,False,False
KINGFA.NS,Kingfa Science & Technology (India) Limited,Specialty Chemicals,Basic Materials,False,Cash,1,Stage 2,Stage 2,Clean Stage 2,0.9,"Price is above rising key averages, weekly structure is supportive, and the stock is near its 52-week high.",,,2026-10-07,,watchlist,weekly_breakout,watchlist,41.18,65.8,52.26,10.0,41.18,65.8,62.26,43.2,52.48,86729561.23,"Stage 2, Clean Stage 2, trend_template_ok, weekly_vcp_ok, volume_dryup, weekly_volume_dryup, weekly_strong",24,32,Stage 2,watchlist,weekly_breakout,62.05,8,0.21000000000000085,False,False,False,False,False
SHILPAMED.NS,Shilpa Medicare Limited,Drug Manufacturers - Specialty & Generic,Healthcare,False,Cash,1,Stage 2,Stage 2,Extended Stage 2,0.78,"Advancing structure remains intact, but price is stretched versus key moving averages or far above the 52-week low.",,,2026-10-07,,watchlist,weekly_breakout,watchlist,39.88,65.8,51.54,10.0,39.88,65.8,61.54,72.51,156.37,828398919.45,"Stage 2, Extended Stage 2, trend_template_ok, weekly_vcp_ok, volume_dryup, weekly_volume_dryup, weekly_strong",25,33,Stage 2,watchlist,weekly_breakout,61.54,8,0.0,False,False,False,False,False
STAR.NS,Strides Pharma Science Limited,Drug Manufacturers - Specialty & Generic,Healthcare,False,Cash,1,Stage 2,Stage 2,Stage 2,0.76,Advancing structure detected.,,,2026-10-07,,watchlist,weekly_near_pivot,watchlist,37.15,68.58,51.29,10.0,37.15,68.58,61.29,10.62,17.22,286772584.94,"Stage 2, Stage 2, trend_template_ok, weekly_vcp_ok, volume_dryup, weekly_volume_dryup, weekly_strong",26,37,Stage 2,watchlist,weekly_near_pivot,60.22,11,1.0700000000000003,False,False,False,False,False
PNBHOUSING.NS,PNB Housing Finance Limited,Mortgage Finance,Financial Services,True,F&O,1,Stage 2,Stage 2,Clean Stage 2,0.9,"Price is above rising key averages, weekly structure is supportive, and the stock is near its 52-week high.",,,2026-10-07,,watchlist,weekly_near_pivot,watchlist,53.23,70.9,61.18,0.0,53.23,70.9,61.18,13.95,37.03,1086766864.64,"Stage 2, Clean Stage 2, trend_template_ok, weekly_vcp_ok, weekly_volume_dryup, weekly_strong",27,61,Stage 2,watchlist,weekly_near_pivot,55.64,34,5.539999999999999,False,False,False,False,False
JAMNAAUTO.NS,Jamna Auto Industries Limited,Auto Parts,Consumer Cyclical,False,Cash,1,Stage 2,Stage 2,Early Stage 2,0.72,"Price has moved above long-term structure, but the full moving-average stack is not clean yet.",,,2026-10-07,,watchlist,weekly_breakout,watchlist,43.38,71.65,56.1,5.0,43.38,71.65,61.1,23.28,24.23,506830339.16,"Stage 2, Early Stage 2, weekly_vcp_ok, weekly_strong",28,30,Stage 2,watchlist,weekly_breakout,62.25,2,-1.1499999999999986,False,False,False,False,False
AUROPHARMA.NS,Aurobindo Pharma Limited,Drug Manufacturers - Specialty & Generic,Healthcare,True,F&O,1,Stage 2,Stage 2,Early Stage 2,0.72,"Price has moved above long-term structure, but the full moving-average stack is not clean yet.",,,2026-10-07,,watchlist,weekly_near_pivot,watchlist,37.52,66.61,50.61,10.0,37.52,66.61,60.61,14.1,26.0,1224945786.02,"Stage 2, Early Stage 2, daily_vcp_ok, weekly_vcp_ok, weekly_volume_dryup, weekly_strong",29,7,Stage 2,watchlist,weekly_near_pivot,70.18,-22,-9.570000000000007,False,False,False,False,False
ICIL.NS,Indo Count Industries Limited,Textile Manufacturing,Consumer Cyclical,False,Cash,1,Stage 2,Stage 2,Clean Stage 2,0.9,"Price is above rising key averages, weekly structure is supportive, and the stock is near its 52-week high.",,,2026-10-07,,watchlist,weekly_watchlist,watchlist,61.83,36.4,50.39,10.0,61.83,36.4,60.39,19.99,74.59,212269092.42,"Stage 2, Clean Stage 2, trend_template_ok, volume_dryup, weekly_volume_dryup",30,35,Stage 2,watchlist,weekly_watchlist,60.39,5,0.0,False,False,False,False,False
GRAPHITE.NS,Graphite India Limited,Electrical Equipment & Parts,Industrials,False,Cash,1,Stage 2,Stage 2,Clean Stage 2,0.9,"Price is above rising key averages, weekly structure is supportive, and the stock is near its 52-week high.",,,2026-10-07,,watchlist,weekly_watchlist,watchlist,63.2,34.7,50.38,10.0,63.2,34.7,60.38,38.75,26.27,1348603319.19,"Stage 2, Clean Stage 2, trend_template_ok, volume_dryup, weekly_volume_dryup",31,21,Stage 2,watchlist,weekly_watchlist,64.16,-10,-3.779999999999994,False,False,False,False,False
VOLTAMP.NS,Voltamp Transformers Limited,Electrical Equipment & Parts,Industrials,False,Cash,1,Stage 2,Stage 2,Early Stage 2,0.72,"Price has moved above long-term structure, but the full moving-average stack is not clean yet.",,,2026-10-07,,watchlist,weekly_forming,watchlist,38.8,62.43,49.43,10.0,38.8,62.43,59.43,21.19,14.08,148868320.45,"Stage 2, Early Stage 2, weekly_vcp_ok, volume_dryup, weekly_volume_dryup, weekly_strong",32,43,Stage 2,watchlist,weekly_forming,58.97,11,0.46000000000000085,False,False,False,False,False
SHARDAMOTR.NS,Sharda Motor Industries Limited,Auto Parts,Consumer Cyclical,False,Cash,1,Stage 2,Stage 2,Early Stage 2,0.72,"Price has moved above long-term structure, but the full moving-average stack is not clean yet.",,,2026-10-07,,watchlist,weekly_near_pivot,watchlist,40.34,71.06,54.16,5.0,40.34,71.06,59.16,12.29,18.35,78366654.85,"Stage 2, Early Stage 2, weekly_vcp_ok, volume_dryup, weekly_volume_dryup, weekly_strong",33,53,Stage 2,watchlist,weekly_near_pivot,57.43,20,1.7299999999999969,False,False,False,False,False
LXCHEM.NS,Laxmi Organic Industries Limited,Specialty Chemicals,Basic Materials,False,Cash,1,Stage 2,Stage 2,Stage 2,0.76,Advancing structure detected.,,,2026-10-07,,watchlist,weekly_watchlist,watchlist,63.67,31.27,49.09,10.0,63.67,31.27,59.09,17.52,35.18,237622876.89,"Stage 2, Stage 2, trend_template_ok",34,31,Stage 2,watchlist,weekly_watchlist,62.14,-3,-3.049999999999997,False,False,False,False,False
LMW.NS,LMW Limited,Specialty Industrial Machinery,Industrials,False,Cash,1,Stage 2,Stage 2,Early Stage 2,0.72,"Price has moved above long-term structure, but the full moving-average stack is not clean yet.",,,2026-10-07,,watchlist,weekly_forming,watchlist,37.69,61.54,48.42,10.0,37.69,61.54,58.42,9.7,27.73,71681511.15,"Stage 2, Early Stage 2, daily_vcp_ok, weekly_vcp_ok, volume_dryup, weekly_volume_dryup, weekly_strong",35,45,Stage 2,watchlist,weekly_forming,58.79,10,-0.36999999999999744,False,False,False,False,False
KRN.NS,KRN Heat Exchanger and Refrigeration Limited,Electronic Components,Technology,False,Cash,1,Stage 2,Stage 2,Early Stage 2,0.72,"Price has moved above long-term structure, but the full moving-average stack is not clean yet.",,,2026-10-07,,watchlist,weekly_forming,watchlist,36.75,62.64,48.4,10.0,36.75,62.64,58.4,23.69,24.7,307261537.27,"Stage 2, Early Stage 2, weekly_vcp_ok, weekly_strong",36,2,Stage 2,watchlist,weekly_forming,74.79,-34,-16.390000000000008,False,False,False,False,False
KSL.NS,Kalyani Steels Limited,Steel,Basic Materials,False,Cash,1,Stage 2,Stage 2,Clean Stage 2,0.9,"Price is above rising key averages, weekly structure is supportive, and the stock is near its 52-week high.",,,2026-10-07,,watchlist,weekly_near_pivot,watchlist,38.65,71.03,53.22,5.0,38.65,71.03,58.22,6.47,45.83,157668130.3,"Stage 2, Clean Stage 2, trend_template_ok, weekly_vcp_ok, weekly_strong",37,55,Stage 2,watchlist,weekly_near_pivot,57.11,18,1.1099999999999994,False,False,False,False,False
NAZARA.NS,Nazara Technologies Limited,Communication Services,Communication Services,False,Cash,1,Stage 2,Stage 2,Clean Stage 2,0.9,"Price is above rising key averages, weekly structure is supportive, and the stock is near its 52-week high.",,,2026-10-07,,watchlist,weekly_breakout,watchlist,42.86,65.8,53.18,5.0,42.86,65.8,58.18,30.52,53.76,583465581.17,"Stage 2, Clean Stage 2, trend_template_ok, weekly_vcp_ok, volume_dryup, weekly_volume_dryup, weekly_strong",38,59,Stage 2,watchlist,weekly_breakout,56.07,21,2.1099999999999994,False,False,False,False,False
ENTERO.NS,Entero Healthcare Solutions Limited,Healthcare,Healthcare,False,Cash,1,Stage 2,Stage 2,Stage 2,0.76,Advancing structure detected.,,,2026-10-07,,watchlist,weekly_breakout,watchlist,41.96,66.9,53.18,5.0,41.96,66.9,58.18,47.63,48.42,360492088.17,"Stage 2, Stage 2, trend_template_ok, weekly_vcp_ok, volume_dryup, weekly_volume_dryup, weekly_strong",39,60,Stage 2,watchlist,weekly_breakout,55.76,21,2.4200000000000017,False,False,False,False,False
KMEW.NS,Knowledge Marine & Engineering Works Limited,Marine Shipping,Industrials,False,Cash,1,Stage 2,Stage 2,Extended Stage 2,0.78,"Advancing structure remains intact, but price is stretched versus key moving averages or far above the 52-week low.",,,2026-10-07,,watchlist,weekly_watchlist,watchlist,62.57,30.4,48.09,10.0,62.57,30.4,58.09,47.22,84.95,415355267.86,"Stage 2, Extended Stage 2, trend_template_ok",40,54,Stage 2,watchlist,weekly_watchlist,57.23,14,0.8600000000000065,False,False,False,False,False
BHEL.NS,Bharat Heavy Electricals Limited,Specialty Industrial Machinery,Industrials,True,F&O,1,Stage 2,Stage 2,Clean Stage 2,0.9,"Price is above rising key averages, weekly structure is supportive, and the stock is near its 52-week high.",,,2026-10-07,,watchlist,weekly_watchlist,watchlist,63.81,28.56,47.95,10.0,63.81,28.56,57.95,14.87,46.72,3397903246.01,"Stage 2, Clean Stage 2, trend_template_ok",41,42,Stage 2,watchlist,weekly_watchlist,59.09,1,-1.1400000000000006,False,False,False,False,False
HAPPYFORGE.NS,Happy Forgings Limited,Metal Fabrication,Industrials,False,Cash,1,Stage 2,Stage 2,Early Stage 2,0.72,"Price has moved above long-term structure, but the full moving-average stack is not clean yet.",,,2026-10-07,,watchlist,weekly_forming,watchlist,33.22,65.8,47.88,10.0,33.22,65.8,57.88,30.39,55.27,173967154.32,"Stage 2, Early Stage 2, daily_vcp_ok, weekly_vcp_ok, weekly_strong",42,46,Stage 2,watchlist,weekly_forming,58.66,4,-0.779999999999994,False,False,False,False,False
JSWINFRA.NS,JSW Infrastructure Limited,Marine Shipping,Industrials,False,Cash,1,Stage 2,Stage 2,Early Stage 2,0.72,"Price has moved above long-term structure, but the full moving-average stack is not clean yet.",,,2026-10-07,,watchlist,weekly_forming,watchlist,39.17,58.04,47.66,10.0,39.17,58.04,57.66,4.27,30.16,1666810675.27,"Stage 2, Early Stage 2, weekly_vcp_ok, volume_dryup, weekly_volume_dryup, weekly_strong",43,5,Stage 2,watchlist,weekly_near_pivot,71.65,-38,-13.990000000000009,False,False,False,False,False
AARTIDRUGS.NS,Aarti Drugs Limited,Drug Manufacturers - Specialty & Generic,Healthcare,False,Cash,1,Stage 2,Stage 2,Early Stage 2,0.72,"Price has moved above long-term structure, but the full moving-average stack is not clean yet.",,,2026-10-07,,watchlist,weekly_forming,watchlist,35.76,61.89,47.52,10.0,35.76,61.89,57.52,10.21,19.74,78700197.81,"Stage 2, Early Stage 2, weekly_vcp_ok, weekly_volume_dryup, weekly_strong",44,57,Stage 2,watchlist,weekly_forming,56.39,13,1.1300000000000026,False,False,False,False,False
STEELCAS.NS,Steelcast Limited,Steel,Basic Materials,False,Cash,1,Stage 2,Stage 2,Clean Stage 2,0.9,"Price is above rising key averages, weekly structure is supportive, and the stock is near its 52-week high.",,,2026-10-07,,watchlist,weekly_near_pivot,watchlist,36.67,71.35,52.28,5.0,36.67,71.35,57.28,24.99,30.49,92026783.51,"Stage 2, Clean Stage 2, trend_template_ok, weekly_vcp_ok, weekly_strong",45,49,Stage 2,watchlist,weekly_breakout,57.76,4,-0.4799999999999969,False,False,False,False,False
HFCL.NS,HFCL Limited,Communication Equipment,Technology,False,Cash,1,Stage 2,Stage 2,Extended Stage 2,0.78,"Advancing structure remains intact, but price is stretched versus key moving averages or far above the 52-week low.",,,2026-10-07,,watchlist,weekly_watchlist,watchlist,60.08,31.6,47.26,10.0,60.08,31.6,57.26,29.67,189.99,1507039552.29,"Stage 2, Extended Stage 2, trend_template_ok, volume_dryup, weekly_volume_dryup",46,68,Stage 2,watchlist,weekly_watchlist,54.75,22,2.509999999999998,False,False,False,False,False
REDINGTON.NS,Redington Limited,Information Technology Services,Technology,False,Cash,1,Stage 2,Stage 2,Clean Stage 2,0.9,"Price is above rising key averages, weekly structure is supportive, and the stock is near its 52-week high.",,,2026-10-07,,watchlist,weekly_near_pivot,watchlist,39.75,73.0,54.71,2.0,39.75,73.0,56.71,45.41,81.44,1745785020.14,"Stage 2, Clean Stage 2, trend_template_ok, weekly_vcp_ok, volume_dryup, weekly_volume_dryup, weekly_strong",47,56,Stage 2,watchlist,weekly_near_pivot,56.71,9,0.0,False,False,False,False,False
MRPL.NS,Mangalore Refinery and Petrochemicals Limited,Oil & Gas Refining & Marketing,Energy,False,Cash,1,Stage 2,Stage 2,Stage 2,0.76,Advancing structure detected.,,,2026-10-07,,watchlist,weekly_forming,watchlist,34.54,61.47,46.66,10.0,34.54,61.47,56.66,18.92,6.74,1748857955.61,"Stage 2, Stage 2, weekly_vcp_ok, weekly_strong",48,34,Stage 2,watchlist,weekly_forming,60.54,-14,-3.8800000000000026,False,False,False,False,False
GLAND.NS,Gland Pharma Limited,Drug Manufacturers - Specialty & Generic,Healthcare,False,Cash,1,Stage 2,Stage 2,Clean Stage 2,0.9,"Price is above rising key averages, weekly structure is supportive, and the stock is near its 52-week high.",,,2026-10-07,,watchlist,weekly_watchlist,watchlist,57.39,31.6,45.78,10.0,57.39,31.6,55.78,32.84,86.11,1221489002.28,"Stage 2, Clean Stage 2, trend_template_ok, volume_dryup, weekly_volume_dryup",49,63,Stage 2,watchlist,weekly_watchlist,55.09,14,0.6899999999999977,False,False,False,False,False
ASKAUTOLTD.NS,ASK Automotive Limited,Auto Parts,Consumer Cyclical,False,Cash,1,Stage 2,Stage 2,Early Stage 2,0.72,"Price has moved above long-term structure, but the full moving-average stack is not clean yet.",,,2026-10-07,,watchlist,weekly_forming,watchlist,38.42,65.8,50.74,5.0,38.42,65.8,55.74,36.28,44.48,187439364.41,"Stage 2, Early Stage 2, weekly_vcp_ok, volume_dryup, weekly_volume_dryup, weekly_strong",50,111,Stage 2,watchlist,weekly_watchlist,49.6,61,6.140000000000001,False,False,False,False,False
WELCORP.NS,Welspun Corp Limited,Steel,Basic Materials,False,Cash,1,Stage 2,Stage 2,Extended Stage 2,0.78,"Advancing structure remains intact, but price is stretched versus key moving averages or far above the 52-week low.",,,2026-10-07,,watchlist,weekly_forming,watchlist,37.63,65.8,50.31,5.0,37.63,65.8,55.31,65.66,154.33,5110551170.78,"Stage 2, Extended Stage 2, trend_template_ok, weekly_vcp_ok, volume_dryup, weekly_volume_dryup, weekly_strong",51,44,Stage 2,watchlist,weekly_near_pivot,58.96,-7,-3.6499999999999986,False,False,False,False,False
UNIMECH.NS,Unimech Aerospace and Manufacturing Limited,Aerospace & Defense,Industrials,False,Cash,1,Stage 2,Stage 2,Extended Stage 2,0.78,"Advancing structure remains intact, but price is stretched versus key moving averages or far above the 52-week low.",,,2026-10-07,,watchlist,weekly_breakout,watchlist,37.61,65.8,50.3,5.0,37.61,65.8,55.3,53.86,99.12,520010377.31,"Stage 2, Extended Stage 2, trend_template_ok, weekly_vcp_ok, weekly_volume_dryup, weekly_strong",52,62,Stage 2,watchlist,weekly_breakout,55.37,10,-0.07000000000000028,False,False,False,False,False
SMSPHARMA.NS,SMS Pharmaceuticals Limited,Drug Manufacturers - General,Healthcare,False,Cash,1,Stage 2,Stage 2,Clean Stage 2,0.9,"Price is above rising key averages, weekly structure is supportive, and the stock is near its 52-week high.",,,2026-10-07,,watchlist,weekly_watchlist,watchlist,60.66,37.46,50.22,5.0,60.66,37.46,55.22,20.0,14.62,631007127.5,"Stage 2, Clean Stage 2, trend_template_ok, volume_dryup, weekly_volume_dryup",53,86,Stage 2,watchlist,weekly_watchlist,51.82,33,3.3999999999999986,False,False,False,False,False
ANTHEM.NS,Anthem Biosciences Limited,Biotechnology,Healthcare,False,Cash,1,Stage 2,Stage 2,Early Stage 2,0.72,"Price has moved above long-term structure, but the full moving-average stack is not clean yet.",,,2026-10-07,,watchlist,weekly_forming,watchlist,41.23,61.08,50.16,5.0,41.23,61.08,55.16,24.51,28.31,635349831.92,"Stage 2, Early Stage 2, weekly_vcp_ok, volume_dryup, weekly_volume_dryup, weekly_strong",54,69,Stage 2,watchlist,weekly_forming,54.72,15,0.4399999999999977,False,False,False,False,False
OPTIEMUS.NS,Optiemus Infracom Limited,Technology,Technology,False,Cash,1,Stage 2,Stage 2,Extended Stage 2,0.78,"Advancing structure remains intact, but price is stretched versus key moving averages or far above the 52-week low.",,,2026-10-07,,watchlist,weekly_watchlist,watchlist,54.83,32.8,44.92,10.0,54.83,32.8,54.92,52.4,108.43,1690165030.11,"Stage 2, Extended Stage 2, trend_template_ok",55,64,Stage 2,watchlist,weekly_watchlist,54.92,9,0.0,False,False,False,False,False
EDELWEISS.NS,Edelweiss Financial Services Limited,Financial Services,Financial Services,False,Cash,1,Stage 2,Stage 2,Early Stage 2,0.72,"Price has moved above long-term structure, but the full moving-average stack is not clean yet.",,,2026-10-07,,watchlist,weekly_near_pivot,watchlist,41.33,70.26,54.35,0.0,41.33,70.26,54.35,16.18,17.38,908197790.64,"Stage 2, Early Stage 2, weekly_vcp_ok, volume_dryup, weekly_volume_dryup, weekly_strong",56,20,Stage 2,watchlist,weekly_breakout,64.37,-36,-10.020000000000003,False,False,False,False,False
MIDHANI.NS,Mishra Dhatu Nigam Limited,Steel,Basic Materials,False,Cash,1,Stage 2,Stage 2,Clean Stage 2,0.9,"Price is above rising key averages, weekly structure is supportive, and the stock is near its 52-week high.",,,2026-10-07,,watchlist,weekly_forming,watchlist,38.1,62.15,48.92,5.0,38.1,62.15,53.92,14.68,28.84,451350926.62,"Stage 2, Clean Stage 2, trend_template_ok, weekly_vcp_ok, volume_dryup, weekly_volume_dryup, weekly_strong",57,48,Stage 2,watchlist,weekly_near_pivot,58.32,-9,-4.399999999999999,False,False,False,False,False
INDHOTEL.NS,The Indian Hotels Company Limited,Lodging,Consumer Cyclical,True,F&O,1,Stage 2,Stage 2,Messy Stage 2,0.64,"Long-term structure is still constructive, but the short-term/weekly structure is not clean.",,,2026-10-07,,watchlist,weekly_near_pivot,watchlist,38.31,68.01,51.68,2.0,38.31,68.01,53.68,5.21,16.87,2379818879.52,"Stage 2, Messy Stage 2, weekly_vcp_ok, weekly_strong",58,40,Stage 2,watchlist,weekly_near_pivot,59.39,-18,-5.710000000000001,False,False,False,False,False
JASH.NS,Jash Engineering Limited,Specialty Industrial Machinery,Industrials,False,Cash,1,Stage 2,Stage 2,Clean Stage 2,0.9,"Price is above rising key averages, weekly structure is supportive, and the stock is near its 52-week high.",,,2026-10-07,,watchlist,weekly_watchlist,watchlist,54.34,30.66,43.68,10.0,54.34,30.66,53.68,14.66,51.91,626541631.87,"Stage 2, Clean Stage 2, trend_template_ok, volume_dryup, weekly_volume_dryup",59,73,Stage 2,watchlist,weekly_watchlist,53.71,14,-0.030000000000001137,False,False,False,False,False
BOSCHLTD.NS,Bosch Limited,Auto Parts,Consumer Cyclical,True,F&O,1,Stage 2,Stage 2,Early Stage 2,0.72,"Price has moved above long-term structure, but the full moving-average stack is not clean yet.",,,2026-10-07,,watchlist,weekly_forming,watchlist,38.05,61.63,48.66,5.0,38.05,61.63,53.66,12.34,25.99,1052106315.0,"Stage 2, Early Stage 2, daily_vcp_ok, weekly_vcp_ok, volume_dryup, weekly_volume_dryup, weekly_strong",60,66,Stage 2,watchlist,weekly_forming,54.83,6,-1.1700000000000017,False,False,False,False,False
STLTECH.NS,Sterlite Technologies Limited,Communication Equipment,Technology,False,Cash,1,Stage 2,Stage 2,Extended Stage 2,0.78,"Advancing structure remains intact, but price is stretched versus key moving averages or far above the 52-week low.",,,2026-10-07,,watchlist,weekly_watchlist,watchlist,56.83,27.2,43.5,10.0,56.83,27.2,53.5,97.64,301.95,1792680345.23,"Stage 2, Extended Stage 2, trend_template_ok",61,75,Stage 2,watchlist,weekly_watchlist,53.5,14,0.0,False,False,False,False,False
CARTRADE.NS,Cartrade Tech Limited,Consumer Cyclical,Consumer Cyclical,False,Cash,1,Stage 2,Stage 2,Early Stage 2,0.72,"Price has moved above long-term structure, but the full moving-average stack is not clean yet.",,,2026-10-07,,watchlist,weekly_forming,watchlist,40.17,64.94,51.32,2.0,40.17,64.94,53.32,6.19,65.2,716070011.7,"Stage 2, Early Stage 2, weekly_vcp_ok, volume_dryup, weekly_volume_dryup, weekly_strong",62,70,Stage 2,watchlist,weekly_forming,54.6,8,-1.2800000000000011,False,False,False,False,False
JTLIND.NS,JTL INDUSTRIES LIMITED,Steel,Basic Materials,False,Cash,1,Stage 2,Stage 2,Messy Stage 2,0.64,"Long-term structure is still constructive, but the short-term/weekly structure is not clean.",,,2026-10-07,,watchlist,weekly_forming,watchlist,36.29,62.59,48.12,5.0,36.29,62.59,53.12,15.66,32.23,245619701.34,"Stage 2, Messy Stage 2, trend_template_ok, weekly_vcp_ok, weekly_strong",63,41,Stage 2,watchlist,weekly_near_pivot,59.36,-22,-6.240000000000002,False,False,False,False,False
AGI.NS,AGI Greenpac Limited,Consumer Cyclical,Consumer Cyclical,False,Cash,1,Stage 2,Stage 2,Stage 2,0.76,Advancing structure detected.,,,2026-10-07,,watchlist,weekly_breakout,watchlist,39.49,64.63,50.8,2.0,39.49,64.63,52.8,21.3,47.02,140876208.81,"Stage 2, Stage 2, trend_template_ok, weekly_vcp_ok, volume_dryup, weekly_volume_dryup, weekly_strong",64,78,Stage 2,watchlist,weekly_breakout,53.09,14,-0.29000000000000625,False,False,False,False,False
UFLEX.NS,UFLEX Limited,Consumer Cyclical,Consumer Cyclical,False,Cash,1,Stage 2,Stage 2,Stage 2,0.76,Advancing structure detected.,,,2026-10-07,,watchlist,weekly_forming,watchlist,38.17,65.8,50.6,2.0,38.17,65.8,52.6,44.21,65.24,81179317.91,"Stage 2, Stage 2, trend_template_ok, weekly_vcp_ok, volume_dryup, weekly_volume_dryup, weekly_strong",65,72,Stage 2,watchlist,weekly_forming,53.75,7,-1.1499999999999986,False,False,False,False,False
SUNFLAG.NS,Sunflag Iron And Steel Company Limited,Steel,Basic Materials,False,Cash,1,Stage 2,Stage 2,Extended Stage 2,0.78,"Advancing structure remains intact, but price is stretched versus key moving averages or far above the 52-week low.",,,2026-10-07,,watchlist,weekly_watchlist,watchlist,59.2,33.2,47.5,5.0,59.2,33.2,52.5,41.24,74.19,348548586.19,"Stage 2, Extended Stage 2, trend_template_ok",66,74,Stage 2,watchlist,weekly_watchlist,53.55,8,-1.0499999999999972,False,False,False,False,False
NRBBEARING.NS,NRB Bearing Limited,Auto Parts,Consumer Cyclical,False,Cash,1,Stage 2,Stage 2,Clean Stage 2,0.9,"Price is above rising key averages, weekly structure is supportive, and the stock is near its 52-week high.",,,2026-10-07,,watchlist,weekly_watchlist,watchlist,60.36,31.6,47.42,5.0,60.36,31.6,52.42,29.12,100.59,521452895.95,"Stage 2, Clean Stage 2, trend_template_ok, volume_dryup, weekly_volume_dryup",67,119,Stage 2,watchlist,weekly_watchlist,48.96,52,3.460000000000001,False,False,False,False,False
RAYMOND.NS,Raymond Limited,Specialty Industrial Machinery,Industrials,False,Cash,1,Stage 2,Stage 2,Extended Stage 2,0.78,"Advancing structure remains intact, but price is stretched versus key moving averages or far above the 52-week low.",,,2026-10-07,,forming_vcp,weekly_watchlist,watchlist,58.71,22.4,42.37,10.0,58.71,22.4,52.37,96.67,184.55,5393334594.23,"Stage 2, Extended Stage 2, trend_template_ok, daily_vcp_ok, volume_dryup, weekly_volume_dryup",68,93,Stage 2,forming_vcp,weekly_watchlist,51.47,25,0.8999999999999986,False,False,False,False,False
CASTROLIND.NS,Castrol India Limited,Oil & Gas Refining & Marketing,Energy,False,Cash,1,Stage 2,Stage 2,Clean Stage 2,0.9,"Price is above rising key averages, weekly structure is supportive, and the stock is near its 52-week high.",,,2026-10-07,,watchlist,weekly_breakout,watchlist,26.06,61.61,42.06,10.0,26.06,61.61,52.06,18.53,19.57,683110289.38,"Stage 2, Clean Stage 2, weekly_vcp_ok, weekly_volume_dryup, weekly_strong",69,142,Stage 2,watchlist,weekly_breakout,45.96,73,6.100000000000001,False,False,False,False,False
SHYAMMETL.NS,Shyam Metalics and Energy Limited,Steel,Basic Materials,False,Cash,1,Stage 2,Stage 2,Clean Stage 2,0.9,"Price is above rising key averages, weekly structure is supportive, and the stock is near its 52-week high.",,,2026-10-07,,watchlist,weekly_watchlist,watchlist,54.04,38.5,47.05,5.0,54.04,38.5,52.05,11.59,31.44,599639943.08,"Stage 2, Clean Stage 2, trend_template_ok, volume_dryup, weekly_volume_dryup",70,103,Stage 2,watchlist,weekly_watchlist,50.36,33,1.6899999999999977,False,False,False,False,False
MCX.NS,Multi Commodity Exchange of India Limited,Financial Services,Financial Services,True,F&O,1,Stage 2,Stage 2,Clean Stage 2,0.9,"Price is above rising key averages, weekly structure is supportive, and the stock is near its 52-week high.",,,2026-10-07,,watchlist,weekly_near_pivot,watchlist,37.67,69.24,51.88,0.0,37.67,69.24,51.88,21.04,21.38,5721180657.14,"Stage 2, Clean Stage 2, trend_template_ok, weekly_vcp_ok, volume_dryup, weekly_volume_dryup, weekly_strong",71,50,Stage 2,watchlist,weekly_near_pivot,57.73,-21,-5.849999999999994,False,False,False,False,False
HATSUN.NS,Hatsun Agro Product Limited,Packaged Foods,Consumer Defensive,False,Cash,1,Stage 2,Stage 2,Stage 2,0.76,Advancing structure detected.,,,2026-10-07,,watchlist,weekly_breakout,watchlist,37.77,64.52,49.81,2.0,37.77,64.52,51.81,28.21,28.02,97066892.4,"Stage 2, Stage 2, trend_template_ok, weekly_vcp_ok, volume_dryup, weekly_volume_dryup, weekly_strong",72,76,Stage 2,watchlist,weekly_breakout,53.46,4,-1.6499999999999986,False,False,False,False,False
FLUOROCHEM.NS,Gujarat Fluorochemicals Limited,Specialty Chemicals,Basic Materials,False,Cash,1,Stage 2,Stage 2,Early Stage 2,0.72,"Price has moved above long-term structure, but the full moving-average stack is not clean yet.",,,2026-10-07,,watchlist,weekly_forming,watchlist,22.38,64.93,41.53,10.0,22.38,64.93,51.53,21.39,38.94,446089985.83,"Stage 2, Early Stage 2, weekly_vcp_ok, volume_dryup, weekly_volume_dryup, weekly_strong",73,88,Stage 2,watchlist,weekly_forming,51.65,15,-0.11999999999999744,False,False,False,False,False
GMMPFAUDLR.NS,GMM Pfaudler Limited,Specialty Industrial Machinery,Industrials,False,Cash,1,Stage 2,Stage 2,Early Stage 2,0.72,"Price has moved above long-term structure, but the full moving-average stack is not clean yet.",,,2026-10-07,,watchlist,weekly_breakout,watchlist,20.68,66.9,41.48,10.0,20.68,66.9,51.48,81.55,51.2,587593623.79,"Stage 2, Early Stage 2, weekly_vcp_ok, volume_dryup, weekly_volume_dryup, weekly_strong",74,83,Stage 2,watchlist,weekly_breakout,52.07,9,-0.5900000000000034,False,False,False,False,False
ROLEXRINGS.NS,Rolex Rings Limited,Metal Fabrication,Industrials,False,Cash,1,Stage 2,Stage 2,Early Stage 2,0.72,"Price has moved above long-term structure, but the full moving-average stack is not clean yet.",,,2026-10-07,,watchlist,weekly_forming,watchlist,23.44,63.47,41.45,10.0,23.44,63.47,51.45,24.19,32.5,416295690.23,"Stage 2, Early Stage 2, weekly_vcp_ok, volume_dryup, weekly_volume_dryup, weekly_strong",75,17,Stage 2,watchlist,weekly_near_pivot,65.87,-58,-14.420000000000002,False,False,False,False,False
MANORAMA.NS,Manorama Industries Limited,Packaged Foods,Consumer Defensive,False,Cash,1,Stage 2,Stage 2,Clean Stage 2,0.9,"Price is above rising key averages, weekly structure is supportive, and the stock is near its 52-week high.",,,2026-10-07,,watchlist,weekly_near_pivot,watchlist,40.5,60.1,49.32,2.0,40.5,60.1,51.32,34.89,51.17,300949362.68,"Stage 2, Clean Stage 2, trend_template_ok, weekly_vcp_ok, volume_dryup, weekly_volume_dryup",76,96,Stage 2,watchlist,weekly_near_pivot,51.22,20,0.10000000000000142,False,False,False,False,False
PRUDENT.NS,Prudent Corporate Advisory Services Limited,Asset Management,Financial Services,False,Cash,1,Stage 2,Stage 2,Early Stage 2,0.72,"Price has moved above long-term structure, but the full moving-average stack is not clean yet.",,,2026-10-07,,watchlist,weekly_forming,watchlist,37.49,63.76,49.31,2.0,37.49,63.76,51.31,12.88,35.7,91561543.73,"Stage 2, Early Stage 2, weekly_vcp_ok, weekly_volume_dryup, weekly_strong",77,115,Stage 2,watchlist,weekly_forming,49.3,38,2.010000000000005,False,False,False,False,False
BALRAMCHIN.NS,Balrampur Chini Mills Limited,Consumer Defensive,Consumer Defensive,False,Cash,1,Stage 2,Stage 2,Stage 2,0.76,Advancing structure detected.,,,2026-10-07,,watchlist,weekly_forming,watchlist,39.88,65.17,51.26,0.0,39.88,65.17,51.26,23.78,49.88,820528306.06,"Stage 2, Stage 2, trend_template_ok, weekly_vcp_ok, volume_dryup, weekly_volume_dryup, weekly_strong",78,94,Stage 2,watchlist,weekly_forming,51.35,16,-0.09000000000000341,False,False,False,False,False
LTFOODS.NS,LT Foods Limited,Packaged Foods,Consumer Defensive,False,Cash,1,Stage 2,Stage 2,Early Stage 2,0.72,"Price has moved above long-term structure, but the full moving-average stack is not clean yet.",,,2026-10-07,,watchlist,weekly_forming,watchlist,40.25,59.78,49.04,2.0,40.25,59.78,51.04,13.76,6.03,153148424.43,"Stage 2, Early Stage 2, daily_vcp_ok, weekly_vcp_ok, volume_dryup, weekly_volume_dryup, weekly_strong",79,87,Stage 2,watchlist,weekly_forming,51.74,8,-0.7000000000000028,False,False,False,False,False
HAL.NS,Hindustan Aeronautics Limited,Aerospace & Defense,Industrials,True,F&O,1,Stage 2,Stage 2,Early Stage 2,0.72,"Price has moved above long-term structure, but the full moving-average stack is not clean yet.",,,2026-10-07,,watchlist,weekly_forming,watchlist,34.1,60.51,45.98,5.0,34.1,60.51,50.98,12.99,14.08,2977284122.8,"Stage 2, Early Stage 2, weekly_vcp_ok, volume_dryup, weekly_volume_dryup, weekly_strong",80,71,Stage 2,watchlist,weekly_near_pivot,54.54,-9,-3.5600000000000023,False,False,False,False,False
CUB.NS,City Union Bank Limited,Banks - Regional,Financial Services,False,Cash,1,Stage 2,Stage 2,Early Stage 2,0.72,"Price has moved above long-term structure, but the full moving-average stack is not clean yet.",,,2026-10-07,,watchlist,weekly_forming,watchlist,38.64,61.24,48.81,2.0,38.64,61.24,50.81,8.54,25.91,507652691.43,"Stage 2, Early Stage 2, weekly_vcp_ok, weekly_volume_dryup, weekly_strong",81,106,Stage 2,watchlist,weekly_forming,49.98,25,0.8300000000000054,False,False,False,False,False
CEIGALL.NS,Ceigall India Limited,Engineering & Construction,Industrials,False,Cash,1,Stage 2,Stage 2,Clean Stage 2,0.9,"Price is above rising key averages, weekly structure is supportive, and the stock is near its 52-week high.",,,2026-10-07,,watchlist,weekly_watchlist,watchlist,65.25,32.9,50.69,0.0,65.25,32.9,50.69,12.58,32.41,108787637.7,"Stage 2, Clean Stage 2, trend_template_ok, volume_dryup, weekly_volume_dryup",82,124,Stage 2,watchlist,weekly_watchlist,47.82,42,2.8699999999999974,False,False,False,False,False
VENUSPIPES.NS,Venus Pipes & Tubes Limited,Steel,Basic Materials,False,Cash,1,Stage 2,Stage 2,Extended Stage 2,0.78,"Advancing structure remains intact, but price is stretched versus key moving averages or far above the 52-week low.",,,2026-10-07,,watchlist,weekly_watchlist,watchlist,60.2,27.2,45.35,5.0,60.2,27.2,50.35,26.1,79.42,660615272.81,"Stage 2, Extended Stage 2, trend_template_ok, volume_dryup",83,80,Stage 2,watchlist,weekly_watchlist,52.76,-3,-2.4099999999999966,False,False,False,False,False
IIFLCAPS.NS,IIFL Capital Services Limited,Capital Markets,Financial Services,False,Cash,1,Stage 2,Stage 2,Early Stage 2,0.72,"Price has moved above long-term structure, but the full moving-average stack is not clean yet.",,,2026-10-07,,watchlist,weekly_near_pivot,watchlist,34.77,69.16,50.25,0.0,34.77,69.16,50.25,10.25,23.32,203012269.6,"Stage 2, Early Stage 2, weekly_vcp_ok, weekly_volume_dryup, weekly_strong",84,101,Stage 2,watchlist,weekly_near_pivot,50.59,17,-0.3400000000000034,False,False,False,False,False
PITTIENG.NS,Pitti Engineering Limited,Metal Fabrication,Industrials,False,Cash,1,Stage 2,Stage 2,Early Stage 2,0.72,"Price has moved above long-term structure, but the full moving-average stack is not clean yet.",,,2026-10-07,,watchlist,weekly_forming,watchlist,21.18,63.23,40.1,10.0,21.18,63.23,50.1,17.9,36.37,97680518.23,"Stage 2, Early Stage 2, weekly_vcp_ok, volume_dryup, weekly_volume_dryup, weekly_strong",85,36,Stage 2,watchlist,weekly_forming,60.29,-49,-10.189999999999998,False,False,False,False,False
RPTECH.NS,Rashi Peripherals Limited,Technology,Technology,False,Cash,1,Stage 2,Stage 2,Extended Stage 2,0.78,"Advancing structure remains intact, but price is stretched versus key moving averages or far above the 52-week low.",,,2026-10-07,,watchlist,weekly_watchlist,watchlist,42.02,37.6,40.03,10.0,42.02,37.6,50.03,23.9,111.96,322779813.35,"Stage 2, Extended Stage 2, trend_template_ok, volume_dryup, weekly_volume_dryup",86,108,Stage 2,watchlist,weekly_watchlist,49.93,22,0.10000000000000142,False,False,False,False,False
ALIVUS.NS,Alivus Life Sciences Limited,Drug Manufacturers - Specialty & Generic,Healthcare,False,Cash,1,Stage 2,Stage 2,Early Stage 2,0.72,"Price has moved above long-term structure, but the full moving-average stack is not clean yet.",,,2026-10-07,,watchlist,weekly_forming,watchlist,21.89,61.44,39.69,10.0,21.89,61.44,49.69,23.73,32.63,155835165.86,"Stage 2, Early Stage 2, weekly_vcp_ok, volume_dryup, weekly_volume_dryup, weekly_strong",87,39,Stage 2,watchlist,weekly_forming,59.64,-48,-9.950000000000003,False,False,False,False,False
SAMBHV.NS,Sambhv Steel Tubes Limited,Steel,Basic Materials,False,Cash,1,Stage 2,Stage 2,Clean Stage 2,0.9,"Price is above rising key averages, weekly structure is supportive, and the stock is near its 52-week high.",,,2026-10-07,,watchlist,weekly_watchlist,watchlist,60.84,24.73,44.59,5.0,60.84,24.73,49.59,36.88,42.47,1142555598.62,"Stage 2, Clean Stage 2, trend_template_ok, weekly_volume_dryup",88,113,Stage 2,watchlist,weekly_watchlist,49.39,25,0.20000000000000284,False,False,False,False,False
TCPLPACK.NS,TCPL Packaging Limited,Consumer Cyclical,Consumer Cyclical,False,Cash,1,Stage 2,Stage 2,Clean Stage 2,0.9,"Price is above rising key averages, weekly structure is supportive, and the stock is near its 52-week high.",,,2026-10-07,,watchlist,weekly_watchlist,watchlist,65.2,26.0,47.56,2.0,65.2,26.0,49.56,41.49,67.08,31877870.33,"Stage 2, Clean Stage 2, trend_template_ok, volume_dryup, weekly_volume_dryup",89,193,Stage 2,watchlist,weekly_watchlist,41.31,104,8.25,False,False,False,False,False
FINCABLES.NS,Finolex Cables Limited,Electrical Equipment & Parts,Industrials,False,Cash,1,Stage 2,Stage 2,Clean Stage 2,0.9,"Price is above rising key averages, weekly structure is supportive, and the stock is near its 52-week high.",,,2026-10-07,,watchlist,weekly_watchlist,watchlist,40.88,37.6,39.4,10.0,40.88,37.6,49.4,41.59,67.18,1338795662.31,"Stage 2, Clean Stage 2, trend_template_ok, volume_dryup, weekly_volume_dryup",90,112,Stage 2,watchlist,weekly_watchlist,49.4,22,0.0,False,False,False,False,False
HERITGFOOD.NS,Heritage Foods Limited,Packaged Foods,Consumer Defensive,False,Cash,1,Stage 2,Stage 2,Early Stage 2,0.72,"Price has moved above long-term structure, but the full moving-average stack is not clean yet.",,,2026-10-07,,watchlist,weekly_forming,watchlist,39.13,57.43,47.37,2.0,39.13,57.43,49.37,24.11,16.15,190808012.98,"Stage 2, Early Stage 2, daily_vcp_ok, weekly_vcp_ok, volume_dryup, weekly_volume_dryup, weekly_strong",91,79,Stage 2,watchlist,weekly_near_pivot,52.91,-12,-3.539999999999999,False,False,False,False,False
PRECWIRE.NS,Precision Wires India Limited,Electrical Equipment & Parts,Industrials,False,Cash,1,Stage 2,Stage 2,Extended Stage 2,0.78,"Advancing structure remains intact, but price is stretched versus key moving averages or far above the 52-week low.",,,2026-10-07,,watchlist,weekly_watchlist,watchlist,39.81,38.8,39.36,10.0,39.81,38.8,49.36,35.74,50.11,303775717.48,"Stage 2, Extended Stage 2, trend_template_ok, volume_dryup, weekly_volume_dryup",92,116,Stage 2,watchlist,weekly_watchlist,49.22,24,0.14000000000000057,False,False,False,False,False
TATVA.NS,Tatva Chintan Pharma Chem Limited,Specialty Chemicals,Basic Materials,False,Cash,1,Stage 2,Stage 2,Clean Stage 2,0.9,"Price is above rising key averages, weekly structure is supportive, and the stock is near its 52-week high.",,,2026-10-07,,watchlist,weekly_watchlist,watchlist,42.64,35.2,39.29,10.0,42.64,35.2,49.29,39.72,52.06,155276684.4,"Stage 2, Clean Stage 2, trend_template_ok",93,138,Stage 2,watchlist,weekly_watchlist,46.44,45,2.8500000000000014,False,False,False,False,False
NEULANDLAB.NS,Neuland Laboratories Limited,Drug Manufacturers - Specialty & Generic,Healthcare,False,Cash,1,Stage 2,Stage 2,Early Stage 2,0.72,"Price has moved above long-term structure, but the full moving-average stack is not clean yet.",,,2026-10-07,,watchlist,weekly_forming,watchlist,17.89,64.47,38.85,10.0,17.89,64.47,48.85,18.86,47.88,1053666017.75,"Stage 2, Early Stage 2, weekly_vcp_ok, volume_dryup, weekly_volume_dryup, weekly_strong",94,104,Stage 2,watchlist,weekly_forming,50.3,10,-1.4499999999999957,False,False,False,False,False
RAIN.NS,Rain Industries Limited,Specialty Chemicals,Basic Materials,False,Cash,1,Stage 2,Stage 2,Early Stage 2,0.72,"Price has moved above long-term structure, but the full moving-average stack is not clean yet.",,,2026-10-07,,watchlist,weekly_watchlist,watchlist,42.69,34.0,38.78,10.0,42.69,34.0,48.78,11.63,68.45,666790104.82,"Stage 2, Early Stage 2, volume_dryup, weekly_volume_dryup",95,102,Stage 2,watchlist,weekly_watchlist,50.5,7,-1.7199999999999989,False,False,False,False,False
VARROC.NS,Varroc Engineering Limited,Auto Parts,Consumer Cyclical,False,Cash,1,Stage 2,Stage 2,Early Stage 2,0.72,"Price has moved above long-term structure, but the full moving-average stack is not clean yet.",,,2026-10-07,,watchlist,weekly_forming,watchlist,25.55,65.8,43.66,5.0,25.55,65.8,48.66,28.83,56.47,219590081.15,"Stage 2, Early Stage 2, weekly_vcp_ok, volume_dryup, weekly_volume_dryup, weekly_strong",96,47,Stage 2,watchlist,weekly_forming,58.56,-49,-9.900000000000006,False,False,False,False,False
WOCKPHARMA.NS,Wockhardt Limited,Drug Manufacturers - Specialty & Generic,Healthcare,False,Cash,1,Stage 2,Stage 2,Early Stage 2,0.72,"Price has moved above long-term structure, but the full moving-average stack is not clean yet.",,,2026-10-07,,watchlist,weekly_forming,watchlist,17.34,64.45,38.54,10.0,17.34,64.45,48.54,17.83,56.69,2068395725.22,"Stage 2, Early Stage 2, weekly_vcp_ok, volume_dryup, weekly_volume_dryup, weekly_strong",97,38,Stage 2,watchlist,weekly_forming,60.21,-59,-11.670000000000002,False,False,False,False,False
APLLTD.NS,Alembic Pharmaceuticals Limited,Drug Manufacturers - Specialty & Generic,Healthcare,False,Cash,1,Stage 2 Failed,Not Sure,Failed Stage 2,0.72,"This stock was recently Stage 2, but the latest structure no longer satisfies Stage 2 rules. It is kept as Stage 2 Failed until a fresh base/repair structure forms.",Recent Stage 2 break; public stage held as Stage 2 Failed.,2026-10-08,2026-10-07,,watchlist,weekly_watchlist,watchlist,22.58,57.28,38.2,10.0,22.58,57.28,48.2,5.92,17.92,197775635.69,"Not Sure, Not Sure, weekly_vcp_ok, weekly_strong | Stage 2 failed state applied from stage memory.",98,52,Stage 2,watchlist,weekly_breakout,57.5,-46,-9.299999999999997,False,False,False,False,False
CRISIL.NS,CRISIL Limited,Financial Services,Financial Services,False,Cash,1,Stage 2,Stage 2,Early Stage 2,0.72,"Price has moved above long-term structure, but the full moving-average stack is not clean yet.",,,2026-10-07,,watchlist,weekly_forming,watchlist,36.75,61.03,47.68,0.0,36.75,61.03,47.68,15.89,16.45,188265130.78,"Stage 2, Early Stage 2, daily_vcp_ok, weekly_vcp_ok, volume_dryup, weekly_volume_dryup, weekly_strong",99,90,Stage 2,watchlist,weekly_near_pivot,51.64,-9,-3.960000000000001,False,False,False,False,False
MAXESTATES.NS,Max Estates Limited,Real Estate,Real Estate,False,Cash,1,Stage 2,Stage 2,Stage 2,0.76,Advancing structure detected.,,,2026-10-07,,watchlist,weekly_breakout,watchlist,32.26,65.28,47.12,0.0,32.26,65.28,47.12,26.46,48.29,109551192.54,"Stage 2, Stage 2, trend_template_ok, weekly_vcp_ok, weekly_volume_dryup, weekly_strong",100,118,Stage 2,watchlist,weekly_breakout,49.04,18,-1.9200000000000017,False,False,False,False,False
LLOYDSENGG.NS,LLOYDS ENGINEERING WORKS LIMITED,Specialty Industrial Machinery,Industrials,False,Cash,1,Stage 2,Stage 2,Clean Stage 2,0.9,"Price is above rising key averages, weekly structure is supportive, and the stock is near its 52-week high.",,,2026-10-07,,watchlist,weekly_watchlist,watchlist,39.62,34.0,37.09,10.0,39.62,34.0,47.09,18.22,88.44,1350241649.31,"Stage 2, Clean Stage 2, trend_template_ok",101,139,Stage 2,watchlist,weekly_watchlist,46.43,38,0.6600000000000037,False,False,False,False,False
IPCALAB.NS,IPCA Laboratories Limited,Drug Manufacturers - Specialty & Generic,Healthcare,False,Cash,1,Stage 2,Stage 2,Clean Stage 2,0.9,"Price is above rising key averages, weekly structure is supportive, and the stock is near its 52-week high.",,,2026-10-07,,watchlist,weekly_watchlist,watchlist,42.23,30.23,36.83,10.0,42.23,30.23,46.83,13.85,40.46,475957529.83,"Stage 2, Clean Stage 2, trend_template_ok, volume_dryup, weekly_volume_dryup",102,151,Stage 2,watchlist,weekly_watchlist,45.1,49,1.7299999999999969,False,False,False,False,False
RRKABEL.NS,R R Kabel Limited,Electrical Equipment & Parts,Industrials,False,Cash,1,Stage 2,Stage 2,Clean Stage 2,0.9,"Price is above rising key averages, weekly structure is supportive, and the stock is near its 52-week high.",,,2026-10-07,,watchlist,weekly_watchlist,watchlist,39.59,33.2,36.71,10.0,39.59,33.2,46.71,23.13,93.14,804149540.28,"Stage 2, Clean Stage 2, trend_template_ok, volume_dryup, weekly_volume_dryup",103,136,Stage 2,watchlist,weekly_watchlist,46.67,33,0.03999999999999915,False,False,False,False,False
NEOGEN.NS,Neogen Chemicals Limited,Specialty Chemicals,Basic Materials,False,Cash,1,Stage 2,Stage 2,Clean Stage 2,0.9,"Price is above rising key averages, weekly structure is supportive, and the stock is near its 52-week high.",,,2026-10-07,,watchlist,weekly_watchlist,watchlist,40.25,31.6,36.36,10.0,40.25,31.6,46.36,19.04,65.82,465589557.18,"Stage 2, Clean Stage 2, trend_template_ok, volume_dryup, weekly_volume_dryup",104,140,Stage 2,watchlist,weekly_watchlist,46.14,36,0.21999999999999886,False,False,False,False,False
GPPL.NS,Gujarat Pipavav Port Limited,Marine Shipping,Industrials,False,Cash,1,Stage 1,Stage 1,Stage 1 - Early Turn,0.66,The stock is improving from a repair/base area but has not confirmed a clean Stage 2 yet.,,,,,watchlist,weekly_watchlist,watchlist,33.07,39.94,36.16,10.0,33.07,39.94,46.16,21.75,16.66,226410376.23,"Stage 1, Stage 1 - Early Turn, daily_vcp_ok, weekly_vcp_ok, volume_dryup, weekly_volume_dryup, stage1_needs_more_base",105,213,Stage 1,watchlist,weekly_watchlist,39.54,108,6.619999999999997,False,False,False,False,False
BOSCH-HCIL.NS,BOSCH HOME COMFORT INDIA LIMITED,"Furnishings, Fixtures & Appliances",Consumer Cyclical,False,Cash,1,Stage 2,Stage 2,Clean Stage 2,0.9,"Price is above rising key averages, weekly structure is supportive, and the stock is near its 52-week high.",,,2026-10-07,,watchlist,weekly_forming,watchlist,41.18,52.1,46.09,0.0,41.18,52.1,46.09,53.53,50.36,107003721.42,"Stage 2, Clean Stage 2, trend_template_ok, weekly_vcp_ok",106,164,Stage 2,watchlist,weekly_forming,44.0,58,2.0900000000000034,False,False,False,False,False
SMLMAH.NS,SML Mahindra Limited,Auto Manufacturers,Consumer Cyclical,False,Cash,1,Stage 2,Stage 2,Early Stage 2,0.72,"Price has moved above long-term structure, but the full moving-average stack is not clean yet.",,,2026-10-07,,watchlist,weekly_near_pivot,watchlist,19.34,73.8,43.85,2.0,19.34,73.8,45.85,51.3,42.75,329441898.25,"Stage 2, Early Stage 2, weekly_vcp_ok, volume_dryup, weekly_volume_dryup, weekly_strong",107,51,Stage 2,watchlist,weekly_breakout,57.72,-56,-11.869999999999997,False,False,False,False,False
USHAMART.NS,Usha Martin Limited,Steel,Basic Materials,False,Cash,1,Stage 2,Stage 2,Clean Stage 2,0.9,"Price is above rising key averages, weekly structure is supportive, and the stock is near its 52-week high.",,,2026-10-07,,watchlist,weekly_near_pivot,watchlist,17.78,68.93,40.8,5.0,17.78,68.93,45.8,10.3,21.03,519475715.4,"Stage 2, Clean Stage 2, weekly_vcp_ok, volume_dryup, weekly_volume_dryup, weekly_strong",108,99,Stage 2,watchlist,weekly_near_pivot,51.0,-9,-5.200000000000003,False,False,False,False,False
KPIL.NS,Kalpataru Projects International Limited,Engineering & Construction,Industrials,False,Cash,1,Stage 2,Stage 2,Clean Stage 2,0.9,"Price is above rising key averages, weekly structure is supportive, and the stock is near its 52-week high.",,,2026-10-07,,forming_vcp,weekly_watchlist,watchlist,58.35,29.65,45.44,0.0,58.35,29.65,45.44,12.62,23.92,235330526.88,"Stage 2, Clean Stage 2, trend_template_ok, daily_vcp_ok, volume_dryup",109,91,Stage 2,near_pivot,weekly_watchlist,51.62,-18,-6.18,False,False,False,False,False
TDPOWERSYS.NS,TD Power Systems Limited,Specialty Industrial Machinery,Industrials,False,Cash,1,Stage 2,Stage 2,Extended Stage 2,0.78,"Advancing structure remains intact, but price is stretched versus key moving averages or far above the 52-week low.",,,2026-10-07,,watchlist,weekly_watchlist,watchlist,36.5,34.0,35.38,10.0,36.5,34.0,45.38,49.36,71.0,2552240386.4,"Stage 2, Extended Stage 2, trend_template_ok",110,147,Stage 2,watchlist,weekly_watchlist,45.42,37,-0.03999999999999915,False,False,False,False,False
GESHIP.NS,The Great Eastern Shipping Company Limited,Marine Shipping,Industrials,False,Cash,1,Stage 2,Stage 2,Early Stage 2,0.72,"Price has moved above long-term structure, but the full moving-average stack is not clean yet.",,,2026-10-07,,watchlist,weekly_watchlist,watchlist,49.03,18.12,35.12,10.0,49.03,18.12,45.12,17.14,20.05,1311290664.71,"Stage 2, Early Stage 2, weekly_volume_dryup",111,214,Stage 2,watchlist,weekly_watchlist,39.5,103,5.619999999999997,False,False,False,False,False
CYIENTDLM.NS,Cyient DLM Limited,Electronic Components,Technology,False,Cash,1,Stage 2,Stage 2,Extended Stage 2,0.78,"Advancing structure remains intact, but price is stretched versus key moving averages or far above the 52-week low.",,,2026-10-07,,watchlist,weekly_watchlist,watchlist,38.83,30.4,35.04,10.0,38.83,30.4,45.04,92.39,199.32,430147530.0,"Stage 2, Extended Stage 2, trend_template_ok, volume_dryup",112,123,Stage 2,watchlist,weekly_watchlist,47.85,11,-2.8100000000000023,False,False,False,False,False
AEROFLEX.NS,Aeroflex Industries Limited,Metal Fabrication,Industrials,False,Cash,1,Stage 2,Stage 2,Extended Stage 2,0.78,"Advancing structure remains intact, but price is stretched versus key moving averages or far above the 52-week low.",,,2026-10-07,,watchlist,weekly_watchlist,watchlist,38.45,30.8,35.01,10.0,38.45,30.8,45.01,36.9,86.1,668513369.21,"Stage 2, Extended Stage 2, trend_template_ok, volume_dryup, weekly_volume_dryup",113,120,Stage 2,watchlist,weekly_watchlist,48.26,7,-3.25,False,False,False,False,False
AZAD.NS,Azad Engineering Limited,Specialty Industrial Machinery,Industrials,False,Cash,1,Stage 2,Stage 2,Clean Stage 2,0.9,"Price is above rising key averages, weekly structure is supportive, and the stock is near its 52-week high.",,,2026-10-07,,watchlist,weekly_watchlist,watchlist,36.5,32.8,34.84,10.0,36.5,32.8,44.84,28.69,62.29,2916561719.5,"Stage 2, Clean Stage 2, trend_template_ok",114,156,Stage 2,watchlist,weekly_watchlist,44.84,42,0.0,False,False,False,False,False
PVRINOX.NS,PVR INOX Limited,Communication Services,Communication Services,False,Cash,1,Stage 2,Stage 2,Clean Stage 2,0.9,"Price is above rising key averages, weekly structure is supportive, and the stock is near its 52-week high.",,,2026-10-07,,watchlist,weekly_watchlist,watchlist,36.12,44.2,39.76,5.0,36.12,44.2,44.76,37.6,45.04,910453314.73,"Stage 2, Clean Stage 2, trend_template_ok",115,166,Stage 2,watchlist,weekly_watchlist,43.91,51,0.8500000000000014,False,False,False,False,False
YATHARTH.NS,Yatharth Hospital & Trauma Care Services Limited,Medical Care Facilities,Healthcare,False,Cash,1,Stage 2,Stage 2,Stage 2,0.76,Advancing structure detected.,,,2026-10-07,,forming_vcp,weekly_watchlist,watchlist,59.84,26.15,44.68,0.0,59.84,26.15,44.68,30.54,38.97,934563051.44,"Stage 2, Stage 2, trend_template_ok, daily_vcp_ok, volume_dryup, weekly_volume_dryup",116,153,Stage 2,forming_vcp,weekly_watchlist,44.92,37,-0.240000000000002,False,False,False,False,False
ETERNAL.NS,ETERNAL LIMITED,Consumer Cyclical,Consumer Cyclical,True,F&O,1,Stage 2,Stage 2,Early Stage 2,0.72,"Price has moved above long-term structure, but the full moving-average stack is not clean yet.",,,2026-10-07,,watchlist,weekly_near_pivot,watchlist,19.17,71.13,42.55,2.0,19.17,71.13,44.55,19.66,33.61,6553259418.06,"Stage 2, Early Stage 2, weekly_vcp_ok, weekly_volume_dryup, weekly_strong",117,65,Stage 2,watchlist,weekly_near_pivot,54.83,-52,-10.280000000000001,False,False,False,False,False
SUNDRMFAST.NS,Sundram Fasteners Limited,Auto Parts,Consumer Cyclical,False,Cash,1,Stage 2,Stage 2,Early Stage 2,0.72,"Price has moved above long-term structure, but the full moving-average stack is not clean yet.",,,2026-10-07,,watchlist,weekly_forming,watchlist,19.05,64.59,39.54,5.0,19.05,64.59,44.54,23.64,44.23,197961465.48,"Stage 2, Early Stage 2, weekly_vcp_ok, volume_dryup, weekly_volume_dryup, weekly_strong",118,150,Stage 2,watchlist,weekly_forming,45.12,32,-0.5799999999999983,False,False,False,False,False
AETHER.NS,Aether Industries Limited,Specialty Chemicals,Basic Materials,False,Cash,1,Stage 2,Stage 2,Clean Stage 2,0.9,"Price is above rising key averages, weekly structure is supportive, and the stock is near its 52-week high.",,,2026-10-07,,watchlist,weekly_watchlist,watchlist,36.62,31.6,34.36,10.0,36.62,31.6,44.36,29.29,54.24,601745496.57,"Stage 2, Clean Stage 2, trend_template_ok",119,162,Stage 2,watchlist,weekly_watchlist,44.36,43,0.0,False,False,False,False,False
CENTUM.NS,Centum Electronics Limited,Electronic Components,Technology,False,Cash,1,Stage 2,Stage 2,Stage 2,0.76,Advancing structure detected.,,,2026-10-07,,watchlist,weekly_watchlist,watchlist,38.56,29.09,34.3,10.0,38.56,29.09,44.3,22.67,52.28,484511852.34,"Stage 2, Stage 2, trend_template_ok, weekly_volume_dryup",120,144,Stage 2,watchlist,weekly_watchlist,45.83,24,-1.5300000000000011,False,False,False,False,False
SOTL.NS,Savita Oil Technologies Limited,Specialty Chemicals,Basic Materials,False,Cash,1,Stage 2,Stage 2,Extended Stage 2,0.78,"Advancing structure remains intact, but price is stretched versus key moving averages or far above the 52-week low.",,,2026-10-07,,watchlist,weekly_watchlist,watchlist,39.88,27.2,34.17,10.0,39.88,27.2,44.17,40.98,118.29,268981609.04,"Stage 2, Extended Stage 2, trend_template_ok, volume_dryup, weekly_volume_dryup",121,127,Stage 2,watchlist,weekly_watchlist,47.75,6,-3.5799999999999983,False,False,False,False,False
UNIVCABLES.NS,Universal Cables Limited,Electrical Equipment & Parts,Industrials,False,Cash,1,Stage 2,Stage 2,Extended Stage 2,0.78,"Advancing structure remains intact, but price is stretched versus key moving averages or far above the 52-week low.",,,2026-10-07,,watchlist,weekly_watchlist,watchlist,40.75,26.0,34.11,10.0,40.75,26.0,44.11,36.51,101.8,169017362.55,"Stage 2, Extended Stage 2, trend_template_ok, volume_dryup, weekly_volume_dryup",122,158,Stage 2,watchlist,weekly_watchlist,44.68,36,-0.5700000000000003,False,False,False,False,False
SETL.NS,Standard Engineering Technology Limited,Specialty Industrial Machinery,Industrials,False,Cash,1,Stage 2,Stage 2,Extended Stage 2,0.78,"Advancing structure remains intact, but price is stretched versus key moving averages or far above the 52-week low.",,,2026-10-07,,watchlist,weekly_watchlist,watchlist,38.48,28.4,33.94,10.0,38.48,28.4,43.94,57.27,211.44,323337680.9,"Stage 2, Extended Stage 2, trend_template_ok, volume_dryup, weekly_volume_dryup",123,146,Stage 2,watchlist,weekly_watchlist,45.47,23,-1.5300000000000011,False,False,False,False,False
AXISCADES.NS,AXISCADES Technologies Limited,Engineering & Construction,Industrials,False,Cash,1,Stage 2,Stage 2,Clean Stage 2,0.9,"Price is above rising key averages, weekly structure is supportive, and the stock is near its 52-week high.",,,2026-10-07,,watchlist,weekly_watchlist,watchlist,53.74,31.79,43.86,0.0,53.74,31.79,43.86,34.99,22.95,611503319.74,"Stage 2, Clean Stage 2, trend_template_ok, weekly_volume_dryup",124,161,Stage 2,watchlist,weekly_watchlist,44.36,37,-0.5,False,False,False,False,False
SKYGOLD.NS,SKY GOLD AND DIAMONDS LIMITED,Luxury Goods,Consumer Cyclical,False,Cash,1,Stage 2,Stage 2,Extended Stage 2,0.78,"Advancing structure remains intact, but price is stretched versus key moving averages or far above the 52-week low.",,,2026-10-07,,watchlist,weekly_watchlist,watchlist,40.88,36.4,38.86,5.0,40.88,36.4,43.86,51.28,113.2,833534345.65,"Stage 2, Extended Stage 2, trend_template_ok",125,176,Stage 2,watchlist,weekly_watchlist,42.9,51,0.9600000000000009,False,False,False,False,False
AEGISLOG.NS,Aegis Logistics Limited,Oil & Gas Refining & Marketing,Energy,False,Cash,1,Stage 2,Stage 2,Extended Stage 2,0.78,"Advancing structure remains intact, but price is stretched versus key moving averages or far above the 52-week low.",,,2026-10-07,,watchlist,weekly_watchlist,watchlist,41.26,24.8,33.85,10.0,41.26,24.8,43.85,21.23,118.06,1284095334.24,"Stage 2, Extended Stage 2, trend_template_ok, volume_dryup",126,109,Stage 2,watchlist,weekly_watchlist,49.92,-17,-6.07,False,False,False,False,False
RAMRAT.NS,Ram Ratna Wires Limited,Electrical Equipment & Parts,Industrials,False,Cash,1,Stage 2,Stage 2,Extended Stage 2,0.78,"Advancing structure remains intact, but price is stretched versus key moving averages or far above the 52-week low.",,,2026-10-07,,watchlist,weekly_watchlist,watchlist,36.61,30.4,33.82,10.0,36.61,30.4,43.82,53.18,85.1,192183500.08,"Stage 2, Extended Stage 2, trend_template_ok",127,203,Stage 2,watchlist,weekly_watchlist,40.44,76,3.3800000000000026,False,False,False,False,False
CHENNPETRO.NS,Chennai Petroleum Corporation Limited,Oil & Gas Refining & Marketing,Energy,False,Cash,1,Stage 2,Stage 2,Extended Stage 2,0.78,"Advancing structure remains intact, but price is stretched versus key moving averages or far above the 52-week low.",,,2026-10-07,,watchlist,weekly_watchlist,watchlist,41.0,24.8,33.71,10.0,41.0,24.8,43.71,51.99,70.26,3992471139.49,"Stage 2, Extended Stage 2, trend_template_ok",128,130,Stage 2,watchlist,weekly_watchlist,47.31,2,-3.6000000000000014,False,False,False,False,False
COHANCE.NS,Cohance Lifesciences Limited,Drug Manufacturers - Specialty & Generic,Healthcare,False,Cash,1,Not Sure,Not Sure,Not Sure,0.0,Stage rules did not identify a reliable structure.,No confident stage classification.,,,,watchlist,weekly_watchlist,watchlist,20.62,49.6,33.66,10.0,20.62,49.6,43.66,6.52,31.49,522694286.95,"Not Sure, Not Sure, weekly_vcp_ok, volume_dryup, weekly_volume_dryup, weekly_strong",129,200,Stage 1,watchlist,weekly_watchlist,40.64,71,3.019999999999996,False,False,False,False,False
ROSSTECH.NS,Rossell Techsys Limited,Aerospace & Defense,Industrials,False,Cash,1,Stage 2,Stage 2,Extended Stage 2,0.78,"Advancing structure remains intact, but price is stretched versus key moving averages or far above the 52-week low.",,,2026-10-07,,watchlist,weekly_watchlist,watchlist,46.0,29.6,38.62,5.0,46.0,29.6,43.62,59.66,71.0,720237641.73,"Stage 2, Extended Stage 2, trend_template_ok, volume_dryup, weekly_volume_dryup",130,168,Stage 2,watchlist,weekly_watchlist,43.76,38,-0.14000000000000057,False,False,False,False,False
MARINE.NS,Marine Electricals (India) Limited,Electrical Equipment & Parts,Industrials,False,Cash,1,Stage 2,Stage 2,Extended Stage 2,0.78,"Advancing structure remains intact, but price is stretched versus key moving averages or far above the 52-week low.",,,2026-10-07,,watchlist,weekly_watchlist,watchlist,36.12,30.4,33.55,10.0,36.12,30.4,43.55,85.64,126.09,1024155403.48,"Stage 2, Extended Stage 2, trend_template_ok",131,207,Stage 2,watchlist,weekly_watchlist,39.95,76,3.5999999999999943,False,False,False,False,False
ACMESOLAR.NS,Acme Solar Holdings Limited,Utilities - Renewable,Utilities,False,Cash,1,Stage 2,Stage 2,Clean Stage 2,0.9,"Price is above rising key averages, weekly structure is supportive, and the stock is near its 52-week high.",,,2026-10-07,,forming_vcp,weekly_watchlist,watchlist,61.47,21.51,43.49,0.0,61.47,21.51,43.49,17.47,53.61,1046790765.11,"Stage 2, Clean Stage 2, trend_template_ok, daily_vcp_ok, volume_dryup, weekly_volume_dryup",132,171,Stage 2,forming_vcp,weekly_watchlist,43.7,39,-0.21000000000000085,False,False,False,False,False
DIACABS.NS,Diamond Power Infrastructure Limited,Specialty Industrial Machinery,Industrials,False,Cash,1,Stage 2,Stage 2,Extended Stage 2,0.78,"Advancing structure remains intact, but price is stretched versus key moving averages or far above the 52-week low.",,,2026-10-07,,watchlist,weekly_watchlist,watchlist,41.54,23.6,33.47,10.0,41.54,23.6,43.47,73.47,158.17,297519777.14,"Stage 2, Extended Stage 2, trend_template_ok, volume_dryup, weekly_volume_dryup",133,174,Stage 2,watchlist,weekly_watchlist,43.17,41,0.29999999999999716,False,False,False,False,False
MOTILALOFS.NS,Motilal Oswal Financial Services Limited,Capital Markets,Financial Services,True,F&O,1,Stage 2,Stage 2,Clean Stage 2,0.9,"Price is above rising key averages, weekly structure is supportive, and the stock is near its 52-week high.",,,2026-10-07,,watchlist,weekly_watchlist,watchlist,56.44,27.4,43.37,0.0,56.44,27.4,43.37,13.05,36.93,872627849.61,"Stage 2, Clean Stage 2, trend_template_ok",134,160,Stage 2,watchlist,weekly_watchlist,44.53,26,-1.1600000000000037,False,False,False,False,False
KOTAKBANK.NS,Kotak Mahindra Bank Limited,Banks - Regional,Financial Services,True,F&O,1,Stage 2,Stage 2,Early Stage 2,0.72,"Price has moved above long-term structure, but the full moving-average stack is not clean yet.",,,2026-10-07,,watchlist,weekly_breakout,watchlist,17.66,70.35,41.37,2.0,17.66,70.35,43.37,23.24,22.29,8337905679.55,"Stage 2, Early Stage 2, weekly_vcp_ok, weekly_strong",135,157,Stage 2,watchlist,weekly_breakout,44.74,22,-1.3700000000000045,False,False,False,False,False
WONDERLA.NS,Wonderla Holidays Limited,Consumer Cyclical,Consumer Cyclical,False,Cash,1,Stage 2,Stage 2,Early Stage 2,0.72,"Price has moved above long-term structure, but the full moving-average stack is not clean yet.",,,2026-10-07,,watchlist,weekly_forming,watchlist,26.59,59.38,41.35,2.0,26.59,59.38,43.35,16.44,-0.62,26410028.99,"Stage 2, Early Stage 2, weekly_vcp_ok, volume_dryup, weekly_volume_dryup, weekly_strong",136,121,Stage 2,watchlist,weekly_near_pivot,48.13,-15,-4.780000000000001,False,False,False,False,False
AVALON.NS,Avalon Technologies Limited,Electronic Components,Technology,False,Cash,1,Stage 2,Stage 2,Extended Stage 2,0.78,"Advancing structure remains intact, but price is stretched versus key moving averages or far above the 52-week low.",,,2026-10-07,,watchlist,weekly_watchlist,watchlist,38.07,27.2,33.18,10.0,38.07,27.2,43.18,39.85,116.26,1557723718.43,"Stage 2, Extended Stage 2, trend_template_ok, volume_dryup, weekly_volume_dryup",137,134,Stage 2,watchlist,weekly_watchlist,46.76,-3,-3.5799999999999983,False,False,False,False,False
CAPLIPOINT.NS,Caplin Point Laboratories Limited,Drug Manufacturers - Specialty & Generic,Healthcare,False,Cash,1,Stage 2,Stage 2,Early Stage 2,0.72,"Price has moved above long-term structure, but the full moving-average stack is not clean yet.",,,2026-10-07,,watchlist,weekly_watchlist,watchlist,41.61,22.69,33.1,10.0,41.61,22.69,43.1,4.18,54.73,490131465.38,"Stage 2, Early Stage 2, daily_vcp_ok, volume_dryup, weekly_volume_dryup",138,85,Stage 2,watchlist,weekly_watchlist,51.83,-53,-8.729999999999997,False,False,False,False,False
BLISSGVS.NS,Bliss GVS Pharma Limited,Drug Manufacturers - Specialty & Generic,Healthcare,False,Cash,1,Stage 2,Stage 2,Extended Stage 2,0.78,"Advancing structure remains intact, but price is stretched versus key moving averages or far above the 52-week low.",,,2026-10-07,,watchlist,weekly_watchlist,watchlist,39.88,24.8,33.09,10.0,39.88,24.8,43.09,35.56,167.25,250795556.31,"Stage 2, Extended Stage 2, trend_template_ok, weekly_volume_dryup",139,135,Stage 2,watchlist,weekly_watchlist,46.69,-4,-3.5999999999999943,False,False,False,False,False
ABDL.NS,Allied Blenders and Distillers Limited,Consumer Defensive,Consumer Defensive,False,Cash,1,Stage 2,Stage 2,Clean Stage 2,0.9,"Price is above rising key averages, weekly structure is supportive, and the stock is near its 52-week high.",,,2026-10-07,,watchlist,weekly_watchlist,watchlist,61.01,20.62,42.83,0.0,61.01,20.62,42.83,19.6,42.61,820975387.03,"Stage 2, Clean Stage 2, trend_template_ok, weekly_volume_dryup",140,180,Stage 2,watchlist,weekly_watchlist,42.62,40,0.21000000000000085,False,False,False,False,False
GOODLUCK.NS,Goodluck India Limited,Steel,Basic Materials,False,Cash,1,Stage 2,Stage 2,Stage 2,0.76,Advancing structure detected.,,,2026-10-07,,watchlist,weekly_watchlist,watchlist,44.39,29.58,37.73,5.0,44.39,29.58,42.73,2.69,33.15,226524191.62,"Stage 2, Stage 2, volume_dryup, weekly_volume_dryup",141,186,Stage 2,watchlist,weekly_watchlist,42.09,45,0.6399999999999935,False,False,False,False,False
BBOX.NS,Black Box Limited,Software - Application,Technology,False,Cash,1,Stage 2,Stage 2,Stage 2,0.76,Advancing structure detected.,,,2026-10-07,,watchlist,weekly_watchlist,watchlist,39.95,41.59,40.69,2.0,39.95,41.59,42.69,6.81,69.1,708095954.02,"Stage 2, Stage 2",142,189,Stage 2,watchlist,weekly_watchlist,41.95,47,0.7399999999999949,False,False,False,False,False
RPGLIFE.NS,RPG Life Sciences Limited,Drug Manufacturers - Specialty & Generic,Healthcare,False,Cash,1,Stage 2,Stage 2,Clean Stage 2,0.9,"Price is above rising key averages, weekly structure is supportive, and the stock is near its 52-week high.",,,2026-10-07,,watchlist,weekly_watchlist,watchlist,39.22,24.31,32.51,10.0,39.22,24.31,42.51,7.76,55.32,112705022.48,"Stage 2, Clean Stage 2, weekly_volume_dryup",143,58,Stage 2,watchlist,weekly_watchlist,56.08,-85,-13.57,False,False,False,False,False
NAVINFLUOR.NS,Navin Fluorine International Limited,Chemicals,Basic Materials,False,Cash,1,Stage 2,Stage 2,Clean Stage 2,0.9,"Price is above rising key averages, weekly structure is supportive, and the stock is near its 52-week high.",,,2026-10-07,,watchlist,weekly_watchlist,watchlist,39.62,34.52,37.33,5.0,39.62,34.52,42.33,19.12,42.07,880916423.05,"Stage 2, Clean Stage 2, trend_template_ok, volume_dryup, weekly_volume_dryup",144,190,Stage 2,watchlist,weekly_watchlist,41.84,46,0.4899999999999949,False,False,False,False,False
SBCL.NS,Shivalik Bimetal Controls Limited,Metal Fabrication,Industrials,False,Cash,1,Stage 2,Stage 2,Extended Stage 2,0.78,"Advancing structure remains intact, but price is stretched versus key moving averages or far above the 52-week low.",,,2026-10-07,,watchlist,weekly_watchlist,watchlist,40.0,22.4,32.08,10.0,40.0,22.4,42.08,50.54,111.96,244273755.95,"Stage 2, Extended Stage 2, trend_template_ok, volume_dryup, weekly_volume_dryup",145,187,Stage 2,watchlist,weekly_watchlist,42.08,42,0.0,False,False,False,False,False
DCBBANK.NS,DCB Bank Limited,Banks - Regional,Financial Services,False,Cash,1,Stage 2,Stage 2,Early Stage 2,0.72,"Price has moved above long-term structure, but the full moving-average stack is not clean yet.",,,2026-10-07,,watchlist,weekly_near_pivot,watchlist,15.62,69.48,39.86,2.0,15.62,69.48,41.86,13.06,12.78,229572491.63,"Stage 2, Early Stage 2, weekly_vcp_ok, volume_dryup, weekly_volume_dryup, weekly_strong",146,185,Stage 2,watchlist,weekly_near_pivot,42.15,39,-0.28999999999999915,False,False,False,False,False
INOXINDIA.NS,INOX India Limited,Specialty Industrial Machinery,Industrials,False,Cash,1,Stage 2,Stage 2,Early Stage 2,0.72,"Price has moved above long-term structure, but the full moving-average stack is not clean yet.",,,2026-10-07,,watchlist,weekly_watchlist,watchlist,39.97,21.79,31.79,10.0,39.97,21.79,41.79,18.28,43.65,592803332.53,"Stage 2, Early Stage 2, daily_vcp_ok, volume_dryup, weekly_volume_dryup",147,82,Stage 2,forming_vcp,weekly_watchlist,52.22,-65,-10.43,False,False,False,False,False
LICHSGFIN.NS,LIC Housing Finance Limited,Mortgage Finance,Financial Services,True,F&O,1,Stage 2 Failed,Stage 2,Failed Stage 2,0.7,Failed Stage 2 cooling period is still active; waiting for a fresh base or confirmed reclaim.,Failed Stage 2 hold period active.,,2026-09-30,,watchlist,weekly_forming,watchlist,38.34,45.86,41.72,0.0,38.34,45.86,41.72,7.83,9.78,2036469945.31,"Stage 2, Early Stage 2, weekly_vcp_ok | Failed Stage 2 hold period active.",148,537,Stage 2 Failed,watchlist,weekly_watchlist,19.91,389,21.81,False,False,False,False,False
WELSPUNLIV.NS,Welspun Living Limited,Textile Manufacturing,Consumer Cyclical,False,Cash,1,Stage 2,Stage 2,Extended Stage 2,0.78,"Advancing structure remains intact, but price is stretched versus key moving averages or far above the 52-week low.",,,2026-10-07,,watchlist,weekly_watchlist,watchlist,38.34,23.6,31.71,10.0,38.34,23.6,41.71,44.95,89.22,1094345303.84,"Stage 2, Extended Stage 2, trend_template_ok, volume_dryup, weekly_volume_dryup",149,100,Stage 2,watchlist,weekly_watchlist,50.98,-49,-9.269999999999996,False,False,False,False,False
SOLARINDS.NS,Solar Industries India Limited,Specialty Chemicals,Basic Materials,True,F&O,1,Stage 2,Stage 2,Early Stage 2,0.72,"Price has moved above long-term structure, but the full moving-average stack is not clean yet.",,,2026-10-07,,watchlist,weekly_watchlist,watchlist,39.98,21.29,31.57,10.0,39.98,21.29,41.57,16.88,39.99,4899620532.75,"Stage 2, Early Stage 2, daily_vcp_ok, volume_dryup, weekly_volume_dryup",150,92,Stage 2,forming_vcp,weekly_watchlist,51.56,-58,-9.990000000000002,False,False,False,False,False
DEEPINDS.NS,Deep Industries Limited,Energy,Energy,False,Cash,1,Stage 2,Stage 2,Extended Stage 2,0.78,"Advancing structure remains intact, but price is stretched versus key moving averages or far above the 52-week low.",,,2026-10-07,,watchlist,weekly_watchlist,watchlist,39.62,32.8,36.55,5.0,39.62,32.8,41.55,75.81,69.4,239406800.33,"Stage 2, Extended Stage 2, trend_template_ok, volume_dryup, weekly_volume_dryup",151,117,Stage 2,watchlist,weekly_watchlist,49.2,-34,-7.650000000000006,False,False,False,False,False
UNICHEMLAB.NS,Unichem Laboratories Limited,Drug Manufacturers - Specialty & Generic,Healthcare,False,Cash,1,Stage 2,Stage 2,Messy Stage 2,0.64,"Long-term structure is still constructive, but the short-term/weekly structure is not clean.",,,2026-10-07,,watchlist,weekly_watchlist,watchlist,34.97,27.35,31.54,10.0,34.97,27.35,41.54,-2.91,60.38,168384669.91,"Stage 2, Messy Stage 2, weekly_volume_dryup",152,192,Stage 2,watchlist,weekly_watchlist,41.36,40,0.17999999999999972,False,False,False,False,False
FMGOETZE.NS,Federal-Mogul Goetze (India) Limited.,Auto Parts,Consumer Cyclical,False,Cash,1,Stage 2,Stage 2,Early Stage 2,0.72,"Price has moved above long-term structure, but the full moving-average stack is not clean yet.",,,2026-10-07,,watchlist,weekly_forming,watchlist,15.02,62.8,36.52,5.0,15.02,62.8,41.52,17.73,21.24,81117598.98,"Stage 2, Early Stage 2, weekly_vcp_ok, volume_dryup, weekly_volume_dryup, weekly_strong",153,194,Stage 2,watchlist,weekly_forming,41.19,41,0.3300000000000054,False,False,False,False,False
PAYTM.NS,One 97 Communications Limited,Software - Infrastructure,Technology,True,F&O,1,Stage 2,Stage 2,Early Stage 2,0.72,"Price has moved above long-term structure, but the full moving-average stack is not clean yet.",,,2026-10-07,,watchlist,weekly_breakout,watchlist,21.77,65.52,41.46,0.0,21.77,65.52,41.46,26.99,50.24,8057127315.11,"Stage 2, Early Stage 2, weekly_vcp_ok, weekly_strong",154,89,Stage 2,watchlist,weekly_breakout,51.64,-65,-10.18,False,False,False,False,False
GALAXYSURF.NS,Galaxy Surfactants Limited,Specialty Chemicals,Basic Materials,False,Cash,1,Stage 2,Stage 2,Clean Stage 2,0.9,"Price is above rising key averages, weekly structure is supportive, and the stock is near its 52-week high.",,,2026-10-07,,watchlist,weekly_watchlist,watchlist,37.62,23.88,31.44,10.0,37.62,23.88,41.44,29.82,40.93,120036881.16,"Stage 2, Clean Stage 2, trend_template_ok",155,177,Stage 2,watchlist,weekly_watchlist,42.86,22,-1.4200000000000017,False,False,False,False,False
GODREJAGRO.NS,Godrej Agrovet Limited,Packaged Foods,Consumer Defensive,False,Cash,1,Stage 2,Stage 2,Clean Stage 2,0.9,"Price is above rising key averages, weekly structure is supportive, and the stock is near its 52-week high.",,,2026-10-07,,watchlist,weekly_breakout,watchlist,20.29,62.81,39.42,2.0,20.29,62.81,41.42,24.43,14.71,123068423.31,"Stage 2, Clean Stage 2, weekly_vcp_ok, volume_dryup, weekly_volume_dryup, weekly_strong",156,201,Stage 2,watchlist,weekly_breakout,40.6,45,0.8200000000000003,False,False,False,False,False
WSTCSTPAPR.NS,West Coast Paper Mills Limited,Basic Materials,Basic Materials,False,Cash,1,Stage 2,Stage 2,Clean Stage 2,0.9,"Price is above rising key averages, weekly structure is supportive, and the stock is near its 52-week high.",,,2026-10-07,,watchlist,weekly_watchlist,watchlist,56.9,22.4,41.38,0.0,56.9,22.4,41.38,43.77,50.17,152053358.32,"Stage 2, Clean Stage 2, trend_template_ok, volume_dryup, weekly_volume_dryup",157,155,Stage 2,watchlist,weekly_watchlist,44.87,-2,-3.489999999999995,False,False,False,False,False
PREMEXPLN.NS,Premier Explosives Limited,Specialty Chemicals,Basic Materials,False,Cash,1,Stage 2,Stage 2,Stage 2,0.76,Advancing structure detected.,,,2026-10-07,,watchlist,weekly_watchlist,watchlist,30.0,32.3,31.03,10.0,30.0,32.3,41.03,10.93,52.04,142972333.22,"Stage 2, Stage 2",158,206,Stage 2,watchlist,weekly_watchlist,39.96,48,1.0700000000000003,False,False,False,False,False
CUPID.NS,Cupid Limited,Household & Personal Products,Consumer Defensive,False,Cash,1,Stage 2,Stage 2,Extended Stage 2,0.78,"Advancing structure remains intact, but price is stretched versus key moving averages or far above the 52-week low.",,,2026-10-07,,watchlist,weekly_watchlist,watchlist,40.07,30.8,35.9,5.0,40.07,30.8,40.9,72.69,280.5,7404558629.23,"Stage 2, Extended Stage 2, trend_template_ok, weekly_volume_dryup",159,181,Stage 2,watchlist,weekly_watchlist,42.43,22,-1.5300000000000011,False,False,False,False,False
WHEELS.NS,Wheels India Limited,Auto Parts,Consumer Cyclical,False,Cash,1,Stage 2,Stage 2,Extended Stage 2,0.78,"Advancing structure remains intact, but price is stretched versus key moving averages or far above the 52-week low.",,,2026-10-07,,watchlist,weekly_watchlist,watchlist,43.0,27.2,35.89,5.0,43.0,27.2,40.89,58.43,123.45,483109632.81,"Stage 2, Extended Stage 2, trend_template_ok, volume_dryup, weekly_volume_dryup",160,198,Stage 2,watchlist,weekly_watchlist,40.89,38,0.0,False,False,False,False,False
MAHLOG.NS,Mahindra Logistics Limited,Industrials,Industrials,False,Cash,1,Stage 2,Stage 2,Early Stage 2,0.72,"Price has moved above long-term structure, but the full moving-average stack is not clean yet.",,,2026-10-07,,watchlist,weekly_forming,watchlist,36.7,45.7,40.75,0.0,36.7,45.7,40.75,11.46,4.57,85795719.42,"Stage 2, Early Stage 2, weekly_vcp_ok, weekly_volume_dryup",161,97,Stage 2,watchlist,weekly_forming,51.15,-64,-10.399999999999999,False,False,False,False,False
EMUDHRA.NS,eMudhra Limited,Software - Application,Technology,False,Cash,1,Stage 2,Stage 2,Early Stage 2,0.72,"Price has moved above long-term structure, but the full moving-average stack is not clean yet.",,,2026-10-07,,watchlist,weekly_breakout,watchlist,17.62,64.27,38.61,2.0,17.62,64.27,40.61,32.4,21.27,1526651118.89,"Stage 2, Early Stage 2, weekly_vcp_ok, volume_dryup, weekly_volume_dryup, weekly_strong",162,131,Stage 2,watchlist,weekly_breakout,47.25,-31,-6.640000000000001,False,False,False,False,False
PRICOLLTD.NS,Pricol Limited,Auto Parts,Consumer Cyclical,False,Cash,1,Stage 2,Stage 2,Early Stage 2,0.72,"Price has moved above long-term structure, but the full moving-average stack is not clean yet.",,,2026-10-07,,watchlist,weekly_forming,watchlist,14.29,61.09,35.35,5.0,14.29,61.09,40.35,13.59,19.36,300107356.42,"Stage 2, Early Stage 2, weekly_vcp_ok, weekly_strong",163,208,Stage 2,watchlist,weekly_forming,39.86,45,0.490000000000002,False,False,False,False,False
KRBL.NS,KRBL Limited,Packaged Foods,Consumer Defensive,False,Cash,1,Stage 2,Stage 2,Early Stage 2,0.72,"Price has moved above long-term structure, but the full moving-average stack is not clean yet.",,,2026-10-07,,watchlist,weekly_forming,watchlist,17.69,63.31,38.22,2.0,17.69,63.31,40.22,18.86,25.22,138307929.97,"Stage 2, Early Stage 2, weekly_vcp_ok, volume_dryup, weekly_volume_dryup, weekly_strong",164,95,Stage 2,watchlist,weekly_forming,51.24,-69,-11.020000000000003,False,False,False,False,False
ELLEN.NS,Ellenbarrie Industrial Gases Limited,Chemicals,Basic Materials,False,Cash,1,Stage 2,Stage 2,Stage 2,0.76,Advancing structure detected.,Stage 2 reclaimed after 3 confirmation runs.,,2026-10-07,,watchlist,weekly_forming,watchlist,13.62,61.37,35.11,5.0,13.62,61.37,40.11,30.61,49.08,487856864.48,"Stage 2, Stage 2, weekly_vcp_ok, weekly_volume_dryup, weekly_strong",165,170,Stage 2 Failed,watchlist,weekly_near_pivot,43.72,5,-3.6099999999999994,False,False,True,False,False
NPST.NS,Network People Services Technologies Limited,Software - Application,Technology,False,Cash,1,Stage 2,Stage 2,Clean Stage 2,0.9,"Price is above rising key averages, weekly structure is supportive, and the stock is near its 52-week high.",,,2026-10-07,,watchlist,weekly_watchlist,watchlist,41.93,33.42,38.1,2.0,41.93,33.42,40.1,20.55,53.63,436711529.42,"Stage 2, Clean Stage 2, trend_template_ok, volume_dryup, weekly_volume_dryup",166,175,Stage 2,watchlist,weekly_watchlist,43.04,9,-2.9399999999999977,False,False,False,False,False
AARTIPHARM.NS,Aarti Pharmalabs Limited,Drug Manufacturers - Specialty & Generic,Healthcare,False,Cash,1,Stage 2,Stage 2,Early Stage 2,0.72,"Price has moved above long-term structure, but the full moving-average stack is not clean yet.",,,2026-10-07,,watchlist,weekly_watchlist,watchlist,28.0,32.56,30.05,10.0,28.0,32.56,40.05,32.31,33.24,773701483.09,"Stage 2, Early Stage 2, volume_dryup, weekly_volume_dryup",167,217,Stage 2,watchlist,weekly_watchlist,39.3,50,0.75,False,False,False,False,False
RBLBANK.NS,RBL Bank Limited,Banks - Regional,Financial Services,True,F&O,1,Stage 2,Stage 2,Messy Stage 2,0.64,"Long-term structure is still constructive, but the short-term/weekly structure is not clean.",,,2026-10-07,,watchlist,weekly_watchlist,watchlist,35.29,41.1,37.9,2.0,35.29,41.1,39.9,14.45,34.53,1308020388.0,"Stage 2, Messy Stage 2, trend_template_ok, weekly_volume_dryup",168,219,Stage 2,watchlist,weekly_watchlist,39.16,51,0.740000000000002,False,False,False,False,False
TEGA.NS,Tega Industries Limited,Specialty Industrial Machinery,Industrials,False,Cash,1,Stage 2,Stage 2,Early Stage 2,0.72,"Price has moved above long-term structure, but the full moving-average stack is not clean yet.",,,2026-10-07,,watchlist,weekly_watchlist,watchlist,32.82,26.23,29.85,10.0,32.82,26.23,39.85,22.94,23.38,1828432578.87,"Stage 2, Early Stage 2, weekly_volume_dryup",169,197,Stage 2,watchlist,weekly_watchlist,40.94,28,-1.0899999999999963,False,False,False,False,False
CYIENT.NS,Cyient Limited,Conglomerates,Industrials,False,Cash,1,Stage 2,Stage 2,Early Stage 2,0.72,"Price has moved above long-term structure, but the full moving-average stack is not clean yet.",,,2026-10-07,,watchlist,weekly_forming,watchlist,20.66,63.29,39.84,0.0,20.66,63.29,39.84,35.36,19.49,589206280.57,"Stage 2, Early Stage 2, weekly_vcp_ok, volume_dryup, weekly_volume_dryup, weekly_strong",170,179,Stage 2,watchlist,weekly_forming,42.74,9,-2.8999999999999986,False,False,False,False,False
KARURVYSYA.NS,Karur Vysya Bank Limited,Banks - Regional,Financial Services,False,Cash,1,Stage 2,Stage 2,Early Stage 2,0.72,"Price has moved above long-term structure, but the full moving-average stack is not clean yet.",,,2026-10-07,,watchlist,weekly_forming,watchlist,17.73,62.24,37.76,2.0,17.73,62.24,39.76,18.91,25.48,579182324.82,"Stage 2, Early Stage 2, weekly_vcp_ok, weekly_strong",171,216,Stage 2,watchlist,weekly_forming,39.3,45,0.46000000000000085,False,False,False,False,False
GUJTHEM.NS,Gujarat Themis Biosyn Limited,Drug Manufacturers - Specialty & Generic,Healthcare,False,Cash,1,Stage 2,Stage 2,Early Stage 2,0.72,"Price has moved above long-term structure, but the full moving-average stack is not clean yet.",,,2026-10-07,,watchlist,weekly_watchlist,watchlist,31.49,27.59,29.73,10.0,31.49,27.59,39.73,7.26,28.65,125219122.96,"Stage 2, Early Stage 2, volume_dryup, weekly_volume_dryup",172,211,Stage 2,watchlist,weekly_watchlist,39.73,39,0.0,False,False,False,False,False
BEML.NS,BEML Limited,Conglomerates,Industrials,False,Cash,1,Stage 2,Stage 2,Early Stage 2,0.72,"Price has moved above long-term structure, but the full moving-average stack is not clean yet.",,,2026-10-07,,watchlist,weekly_near_pivot,watchlist,14.98,69.89,39.69,0.0,14.98,69.89,39.69,10.1,19.83,564223773.68,"Stage 2, Early Stage 2, weekly_vcp_ok, volume_dryup, weekly_volume_dryup, weekly_strong",173,67,Stage 2,watchlist,weekly_near_pivot,54.75,-106,-15.060000000000002,False,False,False,False,False
ATHERENERG.NS,Ather Energy Limited,Auto Manufacturers,Consumer Cyclical,False,Cash,1,Stage 2,Stage 2,Early Stage 2,0.72,"Price has moved above long-term structure, but the full moving-average stack is not clean yet.",,,2026-10-07,,watchlist,weekly_forming,watchlist,15.76,63.8,37.38,2.0,15.76,63.8,39.38,25.15,69.69,5079895227.49,"Stage 2, Early Stage 2, weekly_vcp_ok, volume_dryup, weekly_volume_dryup, weekly_strong",174,215,Stage 2,watchlist,weekly_forming,39.32,41,0.060000000000002274,False,False,False,False,False
SUNPHARMA.NS,Sun Pharmaceutical Industries Limited,Drug Manufacturers - Specialty & Generic,Healthcare,True,F&O,1,Stage 1,Stage 1,Stage 1 - Base/Repair,0.7,Price is near long-term moving averages with no strong long-term downtrend signal.,,,2026-09-10,,watchlist,weekly_watchlist,watchlist,17.32,43.93,29.29,10.0,17.32,43.93,39.29,-1.25,11.57,2723153276.29,"Stage 1, Stage 1 - Base/Repair, weekly_vcp_ok, weekly_volume_dryup, weekly_strong, stage1_not_actionable, stage1_needs_more_base",175,218,Stage 1,watchlist,weekly_watchlist,39.28,43,0.00999999999999801,False,False,False,False,False
INNOVACAP.NS,Innova Captab Limited,Drug Manufacturers - Specialty & Generic,Healthcare,False,Cash,1,Stage 2,Stage 2,Stage 2,0.76,Advancing structure detected.,,,2026-10-07,,watchlist,weekly_watchlist,watchlist,33.92,23.6,29.28,10.0,33.92,23.6,39.28,21.84,61.1,157804447.07,"Stage 2, Stage 2, trend_template_ok, weekly_volume_dryup",176,199,Stage 2,watchlist,weekly_watchlist,40.83,23,-1.5499999999999972,False,False,False,False,False
SAREGAMA.NS,Saregama India Limited,Communication Services,Communication Services,False,Cash,1,Stage 2,Stage 2,Early Stage 2,0.72,"Price has moved above long-term structure, but the full moving-average stack is not clean yet.",,,2026-10-07,,watchlist,weekly_watchlist,watchlist,36.98,30.36,34.0,5.0,36.98,30.36,39.0,7.82,47.8,161380559.86,"Stage 2, Early Stage 2, daily_vcp_ok, volume_dryup, weekly_volume_dryup",177,195,Stage 2,watchlist,weekly_watchlist,40.99,18,-1.990000000000002,False,False,False,False,False
HONASA.NS,Honasa Consumer Limited,Household & Personal Products,Consumer Defensive,False,Cash,1,Stage 2,Stage 2,Early Stage 2,0.72,"Price has moved above long-term structure, but the full moving-average stack is not clean yet.",,,2026-10-07,,watchlist,weekly_watchlist,watchlist,38.08,28.85,33.93,5.0,38.08,28.85,38.93,7.77,44.74,1397275404.12,"Stage 2, Early Stage 2",178,226,Stage 2,watchlist,weekly_watchlist,38.58,48,0.3500000000000014,False,False,False,False,False
GRANULES.NS,Granules India Limited,Drug Manufacturers - Specialty & Generic,Healthcare,False,Cash,1,Stage 2,Stage 2,Messy Stage 2,0.64,"Long-term structure is still constructive, but the short-term/weekly structure is not clean.",,,2026-10-07,,watchlist,weekly_watchlist,watchlist,37.18,18.82,28.92,10.0,37.18,18.82,38.92,-0.59,32.82,1022485818.9,"Stage 2, Messy Stage 2, daily_vcp_ok, volume_dryup, weekly_volume_dryup",179,212,Stage 2,watchlist,weekly_watchlist,39.68,33,-0.759999999999998,False,False,False,False,False
VISHNU.NS,Vishnu Chemicals Limited,Specialty Chemicals,Basic Materials,False,Cash,1,Stage 2,Stage 2,Clean Stage 2,0.9,"Price is above rising key averages, weekly structure is supportive, and the stock is near its 52-week high.",,,2026-10-07,,watchlist,weekly_watchlist,watchlist,36.72,19.38,28.92,10.0,36.72,19.38,38.92,16.95,20.87,54936591.4,"Stage 2, Clean Stage 2, trend_template_ok, volume_dryup, weekly_volume_dryup",180,205,Stage 2,watchlist,weekly_watchlist,40.2,25,-1.2800000000000011,False,False,False,False,False
HSCL.NS,Himadri Speciality Chemical Limited,Specialty Chemicals,Basic Materials,False,Cash,1,Stage 3,Stage 3,Stage 3 - Distribution/Damage,0.76,"Prior strength exists, but short-term and/or weekly structure is deteriorating.",,,2026-09-14,,watchlist,weekly_watchlist,watchlist,15.85,44.7,28.83,10.0,15.85,44.7,38.83,6.47,42.56,1261666927.55,"Stage 3, Stage 3 - Distribution/Damage, weekly_vcp_ok, volume_dryup, weekly_volume_dryup, weekly_strong, distribution_risk",181,225,Stage 3,watchlist,weekly_watchlist,38.61,44,0.21999999999999886,False,False,False,False,False
AEGISVOPAK.NS,Aegis Vopak Terminals Limited,Energy,Energy,False,Cash,1,Stage 2,Stage 2,Early Stage 2,0.72,"Price has moved above long-term structure, but the full moving-average stack is not clean yet.",,,2026-10-07,,watchlist,weekly_watchlist,watchlist,40.35,25.35,33.6,5.0,40.35,25.35,38.6,9.78,51.68,541991405.8,"Stage 2, Early Stage 2, volume_dryup, weekly_volume_dryup",182,236,Stage 2,watchlist,weekly_watchlist,37.12,54,1.480000000000004,False,False,False,False,False
IIFL.NS,IIFL Finance Limited,Credit Services,Financial Services,False,Cash,1,Stage 2,Stage 2,Early Stage 2,0.72,"Price has moved above long-term structure, but the full moving-average stack is not clean yet.",,,2026-10-07,,watchlist,weekly_forming,watchlist,15.42,62.47,36.59,2.0,15.42,62.47,38.59,15.11,31.63,944444436.28,"Stage 2, Early Stage 2, weekly_vcp_ok, volume_dryup, weekly_volume_dryup, weekly_strong",183,558,Stage 2,watchlist,weekly_watchlist,19.13,375,19.460000000000004,False,False,False,False,False
EMIL.NS,Electronics Mart India Limited,Consumer Cyclical,Consumer Cyclical,False,Cash,1,Stage 2,Stage 2,Extended Stage 2,0.78,"Advancing structure remains intact, but price is stretched versus key moving averages or far above the 52-week low.",,,2026-10-07,,watchlist,weekly_watchlist,watchlist,40.58,31.6,36.54,2.0,40.58,31.6,38.54,54.6,93.95,963101251.21,"Stage 2, Extended Stage 2, trend_template_ok, volume_dryup, weekly_volume_dryup",184,235,Stage 2,watchlist,weekly_watchlist,37.3,51,1.240000000000002,False,False,False,False,False
KTKBANK.NS,The Karnataka Bank Limited,Banks - Regional,Financial Services,False,Cash,1,Stage 2,Stage 2,Clean Stage 2,0.9,"Price is above rising key averages, weekly structure is supportive, and the stock is near its 52-week high.",,,2026-10-07,,watchlist,weekly_watchlist,watchlist,41.56,30.26,36.48,2.0,41.56,30.26,38.48,27.0,39.62,578086269.84,"Stage 2, Clean Stage 2, trend_template_ok, volume_dryup, weekly_volume_dryup",185,232,Stage 2,watchlist,weekly_watchlist,37.57,47,0.9099999999999966,False,False,False,False,False
IDFCFIRSTB.NS,IDFC First Bank Limited,Banks - Regional,Financial Services,True,F&O,1,Stage 2,Stage 2,Early Stage 2,0.72,"Price has moved above long-term structure, but the full moving-average stack is not clean yet.",,,2026-10-07,,watchlist,weekly_forming,watchlist,16.47,60.88,36.45,2.0,16.47,60.88,38.45,7.43,23.39,1840102753.43,"Stage 2, Early Stage 2, weekly_vcp_ok, weekly_volume_dryup, weekly_strong",186,227,Stage 2,watchlist,weekly_forming,38.4,41,0.05000000000000426,False,False,False,False,False
SHANTIGEAR.NS,Shanthi Gears Limited,Specialty Industrial Machinery,Industrials,False,Cash,1,Stage 2,Stage 2,Messy Stage 2,0.64,"Long-term structure is still constructive, but the short-term/weekly structure is not clean.",,,2026-10-07,,watchlist,weekly_watchlist,watchlist,23.38,34.36,28.32,10.0,23.38,34.36,38.32,34.33,27.31,61729688.66,"Stage 2, Messy Stage 2, volume_dryup, weekly_volume_dryup",187,224,Stage 2,watchlist,weekly_watchlist,38.63,37,-0.3100000000000023,False,False,False,False,False
PGIL.NS,Pearl Global Industries Limited,Apparel Manufacturing,Consumer Cyclical,False,Cash,1,Stage 2,Stage 2,Clean Stage 2,0.9,"Price is above rising key averages, weekly structure is supportive, and the stock is near its 52-week high.",,,2026-10-07,,watchlist,weekly_watchlist,watchlist,40.62,35.2,38.18,0.0,40.62,35.2,38.18,35.56,65.43,263208487.91,"Stage 2, Clean Stage 2, trend_template_ok, volume_dryup, weekly_volume_dryup",188,231,Stage 2,watchlist,weekly_watchlist,37.92,43,0.259999999999998,False,False,False,False,False
TVSMOTOR.NS,TVS Motor Company Limited,Auto Manufacturers,Consumer Cyclical,True,F&O,1,Stage 2,Stage 2,Early Stage 2,0.72,"Price has moved above long-term structure, but the full moving-average stack is not clean yet.",,,2026-10-07,,watchlist,weekly_forming,watchlist,15.94,60.21,35.86,2.0,15.94,60.21,37.86,14.56,9.55,2645436184.98,"Stage 2, Early Stage 2, weekly_vcp_ok, volume_dryup, weekly_volume_dryup, weekly_strong",189,230,Stage 2,watchlist,weekly_forming,38.0,41,-0.14000000000000057,False,False,False,False,False
PNB.NS,Punjab National Bank,Banks - Regional,Financial Services,True,F&O,1,Stage 3,Stage 3,Stage 3 - Distribution/Damage,0.76,"Prior strength exists, but short-term and/or weekly structure is deteriorating.",,,2026-09-08,,watchlist,weekly_watchlist,watchlist,23.26,49.98,35.28,2.0,23.26,49.98,37.28,17.96,11.83,1432234831.3,"Stage 3, Stage 3 - Distribution/Damage, weekly_vcp_ok, weekly_strong, distribution_risk",190,251,Not Sure,watchlist,weekly_watchlist,35.78,61,1.5,False,False,False,False,False
BELRISE.NS,Belrise Industries Limited,Auto Parts,Consumer Cyclical,False,Cash,1,Stage 2,Stage 2,Early Stage 2,0.72,"Price has moved above long-term structure, but the full moving-average stack is not clean yet.",,,2026-10-07,,watchlist,weekly_watchlist,watchlist,41.23,20.95,32.1,5.0,41.23,20.95,37.1,9.46,20.03,683087596.94,"Stage 2, Early Stage 2, daily_vcp_ok, volume_dryup, weekly_volume_dryup",191,126,Stage 2,forming_vcp,weekly_watchlist,47.75,-65,-10.649999999999999,False,False,False,False,False
TEJASNET.NS,Tejas Networks Limited,Communication Equipment,Technology,False,Cash,1,Stage 2 Failed,Stage 1,Failed Stage 2,0.72,"This stock was recently Stage 2, but the latest structure no longer satisfies Stage 2 rules. It is kept as Stage 2 Failed until a fresh base/repair structure forms.",Recent Stage 2 break; public stage held as Stage 2 Failed.,2026-10-08,2026-09-25,,watchlist,weekly_watchlist,watchlist,14.74,42.09,27.05,10.0,14.74,42.09,37.05,-8.79,11.73,663630829.83,"Stage 1, Stage 1 - Base/Repair, weekly_vcp_ok, volume_dryup, weekly_volume_dryup, weekly_strong, stage1_not_actionable, stage1_needs_more_base | Stage 2 failed state applied from stage memory.",192,239,Stage 2 Failed,watchlist,weekly_watchlist,36.76,47,0.28999999999999915,False,False,False,False,False
DYNAMATECH.NS,Dynamatic Technologies Limited,Auto Parts,Consumer Cyclical,False,Cash,1,Stage 2,Stage 2,Clean Stage 2,0.9,"Price is above rising key averages, weekly structure is supportive, and the stock is near its 52-week high.",,,2026-10-07,,watchlist,weekly_watchlist,watchlist,37.25,25.44,31.94,5.0,37.25,25.44,36.94,37.81,36.58,381070248.45,"Stage 2, Clean Stage 2, trend_template_ok",193,233,Stage 2,watchlist,weekly_watchlist,37.47,40,-0.5300000000000011,False,False,False,False,False
TVSSRICHAK.NS,TVS Srichakra Limited,Auto Parts,Consumer Cyclical,False,Cash,1,Stage 2,Stage 2,Early Stage 2,0.72,"Price has moved above long-term structure, but the full moving-average stack is not clean yet.",,,2026-10-07,,watchlist,weekly_forming,watchlist,7.45,61.85,31.93,5.0,7.45,61.85,36.93,11.8,17.68,34559112.28,"Stage 2, Early Stage 2, weekly_vcp_ok, volume_dryup, weekly_volume_dryup, weekly_strong",194,243,Stage 2,watchlist,weekly_forming,36.36,49,0.5700000000000003,False,False,False,False,False
PCBL.NS,PCBL Chemical Limited,Specialty Chemicals,Basic Materials,False,Cash,1,Stage 2,Stage 2,Early Stage 2,0.72,"Price has moved above long-term structure, but the full moving-average stack is not clean yet.",,,2026-10-07,,watchlist,weekly_watchlist,watchlist,33.67,18.7,26.93,10.0,33.67,18.7,36.93,9.67,21.29,324864439.42,"Stage 2, Early Stage 2, daily_vcp_ok, volume_dryup, weekly_volume_dryup",195,129,Stage 2,forming_vcp,weekly_watchlist,47.6,-66,-10.670000000000002,False,False,False,False,False
PARADEEP.NS,Paradeep Phosphates Limited,Agricultural Inputs,Basic Materials,False,Cash,1,Stage 2,Stage 2,Early Stage 2,0.72,"Price has moved above long-term structure, but the full moving-average stack is not clean yet.",,,2026-10-07,,watchlist,weekly_forming,watchlist,15.53,62.58,36.7,0.0,15.53,62.58,36.7,15.62,32.2,241320751.41,"Stage 2, Early Stage 2, weekly_vcp_ok, volume_dryup, weekly_volume_dryup, weekly_strong",196,107,Stage 2,watchlist,weekly_near_pivot,49.97,-89,-13.269999999999996,False,False,False,False,False
BOROLTD.NS,Borosil Limited,"Furnishings, Fixtures & Appliances",Consumer Cyclical,False,Cash,1,Stage 2,Stage 2,Early Stage 2,0.72,"Price has moved above long-term structure, but the full moving-average stack is not clean yet.",,,2026-10-07,,watchlist,weekly_near_pivot,watchlist,10.2,68.34,36.36,0.0,10.2,68.34,36.36,12.9,12.49,114988603.31,"Stage 2, Early Stage 2, weekly_vcp_ok, weekly_volume_dryup, weekly_strong",197,229,Stage 2,watchlist,weekly_near_pivot,38.21,32,-1.8500000000000014,False,False,False,False,False
MANYAVAR.NS,Vedant Fashions Limited,Apparel Manufacturing,Consumer Cyclical,False,Cash,1,Stage 2 Failed,Not Sure,Failed Stage 2,0.72,"This stock was recently Stage 2, but the latest structure no longer satisfies Stage 2 rules. It is kept as Stage 2 Failed until a fresh base/repair structure forms.",Recent Stage 2 break; public stage held as Stage 2 Failed.,2026-10-08,2026-10-05,,watchlist,weekly_watchlist,watchlist,27.35,47.3,36.33,0.0,27.35,47.3,36.33,32.73,26.22,168027129.42,"Not Sure, Not Sure, weekly_vcp_ok, volume_dryup, weekly_volume_dryup, weekly_strong | Stage 2 failed state applied from stage memory.",198,241,Stage 2 Failed,watchlist,weekly_watchlist,36.67,43,-0.3400000000000034,False,False,False,False,False
EMCURE.NS,Emcure Pharmaceuticals Limited,Drug Manufacturers - Specialty & Generic,Healthcare,False,Cash,1,Stage 2,Stage 2,Early Stage 2,0.72,"Price has moved above long-term structure, but the full moving-average stack is not clean yet.",,,2026-10-07,,watchlist,weekly_watchlist,watchlist,24.59,28.12,26.18,10.0,24.59,28.12,36.18,10.65,20.54,383223967.96,"Stage 2, Early Stage 2, volume_dryup, weekly_volume_dryup",199,244,Stage 2,watchlist,weekly_watchlist,36.3,45,-0.11999999999999744,False,False,False,False,False
SSWL.NS,Steel Strips Wheels Limited,Auto Parts,Consumer Cyclical,False,Cash,1,Stage 2,Stage 2,Extended Stage 2,0.78,"Advancing structure remains intact, but price is stretched versus key moving averages or far above the 52-week low.",,,2026-10-07,,watchlist,weekly_watchlist,watchlist,37.3,23.6,31.14,5.0,37.3,23.6,36.14,72.75,100.51,555273502.54,"Stage 2, Extended Stage 2, trend_template_ok, weekly_volume_dryup",200,248,Stage 2,watchlist,weekly_watchlist,36.11,48,0.030000000000001137,False,False,False,False,False
AIIL.NS,Authum Investment & Infrastructure Limited,Capital Markets,Financial Services,False,Cash,1,Stage 2,Stage 2,Early Stage 2,0.72,"Price has moved above long-term structure, but the full moving-average stack is not clean yet.",,,2026-10-07,,watchlist,weekly_watchlist,watchlist,40.59,30.59,36.09,0.0,40.59,30.59,36.09,15.8,30.08,253544491.28,"Stage 2, Early Stage 2, volume_dryup, weekly_volume_dryup",201,257,Stage 2,watchlist,weekly_watchlist,35.2,56,0.8900000000000006,False,False,False,False,False
VMART.NS,V-Mart Retail Limited,Consumer Cyclical,Consumer Cyclical,False,Cash,1,Stage 2,Stage 2,Clean Stage 2,0.9,"Price is above rising key averages, weekly structure is supportive, and the stock is near its 52-week high.",,,2026-10-07,,watchlist,weekly_watchlist,watchlist,37.15,30.18,34.01,2.0,37.15,30.18,36.01,13.93,39.9,63655868.06,"Stage 2, Clean Stage 2, trend_template_ok, weekly_volume_dryup",202,391,Stage 2,watchlist,weekly_watchlist,25.11,189,10.899999999999999,False,False,False,False,False
KSB.NS,Ksb Limited,Specialty Industrial Machinery,Industrials,False,Cash,1,Stage 1,Stage 1,Stage 1 - Base/Repair,0.7,Price is near long-term moving averages with no strong long-term downtrend signal.,,,2026-08-04,,watchlist,weekly_watchlist,watchlist,12.1,42.9,25.96,10.0,12.1,42.9,35.96,-9.49,-9.73,355207811.03,"Stage 1, Stage 1 - Base/Repair, weekly_vcp_ok, weekly_volume_dryup, weekly_strong, stage1_not_actionable, stage1_needs_more_base",203,249,Stage 1,watchlist,weekly_watchlist,35.96,46,0.0,False,False,False,False,False
AJAXENGG.NS,Ajax Engineering Limited,Farm & Heavy Construction Machinery,Industrials,False,Cash,1,Stage 2 Failed,Not Sure,Failed Stage 2,0.72,"This stock was recently Stage 2, but the latest structure no longer satisfies Stage 2 rules. It is kept as Stage 2 Failed until a fresh base/repair structure forms.",Recent Stage 2 break; public stage held as Stage 2 Failed.,2026-10-08,2026-10-07,,watchlist,weekly_watchlist,watchlist,20.6,50.18,33.91,2.0,20.6,50.18,35.91,3.42,29.39,93452188.81,"Not Sure, Not Sure, weekly_vcp_ok, weekly_volume_dryup, weekly_strong | Stage 2 failed state applied from stage memory.",204,84,Stage 2,watchlist,weekly_near_pivot,51.94,-120,-16.03,False,False,False,False,False
THELEELA.NS,Leela Palaces Hotels & Resorts Limited,Lodging,Consumer Cyclical,False,Cash,1,Stage 2,Stage 2,Clean Stage 2,0.9,"Price is above rising key averages, weekly structure is supportive, and the stock is near its 52-week high.",,,2026-10-07,,watchlist,weekly_watchlist,watchlist,37.26,29.32,33.69,2.0,37.26,29.32,35.69,25.27,43.92,204394990.36,"Stage 2, Clean Stage 2, trend_template_ok, weekly_volume_dryup",205,282,Stage 2,watchlist,weekly_watchlist,33.01,77,2.6799999999999997,False,False,False,False,False
RPEL.NS,Raghav Productivity Enhancers Limited,Chemicals,Basic Materials,False,Cash,1,Stage 2,Stage 2,Extended Stage 2,0.78,"Advancing structure remains intact, but price is stretched versus key moving averages or far above the 52-week low.",,,2026-10-07,,watchlist,weekly_watchlist,watchlist,37.44,22.4,30.67,5.0,37.44,22.4,35.67,44.09,149.95,185477405.15,"Stage 2, Extended Stage 2, trend_template_ok",206,191,Stage 2,watchlist,weekly_watchlist,41.7,-15,-6.030000000000001,False,False,False,False,False
TFCILTD.NS,Tourism Finance Corporation of India Limited,Credit Services,Financial Services,False,Cash,1,Stage 2,Stage 2,Extended Stage 2,0.78,"Advancing structure remains intact, but price is stretched versus key moving averages or far above the 52-week low.",,,2026-10-07,,watchlist,weekly_watchlist,watchlist,36.25,30.4,33.62,2.0,36.25,30.4,35.62,91.22,116.07,1789097307.68,"Stage 2, Extended Stage 2, trend_template_ok, weekly_volume_dryup",207,234,Stage 2,watchlist,weekly_watchlist,37.39,27,-1.7700000000000031,False,False,False,False,False
SUPRIYA.NS,Supriya Lifescience Limited,Biotechnology,Healthcare,False,Cash,1,Stage 2,Stage 2,Early Stage 2,0.72,"Price has moved above long-term structure, but the full moving-average stack is not clean yet.",,,2026-10-07,,watchlist,weekly_watchlist,watchlist,32.94,27.73,30.6,5.0,32.94,27.73,35.6,10.22,43.09,278801881.45,"Stage 2, Early Stage 2, weekly_volume_dryup",208,159,Stage 2,watchlist,weekly_watchlist,44.63,-49,-9.030000000000001,False,False,False,False,False
APCOTEXIND.NS,Apcotex Industries Limited,Specialty Chemicals,Basic Materials,False,Cash,1,Stage 2,Stage 2,Early Stage 2,0.72,"Price has moved above long-term structure, but the full moving-average stack is not clean yet.",,,2026-10-07,,watchlist,weekly_watchlist,watchlist,28.45,22.02,25.56,10.0,28.45,22.02,35.56,17.44,58.8,45597744.07,"Stage 2, Early Stage 2, volume_dryup, weekly_volume_dryup",209,238,Stage 2,watchlist,weekly_watchlist,36.81,29,-1.25,False,False,False,False,False
MAHABANK.NS,Bank of Maharashtra,Banks - Regional,Financial Services,False,Cash,1,Stage 2,Stage 2,Messy Stage 2,0.64,"Long-term structure is still constructive, but the short-term/weekly structure is not clean.",,,2026-10-07,,watchlist,weekly_watchlist,watchlist,36.58,29.57,33.43,2.0,36.58,29.57,35.43,11.41,24.27,1050883432.43,"Stage 2, Messy Stage 2, weekly_volume_dryup",210,183,Stage 2,watchlist,weekly_watchlist,42.34,-27,-6.910000000000004,False,False,False,False,False
BLACKBUCK.NS,BLACKBUCK LIMITED,Software - Application,Technology,False,Cash,1,Stage 2 Failed,Not Sure,Failed Stage 2,0.72,"This stock was recently Stage 2, but the latest structure no longer satisfies Stage 2 rules. It is kept as Stage 2 Failed until a fresh base/repair structure forms.",Recent Stage 2 break; public stage held as Stage 2 Failed.,2026-10-08,2026-10-07,,watchlist,weekly_watchlist,watchlist,21.77,47.62,33.4,2.0,21.77,47.62,35.4,8.89,9.32,541908313.23,"Not Sure, Not Sure, weekly_vcp_ok, volume_dryup, weekly_volume_dryup, weekly_strong | Stage 2 failed state applied from stage memory.",211,77,Stage 2,watchlist,weekly_near_pivot,53.12,-134,-17.72,False,False,False,False,False
INDOTECH.NS,Indo Tech Transformers Limited,Electrical Equipment & Parts,Industrials,False,Cash,1,Stage 2,Stage 2,Messy Stage 2,0.64,"Long-term structure is still constructive, but the short-term/weekly structure is not clean.",,,2026-10-07,,watchlist,weekly_watchlist,watchlist,15.89,36.2,25.03,10.0,15.89,36.2,35.03,1.14,91.3,59371558.31,"Stage 2, Messy Stage 2",212,269,Stage 2,watchlist,weekly_watchlist,34.1,57,0.9299999999999997,False,False,False,False,False
PARAGMILK.NS,Parag Milk Foods Limited,Packaged Foods,Consumer Defensive,False,Cash,1,Stage 2,Stage 2,Extended Stage 2,0.78,"Advancing structure remains intact, but price is stretched versus key moving averages or far above the 52-week low.",,,2026-10-07,,watchlist,weekly_watchlist,watchlist,32.87,33.2,33.02,2.0,32.87,33.2,35.02,44.06,40.81,622399935.05,"Stage 2, Extended Stage 2",213,252,Stage 2,watchlist,weekly_watchlist,35.46,39,-0.4399999999999977,False,False,False,False,False
ZYDUSLIFE.NS,Zydus Lifesciences Limited,Drug Manufacturers - Specialty & Generic,Healthcare,True,F&O,1,Stage 2,Stage 2,Early Stage 2,0.72,"Price has moved above long-term structure, but the full moving-average stack is not clean yet.",,,2026-10-07,,watchlist,weekly_watchlist,watchlist,16.58,35.22,24.97,10.0,16.58,35.22,34.97,6.34,25.87,1739798067.18,"Stage 2, Early Stage 2, weekly_volume_dryup",214,262,Stage 2,watchlist,weekly_watchlist,34.68,48,0.28999999999999915,False,False,False,False,False
IKS.NS,Inventurus Knowledge Solutions Limited,Healthcare,Healthcare,False,Cash,1,Stage 2 Failed,Stage 1,Failed Stage 2,0.72,"This stock was recently Stage 2, but the latest structure no longer satisfies Stage 2 rules. It is kept as Stage 2 Failed until a fresh base/repair structure forms.",Recent Stage 2 break; public stage held as Stage 2 Failed.,2026-10-08,2026-09-25,,watchlist,weekly_watchlist,watchlist,18.14,44.09,29.82,5.0,18.14,44.09,34.82,0.16,22.79,426236833.39,"Stage 1, Stage 1 - Base/Repair, weekly_vcp_ok, weekly_strong, stage1_not_actionable, stage1_needs_more_base | Stage 2 failed state applied from stage memory.",215,289,Stage 2 Failed,watchlist,weekly_watchlist,31.78,74,3.039999999999999,False,False,False,False,False
ORCHPHARMA.NS,Orchid Pharma Limited,Drug Manufacturers - Specialty & Generic,Healthcare,False,Cash,1,Stage 2,Stage 2,Early Stage 2,0.72,"Price has moved above long-term structure, but the full moving-average stack is not clean yet.",,,2026-10-07,,watchlist,weekly_watchlist,watchlist,18.63,32.0,24.65,10.0,18.63,32.0,34.65,1.35,80.81,138449963.22,"Stage 2, Early Stage 2, volume_dryup, weekly_volume_dryup",216,237,Stage 2,watchlist,weekly_watchlist,37.08,21,-2.4299999999999997,False,False,False,False,False
SANSERA.NS,Sansera Engineering Limited,Auto Parts,Consumer Cyclical,False,Cash,1,Stage 2,Stage 2,Extended Stage 2,0.78,"Advancing structure remains intact, but price is stretched versus key moving averages or far above the 52-week low.",,,2026-10-07,,watchlist,weekly_watchlist,watchlist,35.19,22.4,29.43,5.0,35.19,22.4,34.43,35.79,79.8,1367157791.47,"Stage 2, Extended Stage 2, trend_template_ok, weekly_volume_dryup",217,256,Stage 2,watchlist,weekly_watchlist,35.22,39,-0.7899999999999991,False,False,False,False,False
POLYMED.NS,Poly Medicure Limited,Healthcare,Healthcare,False,Cash,1,Stage 2 Failed,Stage 3,Failed Stage 2,0.72,"This stock was recently Stage 2, but the latest structure no longer satisfies Stage 2 rules. It is kept as Stage 2 Failed until a fresh base/repair structure forms.",Recent Stage 2 break; public stage held as Stage 2 Failed.,2026-10-08,2026-09-25,,watchlist,weekly_watchlist,watchlist,18.44,41.76,28.93,5.0,18.44,41.76,33.93,4.8,14.81,155214365.7,"Stage 3, Stage 3 - Transition, weekly_vcp_ok, volume_dryup, weekly_volume_dryup, weekly_strong, distribution_risk | Stage 2 failed state applied from stage memory.",218,302,Stage 2 Failed,watchlist,weekly_watchlist,30.27,84,3.66,False,False,False,False,False
LALPATHLAB.NS,Dr. Lal Path Labs Ltd.,Diagnostics & Research,Healthcare,False,Cash,1,Stage 2,Stage 2,Early Stage 2,0.72,"Price has moved above long-term structure, but the full moving-average stack is not clean yet.",,,2026-10-07,,watchlist,weekly_watchlist,watchlist,18.99,29.46,23.7,10.0,18.99,29.46,33.7,18.53,40.11,703468912.22,"Stage 2, Early Stage 2",219,165,Stage 2,watchlist,weekly_watchlist,43.95,-54,-10.25,False,False,False,False,False
HINDPETRO.NS,Hindustan Petroleum Corporation Limited,Oil & Gas Refining & Marketing,Energy,True,F&O,1,Stage 4,Stage 4,Stage 4 - Confirmed Downtrend,0.86,Price is below a bearish moving-average stack with falling trend signals.,,,,,watchlist,weekly_watchlist,watchlist,13.61,35.8,23.6,10.0,13.61,35.8,33.6,-2.87,0.11,1355822437.17,"Stage 4, Stage 4 - Confirmed Downtrend, weekly_vcp_ok, weekly_strong, downtrend",220,286,Stage 4,watchlist,weekly_watchlist,32.28,66,1.3200000000000003,False,False,False,False,False
SCHAEFFLER.NS,Schaeffler India Limited,Auto Parts,Consumer Cyclical,False,Cash,1,Stage 1,Stage 1,Stage 1 - Unclear/Repair,0.58,Not enough evidence for Stage 2 or Stage 4; classified as repair/unclear structure.,,,2026-07-29,,watchlist,weekly_watchlist,watchlist,15.82,44.14,28.56,5.0,15.82,44.14,33.56,-1.47,2.91,191510688.27,"Stage 1, Stage 1 - Unclear/Repair, weekly_vcp_ok, volume_dryup, weekly_volume_dryup, weekly_strong, stage1_not_actionable, stage1_needs_more_base",221,264,Stage 1,watchlist,weekly_watchlist,34.53,43,-0.9699999999999989,False,False,False,False,False
SAILIFE.NS,Sai Life Sciences Limited,Diagnostics & Research,Healthcare,False,Cash,1,Stage 2,Stage 2,Early Stage 2,0.72,"Price has moved above long-term structure, but the full moving-average stack is not clean yet.",,,2026-10-07,,watchlist,weekly_watchlist,watchlist,21.49,26.0,23.52,10.0,21.49,26.0,33.52,26.82,62.2,698751835.35,"Stage 2, Early Stage 2, volume_dryup, weekly_volume_dryup",222,172,Stage 2,watchlist,weekly_watchlist,43.49,-50,-9.969999999999999,False,False,False,False,False
IOC.NS,Indian Oil Corporation Limited,Oil & Gas Refining & Marketing,Energy,True,F&O,1,Stage 4,Stage 4,Stage 4 - Confirmed Downtrend,0.86,Price is below a bearish moving-average stack with falling trend signals.,,,,,watchlist,weekly_watchlist,watchlist,12.52,36.9,23.49,10.0,12.52,36.9,33.49,1.1,-4.3,1066277946.57,"Stage 4, Stage 4 - Confirmed Downtrend, weekly_vcp_ok, weekly_strong, downtrend",223,285,Stage 4,watchlist,weekly_watchlist,32.31,62,1.1799999999999997,False,False,False,False,False
GRWRHITECH.NS,Garware Hi-Tech Films Limited,Specialty Chemicals,Basic Materials,False,Cash,1,Stage 2 Failed,Stage 1,Failed Stage 2,0.72,"This stock was recently Stage 2, but the latest structure no longer satisfies Stage 2 rules. It is kept as Stage 2 Failed until a fresh base/repair structure forms.",Recent Stage 2 break; public stage held as Stage 2 Failed.,2026-10-08,2026-10-06,,watchlist,weekly_watchlist,watchlist,1.92,49.8,23.47,10.0,1.92,49.8,33.47,6.75,80.26,373171217.71,"Stage 1, Stage 1 - Unclear/Repair, weekly_vcp_ok, weekly_volume_dryup, weekly_strong, stage1_not_actionable, stage1_needs_more_base | Stage 2 failed state applied from stage memory.",224,272,Stage 2 Failed,watchlist,weekly_watchlist,33.66,48,-0.18999999999999773,False,False,False,False,False
CLEAN.NS,Clean Science and Technology Limited,Specialty Chemicals,Basic Materials,False,Cash,1,Stage 2 Failed,Not Sure,Failed Stage 2,0.72,"This stock was recently Stage 2, but the latest structure no longer satisfies Stage 2 rules. It is kept as Stage 2 Failed until a fresh base/repair structure forms.",Recent Stage 2 break; public stage held as Stage 2 Failed.,2026-10-08,2026-10-07,,watchlist,weekly_watchlist,watchlist,3.68,47.56,23.43,10.0,3.68,47.56,33.43,11.86,13.72,250104780.99,"Not Sure, Not Sure, weekly_vcp_ok, volume_dryup, weekly_volume_dryup, weekly_strong | Stage 2 failed state applied from stage memory.",225,122,Stage 2,watchlist,weekly_near_pivot,48.11,-103,-14.68,False,False,False,False,False
JINDALSAW.NS,Jindal Saw Limited,Steel,Basic Materials,False,Cash,1,Stage 2,Stage 2,Early Stage 2,0.72,"Price has moved above long-term structure, but the full moving-average stack is not clean yet.",,,2026-10-07,,watchlist,weekly_watchlist,watchlist,35.36,19.91,28.41,5.0,35.36,19.91,33.41,12.54,30.51,364534957.0,"Stage 2, Early Stage 2, volume_dryup, weekly_volume_dryup",226,254,Stage 2,watchlist,weekly_watchlist,35.39,28,-1.980000000000004,False,False,False,False,False
RKFORGE.NS,Ramkrishna Forgings Limited,Metal Fabrication,Industrials,False,Cash,1,Stage 2,Stage 2,Early Stage 2,0.72,"Price has moved above long-term structure, but the full moving-average stack is not clean yet.",,,2026-10-07,,watchlist,weekly_watchlist,watchlist,22.91,23.83,23.32,10.0,22.91,23.83,33.32,32.08,38.18,387133822.5,"Stage 2, Early Stage 2, volume_dryup, weekly_volume_dryup",227,132,Stage 2,watchlist,weekly_watchlist,47.02,-95,-13.700000000000003,False,False,False,False,False
BALAMINES.NS,Balaji Amines Limited,Specialty Chemicals,Basic Materials,False,Cash,1,Stage 2,Stage 2,Messy Stage 2,0.64,"Long-term structure is still constructive, but the short-term/weekly structure is not clean.",,,2026-10-07,,watchlist,weekly_watchlist,watchlist,22.7,23.6,23.11,10.0,22.7,23.6,33.11,-1.62,90.14,653257395.88,"Stage 2, Messy Stage 2",228,250,Stage 2,watchlist,weekly_watchlist,35.86,22,-2.75,False,False,False,False,False
SHAKTIPUMP.NS,Shakti Pumps (India) Limited,Specialty Industrial Machinery,Industrials,False,Cash,1,Stage 4,Stage 4,Stage 4 - Confirmed Downtrend,0.86,Price is below a bearish moving-average stack with falling trend signals.,,,,,watchlist,weekly_watchlist,watchlist,12.57,35.8,23.02,10.0,12.57,35.8,33.02,-14.89,-12.67,209573444.16,"Stage 4, Stage 4 - Confirmed Downtrend, weekly_vcp_ok, volume_dryup, weekly_volume_dryup, weekly_strong, downtrend",229,277,Stage 4,watchlist,weekly_watchlist,33.31,48,-0.28999999999999915,False,False,False,False,False
PPLPHARMA.NS,Piramal Pharma Limited,Drug Manufacturers - Specialty & Generic,Healthcare,False,Cash,1,Stage 2,Stage 2,Early Stage 2,0.72,"Price has moved above long-term structure, but the full moving-average stack is not clean yet.",,,2026-10-07,,watchlist,weekly_watchlist,watchlist,19.93,26.69,22.97,10.0,19.93,26.69,32.97,22.41,40.53,553677287.28,"Stage 2, Early Stage 2, volume_dryup, weekly_volume_dryup",230,265,Stage 2,watchlist,weekly_watchlist,34.51,35,-1.5399999999999991,False,False,False,False,False
DEEDEV.NS,DEE Development Engineers Limited,Metal Fabrication,Industrials,False,Cash,1,Stage 2,Stage 2,Messy Stage 2,0.64,"Long-term structure is still constructive, but the short-term/weekly structure is not clean.",,,2026-10-07,,watchlist,weekly_watchlist,watchlist,15.99,31.51,22.97,10.0,15.99,31.51,32.97,-3.7,66.75,111503683.7,"Stage 2, Messy Stage 2, volume_dryup, weekly_volume_dryup",231,278,Stage 2,watchlist,weekly_watchlist,33.28,47,-0.3100000000000023,False,False,False,False,False
SHAILY.NS,Shaily Engineering Plastics Limited,Specialty Chemicals,Basic Materials,False,Cash,1,Stage 2,Stage 2,Early Stage 2,0.72,"Price has moved above long-term structure, but the full moving-average stack is not clean yet.",,,2026-10-07,,watchlist,weekly_watchlist,watchlist,21.37,24.8,22.91,10.0,21.37,24.8,32.91,20.94,68.09,436144735.06,"Stage 2, Early Stage 2, volume_dryup, weekly_volume_dryup",232,275,Stage 2,watchlist,weekly_watchlist,33.43,43,-0.5200000000000031,False,False,False,False,False
KIRIINDUS.NS,Kiri Industries Limited,Specialty Chemicals,Basic Materials,False,Cash,1,Stage 2 Failed,Stage 1,Failed Stage 2,0.72,"This stock was recently Stage 2, but the latest structure no longer satisfies Stage 2 rules. It is kept as Stage 2 Failed until a fresh base/repair structure forms.",Recent Stage 2 break; public stage held as Stage 2 Failed.,2026-10-08,2026-10-07,,watchlist,weekly_watchlist,watchlist,0.0,50.9,22.91,10.0,0.0,50.9,32.91,44.1,36.34,317576409.6,"Stage 1, Stage 1 - Early Turn, weekly_vcp_ok, volume_dryup, weekly_volume_dryup, weekly_strong, stage1_not_actionable, stage1_needs_more_base | Stage 2 failed state applied from stage memory.",233,114,Stage 2,watchlist,weekly_breakout,49.31,-119,-16.400000000000006,False,False,False,False,False
VRLLOG.NS,VRL Logistics Limited,Industrials,Industrials,False,Cash,1,Stage 2,Stage 2,Early Stage 2,0.72,"Price has moved above long-term structure, but the full moving-average stack is not clean yet.",,,2026-10-07,,watchlist,weekly_watchlist,watchlist,41.32,22.49,32.85,0.0,41.32,22.49,32.85,31.16,13.78,33387099.86,"Stage 2, Early Stage 2, volume_dryup, weekly_volume_dryup",234,352,Stage 2,watchlist,weekly_watchlist,26.61,118,6.240000000000002,False,False,False,False,False
CARRARO.NS,Carraro India Limited,Auto Parts,Consumer Cyclical,False,Cash,1,Stage 2 Failed,Stage 1,Failed Stage 2,0.72,"This stock was recently Stage 2, but the latest structure no longer satisfies Stage 2 rules. It is kept as Stage 2 Failed until a fresh base/repair structure forms.",Recent Stage 2 break; public stage held as Stage 2 Failed.,2026-10-08,2026-10-07,,watchlist,weekly_watchlist,watchlist,14.48,44.17,27.84,5.0,14.48,44.17,32.84,-0.38,13.07,62592463.55,"Stage 1, Stage 1 - Base/Repair, weekly_vcp_ok, volume_dryup, weekly_volume_dryup, weekly_strong, stage1_not_actionable, stage1_needs_more_base | Stage 2 failed state applied from stage memory.",235,81,Stage 2 Failed,watchlist,weekly_forming,52.61,-154,-19.769999999999996,False,False,False,False,False
VGUARD.NS,V-Guard Industries Limited,Electrical Equipment & Parts,Industrials,False,Cash,1,Stage 2 Failed,Stage 4,Failed Stage 2,0.72,"This stock was recently Stage 2, but the latest structure no longer satisfies Stage 2 rules. It is kept as Stage 2 Failed until a fresh base/repair structure forms.",Recent Stage 2 break; public stage held as Stage 2 Failed.,2026-10-08,2026-09-21,,watchlist,weekly_watchlist,watchlist,11.75,36.22,22.76,10.0,11.75,36.22,32.76,5.6,-1.38,102684823.63,"Stage 4, Stage 4 - Weak/Declining, weekly_vcp_ok, volume_dryup, weekly_volume_dryup, weekly_strong, downtrend | Stage 2 failed state applied from stage memory.",236,283,Stage 2 Failed,watchlist,weekly_watchlist,32.78,47,-0.020000000000003126,False,False,False,False,False
VIJAYA.NS,Vijaya Diagnostic Centre Limited,Diagnostics & Research,Healthcare,False,Cash,1,Stage 2,Stage 2,Early Stage 2,0.72,"Price has moved above long-term structure, but the full moving-average stack is not clean yet.",,,2026-10-07,,watchlist,weekly_watchlist,watchlist,21.6,23.98,22.67,10.0,21.6,23.98,32.67,11.81,47.97,177689079.29,"Stage 2, Early Stage 2, volume_dryup, weekly_volume_dryup",237,284,Stage 2,watchlist,weekly_watchlist,32.46,47,0.21000000000000085,False,False,False,False,False
SUDARSCHEM.NS,Sudarshan Chemical Industries Limited,Specialty Chemicals,Basic Materials,False,Cash,1,Stage 2,Stage 2,Early Stage 2,0.72,"Price has moved above long-term structure, but the full moving-average stack is not clean yet.",,,2026-10-07,,watchlist,weekly_watchlist,watchlist,23.13,22.06,22.65,10.0,23.13,22.06,32.65,22.03,54.55,267508761.28,"Stage 2, Early Stage 2, volume_dryup, weekly_volume_dryup",238,154,Stage 2,watchlist,weekly_watchlist,44.91,-84,-12.259999999999998,False,False,False,False,False
STYLEBAAZA.NS,Baazar Style Retail Limited,Consumer Cyclical,Consumer Cyclical,False,Cash,1,Stage 2,Stage 2,Early Stage 2,0.72,"Price has moved above long-term structure, but the full moving-average stack is not clean yet.",,,2026-10-07,,watchlist,weekly_forming,watchlist,14.25,50.65,30.63,2.0,14.25,50.65,32.63,32.67,32.83,480951958.13,"Stage 2, Early Stage 2, weekly_vcp_ok, weekly_volume_dryup",239,178,Stage 2,watchlist,weekly_forming,42.79,-61,-10.159999999999997,False,False,False,False,False
WELENT.NS,Welspun Enterprises Limited,Engineering & Construction,Industrials,False,Cash,1,Stage 2,Stage 2,Stage 2,0.76,Advancing structure detected.,,,2026-10-07,,watchlist,weekly_watchlist,watchlist,38.95,24.8,32.58,0.0,38.95,24.8,32.58,26.53,65.29,524079413.82,"Stage 2, Stage 2, trend_template_ok, volume_dryup, weekly_volume_dryup",240,280,Stage 2,watchlist,weekly_watchlist,33.14,40,-0.5600000000000023,False,False,False,False,False
PRIVISCL.NS,Privi Speciality Chemicals Limited,Specialty Chemicals,Basic Materials,False,Cash,1,Stage 2,Stage 2,Messy Stage 2,0.64,"Long-term structure is still constructive, but the short-term/weekly structure is not clean.",Stage 2 reclaimed after 3 confirmation runs.,,2026-10-07,,watchlist,weekly_watchlist,watchlist,17.39,28.76,22.51,10.0,17.39,28.76,32.51,2.51,25.1,442667075.88,"Stage 2, Messy Stage 2",241,253,Stage 2 Failed,watchlist,weekly_watchlist,35.44,12,-2.9299999999999997,False,False,True,False,False
KRISHANA.NS,Krishana Phoschem Limited,Agricultural Inputs,Basic Materials,False,Cash,1,Stage 2,Stage 2,Clean Stage 2,0.9,"Price is above rising key averages, weekly structure is supportive, and the stock is near its 52-week high.",,,2026-10-07,,watchlist,weekly_watchlist,watchlist,39.76,23.6,32.49,0.0,39.76,23.6,32.49,46.7,54.83,127030153.96,"Stage 2, Clean Stage 2, trend_template_ok, weekly_volume_dryup",242,245,Stage 2,watchlist,weekly_watchlist,36.29,3,-3.799999999999997,False,False,False,False,False
CHALET.NS,Chalet Hotels Limited,Lodging,Consumer Cyclical,False,Cash,1,Stage 2 Failed,Not Sure,Failed Stage 2,0.72,"This stock was recently Stage 2, but the latest structure no longer satisfies Stage 2 rules. It is kept as Stage 2 Failed until a fresh base/repair structure forms.",Recent Stage 2 break; public stage held as Stage 2 Failed.,2026-10-08,2026-09-29,,watchlist,weekly_watchlist,watchlist,19.17,44.11,30.39,2.0,19.17,44.11,32.39,5.65,14.09,146098304.96,"Not Sure, Not Sure, weekly_vcp_ok, weekly_volume_dryup, weekly_strong | Stage 2 failed state applied from stage memory.",243,273,Stage 2 Failed,watchlist,weekly_watchlist,33.59,30,-1.2000000000000028,False,False,False,False,False
PAISALO.NS,Paisalo Digital Limited,Credit Services,Financial Services,False,Cash,1,Stage 2,Stage 2,Extended Stage 2,0.78,"Advancing structure remains intact, but price is stretched versus key moving averages or far above the 52-week low.",,,2026-10-07,,watchlist,weekly_watchlist,watchlist,33.26,26.0,29.99,2.0,33.26,26.0,31.99,20.27,91.92,1325727890.12,"Stage 2, Extended Stage 2, trend_template_ok, weekly_volume_dryup",244,149,Stage 2,watchlist,weekly_watchlist,45.22,-95,-13.23,False,False,False,False,False
ARVIND.NS,Arvind Limited,Textile Manufacturing,Consumer Cyclical,False,Cash,1,Stage 2,Stage 2,Early Stage 2,0.72,"Price has moved above long-term structure, but the full moving-average stack is not clean yet.",,,2026-10-07,,watchlist,weekly_watchlist,watchlist,22.55,21.23,21.96,10.0,22.55,21.23,31.96,3.37,40.96,305291118.37,"Stage 2, Early Stage 2, volume_dryup, weekly_volume_dryup",245,294,Stage 2,watchlist,weekly_watchlist,31.48,49,0.4800000000000004,False,False,False,False,False
GAIL.NS,GAIL (India) Limited,Utilities,Utilities,True,F&O,1,Stage 2 Failed,Stage 3,Failed Stage 2,0.72,"This stock was recently Stage 2, but the latest structure no longer satisfies Stage 2 rules. It is kept as Stage 2 Failed until a fresh base/repair structure forms.",Recent Stage 2 break; public stage held as Stage 2 Failed.,2026-10-08,2026-10-07,,watchlist,weekly_watchlist,watchlist,17.33,49.74,31.91,0.0,17.33,49.74,31.91,6.22,13.19,1100535200.05,"Stage 3, Stage 3 - Transition, weekly_vcp_ok, weekly_volume_dryup, weekly_strong, distribution_risk | Stage 2 failed state applied from stage memory.",246,110,Stage 2,watchlist,weekly_near_pivot,49.66,-136,-17.749999999999996,False,False,False,False,False
63MOONS.NS,63 moons technologies limited,Software - Application,Technology,False,Cash,1,Stage 2,Stage 2,Early Stage 2,0.72,"Price has moved above long-term structure, but the full moving-average stack is not clean yet.",,,2026-10-07,,watchlist,weekly_watchlist,watchlist,38.07,19.47,29.7,2.0,38.07,19.47,31.7,13.91,24.81,295403143.41,"Stage 2, Early Stage 2, daily_vcp_ok, volume_dryup, weekly_volume_dryup",247,259,Stage 2,watchlist,weekly_watchlist,35.08,12,-3.379999999999999,False,False,False,False,False
HNDFDS.NS,Hindustan Foods Limited,Conglomerates,Industrials,False,Cash,1,Stage 2,Stage 2,Early Stage 2,0.72,"Price has moved above long-term structure, but the full moving-average stack is not clean yet.",,,2026-10-07,,watchlist,weekly_forming,watchlist,6.92,61.89,31.66,0.0,6.92,61.89,31.66,8.69,21.22,39092051.62,"Stage 2, Early Stage 2, weekly_vcp_ok, volume_dryup, weekly_volume_dryup, weekly_strong",248,268,Stage 2,watchlist,weekly_forming,34.24,20,-2.580000000000002,False,False,False,False,False
BASF.NS,BASF India Limited,Specialty Chemicals,Basic Materials,False,Cash,1,Stage 4,Stage 4,Stage 4 - Weak/Declining,0.72,Price is below long-term support with weak trend evidence.,,,2026-09-08,,watchlist,weekly_watchlist,watchlist,9.6,35.83,21.4,10.0,9.6,35.83,31.4,1.4,-1.1,57307489.14,"Stage 4, Stage 4 - Weak/Declining, weekly_vcp_ok, volume_dryup, weekly_volume_dryup, weekly_strong, downtrend",249,292,Stage 4,watchlist,weekly_watchlist,31.69,43,-0.2900000000000027,False,False,False,False,False
ELECON.NS,Elecon Engineering Company Limited,Specialty Industrial Machinery,Industrials,False,Cash,1,Stage 4,Stage 4,Stage 4 - Weak/Declining,0.72,Price is below long-term support with weak trend evidence.,,,2026-07-06,,watchlist,weekly_watchlist,watchlist,9.26,36.21,21.39,10.0,9.26,36.21,31.39,-6.15,10.28,1081030387.99,"Stage 4, Stage 4 - Weak/Declining, weekly_vcp_ok, weekly_volume_dryup, weekly_strong, downtrend",250,267,Stage 4,watchlist,weekly_watchlist,34.32,17,-2.9299999999999997,False,False,False,False,False
ARE&M.NS,Amara Raja Energy & Mobility Limited,Electrical Equipment & Parts,Industrials,False,Cash,1,Stage 4,Stage 4,Stage 4 - Weak/Declining,0.72,Price is below long-term support with weak trend evidence.,,,2026-08-28,,watchlist,weekly_watchlist,watchlist,9.46,35.8,21.31,10.0,9.46,35.8,31.31,-10.87,1.13,304875619.31,"Stage 4, Stage 4 - Weak/Declining, weekly_vcp_ok, volume_dryup, weekly_volume_dryup, weekly_strong, downtrend",251,296,Stage 4,watchlist,weekly_watchlist,31.17,45,0.13999999999999702,False,False,False,False,False
INDIANB.NS,Indian Bank,Banks - Regional,Financial Services,True,F&O,1,Stage 1,Stage 1,Stage 1 - Base/Repair,0.7,Price is near long-term moving averages with no strong long-term downtrend signal.,,,2026-09-07,,watchlist,weekly_watchlist,watchlist,18.98,41.82,29.26,2.0,18.98,41.82,31.26,5.08,-4.88,726374518.8,"Stage 1, Stage 1 - Base/Repair, weekly_vcp_ok, weekly_strong, stage1_not_actionable, stage1_needs_more_base",252,309,Stage 1,watchlist,weekly_watchlist,29.76,57,1.5,False,False,False,False,False
SAGILITY.NS,SAGILITY LIMITED,Healthcare,Healthcare,False,Cash,1,Stage 4,Stage 4,Stage 4 - Weak/Declining,0.72,Price is below long-term support with weak trend evidence.,,,,,watchlist,weekly_watchlist,watchlist,16.64,37.82,26.17,5.0,16.64,37.82,31.17,12.13,8.03,541444016.85,"Stage 4, Stage 4 - Weak/Declining, weekly_vcp_ok, volume_dryup, weekly_volume_dryup, weekly_strong, downtrend",253,356,Stage 4,watchlist,weekly_watchlist,26.48,103,4.690000000000001,False,False,False,False,False
NETWEB.NS,Netweb Technologies India Limited,Technology,Technology,False,Cash,1,Stage 2,Stage 2,Early Stage 2,0.72,"Price has moved above long-term structure, but the full moving-average stack is not clean yet.",,,2026-10-07,,watchlist,weekly_watchlist,watchlist,21.62,20.6,21.16,10.0,21.62,20.6,31.16,15.43,34.58,4332745025.3,"Stage 2, Early Stage 2, volume_dryup, weekly_volume_dryup",254,334,Stage 2,watchlist,weekly_watchlist,28.29,80,2.870000000000001,False,False,False,False,False
JUBLINGREA.NS,Jubilant Ingrevia Limited,Specialty Chemicals,Basic Materials,False,Cash,1,Stage 4,Stage 4,Stage 4 - Weak/Declining,0.72,Price is below long-term support with weak trend evidence.,,,2026-09-09,,watchlist,weekly_watchlist,watchlist,8.2,36.9,21.12,10.0,8.2,36.9,31.12,-5.88,0.56,192789307.53,"Stage 4, Stage 4 - Weak/Declining, weekly_vcp_ok, weekly_volume_dryup, weekly_strong, downtrend",255,295,Stage 4,watchlist,weekly_watchlist,31.42,40,-0.3000000000000007,False,False,False,False,False
VINATIORGA.NS,Vinati Organics Limited,Specialty Chemicals,Basic Materials,False,Cash,1,Stage 4,Stage 4,Stage 4 - Confirmed Downtrend,0.86,Price is below a bearish moving-average stack with falling trend signals.,,,,,watchlist,weekly_watchlist,watchlist,8.13,36.9,21.08,10.0,8.13,36.9,31.08,-6.01,-4.07,66830108.27,"Stage 4, Stage 4 - Confirmed Downtrend, weekly_vcp_ok, volume_dryup, weekly_volume_dryup, weekly_strong, downtrend",256,291,Stage 4,watchlist,weekly_watchlist,31.7,35,-0.620000000000001,False,False,False,False,False
TIRUMALCHM.NS,Thirumalai Chemicals Limited,Specialty Chemicals,Basic Materials,False,Cash,1,Stage 4,Stage 4,Stage 4 - Confirmed Downtrend,0.86,Price is below a bearish moving-average stack with falling trend signals.,,,,,watchlist,weekly_watchlist,watchlist,8.07,36.9,21.04,10.0,8.07,36.9,31.04,-4.17,-22.02,67475408.05,"Stage 4, Stage 4 - Confirmed Downtrend, weekly_vcp_ok, volume_dryup, weekly_volume_dryup, weekly_strong, downtrend",257,297,Stage 4,watchlist,weekly_watchlist,31.04,40,0.0,False,False,False,False,False
TI.NS,Tilaknagar Industries Limited,Consumer Defensive,Consumer Defensive,False,Cash,1,Stage 2,Stage 2,Messy Stage 2,0.64,"Long-term structure is still constructive, but the short-term/weekly structure is not clean.",,,2026-10-07,,watchlist,weekly_watchlist,watchlist,38.6,21.78,31.03,0.0,38.6,21.78,31.03,31.37,30.38,517169397.98,"Stage 2, Messy Stage 2, trend_template_ok, volume_dryup",258,288,Stage 2,watchlist,weekly_watchlist,31.8,30,-0.7699999999999996,False,False,False,False,False
VESUVIUS.NS,Vesuvius India Limited,Specialty Industrial Machinery,Industrials,False,Cash,1,Stage 4,Stage 4,Stage 4 - Confirmed Downtrend,0.86,Price is below a bearish moving-average stack with falling trend signals.,,,,,watchlist,weekly_watchlist,watchlist,8.85,35.8,20.98,10.0,8.85,35.8,30.98,-4.36,-10.88,265935265.53,"Stage 4, Stage 4 - Confirmed Downtrend, weekly_vcp_ok, weekly_volume_dryup, weekly_strong, downtrend",259,317,Stage 4,watchlist,weekly_watchlist,29.11,58,1.870000000000001,False,False,False,False,False
BAJAJHLDNG.NS,Bajaj Holdings & Investment Limited,Asset Management,Financial Services,True,F&O,1,Stage 2 Failed,Stage 3,Failed Stage 2,0.72,"This stock was recently Stage 2, but the latest structure no longer satisfies Stage 2 rules. It is kept as Stage 2 Failed until a fresh base/repair structure forms.",Recent Stage 2 break; public stage held as Stage 2 Failed.,2026-10-08,2026-10-07,,watchlist,weekly_watchlist,watchlist,16.47,44.2,28.95,2.0,16.47,44.2,30.95,7.32,14.67,453542986.38,"Stage 3, Stage 3 - Transition, weekly_vcp_ok, weekly_strong, distribution_risk | Stage 2 failed state applied from stage memory.",260,141,Stage 2 Failed,watchlist,weekly_forming,46.12,-119,-15.169999999999998,False,False,False,False,False
RHIM.NS,RHI MAGNESITA INDIA LIMITED,Metal Fabrication,Industrials,False,Cash,1,Stage 4,Stage 4,Stage 4 - Confirmed Downtrend,0.86,Price is below a bearish moving-average stack with falling trend signals.,,,,,watchlist,weekly_watchlist,watchlist,7.62,36.95,20.82,10.0,7.62,36.95,30.82,-0.31,0.79,414999765.87,"Stage 4, Stage 4 - Confirmed Downtrend, weekly_vcp_ok, volume_dryup, weekly_volume_dryup, weekly_strong, downtrend",261,329,Stage 4,watchlist,weekly_watchlist,28.57,68,2.25,False,False,False,False,False
MAHSEAMLES.NS,Maharashtra Seamless Limited,Steel,Basic Materials,False,Cash,1,Stage 2,Stage 2,Early Stage 2,0.72,"Price has moved above long-term structure, but the full moving-average stack is not clean yet.",,,2026-10-07,,watchlist,weekly_watchlist,watchlist,14.94,39.04,25.79,5.0,14.94,39.04,30.79,19.2,9.16,269066150.0,"Stage 2, Early Stage 2, weekly_volume_dryup",262,222,Stage 2,watchlist,weekly_watchlist,38.93,-40,-8.14,False,False,False,False,False
ASIANPAINT.NS,Asian Paints Limited,Specialty Chemicals,Basic Materials,True,F&O,1,Stage 4,Stage 4,Stage 4 - Weak/Declining,0.72,Price is below long-term support with weak trend evidence.,,,2026-08-20,,watchlist,weekly_watchlist,watchlist,8.3,35.8,20.68,10.0,8.3,35.8,30.68,-4.31,2.91,1344242447.3,"Stage 4, Stage 4 - Weak/Declining, weekly_vcp_ok, weekly_volume_dryup, weekly_strong, downtrend",263,299,Stage 4,watchlist,weekly_watchlist,30.67,36,0.00999999999999801,False,False,False,False,False
KDDL.NS,KDDL Limited,Luxury Goods,Consumer Cyclical,False,Cash,1,Stage 2,Stage 2,Early Stage 2,0.72,"Price has moved above long-term structure, but the full moving-average stack is not clean yet.",,,2026-10-07,,watchlist,weekly_watchlist,watchlist,23.62,27.2,25.23,5.0,23.62,27.2,30.23,27.0,69.49,135453279.06,"Stage 2, Early Stage 2, volume_dryup, weekly_volume_dryup",264,169,Stage 2,watchlist,weekly_watchlist,43.73,-95,-13.499999999999996,False,False,False,False,False
GLENMARK.NS,Glenmark Pharmaceuticals Limited,Drug Manufacturers - Specialty & Generic,Healthcare,True,F&O,1,Stage 2 Failed,Stage 1,Failed Stage 2,0.72,"This stock was recently Stage 2, but the latest structure no longer satisfies Stage 2 rules. It is kept as Stage 2 Failed until a fresh base/repair structure forms.",Recent Stage 2 break; public stage held as Stage 2 Failed.,2026-10-08,2026-10-05,,watchlist,weekly_watchlist,watchlist,0.0,44.83,20.17,10.0,0.0,44.83,30.17,3.36,4.91,1363278630.01,"Stage 1, Stage 1 - Base/Repair, weekly_vcp_ok, weekly_volume_dryup, weekly_strong, stage1_not_actionable, stage1_needs_more_base | Stage 2 failed state applied from stage memory.",265,303,Stage 2 Failed,watchlist,weekly_watchlist,30.18,38,-0.00999999999999801,False,False,False,False,False
SONACOMS.NS,Sona BLW Precision Forgings Limited,Auto Parts,Consumer Cyclical,True,F&O,1,Stage 2,Stage 2,Early Stage 2,0.72,"Price has moved above long-term structure, but the full moving-average stack is not clean yet.",,,2026-10-07,,watchlist,weekly_watchlist,watchlist,19.5,31.94,25.1,5.0,19.5,31.94,30.1,27.09,44.28,1869059575.04,"Stage 2, Early Stage 2, weekly_volume_dryup",266,148,Stage 2,watchlist,weekly_watchlist,45.32,-118,-15.219999999999999,False,False,False,False,False
ASTRAZEN.NS,AstraZeneca Pharma India Limited,Drug Manufacturers - Specialty & Generic,Healthcare,False,Cash,1,Stage 4,Stage 4,Stage 4 - Confirmed Downtrend,0.86,Price is below a bearish moving-average stack with falling trend signals.,,,,,watchlist,weekly_watchlist,watchlist,6.13,36.9,19.98,10.0,6.13,36.9,29.98,-21.77,-25.28,56113646.35,"Stage 4, Stage 4 - Confirmed Downtrend, weekly_vcp_ok, weekly_volume_dryup, weekly_strong, downtrend",267,306,Stage 4,watchlist,weekly_watchlist,30.03,39,-0.05000000000000071,False,False,False,False,False
JUBLCPL.NS,Jubilant Agri and Consumer Products Limited,Specialty Chemicals,Basic Materials,False,Cash,1,Stage 2 Failed,Stage 4,Failed Stage 2,0.72,"This stock was recently Stage 2, but the latest structure no longer satisfies Stage 2 rules. It is kept as Stage 2 Failed until a fresh base/repair structure forms.",Recent Stage 2 break; public stage held as Stage 2 Failed.,2026-10-08,2026-09-29,,watchlist,weekly_watchlist,watchlist,4.24,39.21,19.98,10.0,4.24,39.21,29.98,0.38,22.7,17214735.37,"Stage 4, Stage 4 - Weak/Declining, weekly_vcp_ok, volume_dryup, weekly_volume_dryup, weekly_strong, downtrend | Stage 2 failed state applied from stage memory.",268,293,Stage 2 Failed,watchlist,weekly_watchlist,31.61,25,-1.629999999999999,False,False,False,False,False
ANANDRATHI.NS,Anand Rathi Wealth Limited,Asset Management,Financial Services,False,Cash,1,Stage 2,Stage 2,Early Stage 2,0.72,"Price has moved above long-term structure, but the full moving-average stack is not clean yet.",,,2026-10-07,,watchlist,weekly_watchlist,watchlist,23.5,33.23,27.88,2.0,23.5,33.23,29.88,10.95,25.34,871750831.85,"Stage 2, Early Stage 2",269,423,Stage 2,watchlist,weekly_watchlist,24.0,154,5.879999999999999,False,False,False,False,False
SANGAMIND.NS,Sangam (India) Limited,Textile Manufacturing,Consumer Cyclical,False,Cash,1,Stage 2,Stage 2,Stage 2,0.76,Advancing structure detected.,,,2026-10-07,,watchlist,weekly_watchlist,watchlist,10.12,31.74,19.85,10.0,10.12,31.74,29.85,16.07,41.35,33469479.56,"Stage 2, Stage 2",270,305,Stage 2,watchlist,weekly_watchlist,30.03,35,-0.17999999999999972,False,False,False,False,False
POWERINDIA.NS,Hitachi Energy India Limited,Electrical Equipment & Parts,Industrials,True,F&O,1,Stage 2 Failed,Stage 1,Failed Stage 2,0.72,"This stock was recently Stage 2, but the latest structure no longer satisfies Stage 2 rules. It is kept as Stage 2 Failed until a fresh base/repair structure forms.",Recent Stage 2 break; public stage held as Stage 2 Failed.,2026-10-08,2026-09-18,,watchlist,weekly_watchlist,watchlist,0.0,43.83,19.72,10.0,0.0,43.83,29.72,3.4,16.87,2857530313.25,"Stage 1, Stage 1 - Base/Repair, weekly_vcp_ok, weekly_volume_dryup, weekly_strong, stage1_not_actionable, stage1_needs_more_base | Stage 2 failed state applied from stage memory.",271,311,Stage 2 Failed,watchlist,weekly_watchlist,29.55,40,0.16999999999999815,False,False,False,False,False
ASAHIINDIA.NS,Asahi India Glass Limited,Auto Parts,Consumer Cyclical,False,Cash,1,Stage 2 Failed,Not Sure,Failed Stage 2,0.72,"This stock was recently Stage 2, but the latest structure no longer satisfies Stage 2 rules. It is kept as Stage 2 Failed until a fresh base/repair structure forms.",Recent Stage 2 break; public stage held as Stage 2 Failed.,2026-10-08,2026-10-07,,watchlist,weekly_watchlist,watchlist,31.13,16.81,24.69,5.0,31.13,16.81,29.69,10.07,18.04,107708600.7,"Not Sure, Not Sure, volume_dryup, weekly_volume_dryup | Stage 2 failed state applied from stage memory.",272,133,Stage 2,watchlist,weekly_watchlist,46.86,-139,-17.169999999999998,False,False,False,False,False
KIRLOSENG.NS,Kirloskar Oil Engines Limited,Specialty Industrial Machinery,Industrials,False,Cash,1,Stage 2,Stage 2,Messy Stage 2,0.64,"Long-term structure is still constructive, but the short-term/weekly structure is not clean.",,,2026-10-07,,watchlist,weekly_watchlist,watchlist,10.76,30.13,19.48,10.0,10.76,30.13,29.48,-0.08,41.41,1577427168.41,"Stage 2, Messy Stage 2, weekly_volume_dryup",273,301,Stage 2,watchlist,weekly_watchlist,30.52,28,-1.0399999999999991,False,False,False,False,False
JKPAPER.NS,JK Paper Limited,Basic Materials,Basic Materials,False,Cash,1,Stage 2 Failed,Stage 1,Failed Stage 2,0.72,"This stock was recently Stage 2, but the latest structure no longer satisfies Stage 2 rules. It is kept as Stage 2 Failed until a fresh base/repair structure forms.",Recent Stage 2 break; public stage held as Stage 2 Failed.,2026-10-08,2026-10-07,,watchlist,weekly_watchlist,watchlist,17.08,44.47,29.41,0.0,17.08,44.47,29.41,8.77,6.89,148157557.45,"Stage 1, Stage 1 - Base/Repair, weekly_vcp_ok, volume_dryup, weekly_volume_dryup, weekly_strong, stage1_not_actionable, stage1_needs_more_base | Stage 2 failed state applied from stage memory.",274,105,Stage 2,watchlist,weekly_forming,50.11,-169,-20.7,False,False,False,False,False
MARICO.NS,Marico Limited,Household & Personal Products,Consumer Defensive,True,F&O,1,Not Sure,Not Sure,Not Sure,0.0,Stage rules did not identify a reliable structure.,No confident stage classification.,,2026-09-01,,watchlist,weekly_watchlist,watchlist,5.57,47.05,24.24,5.0,5.57,47.05,29.24,0.21,12.25,1173893173.7,"Not Sure, Not Sure, weekly_vcp_ok, weekly_volume_dryup, weekly_strong",275,316,Not Sure,watchlist,weekly_watchlist,29.16,41,0.0799999999999983,False,False,False,False,False
INGERRAND.NS,Ingersoll Rand (India) Limited,Specialty Industrial Machinery,Industrials,False,Cash,1,Stage 1,Stage 1,Stage 1 - Base/Repair,0.7,Price is near long-term moving averages with no strong long-term downtrend signal.,,,2026-09-16,,watchlist,weekly_watchlist,watchlist,0.0,42.3,19.04,10.0,0.0,42.3,29.04,-0.73,5.7,70898915.01,"Stage 1, Stage 1 - Base/Repair, weekly_vcp_ok, volume_dryup, weekly_volume_dryup, weekly_strong, stage1_not_actionable, stage1_needs_more_base",276,323,Stage 2 Failed,watchlist,weekly_watchlist,28.91,47,0.129999999999999,False,False,False,False,False
ATUL.NS,Atul Limited,Specialty Chemicals,Basic Materials,False,Cash,1,Stage 1,Stage 1,Stage 1 - Unclear/Repair,0.58,Not enough evidence for Stage 2 or Stage 4; classified as repair/unclear structure.,,,2026-07-03,,watchlist,weekly_watchlist,watchlist,0.0,42.17,18.98,10.0,0.0,42.17,28.98,6.19,-2.44,176744002.4,"Stage 1, Stage 1 - Unclear/Repair, weekly_vcp_ok, weekly_volume_dryup, weekly_strong, stage1_not_actionable, stage1_needs_more_base",277,325,Stage 1,watchlist,weekly_watchlist,28.81,48,0.1700000000000017,False,False,False,False,False
CRAFTSMAN.NS,Craftsman Automation Limited,Auto Parts,Consumer Cyclical,False,Cash,1,Stage 2,Stage 2,Early Stage 2,0.72,"Price has moved above long-term structure, but the full moving-average stack is not clean yet.",,,2026-10-07,,watchlist,weekly_watchlist,watchlist,19.92,28.85,23.94,5.0,19.92,28.85,28.94,17.9,42.56,532105722.2,"Stage 2, Early Stage 2, volume_dryup, weekly_volume_dryup",278,315,Stage 2,watchlist,weekly_watchlist,29.24,37,-0.29999999999999716,False,False,False,False,False
SEAMECLTD.NS,Seamec Limited,Marine Shipping,Industrials,False,Cash,1,Stage 2,Stage 2,Early Stage 2,0.72,"Price has moved above long-term structure, but the full moving-average stack is not clean yet.",,,2026-10-07,,watchlist,weekly_watchlist,watchlist,18.31,19.67,18.92,10.0,18.31,19.67,28.92,17.41,11.3,86408550.83,"Stage 2, Early Stage 2, volume_dryup, weekly_volume_dryup",279,307,Stage 2,watchlist,weekly_watchlist,29.91,28,-0.9899999999999984,False,False,False,False,False
DIXON.NS,Dixon Technologies (India) Limited,Technology,Technology,True,F&O,1,Stage 3,Stage 3,Stage 3 - Distribution/Damage,0.76,"Prior strength exists, but short-term and/or weekly structure is deteriorating.",,,2026-09-08,,watchlist,weekly_watchlist,watchlist,0.0,42.04,18.92,10.0,0.0,42.04,28.92,2.88,19.52,3694236549.94,"Stage 3, Stage 3 - Distribution/Damage, weekly_vcp_ok, volume_dryup, weekly_volume_dryup, weekly_strong, distribution_risk",280,322,Stage 3,watchlist,weekly_watchlist,28.91,42,0.010000000000001563,False,False,False,False,False
KAJARIACER.NS,Kajaria Ceramics Limited,Building Products & Equipment,Industrials,False,Cash,1,Stage 2 Failed,Stage 1,Failed Stage 2,0.72,"This stock was recently Stage 2, but the latest structure no longer satisfies Stage 2 rules. It is kept as Stage 2 Failed until a fresh base/repair structure forms.",Recent Stage 2 break; public stage held as Stage 2 Failed.,2026-10-08,2026-10-07,,watchlist,weekly_watchlist,watchlist,10.28,51.68,28.91,0.0,10.28,51.68,28.91,6.56,12.23,596605630.81,"Stage 1, Stage 1 - Base/Repair, weekly_vcp_ok, weekly_strong, stage1_not_actionable, stage1_needs_more_base | Stage 2 failed state applied from stage memory.",281,137,Stage 2,watchlist,weekly_near_pivot,46.57,-144,-17.66,False,False,False,False,False
HONAUT.NS,Honeywell Automation India Limited,Electrical Equipment & Parts,Industrials,False,Cash,1,Stage 4,Stage 4,Stage 4 - Weak/Declining,0.72,Price is below long-term support with weak trend evidence.,,,2026-09-04,,watchlist,weekly_watchlist,watchlist,3.79,37.27,18.86,10.0,3.79,37.27,28.86,-6.56,21.25,154992232.5,"Stage 4, Stage 4 - Weak/Declining, weekly_vcp_ok, weekly_volume_dryup, weekly_strong, downtrend",282,320,Stage 4,watchlist,weekly_watchlist,29.02,38,-0.16000000000000014,False,False,False,False,False
XPROINDIA.NS,Xpro India Limited,Specialty Chemicals,Basic Materials,False,Cash,1,Stage 2 Failed,Stage 1,Failed Stage 2,0.72,"This stock was recently Stage 2, but the latest structure no longer satisfies Stage 2 rules. It is kept as Stage 2 Failed until a fresh base/repair structure forms.",Recent Stage 2 break; public stage held as Stage 2 Failed.,2026-10-08,2026-09-25,,watchlist,weekly_watchlist,watchlist,0.0,41.8,18.81,10.0,0.0,41.8,28.81,-15.56,9.88,49207175.16,"Stage 1, Stage 1 - Base/Repair, weekly_vcp_ok, volume_dryup, weekly_volume_dryup, weekly_strong, stage1_not_actionable, stage1_needs_more_base | Stage 2 failed state applied from stage memory.",283,339,Stage 2 Failed,watchlist,weekly_watchlist,27.91,56,0.8999999999999986,False,False,False,False,False
NYKAA.NS,FSN E-Commerce Ventures Limited,Consumer Cyclical,Consumer Cyclical,True,F&O,1,Stage 2,Stage 2,Early Stage 2,0.72,"Price has moved above long-term structure, but the full moving-average stack is not clean yet.",,,2026-10-07,,watchlist,weekly_watchlist,watchlist,26.7,26.85,26.77,2.0,26.7,26.85,28.77,10.58,33.89,1490778997.64,"Stage 2, Early Stage 2",284,314,Stage 2,watchlist,weekly_watchlist,29.37,30,-0.6000000000000014,False,False,False,False,False
RAYMONDREL.NS,Raymond Realty Limited,Real Estate,Real Estate,False,Cash,1,Stage 2,Stage 2,Stage 2,0.76,Advancing structure detected.,,,2026-10-07,,watchlist,weekly_watchlist,watchlist,19.38,40.2,28.75,0.0,19.38,40.2,28.75,4.73,57.24,1937536588.21,"Stage 2, Stage 2",285,321,Stage 2,watchlist,weekly_watchlist,29.01,36,-0.26000000000000156,False,False,False,False,False
MEDANTA.NS,Global Health Limited,Medical Care Facilities,Healthcare,False,Cash,1,Stage 2,Stage 2,Early Stage 2,0.72,"Price has moved above long-term structure, but the full moving-average stack is not clean yet.",,,2026-10-07,,watchlist,weekly_forming,watchlist,13.43,47.3,28.67,0.0,13.43,47.3,28.67,4.31,27.66,337472995.22,"Stage 2, Early Stage 2, weekly_vcp_ok, weekly_volume_dryup",286,308,Stage 2,watchlist,weekly_forming,29.76,22,-1.0899999999999999,False,False,False,False,False
PTC.NS,PTC India Limited,Utilities,Utilities,False,Cash,1,Not Sure,Stage 1,Pending Stage 1,0.55,Blocked public stage jump Stage 3 -> Stage 1; waiting for intermediate/confirmed structure.,Blocked public stage jump Stage 3 -> Stage 1; waiting for intermediate/confirmed structure.,,2026-07-06,Stage 1,watchlist,weekly_watchlist,watchlist,16.95,42.83,28.6,0.0,16.95,42.83,28.6,8.07,2.19,207903393.17,"Stage 1, Stage 1 - Base/Repair, weekly_vcp_ok, volume_dryup, weekly_strong, stage1_not_actionable, stage1_needs_more_base | Blocked public stage jump Stage 3 -> Stage 1; waiting for intermediate/confirmed structure.",287,327,Stage 3,watchlist,weekly_watchlist,28.64,40,-0.03999999999999915,False,False,False,False,False
PFOCUS.NS,Prime Focus Limited,Communication Services,Communication Services,False,Cash,1,Stage 2 Failed,Stage 1,Failed Stage 2,0.72,"This stock was recently Stage 2, but the latest structure no longer satisfies Stage 2 rules. It is kept as Stage 2 Failed until a fresh base/repair structure forms.",Recent Stage 2 break; public stage held as Stage 2 Failed.,2026-10-08,2026-10-07,,watchlist,weekly_watchlist,watchlist,8.62,41.8,23.55,5.0,8.62,41.8,28.55,7.38,-14.43,1210556422.39,"Stage 1, Stage 1 - Base/Repair, weekly_vcp_ok, weekly_strong, stage1_not_actionable, stage1_needs_more_base | Stage 2 failed state applied from stage memory.",288,128,Stage 2,watchlist,weekly_forming,47.69,-160,-19.139999999999997,False,False,False,False,False
NITINSPIN.NS,Nitin Spinners Limited,Textile Manufacturing,Consumer Cyclical,False,Cash,1,Stage 2,Stage 2,Early Stage 2,0.72,"Price has moved above long-term structure, but the full moving-average stack is not clean yet.",,,2026-10-07,,watchlist,weekly_watchlist,watchlist,14.38,23.61,18.53,10.0,14.38,23.61,28.53,14.53,53.57,47903397.21,"Stage 2, Early Stage 2, volume_dryup, weekly_volume_dryup",289,184,Stage 2,watchlist,weekly_watchlist,42.34,-105,-13.810000000000002,False,False,False,False,False
JINDALSTEL.NS,JINDAL STEEL LIMITED,Steel,Basic Materials,True,F&O,1,Stage 2 Failed,Stage 4,Failed Stage 2,0.72,"This stock was recently Stage 2, but the latest structure no longer satisfies Stage 2 rules. It is kept as Stage 2 Failed until a fresh base/repair structure forms.",Recent Stage 2 break; public stage held as Stage 2 Failed.,2026-10-08,2026-09-25,,watchlist,weekly_watchlist,watchlist,13.2,35.8,23.37,5.0,13.2,35.8,28.37,5.44,-10.27,1049268460.22,"Stage 4, Stage 4 - Weak/Declining, weekly_vcp_ok, weekly_strong, downtrend | Stage 2 failed state applied from stage memory.",290,304,Stage 2 Failed,watchlist,weekly_watchlist,30.13,14,-1.759999999999998,False,False,False,False,False
CHOLAFIN.NS,Cholamandalam Investment and Finance Company Limited,Credit Services,Financial Services,True,F&O,1,Stage 2 Failed,Stage 1,Failed Stage 2,0.72,"This stock was recently Stage 2, but the latest structure no longer satisfies Stage 2 rules. It is kept as Stage 2 Failed until a fresh base/repair structure forms.",Recent Stage 2 break; public stage held as Stage 2 Failed.,2026-10-08,2026-09-23,,watchlist,weekly_watchlist,watchlist,12.69,43.01,26.33,2.0,12.69,43.01,28.33,-4.65,5.75,2516615054.92,"Stage 1, Stage 1 - Unclear/Repair, weekly_vcp_ok, weekly_volume_dryup, weekly_strong, stage1_not_actionable, stage1_needs_more_base | Stage 2 failed state applied from stage memory.",291,326,Stage 2 Failed,watchlist,weekly_watchlist,28.77,35,-0.4400000000000013,False,False,False,False,False
SHAREINDIA.NS,Share India Securities Limited,Capital Markets,Financial Services,False,Cash,1,Stage 2,Stage 2,Early Stage 2,0.72,"Price has moved above long-term structure, but the full moving-average stack is not clean yet.",,,2026-10-07,,watchlist,weekly_watchlist,watchlist,35.69,19.14,28.24,0.0,35.69,19.14,28.24,13.35,34.1,1028093227.16,"Stage 2, Early Stage 2, daily_vcp_ok, volume_dryup, weekly_volume_dryup",292,182,Stage 2,forming_vcp,weekly_watchlist,42.42,-110,-14.180000000000003,False,False,False,False,False
GUFICBIO.NS,Gufic Biosciences Limited,Drug Manufacturers - Specialty & Generic,Healthcare,False,Cash,1,Stage 2,Stage 2,Early Stage 2,0.72,"Price has moved above long-term structure, but the full moving-average stack is not clean yet.",,,2026-10-07,,watchlist,weekly_watchlist,watchlist,10.32,27.81,18.19,10.0,10.32,27.81,28.19,11.15,38.94,34925481.16,"Stage 2, Early Stage 2, volume_dryup, weekly_volume_dryup",293,223,Stage 2,watchlist,weekly_watchlist,38.68,-70,-10.489999999999998,False,False,False,False,False
TATACHEM.NS,Tata Chemicals Limited,Chemicals,Basic Materials,False,Cash,1,Stage 4,Stage 4,Stage 4 - Confirmed Downtrend,0.86,Price is below a bearish moving-average stack with falling trend signals.,,,,,watchlist,weekly_watchlist,watchlist,12.8,35.8,23.15,5.0,12.8,35.8,28.15,-7.41,-7.44,2664662340.28,"Stage 4, Stage 4 - Confirmed Downtrend, weekly_vcp_ok, volume_dryup, weekly_volume_dryup, weekly_strong, downtrend",294,335,Stage 4,watchlist,weekly_watchlist,28.13,41,0.019999999999999574,False,False,False,False,False
SAPPHIRE.NS,Sapphire Foods India Limited,Consumer Cyclical,Consumer Cyclical,False,Cash,1,Stage 2 Failed,Not Sure,Failed Stage 2,0.72,"This stock was recently Stage 2, but the latest structure no longer satisfies Stage 2 rules. It is kept as Stage 2 Failed until a fresh base/repair structure forms.",Recent Stage 2 break; public stage held as Stage 2 Failed.,2026-10-08,2026-09-23,,watchlist,weekly_watchlist,watchlist,5.7,51.1,26.13,2.0,5.7,51.1,28.13,17.86,24.14,173752498.54,"Not Sure, Not Sure, weekly_vcp_ok, volume_dryup, weekly_volume_dryup, weekly_strong | Stage 2 failed state applied from stage memory.",295,324,Stage 2 Failed,watchlist,weekly_watchlist,28.88,29,-0.75,False,False,False,False,False
MRF.NS,MRF Limited,Auto Parts,Consumer Cyclical,False,Cash,1,Stage 4,Stage 4,Stage 4 - Confirmed Downtrend,0.86,Price is below a bearish moving-average stack with falling trend signals.,,,,,watchlist,weekly_watchlist,watchlist,11.69,36.9,23.03,5.0,11.69,36.9,28.03,1.6,-3.68,361261552.75,"Stage 4, Stage 4 - Confirmed Downtrend, weekly_vcp_ok, volume_dryup, weekly_volume_dryup, weekly_strong, downtrend",296,336,Stage 4,watchlist,weekly_watchlist,28.12,40,-0.08999999999999986,False,False,False,False,False
GRSE.NS,Garden Reach Shipbuilders & Engineers Limited,Aerospace & Defense,Industrials,False,Cash,1,Stage 4,Stage 4,Stage 4 - Weak/Declining,0.72,Price is below long-term support with weak trend evidence.,,,2026-07-08,,watchlist,weekly_watchlist,watchlist,12.11,35.8,22.77,5.0,12.11,35.8,27.77,-14.65,-15.19,742400801.39,"Stage 4, Stage 4 - Weak/Declining, weekly_vcp_ok, weekly_volume_dryup, weekly_strong, downtrend",297,350,Stage 4,watchlist,weekly_watchlist,26.76,53,1.009999999999998,False,False,False,False,False
BBL.NS,Bharat Bijlee Limited,Electrical Equipment & Parts,Industrials,False,Cash,1,Stage 4,Stage 4,Stage 4 - Confirmed Downtrend,0.86,Price is below a bearish moving-average stack with falling trend signals.,,,,,watchlist,weekly_watchlist,watchlist,2.1,36.9,17.76,10.0,2.1,36.9,27.76,-16.03,-12.36,39638945.32,"Stage 4, Stage 4 - Confirmed Downtrend, weekly_vcp_ok, volume_dryup, weekly_volume_dryup, weekly_strong, downtrend",298,345,Stage 4,watchlist,weekly_watchlist,27.2,47,0.5600000000000023,False,False,False,False,False
RADICO.NS,Radico Khaitan Limited,Consumer Defensive,Consumer Defensive,False,Cash,1,Stage 2,Stage 2,Early Stage 2,0.72,"Price has moved above long-term structure, but the full moving-average stack is not clean yet.",,,2026-10-07,,watchlist,weekly_watchlist,watchlist,19.38,37.85,27.69,0.0,19.38,37.85,27.69,17.38,53.08,1245716465.71,"Stage 2, Early Stage 2",299,258,Stage 2,watchlist,weekly_watchlist,35.11,-41,-7.419999999999998,False,False,False,False,False
GABRIEL.NS,Gabriel India Limited,Auto Parts,Consumer Cyclical,False,Cash,1,Stage 2,Stage 2,Early Stage 2,0.72,"Price has moved above long-term structure, but the full moving-average stack is not clean yet.",,,2026-10-07,,watchlist,weekly_watchlist,watchlist,20.82,24.89,22.65,5.0,20.82,24.89,27.65,15.33,41.58,922320958.69,"Stage 2, Early Stage 2, volume_dryup, weekly_volume_dryup",300,343,Stage 2,watchlist,weekly_watchlist,27.42,43,0.22999999999999687,False,False,False,False,False
JKTYRE.NS,JK Tyre & Industries Limited,Auto Parts,Consumer Cyclical,False,Cash,1,Stage 4,Stage 4,Stage 4 - Confirmed Downtrend,0.86,Price is below a bearish moving-average stack with falling trend signals.,,,,,watchlist,weekly_watchlist,watchlist,10.9,36.9,22.6,5.0,10.9,36.9,27.6,-8.85,-13.21,164209845.21,"Stage 4, Stage 4 - Confirmed Downtrend, weekly_vcp_ok, weekly_volume_dryup, weekly_strong, downtrend",301,318,Stage 4,watchlist,weekly_watchlist,29.1,17,-1.5,False,False,False,False,False
SCI.NS,Shipping Corporation Of India Limited,Marine Shipping,Industrials,False,Cash,1,Stage 2 Failed,Stage 3,Failed Stage 2,0.72,"This stock was recently Stage 2, but the latest structure no longer satisfies Stage 2 rules. It is kept as Stage 2 Failed until a fresh base/repair structure forms.",Recent Stage 2 break; public stage held as Stage 2 Failed.,2026-10-08,2026-10-06,,watchlist,weekly_watchlist,watchlist,0.0,38.98,17.54,10.0,0.0,38.98,27.54,6.93,4.86,779160318.08,"Stage 3, Stage 3 - Distribution/Damage, weekly_vcp_ok, weekly_strong, distribution_risk | Stage 2 failed state applied from stage memory.",302,338,Stage 2 Failed,watchlist,weekly_watchlist,27.95,36,-0.41000000000000014,False,False,False,False,False
GARFIBRES.NS,Garware Technical Fibres Limited,Textile Manufacturing,Consumer Cyclical,False,Cash,1,Stage 2,Stage 2,Early Stage 2,0.72,"Price has moved above long-term structure, but the full moving-average stack is not clean yet.",,,2026-10-07,,watchlist,weekly_watchlist,watchlist,11.86,24.38,17.49,10.0,11.86,24.38,27.49,11.77,28.04,31621801.13,"Stage 2, Early Stage 2, volume_dryup, weekly_volume_dryup",303,340,Stage 2,watchlist,weekly_watchlist,27.65,37,-0.16000000000000014,False,False,False,False,False
MOTHERSON.NS,Samvardhana Motherson International Limited,Auto Parts,Consumer Cyclical,True,F&O,1,Stage 2,Stage 2,Early Stage 2,0.72,"Price has moved above long-term structure, but the full moving-average stack is not clean yet.",,,2026-10-07,,watchlist,weekly_watchlist,watchlist,21.03,24.01,22.37,5.0,21.03,24.01,27.37,15.92,32.21,1850187601.8,"Stage 2, Early Stage 2, volume_dryup, weekly_volume_dryup",304,287,Stage 2,watchlist,weekly_watchlist,32.08,-17,-4.709999999999997,False,False,False,False,False
NHPC.NS,NHPC Limited,Utilities - Renewable,Utilities,True,F&O,1,Stage 1,Stage 1,Stage 1 - Unclear/Repair,0.58,Not enough evidence for Stage 2 or Stage 4; classified as repair/unclear structure.,,,,,watchlist,weekly_watchlist,watchlist,15.41,41.8,27.29,0.0,15.41,41.8,27.29,-0.63,-4.36,608785340.15,"Stage 1, Stage 1 - Unclear/Repair, weekly_vcp_ok, volume_dryup, weekly_volume_dryup, weekly_strong, stage1_not_actionable, stage1_needs_more_base",305,347,Stage 1,watchlist,weekly_watchlist,27.04,42,0.25,False,False,False,False,False
AGARWALEYE.NS,Dr. Agarwal's Health Care Limited,Healthcare,Healthcare,False,Cash,1,Stage 2 Failed,Stage 4,Failed Stage 2,0.72,"This stock was recently Stage 2, but the latest structure no longer satisfies Stage 2 rules. It is kept as Stage 2 Failed until a fresh base/repair structure forms.",Recent Stage 2 break; public stage held as Stage 2 Failed.,2026-10-08,2026-10-06,,watchlist,weekly_watchlist,watchlist,9.46,37.94,22.28,5.0,9.46,37.94,27.28,5.97,15.42,129751913.27,"Stage 4, Stage 4 - Weak/Declining, weekly_vcp_ok, volume_dryup, weekly_volume_dryup, weekly_strong, downtrend | Stage 2 failed state applied from stage memory.",306,328,Stage 2 Failed,watchlist,weekly_watchlist,28.64,22,-1.3599999999999994,False,False,False,False,False
GHCL.NS,GHCL Limited,Chemicals,Basic Materials,False,Cash,1,Stage 4,Stage 4,Stage 4 - Confirmed Downtrend,0.86,Price is below a bearish moving-average stack with falling trend signals.,,,,,watchlist,weekly_watchlist,watchlist,11.15,35.8,22.24,5.0,11.15,35.8,27.24,-2.92,-15.04,50812768.43,"Stage 4, Stage 4 - Confirmed Downtrend, weekly_vcp_ok, weekly_volume_dryup, weekly_strong, downtrend",307,454,Stage 4,watchlist,weekly_watchlist,22.81,147,4.43,False,False,False,False,False
SUNCLAY.NS,Sundaram Clayton Limited,Metal Fabrication,Industrials,False,Cash,1,Stage 4,Stage 4,Stage 4 - Weak/Declining,0.72,Price is below long-term support with weak trend evidence.,,,,,watchlist,weekly_watchlist,watchlist,0.0,38.0,17.1,10.0,0.0,38.0,27.1,-12.83,-10.55,6972373.9,"Stage 4, Stage 4 - Weak/Declining, weekly_vcp_ok, weekly_volume_dryup, weekly_strong, downtrend",308,346,Stage 4,watchlist,weekly_watchlist,27.1,38,0.0,False,False,False,False,False
CEATLTD.NS,CEAT Limited,Auto Parts,Consumer Cyclical,False,Cash,1,Stage 4,Stage 4,Stage 4 - Weak/Declining,0.72,Price is below long-term support with weak trend evidence.,,,2026-08-05,,watchlist,weekly_watchlist,watchlist,9.97,36.9,22.09,5.0,9.97,36.9,27.09,-7.58,-2.74,157336235.27,"Stage 4, Stage 4 - Weak/Declining, weekly_vcp_ok, volume_dryup, weekly_volume_dryup, weekly_strong, downtrend",309,344,Stage 4,watchlist,weekly_watchlist,27.21,35,-0.120000000000001,False,False,False,False,False
APOLLOHOSP.NS,Apollo Hospitals Enterprise Limited,Medical Care Facilities,Healthcare,True,F&O,1,Stage 2 Failed,Stage 1,Failed Stage 2,0.72,"This stock was recently Stage 2, but the latest structure no longer satisfies Stage 2 rules. It is kept as Stage 2 Failed until a fresh base/repair structure forms.",Recent Stage 2 break; public stage held as Stage 2 Failed.,2026-10-08,2026-09-28,,watchlist,weekly_watchlist,watchlist,15.37,41.34,27.06,0.0,15.37,41.34,27.06,-5.61,8.97,4392910574.82,"Stage 1, Stage 1 - Base/Repair, weekly_vcp_ok, weekly_strong, stage1_not_actionable, stage1_needs_more_base | Stage 2 failed state applied from stage memory.",310,360,Stage 2 Failed,watchlist,weekly_watchlist,26.29,50,0.7699999999999996,False,False,False,False,False
AJANTPHARM.NS,Ajanta Pharma Limited,Drug Manufacturers - Specialty & Generic,Healthcare,False,Cash,1,Stage 2,Stage 2,Early Stage 2,0.72,"Price has moved above long-term structure, but the full moving-average stack is not clean yet.",,,2026-10-07,,watchlist,weekly_watchlist,watchlist,16.09,18.11,17.0,10.0,16.09,18.11,27.0,9.49,27.61,338454601.14,"Stage 2, Early Stage 2",311,196,Stage 2,watchlist,weekly_watchlist,40.97,-115,-13.969999999999999,False,False,False,False,False
ALKEM.NS,Alkem Laboratories Limited,Drug Manufacturers - Specialty & Generic,Healthcare,True,F&O,1,Stage 4,Stage 4,Stage 4 - Confirmed Downtrend,0.86,Price is below a bearish moving-average stack with falling trend signals.,,,2026-08-11,,watchlist,weekly_watchlist,watchlist,1.07,36.23,16.89,10.0,1.07,36.23,26.89,2.62,1.68,881903433.77,"Stage 4, Stage 4 - Confirmed Downtrend, weekly_vcp_ok, weekly_strong, downtrend",312,363,Stage 4,watchlist,weekly_watchlist,26.22,51,0.6700000000000017,False,False,False,False,False
ENRIN.NS,Siemens Energy India Limited,Utilities - Renewable,Utilities,False,Cash,1,Stage 2 Failed,Stage 3,Failed Stage 2,0.72,"This stock was recently Stage 2, but the latest structure no longer satisfies Stage 2 rules. It is kept as Stage 2 Failed until a fresh base/repair structure forms.",Recent Stage 2 break; public stage held as Stage 2 Failed.,2026-10-08,2026-10-07,,watchlist,weekly_watchlist,watchlist,14.7,41.69,26.85,0.0,14.7,41.69,26.85,1.98,16.96,1345500017.99,"Stage 3, Stage 3 - Distribution/Damage, weekly_vcp_ok, weekly_volume_dryup, weekly_strong, distribution_risk | Stage 2 failed state applied from stage memory.",313,143,Stage 2,watchlist,weekly_forming,45.87,-170,-19.019999999999996,False,False,False,False,False
FIEMIND.NS,Fiem Industries Limited,Auto Parts,Consumer Cyclical,False,Cash,1,Stage 4,Stage 4,Stage 4 - Confirmed Downtrend,0.86,Price is below a bearish moving-average stack with falling trend signals.,,,2026-08-17,,watchlist,weekly_watchlist,watchlist,9.25,36.9,21.69,5.0,9.25,36.9,26.69,-11.75,-13.09,111983664.85,"Stage 4, Stage 4 - Confirmed Downtrend, weekly_vcp_ok, volume_dryup, weekly_volume_dryup, weekly_strong, downtrend",314,361,Stage 4,watchlist,weekly_watchlist,26.25,47,0.4400000000000013,False,False,False,False,False
BAJFINANCE.NS,Bajaj Finance Limited,Credit Services,Financial Services,True,F&O,1,Stage 2 Failed,Stage 1,Failed Stage 2,0.72,"This stock was recently Stage 2, but the latest structure no longer satisfies Stage 2 rules. It is kept as Stage 2 Failed until a fresh base/repair structure forms.",Recent Stage 2 break; public stage held as Stage 2 Failed.,2026-10-08,2026-09-29,,watchlist,weekly_watchlist,watchlist,9.27,43.47,24.66,2.0,9.27,43.47,26.66,3.13,13.53,6488256315.57,"Stage 1, Stage 1 - Unclear/Repair, weekly_vcp_ok, weekly_strong, stage1_not_actionable, stage1_needs_more_base | Stage 2 failed state applied from stage memory.",315,349,Stage 2 Failed,watchlist,weekly_watchlist,26.77,34,-0.10999999999999943,False,False,False,False,False
MEDIASSIST.NS,Medi Assist Healthcare Services Limited,Healthcare,Healthcare,False,Cash,1,Stage 4,Stage 4,Stage 4 - Confirmed Downtrend,0.86,Price is below a bearish moving-average stack with falling trend signals.,,,,,watchlist,weekly_watchlist,watchlist,9.1,36.9,21.61,5.0,9.1,36.9,26.61,-9.16,-11.22,87217981.11,"Stage 4, Stage 4 - Confirmed Downtrend, weekly_vcp_ok, weekly_volume_dryup, weekly_strong, downtrend",316,432,Stage 4,watchlist,weekly_watchlist,23.61,116,3.0,False,False,False,False,False
ERIS.NS,Eris Lifesciences Limited,Drug Manufacturers - Specialty & Generic,Healthcare,False,Cash,1,Stage 4,Stage 4,Stage 4 - Confirmed Downtrend,0.86,Price is below a bearish moving-average stack with falling trend signals.,,,,,watchlist,weekly_watchlist,watchlist,0.0,36.9,16.61,10.0,0.0,36.9,26.61,-12.35,-12.63,142438392.27,"Stage 4, Stage 4 - Confirmed Downtrend, weekly_vcp_ok, weekly_strong, downtrend",317,353,Stage 4,watchlist,weekly_watchlist,26.61,36,0.0,False,False,False,False,False
GRAVITA.NS,Gravita India Limited,Metal Fabrication,Industrials,False,Cash,1,Stage 4,Stage 4,Stage 4 - Weak/Declining,0.72,Price is below long-term support with weak trend evidence.,,,2026-09-10,,watchlist,weekly_watchlist,watchlist,0.0,36.9,16.61,10.0,0.0,36.9,26.61,-10.03,-3.83,346181296.29,"Stage 4, Stage 4 - Weak/Declining, weekly_vcp_ok, weekly_strong, downtrend",318,355,Stage 4,watchlist,weekly_watchlist,26.61,37,0.0,False,False,False,False,False
NTPCGREEN.NS,NTPC Green Energy Limited,Utilities - Renewable,Utilities,False,Cash,1,Not Sure,Stage 1,Pending Stage 1,0.55,Blocked public stage jump Stage 4 -> Stage 1; waiting for intermediate/confirmed structure.,Blocked public stage jump Stage 4 -> Stage 1; waiting for intermediate/confirmed structure.,,2026-06-15,Stage 1,watchlist,weekly_watchlist,watchlist,13.99,41.8,26.5,0.0,13.99,41.8,26.5,4.6,-9.18,264635063.4,"Stage 1, Stage 1 - Base/Repair, weekly_vcp_ok, weekly_volume_dryup, weekly_strong, stage1_not_actionable, stage1_needs_more_base | Blocked public stage jump Stage 4 -> Stage 1; waiting for intermediate/confirmed structure.",319,541,Stage 4,watchlist,weekly_watchlist,19.63,222,6.870000000000001,False,False,False,False,False
WESTLIFE.NS,WESTLIFE FOODWORLD LIMITED,Consumer Cyclical,Consumer Cyclical,False,Cash,1,Stage 2,Stage 2,Early Stage 2,0.72,"Price has moved above long-term structure, but the full moving-average stack is not clean yet.",,,2026-10-07,,watchlist,weekly_watchlist,watchlist,18.37,31.9,24.46,2.0,18.37,31.9,26.46,27.96,31.09,291295158.73,"Stage 2, Early Stage 2, volume_dryup, weekly_volume_dryup",320,387,Stage 2,watchlist,weekly_watchlist,25.22,67,1.240000000000002,False,False,False,False,False
MBAPL.NS,Madhya Bharat Agro Products Limited,Agricultural Inputs,Basic Materials,False,Cash,1,Stage 2,Stage 2,Early Stage 2,0.72,"Price has moved above long-term structure, but the full moving-average stack is not clean yet.",,,2026-10-07,,watchlist,weekly_watchlist,watchlist,22.24,31.6,26.45,0.0,22.24,31.6,26.45,31.17,56.39,135632787.26,"Stage 2, Early Stage 2, weekly_volume_dryup",321,246,Stage 2,watchlist,weekly_watchlist,36.28,-75,-9.830000000000002,False,False,False,False,False
EQUITASBNK.NS,Equitas Small Finance Bank Limited,Banks - Regional,Financial Services,False,Cash,1,Stage 1,Stage 1,Stage 1 - Base/Repair,0.7,Price is near long-term moving averages with no strong long-term downtrend signal.,,,2026-08-31,,watchlist,weekly_watchlist,watchlist,9.91,41.89,24.3,2.0,9.91,41.89,26.3,-8.73,9.59,120968306.44,"Stage 1, Stage 1 - Base/Repair, weekly_vcp_ok, weekly_volume_dryup, weekly_strong, stage1_not_actionable, stage1_needs_more_base",322,513,Stage 1,watchlist,weekly_watchlist,20.81,191,5.490000000000002,False,False,False,False,False
APOLLOTYRE.NS,Apollo Tyres Limited,Auto Parts,Consumer Cyclical,False,Cash,1,Stage 4,Stage 4,Stage 4 - Weak/Declining,0.72,Price is below long-term support with weak trend evidence.,,,,,watchlist,weekly_watchlist,watchlist,8.44,36.99,21.29,5.0,8.44,36.99,26.29,2.49,-1.58,357268286.63,"Stage 4, Stage 4 - Weak/Declining, weekly_vcp_ok, weekly_volume_dryup, weekly_strong, downtrend",323,364,Stage 4,watchlist,weekly_watchlist,26.2,41,0.08999999999999986,False,False,False,False,False
KEI.NS,KEI Industries Limited,Electrical Equipment & Parts,Industrials,True,F&O,1,Stage 4,Stage 4,Stage 4,0.66,Declining structure detected.,,,2026-09-03,,watchlist,weekly_watchlist,watchlist,0.0,36.15,16.27,10.0,0.0,36.15,26.27,-2.4,5.91,1516631531.87,"Stage 4, Stage 4, weekly_vcp_ok, volume_dryup, weekly_volume_dryup, weekly_strong, downtrend",324,367,Stage 4,watchlist,weekly_watchlist,26.16,43,0.10999999999999943,False,False,False,False,False
DDEVPLSTIK.NS,Ddev Plastiks Industries Limited,Specialty Chemicals,Basic Materials,False,Cash,1,Stage 4,Stage 4,Stage 4 - Weak/Declining,0.72,Price is below long-term support with weak trend evidence.,,,2026-07-28,,watchlist,weekly_watchlist,watchlist,0.0,36.06,16.23,10.0,0.0,36.06,26.23,-7.87,10.43,18374196.66,"Stage 4, Stage 4 - Weak/Declining, weekly_vcp_ok, volume_dryup, weekly_volume_dryup, weekly_strong, downtrend",325,366,Stage 4,watchlist,weekly_watchlist,26.19,41,0.03999999999999915,False,False,False,False,False
PHOENIXLTD.NS,The Phoenix Mills Limited,Real Estate,Real Estate,True,F&O,1,Stage 2 Failed,Stage 1,Failed Stage 2,0.72,"This stock was recently Stage 2, but the latest structure no longer satisfies Stage 2 rules. It is kept as Stage 2 Failed until a fresh base/repair structure forms.",Recent Stage 2 break; public stage held as Stage 2 Failed.,2026-10-08,2026-10-06,,watchlist,weekly_watchlist,watchlist,13.43,41.8,26.2,0.0,13.43,41.8,26.2,-8.67,6.88,785121515.67,"Stage 1, Stage 1 - Base/Repair, weekly_vcp_ok, weekly_strong, stage1_not_actionable, stage1_needs_more_base | Stage 2 failed state applied from stage memory.",326,766,Stage 2 Failed,watchlist,weekly_watchlist,8.52,440,17.68,False,False,False,False,False
LEMONTREE.NS,Lemon Tree Hotels Limited,Lodging,Consumer Cyclical,False,Cash,1,Stage 4,Stage 4,Stage 4 - Weak/Declining,0.72,Price is below long-term support with weak trend evidence.,,,,,watchlist,weekly_watchlist,watchlist,13.18,37.67,24.2,2.0,13.18,37.67,26.2,3.97,3.74,427786305.55,"Stage 4, Stage 4 - Weak/Declining, weekly_vcp_ok, weekly_strong, downtrend",327,380,Stage 4,watchlist,weekly_watchlist,25.96,53,0.23999999999999844,False,False,False,False,False
KANSAINER.NS,Kansai Nerolac Paints Limited,Specialty Chemicals,Basic Materials,False,Cash,1,Stage 4,Stage 4,Stage 4 - Confirmed Downtrend,0.86,Price is below a bearish moving-average stack with falling trend signals.,,,,,watchlist,weekly_watchlist,watchlist,0.0,35.98,16.19,10.0,0.0,35.98,26.19,-2.5,4.31,55943644.85,"Stage 4, Stage 4 - Confirmed Downtrend, weekly_vcp_ok, weekly_strong, downtrend",328,359,Stage 4,watchlist,weekly_watchlist,26.31,31,-0.11999999999999744,False,False,False,False,False
MARKSANS.NS,Marksans Pharma Limited,Drug Manufacturers - General,Healthcare,False,Cash,1,Stage 2,Stage 2,Early Stage 2,0.72,"Price has moved above long-term structure, but the full moving-average stack is not clean yet.",,,2026-10-07,,watchlist,weekly_watchlist,watchlist,20.18,22.4,21.18,5.0,20.18,22.4,26.18,22.07,78.66,691928753.39,"Stage 2, Early Stage 2, volume_dryup, weekly_volume_dryup",329,204,Stage 2,watchlist,weekly_watchlist,40.3,-125,-14.119999999999997,False,False,False,False,False
KIOCL.NS,KIOCL Limited,Steel,Basic Materials,False,Cash,1,Stage 4,Stage 4,Stage 4 - Weak/Declining,0.72,Price is below long-term support with weak trend evidence.,,,,,watchlist,weekly_watchlist,watchlist,9.2,35.8,21.17,5.0,9.2,35.8,26.17,0.58,-3.93,27002633.61,"Stage 4, Stage 4 - Weak/Declining, weekly_vcp_ok, volume_dryup, weekly_volume_dryup, weekly_strong, downtrend",330,390,Stage 4,watchlist,weekly_watchlist,25.14,60,1.0300000000000011,False,False,False,False,False
SIYSIL.NS,Siyaram Silk Mills Limited,Textile Manufacturing,Consumer Cyclical,False,Cash,1,Stage 4,Stage 4,Stage 4 - Weak/Declining,0.72,Price is below long-term support with weak trend evidence.,,,2026-08-20,,watchlist,weekly_watchlist,watchlist,0.0,35.89,16.15,10.0,0.0,35.89,26.15,-7.64,8.57,13090412.9,"Stage 4, Stage 4 - Weak/Declining, weekly_vcp_ok, volume_dryup, weekly_volume_dryup, weekly_strong, downtrend",331,365,Stage 4,watchlist,weekly_watchlist,26.2,34,-0.05000000000000071,False,False,False,False,False
EMAMILTD.NS,Emami Limited,Household & Personal Products,Consumer Defensive,False,Cash,1,Stage 4,Stage 4,Stage 4 - Confirmed Downtrend,0.86,Price is below a bearish moving-average stack with falling trend signals.,,,,,watchlist,weekly_watchlist,watchlist,8.2,36.9,21.12,5.0,8.2,36.9,26.12,-5.88,-6.13,918182633.62,"Stage 4, Stage 4 - Confirmed Downtrend, weekly_vcp_ok, weekly_strong, downtrend",332,368,Stage 4,watchlist,weekly_watchlist,26.12,36,0.0,False,False,False,False,False
CUMMINSIND.NS,Cummins India Limited,Specialty Industrial Machinery,Industrials,True,F&O,1,Stage 4,Stage 4,Stage 4 - Weak/Declining,0.72,Price is below long-term support with weak trend evidence.,,,2026-08-11,,watchlist,weekly_watchlist,watchlist,0.0,35.8,16.11,10.0,0.0,35.8,26.11,-4.82,2.24,1914287153.98,"Stage 4, Stage 4 - Weak/Declining, weekly_vcp_ok, weekly_strong, downtrend",333,369,Stage 4,watchlist,weekly_watchlist,26.11,36,0.0,False,False,False,False,False
HAVELLS.NS,Havells India Limited,Electrical Equipment & Parts,Industrials,True,F&O,1,Stage 4,Stage 4,Stage 4 - Confirmed Downtrend,0.86,Price is below a bearish moving-average stack with falling trend signals.,,,,,watchlist,weekly_watchlist,watchlist,0.0,35.8,16.11,10.0,0.0,35.8,26.11,-5.62,-12.96,743236568.85,"Stage 4, Stage 4 - Confirmed Downtrend, weekly_vcp_ok, weekly_volume_dryup, weekly_strong, downtrend",334,370,Stage 4,watchlist,weekly_watchlist,26.11,36,0.0,False,False,False,False,False
AIAENG.NS,AIA Engineering Limited,Specialty Industrial Machinery,Industrials,False,Cash,1,Stage 4,Stage 4,Stage 4 - Weak/Declining,0.72,Price is below long-term support with weak trend evidence.,,,2026-08-28,,watchlist,weekly_watchlist,watchlist,0.0,35.8,16.11,10.0,0.0,35.8,26.11,-11.62,6.92,223899263.76,"Stage 4, Stage 4 - Weak/Declining, weekly_vcp_ok, weekly_volume_dryup, weekly_strong, downtrend",335,371,Stage 4,watchlist,weekly_watchlist,26.11,36,0.0,False,False,False,False,False
SYNGENE.NS,Syngene International Limited,Diagnostics & Research,Healthcare,False,Cash,1,Stage 4,Stage 4,Stage 4 - Confirmed Downtrend,0.86,Price is below a bearish moving-average stack with falling trend signals.,,,,,watchlist,weekly_watchlist,watchlist,0.0,35.8,16.11,10.0,0.0,35.8,26.11,-9.35,-12.82,216890539.37,"Stage 4, Stage 4 - Confirmed Downtrend, weekly_vcp_ok, volume_dryup, weekly_volume_dryup, weekly_strong, downtrend",336,373,Stage 4,watchlist,weekly_watchlist,26.11,37,0.0,False,False,False,False,False
ANURAS.NS,Anupam Rasayan India Limited,Specialty Chemicals,Basic Materials,False,Cash,1,Stage 4,Stage 4,Stage 4 - Confirmed Downtrend,0.86,Price is below a bearish moving-average stack with falling trend signals.,,,2026-06-18,,watchlist,weekly_watchlist,watchlist,0.0,35.8,16.11,10.0,0.0,35.8,26.11,-4.87,-7.3,706662966.69,"Stage 4, Stage 4 - Confirmed Downtrend, weekly_vcp_ok, volume_dryup, weekly_volume_dryup, weekly_strong, downtrend",337,354,Stage 4,watchlist,weekly_watchlist,26.61,17,-0.5,False,False,False,False,False
PGEL.NS,PG Electroplast Limited,Electronic Components,Technology,True,F&O,1,Stage 4,Stage 4,Stage 4 - Weak/Declining,0.72,Price is below long-term support with weak trend evidence.,,,2026-09-07,,watchlist,weekly_watchlist,watchlist,0.0,35.8,16.11,10.0,0.0,35.8,26.11,-6.86,-1.04,554209341.23,"Stage 4, Stage 4 - Weak/Declining, weekly_vcp_ok, weekly_strong, downtrend",338,374,Stage 4,watchlist,weekly_watchlist,26.11,36,0.0,False,False,False,False,False
RESPONIND.NS,Responsive Industries Limited,Specialty Chemicals,Basic Materials,False,Cash,1,Stage 4,Stage 4,Stage 4 - Confirmed Downtrend,0.86,Price is below a bearish moving-average stack with falling trend signals.,,,2026-07-20,,watchlist,weekly_watchlist,watchlist,0.0,35.8,16.11,10.0,0.0,35.8,26.11,-8.37,6.99,102742042.7,"Stage 4, Stage 4 - Confirmed Downtrend, weekly_vcp_ok, volume_dryup, weekly_volume_dryup, weekly_strong, downtrend",339,358,Stage 4,watchlist,weekly_watchlist,26.39,19,-0.28000000000000114,False,False,False,False,False
ANUP.NS,The Anup Engineering Limited,Specialty Industrial Machinery,Industrials,False,Cash,1,Stage 4,Stage 4,Stage 4 - Confirmed Downtrend,0.86,Price is below a bearish moving-average stack with falling trend signals.,,,2026-07-24,,watchlist,weekly_watchlist,watchlist,0.0,35.8,16.11,10.0,0.0,35.8,26.11,-22.64,-14.57,40619283.3,"Stage 4, Stage 4 - Confirmed Downtrend, weekly_vcp_ok, volume_dryup, weekly_volume_dryup, weekly_strong, downtrend",340,375,Stage 4,watchlist,weekly_watchlist,26.11,35,0.0,False,False,False,False,False
VADILALIND.NS,Vadilal Industries Limited,Packaged Foods,Consumer Defensive,False,Cash,1,Stage 2,Stage 2,Early Stage 2,0.72,"Price has moved above long-term structure, but the full moving-average stack is not clean yet.",,,2026-10-07,,watchlist,weekly_watchlist,watchlist,22.5,26.0,24.08,2.0,22.5,26.0,26.08,20.55,69.47,106279712.28,"Stage 2, Early Stage 2, volume_dryup, weekly_volume_dryup",341,376,Stage 2,watchlist,weekly_watchlist,26.08,35,0.0,False,False,False,False,False
CENTRALBK.NS,Central Bank of India,Banks - Regional,Financial Services,False,Cash,1,Stage 4,Stage 4,Stage 4 - Confirmed Downtrend,0.86,Price is below a bearish moving-average stack with falling trend signals.,,,,,watchlist,weekly_watchlist,watchlist,13.21,36.9,23.87,2.0,13.21,36.9,25.87,1.21,-7.57,202112639.99,"Stage 4, Stage 4 - Confirmed Downtrend, weekly_vcp_ok, volume_dryup, weekly_volume_dryup, weekly_strong, downtrend",342,377,Stage 4,watchlist,weekly_watchlist,26.01,35,-0.14000000000000057,False,False,False,False,False
PARAS.NS,Paras Defence and Space Technologies Limited,Aerospace & Defense,Industrials,False,Cash,1,Stage 2,Stage 2,Early Stage 2,0.72,"Price has moved above long-term structure, but the full moving-average stack is not clean yet.",,,2026-10-07,,watchlist,weekly_watchlist,watchlist,16.75,25.89,20.86,5.0,16.75,25.89,25.86,11.52,67.36,854125361.6,"Stage 2, Early Stage 2, volume_dryup, weekly_volume_dryup",343,167,Stage 2,watchlist,weekly_forming,43.82,-176,-17.96,False,False,False,False,False
JUNIPER.NS,Juniper Hotels Limited,Lodging,Consumer Cyclical,False,Cash,1,Stage 2,Stage 2,Early Stage 2,0.72,"Price has moved above long-term structure, but the full moving-average stack is not clean yet.",,,2026-10-07,,watchlist,weekly_forming,watchlist,5.3,46.52,23.85,2.0,5.3,46.52,25.85,17.56,6.67,26697314.35,"Stage 2, Early Stage 2, weekly_vcp_ok, volume_dryup, weekly_volume_dryup",344,331,Stage 2,watchlist,weekly_near_pivot,28.49,-13,-2.639999999999997,False,False,False,False,False
VIPIND.NS,VIP Industries Limited,Consumer Cyclical,Consumer Cyclical,False,Cash,1,Stage 4,Stage 4,Stage 4 - Weak/Declining,0.72,Price is below long-term support with weak trend evidence.,,,,,watchlist,weekly_watchlist,watchlist,13.1,36.9,23.81,2.0,13.1,36.9,25.81,1.76,-7.18,73515744.47,"Stage 4, Stage 4 - Weak/Declining, weekly_vcp_ok, volume_dryup, weekly_volume_dryup, weekly_strong, downtrend",345,382,Stage 4,watchlist,weekly_watchlist,25.81,37,0.0,False,False,False,False,False
GMRP&UI.NS,GMR Power and Urban Infra Limited,Energy,Energy,False,Cash,1,Stage 4,Stage 4,Stage 4 - Weak/Declining,0.72,Price is below long-term support with weak trend evidence.,,,,,watchlist,weekly_watchlist,watchlist,7.28,37.1,20.7,5.0,7.28,37.1,25.7,5.34,-3.32,157534391.33,"Stage 4, Stage 4 - Weak/Declining, weekly_vcp_ok, weekly_volume_dryup, weekly_strong, downtrend",346,379,Stage 4,watchlist,weekly_watchlist,25.98,33,-0.28000000000000114,False,False,False,False,False
ONGC.NS,Oil & Natural Gas Corporation Limited,Energy,Energy,True,F&O,1,Stage 4,Stage 4,Stage 4 - Weak/Declining,0.72,Price is below long-term support with weak trend evidence.,,,2026-06-08,,watchlist,weekly_watchlist,watchlist,8.2,35.8,20.62,5.0,8.2,35.8,25.62,-3.16,-14.58,2516682807.82,"Stage 4, Stage 4 - Weak/Declining, weekly_vcp_ok, weekly_strong, downtrend",347,357,Stage 4,watchlist,weekly_watchlist,26.48,10,-0.8599999999999994,False,False,False,False,False
FIVESTAR.NS,Five-Star Business Finance Limited,Credit Services,Financial Services,False,Cash,1,Stage 2 Failed,Not Sure,Failed Stage 2,0.72,"This stock was recently Stage 2, but the latest structure no longer satisfies Stage 2 rules. It is kept as Stage 2 Failed until a fresh base/repair structure forms.",Recent Stage 2 break; public stage held as Stage 2 Failed.,2026-10-08,2026-09-23,,watchlist,weekly_watchlist,watchlist,3.83,47.76,23.6,2.0,3.83,47.76,25.6,0.3,19.29,367530552.2,"Not Sure, Not Sure, weekly_vcp_ok, weekly_volume_dryup, weekly_strong | Stage 2 failed state applied from stage memory.",348,378,Stage 2 Failed,watchlist,weekly_watchlist,25.98,30,-0.379999999999999,False,False,False,False,False
MSUMI.NS,Motherson Sumi Wiring India Limited,Auto Parts,Consumer Cyclical,False,Cash,1,Stage 4,Stage 4,Stage 4 - Confirmed Downtrend,0.86,Price is below a bearish moving-average stack with falling trend signals.,,,,,watchlist,weekly_watchlist,watchlist,8.07,35.8,20.55,5.0,8.07,35.8,25.55,-8.6,-7.86,370723681.65,"Stage 4, Stage 4 - Confirmed Downtrend, weekly_vcp_ok, volume_dryup, weekly_volume_dryup, weekly_strong, downtrend",349,389,Stage 4,watchlist,weekly_watchlist,25.2,40,0.3500000000000014,False,False,False,False,False
V2RETAIL.NS,V2 Retail Limited,Consumer Cyclical,Consumer Cyclical,False,Cash,1,Stage 4,Stage 4,Stage 4 - Weak/Declining,0.72,Price is below long-term support with weak trend evidence.,,,2026-09-09,,watchlist,weekly_watchlist,watchlist,14.1,35.0,23.51,2.0,14.1,35.0,25.51,-21.7,-12.99,382030892.36,"Stage 4, Stage 4 - Weak/Declining, weekly_vcp_ok, weekly_strong, downtrend",350,396,Stage 4,watchlist,weekly_watchlist,24.79,46,0.7200000000000024,False,False,False,False,False
DLF.NS,DLF Limited,Real Estate,Real Estate,True,F&O,1,Stage 2 Failed,Not Sure,Failed Stage 2,0.72,"This stock was recently Stage 2, but the latest structure no longer satisfies Stage 2 rules. It is kept as Stage 2 Failed until a fresh base/repair structure forms.",Recent Stage 2 break; public stage held as Stage 2 Failed.,2026-10-08,2026-10-06,,watchlist,weekly_watchlist,watchlist,0.54,55.89,25.45,0.0,0.54,55.89,25.45,4.21,16.73,2283710646.74,"Not Sure, Not Sure, weekly_vcp_ok, weekly_volume_dryup, weekly_strong | Stage 2 failed state applied from stage memory.",351,393,Stage 2 Failed,watchlist,weekly_watchlist,25.03,42,0.41999999999999815,False,False,False,False,False
SOUTHBANK.NS,The South Indian Bank Limited,Banks - Regional,Financial Services,False,Cash,1,Stage 2,Stage 2,Early Stage 2,0.72,"Price has moved above long-term structure, but the full moving-average stack is not clean yet.",,,2026-10-07,,watchlist,weekly_watchlist,watchlist,22.69,24.38,23.45,2.0,22.69,24.38,25.45,11.5,28.25,647631114.99,"Stage 2, Early Stage 2",352,221,Stage 2,watchlist,weekly_watchlist,38.93,-131,-13.48,False,False,False,False,False
CGPOWER.NS,CG Power and Industrial Solutions Limited,Electrical Equipment & Parts,Industrials,True,F&O,1,Stage 2 Failed,Stage 1,Failed Stage 2,0.72,"This stock was recently Stage 2, but the latest structure no longer satisfies Stage 2 rules. It is kept as Stage 2 Failed until a fresh base/repair structure forms.",Recent Stage 2 break; public stage held as Stage 2 Failed.,2026-10-08,2026-10-07,,watchlist,weekly_watchlist,watchlist,18.8,11.19,15.38,10.0,18.8,11.19,25.38,2.49,21.4,1775026622.66,"Stage 1, Stage 1 - Base/Repair, volume_dryup, weekly_volume_dryup, stage1_not_actionable, stage1_needs_more_base | Stage 2 failed state applied from stage memory.",353,163,Stage 2,watchlist,weekly_watchlist,44.35,-190,-18.970000000000002,False,False,False,False,False
ANANTRAJ.NS,Anant Raj Limited,Real Estate,Real Estate,False,Cash,1,Stage 2,Stage 2,Early Stage 2,0.72,"Price has moved above long-term structure, but the full moving-average stack is not clean yet.",,,2026-10-07,,watchlist,weekly_watchlist,watchlist,31.74,17.56,25.36,0.0,31.74,17.56,25.36,9.87,21.76,895473968.53,"Stage 2, Early Stage 2, volume_dryup, weekly_volume_dryup",354,202,Stage 2,watchlist,weekly_watchlist,40.51,-152,-15.149999999999999,False,False,False,False,False
CHEMPLASTS.NS,Chemplast Sanmar Limited,Chemicals,Basic Materials,False,Cash,1,Stage 4,Stage 4,Stage 4 - Weak/Declining,0.72,Price is below long-term support with weak trend evidence.,,,,,watchlist,weekly_watchlist,watchlist,6.58,37.19,20.35,5.0,6.58,37.19,25.35,16.53,-2.63,211205083.21,"Stage 4, Stage 4 - Weak/Declining, weekly_vcp_ok, weekly_strong, downtrend",355,209,Not Sure,watchlist,weekly_watchlist,39.85,-146,-14.5,False,False,False,False,False
TBOTEK.NS,TBO Tek Limited,Consumer Cyclical,Consumer Cyclical,False,Cash,1,Stage 2,Stage 2,Early Stage 2,0.72,"Price has moved above long-term structure, but the full moving-average stack is not clean yet.",,,2026-10-07,,watchlist,weekly_watchlist,watchlist,19.0,28.62,23.33,2.0,19.0,28.62,25.33,18.96,43.25,428683347.83,"Stage 2, Early Stage 2",356,271,Stage 2,watchlist,weekly_watchlist,33.77,-85,-8.440000000000005,False,False,False,False,False
JINDALPOLY.NS,Jindal Poly Films Limited,Consumer Cyclical,Consumer Cyclical,False,Cash,1,Stage 1,Stage 1,Stage 1 - Base/Repair,0.7,Price is near long-term moving averages with no strong long-term downtrend signal.,,,,,watchlist,weekly_watchlist,watchlist,7.1,42.9,23.21,2.0,7.1,42.9,25.21,0.52,-5.09,37297940.04,"Stage 1, Stage 1 - Base/Repair, weekly_vcp_ok, volume_dryup, weekly_volume_dryup, weekly_strong, stage1_not_actionable, stage1_needs_more_base",357,388,Stage 1,watchlist,weekly_watchlist,25.21,31,0.0,False,False,False,False,False
TVSHLTD.NS,TVS Holdings Limited,Auto Parts,Consumer Cyclical,False,Cash,1,Stage 4,Stage 4,Stage 4 - Confirmed Downtrend,0.86,Price is below a bearish moving-average stack with falling trend signals.,,,2026-08-13,,watchlist,weekly_watchlist,watchlist,5.65,38.0,20.21,5.0,5.65,38.0,25.21,-9.58,-11.99,100692706.0,"Stage 4, Stage 4 - Confirmed Downtrend, weekly_vcp_ok, weekly_strong, downtrend",358,410,Stage 4,watchlist,weekly_watchlist,24.34,52,0.870000000000001,False,False,False,False,False
APLAPOLLO.NS,APL Apollo Tubes Limited,Steel,Basic Materials,True,F&O,1,Stage 2 Failed,Stage 1,Failed Stage 2,0.72,"This stock was recently Stage 2, but the latest structure no longer satisfies Stage 2 rules. It is kept as Stage 2 Failed until a fresh base/repair structure forms.",Recent Stage 2 break; public stage held as Stage 2 Failed.,2026-10-08,2026-10-07,,watchlist,weekly_watchlist,watchlist,0.0,44.75,20.14,5.0,0.0,44.75,25.14,21.99,7.48,1166532195.51,"Stage 1, Stage 1 - Base/Repair, weekly_vcp_ok, volume_dryup, weekly_volume_dryup, weekly_strong, stage1_not_actionable, stage1_needs_more_base | Stage 2 failed state applied from stage memory.",359,145,Stage 2,watchlist,weekly_near_pivot,45.8,-214,-20.659999999999997,False,False,False,False,False
PFIZER.NS,Pfizer Limited,Drug Manufacturers - General,Healthcare,False,Cash,1,Stage 4,Stage 4,Stage 4 - Confirmed Downtrend,0.86,Price is below a bearish moving-average stack with falling trend signals.,,,2026-08-28,,watchlist,weekly_watchlist,watchlist,6.38,36.9,20.11,5.0,6.38,36.9,25.11,-10.14,-14.8,144122432.03,"Stage 4, Stage 4 - Confirmed Downtrend, weekly_vcp_ok, volume_dryup, weekly_volume_dryup, weekly_strong, downtrend",360,392,Stage 4,watchlist,weekly_watchlist,25.04,32,0.07000000000000028,False,False,False,False,False
INFY.NS,Infosys Limited,Information Technology Services,Technology,True,F&O,1,Stage 4,Stage 4,Stage 4 - Confirmed Downtrend,0.86,Price is below a bearish moving-average stack with falling trend signals.,,,,,watchlist,weekly_watchlist,watchlist,11.79,36.9,23.09,2.0,11.79,36.9,25.09,-0.62,-15.43,9513904354.66,"Stage 4, Stage 4 - Confirmed Downtrend, weekly_vcp_ok, weekly_volume_dryup, weekly_strong, downtrend",361,430,Stage 4,watchlist,weekly_watchlist,23.61,69,1.4800000000000004,False,False,False,False,False
LTTS.NS,L&T Technology Services Limited,Information Technology Services,Technology,False,Cash,1,Stage 4,Stage 4,Stage 4 - Weak/Declining,0.72,Price is below long-term support with weak trend evidence.,,,,,watchlist,weekly_watchlist,watchlist,12.06,36.31,22.97,2.0,12.06,36.31,24.97,4.62,0.52,171803757.21,"Stage 4, Stage 4 - Weak/Declining, weekly_vcp_ok, volume_dryup, weekly_volume_dryup, weekly_strong, downtrend",362,395,Stage 4,watchlist,weekly_watchlist,24.91,33,0.05999999999999872,False,False,False,False,False
GLAXO.NS,GlaxoSmithKline Pharmaceuticals Limited,Drug Manufacturers - General,Healthcare,False,Cash,1,Stage 2 Failed,Stage 1,Failed Stage 2,0.72,"This stock was recently Stage 2, but the latest structure no longer satisfies Stage 2 rules. It is kept as Stage 2 Failed until a fresh base/repair structure forms.",Recent Stage 2 break; public stage held as Stage 2 Failed.,2026-10-08,2026-10-07,,watchlist,weekly_watchlist,watchlist,0.0,44.38,19.97,5.0,0.0,44.38,24.97,11.04,14.76,205705024.84,"Stage 1, Stage 1 - Base/Repair, weekly_vcp_ok, volume_dryup, weekly_volume_dryup, weekly_strong, stage1_not_actionable, stage1_needs_more_base | Stage 2 failed state applied from stage memory.",363,210,Stage 2,watchlist,weekly_forming,39.76,-153,-14.79,False,False,False,False,False
ASTRAMICRO.NS,Astra Microwave Products Limited,Communication Equipment,Technology,False,Cash,1,Stage 3,Stage 3,Stage 3 - Distribution/Damage,0.76,"Prior strength exists, but short-term and/or weekly structure is deteriorating.",,,2026-09-15,,watchlist,weekly_watchlist,watchlist,20.15,8.64,14.97,10.0,20.15,8.64,24.97,3.11,59.32,432789830.82,"Stage 3, Stage 3 - Distribution/Damage, volume_dryup, weekly_volume_dryup, distribution_risk",364,351,Stage 3,watchlist,weekly_watchlist,26.7,-13,-1.7300000000000004,False,False,False,False,False
MPHASIS.NS,MphasiS Limited,Information Technology Services,Technology,True,F&O,1,Stage 4,Stage 4,Stage 4 - Weak/Declining,0.72,Price is below long-term support with weak trend evidence.,,,,,watchlist,weekly_watchlist,watchlist,10.68,37.85,22.91,2.0,10.68,37.85,24.91,5.25,4.22,996339931.83,"Stage 4, Stage 4 - Weak/Declining, weekly_vcp_ok, weekly_strong, downtrend",365,456,Stage 4,watchlist,weekly_watchlist,22.55,91,2.3599999999999994,False,False,False,False,False
LUMAXIND.NS,Lumax Industries Limited,Auto Parts,Consumer Cyclical,False,Cash,1,Stage 2 Failed,Stage 1,Failed Stage 2,0.72,"This stock was recently Stage 2, but the latest structure no longer satisfies Stage 2 rules. It is kept as Stage 2 Failed until a fresh base/repair structure forms.",Recent Stage 2 break; public stage held as Stage 2 Failed.,2026-10-08,2026-10-05,,watchlist,weekly_watchlist,watchlist,0.0,44.24,19.91,5.0,0.0,44.24,24.91,7.08,6.34,73358641.05,"Stage 1, Stage 1 - Base/Repair, weekly_vcp_ok, volume_dryup, weekly_volume_dryup, weekly_strong, stage1_not_actionable, stage1_needs_more_base | Stage 2 failed state applied from stage memory.",366,401,Stage 2 Failed,watchlist,weekly_watchlist,24.62,35,0.28999999999999915,False,False,False,False,False
BANCOINDIA.NS,Banco Products (I) Limited,Auto Parts,Consumer Cyclical,False,Cash,1,Stage 4,Stage 4,Stage 4 - Weak/Declining,0.72,Price is below long-term support with weak trend evidence.,,,2026-07-16,,watchlist,weekly_watchlist,watchlist,4.34,38.62,19.77,5.0,4.34,38.62,24.77,-1.1,7.29,41885566.44,"Stage 4, Stage 4 - Weak/Declining, weekly_vcp_ok, volume_dryup, weekly_volume_dryup, weekly_strong, downtrend",367,406,Stage 4,watchlist,weekly_watchlist,24.45,39,0.3200000000000003,False,False,False,False,False
NAVA.NS,NAVA LIMITED,Conglomerates,Industrials,False,Cash,1,Not Sure,Stage 4,Pending Stage 4,0.55,Blocked public stage jump Stage 1 -> Stage 4; waiting for intermediate/confirmed structure.,Blocked public stage jump Stage 1 -> Stage 4; waiting for intermediate/confirmed structure.,,2026-06-04,Stage 4,watchlist,weekly_watchlist,watchlist,14.77,36.9,24.73,0.0,14.77,36.9,24.73,0.54,-4.92,165803452.94,"Stage 4, Stage 4 - Weak/Declining, weekly_vcp_ok, weekly_strong, downtrend | Blocked public stage jump Stage 1 -> Stage 4; waiting for intermediate/confirmed structure.",368,313,Stage 1,watchlist,weekly_watchlist,29.46,-55,-4.73,False,False,False,False,False
FUSION.NS,Fusion Finance Limited,Credit Services,Financial Services,False,Cash,1,Stage 4,Stage 4,Stage 4,0.66,Declining structure detected.,,,2026-09-14,,watchlist,weekly_watchlist,watchlist,12.01,35.8,22.72,2.0,12.01,35.8,24.72,-21.28,5.24,79863161.37,"Stage 4, Stage 4, weekly_vcp_ok, volume_dryup, weekly_volume_dryup, weekly_strong, downtrend",369,403,Stage 4,watchlist,weekly_watchlist,24.59,34,0.129999999999999,False,False,False,False,False
BATAINDIA.NS,Bata India Limited,Consumer Cyclical,Consumer Cyclical,False,Cash,1,Stage 4,Stage 4,Stage 4 - Weak/Declining,0.72,Price is below long-term support with weak trend evidence.,,,,,watchlist,weekly_watchlist,watchlist,11.07,36.9,22.69,2.0,11.07,36.9,24.69,-0.96,-7.26,92759054.43,"Stage 4, Stage 4 - Weak/Declining, weekly_vcp_ok, volume_dryup, weekly_volume_dryup, weekly_strong, downtrend",370,400,Stage 4,watchlist,weekly_watchlist,24.69,30,0.0,False,False,False,False,False
SBFC.NS,SBFC Finance Limited,Credit Services,Financial Services,False,Cash,1,Stage 4,Stage 4,Stage 4 - Weak/Declining,0.72,Price is below long-term support with weak trend evidence.,,,2026-09-14,,watchlist,weekly_watchlist,watchlist,11.78,35.8,22.59,2.0,11.78,35.8,24.59,-3.6,-9.65,110623775.13,"Stage 4, Stage 4 - Weak/Declining, weekly_vcp_ok, weekly_volume_dryup, weekly_strong, downtrend",371,409,Stage 4,watchlist,weekly_watchlist,24.39,38,0.1999999999999993,False,False,False,False,False
SWIGGY.NS,Swiggy Limited,Consumer Cyclical,Consumer Cyclical,True,F&O,1,Stage 4,Stage 4,Stage 4 - Weak/Declining,0.72,Price is below long-term support with weak trend evidence.,,,,,watchlist,weekly_watchlist,watchlist,9.97,38.0,22.58,2.0,9.97,38.0,24.58,-1.06,-8.85,3436781125.46,"Stage 4, Stage 4 - Weak/Declining, weekly_vcp_ok, volume_dryup, weekly_volume_dryup, weekly_strong, downtrend",372,404,Stage 4,watchlist,weekly_watchlist,24.58,32,0.0,False,False,False,False,False
CONCORDBIO.NS,Concord Biotech Limited,Biotechnology,Healthcare,False,Cash,1,Stage 2,Stage 2,Early Stage 2,0.72,"Price has moved above long-term structure, but the full moving-average stack is not clean yet.",,,2026-10-07,,watchlist,weekly_watchlist,watchlist,17.1,22.54,19.55,5.0,17.1,22.54,24.55,9.0,36.41,220462923.4,"Stage 2, Early Stage 2, volume_dryup, weekly_volume_dryup",373,441,Stage 2,watchlist,weekly_watchlist,23.22,68,1.3300000000000018,False,False,False,False,False
IMAGICAA.NS,Imagicaaworld Entertainment Limited,Communication Services,Communication Services,False,Cash,1,Stage 2 Failed,Stage 1,Failed Stage 2,0.72,"This stock was recently Stage 2, but the latest structure no longer satisfies Stage 2 rules. It is kept as Stage 2 Failed until a fresh base/repair structure forms.",Recent Stage 2 break; public stage held as Stage 2 Failed.,2026-10-08,2026-10-07,,watchlist,weekly_watchlist,watchlist,0.0,43.37,19.52,5.0,0.0,43.37,24.52,8.07,7.59,37985525.52,"Stage 1, Stage 1 - Base/Repair, weekly_vcp_ok, volume_dryup, weekly_volume_dryup, weekly_strong, stage1_not_actionable, stage1_needs_more_base | Stage 2 failed state applied from stage memory.",374,261,Stage 2,watchlist,weekly_forming,34.78,-113,-10.260000000000002,False,False,False,False,False
RBA.NS,Restaurant Brands Asia Limited,Consumer Cyclical,Consumer Cyclical,False,Cash,1,Stage 2,Stage 2,Early Stage 2,0.72,"Price has moved above long-term structure, but the full moving-average stack is not clean yet.",,,2026-10-07,,watchlist,weekly_watchlist,watchlist,20.62,24.8,22.5,2.0,20.62,24.8,24.5,39.28,54.57,255951282.45,"Stage 2, Early Stage 2, volume_dryup, weekly_volume_dryup",375,247,Stage 2,watchlist,weekly_watchlist,36.13,-128,-11.630000000000003,False,False,False,False,False
DEEPAKNTR.NS,Deepak Nitrite Limited,Chemicals,Basic Materials,False,Cash,1,Stage 2 Failed,Stage 1,Failed Stage 2,0.72,"This stock was recently Stage 2, but the latest structure no longer satisfies Stage 2 rules. It is kept as Stage 2 Failed until a fresh base/repair structure forms.",Recent Stage 2 break; public stage held as Stage 2 Failed.,2026-10-08,2026-09-23,,watchlist,weekly_watchlist,watchlist,0.0,43.34,19.5,5.0,0.0,43.34,24.5,3.49,11.87,303027249.43,"Stage 1, Stage 1 - Base/Repair, weekly_vcp_ok, volume_dryup, weekly_volume_dryup, weekly_strong, stage1_not_actionable, stage1_needs_more_base | Stage 2 failed state applied from stage memory.",376,419,Stage 2 Failed,watchlist,weekly_watchlist,24.15,43,0.3500000000000014,False,False,False,False,False
IDEAFORGE.NS,Ideaforge Technology Limited,Technology,Technology,False,Cash,1,Not Sure,Stage 1,Pending Stage 1,0.55,Blocked public stage jump Stage 3 -> Stage 1; waiting for intermediate/confirmed structure.,Blocked public stage jump Stage 3 -> Stage 1; waiting for intermediate/confirmed structure.,,2026-08-21,Stage 1,watchlist,weekly_watchlist,watchlist,0.54,31.42,14.44,10.0,0.54,31.42,24.44,-17.75,50.93,156065032.33,"Stage 1, Stage 1 - Base/Repair, weekly_vcp_ok, volume_dryup, weekly_volume_dryup, stage1_not_actionable, stage1_needs_more_base | Blocked public stage jump Stage 3 -> Stage 1; waiting for intermediate/confirmed structure.",377,710,Stage 3,watchlist,weekly_watchlist,13.02,333,11.420000000000002,False,False,False,False,False
FORCEMOT.NS,FORCE MOTORS LTD,Auto Manufacturers,Consumer Cyclical,True,F&O,1,Stage 4,Stage 4,Stage 4 - Confirmed Downtrend,0.86,Price is below a bearish moving-average stack with falling trend signals.,,,,,watchlist,weekly_watchlist,watchlist,10.43,36.9,22.34,2.0,10.43,36.9,24.34,2.99,-18.33,962573171.95,"Stage 4, Stage 4 - Confirmed Downtrend, weekly_vcp_ok, weekly_volume_dryup, weekly_strong, downtrend",378,405,Stage 4,watchlist,weekly_watchlist,24.5,27,-0.16000000000000014,False,False,False,False,False
NAUKRI.NS,Info Edge (India) Limited,Communication Services,Communication Services,True,F&O,1,Stage 2 Failed,Stage 3,Failed Stage 2,0.72,"This stock was recently Stage 2, but the latest structure no longer satisfies Stage 2 rules. It is kept as Stage 2 Failed until a fresh base/repair structure forms.",Recent Stage 2 break; public stage held as Stage 2 Failed.,2026-10-08,2026-09-23,,watchlist,weekly_watchlist,watchlist,0.0,42.85,19.28,5.0,0.0,42.85,24.28,7.77,22.77,1755563616.51,"Stage 3, Stage 3 - Transition, weekly_vcp_ok, weekly_volume_dryup, weekly_strong, distribution_risk | Stage 2 failed state applied from stage memory.",379,407,Stage 2 Failed,watchlist,weekly_watchlist,24.42,28,-0.14000000000000057,False,False,False,False,False
CANBK.NS,Canara Bank,Banks - Regional,Financial Services,True,F&O,1,Stage 4,Stage 4,Stage 4 - Confirmed Downtrend,0.86,Price is below a bearish moving-average stack with falling trend signals.,,,,,watchlist,weekly_watchlist,watchlist,10.16,36.9,22.19,2.0,10.16,36.9,24.19,1.49,-6.69,1421662189.48,"Stage 4, Stage 4 - Confirmed Downtrend, weekly_vcp_ok, weekly_strong, downtrend",380,399,Stage 4,watchlist,weekly_watchlist,24.73,19,-0.5399999999999991,False,False,False,False,False
AMBER.NS,Amber Enterprises India Limited,"Furnishings, Fixtures & Appliances",Consumer Cyclical,True,F&O,1,Stage 4,Stage 4,Stage 4 - Weak/Declining,0.72,Price is below long-term support with weak trend evidence.,,,2026-07-20,,watchlist,weekly_watchlist,watchlist,14.67,35.8,24.18,0.0,14.67,35.8,24.18,-7.49,-5.32,856072641.88,"Stage 4, Stage 4 - Weak/Declining, weekly_vcp_ok, volume_dryup, weekly_volume_dryup, weekly_strong, downtrend",381,341,Not Sure,watchlist,weekly_watchlist,27.51,-40,-3.330000000000002,False,False,False,False,False
LTM.NS,LTM Limited,Information Technology Services,Technology,True,F&O,1,Stage 4,Stage 4,Stage 4 - Weak/Declining,0.72,Price is below long-term support with weak trend evidence.,,,,,watchlist,weekly_watchlist,watchlist,10.13,36.9,22.18,2.0,10.13,36.9,24.18,4.52,-8.76,1561894654.23,"Stage 4, Stage 4 - Weak/Declining, weekly_vcp_ok, weekly_volume_dryup, weekly_strong, downtrend",382,412,Stage 4,watchlist,weekly_watchlist,24.22,30,-0.03999999999999915,False,False,False,False,False
BRIGADE.NS,Brigade Enterprises Limited,Real Estate,Real Estate,False,Cash,1,Stage 2 Failed,Stage 4,Failed Stage 2,0.72,"This stock was recently Stage 2, but the latest structure no longer satisfies Stage 2 rules. It is kept as Stage 2 Failed until a fresh base/repair structure forms.",Recent Stage 2 break; public stage held as Stage 2 Failed.,2026-10-08,2026-09-23,,watchlist,weekly_watchlist,watchlist,13.56,37.14,24.17,0.0,13.56,37.14,24.17,6.87,6.49,154108812.69,"Stage 4, Stage 4 - Weak/Declining, weekly_vcp_ok, volume_dryup, weekly_volume_dryup, weekly_strong, downtrend | Stage 2 failed state applied from stage memory.",383,438,Stage 2 Failed,watchlist,weekly_watchlist,23.25,55,0.9200000000000017,False,False,False,False,False
SBICARD.NS,SBI Cards and Payment Services Limited,Credit Services,Financial Services,True,F&O,1,Stage 4,Stage 4,Stage 4 - Confirmed Downtrend,0.86,Price is below a bearish moving-average stack with falling trend signals.,,,,,watchlist,weekly_watchlist,watchlist,14.0,32.13,22.16,2.0,14.0,32.13,24.16,-6.12,-12.76,676241930.0,"Stage 4, Stage 4 - Confirmed Downtrend, weekly_vcp_ok, volume_dryup, weekly_volume_dryup, weekly_strong, downtrend",384,418,Stage 4,watchlist,weekly_watchlist,24.16,34,0.0,False,False,False,False,False
ENDURANCE.NS,Endurance Technologies Limited,Auto Parts,Consumer Cyclical,False,Cash,1,Stage 2 Failed,Stage 1,Failed Stage 2,0.72,"This stock was recently Stage 2, but the latest structure no longer satisfies Stage 2 rules. It is kept as Stage 2 Failed until a fresh base/repair structure forms.",Recent Stage 2 break; public stage held as Stage 2 Failed.,2026-10-08,2026-09-30,,watchlist,weekly_watchlist,watchlist,0.0,42.54,19.14,5.0,0.0,42.54,24.14,-1.28,8.65,227801274.92,"Stage 1, Stage 1 - Base/Repair, weekly_vcp_ok, volume_dryup, weekly_volume_dryup, weekly_strong, stage1_not_actionable, stage1_needs_more_base | Stage 2 failed state applied from stage memory.",385,420,Stage 2 Failed,watchlist,weekly_watchlist,24.14,35,0.0,False,False,False,False,False
JSWSTEEL.NS,JSW Steel Limited,Steel,Basic Materials,True,F&O,1,Stage 2 Failed,Stage 1,Failed Stage 2,0.72,"This stock was recently Stage 2, but the latest structure no longer satisfies Stage 2 rules. It is kept as Stage 2 Failed until a fresh base/repair structure forms.",Recent Stage 2 break; public stage held as Stage 2 Failed.,2026-10-08,2026-09-30,,watchlist,weekly_watchlist,watchlist,0.0,42.5,19.12,5.0,0.0,42.5,24.12,2.35,4.65,1834370103.41,"Stage 1, Stage 1 - Base/Repair, weekly_vcp_ok, weekly_strong, stage1_not_actionable, stage1_needs_more_base | Stage 2 failed state applied from stage memory.",386,414,Stage 2 Failed,watchlist,weekly_watchlist,24.21,28,-0.08999999999999986,False,False,False,False,False
SAFARI.NS,Safari Industries (India) Limited,Consumer Cyclical,Consumer Cyclical,False,Cash,1,Stage 4,Stage 4,Stage 4 - Confirmed Downtrend,0.86,Price is below a bearish moving-average stack with falling trend signals.,,,,,watchlist,weekly_watchlist,watchlist,9.76,36.9,21.97,2.0,9.76,36.9,23.97,-15.16,-8.25,59923729.24,"Stage 4, Stage 4 - Confirmed Downtrend, weekly_vcp_ok, weekly_volume_dryup, weekly_strong, downtrend",387,411,Stage 4,watchlist,weekly_watchlist,24.24,24,-0.2699999999999996,False,False,False,False,False
GRMOVER.NS,GRM Overseas Limited,Packaged Foods,Consumer Defensive,False,Cash,1,Stage 4,Stage 4,Stage 4 - Confirmed Downtrend,0.86,Price is below a bearish moving-average stack with falling trend signals.,,,2026-05-26,,watchlist,weekly_watchlist,watchlist,10.62,35.8,21.95,2.0,10.62,35.8,23.95,-7.73,-44.53,85458111.29,"Stage 4, Stage 4 - Confirmed Downtrend, weekly_vcp_ok, weekly_strong, downtrend",388,440,Stage 4,watchlist,weekly_watchlist,23.23,52,0.7199999999999989,False,False,False,False,False
RSYSTEMS.NS,R Systems International Limited,Information Technology Services,Technology,False,Cash,1,Not Sure,Stage 4,Pending Stage 4,0.55,Blocked public stage jump Stage 1 -> Stage 4; waiting for intermediate/confirmed structure.,Blocked public stage jump Stage 1 -> Stage 4; waiting for intermediate/confirmed structure.,,,Stage 4,watchlist,weekly_watchlist,watchlist,9.91,36.61,21.93,2.0,9.91,36.61,23.93,8.05,0.03,2119409424.64,"Stage 4, Stage 4 - Weak/Declining, weekly_vcp_ok, weekly_volume_dryup, weekly_strong, downtrend | Blocked public stage jump Stage 1 -> Stage 4; waiting for intermediate/confirmed structure.",389,319,Stage 1,watchlist,weekly_watchlist,29.05,-70,-5.120000000000001,False,False,False,False,False
UTIAMC.NS,UTI Asset Management Company Limited,Asset Management,Financial Services,False,Cash,1,Stage 4,Stage 4,Stage 4 - Confirmed Downtrend,0.86,Price is below a bearish moving-average stack with falling trend signals.,,,,,watchlist,weekly_watchlist,watchlist,8.7,38.0,21.89,2.0,8.7,38.0,23.89,-2.86,-1.36,65617913.22,"Stage 4, Stage 4 - Confirmed Downtrend, weekly_vcp_ok, volume_dryup, weekly_volume_dryup, weekly_strong, downtrend",390,472,Stage 4,watchlist,weekly_watchlist,21.89,82,2.0,False,False,False,False,False
KALYANKJIL.NS,Kalyan Jewellers India Limited,Luxury Goods,Consumer Cyclical,True,F&O,1,Stage 2,Stage 2,Early Stage 2,0.72,"Price has moved above long-term structure, but the full moving-average stack is not clean yet.",,,2026-10-07,,watchlist,weekly_watchlist,watchlist,15.78,22.66,18.88,5.0,15.78,22.66,23.88,13.07,33.58,3649836430.7,"Stage 2, Early Stage 2, volume_dryup",391,330,Stage 2,watchlist,weekly_watchlist,28.54,-61,-4.66,False,False,False,False,False
ETHOSLTD.NS,Ethos Limited,Luxury Goods,Consumer Cyclical,False,Cash,1,Stage 3,Stage 3,Stage 3 - Transition,0.62,"The structure is transitioning after prior strength, but it is not yet a confirmed Stage 4 decline.",,,2026-09-14,,watchlist,weekly_watchlist,watchlist,0.0,41.89,18.85,5.0,0.0,41.89,23.85,6.32,14.54,136670340.27,"Stage 3, Stage 3 - Transition, weekly_vcp_ok, volume_dryup, weekly_volume_dryup, weekly_strong, distribution_risk",392,425,Stage 3,watchlist,weekly_watchlist,23.84,33,0.010000000000001563,False,False,False,False,False
BLS.NS,BLS International Services Limited,Industrials,Industrials,False,Cash,1,Stage 4,Stage 4,Stage 4 - Confirmed Downtrend,0.86,Price is below a bearish moving-average stack with falling trend signals.,,,,,watchlist,weekly_watchlist,watchlist,13.1,36.9,23.81,0.0,13.1,36.9,23.81,0.51,-20.44,156374714.31,"Stage 4, Stage 4 - Confirmed Downtrend, weekly_vcp_ok, volume_dryup, weekly_volume_dryup, weekly_strong, downtrend",393,426,Stage 4,watchlist,weekly_watchlist,23.81,33,0.0,False,False,False,False,False
SWARAJENG.NS,Swaraj Engines Limited,Auto Parts,Consumer Cyclical,False,Cash,1,Stage 1,Stage 1,Stage 1 - Unclear/Repair,0.58,Not enough evidence for Stage 2 or Stage 4; classified as repair/unclear structure.,,,2026-07-06,,watchlist,weekly_watchlist,watchlist,0.0,41.8,18.81,5.0,0.0,41.8,23.81,0.3,-0.81,25941827.44,"Stage 1, Stage 1 - Unclear/Repair, weekly_vcp_ok, weekly_strong, stage1_not_actionable, stage1_needs_more_base",394,428,Stage 1,watchlist,weekly_watchlist,23.81,34,0.0,False,False,False,False,False
BANKINDIA.NS,Bank of India,Banks - Regional,Financial Services,True,F&O,1,Stage 4,Stage 4,Stage 4 - Confirmed Downtrend,0.86,Price is below a bearish moving-average stack with falling trend signals.,,,2026-08-27,,watchlist,weekly_watchlist,watchlist,9.36,36.96,21.78,2.0,9.36,36.96,23.78,1.45,-0.83,711856339.07,"Stage 4, Stage 4 - Confirmed Downtrend, weekly_vcp_ok, weekly_strong, downtrend",395,385,Stage 4,watchlist,weekly_watchlist,25.54,-10,-1.759999999999998,False,False,False,False,False
PRINCEPIPE.NS,Prince Pipes And Fittings Limited,Building Products & Equipment,Industrials,False,Cash,1,Stage 1,Stage 1,Stage 1 - Base/Repair,0.7,Price is near long-term moving averages with no strong long-term downtrend signal.,,,2026-09-10,,watchlist,weekly_watchlist,watchlist,7.9,43.0,23.7,0.0,7.9,43.0,23.7,0.59,11.42,31683763.94,"Stage 1, Stage 1 - Base/Repair, weekly_vcp_ok, volume_dryup, weekly_volume_dryup, weekly_strong, stage1_not_actionable, stage1_needs_more_base",396,429,Stage 1,watchlist,weekly_watchlist,23.64,33,0.05999999999999872,False,False,False,False,False
ABBOTINDIA.NS,Abbott India Limited,Drug Manufacturers - Specialty & Generic,Healthcare,False,Cash,1,Stage 4,Stage 4,Stage 4 - Weak/Declining,0.72,Price is below long-term support with weak trend evidence.,,,2026-08-12,,watchlist,weekly_watchlist,watchlist,12.2,15.45,13.66,10.0,12.2,15.45,23.66,3.72,8.14,227945525.0,"Stage 4, Stage 4 - Weak/Declining, weekly_volume_dryup, downtrend",397,397,Stage 4,watchlist,weekly_watchlist,24.79,0,-1.129999999999999,False,False,False,False,False
INTELLECT.NS,Intellect Design Arena Limited,Software - Application,Technology,False,Cash,1,Stage 4,Stage 4,Stage 4 - Confirmed Downtrend,0.86,Price is below a bearish moving-average stack with falling trend signals.,,,,,watchlist,weekly_watchlist,watchlist,10.0,35.8,21.61,2.0,10.0,35.8,23.61,-16.25,-10.69,179261839.99,"Stage 4, Stage 4 - Confirmed Downtrend, weekly_vcp_ok, volume_dryup, weekly_volume_dryup, weekly_strong, downtrend",398,383,Stage 4,watchlist,weekly_watchlist,25.76,-15,-2.150000000000002,False,False,False,False,False
BEL.NS,Bharat Electronics Limited,Aerospace & Defense,Industrials,True,F&O,1,Stage 4,Stage 4,Stage 4 - Confirmed Downtrend,0.86,Price is below a bearish moving-average stack with falling trend signals.,,,,,watchlist,weekly_watchlist,watchlist,3.64,36.9,18.61,5.0,3.64,36.9,23.61,-2.16,-11.92,3571294074.05,"Stage 4, Stage 4 - Confirmed Downtrend, weekly_vcp_ok, weekly_volume_dryup, weekly_strong, downtrend",399,417,Stage 4,watchlist,weekly_watchlist,24.18,18,-0.5700000000000003,False,False,False,False,False
MPSLTD.NS,MPS Limited,Communication Services,Communication Services,False,Cash,1,Stage 2,Stage 2,Early Stage 2,0.72,"Price has moved above long-term structure, but the full moving-average stack is not clean yet.",,,2026-10-07,,watchlist,weekly_watchlist,watchlist,12.49,26.0,18.57,5.0,12.49,26.0,23.57,35.53,50.99,33980201.91,"Stage 2, Early Stage 2, volume_dryup, weekly_volume_dryup",400,416,Stage 2,watchlist,weekly_watchlist,24.19,16,-0.620000000000001,False,False,False,False,False
SHRIPISTON.NS,Shriram Pistons & Rings Limited,Auto Parts,Consumer Cyclical,False,Cash,1,Stage 2,Stage 2,Early Stage 2,0.72,"Price has moved above long-term structure, but the full moving-average stack is not clean yet.",,,2026-10-07,,watchlist,weekly_watchlist,watchlist,18.07,19.09,18.53,5.0,18.07,19.09,23.53,10.24,24.66,385481909.27,"Stage 2, Early Stage 2, weekly_volume_dryup",401,348,Stage 2,watchlist,weekly_watchlist,26.9,-53,-3.3699999999999974,False,False,False,False,False
RELIANCE.NS,Reliance Industries Limited,Oil & Gas Refining & Marketing,Energy,True,F&O,1,Stage 4,Stage 4,Stage 4 - Confirmed Downtrend,0.86,Price is below a bearish moving-average stack with falling trend signals.,,,,,watchlist,weekly_watchlist,watchlist,6.48,22.1,13.51,10.0,6.48,22.1,23.51,-0.73,-4.54,14571001419.99,"Stage 4, Stage 4 - Confirmed Downtrend, weekly_vcp_ok, downtrend",402,442,Stage 4,watchlist,weekly_watchlist,23.22,40,0.2900000000000027,False,False,False,False,False
TECHNOE.NS,Techno Electric & Engineering Company Limited,Engineering & Construction,Industrials,False,Cash,1,Stage 4,Stage 4,Stage 4 - Weak/Declining,0.72,Price is below long-term support with weak trend evidence.,,,,,watchlist,weekly_watchlist,watchlist,13.34,35.8,23.45,0.0,13.34,35.8,23.45,-2.08,-13.2,142944820.36,"Stage 4, Stage 4 - Weak/Declining, weekly_vcp_ok, volume_dryup, weekly_volume_dryup, weekly_strong, downtrend",403,447,Stage 4,watchlist,weekly_watchlist,22.97,44,0.4800000000000004,False,False,False,False,False
GALLANTT.NS,Gallantt Ispat Limited,Steel,Basic Materials,False,Cash,1,Stage 4,Stage 4,Stage 4 - Weak/Declining,0.72,Price is below long-term support with weak trend evidence.,,,2026-06-26,,watchlist,weekly_watchlist,watchlist,5.82,33.8,18.41,5.0,5.82,33.8,23.41,-19.8,-28.73,43878382.3,"Stage 4, Stage 4 - Weak/Declining, weekly_vcp_ok, volume_dryup, weekly_volume_dryup, weekly_strong, downtrend",404,413,Stage 4,watchlist,weekly_watchlist,24.22,9,-0.8099999999999987,False,False,False,False,False
QUESS.NS,Quess Corp Limited,Industrials,Industrials,False,Cash,1,Stage 2,Stage 2,Early Stage 2,0.72,"Price has moved above long-term structure, but the full moving-average stack is not clean yet.",,,2026-10-07,,watchlist,weekly_watchlist,watchlist,19.25,28.4,23.37,0.0,19.25,28.4,23.37,18.85,74.67,152460237.42,"Stage 2, Early Stage 2, volume_dryup, weekly_volume_dryup",405,424,Stage 2,watchlist,weekly_watchlist,23.93,19,-0.5599999999999987,False,False,False,False,False
AWL.NS,AWL Agri Business Limited,Packaged Foods,Consumer Defensive,False,Cash,1,Stage 4,Stage 4,Stage 4 - Weak/Declining,0.72,Price is below long-term support with weak trend evidence.,,,,,watchlist,weekly_watchlist,watchlist,8.47,37.1,21.35,2.0,8.47,37.1,23.35,4.75,8.28,372921485.01,"Stage 4, Stage 4 - Weak/Declining, weekly_vcp_ok, weekly_volume_dryup, weekly_strong, downtrend",406,436,Stage 4,watchlist,weekly_watchlist,23.34,30,0.010000000000001563,False,False,False,False,False
MAYURUNIQ.NS,Mayur Uniquoters Ltd,Textile Manufacturing,Consumer Cyclical,False,Cash,1,Stage 3,Stage 3,Stage 3 - Transition,0.62,"The structure is transitioning after prior strength, but it is not yet a confirmed Stage 4 decline.",,,2026-08-21,,watchlist,weekly_watchlist,watchlist,16.33,9.69,13.34,10.0,16.33,9.69,23.34,-3.47,40.41,76892849.1,"Stage 3, Stage 3 - Transition, distribution_risk",407,422,Stage 3,watchlist,weekly_watchlist,24.02,15,-0.6799999999999997,False,False,False,False,False
JAYNECOIND.NS,Jayaswal Neco Industries Limited,Steel,Basic Materials,False,Cash,1,Stage 2 Failed,Stage 3,Failed Stage 2,0.72,"This stock was recently Stage 2, but the latest structure no longer satisfies Stage 2 rules. It is kept as Stage 2 Failed until a fresh base/repair structure forms.",Recent Stage 2 break; public stage held as Stage 2 Failed.,2026-10-08,2026-10-07,,watchlist,weekly_watchlist,watchlist,0.0,40.74,18.33,5.0,0.0,40.74,23.33,9.32,0.04,224803243.07,"Stage 3, Stage 3 - Distribution/Damage, weekly_vcp_ok, volume_dryup, weekly_volume_dryup, weekly_strong, distribution_risk | Stage 2 failed state applied from stage memory.",408,228,Stage 2,watchlist,weekly_forming,38.24,-180,-14.910000000000004,False,False,False,False,False
DOMS.NS,DOMS Industries Limited,Industrials,Industrials,False,Cash,1,Stage 4,Stage 4,Stage 4 - Confirmed Downtrend,0.86,Price is below a bearish moving-average stack with falling trend signals.,,,,,watchlist,weekly_watchlist,watchlist,12.2,36.9,23.32,0.0,12.2,36.9,23.32,-5.11,-7.08,63249901.27,"Stage 4, Stage 4 - Confirmed Downtrend, weekly_vcp_ok, volume_dryup, weekly_volume_dryup, weekly_strong, downtrend",409,443,Stage 4,watchlist,weekly_watchlist,23.18,34,0.14000000000000057,False,False,False,False,False
DALBHARAT.NS,Dalmia Bharat Limited,Building Materials,Basic Materials,True,F&O,1,Stage 4,Stage 4,Stage 4 - Confirmed Downtrend,0.86,Price is below a bearish moving-average stack with falling trend signals.,,,,,watchlist,weekly_watchlist,watchlist,13.1,35.8,23.31,0.0,13.1,35.8,23.31,-1.19,-10.62,138223658.82,"Stage 4, Stage 4 - Confirmed Downtrend, weekly_vcp_ok, volume_dryup, weekly_volume_dryup, weekly_strong, downtrend",410,437,Stage 4,watchlist,weekly_watchlist,23.31,27,0.0,False,False,False,False,False
AWFIS.NS,Awfis Space Solutions Limited,Industrials,Industrials,False,Cash,1,Stage 4,Stage 4,Stage 4 - Confirmed Downtrend,0.86,Price is below a bearish moving-average stack with falling trend signals.,,,,,watchlist,weekly_watchlist,watchlist,13.1,35.8,23.31,0.0,13.1,35.8,23.31,-9.86,-27.19,512285950.92,"Stage 4, Stage 4 - Confirmed Downtrend, weekly_vcp_ok, volume_dryup, weekly_volume_dryup, weekly_strong, downtrend",411,434,Stage 4,watchlist,weekly_watchlist,23.41,23,-0.10000000000000142,False,False,False,False,False
HUBTOWN.NS,Hubtown Limited,Real Estate,Real Estate,False,Cash,1,Stage 4,Stage 4,Stage 4 - Confirmed Downtrend,0.86,Price is below a bearish moving-average stack with falling trend signals.,,,,,watchlist,weekly_watchlist,watchlist,11.29,38.0,23.31,0.0,11.29,38.0,23.31,-16.45,-18.69,70642324.97,"Stage 4, Stage 4 - Confirmed Downtrend, weekly_vcp_ok, weekly_strong, downtrend",412,435,Stage 4,watchlist,weekly_watchlist,23.41,23,-0.10000000000000142,False,False,False,False,False
EPIGRAL.NS,Epigral Limited,Chemicals,Basic Materials,False,Cash,1,Stage 4,Stage 4,Stage 4 - Weak/Declining,0.72,Price is below long-term support with weak trend evidence.,,,,,watchlist,weekly_watchlist,watchlist,3.18,36.72,18.27,5.0,3.18,36.72,23.27,11.7,-2.54,38963680.26,"Stage 4, Stage 4 - Weak/Declining, weekly_vcp_ok, volume_dryup, weekly_volume_dryup, weekly_strong, downtrend",413,444,Stage 4,watchlist,weekly_watchlist,23.04,31,0.23000000000000043,False,False,False,False,False
HUDCO.NS,Housing & Urban Development Corporation Limited,Credit Services,Financial Services,False,Cash,1,Stage 4,Stage 4,Stage 4 - Confirmed Downtrend,0.86,Price is below a bearish moving-average stack with falling trend signals.,,,2026-07-06,,watchlist,weekly_watchlist,watchlist,9.33,35.8,21.24,2.0,9.33,35.8,23.24,-15.22,-10.42,377521039.69,"Stage 4, Stage 4 - Confirmed Downtrend, weekly_vcp_ok, weekly_strong, downtrend",414,460,Stage 4,watchlist,weekly_watchlist,22.36,46,0.879999999999999,False,False,False,False,False
RAMCOCEM.NS,The Ramco Cements Limited,Building Materials,Basic Materials,False,Cash,1,Stage 4,Stage 4,Stage 4 - Confirmed Downtrend,0.86,Price is below a bearish moving-average stack with falling trend signals.,,,,,watchlist,weekly_watchlist,watchlist,12.8,35.8,23.15,0.0,12.8,35.8,23.15,-4.79,-10.24,185531165.67,"Stage 4, Stage 4 - Confirmed Downtrend, weekly_vcp_ok, volume_dryup, weekly_volume_dryup, weekly_strong, downtrend",415,453,Stage 4,watchlist,weekly_watchlist,22.81,38,0.33999999999999986,False,False,False,False,False
INDIACEM.NS,The India Cements Limited,Building Materials,Basic Materials,False,Cash,1,Stage 4,Stage 4,Stage 4 - Confirmed Downtrend,0.86,Price is below a bearish moving-average stack with falling trend signals.,,,,,watchlist,weekly_watchlist,watchlist,12.6,35.8,23.04,0.0,12.6,35.8,23.04,-13.69,-21.07,83501845.23,"Stage 4, Stage 4 - Confirmed Downtrend, weekly_vcp_ok, weekly_strong, downtrend",416,489,Stage 4,watchlist,weekly_watchlist,21.38,73,1.6600000000000001,False,False,False,False,False
LUMAXTECH.NS,Lumax Auto Technologies Limited,Auto Parts,Consumer Cyclical,False,Cash,1,Stage 2,Stage 2,Early Stage 2,0.72,"Price has moved above long-term structure, but the full moving-average stack is not clean yet.",,,2026-10-07,,watchlist,weekly_watchlist,watchlist,14.33,22.53,18.02,5.0,14.33,22.53,23.02,27.16,6.1,276725837.44,"Stage 2, Early Stage 2, volume_dryup, weekly_volume_dryup",417,384,Stage 2,watchlist,weekly_watchlist,25.72,-33,-2.6999999999999993,False,False,False,False,False
CGCL.NS,Capri Global Capital Limited,Credit Services,Financial Services,False,Cash,1,Stage 2,Stage 2,Early Stage 2,0.72,"Price has moved above long-term structure, but the full moving-average stack is not clean yet.",,,2026-10-07,,watchlist,weekly_watchlist,watchlist,19.04,23.19,20.91,2.0,19.04,23.19,22.91,2.34,37.57,726837660.13,"Stage 2, Early Stage 2, volume_dryup, weekly_volume_dryup",418,260,Stage 2,watchlist,weekly_watchlist,35.02,-158,-12.110000000000003,False,False,False,False,False
PRAJIND.NS,Praj Industries Limited,Engineering & Construction,Industrials,False,Cash,1,Stage 4,Stage 4,Stage 4 - Weak/Declining,0.72,Price is below long-term support with weak trend evidence.,,,2026-08-31,,watchlist,weekly_watchlist,watchlist,12.32,35.8,22.89,0.0,12.32,35.8,22.89,-8.51,-8.73,123008582.13,"Stage 4, Stage 4 - Weak/Declining, weekly_vcp_ok, volume_dryup, weekly_volume_dryup, weekly_strong, downtrend",419,462,Stage 4,watchlist,weekly_watchlist,22.32,43,0.5700000000000003,False,False,False,False,False
MOIL.NS,MOIL Limited,Basic Materials,Basic Materials,False,Cash,1,Stage 4,Stage 4,Stage 4 - Confirmed Downtrend,0.86,Price is below a bearish moving-average stack with falling trend signals.,,,,,watchlist,weekly_watchlist,watchlist,12.2,35.8,22.82,0.0,12.2,35.8,22.82,-8.01,-22.35,104608416.63,"Stage 4, Stage 4 - Confirmed Downtrend, weekly_vcp_ok, volume_dryup, weekly_volume_dryup, weekly_strong, downtrend",420,451,Stage 4,watchlist,weekly_watchlist,22.82,31,0.0,False,False,False,False,False
ABLBL.NS,Aditya Birla Lifestyle Brands Limited,Consumer Cyclical,Consumer Cyclical,False,Cash,1,Stage 4,Stage 4,Stage 4 - Confirmed Downtrend,0.86,Price is below a bearish moving-average stack with falling trend signals.,,,,,watchlist,weekly_watchlist,watchlist,8.57,35.8,20.82,2.0,8.57,35.8,22.82,-17.46,-24.13,241049106.16,"Stage 4, Stage 4 - Confirmed Downtrend, weekly_vcp_ok, weekly_strong, downtrend",421,452,Stage 4,watchlist,weekly_watchlist,22.82,31,0.0,False,False,False,False,False
KPRMILL.NS,K.P.R. Mill Limited,Textile Manufacturing,Consumer Cyclical,False,Cash,1,Stage 2 Failed,Stage 1,Failed Stage 2,0.72,"This stock was recently Stage 2, but the latest structure no longer satisfies Stage 2 rules. It is kept as Stage 2 Failed until a fresh base/repair structure forms.",Recent Stage 2 break; public stage held as Stage 2 Failed.,2026-10-08,2026-09-24,,watchlist,weekly_watchlist,watchlist,20.02,3.98,12.8,10.0,20.02,3.98,22.8,3.25,28.59,186739231.45,"Stage 1, Stage 1 - Base/Repair, volume_dryup, weekly_volume_dryup, stage1_not_actionable, stage1_needs_more_base | Stage 2 failed state applied from stage memory.",422,394,Stage 2 Failed,watchlist,weekly_watchlist,24.92,-28,-2.120000000000001,False,False,False,False,False
MGL.NS,Mahanagar Gas Limited,Utilities,Utilities,False,Cash,1,Stage 2 Failed,Stage 4,Failed Stage 2,0.72,"This stock was recently Stage 2, but the latest structure no longer satisfies Stage 2 rules. It is kept as Stage 2 Failed until a fresh base/repair structure forms.",Recent Stage 2 break; public stage held as Stage 2 Failed.,2026-10-08,2026-09-23,,watchlist,weekly_watchlist,watchlist,11.42,36.64,22.77,0.0,11.42,36.64,22.77,2.6,5.85,119554924.01,"Stage 4, Stage 4 - Weak/Declining, weekly_vcp_ok, volume_dryup, weekly_volume_dryup, weekly_strong, downtrend | Stage 2 failed state applied from stage memory.",423,468,Stage 2 Failed,watchlist,weekly_watchlist,22.1,45,0.6699999999999982,False,False,False,False,False
VEEDOL.NS,Veedol Corporation Limited,Specialty Chemicals,Basic Materials,False,Cash,1,Stage 4,Stage 4,Stage 4 - Weak/Declining,0.72,Price is below long-term support with weak trend evidence.,,,2026-09-08,,watchlist,weekly_watchlist,watchlist,4.47,22.92,12.77,10.0,4.47,22.92,22.77,4.21,3.94,11497992.36,"Stage 4, Stage 4 - Weak/Declining, weekly_vcp_ok, volume_dryup, weekly_volume_dryup, downtrend",424,467,Stage 4,watchlist,weekly_watchlist,22.11,43,0.6600000000000001,False,False,False,False,False
COROMANDEL.NS,Coromandel International Limited,Agricultural Inputs,Basic Materials,False,Cash,1,Stage 4,Stage 4,Stage 4 - Confirmed Downtrend,0.86,Price is below a bearish moving-average stack with falling trend signals.,,,,,watchlist,weekly_watchlist,watchlist,11.15,36.9,22.74,0.0,11.15,36.9,22.74,-10.52,-12.47,333518571.0,"Stage 4, Stage 4 - Confirmed Downtrend, weekly_vcp_ok, weekly_strong, downtrend",425,439,Stage 4,watchlist,weekly_watchlist,23.25,14,-0.5100000000000016,False,False,False,False,False
M&M.NS,Mahindra & Mahindra Limited,Auto Manufacturers,Consumer Cyclical,True,F&O,1,Stage 4,Stage 4,Stage 4 - Weak/Declining,0.72,Price is below long-term support with weak trend evidence.,,,,,watchlist,weekly_watchlist,watchlist,8.42,35.8,20.74,2.0,8.42,35.8,22.74,-2.9,-6.37,6742159516.04,"Stage 4, Stage 4 - Weak/Declining, weekly_vcp_ok, weekly_strong, downtrend",426,445,Stage 4,watchlist,weekly_watchlist,22.98,19,-0.240000000000002,False,False,False,False,False
JIOFIN.NS,Jio Financial Services Limited,Asset Management,Financial Services,True,F&O,1,Stage 4,Stage 4,Stage 4 - Confirmed Downtrend,0.86,Price is below a bearish moving-average stack with falling trend signals.,,,,,watchlist,weekly_watchlist,watchlist,7.35,36.9,20.65,2.0,7.35,36.9,22.65,-2.21,-4.98,2692637160.07,"Stage 4, Stage 4 - Confirmed Downtrend, weekly_vcp_ok, weekly_volume_dryup, weekly_strong, downtrend",427,518,Stage 4,watchlist,weekly_watchlist,20.65,91,2.0,False,False,False,False,False
SBIN.NS,State Bank of India,Banks - Regional,Financial Services,True,F&O,1,Stage 4,Stage 4,Stage 4 - Confirmed Downtrend,0.86,Price is below a bearish moving-average stack with falling trend signals.,,,2026-08-31,,watchlist,weekly_watchlist,watchlist,8.2,35.8,20.62,2.0,8.2,35.8,22.62,0.73,-2.97,7810559082.08,"Stage 4, Stage 4 - Confirmed Downtrend, weekly_vcp_ok, weekly_volume_dryup, weekly_strong, downtrend",428,421,Stage 4,watchlist,weekly_watchlist,24.06,-7,-1.4399999999999977,False,False,False,False,False
RECLTD.NS,REC Limited,Credit Services,Financial Services,True,F&O,1,Stage 4,Stage 4,Stage 4 - Confirmed Downtrend,0.86,Price is below a bearish moving-average stack with falling trend signals.,,,2026-08-07,,watchlist,weekly_watchlist,watchlist,8.2,35.8,20.62,2.0,8.2,35.8,22.62,-6.8,-10.35,1988280020.42,"Stage 4, Stage 4 - Confirmed Downtrend, weekly_vcp_ok, weekly_volume_dryup, weekly_strong, downtrend",429,446,Stage 4,watchlist,weekly_watchlist,22.98,17,-0.35999999999999943,False,False,False,False,False
COALINDIA.NS,Coal India Limited,Energy,Energy,True,F&O,1,Stage 1,Stage 1,Stage 1 - Base/Repair,0.7,Price is near long-term moving averages with no strong long-term downtrend signal.,,,2026-07-03,,watchlist,weekly_watchlist,watchlist,17.11,18.21,17.61,5.0,17.11,18.21,22.61,5.71,4.43,2475950458.58,"Stage 1, Stage 1 - Base/Repair, volume_dryup, weekly_volume_dryup, stage1_not_actionable, stage1_needs_more_base",430,448,Stage 1,watchlist,weekly_watchlist,22.94,18,-0.33000000000000185,False,False,False,False,False
GREENPLY.NS,Greenply Industries Limited,Basic Materials,Basic Materials,False,Cash,1,Stage 2,Stage 2,Stage 2,0.76,Advancing structure detected.,,,2026-10-07,,watchlist,weekly_watchlist,watchlist,17.31,29.03,22.58,0.0,17.31,29.03,22.58,4.76,49.55,69081549.31,"Stage 2, Stage 2",431,461,Stage 2,watchlist,weekly_watchlist,22.34,30,0.23999999999999844,False,False,False,False,False
CMSINFO.NS,CMS Info Systems Limited,Industrials,Industrials,False,Cash,1,Stage 4,Stage 4,Stage 4 - Confirmed Downtrend,0.86,Price is below a bearish moving-average stack with falling trend signals.,,,,,watchlist,weekly_watchlist,watchlist,11.7,35.8,22.55,0.0,11.7,35.8,22.55,-10.62,-24.4,187782011.3,"Stage 4, Stage 4 - Confirmed Downtrend, weekly_vcp_ok, volume_dryup, weekly_volume_dryup, weekly_strong, downtrend",432,455,Stage 4,watchlist,weekly_watchlist,22.55,23,0.0,False,False,False,False,False
TIMETECHNO.NS,Time Technoplast Limited,Consumer Cyclical,Consumer Cyclical,False,Cash,1,Stage 4,Stage 4,Stage 4 - Weak/Declining,0.72,Price is below long-term support with weak trend evidence.,,,2026-08-20,,watchlist,weekly_watchlist,watchlist,6.43,37.72,20.51,2.0,6.43,37.72,22.51,8.2,0.02,429723475.49,"Stage 4, Stage 4 - Weak/Declining, weekly_vcp_ok, weekly_volume_dryup, weekly_strong, downtrend",433,276,Not Sure,watchlist,weekly_watchlist,33.31,-157,-10.8,False,False,False,False,False
NUVOCO.NS,Nuvoco Vistas Corporation Limited,Building Materials,Basic Materials,False,Cash,1,Stage 2 Failed,Stage 4,Failed Stage 2,0.72,"This stock was recently Stage 2, but the latest structure no longer satisfies Stage 2 rules. It is kept as Stage 2 Failed until a fresh base/repair structure forms.",Recent Stage 2 break; public stage held as Stage 2 Failed.,2026-10-08,2026-09-30,,watchlist,weekly_watchlist,watchlist,8.74,39.18,22.44,0.0,8.74,39.18,22.44,9.85,12.92,90517874.3,"Stage 4, Stage 4 - Weak/Declining, weekly_vcp_ok, weekly_strong, downtrend | Stage 2 failed state applied from stage memory.",434,487,Stage 2 Failed,watchlist,weekly_watchlist,21.45,53,0.990000000000002,False,False,False,False,False
TIIL.NS,Technocraft Industries (India) Limited,Tools & Accessories,Industrials,False,Cash,1,Stage 2 Failed,Stage 1,Failed Stage 2,0.72,"This stock was recently Stage 2, but the latest structure no longer satisfies Stage 2 rules. It is kept as Stage 2 Failed until a fresh base/repair structure forms.",Recent Stage 2 break; public stage held as Stage 2 Failed.,2026-10-08,2026-10-07,,watchlist,weekly_watchlist,watchlist,0.0,45.35,20.41,2.0,0.0,45.35,22.41,12.82,11.71,84790667.71,"Stage 1, Stage 1 - Base/Repair, weekly_vcp_ok, volume_dryup, weekly_volume_dryup, weekly_strong, stage1_not_actionable, stage1_needs_more_base | Stage 2 failed state applied from stage memory.",435,220,Stage 2,watchlist,weekly_forming,38.99,-215,-16.580000000000002,False,False,False,False,False
DALMIASUG.NS,Dalmia Bharat Sugar and Industries Limited,Consumer Defensive,Consumer Defensive,False,Cash,1,Stage 2,Stage 2,Early Stage 2,0.72,"Price has moved above long-term structure, but the full moving-average stack is not clean yet.",,,2026-10-07,,watchlist,weekly_watchlist,watchlist,17.04,28.66,22.27,0.0,17.04,28.66,22.27,25.34,21.29,129644534.43,"Stage 2, Early Stage 2, volume_dryup, weekly_volume_dryup",436,263,Stage 2,watchlist,weekly_watchlist,34.63,-173,-12.360000000000003,False,False,False,False,False
GREAVESCOT.NS,Greaves Cotton Limited,Specialty Industrial Machinery,Industrials,False,Cash,1,Stage 3,Stage 3,Stage 3 - Transition,0.62,"The structure is transitioning after prior strength, but it is not yet a confirmed Stage 4 decline.",,,2026-08-18,,watchlist,weekly_watchlist,watchlist,15.67,7.96,12.2,10.0,15.67,7.96,22.2,-10.62,42.27,581017981.62,"Stage 3, Stage 3 - Transition, weekly_volume_dryup, distribution_risk",437,474,Stage 3,watchlist,weekly_watchlist,21.83,37,0.370000000000001,False,False,False,False,False
DCAL.NS,Dishman Carbogen Amcis Limited,Biotechnology,Healthcare,False,Cash,1,Stage 4,Stage 4,Stage 4 - Confirmed Downtrend,0.86,Price is below a bearish moving-average stack with falling trend signals.,,,,,watchlist,weekly_watchlist,watchlist,1.95,35.8,17.18,5.0,1.95,35.8,22.18,-16.61,-4.71,33740155.15,"Stage 4, Stage 4 - Confirmed Downtrend, weekly_vcp_ok, volume_dryup, weekly_volume_dryup, weekly_strong, downtrend",438,465,Stage 4,watchlist,weekly_watchlist,22.18,27,0.0,False,False,False,False,False
CDSL.NS,Central Depository Services (India) Limited,Capital Markets,Financial Services,True,F&O,1,Stage 2 Failed,Stage 4,Failed Stage 2,0.72,"This stock was recently Stage 2, but the latest structure no longer satisfies Stage 2 rules. It is kept as Stage 2 Failed until a fresh base/repair structure forms.",Recent Stage 2 break; public stage held as Stage 2 Failed.,2026-10-08,2026-09-18,,watchlist,weekly_watchlist,watchlist,11.02,35.8,22.17,0.0,11.02,35.8,22.17,-2.97,0.17,1280051542.78,"Stage 4, Stage 4 - Weak/Declining, weekly_vcp_ok, volume_dryup, weekly_volume_dryup, weekly_strong, downtrend | Stage 2 failed state applied from stage memory.",439,470,Stage 2 Failed,watchlist,weekly_watchlist,21.93,31,0.240000000000002,False,False,False,False,False
ORIENTCEM.NS,Orient Cement Limited,Building Materials,Basic Materials,False,Cash,1,Stage 4,Stage 4,Stage 4 - Confirmed Downtrend,0.86,Price is below a bearish moving-average stack with falling trend signals.,,,,,watchlist,weekly_watchlist,watchlist,9.16,38.0,22.14,0.0,9.16,38.0,22.14,-11.43,-13.14,62233372.96,"Stage 4, Stage 4 - Confirmed Downtrend, weekly_vcp_ok, weekly_volume_dryup, weekly_strong, downtrend",440,463,Stage 4,watchlist,weekly_watchlist,22.31,23,-0.16999999999999815,False,False,False,False,False
FINPIPE.NS,Finolex Industries Limited,Building Products & Equipment,Industrials,False,Cash,1,Stage 4,Stage 4,Stage 4 - Confirmed Downtrend,0.86,Price is below a bearish moving-average stack with falling trend signals.,,,,,watchlist,weekly_watchlist,watchlist,10.01,36.9,22.11,0.0,10.01,36.9,22.11,-0.3,-4.27,50821223.29,"Stage 4, Stage 4 - Confirmed Downtrend, weekly_vcp_ok, volume_dryup, weekly_volume_dryup, weekly_strong, downtrend",441,621,Stage 4,watchlist,weekly_watchlist,16.63,180,5.48,False,False,False,False,False
SANOFICONR.NS,Sanofi Consumer Healthcare India Limited,Drug Manufacturers - General,Healthcare,False,Cash,1,Stage 4,Stage 4,Stage 4 - Weak/Declining,0.72,Price is below long-term support with weak trend evidence.,,,2026-07-29,,watchlist,weekly_watchlist,watchlist,0.0,38.0,17.1,5.0,0.0,38.0,22.1,-13.0,-13.52,27391387.47,"Stage 4, Stage 4 - Weak/Declining, weekly_vcp_ok, weekly_volume_dryup, weekly_strong, downtrend",442,469,Stage 4,watchlist,weekly_watchlist,22.1,27,0.0,False,False,False,False,False
PIDILITIND.NS,Pidilite Industries Limited,Specialty Chemicals,Basic Materials,True,F&O,1,Stage 2 Failed,Stage 1,Failed Stage 2,0.72,"This stock was recently Stage 2, but the latest structure no longer satisfies Stage 2 rules. It is kept as Stage 2 Failed until a fresh base/repair structure forms.",Recent Stage 2 break; public stage held as Stage 2 Failed.,2026-10-08,2026-09-23,,watchlist,weekly_watchlist,watchlist,17.66,5.26,12.08,10.0,17.66,5.26,22.08,2.71,17.85,935893138.59,"Stage 1, Stage 1 - Base/Repair, weekly_volume_dryup, stage1_not_actionable, stage1_needs_more_base | Stage 2 failed state applied from stage memory.",443,494,Stage 2 Failed,watchlist,weekly_watchlist,21.19,51,0.889999999999997,False,False,False,False,False
ALKYLAMINE.NS,Alkyl Amines Chemicals Limited,Specialty Chemicals,Basic Materials,False,Cash,1,Stage 2 Failed,Stage 1,Failed Stage 2,0.72,"This stock was recently Stage 2, but the latest structure no longer satisfies Stage 2 rules. It is kept as Stage 2 Failed until a fresh base/repair structure forms.",Recent Stage 2 break; public stage held as Stage 2 Failed.,2026-10-08,2026-10-07,,watchlist,weekly_watchlist,watchlist,14.86,8.61,12.05,10.0,14.86,8.61,22.05,5.98,36.16,389350565.36,"Stage 1, Stage 1 - Base/Repair, stage1_not_actionable, stage1_needs_more_base | Stage 2 failed state applied from stage memory.",444,188,Stage 2,watchlist,weekly_watchlist,42.0,-256,-19.95,False,False,False,False,False
EPL.NS,EPL Limited,Consumer Cyclical,Consumer Cyclical,False,Cash,1,Stage 2 Failed,Stage 1,Failed Stage 2,0.72,"This stock was recently Stage 2, but the latest structure no longer satisfies Stage 2 rules. It is kept as Stage 2 Failed until a fresh base/repair structure forms.",Recent Stage 2 break; public stage held as Stage 2 Failed.,2026-10-08,2026-09-30,,watchlist,weekly_watchlist,watchlist,0.0,44.41,19.98,2.0,0.0,44.41,21.98,6.99,8.1,408632931.43,"Stage 1, Stage 1 - Base/Repair, weekly_vcp_ok, volume_dryup, weekly_volume_dryup, weekly_strong, stage1_not_actionable, stage1_needs_more_base | Stage 2 failed state applied from stage memory.",445,475,Stage 2 Failed,watchlist,weekly_watchlist,21.66,30,0.3200000000000003,False,False,False,False,False
JSL.NS,Jindal Stainless Limited,Steel,Basic Materials,False,Cash,1,Stage 4,Stage 4,Stage 4 - Weak/Declining,0.72,Price is below long-term support with weak trend evidence.,,,,,watchlist,weekly_watchlist,watchlist,0.0,37.59,16.92,5.0,0.0,37.59,21.92,8.9,-1.99,723398972.24,"Stage 4, Stage 4 - Weak/Declining, weekly_vcp_ok, weekly_volume_dryup, weekly_strong, downtrend",446,471,Not Sure,watchlist,weekly_watchlist,21.9,25,0.020000000000003126,False,False,False,False,False
SJVN.NS,SJVN Limited,Utilities - Renewable,Utilities,False,Cash,1,Stage 4,Stage 4,Stage 4 - Confirmed Downtrend,0.86,Price is below a bearish moving-average stack with falling trend signals.,,,,,watchlist,weekly_watchlist,watchlist,9.51,36.9,21.84,0.0,9.51,36.9,21.84,-14.36,-21.2,152892161.37,"Stage 4, Stage 4 - Confirmed Downtrend, weekly_vcp_ok, weekly_strong, downtrend",447,526,Stage 4,watchlist,weekly_watchlist,20.29,79,1.5500000000000007,False,False,False,False,False
MAHSCOOTER.NS,Maharashtra Scooters Limited,Asset Management,Financial Services,False,Cash,1,Stage 2 Failed,Stage 4,Failed Stage 2,0.72,"This stock was recently Stage 2, but the latest structure no longer satisfies Stage 2 rules. It is kept as Stage 2 Failed until a fresh base/repair structure forms.",Recent Stage 2 break; public stage held as Stage 2 Failed.,2026-10-08,2026-09-24,,watchlist,weekly_watchlist,watchlist,5.88,36.9,19.84,2.0,5.88,36.9,21.84,0.94,-1.37,72367897.37,"Stage 4, Stage 4 - Weak/Declining, weekly_vcp_ok, weekly_strong, downtrend | Stage 2 failed state applied from stage memory.",448,542,Stage 2 Failed,watchlist,weekly_watchlist,19.57,94,2.2699999999999996,False,False,False,False,False
MANAPPURAM.NS,Manappuram Finance Limited,Credit Services,Financial Services,True,F&O,1,Stage 2 Failed,Stage 1,Failed Stage 2,0.72,"This stock was recently Stage 2, but the latest structure no longer satisfies Stage 2 rules. It is kept as Stage 2 Failed until a fresh base/repair structure forms.",Recent Stage 2 break; public stage held as Stage 2 Failed.,2026-10-08,2026-09-25,,watchlist,weekly_watchlist,watchlist,0.0,44.04,19.82,2.0,0.0,44.04,21.82,1.13,21.29,1232069170.04,"Stage 1, Stage 1 - Base/Repair, weekly_vcp_ok, weekly_volume_dryup, weekly_strong, stage1_not_actionable, stage1_needs_more_base | Stage 2 failed state applied from stage memory.",449,484,Stage 2 Failed,watchlist,weekly_watchlist,21.56,35,0.26000000000000156,False,False,False,False,False
APTUS.NS,Aptus Value Housing Finance India Limited,Mortgage Finance,Financial Services,False,Cash,1,Stage 4,Stage 4,Stage 4 - Confirmed Downtrend,0.86,Price is below a bearish moving-average stack with falling trend signals.,,,2026-07-30,,watchlist,weekly_watchlist,watchlist,10.23,35.8,21.74,0.0,10.23,35.8,21.74,-17.08,-3.95,404355293.25,"Stage 4, Stage 4 - Confirmed Downtrend, weekly_vcp_ok, weekly_volume_dryup, weekly_strong, downtrend",450,516,Stage 4,watchlist,weekly_watchlist,20.66,66,1.0799999999999983,False,False,False,False,False
UNIONBANK.NS,Union Bank of India,Banks - Regional,Financial Services,True,F&O,1,Stage 2 Failed,Stage 1,Failed Stage 2,0.72,"This stock was recently Stage 2, but the latest structure no longer satisfies Stage 2 rules. It is kept as Stage 2 Failed until a fresh base/repair structure forms.",Recent Stage 2 break; public stage held as Stage 2 Failed.,2026-10-08,2026-09-25,,watchlist,weekly_watchlist,watchlist,0.0,43.87,19.74,2.0,0.0,43.87,21.74,8.65,1.04,1301818446.16,"Stage 1, Stage 1 - Base/Repair, weekly_vcp_ok, weekly_volume_dryup, weekly_strong, stage1_not_actionable, stage1_needs_more_base | Stage 2 failed state applied from stage memory.",451,520,Stage 2 Failed,watchlist,weekly_watchlist,20.59,69,1.1499999999999986,False,False,False,False,False
AUBANK.NS,AU Small Finance Bank Limited,Banks - Regional,Financial Services,True,F&O,1,Stage 2 Failed,Stage 1,Failed Stage 2,0.72,"This stock was recently Stage 2, but the latest structure no longer satisfies Stage 2 rules. It is kept as Stage 2 Failed until a fresh base/repair structure forms.",Recent Stage 2 break; public stage held as Stage 2 Failed.,2026-10-08,2026-09-30,,watchlist,weekly_watchlist,watchlist,0.0,43.77,19.7,2.0,0.0,43.77,21.7,2.15,6.54,1423517135.38,"Stage 1, Stage 1 - Base/Repair, weekly_vcp_ok, weekly_strong, stage1_not_actionable, stage1_needs_more_base | Stage 2 failed state applied from stage memory.",452,488,Stage 2 Failed,watchlist,weekly_watchlist,21.44,36,0.259999999999998,False,False,False,False,False
BHARTIARTL.NS,Bharti Airtel Limited,Telecom Services,Communication Services,True,F&O,1,Stage 4,Stage 4,Stage 4 - Weak/Declining,0.72,Price is below long-term support with weak trend evidence.,,,2026-08-21,,watchlist,weekly_watchlist,watchlist,9.38,36.72,21.68,0.0,9.38,36.72,21.68,2.52,6.64,10675051642.12,"Stage 4, Stage 4 - Weak/Declining, weekly_vcp_ok, weekly_strong, downtrend",453,408,Stage 4,watchlist,weekly_watchlist,24.41,-45,-2.7300000000000004,False,False,False,False,False
MAXHEALTH.NS,Max Healthcare Institute Limited,Medical Care Facilities,Healthcare,True,F&O,1,Stage 2 Failed,Stage 4,Failed Stage 2,0.72,"This stock was recently Stage 2, but the latest structure no longer satisfies Stage 2 rules. It is kept as Stage 2 Failed until a fresh base/repair structure forms.",Recent Stage 2 break; public stage held as Stage 2 Failed.,2026-10-08,2026-09-24,,watchlist,weekly_watchlist,watchlist,9.1,36.9,21.61,0.0,9.1,36.9,21.61,-11.92,-4.32,2525211360.48,"Stage 4, Stage 4 - Confirmed Downtrend, weekly_vcp_ok, weekly_strong, downtrend | Stage 2 failed state applied from stage memory.",454,477,Stage 2 Failed,watchlist,weekly_watchlist,21.61,23,0.0,False,False,False,False,False
JSWHL.NS,JSW Holdings Limited,Conglomerates,Industrials,False,Cash,1,Stage 4,Stage 4,Stage 4 - Weak/Declining,0.72,Price is below long-term support with weak trend evidence.,,,,,watchlist,weekly_watchlist,watchlist,9.1,36.9,21.61,0.0,9.1,36.9,21.61,7.36,-9.48,84003140.15,"Stage 4, Stage 4 - Weak/Declining, weekly_vcp_ok, weekly_volume_dryup, weekly_strong, downtrend",455,431,Stage 4,watchlist,weekly_watchlist,23.61,-24,-2.0,False,False,False,False,False
MAZDOCK.NS,Mazagon Dock Shipbuilders Limited,Aerospace & Defense,Industrials,True,F&O,1,Stage 4,Stage 4,Stage 4 - Weak/Declining,0.72,Price is below long-term support with weak trend evidence.,,,2026-09-08,,watchlist,weekly_watchlist,watchlist,0.0,36.9,16.61,5.0,0.0,36.9,21.61,-7.36,-14.91,1213969937.92,"Stage 4, Stage 4 - Weak/Declining, weekly_vcp_ok, volume_dryup, weekly_volume_dryup, weekly_strong, downtrend",456,479,Stage 4,watchlist,weekly_watchlist,21.61,23,0.0,False,False,False,False,False
BIOCON.NS,Biocon Limited,Biotechnology,Healthcare,True,F&O,1,Stage 4,Stage 4,Stage 4 - Weak/Declining,0.72,Price is below long-term support with weak trend evidence.,,,2026-08-14,,watchlist,weekly_watchlist,watchlist,0.0,36.9,16.61,5.0,0.0,36.9,21.61,-11.8,7.26,1032362193.07,"Stage 4, Stage 4 - Weak/Declining, weekly_vcp_ok, volume_dryup, weekly_volume_dryup, weekly_strong, downtrend",457,480,Stage 4,watchlist,weekly_watchlist,21.61,23,0.0,False,False,False,False,False
COCHINSHIP.NS,Cochin Shipyard Limited,Aerospace & Defense,Industrials,True,F&O,1,Stage 4,Stage 4,Stage 4 - Confirmed Downtrend,0.86,Price is below a bearish moving-average stack with falling trend signals.,,,,,watchlist,weekly_watchlist,watchlist,0.0,36.9,16.61,5.0,0.0,36.9,21.61,-5.46,-12.45,1467102634.09,"Stage 4, Stage 4 - Confirmed Downtrend, weekly_vcp_ok, volume_dryup, weekly_volume_dryup, weekly_strong, downtrend",458,481,Stage 4,watchlist,weekly_watchlist,21.61,23,0.0,False,False,False,False,False
ONESOURCE.NS,Onesource Specialty Pharma Limited,Biotechnology,Healthcare,False,Cash,1,Stage 4,Stage 4,Stage 4 - Weak/Declining,0.72,Price is below long-term support with weak trend evidence.,,,2026-09-16,,watchlist,weekly_watchlist,watchlist,0.0,36.9,16.61,5.0,0.0,36.9,21.61,-3.48,3.46,440660268.48,"Stage 4, Stage 4 - Weak/Declining, weekly_vcp_ok, weekly_volume_dryup, weekly_strong, downtrend",459,476,Stage 2 Failed,watchlist,weekly_watchlist,21.64,17,-0.030000000000001137,False,False,False,False,False
INDIAMART.NS,Indiamart Intermesh Limited,Communication Services,Communication Services,False,Cash,1,Stage 4,Stage 4,Stage 4 - Confirmed Downtrend,0.86,Price is below a bearish moving-average stack with falling trend signals.,,,,,watchlist,weekly_watchlist,watchlist,0.0,36.9,16.61,5.0,0.0,36.9,21.61,-8.41,-16.15,176187912.03,"Stage 4, Stage 4 - Confirmed Downtrend, weekly_vcp_ok, volume_dryup, weekly_volume_dryup, weekly_strong, downtrend",460,482,Stage 4,watchlist,weekly_watchlist,21.61,22,0.0,False,False,False,False,False
SURYAROSNI.NS,Surya Roshni Limited,Steel,Basic Materials,False,Cash,1,Stage 4,Stage 4,Stage 4 - Confirmed Downtrend,0.86,Price is below a bearish moving-average stack with falling trend signals.,,,2026-07-10,,watchlist,weekly_watchlist,watchlist,0.0,36.9,16.61,5.0,0.0,36.9,21.61,-4.94,-2.25,90533103.56,"Stage 4, Stage 4 - Confirmed Downtrend, weekly_vcp_ok, volume_dryup, weekly_volume_dryup, weekly_strong, downtrend",461,483,Stage 4,watchlist,weekly_watchlist,21.61,22,0.0,False,False,False,False,False
VOLTAS.NS,Voltas Limited,"Furnishings, Fixtures & Appliances",Consumer Cyclical,True,F&O,1,Stage 4,Stage 4,Stage 4 - Confirmed Downtrend,0.86,Price is below a bearish moving-average stack with falling trend signals.,,,,,watchlist,weekly_watchlist,watchlist,8.95,36.9,21.53,0.0,8.95,36.9,21.53,-15.9,-19.16,779259976.61,"Stage 4, Stage 4 - Confirmed Downtrend, weekly_vcp_ok, weekly_strong, downtrend",462,486,Stage 4,watchlist,weekly_watchlist,21.51,24,0.019999999999999574,False,False,False,False,False
CSBBANK.NS,CSB Bank Limited,Banks - Regional,Financial Services,False,Cash,1,Stage 4,Stage 4,Stage 4 - Confirmed Downtrend,0.86,Price is below a bearish moving-average stack with falling trend signals.,,,,,watchlist,weekly_watchlist,watchlist,9.2,32.13,19.52,2.0,9.2,32.13,21.52,-7.22,-17.71,276987379.47,"Stage 4, Stage 4 - Confirmed Downtrend, weekly_vcp_ok, volume_dryup, weekly_volume_dryup, weekly_strong, downtrend",463,485,Stage 4,watchlist,weekly_watchlist,21.52,22,0.0,False,False,False,False,False
ITCHOTELS.NS,ITC Hotels Limited,Consumer Cyclical,Consumer Cyclical,False,Cash,1,Stage 4,Stage 4,Stage 4 - Weak/Declining,0.72,Price is below long-term support with weak trend evidence.,,,,,watchlist,weekly_watchlist,watchlist,7.8,33.8,19.5,2.0,7.8,33.8,21.5,-6.91,3.48,238531239.75,"Stage 4, Stage 4 - Weak/Declining, weekly_vcp_ok, volume_dryup, weekly_volume_dryup, weekly_strong, downtrend",464,514,Stage 4,watchlist,weekly_watchlist,20.75,50,0.75,False,False,False,False,False
HDFCAMC.NS,HDFC Asset Management Company Limited,Asset Management,Financial Services,True,F&O,1,Stage 4,Stage 4,Stage 4 - Confirmed Downtrend,0.86,Price is below a bearish moving-average stack with falling trend signals.,,,2026-07-15,,watchlist,weekly_watchlist,watchlist,5.26,36.9,19.5,2.0,5.26,36.9,21.5,-7.44,-6.47,1603508385.52,"Stage 4, Stage 4 - Confirmed Downtrend, weekly_vcp_ok, weekly_strong, downtrend",465,566,Stage 4,watchlist,weekly_watchlist,18.76,101,2.7399999999999984,False,False,False,False,False
TORNTPHARM.NS,Torrent Pharmaceuticals Limited,Drug Manufacturers - Specialty & Generic,Healthcare,True,F&O,1,Stage 2 Failed,Stage 3,Failed Stage 2,0.72,"This stock was recently Stage 2, but the latest structure no longer satisfies Stage 2 rules. It is kept as Stage 2 Failed until a fresh base/repair structure forms.",Recent Stage 2 break; public stage held as Stage 2 Failed.,2026-10-08,2026-10-05,,watchlist,weekly_watchlist,watchlist,20.87,0.0,11.48,10.0,20.87,0.0,21.48,0.99,18.68,1645505421.37,"Stage 3, Stage 3 - Distribution/Damage, weekly_volume_dryup, distribution_risk | Stage 2 failed state applied from stage memory.",466,415,Stage 2 Failed,watchlist,weekly_watchlist,24.2,-51,-2.719999999999999,False,False,False,False,False
TMB.NS,Tamilnad Mercantile Bank Limited,Banks - Regional,Financial Services,False,Cash,1,Stage 2,Stage 2,Early Stage 2,0.72,"Price has moved above long-term structure, but the full moving-average stack is not clean yet.",,,2026-10-07,,watchlist,weekly_watchlist,watchlist,17.32,22.08,19.46,2.0,17.32,22.08,21.46,17.78,35.04,140571812.35,"Stage 2, Early Stage 2, weekly_volume_dryup",467,495,Stage 2,watchlist,weekly_watchlist,21.17,28,0.28999999999999915,False,False,False,False,False
GREENPANEL.NS,Greenpanel Industries Limited,Basic Materials,Basic Materials,False,Cash,1,Stage 4,Stage 4,Stage 4 - Confirmed Downtrend,0.86,Price is below a bearish moving-average stack with falling trend signals.,,,,,watchlist,weekly_watchlist,watchlist,8.77,36.9,21.43,0.0,8.77,36.9,21.43,-13.41,-22.17,59708320.28,"Stage 4, Stage 4 - Confirmed Downtrend, weekly_vcp_ok, volume_dryup, weekly_volume_dryup, weekly_strong, downtrend",468,490,Stage 4,watchlist,weekly_watchlist,21.37,22,0.05999999999999872,False,False,False,False,False
FEDFINA.NS,Fedbank Financial Services Limited,Credit Services,Financial Services,False,Cash,1,Stage 2 Failed,Stage 1,Failed Stage 2,0.72,"This stock was recently Stage 2, but the latest structure no longer satisfies Stage 2 rules. It is kept as Stage 2 Failed until a fresh base/repair structure forms.",Recent Stage 2 break; public stage held as Stage 2 Failed.,2026-10-08,2026-10-05,,watchlist,weekly_watchlist,watchlist,0.0,42.97,19.34,2.0,0.0,42.97,21.34,0.57,11.16,120671043.23,"Stage 1, Stage 1 - Base/Repair, weekly_vcp_ok, weekly_volume_dryup, weekly_strong, stage1_not_actionable, stage1_needs_more_base | Stage 2 failed state applied from stage memory.",469,497,Stage 2 Failed,watchlist,weekly_watchlist,21.16,28,0.17999999999999972,False,False,False,False,False
AFFLE.NS,Affle 3i Limited,Communication Services,Communication Services,False,Cash,1,Stage 4,Stage 4,Stage 4 - Weak/Declining,0.72,Price is below long-term support with weak trend evidence.,,,2026-09-07,,watchlist,weekly_watchlist,watchlist,0.0,36.28,16.33,5.0,0.0,36.28,21.33,0.54,4.22,199914576.37,"Stage 4, Stage 4 - Weak/Declining, weekly_vcp_ok, volume_dryup, weekly_volume_dryup, weekly_strong, downtrend",470,493,Stage 4,watchlist,weekly_watchlist,21.22,23,0.10999999999999943,False,False,False,False,False
AUTOAXLES.NS,Automotive Axles Limited,Auto Parts,Consumer Cyclical,False,Cash,1,Stage 4,Stage 4,Stage 4 - Confirmed Downtrend,0.86,Price is below a bearish moving-average stack with falling trend signals.,,,2026-08-12,,watchlist,weekly_watchlist,watchlist,0.0,36.26,16.32,5.0,0.0,36.26,21.32,0.44,4.18,10504350.53,"Stage 4, Stage 4 - Confirmed Downtrend, weekly_vcp_ok, weekly_volume_dryup, weekly_strong, downtrend",471,498,Stage 4,watchlist,weekly_watchlist,21.16,27,0.16000000000000014,False,False,False,False,False
CONCOR.NS,Container Corporation of India Limited,Industrials,Industrials,True,F&O,1,Stage 2 Failed,Stage 4,Failed Stage 2,0.72,"This stock was recently Stage 2, but the latest structure no longer satisfies Stage 2 rules. It is kept as Stage 2 Failed until a fresh base/repair structure forms.",Recent Stage 2 break; public stage held as Stage 2 Failed.,2026-10-08,2026-09-18,,watchlist,weekly_watchlist,watchlist,9.46,35.8,21.31,0.0,9.46,35.8,21.31,2.18,-3.48,538740784.36,"Stage 4, Stage 4 - Weak/Declining, weekly_vcp_ok, weekly_volume_dryup, weekly_strong, downtrend | Stage 2 failed state applied from stage memory.",472,510,Stage 2 Failed,watchlist,weekly_watchlist,21.04,38,0.2699999999999996,False,False,False,False,False
SHRIRAMFIN.NS,Shriram Finance Limited,Credit Services,Financial Services,True,F&O,1,Stage 1,Stage 1,Stage 1 - Unclear/Repair,0.58,Not enough evidence for Stage 2 or Stage 4; classified as repair/unclear structure.,,,2026-09-10,,watchlist,weekly_watchlist,watchlist,0.0,42.9,19.3,2.0,0.0,42.9,21.3,-1.37,-2.45,4174477601.41,"Stage 1, Stage 1 - Unclear/Repair, weekly_vcp_ok, weekly_strong, stage1_not_actionable, stage1_needs_more_base",473,491,Stage 1,watchlist,weekly_watchlist,21.3,18,0.0,False,False,False,False,False
PNGJL.NS,P N Gadgil Jewellers Limited,Luxury Goods,Consumer Cyclical,False,Cash,1,Stage 4,Stage 4,Stage 4 - Weak/Declining,0.72,Price is below long-term support with weak trend evidence.,,,2026-09-08,,watchlist,weekly_watchlist,watchlist,0.0,36.09,16.24,5.0,0.0,36.09,21.24,6.98,-4.1,210592231.6,"Stage 4, Stage 4 - Weak/Declining, weekly_vcp_ok, weekly_volume_dryup, weekly_strong, downtrend",474,381,Not Sure,watchlist,weekly_watchlist,25.91,-93,-4.670000000000002,False,False,False,False,False
ESCORTS.NS,Escorts Kubota Limited,Farm & Heavy Construction Machinery,Industrials,False,Cash,1,Stage 4,Stage 4,Stage 4 - Confirmed Downtrend,0.86,Price is below a bearish moving-average stack with falling trend signals.,,,,,watchlist,weekly_watchlist,watchlist,5.57,35.8,19.17,2.0,5.57,35.8,21.17,2.87,-7.18,246509513.03,"Stage 4, Stage 4 - Confirmed Downtrend, weekly_vcp_ok, weekly_volume_dryup, weekly_strong, downtrend",475,496,Stage 4,watchlist,weekly_watchlist,21.17,21,0.0,False,False,False,False,False
REFEX.NS,Refex Industries Limited,Energy,Energy,False,Cash,1,Stage 4,Stage 4,Stage 4 - Weak/Declining,0.72,Price is below long-term support with weak trend evidence.,,,2026-07-10,,watchlist,weekly_watchlist,watchlist,0.0,35.9,16.16,5.0,0.0,35.9,21.16,-14.54,15.51,173395994.6,"Stage 4, Stage 4 - Weak/Declining, weekly_vcp_ok, volume_dryup, weekly_volume_dryup, weekly_strong, downtrend",476,788,Stage 4,watchlist,weekly_watchlist,6.91,312,14.25,False,False,False,False,False
KSCL.NS,Kaveri Seed Company Limited,Agricultural Inputs,Basic Materials,False,Cash,1,Stage 4,Stage 4,Stage 4 - Confirmed Downtrend,0.86,Price is below a bearish moving-average stack with falling trend signals.,,,,,watchlist,weekly_watchlist,watchlist,8.2,36.9,21.12,0.0,8.2,36.9,21.12,-12.1,-19.4,1241533786.2,"Stage 4, Stage 4 - Confirmed Downtrend, weekly_vcp_ok, weekly_volume_dryup, weekly_strong, downtrend",477,801,Stage 4,watchlist,weekly_watchlist,6.31,324,14.810000000000002,False,False,False,False,False
IRCON.NS,Ircon International Limited,Engineering & Construction,Industrials,False,Cash,1,Stage 4,Stage 4,Stage 4 - Confirmed Downtrend,0.86,Price is below a bearish moving-average stack with falling trend signals.,,,,,watchlist,weekly_watchlist,watchlist,9.1,35.8,21.11,0.0,9.1,35.8,21.11,-11.57,-19.62,751568805.4,"Stage 4, Stage 4 - Confirmed Downtrend, weekly_vcp_ok, weekly_volume_dryup, weekly_strong, downtrend",478,499,Stage 4,watchlist,weekly_watchlist,21.11,21,0.0,False,False,False,False,False
RAILTEL.NS,Railtel Corporation Of India Limited,Telecom Services,Communication Services,False,Cash,1,Stage 4,Stage 4,Stage 4 - Confirmed Downtrend,0.86,Price is below a bearish moving-average stack with falling trend signals.,,,,,watchlist,weekly_watchlist,watchlist,9.1,35.8,21.11,0.0,9.1,35.8,21.11,-9.76,-18.89,210083689.89,"Stage 4, Stage 4 - Confirmed Downtrend, weekly_vcp_ok, weekly_volume_dryup, weekly_strong, downtrend",479,478,Stage 4,watchlist,weekly_watchlist,21.61,-1,-0.5,False,False,False,False,False
HINDUNILVR.NS,Hindustan Unilever Limited,Household & Personal Products,Consumer Defensive,True,F&O,1,Stage 4,Stage 4,Stage 4 - Confirmed Downtrend,0.86,Price is below a bearish moving-average stack with falling trend signals.,,,,,watchlist,weekly_watchlist,watchlist,0.0,35.8,16.11,5.0,0.0,35.8,21.11,-4.84,-5.54,2246667216.16,"Stage 4, Stage 4 - Confirmed Downtrend, weekly_vcp_ok, weekly_volume_dryup, weekly_strong, downtrend",480,500,Stage 4,watchlist,weekly_watchlist,21.11,20,0.0,False,False,False,False,False
GODREJCP.NS,Godrej Consumer Products Limited,Household & Personal Products,Consumer Defensive,True,F&O,1,Stage 4,Stage 4,Stage 4 - Confirmed Downtrend,0.86,Price is below a bearish moving-average stack with falling trend signals.,,,,,watchlist,weekly_watchlist,watchlist,0.0,35.8,16.11,5.0,0.0,35.8,21.11,-9.91,-11.79,780072474.47,"Stage 4, Stage 4 - Confirmed Downtrend, weekly_vcp_ok, volume_dryup, weekly_volume_dryup, weekly_strong, downtrend",481,501,Stage 4,watchlist,weekly_watchlist,21.11,20,0.0,False,False,False,False,False
COLPAL.NS,Colgate Palmolive (India) Limited,Household & Personal Products,Consumer Defensive,True,F&O,1,Stage 4,Stage 4,Stage 4 - Confirmed Downtrend,0.86,Price is below a bearish moving-average stack with falling trend signals.,,,,,watchlist,weekly_watchlist,watchlist,0.0,35.8,16.11,5.0,0.0,35.8,21.11,-5.43,-3.83,724651836.46,"Stage 4, Stage 4 - Confirmed Downtrend, weekly_vcp_ok, volume_dryup, weekly_volume_dryup, weekly_strong, downtrend",482,502,Stage 4,watchlist,weekly_watchlist,21.11,20,0.0,False,False,False,False,False
SANDUMA.NS,Sandur Manganese & Iron Ores Limited,Steel,Basic Materials,False,Cash,1,Stage 4,Stage 4,Stage 4 - Confirmed Downtrend,0.86,Price is below a bearish moving-average stack with falling trend signals.,,,2026-06-22,,watchlist,weekly_watchlist,watchlist,0.0,35.8,16.11,5.0,0.0,35.8,21.11,-1.77,-10.09,85374190.63,"Stage 4, Stage 4 - Confirmed Downtrend, weekly_vcp_ok, volume_dryup, weekly_volume_dryup, weekly_strong, downtrend",483,503,Stage 4,watchlist,weekly_watchlist,21.11,20,0.0,False,False,False,False,False
ZEEL.NS,Zee Entertainment Enterprises Limited,Communication Services,Communication Services,False,Cash,1,Stage 4,Stage 4,Stage 4 - Weak/Declining,0.72,Price is below long-term support with weak trend evidence.,,,2026-08-21,,watchlist,weekly_watchlist,watchlist,0.0,35.8,16.11,5.0,0.0,35.8,21.11,-23.96,-5.36,1056144569.11,"Stage 4, Stage 4 - Weak/Declining, weekly_vcp_ok, volume_dryup, weekly_volume_dryup, weekly_strong, downtrend",484,504,Stage 4,watchlist,weekly_watchlist,21.11,20,0.0,False,False,False,False,False
ACI.NS,Archean Chemical Industries Limited,Chemicals,Basic Materials,False,Cash,1,Stage 4,Stage 4,Stage 4 - Confirmed Downtrend,0.86,Price is below a bearish moving-average stack with falling trend signals.,,,,,watchlist,weekly_watchlist,watchlist,0.0,35.8,16.11,5.0,0.0,35.8,21.11,-5.44,-16.58,117058448.52,"Stage 4, Stage 4 - Confirmed Downtrend, weekly_vcp_ok, volume_dryup, weekly_volume_dryup, weekly_strong, downtrend",485,505,Stage 4,watchlist,weekly_watchlist,21.11,20,0.0,False,False,False,False,False
SUBROS.NS,Subros Limited,Auto Parts,Consumer Cyclical,False,Cash,1,Stage 4,Stage 4,Stage 4 - Confirmed Downtrend,0.86,Price is below a bearish moving-average stack with falling trend signals.,,,,,watchlist,weekly_watchlist,watchlist,0.0,35.8,16.11,5.0,0.0,35.8,21.11,-9.59,-6.9,20587802.78,"Stage 4, Stage 4 - Confirmed Downtrend, weekly_vcp_ok, volume_dryup, weekly_volume_dryup, weekly_strong, downtrend",486,826,Stage 4,watchlist,weekly_watchlist,5.0,340,16.11,False,False,False,False,False
DBCORP.NS,D.B.Corp Limited,Communication Services,Communication Services,False,Cash,1,Stage 4,Stage 4,Stage 4 - Confirmed Downtrend,0.86,Price is below a bearish moving-average stack with falling trend signals.,,,,,watchlist,weekly_watchlist,watchlist,0.0,35.8,16.11,5.0,0.0,35.8,21.11,-8.67,-10.14,12913755.71,"Stage 4, Stage 4 - Confirmed Downtrend, weekly_vcp_ok, weekly_volume_dryup, weekly_strong, downtrend",487,507,Stage 4,watchlist,weekly_watchlist,21.11,20,0.0,False,False,False,False,False
JTEKTINDIA.NS,Jtekt India Limited,Auto Parts,Consumer Cyclical,False,Cash,1,Stage 4,Stage 4,Stage 4 - Confirmed Downtrend,0.86,Price is below a bearish moving-average stack with falling trend signals.,,,,,watchlist,weekly_watchlist,watchlist,0.0,35.8,16.11,5.0,0.0,35.8,21.11,-11.37,-6.83,11098890.88,"Stage 4, Stage 4 - Confirmed Downtrend, weekly_vcp_ok, volume_dryup, weekly_volume_dryup, weekly_strong, downtrend",488,508,Stage 4,watchlist,weekly_watchlist,21.11,20,0.0,False,False,False,False,False
ORISSAMINE.NS,The Orissa Minerals Development Company Limited,Steel,Basic Materials,False,Cash,1,Stage 4,Stage 4,Stage 4 - Weak/Declining,0.72,Price is below long-term support with weak trend evidence.,,,,,watchlist,weekly_watchlist,watchlist,0.0,35.8,16.11,5.0,0.0,35.8,21.11,-0.4,-1.6,29231723.45,"Stage 4, Stage 4 - Weak/Declining, weekly_vcp_ok, volume_dryup, weekly_volume_dryup, weekly_strong, downtrend",489,509,Stage 4,watchlist,weekly_watchlist,21.11,20,0.0,False,False,False,False,False
EICHERMOT.NS,Eicher Motors Limited,Auto Manufacturers,Consumer Cyclical,True,F&O,1,Stage 2 Failed,Stage 1,Failed Stage 2,0.72,"This stock was recently Stage 2, but the latest structure no longer satisfies Stage 2 rules. It is kept as Stage 2 Failed until a fresh base/repair structure forms.",Recent Stage 2 break; public stage held as Stage 2 Failed.,2026-10-08,2026-09-23,,watchlist,weekly_watchlist,watchlist,0.0,42.34,19.05,2.0,0.0,42.34,21.05,2.1,3.25,2372058456.18,"Stage 1, Stage 1 - Unclear/Repair, weekly_vcp_ok, weekly_volume_dryup, weekly_strong, stage1_not_actionable, stage1_needs_more_base | Stage 2 failed state applied from stage memory.",490,511,Stage 2 Failed,watchlist,weekly_watchlist,20.95,21,0.10000000000000142,False,False,False,False,False
NATIONALUM.NS,National Aluminium Company Limited,Basic Materials,Basic Materials,True,F&O,1,Stage 4,Stage 4,Stage 4 - Weak/Declining,0.72,Price is below long-term support with weak trend evidence.,,,2026-08-31,,watchlist,weekly_watchlist,watchlist,8.91,35.8,21.01,0.0,8.91,35.8,21.01,-5.82,-19.74,1556407885.27,"Stage 4, Stage 4 - Weak/Declining, weekly_vcp_ok, volume_dryup, weekly_volume_dryup, weekly_strong, downtrend",491,433,Stage 4,watchlist,weekly_watchlist,23.45,-58,-2.4399999999999977,False,False,False,False,False
DEVYANI.NS,Devyani International Limited,Consumer Cyclical,Consumer Cyclical,False,Cash,1,Stage 2 Failed,Stage 1,Failed Stage 2,0.72,"This stock was recently Stage 2, but the latest structure no longer satisfies Stage 2 rules. It is kept as Stage 2 Failed until a fresh base/repair structure forms.",Recent Stage 2 break; public stage held as Stage 2 Failed.,2026-10-08,2026-10-07,,watchlist,weekly_watchlist,watchlist,0.0,42.09,18.94,2.0,0.0,42.09,20.94,18.83,20.75,207992177.39,"Stage 1, Stage 1 - Base/Repair, weekly_vcp_ok, volume_dryup, weekly_volume_dryup, weekly_strong, stage1_not_actionable, stage1_needs_more_base | Stage 2 failed state applied from stage memory.",492,240,Stage 2,watchlist,weekly_forming,36.73,-252,-15.789999999999996,False,False,False,False,False
UPL.NS,UPL Limited,Agricultural Inputs,Basic Materials,True,F&O,1,Stage 4,Stage 4,Stage 4 - Confirmed Downtrend,0.86,Price is below a bearish moving-average stack with falling trend signals.,,,,,watchlist,weekly_watchlist,watchlist,7.82,36.9,20.91,0.0,7.82,36.9,20.91,-9.95,-19.05,1208681652.49,"Stage 4, Stage 4 - Confirmed Downtrend, weekly_vcp_ok, weekly_strong, downtrend",493,512,Stage 4,watchlist,weekly_watchlist,20.91,19,0.0,False,False,False,False,False
ASHOKLEY.NS,Ashok Leyland Limited,Farm & Heavy Construction Machinery,Industrials,True,F&O,1,Not Sure,Stage 4,Pending Stage 4,0.55,Blocked public stage jump Stage 1 -> Stage 4; waiting for intermediate/confirmed structure.,Blocked public stage jump Stage 1 -> Stage 4; waiting for intermediate/confirmed structure.,,2026-09-07,Stage 4,watchlist,weekly_watchlist,watchlist,4.2,36.9,18.91,2.0,4.2,36.9,20.91,1.61,-9.19,1756771810.12,"Stage 4, Stage 4 - Weak/Declining, weekly_vcp_ok, volume_dryup, weekly_volume_dryup, weekly_strong, downtrend | Blocked public stage jump Stage 1 -> Stage 4; waiting for intermediate/confirmed structure.",494,398,Stage 1,watchlist,weekly_watchlist,24.74,-96,-3.8299999999999983,False,False,False,False,False
TECHM.NS,Tech Mahindra Limited,Information Technology Services,Technology,True,F&O,1,Stage 2 Failed,Stage 3,Failed Stage 2,0.72,"This stock was recently Stage 2, but the latest structure no longer satisfies Stage 2 rules. It is kept as Stage 2 Failed until a fresh base/repair structure forms.",Recent Stage 2 break; public stage held as Stage 2 Failed.,2026-10-08,2026-10-06,,watchlist,weekly_watchlist,watchlist,0.0,41.73,18.78,2.0,0.0,41.73,20.78,8.96,10.31,2759680001.56,"Stage 3, Stage 3 - Transition, weekly_vcp_ok, weekly_volume_dryup, weekly_strong, distribution_risk | Stage 2 failed state applied from stage memory.",495,525,Stage 2 Failed,watchlist,weekly_watchlist,20.36,30,0.4200000000000017,False,False,False,False,False
TEXRAIL.NS,Texmaco Rail & Engineering Limited,Industrials,Industrials,False,Cash,1,Stage 2 Failed,Stage 4,Failed Stage 2,0.72,"This stock was recently Stage 2, but the latest structure no longer satisfies Stage 2 rules. It is kept as Stage 2 Failed until a fresh base/repair structure forms.",Recent Stage 2 break; public stage held as Stage 2 Failed.,2026-10-08,2026-10-07,,watchlist,weekly_watchlist,watchlist,6.5,38.2,20.77,0.0,6.5,38.2,20.77,1.84,11.18,442197971.23,"Stage 4, Stage 4 - Weak/Declining, weekly_vcp_ok, weekly_strong, downtrend | Stage 2 failed state applied from stage memory.",496,173,Stage 2,watchlist,weekly_forming,43.47,-323,-22.7,False,False,False,False,False
FEDERALBNK.NS,The Federal Bank  Limited,Banks - Regional,Financial Services,True,F&O,1,Stage 2 Failed,Stage 3,Failed Stage 2,0.72,"This stock was recently Stage 2, but the latest structure no longer satisfies Stage 2 rules. It is kept as Stage 2 Failed until a fresh base/repair structure forms.",Recent Stage 2 break; public stage held as Stage 2 Failed.,2026-10-08,2026-09-29,,watchlist,weekly_watchlist,watchlist,0.0,41.71,18.77,2.0,0.0,41.71,20.77,6.51,20.61,1972415793.72,"Stage 3, Stage 3 - Distribution/Damage, weekly_vcp_ok, weekly_strong, distribution_risk | Stage 2 failed state applied from stage memory.",497,524,Stage 2 Failed,watchlist,weekly_watchlist,20.39,27,0.379999999999999,False,False,False,False,False
JSWENERGY.NS,JSW Energy Limited,Utilities,Utilities,True,F&O,1,Stage 4,Stage 4,Stage 4 - Weak/Declining,0.72,Price is below long-term support with weak trend evidence.,,,2026-08-27,,watchlist,weekly_watchlist,watchlist,10.07,33.8,20.75,0.0,10.07,33.8,20.75,-8.06,-5.24,793785519.27,"Stage 4, Stage 4 - Weak/Declining, weekly_vcp_ok, weekly_strong, downtrend",498,492,Stage 4,watchlist,weekly_watchlist,21.24,-6,-0.48999999999999844,False,False,False,False,False
MSTCLTD.NS,Mstc Limited,Conglomerates,Industrials,False,Cash,1,Stage 2,Stage 2,Early Stage 2,0.72,"Price has moved above long-term structure, but the full moving-average stack is not clean yet.",,,2026-10-07,,watchlist,weekly_watchlist,watchlist,17.2,24.88,20.66,0.0,17.2,24.88,20.66,11.13,57.62,156490676.77,"Stage 2, Early Stage 2, volume_dryup, weekly_volume_dryup",499,255,Stage 2,watchlist,weekly_watchlist,35.3,-244,-14.639999999999997,False,False,False,False,False
AMBUJACEM.NS,Ambuja Cements Limited,Building Materials,Basic Materials,True,F&O,1,Stage 4,Stage 4,Stage 4 - Confirmed Downtrend,0.86,Price is below a bearish moving-average stack with falling trend signals.,,,,,watchlist,weekly_watchlist,watchlist,8.12,35.8,20.58,0.0,8.12,35.8,20.58,-12.5,-17.83,616590755.12,"Stage 4, Stage 4 - Confirmed Downtrend, weekly_vcp_ok, weekly_strong, downtrend",500,473,Stage 4,watchlist,weekly_watchlist,21.87,-27,-1.2900000000000027,False,False,False,False,False
WINDMACHIN.NS,Windsor Machines Limited,Specialty Industrial Machinery,Industrials,False,Cash,1,Stage 2 Failed,Stage 3,Failed Stage 2,0.72,"This stock was recently Stage 2, but the latest structure no longer satisfies Stage 2 rules. It is kept as Stage 2 Failed until a fresh base/repair structure forms.",Recent Stage 2 break; public stage held as Stage 2 Failed.,2026-10-08,2026-10-07,,watchlist,weekly_watchlist,watchlist,11.86,8.94,10.55,10.0,11.86,8.94,20.55,1.17,8.27,28981539.72,"Stage 3, Stage 3 - Transition, volume_dryup, weekly_volume_dryup, distribution_risk | Stage 2 failed state applied from stage memory.",501,152,Stage 2 Failed,watchlist,weekly_watchlist,45.09,-349,-24.540000000000003,False,False,False,False,False
ICICIBANK.NS,ICICI Bank Limited,Banks - Regional,Financial Services,True,F&O,1,Stage 2 Failed,Stage 3,Failed Stage 2,0.72,"This stock was recently Stage 2, but the latest structure no longer satisfies Stage 2 rules. It is kept as Stage 2 Failed until a fresh base/repair structure forms.",Recent Stage 2 break; public stage held as Stage 2 Failed.,2026-10-08,2026-09-17,,watchlist,weekly_watchlist,watchlist,0.0,41.13,18.51,2.0,0.0,41.13,20.51,4.8,8.46,11914451445.88,"Stage 3, Stage 3 - Distribution/Damage, weekly_vcp_ok, weekly_strong, distribution_risk | Stage 2 failed state applied from stage memory.",502,427,Stage 2 Failed,watchlist,weekly_watchlist,23.81,-75,-3.299999999999997,False,False,False,False,False
JAIBALAJI.NS,Jai Balaji Industries Limited,Steel,Basic Materials,False,Cash,1,Stage 1,Stage 1,Stage 1 - Early Turn,0.66,The stock is improving from a repair/base area but has not confirmed a clean Stage 2 yet.,,,,,watchlist,weekly_watchlist,watchlist,12.23,19.41,15.46,5.0,12.23,19.41,20.46,11.52,10.62,40488929.81,"Stage 1, Stage 1 - Early Turn, volume_dryup, stage1_not_actionable, stage1_needs_more_base",503,694,Stage 1,watchlist,weekly_watchlist,14.59,191,5.870000000000001,False,False,False,False,False
POLICYBZR.NS,PB Fintech Limited,Financial Services,Financial Services,True,F&O,1,Stage 2 Failed,Stage 4,Failed Stage 2,0.72,"This stock was recently Stage 2, but the latest structure no longer satisfies Stage 2 rules. It is kept as Stage 2 Failed until a fresh base/repair structure forms.",Recent Stage 2 break; public stage held as Stage 2 Failed.,2026-10-08,2026-09-23,,watchlist,weekly_watchlist,watchlist,6.97,36.9,20.44,0.0,6.97,36.9,20.44,-28.28,-28.41,9703731997.53,"Stage 4, Stage 4 - Weak/Declining, weekly_vcp_ok, weekly_strong, downtrend | Stage 2 failed state applied from stage memory.",504,523,Stage 2 Failed,watchlist,weekly_watchlist,20.44,19,0.0,False,False,False,False,False
RPSGVENT.NS,RPSG VENTURES LIMITED,Information Technology Services,Technology,False,Cash,1,Stage 2 Failed,Stage 3,Failed Stage 2,0.72,"This stock was recently Stage 2, but the latest structure no longer satisfies Stage 2 rules. It is kept as Stage 2 Failed until a fresh base/repair structure forms.",Recent Stage 2 break; public stage held as Stage 2 Failed.,2026-10-08,2026-10-07,,watchlist,weekly_watchlist,watchlist,0.0,40.9,18.41,2.0,0.0,40.9,20.41,2.7,-6.11,31423814.72,"Stage 3, Stage 3 - Distribution/Damage, weekly_vcp_ok, weekly_strong, distribution_risk | Stage 2 failed state applied from stage memory.",505,279,Not Sure,watchlist,weekly_forming,33.25,-226,-12.84,False,False,False,False,False
NEWGEN.NS,Newgen Software Technologies Limited,Software - Infrastructure,Technology,False,Cash,1,Stage 4,Stage 4,Stage 4 - Weak/Declining,0.72,Price is below long-term support with weak trend evidence.,,,,,watchlist,weekly_watchlist,watchlist,6.77,36.9,20.33,0.0,6.77,36.9,20.33,-11.12,0.93,299688946.59,"Stage 4, Stage 4 - Weak/Declining, weekly_vcp_ok, volume_dryup, weekly_volume_dryup, weekly_strong, downtrend",506,519,Stage 4,watchlist,weekly_watchlist,20.6,13,-0.2700000000000031,False,False,False,False,False
PDSL.NS,PDS Limited,Industrials,Industrials,False,Cash,1,Stage 2 Failed,Stage 3,Failed Stage 2,0.72,"This stock was recently Stage 2, but the latest structure no longer satisfies Stage 2 rules. It is kept as Stage 2 Failed until a fresh base/repair structure forms.",Recent Stage 2 break; public stage held as Stage 2 Failed.,2026-10-08,2026-09-23,,watchlist,weekly_watchlist,watchlist,4.95,39.11,20.32,0.0,4.95,39.11,20.32,3.02,22.13,39951622.38,"Stage 3, Stage 3 - Distribution/Damage, weekly_vcp_ok, weekly_volume_dryup, weekly_strong, distribution_risk | Stage 2 failed state applied from stage memory.",507,539,Stage 2 Failed,watchlist,weekly_watchlist,19.85,32,0.46999999999999886,False,False,False,False,False
AVANTEL.NS,Avantel Limited,Communication Equipment,Technology,False,Cash,1,Stage 1,Stage 1,Stage 1 - Unclear/Repair,0.58,Not enough evidence for Stage 2 or Stage 4; classified as repair/unclear structure.,,,2026-07-23,,watchlist,weekly_watchlist,watchlist,10.57,10.0,10.31,10.0,10.57,10.0,20.31,-11.22,1.09,285426046.7,"Stage 1, Stage 1 - Unclear/Repair, weekly_volume_dryup, stage1_not_actionable, stage1_needs_more_base",508,546,Stage 1,watchlist,weekly_watchlist,19.49,38,0.8200000000000003,False,False,False,False,False
HIKAL.NS,Hikal Limited,Drug Manufacturers - Specialty & Generic,Healthcare,False,Cash,1,Stage 2 Failed,Not Sure,Failed Stage 2,0.72,"This stock was recently Stage 2, but the latest structure no longer satisfies Stage 2 rules. It is kept as Stage 2 Failed until a fresh base/repair structure forms.",Recent Stage 2 break; public stage held as Stage 2 Failed.,2026-10-08,2026-10-07,,watchlist,weekly_watchlist,watchlist,10.37,10.2,10.29,10.0,10.37,10.2,20.29,-2.23,20.19,152786807.08,"Not Sure, Not Sure, volume_dryup, weekly_volume_dryup | Stage 2 failed state applied from stage memory.",509,274,Stage 2,watchlist,weekly_watchlist,33.5,-235,-13.21,False,False,False,False,False
ABREL.NS,Aditya Birla Real Estate Limited,Real Estate Services,Real Estate,False,Cash,1,Stage 4,Stage 4,Stage 4 - Confirmed Downtrend,0.86,Price is below a bearish moving-average stack with falling trend signals.,,,,,watchlist,weekly_watchlist,watchlist,7.5,35.8,20.23,0.0,7.5,35.8,20.23,-20.28,-20.93,246250819.33,"Stage 4, Stage 4 - Confirmed Downtrend, weekly_vcp_ok, weekly_strong, downtrend",510,521,Stage 4,watchlist,weekly_watchlist,20.56,11,-0.3299999999999983,False,False,False,False,False
ADFFOODS.NS,ADF Foods Limited,Packaged Foods,Consumer Defensive,False,Cash,1,Stage 2,Stage 2,Stage 2,0.76,Advancing structure detected.,,,2026-10-07,,watchlist,weekly_watchlist,watchlist,9.29,29.06,18.19,2.0,9.29,29.06,20.19,0.6,53.98,32088851.91,"Stage 2, Stage 2",511,464,Stage 2,watchlist,weekly_watchlist,22.2,-47,-2.009999999999998,False,False,False,False,False
BAJAJFINSV.NS,Bajaj Finserv Limited,Financial Services,Financial Services,True,F&O,1,Stage 4,Stage 4,Stage 4 - Weak/Declining,0.72,Price is below long-term support with weak trend evidence.,,,2026-09-04,,watchlist,weekly_watchlist,watchlist,7.3,35.83,20.14,0.0,7.3,35.83,20.14,-0.46,0.78,1419616959.92,"Stage 4, Stage 4 - Weak/Declining, weekly_vcp_ok, weekly_volume_dryup, weekly_strong, downtrend",512,543,Stage 4,watchlist,weekly_watchlist,19.54,31,0.6000000000000014,False,False,False,False,False
HINDZINC.NS,Hindustan Zinc Limited,Basic Materials,Basic Materials,True,F&O,1,Stage 2 Failed,Stage 4,Failed Stage 2,0.72,"This stock was recently Stage 2, but the latest structure no longer satisfies Stage 2 rules. It is kept as Stage 2 Failed until a fresh base/repair structure forms.",Recent Stage 2 break; public stage held as Stage 2 Failed.,2026-10-08,2026-09-25,,watchlist,weekly_watchlist,watchlist,6.66,36.56,20.12,0.0,6.66,36.56,20.12,8.89,-1.26,1869526670.07,"Stage 4, Stage 4, weekly_vcp_ok, volume_dryup, weekly_volume_dryup, weekly_strong, downtrend | Stage 2 failed state applied from stage memory.",513,528,Stage 2 Failed,watchlist,weekly_watchlist,20.16,15,-0.03999999999999915,False,False,False,False,False
ASHIANA.NS,Ashiana Housing Limited,Real Estate,Real Estate,False,Cash,1,Stage 1,Stage 1,Stage 1 - Base/Repair,0.7,Price is near long-term moving averages with no strong long-term downtrend signal.,,,2026-08-31,,watchlist,weekly_watchlist,watchlist,0.0,44.69,20.11,0.0,0.0,44.69,20.11,7.53,21.37,34353628.99,"Stage 1, Stage 1 - Base/Repair, weekly_vcp_ok, volume_dryup, weekly_volume_dryup, weekly_strong, stage1_not_actionable, stage1_needs_more_base",514,529,Stage 1,watchlist,weekly_watchlist,20.08,15,0.030000000000001137,False,False,False,False,False
ASTERDM.NS,Aster DM Healthcare Limited,Medical Care Facilities,Healthcare,False,Cash,1,Stage 4,Stage 4,Stage 4,0.66,Declining structure detected.,,,2026-09-15,,watchlist,weekly_watchlist,watchlist,7.86,35.0,20.07,0.0,7.86,35.0,20.07,-8.57,7.77,853432682.81,"Stage 4, Stage 4, weekly_vcp_ok, volume_dryup, weekly_volume_dryup, weekly_strong, downtrend",515,538,Stage 4,watchlist,weekly_watchlist,19.91,23,0.16000000000000014,False,False,False,False,False
SHOPERSTOP.NS,Shoppers Stop Limited,Consumer Cyclical,Consumer Cyclical,False,Cash,1,Stage 2 Failed,Not Sure,Failed Stage 2,0.72,"This stock was recently Stage 2, but the latest structure no longer satisfies Stage 2 rules. It is kept as Stage 2 Failed until a fresh base/repair structure forms.",Recent Stage 2 break; public stage held as Stage 2 Failed.,2026-10-08,2026-10-05,,watchlist,weekly_watchlist,watchlist,24.92,9.52,17.99,2.0,24.92,9.52,19.99,11.45,35.74,165218091.06,"Not Sure, Not Sure, weekly_volume_dryup | Stage 2 failed state applied from stage memory.",516,530,Stage 2 Failed,watchlist,weekly_watchlist,20.06,14,-0.07000000000000028,False,False,False,False,False
AADHARHFC.NS,Aadhar Housing Finance Limited,Mortgage Finance,Financial Services,False,Cash,1,Stage 4,Stage 4,Stage 4 - Weak/Declining,0.72,Price is below long-term support with weak trend evidence.,,,2026-08-13,,watchlist,weekly_watchlist,watchlist,6.11,36.9,19.97,0.0,6.11,36.9,19.97,-5.02,-0.99,152893335.93,"Stage 4, Stage 4 - Weak/Declining, weekly_vcp_ok, volume_dryup, weekly_volume_dryup, weekly_strong, downtrend",517,531,Stage 4,watchlist,weekly_watchlist,20.03,14,-0.060000000000002274,False,False,False,False,False
JKIL.NS,J.Kumar Infraprojects Limited,Engineering & Construction,Industrials,False,Cash,1,Stage 4,Stage 4,Stage 4 - Confirmed Downtrend,0.86,Price is below a bearish moving-average stack with falling trend signals.,,,,,watchlist,weekly_watchlist,watchlist,6.1,36.9,19.96,0.0,6.1,36.9,19.96,-4.14,-5.0,28902600.35,"Stage 4, Stage 4 - Confirmed Downtrend, weekly_vcp_ok, weekly_strong, downtrend",518,517,Stage 4,watchlist,weekly_watchlist,20.65,-1,-0.6899999999999977,False,False,False,False,False
GAEL.NS,Gujarat Ambuja Exports Limited,Packaged Foods,Consumer Defensive,False,Cash,1,Stage 2,Stage 2,Early Stage 2,0.72,"Price has moved above long-term structure, but the full moving-average stack is not clean yet.",Stage 2 reclaimed after 3 confirmation runs.,,2026-10-07,,watchlist,weekly_watchlist,watchlist,16.87,19.26,17.95,2.0,16.87,19.26,19.95,14.64,9.93,99653370.1,"Stage 2, Early Stage 2, volume_dryup, weekly_volume_dryup",519,332,Stage 2 Failed,watchlist,weekly_watchlist,28.46,-187,-8.510000000000002,False,False,True,False,False
POCL.NS,Pondy Oxides & Chemicals Limited,Specialty Chemicals,Basic Materials,False,Cash,1,Stage 4,Stage 4,Stage 4 - Confirmed Downtrend,0.86,Price is below a bearish moving-average stack with falling trend signals.,,,2026-08-03,,watchlist,weekly_watchlist,watchlist,0.0,22.1,9.95,10.0,0.0,22.1,19.95,-16.28,-2.84,162955940.47,"Stage 4, Stage 4 - Confirmed Downtrend, weekly_vcp_ok, volume_dryup, weekly_volume_dryup, downtrend",520,535,Stage 4,watchlist,weekly_watchlist,19.95,15,0.0,False,False,False,False,False
ROSSARI.NS,Rossari Biotech Limited,Specialty Chemicals,Basic Materials,False,Cash,1,Stage 4,Stage 4,Stage 4 - Confirmed Downtrend,0.86,Price is below a bearish moving-average stack with falling trend signals.,,,,,watchlist,weekly_watchlist,watchlist,0.0,22.1,9.95,10.0,0.0,22.1,19.95,-14.15,-6.87,25103756.62,"Stage 4, Stage 4 - Confirmed Downtrend, weekly_vcp_ok, volume_dryup, downtrend",521,536,Stage 4,watchlist,weekly_watchlist,19.95,15,0.0,False,False,False,False,False
NCC.NS,NCC Limited,Engineering & Construction,Industrials,False,Cash,1,Stage 4,Stage 4,Stage 4 - Confirmed Downtrend,0.86,Price is below a bearish moving-average stack with falling trend signals.,,,,,watchlist,weekly_watchlist,watchlist,5.98,36.9,19.89,0.0,5.98,36.9,19.89,-5.92,-16.7,451581845.1,"Stage 4, Stage 4 - Confirmed Downtrend, weekly_vcp_ok, weekly_volume_dryup, weekly_strong, downtrend",522,544,Stage 4,watchlist,weekly_watchlist,19.53,22,0.35999999999999943,False,False,False,False,False
BECTORFOOD.NS,Mrs. Bectors Food Specialities Limited,Packaged Foods,Consumer Defensive,False,Cash,1,Stage 2 Failed,Stage 4,Failed Stage 2,0.72,"This stock was recently Stage 2, but the latest structure no longer satisfies Stage 2 rules. It is kept as Stage 2 Failed until a fresh base/repair structure forms.",Recent Stage 2 break; public stage held as Stage 2 Failed.,2026-10-08,2026-09-21,,watchlist,weekly_watchlist,watchlist,0.0,39.76,17.89,2.0,0.0,39.76,19.89,29.22,10.41,215206308.86,"Stage 4, Stage 4 - Weak/Declining, weekly_vcp_ok, volume_dryup, weekly_volume_dryup, weekly_strong, downtrend | Stage 2 failed state applied from stage memory.",523,333,Stage 2 Failed,watchlist,weekly_watchlist,28.36,-190,-8.469999999999999,False,False,False,False,False
MANKIND.NS,Mankind Pharma Limited,Drug Manufacturers - Specialty & Generic,Healthcare,True,F&O,1,Stage 2 Failed,Stage 1,Failed Stage 2,0.72,"This stock was recently Stage 2, but the latest structure no longer satisfies Stage 2 rules. It is kept as Stage 2 Failed until a fresh base/repair structure forms.",Recent Stage 2 break; public stage held as Stage 2 Failed.,2026-10-08,2026-10-07,,watchlist,weekly_watchlist,watchlist,6.96,13.37,9.84,10.0,6.96,13.37,19.84,2.19,19.49,1426336246.85,"Stage 1, Stage 1 - Base/Repair, weekly_volume_dryup, stage1_not_actionable, stage1_needs_more_base | Stage 2 failed state applied from stage memory.",524,242,Stage 2,watchlist,weekly_watchlist,36.48,-282,-16.639999999999997,False,False,False,False,False
SKIPPER.NS,Skipper Limited,Engineering & Construction,Industrials,False,Cash,1,Stage 2,Stage 2,Early Stage 2,0.72,"Price has moved above long-term structure, but the full moving-average stack is not clean yet.",,,2026-10-07,,watchlist,weekly_watchlist,watchlist,15.13,25.4,19.75,0.0,15.13,25.4,19.75,1.88,36.14,381424385.81,"Stage 2, Early Stage 2, volume_dryup, weekly_volume_dryup",525,449,Stage 2,watchlist,weekly_watchlist,22.91,-76,-3.16,False,False,False,False,False
ABFRL.NS,Aditya Birla Fashion and Retail Limited,Apparel Manufacturing,Consumer Cyclical,False,Cash,1,Stage 4,Stage 4,Stage 4 - Confirmed Downtrend,0.86,Price is below a bearish moving-average stack with falling trend signals.,,,,,watchlist,weekly_watchlist,watchlist,6.46,35.8,19.66,0.0,6.46,35.8,19.66,-18.57,-24.94,219063567.1,"Stage 4, Stage 4 - Confirmed Downtrend, weekly_vcp_ok, weekly_volume_dryup, weekly_strong, downtrend",526,540,Stage 4,watchlist,weekly_watchlist,19.78,14,-0.120000000000001,False,False,False,False,False
ELECTCAST.NS,Electrosteel Castings Limited,Building Products & Equipment,Industrials,False,Cash,1,Stage 2 Failed,Stage 1,Failed Stage 2,0.72,"This stock was recently Stage 2, but the latest structure no longer satisfies Stage 2 rules. It is kept as Stage 2 Failed until a fresh base/repair structure forms.",Recent Stage 2 break; public stage held as Stage 2 Failed.,2026-10-08,2026-10-06,,watchlist,weekly_watchlist,watchlist,12.42,28.42,19.62,0.0,12.42,28.42,19.62,7.07,-3.84,316333352.16,"Stage 1, Stage 1 - Base/Repair, weekly_vcp_ok, stage1_not_actionable, stage1_needs_more_base | Stage 2 failed state applied from stage memory.",527,459,Stage 2 Failed,watchlist,weekly_watchlist,22.36,-68,-2.7399999999999984,False,False,False,False,False
DRREDDY.NS,Dr. Reddy's Laboratories Limited,Drug Manufacturers - Specialty & Generic,Healthcare,True,F&O,1,Stage 4,Stage 4,Stage 4 - Weak/Declining,0.72,Price is below long-term support with weak trend evidence.,,,2026-07-08,,watchlist,weekly_watchlist,watchlist,10.47,8.34,9.51,10.0,10.47,8.34,19.51,2.85,4.58,2619362171.8,"Stage 4, Stage 4 - Weak/Declining, downtrend",528,545,Stage 4,watchlist,weekly_watchlist,19.51,17,0.0,False,False,False,False,False
HDFCLIFE.NS,HDFC Life Insurance Company Limited,Insurance - Life,Financial Services,True,F&O,1,Stage 4,Stage 4,Stage 4 - Weak/Declining,0.72,Price is below long-term support with weak trend evidence.,,,,,watchlist,weekly_watchlist,watchlist,5.21,36.91,19.48,0.0,5.21,36.91,19.48,6.23,-6.11,2481584697.61,"Stage 4, Stage 4 - Weak/Declining, weekly_vcp_ok, weekly_volume_dryup, weekly_strong, downtrend",529,547,Stage 4,watchlist,weekly_watchlist,19.46,18,0.019999999999999574,False,False,False,False,False
INDOSTAR.NS,IndoStar Capital Finance Limited,Credit Services,Financial Services,False,Cash,1,Stage 2 Failed,Stage 4,Failed Stage 2,0.72,"This stock was recently Stage 2, but the latest structure no longer satisfies Stage 2 rules. It is kept as Stage 2 Failed until a fresh base/repair structure forms.",Recent Stage 2 break; public stage held as Stage 2 Failed.,2026-10-08,2026-09-21,,watchlist,weekly_watchlist,watchlist,1.57,36.9,17.47,2.0,1.57,36.9,19.47,-17.16,-2.15,23509106.42,"Stage 4, Stage 4 - Weak/Declining, weekly_vcp_ok, weekly_strong, downtrend | Stage 2 failed state applied from stage memory.",530,522,Stage 2 Failed,watchlist,weekly_watchlist,20.45,-8,-0.9800000000000004,False,False,False,False,False
JWL.NS,Jupiter Wagons Limited,Industrials,Industrials,False,Cash,1,Stage 4,Stage 4,Stage 4 - Confirmed Downtrend,0.86,Price is below a bearish moving-average stack with falling trend signals.,,,,,watchlist,weekly_watchlist,watchlist,5.2,36.9,19.46,0.0,5.2,36.9,19.46,-7.02,-15.67,437114543.25,"Stage 4, Stage 4 - Confirmed Downtrend, weekly_vcp_ok, weekly_volume_dryup, weekly_strong, downtrend",531,548,Stage 4,watchlist,weekly_watchlist,19.46,17,0.0,False,False,False,False,False
BDL.NS,Bharat Dynamics Limited,Aerospace & Defense,Industrials,True,F&O,1,Stage 4,Stage 4,Stage 4 - Confirmed Downtrend,0.86,Price is below a bearish moving-average stack with falling trend signals.,,,,,watchlist,weekly_watchlist,watchlist,0.0,32.13,14.46,5.0,0.0,32.13,19.46,-9.6,-15.34,1011791369.35,"Stage 4, Stage 4 - Confirmed Downtrend, weekly_vcp_ok, volume_dryup, weekly_volume_dryup, weekly_strong, downtrend",532,550,Stage 4,watchlist,weekly_watchlist,19.46,18,0.0,False,False,False,False,False
GRINFRA.NS,G R Infraprojects Limited,Engineering & Construction,Industrials,False,Cash,1,Stage 4,Stage 4,Stage 4 - Confirmed Downtrend,0.86,Price is below a bearish moving-average stack with falling trend signals.,,,,,watchlist,weekly_watchlist,watchlist,5.1,36.9,19.41,0.0,5.1,36.9,19.41,-4.62,-3.39,24051128.14,"Stage 4, Stage 4 - Confirmed Downtrend, weekly_vcp_ok, volume_dryup, weekly_volume_dryup, weekly_strong, downtrend",533,552,Stage 4,watchlist,weekly_watchlist,19.41,19,0.0,False,False,False,False,False
VENTIVE.NS,Ventive Hospitality Limited,Lodging,Consumer Cyclical,False,Cash,1,Stage 4,Stage 4,Stage 4 - Confirmed Downtrend,0.86,Price is below a bearish moving-average stack with falling trend signals.,,,,,watchlist,weekly_watchlist,watchlist,2.36,35.8,17.41,2.0,2.36,35.8,19.41,-1.57,1.24,19046764.14,"Stage 4, Stage 4 - Confirmed Downtrend, weekly_vcp_ok, volume_dryup, weekly_strong, downtrend",534,554,Stage 4,watchlist,weekly_watchlist,19.4,20,0.010000000000001563,False,False,False,False,False
IRFC.NS,Indian Railway Finance Corporation Limited,Credit Services,Financial Services,True,F&O,1,Stage 4,Stage 4,Stage 4 - Confirmed Downtrend,0.86,Price is below a bearish moving-average stack with falling trend signals.,,,,,watchlist,weekly_watchlist,watchlist,2.34,35.8,17.4,2.0,2.34,35.8,19.4,-8.08,-20.67,704917661.96,"Stage 4, Stage 4 - Confirmed Downtrend, weekly_vcp_ok, weekly_volume_dryup, weekly_strong, downtrend",535,557,Stage 4,watchlist,weekly_watchlist,19.16,22,0.23999999999999844,False,False,False,False,False
LGBBROSLTD.NS,LG Balakrishnan & Bros Limited,Auto Parts,Consumer Cyclical,False,Cash,1,Stage 1,Stage 1,Stage 1 - Early Turn,0.66,The stock is improving from a repair/base area but has not confirmed a clean Stage 2 yet.,,,2026-09-03,,watchlist,weekly_watchlist,watchlist,7.71,22.55,14.39,5.0,7.71,22.55,19.39,17.62,5.21,38208729.39,"Stage 1, Stage 1 - Early Turn, weekly_volume_dryup, stage1_not_actionable, stage1_needs_more_base",536,553,Stage 1,watchlist,weekly_watchlist,19.41,17,-0.019999999999999574,False,False,False,False,False
ORIENTELEC.NS,Orient Electric Limited,"Furnishings, Fixtures & Appliances",Consumer Cyclical,False,Cash,1,Stage 4,Stage 4,Stage 4 - Weak/Declining,0.72,Price is below long-term support with weak trend evidence.,,,2026-09-04,,watchlist,weekly_watchlist,watchlist,5.5,36.29,19.36,0.0,5.5,36.29,19.36,-0.53,5.39,26174119.5,"Stage 4, Stage 4 - Weak/Declining, weekly_vcp_ok, volume_dryup, weekly_volume_dryup, weekly_strong, downtrend",537,613,Stage 4,watchlist,weekly_watchlist,17.04,76,2.3200000000000003,False,False,False,False,False
SUPREMEIND.NS,Supreme Industries Limited,Building Products & Equipment,Industrials,True,F&O,1,Stage 1,Stage 1,Stage 1 - Base/Repair,0.7,Price is near long-term moving averages with no strong long-term downtrend signal.,,,,,watchlist,weekly_watchlist,watchlist,0.0,42.97,19.34,0.0,0.0,42.97,19.34,9.17,2.52,502504781.59,"Stage 1, Stage 1 - Base/Repair, weekly_vcp_ok, weekly_volume_dryup, weekly_strong, stage1_not_actionable, stage1_needs_more_base",538,457,Stage 1,watchlist,weekly_watchlist,22.39,-81,-3.0500000000000007,False,False,False,False,False
KIRLOSIND.NS,Kirloskar Industries Limited,Metal Fabrication,Industrials,False,Cash,1,Stage 3,Stage 3,Stage 3 - Distribution/Damage,0.76,"Prior strength exists, but short-term and/or weekly structure is deteriorating.",,,2026-09-14,,watchlist,weekly_watchlist,watchlist,13.18,4.38,9.22,10.0,13.18,4.38,19.22,-7.06,26.88,152179492.1,"Stage 3, Stage 3 - Distribution/Damage, volume_dryup, weekly_volume_dryup, distribution_risk",539,571,Stage 3,watchlist,weekly_watchlist,18.62,32,0.5999999999999979,False,False,False,False,False
NOCIL.NS,NOCIL Limited,Specialty Chemicals,Basic Materials,False,Cash,1,Stage 2 Failed,Stage 1,Failed Stage 2,0.72,"This stock was recently Stage 2, but the latest structure no longer satisfies Stage 2 rules. It is kept as Stage 2 Failed until a fresh base/repair structure forms.",Recent Stage 2 break; public stage held as Stage 2 Failed.,2026-10-08,2026-09-28,,watchlist,weekly_watchlist,watchlist,6.4,12.53,9.16,10.0,6.4,12.53,19.16,5.75,5.54,371061917.59,"Stage 1, Stage 1 - Base/Repair, weekly_volume_dryup, stage1_not_actionable, stage1_needs_more_base | Stage 2 failed state applied from stage memory.",540,565,Stage 2 Failed,watchlist,weekly_watchlist,18.8,25,0.35999999999999943,False,False,False,False,False
BALKRISIND.NS,Balkrishna Industries Limited,Auto Parts,Consumer Cyclical,False,Cash,1,Stage 4,Stage 4,Stage 4 - Weak/Declining,0.72,Price is below long-term support with weak trend evidence.,,,2026-09-07,,watchlist,weekly_watchlist,watchlist,0.0,31.4,14.13,5.0,0.0,31.4,19.13,0.72,-6.35,347137300.47,"Stage 4, Stage 4 - Weak/Declining, weekly_vcp_ok, volume_dryup, weekly_volume_dryup, weekly_strong, downtrend",541,559,Stage 4,watchlist,weekly_watchlist,19.13,18,0.0,False,False,False,False,False
PILANIINVS.NS,Pilani Investment and Industries Corporation Limited,Asset Management,Financial Services,False,Cash,1,Stage 4,Stage 4,Stage 4 - Confirmed Downtrend,0.86,Price is below a bearish moving-average stack with falling trend signals.,,,,,watchlist,weekly_watchlist,watchlist,0.0,38.0,17.1,2.0,0.0,38.0,19.1,-2.8,-6.58,12253212.72,"Stage 4, Stage 4 - Confirmed Downtrend, weekly_vcp_ok, weekly_strong, downtrend",542,612,Stage 4,watchlist,weekly_watchlist,17.1,70,2.0,False,False,False,False,False
JUBLFOOD.NS,Jubilant Foodworks Limited,Consumer Cyclical,Consumer Cyclical,True,F&O,1,Stage 4,Stage 4,Stage 4 - Weak/Declining,0.72,Price is below long-term support with weak trend evidence.,,,,,watchlist,weekly_watchlist,watchlist,0.0,37.95,17.08,2.0,0.0,37.95,19.08,9.89,0.65,609987390.52,"Stage 4, Stage 4 - Weak/Declining, weekly_vcp_ok, volume_dryup, weekly_volume_dryup, weekly_strong, downtrend",543,549,Stage 4,watchlist,weekly_watchlist,19.46,6,-0.38000000000000256,False,False,False,False,False
MASTEK.NS,Mastek Limited,Information Technology Services,Technology,False,Cash,1,Stage 4,Stage 4,Stage 4 - Weak/Declining,0.72,Price is below long-term support with weak trend evidence.,,,,,watchlist,weekly_watchlist,watchlist,0.0,37.94,17.07,2.0,0.0,37.94,19.07,5.0,5.44,150822216.3,"Stage 4, Stage 4 - Weak/Declining, weekly_vcp_ok, volume_dryup, weekly_volume_dryup, weekly_strong, downtrend",544,568,Stage 4,watchlist,weekly_watchlist,18.68,24,0.39000000000000057,False,False,False,False,False
POWERGRID.NS,Power Grid Corporation of India Limited,Utilities,Utilities,True,F&O,1,Stage 4,Stage 4,Stage 4 - Weak/Declining,0.72,Price is below long-term support with weak trend evidence.,,,2026-07-23,,watchlist,weekly_watchlist,watchlist,5.37,35.8,19.06,0.0,5.37,35.8,19.06,-5.95,-13.93,2307221149.99,"Stage 4, Stage 4 - Weak/Declining, weekly_vcp_ok, weekly_volume_dryup, weekly_strong, downtrend",545,604,Not Sure,watchlist,weekly_watchlist,17.59,59,1.4699999999999989,False,False,False,False,False
KIMS.NS,Krishna Institute of Medical Sciences Limited,Medical Care Facilities,Healthcare,False,Cash,1,Stage 2 Failed,Stage 4,Failed Stage 2,0.72,"This stock was recently Stage 2, but the latest structure no longer satisfies Stage 2 rules. It is kept as Stage 2 Failed until a fresh base/repair structure forms.",Recent Stage 2 break; public stage held as Stage 2 Failed.,2026-10-08,2026-09-24,,watchlist,weekly_watchlist,watchlist,8.6,31.8,19.04,0.0,8.6,31.8,19.04,-6.66,10.66,441632583.58,"Stage 4, Stage 4, weekly_vcp_ok, weekly_strong, downtrend | Stage 2 failed state applied from stage memory.",546,556,Stage 2 Failed,watchlist,weekly_watchlist,19.16,10,-0.120000000000001,False,False,False,False,False
NUVAMA.NS,Nuvama Wealth Management Limited,Asset Management,Financial Services,True,F&O,1,Stage 2,Stage 2,Stage 2,0.76,Advancing structure detected.,,,2026-10-07,,watchlist,weekly_watchlist,watchlist,15.05,19.29,16.96,2.0,15.05,19.29,18.96,-1.34,38.2,862854180.15,"Stage 2, Stage 2",547,458,Stage 2,watchlist,weekly_watchlist,22.36,-89,-3.3999999999999986,False,False,False,False,False
NSIL.NS,Nalwa Sons Investments Limited,Asset Management,Financial Services,False,Cash,1,Stage 4,Stage 4,Stage 4 - Weak/Declining,0.72,Price is below long-term support with weak trend evidence.,,,,,watchlist,weekly_watchlist,watchlist,0.57,36.92,16.93,2.0,0.57,36.92,18.93,1.56,-1.4,10477689.9,"Stage 4, Stage 4 - Weak/Declining, weekly_vcp_ok, weekly_strong, downtrend",548,635,Stage 4,watchlist,weekly_watchlist,16.61,87,2.3200000000000003,False,False,False,False,False
SYMPHONY.NS,Symphony Limited,"Furnishings, Fixtures & Appliances",Consumer Cyclical,False,Cash,1,Stage 4,Stage 4,Stage 4 - Confirmed Downtrend,0.86,Price is below a bearish moving-average stack with falling trend signals.,,,,,watchlist,weekly_watchlist,watchlist,5.1,35.8,18.91,0.0,5.1,35.8,18.91,-17.63,-24.09,32283166.07,"Stage 4, Stage 4 - Confirmed Downtrend, weekly_vcp_ok, volume_dryup, weekly_volume_dryup, weekly_strong, downtrend",549,561,Stage 4,watchlist,weekly_watchlist,18.91,12,0.0,False,False,False,False,False
DELHIVERY.NS,Delhivery Limited,Industrials,Industrials,True,F&O,1,Stage 4,Stage 4,Stage 4 - Weak/Declining,0.72,Price is below long-term support with weak trend evidence.,,,2026-09-04,,watchlist,weekly_watchlist,watchlist,4.2,36.9,18.91,0.0,4.2,36.9,18.91,-14.32,-6.29,1133331209.43,"Stage 4, Stage 4 - Weak/Declining, weekly_vcp_ok, weekly_volume_dryup, weekly_strong, downtrend",550,562,Stage 4,watchlist,weekly_watchlist,18.91,12,0.0,False,False,False,False,False
M&MFIN.NS,Mahindra & Mahindra Financial Services Limited,Credit Services,Financial Services,False,Cash,1,Stage 2 Failed,Stage 4,Failed Stage 2,0.72,"This stock was recently Stage 2, but the latest structure no longer satisfies Stage 2 rules. It is kept as Stage 2 Failed until a fresh base/repair structure forms.",Recent Stage 2 break; public stage held as Stage 2 Failed.,2026-10-08,2026-09-22,,watchlist,weekly_watchlist,watchlist,0.0,37.58,16.91,2.0,0.0,37.58,18.91,3.67,14.15,552910730.0,"Stage 4, Stage 4 - Weak/Declining, weekly_vcp_ok, weekly_volume_dryup, weekly_strong, downtrend | Stage 2 failed state applied from stage memory.",551,567,Stage 2 Failed,watchlist,weekly_watchlist,18.75,16,0.16000000000000014,False,False,False,False,False
HOMEFIRST.NS,Home First Finance Company India Limited,Mortgage Finance,Financial Services,False,Cash,1,Stage 2 Failed,Stage 1,Failed Stage 2,0.72,"This stock was recently Stage 2, but the latest structure no longer satisfies Stage 2 rules. It is kept as Stage 2 Failed until a fresh base/repair structure forms.",Recent Stage 2 break; public stage held as Stage 2 Failed.,2026-10-08,2026-09-23,,watchlist,weekly_watchlist,watchlist,0.0,41.97,18.89,0.0,0.0,41.97,18.89,-4.2,5.93,293728694.18,"Stage 1, Stage 1 - Base/Repair, weekly_vcp_ok, weekly_strong, stage1_not_actionable, stage1_needs_more_base | Stage 2 failed state applied from stage memory.",552,564,Stage 2 Failed,watchlist,weekly_watchlist,18.81,12,0.08000000000000185,False,False,False,False,False
BLUEDART.NS,Blue Dart Express Limited,Industrials,Industrials,False,Cash,1,Stage 4,Stage 4,Stage 4 - Confirmed Downtrend,0.86,Price is below a bearish moving-average stack with falling trend signals.,,,,,watchlist,weekly_watchlist,watchlist,4.03,36.9,18.82,0.0,4.03,36.9,18.82,0.3,-4.49,62956442.61,"Stage 4, Stage 4 - Confirmed Downtrend, weekly_vcp_ok, volume_dryup, weekly_volume_dryup, weekly_strong, downtrend",553,533,Stage 4,watchlist,weekly_watchlist,20.0,-20,-1.1799999999999997,False,False,False,False,False
KKCL.NS,Kewal Kiran Clothing Limited,Apparel Manufacturing,Consumer Cyclical,False,Cash,1,Stage 2 Failed,Stage 4,Failed Stage 2,0.72,"This stock was recently Stage 2, but the latest structure no longer satisfies Stage 2 rules. It is kept as Stage 2 Failed until a fresh base/repair structure forms.",Recent Stage 2 break; public stage held as Stage 2 Failed.,2026-10-08,2026-09-18,,watchlist,weekly_watchlist,watchlist,4.12,36.6,18.74,0.0,4.12,36.6,18.74,1.9,6.14,15102557.64,"Stage 4, Stage 4 - Weak/Declining, weekly_vcp_ok, volume_dryup, weekly_volume_dryup, weekly_strong, downtrend | Stage 2 failed state applied from stage memory.",554,570,Stage 2 Failed,watchlist,weekly_watchlist,18.65,16,0.08999999999999986,False,False,False,False,False
ABCAPITAL.NS,Aditya Birla Capital Limited,Financial Services,Financial Services,True,F&O,1,Stage 2 Failed,Stage 3,Failed Stage 2,0.72,"This stock was recently Stage 2, but the latest structure no longer satisfies Stage 2 rules. It is kept as Stage 2 Failed until a fresh base/repair structure forms.",Recent Stage 2 break; public stage held as Stage 2 Failed.,2026-10-08,2026-09-24,,watchlist,weekly_watchlist,watchlist,0.1,41.49,18.73,0.0,0.1,41.49,18.73,0.49,16.44,1082031535.03,"Stage 3, Stage 3 - Distribution/Damage, weekly_vcp_ok, weekly_strong, distribution_risk | Stage 2 failed state applied from stage memory.",555,578,Stage 2 Failed,watchlist,weekly_watchlist,18.25,23,0.4800000000000004,False,False,False,False,False
THOMASCOOK.NS,Thomas Cook  (India)  Limited,Consumer Cyclical,Consumer Cyclical,False,Cash,1,Stage 4,Stage 4,Stage 4 - Weak/Declining,0.72,Price is below long-term support with weak trend evidence.,,,,,watchlist,weekly_watchlist,watchlist,0.0,37.17,16.73,2.0,0.0,37.17,18.73,4.81,-2.07,43665521.23,"Stage 4, Stage 4 - Weak/Declining, weekly_vcp_ok, volume_dryup, weekly_volume_dryup, weekly_strong, downtrend",556,573,Stage 4,watchlist,weekly_watchlist,18.61,17,0.120000000000001,False,False,False,False,False
CELLO.NS,Cello World Limited,"Furnishings, Fixtures & Appliances",Consumer Cyclical,False,Cash,1,Stage 4,Stage 4,Stage 4 - Weak/Declining,0.72,Price is below long-term support with weak trend evidence.,,,,,watchlist,weekly_watchlist,watchlist,4.21,36.42,18.7,0.0,4.21,36.42,18.7,11.36,-5.17,721895186.58,"Stage 4, Stage 4 - Weak/Declining, weekly_vcp_ok, weekly_strong, downtrend",557,515,Stage 4,watchlist,weekly_watchlist,20.74,-42,-2.039999999999999,False,False,False,False,False
JSFB.NS,Jana Small Finance Bank Limited,Banks - Regional,Financial Services,False,Cash,1,Stage 2,Stage 2,Early Stage 2,0.72,"Price has moved above long-term structure, but the full moving-average stack is not clean yet.",,,2026-10-07,,watchlist,weekly_watchlist,watchlist,11.9,22.56,16.7,2.0,11.9,22.56,18.7,7.25,26.33,464076170.55,"Stage 2, Early Stage 2, weekly_volume_dryup",558,527,Stage 2,watchlist,weekly_watchlist,20.27,-31,-1.5700000000000003,False,False,False,False,False
SKFINDIA.NS,SKF India Limited,Tools & Accessories,Industrials,False,Cash,1,Stage 4,Stage 4,Stage 4 - Weak/Declining,0.72,Price is below long-term support with weak trend evidence.,,,,,watchlist,weekly_watchlist,watchlist,12.2,22.1,16.66,2.0,12.2,22.1,18.66,-2.01,-6.72,84982940.23,"Stage 4, Stage 4 - Weak/Declining, weekly_vcp_ok, volume_dryup, weekly_volume_dryup, downtrend",559,569,Stage 4,watchlist,weekly_watchlist,18.66,10,0.0,False,False,False,False,False
HEROMOTOCO.NS,Hero MotoCorp Limited,Auto Manufacturers,Consumer Cyclical,True,F&O,1,Stage 4,Stage 4,Stage 4 - Weak/Declining,0.72,Price is below long-term support with weak trend evidence.,,,2026-09-08,,watchlist,weekly_watchlist,watchlist,0.0,37.0,16.65,2.0,0.0,37.0,18.65,9.18,2.87,2431026375.43,"Stage 4, Stage 4 - Weak/Declining, weekly_vcp_ok, weekly_volume_dryup, weekly_strong, downtrend",560,576,Stage 4,watchlist,weekly_watchlist,18.4,16,0.25,False,False,False,False,False
HEXT.NS,Hexaware Technologies Limited,Information Technology Services,Technology,False,Cash,1,Stage 4,Stage 4,Stage 4 - Weak/Declining,0.72,Price is below long-term support with weak trend evidence.,,,,,watchlist,weekly_watchlist,watchlist,0.0,37.0,16.65,2.0,0.0,37.0,18.65,-0.3,12.32,82526618.89,"Stage 4, Stage 4 - Weak/Declining, weekly_vcp_ok, volume_dryup, weekly_volume_dryup, weekly_strong, downtrend",561,577,Stage 4,watchlist,weekly_watchlist,18.26,16,0.389999999999997,False,False,False,False,False
MHRIL.NS,Mahindra Holidays & Resorts India Limited,Consumer Cyclical,Consumer Cyclical,False,Cash,1,Stage 4,Stage 4,Stage 4 - Confirmed Downtrend,0.86,Price is below a bearish moving-average stack with falling trend signals.,,,,,watchlist,weekly_watchlist,watchlist,0.0,36.9,16.61,2.0,0.0,36.9,18.61,-8.79,-24.51,17640481.98,"Stage 4, Stage 4 - Confirmed Downtrend, weekly_vcp_ok, volume_dryup, weekly_volume_dryup, weekly_strong, downtrend",562,869,Stage 4,watchlist,weekly_watchlist,2.0,307,16.61,False,False,False,False,False
VSTTILLERS.NS,V.S.T Tillers Tractors Limited,Farm & Heavy Construction Machinery,Industrials,False,Cash,1,Stage 4,Stage 4,Stage 4 - Confirmed Downtrend,0.86,Price is below a bearish moving-average stack with falling trend signals.,,,,,watchlist,weekly_watchlist,watchlist,0.0,36.9,16.61,2.0,0.0,36.9,18.61,0.73,-11.92,49637060.69,"Stage 4, Stage 4 - Confirmed Downtrend, weekly_vcp_ok, weekly_volume_dryup, weekly_strong, downtrend",563,574,Stage 4,watchlist,weekly_watchlist,18.61,11,0.0,False,False,False,False,False
HBLENGINE.NS,HBL Engineering Limited,Electrical Equipment & Parts,Industrials,False,Cash,1,Stage 4,Stage 4,Stage 4 - Weak/Declining,0.72,Price is below long-term support with weak trend evidence.,,,2026-06-26,,watchlist,weekly_watchlist,watchlist,6.92,10.59,8.57,10.0,6.92,10.59,18.57,5.85,0.07,1393147921.72,"Stage 4, Stage 4 - Weak/Declining, weekly_volume_dryup, downtrend",564,310,Not Sure,watchlist,weekly_watchlist,29.55,-254,-10.98,False,False,False,False,False
VTL.NS,Vardhman Textiles Limited,Textile Manufacturing,Consumer Cyclical,False,Cash,1,Stage 4,Stage 4,Stage 4 - Weak/Declining,0.72,Price is below long-term support with weak trend evidence.,,,2026-08-14,,watchlist,weekly_watchlist,watchlist,12.2,4.0,8.51,10.0,12.2,4.0,18.51,-9.2,4.86,188932163.79,"Stage 4, Stage 4 - Weak/Declining, volume_dryup, weekly_volume_dryup, downtrend",565,575,Stage 4,watchlist,weekly_watchlist,18.51,10,0.0,False,False,False,False,False
MAHLIFE.NS,Mahindra Lifespace Developers Limited,Real Estate,Real Estate,False,Cash,1,Stage 4,Stage 4,Stage 4 - Weak/Declining,0.72,Price is below long-term support with weak trend evidence.,,,2026-08-31,,watchlist,weekly_watchlist,watchlist,3.08,37.06,18.37,0.0,3.08,37.06,18.37,0.02,12.61,38664650.82,"Stage 4, Stage 4 - Weak/Declining, weekly_vcp_ok, weekly_strong, downtrend",566,598,Stage 4,watchlist,weekly_watchlist,17.87,32,0.5,False,False,False,False,False
GOPAL.NS,Gopal Snacks Limited,Packaged Foods,Consumer Defensive,False,Cash,1,Stage 4,Stage 4,Stage 4 - Confirmed Downtrend,0.86,Price is below a bearish moving-average stack with falling trend signals.,,,,,watchlist,weekly_watchlist,watchlist,0.0,36.32,16.34,2.0,0.0,36.32,18.34,2.04,3.2,35235500.54,"Stage 4, Stage 4 - Confirmed Downtrend, weekly_vcp_ok, weekly_strong, downtrend",567,593,Stage 4,watchlist,weekly_watchlist,18.11,26,0.23000000000000043,False,False,False,False,False
SUNTECK.NS,Sunteck Realty Limited,Real Estate,Real Estate,False,Cash,1,Stage 4,Stage 4,Stage 4 - Confirmed Downtrend,0.86,Price is below a bearish moving-average stack with falling trend signals.,,,,,watchlist,weekly_watchlist,watchlist,3.13,36.9,18.33,0.0,3.13,36.9,18.33,-4.55,-11.8,30124506.22,"Stage 4, Stage 4 - Confirmed Downtrend, weekly_vcp_ok, volume_dryup, weekly_volume_dryup, weekly_strong, downtrend",568,579,Stage 4,watchlist,weekly_watchlist,18.24,11,0.08999999999999986,False,False,False,False,False
CREDITACC.NS,CREDITACCESS GRAMEEN LIMITED,Credit Services,Financial Services,False,Cash,1,Stage 4,Stage 4,Stage 4,0.66,Declining structure detected.,,,2026-09-14,,watchlist,weekly_watchlist,watchlist,0.0,36.15,16.27,2.0,0.0,36.15,18.27,-5.85,9.35,225648595.56,"Stage 4, Stage 4, weekly_vcp_ok, weekly_volume_dryup, weekly_strong, downtrend",569,586,Stage 4,watchlist,weekly_watchlist,18.11,17,0.16000000000000014,False,False,False,False,False
SPARC.NS,Sun Pharma Advanced Research Company Limited,Drug Manufacturers - Specialty & Generic,Healthcare,False,Cash,1,Not Sure,Stage 1,Pending Stage 1,0.55,Blocked public stage jump Stage 3 -> Stage 1; waiting for intermediate/confirmed structure.,Blocked public stage jump Stage 3 -> Stage 1; waiting for intermediate/confirmed structure.,,2026-08-07,Stage 1,watchlist,weekly_watchlist,watchlist,7.24,9.44,8.23,10.0,7.24,9.44,18.23,-16.09,30.47,188545865.42,"Stage 1, Stage 1 - Base/Repair, weekly_volume_dryup, stage1_not_actionable, stage1_needs_more_base | Blocked public stage jump Stage 3 -> Stage 1; waiting for intermediate/confirmed structure.",570,605,Stage 3,watchlist,weekly_watchlist,17.51,35,0.7199999999999989,False,False,False,False,False
ADANIPORTS.NS,Adani Ports and Special Economic Zone Limited,Marine Shipping,Industrials,True,F&O,1,Stage 2 Failed,Stage 1,Failed Stage 2,0.72,"This stock was recently Stage 2, but the latest structure no longer satisfies Stage 2 rules. It is kept as Stage 2 Failed until a fresh base/repair structure forms.",Recent Stage 2 break; public stage held as Stage 2 Failed.,2026-10-08,2026-10-05,,watchlist,weekly_watchlist,watchlist,1.23,16.79,8.23,10.0,1.23,16.79,18.23,1.91,18.03,3195410267.45,"Stage 1, Stage 1 - Base/Repair, weekly_volume_dryup, stage1_not_actionable, stage1_needs_more_base | Stage 2 failed state applied from stage memory.",571,597,Stage 2 Failed,watchlist,weekly_watchlist,17.88,26,0.3500000000000014,False,False,False,False,False
RTNINDIA.NS,RattanIndia Enterprises Limited,Consumer Cyclical,Consumer Cyclical,False,Cash,1,Stage 4,Stage 4,Stage 4 - Confirmed Downtrend,0.86,Price is below a bearish moving-average stack with falling trend signals.,,,,,watchlist,weekly_watchlist,watchlist,0.2,35.8,16.22,2.0,0.2,35.8,18.22,-16.95,-19.75,40494819.85,"Stage 4, Stage 4 - Confirmed Downtrend, weekly_vcp_ok, weekly_volume_dryup, weekly_strong, downtrend",572,839,Stage 4,watchlist,weekly_watchlist,3.91,267,14.309999999999999,False,False,False,False,False
SIGNATURE.NS,Signatureglobal (India) Limited,Real Estate,Real Estate,False,Cash,1,Stage 4,Stage 4,Stage 4 - Confirmed Downtrend,0.86,Price is below a bearish moving-average stack with falling trend signals.,,,,,watchlist,weekly_watchlist,watchlist,15.0,22.1,18.2,0.0,15.0,22.1,18.2,-7.82,-3.65,284910215.85,"Stage 4, Stage 4 - Confirmed Downtrend, weekly_vcp_ok, downtrend",573,687,Stage 4,watchlist,weekly_watchlist,15.45,114,2.75,False,False,False,False,False
JMFINANCIL.NS,JM Financial Limited,Capital Markets,Financial Services,False,Cash,1,Stage 4,Stage 4,Stage 4 - Weak/Declining,0.72,Price is below long-term support with weak trend evidence.,,,,,watchlist,weekly_watchlist,watchlist,6.35,32.59,18.16,0.0,6.35,32.59,18.16,6.24,-1.72,241474506.43,"Stage 4, Stage 4 - Weak/Declining, weekly_vcp_ok, volume_dryup, weekly_volume_dryup, weekly_strong, downtrend",574,603,Stage 4,watchlist,weekly_watchlist,17.62,29,0.5399999999999991,False,False,False,False,False
MUTHOOTFIN.NS,Muthoot Finance Limited,Credit Services,Financial Services,True,F&O,1,Stage 4,Stage 4,Stage 4 - Confirmed Downtrend,0.86,Price is below a bearish moving-average stack with falling trend signals.,,,,,watchlist,weekly_watchlist,watchlist,0.0,35.8,16.11,2.0,0.0,35.8,18.11,-6.98,-20.5,1542134377.02,"Stage 4, Stage 4 - Confirmed Downtrend, weekly_vcp_ok, volume_dryup, weekly_volume_dryup, weekly_strong, downtrend",575,582,Stage 4,watchlist,weekly_watchlist,18.11,7,0.0,False,False,False,False,False
SUNDARMFIN.NS,Sundaram Finance Limited,Credit Services,Financial Services,False,Cash,1,Stage 4,Stage 4,Stage 4 - Weak/Declining,0.72,Price is below long-term support with weak trend evidence.,,,,,watchlist,weekly_watchlist,watchlist,0.0,35.8,16.11,2.0,0.0,35.8,18.11,0.3,-9.89,213544731.49,"Stage 4, Stage 4 - Weak/Declining, weekly_vcp_ok, volume_dryup, weekly_volume_dryup, weekly_strong, downtrend",576,583,Stage 4,watchlist,weekly_watchlist,18.11,7,0.0,False,False,False,False,False
IREDA.NS,Indian Renewable Energy Development Agency Limited,Credit Services,Financial Services,True,F&O,1,Stage 4,Stage 4,Stage 4 - Confirmed Downtrend,0.86,Price is below a bearish moving-average stack with falling trend signals.,,,,,watchlist,weekly_watchlist,watchlist,0.0,35.8,16.11,2.0,0.0,35.8,18.11,-6.25,-11.91,524040631.39,"Stage 4, Stage 4 - Confirmed Downtrend, weekly_vcp_ok, weekly_volume_dryup, weekly_strong, downtrend",577,584,Stage 4,watchlist,weekly_watchlist,18.11,7,0.0,False,False,False,False,False
TATAINVEST.NS,Tata Investment Corporation Limited,Asset Management,Financial Services,False,Cash,1,Stage 4,Stage 4,Stage 4 - Weak/Declining,0.72,Price is below long-term support with weak trend evidence.,,,,,watchlist,weekly_watchlist,watchlist,0.0,35.8,16.11,2.0,0.0,35.8,18.11,-0.7,-6.38,1451056719.23,"Stage 4, Stage 4 - Weak/Declining, weekly_vcp_ok, volume_dryup, weekly_volume_dryup, weekly_strong, downtrend",578,654,Stage 4,watchlist,weekly_watchlist,16.11,76,2.0,False,False,False,False,False
METROBRAND.NS,Metro Brands Limited,Consumer Cyclical,Consumer Cyclical,False,Cash,1,Stage 4,Stage 4,Stage 4 - Confirmed Downtrend,0.86,Price is below a bearish moving-average stack with falling trend signals.,,,,,watchlist,weekly_watchlist,watchlist,0.0,35.8,16.11,2.0,0.0,35.8,18.11,-13.21,-10.01,97238462.35,"Stage 4, Stage 4 - Confirmed Downtrend, weekly_vcp_ok, volume_dryup, weekly_volume_dryup, weekly_strong, downtrend",579,585,Stage 4,watchlist,weekly_watchlist,18.11,6,0.0,False,False,False,False,False
BIKAJI.NS,Bikaji Foods International Limited,Packaged Foods,Consumer Defensive,False,Cash,1,Stage 4,Stage 4,Stage 4 - Confirmed Downtrend,0.86,Price is below a bearish moving-average stack with falling trend signals.,,,,,watchlist,weekly_watchlist,watchlist,0.0,35.8,16.11,2.0,0.0,35.8,18.11,-18.86,-19.01,256768224.1,"Stage 4, Stage 4 - Confirmed Downtrend, weekly_vcp_ok, weekly_strong, downtrend",580,587,Stage 4,watchlist,weekly_watchlist,18.11,7,0.0,False,False,False,False,False
TRAVELFOOD.NS,Travel Food Services Limited,Consumer Cyclical,Consumer Cyclical,False,Cash,1,Stage 4,Stage 4,Stage 4 - Weak/Declining,0.72,Price is below long-term support with weak trend evidence.,,,,,watchlist,weekly_watchlist,watchlist,0.0,35.8,16.11,2.0,0.0,35.8,18.11,-2.47,-2.1,55828680.56,"Stage 4, Stage 4 - Weak/Declining, weekly_vcp_ok, weekly_volume_dryup, weekly_strong, downtrend",581,588,Stage 4,watchlist,weekly_watchlist,18.11,7,0.0,False,False,False,False,False
BSOFT.NS,BIRLASOFT LIMITED,Information Technology Services,Technology,False,Cash,1,Stage 4,Stage 4,Stage 4 - Confirmed Downtrend,0.86,Price is below a bearish moving-average stack with falling trend signals.,,,,,watchlist,weekly_watchlist,watchlist,0.0,35.8,16.11,2.0,0.0,35.8,18.11,-1.03,-20.06,464290114.08,"Stage 4, Stage 4 - Confirmed Downtrend, weekly_vcp_ok, weekly_strong, downtrend",582,590,Stage 4,watchlist,weekly_watchlist,18.11,8,0.0,False,False,False,False,False
SONATSOFTW.NS,Sonata Software Limited,Information Technology Services,Technology,False,Cash,1,Stage 4,Stage 4,Stage 4 - Weak/Declining,0.72,Price is below long-term support with weak trend evidence.,,,,,watchlist,weekly_watchlist,watchlist,0.0,35.8,16.11,2.0,0.0,35.8,18.11,-12.19,-4.87,302366931.39,"Stage 4, Stage 4 - Weak/Declining, weekly_vcp_ok, volume_dryup, weekly_volume_dryup, weekly_strong, downtrend",583,591,Stage 4,watchlist,weekly_watchlist,18.11,8,0.0,False,False,False,False,False
RELAXO.NS,Relaxo Footwears Limited,Consumer Cyclical,Consumer Cyclical,False,Cash,1,Stage 4,Stage 4,Stage 4 - Weak/Declining,0.72,Price is below long-term support with weak trend evidence.,,,2026-08-17,,watchlist,weekly_watchlist,watchlist,0.0,35.8,16.11,2.0,0.0,35.8,18.11,-20.39,4.01,76450833.29,"Stage 4, Stage 4 - Weak/Declining, weekly_vcp_ok, volume_dryup, weekly_volume_dryup, weekly_strong, downtrend",584,592,Stage 4,watchlist,weekly_watchlist,18.11,8,0.0,False,False,False,False,False
AURIONPRO.NS,Aurionpro Solutions Limited,Software - Application,Technology,False,Cash,1,Stage 4,Stage 4,Stage 4 - Confirmed Downtrend,0.86,Price is below a bearish moving-average stack with falling trend signals.,,,,,watchlist,weekly_watchlist,watchlist,0.0,35.8,16.11,2.0,0.0,35.8,18.11,-24.26,-26.31,89694520.93,"Stage 4, Stage 4 - Confirmed Downtrend, weekly_vcp_ok, weekly_strong, downtrend",585,506,Stage 4,watchlist,weekly_watchlist,21.11,-79,-3.0,False,False,False,False,False
MUTHOOTMF.NS,Muthoot Microfin Limited,Credit Services,Financial Services,False,Cash,1,Stage 4,Stage 4,Stage 4,0.66,Declining structure detected.,,,2026-09-14,,watchlist,weekly_watchlist,watchlist,0.0,35.8,16.11,2.0,0.0,35.8,18.11,-21.46,1.04,30346609.0,"Stage 4, Stage 4, weekly_vcp_ok, volume_dryup, weekly_volume_dryup, weekly_strong, downtrend",586,594,Stage 4,watchlist,weekly_watchlist,18.11,8,0.0,False,False,False,False,False
PARKHOTELS.NS,Apeejay Surrendra Park Hotels Limited,Lodging,Consumer Cyclical,False,Cash,1,Stage 4,Stage 4,Stage 4 - Confirmed Downtrend,0.86,Price is below a bearish moving-average stack with falling trend signals.,,,,,watchlist,weekly_watchlist,watchlist,0.0,35.8,16.11,2.0,0.0,35.8,18.11,-14.23,-7.32,18965310.79,"Stage 4, Stage 4 - Confirmed Downtrend, weekly_vcp_ok, weekly_strong, downtrend",587,596,Stage 4,watchlist,weekly_watchlist,18.11,9,0.0,False,False,False,False,False
TARC.NS,TARC Limited,Real Estate,Real Estate,False,Cash,1,Stage 4,Stage 4,Stage 4 - Weak/Declining,0.72,Price is below long-term support with weak trend evidence.,,,,,watchlist,weekly_watchlist,watchlist,3.17,36.22,18.04,0.0,3.17,36.22,18.04,2.8,1.36,44966119.3,"Stage 4, Stage 4 - Weak/Declining, weekly_vcp_ok, volume_dryup, weekly_volume_dryup, weekly_strong, downtrend",588,610,Stage 4,watchlist,weekly_watchlist,17.1,22,0.9399999999999977,False,False,False,False,False
DBL.NS,Dilip Buildcon Limited,Engineering & Construction,Industrials,False,Cash,1,Stage 4,Stage 4,Stage 4 - Weak/Declining,0.72,Price is below long-term support with weak trend evidence.,,,,,watchlist,weekly_watchlist,watchlist,6.09,32.32,17.89,0.0,6.09,32.32,17.89,3.43,-1.57,221257093.78,"Stage 4, Stage 4 - Weak/Declining, weekly_vcp_ok, volume_dryup, weekly_volume_dryup, weekly_strong, downtrend",589,601,Stage 4,watchlist,weekly_watchlist,17.7,12,0.19000000000000128,False,False,False,False,False
ACC.NS,ACC Limited,Building Materials,Basic Materials,False,Cash,1,Stage 4,Stage 4,Stage 4 - Confirmed Downtrend,0.86,Price is below a bearish moving-average stack with falling trend signals.,,,,,watchlist,weekly_watchlist,watchlist,2.3,36.9,17.87,0.0,2.3,36.9,17.87,-8.86,-13.86,162115592.49,"Stage 4, Stage 4 - Confirmed Downtrend, weekly_vcp_ok, weekly_volume_dryup, weekly_strong, downtrend",590,602,Stage 4,watchlist,weekly_watchlist,17.65,12,0.22000000000000242,False,False,False,False,False
SAIL.NS,Steel Authority of India Limited,Steel,Basic Materials,True,F&O,1,Stage 2 Failed,Stage 1,Failed Stage 2,0.72,"This stock was recently Stage 2, but the latest structure no longer satisfies Stage 2 rules. It is kept as Stage 2 Failed until a fresh base/repair structure forms.",Recent Stage 2 break; public stage held as Stage 2 Failed.,2026-10-08,2026-10-07,,watchlist,weekly_watchlist,watchlist,15.44,9.5,12.77,5.0,15.44,9.5,17.77,9.35,5.67,2423640739.31,"Stage 1, Stage 1 - Base/Repair, volume_dryup, weekly_volume_dryup, stage1_not_actionable, stage1_needs_more_base | Stage 2 failed state applied from stage memory.",591,98,Stage 2,watchlist,weekly_forming,51.13,-493,-33.36,False,False,False,False,False
VMM.NS,Vishal Mega Mart Limited,Consumer Cyclical,Consumer Cyclical,True,F&O,1,Stage 4,Stage 4,Stage 4 - Confirmed Downtrend,0.86,Price is below a bearish moving-average stack with falling trend signals.,,,,,watchlist,weekly_watchlist,watchlist,0.0,35.0,15.75,2.0,0.0,35.0,17.75,-6.96,-10.12,1067335963.05,"Stage 4, Stage 4 - Confirmed Downtrend, weekly_vcp_ok, weekly_volume_dryup, weekly_strong, downtrend",592,600,Stage 4,watchlist,weekly_watchlist,17.75,8,0.0,False,False,False,False,False
INDIGOPNTS.NS,Indigo Paints Limited,Specialty Chemicals,Basic Materials,False,Cash,1,Stage 2 Failed,Not Sure,Failed Stage 2,0.72,"This stock was recently Stage 2, but the latest structure no longer satisfies Stage 2 rules. It is kept as Stage 2 Failed until a fresh base/repair structure forms.",Recent Stage 2 break; public stage held as Stage 2 Failed.,2026-10-08,2026-09-25,,watchlist,weekly_watchlist,watchlist,0.0,17.2,7.74,10.0,0.0,17.2,17.74,8.39,31.63,49849434.25,"Not Sure, Not Sure, volume_dryup, weekly_volume_dryup | Stage 2 failed state applied from stage memory.",593,532,Stage 2 Failed,watchlist,weekly_watchlist,20.03,-61,-2.2900000000000027,False,False,False,False,False
ACUTAAS.NS,Acutaas Chemicals Limited,Specialty Chemicals,Basic Materials,False,Cash,1,Stage 2 Failed,Stage 3,Failed Stage 2,0.72,"This stock was recently Stage 2, but the latest structure no longer satisfies Stage 2 rules. It is kept as Stage 2 Failed until a fresh base/repair structure forms.",Recent Stage 2 break; public stage held as Stage 2 Failed.,2026-10-08,2026-09-30,,watchlist,weekly_watchlist,watchlist,12.14,2.26,7.69,10.0,12.14,2.26,17.69,-3.42,38.06,1041228604.41,"Stage 3, Stage 3 - Distribution/Damage, weekly_volume_dryup, distribution_risk | Stage 2 failed state applied from stage memory.",594,581,Stage 2 Failed,watchlist,weekly_watchlist,18.18,-13,-0.48999999999999844,False,False,False,False,False
GUJALKALI.NS,Gujarat Alkalies and Chemicals Limited,Chemicals,Basic Materials,False,Cash,1,Stage 2 Failed,Stage 1,Failed Stage 2,0.72,"This stock was recently Stage 2, but the latest structure no longer satisfies Stage 2 rules. It is kept as Stage 2 Failed until a fresh base/repair structure forms.",Recent Stage 2 break; public stage held as Stage 2 Failed.,2026-10-08,2026-09-25,,watchlist,weekly_watchlist,watchlist,15.79,8.59,12.55,5.0,15.79,8.59,17.55,10.16,-4.23,50834962.69,"Stage 1, Stage 1 - Base/Repair, volume_dryup, weekly_volume_dryup, stage1_not_actionable, stage1_needs_more_base | Stage 2 failed state applied from stage memory.",595,599,Stage 2 Failed,watchlist,weekly_watchlist,17.78,4,-0.23000000000000043,False,False,False,False,False
BHARTIHEXA.NS,Bharti Hexacom Limited,Telecom Services,Communication Services,False,Cash,1,Stage 4,Stage 4,Stage 4 - Weak/Declining,0.72,Price is below long-term support with weak trend evidence.,,,,,watchlist,weekly_watchlist,watchlist,0.0,38.8,17.46,0.0,0.0,38.8,17.46,1.71,6.33,302905720.55,"Stage 4, Stage 4 - Weak/Declining, weekly_vcp_ok, weekly_strong, downtrend",596,611,Stage 4,watchlist,weekly_watchlist,17.1,15,0.35999999999999943,False,False,False,False,False
SARDAEN.NS,Sarda Energy & Minerals Limited,Steel,Basic Materials,False,Cash,1,Stage 1,Stage 1,Stage 1 - Base/Repair,0.7,Price is near long-term moving averages with no strong long-term downtrend signal.,,,2026-05-25,,watchlist,weekly_watchlist,watchlist,16.1,8.0,12.46,5.0,16.1,8.0,17.46,6.91,-8.0,154564219.94,"Stage 1, Stage 1 - Base/Repair, volume_dryup, weekly_volume_dryup, stage1_not_actionable, stage1_needs_more_base",597,616,Stage 1,watchlist,weekly_watchlist,16.96,19,0.5,False,False,False,False,False
INOXWIND.NS,Inox Wind Limited,Specialty Industrial Machinery,Industrials,True,F&O,1,Stage 4,Stage 4,Stage 4 - Confirmed Downtrend,0.86,Price is below a bearish moving-average stack with falling trend signals.,,,,,watchlist,weekly_watchlist,watchlist,8.15,6.2,7.27,10.0,8.15,6.2,17.27,-12.87,-27.2,645558161.64,"Stage 4, Stage 4 - Confirmed Downtrend, volume_dryup, weekly_volume_dryup, downtrend",598,685,Stage 4,watchlist,weekly_watchlist,15.61,87,1.6600000000000001,False,False,False,False,False
PFC.NS,Power Finance Corporation Limited,Credit Services,Financial Services,True,F&O,1,Stage 4,Stage 4,Stage 4 - Weak/Declining,0.72,Price is below long-term support with weak trend evidence.,,,2026-07-01,,watchlist,weekly_watchlist,watchlist,0.0,33.8,15.21,2.0,0.0,33.8,17.21,-11.12,-20.67,2773946738.03,"Stage 4, Stage 4 - Weak/Declining, weekly_vcp_ok, weekly_strong, downtrend",599,606,Stage 4,watchlist,weekly_watchlist,17.21,7,0.0,False,False,False,False,False
CAMS.NS,Computer Age Management Services Limited,Information Technology Services,Technology,True,F&O,1,Stage 4,Stage 4,Stage 4 - Weak/Declining,0.72,Price is below long-term support with weak trend evidence.,,,2026-08-31,,watchlist,weekly_watchlist,watchlist,0.0,33.8,15.21,2.0,0.0,33.8,17.21,-5.13,-2.17,778795010.63,"Stage 4, Stage 4 - Weak/Declining, weekly_vcp_ok, weekly_volume_dryup, weekly_strong, downtrend",600,607,Stage 4,watchlist,weekly_watchlist,17.21,7,0.0,False,False,False,False,False
JSLL.NS,Jeena Sikho Lifecare Limited,Medical Care Facilities,Healthcare,False,Cash,1,Stage 4,Stage 4,Stage 4 - Confirmed Downtrend,0.86,Price is below a bearish moving-average stack with falling trend signals.,,,,,watchlist,weekly_watchlist,watchlist,13.2,22.1,17.2,0.0,13.2,22.1,17.2,-24.08,-36.05,357395452.13,"Stage 4, Stage 4 - Confirmed Downtrend, weekly_vcp_ok, downtrend",601,608,Stage 4,watchlist,weekly_watchlist,17.2,7,0.0,False,False,False,False,False
HIRECT.NS,Hind Rectifiers Limited,Electrical Equipment & Parts,Industrials,False,Cash,1,Stage 2 Failed,Stage 1,Failed Stage 2,0.72,"This stock was recently Stage 2, but the latest structure no longer satisfies Stage 2 rules. It is kept as Stage 2 Failed until a fresh base/repair structure forms.",Recent Stage 2 break; public stage held as Stage 2 Failed.,2026-10-08,2026-10-06,,watchlist,weekly_watchlist,watchlist,7.97,5.75,6.97,10.0,7.97,5.75,16.97,12.39,37.09,46170294.68,"Stage 1, Stage 1 - Base/Repair, volume_dryup, weekly_volume_dryup, stage1_not_actionable, stage1_needs_more_base | Stage 2 failed state applied from stage memory.",602,636,Stage 2 Failed,watchlist,weekly_watchlist,16.51,34,0.4599999999999973,False,False,False,False,False
CHOLAHLDNG.NS,Cholamandalam Financial Holdings Limited,Credit Services,Financial Services,False,Cash,1,Stage 4,Stage 4,Stage 4 - Confirmed Downtrend,0.86,Price is below a bearish moving-average stack with falling trend signals.,,,,,watchlist,weekly_watchlist,watchlist,9.1,22.1,14.95,2.0,9.1,22.1,16.95,-8.63,-4.96,258397904.18,"Stage 4, Stage 4 - Confirmed Downtrend, weekly_vcp_ok, weekly_volume_dryup, downtrend",603,617,Stage 4,watchlist,weekly_watchlist,16.95,14,0.0,False,False,False,False,False
MOSCHIP.NS,Moschip Technologies Limited,Technology,Technology,False,Cash,1,Stage 1,Stage 1,Stage 1 - Unclear/Repair,0.58,Not enough evidence for Stage 2 or Stage 4; classified as repair/unclear structure.,,,2026-08-28,,watchlist,weekly_watchlist,watchlist,12.62,0.0,6.94,10.0,12.62,0.0,16.94,-14.31,4.42,236743920.59,"Stage 1, Stage 1 - Unclear/Repair, volume_dryup, weekly_volume_dryup, stage1_not_actionable, stage1_needs_more_base",604,615,Stage 1,watchlist,weekly_watchlist,16.99,11,-0.04999999999999716,False,False,False,False,False
UNITDSPR.NS,United Spirits Limited,Consumer Defensive,Consumer Defensive,True,F&O,1,Stage 2 Failed,Stage 4,Failed Stage 2,0.72,"This stock was recently Stage 2, but the latest structure no longer satisfies Stage 2 rules. It is kept as Stage 2 Failed until a fresh base/repair structure forms.",Recent Stage 2 break; public stage held as Stage 2 Failed.,2026-10-08,2026-09-28,,watchlist,weekly_watchlist,watchlist,0.0,37.45,16.85,0.0,0.0,37.45,16.85,3.25,13.24,1361644720.71,"Stage 4, Stage 4 - Weak/Declining, weekly_vcp_ok, weekly_strong, downtrend | Stage 2 failed state applied from stage memory.",605,551,Stage 2 Failed,watchlist,weekly_watchlist,19.44,-54,-2.59,False,False,False,False,False
GANESHHOU.NS,GANESH HOUSING LIMITED,Real Estate,Real Estate,False,Cash,1,Stage 4,Stage 4,Stage 4 - Weak/Declining,0.72,Price is below long-term support with weak trend evidence.,,,2026-08-27,,watchlist,weekly_watchlist,watchlist,0.0,37.12,16.7,0.0,0.0,37.12,16.7,-12.16,25.35,23262912.68,"Stage 4, Stage 4 - Weak/Declining, weekly_vcp_ok, weekly_strong, downtrend",606,638,Stage 4,watchlist,weekly_watchlist,16.42,32,0.2799999999999976,False,False,False,False,False
NESCO.NS,Nesco Limited,Conglomerates,Industrials,False,Cash,1,Stage 4,Stage 4,Stage 4 - Weak/Declining,0.72,Price is below long-term support with weak trend evidence.,,,2026-05-25,,watchlist,weekly_watchlist,watchlist,0.0,37.06,16.68,0.0,0.0,37.06,16.68,3.44,-1.88,49292795.42,"Stage 4, Stage 4 - Weak/Declining, weekly_vcp_ok, weekly_volume_dryup, weekly_strong, downtrend",607,572,Stage 4,watchlist,weekly_watchlist,18.61,-35,-1.9299999999999997,False,False,False,False,False
GODREJPROP.NS,Godrej Properties Limited,Real Estate,Real Estate,True,F&O,1,Stage 4,Stage 4,Stage 4 - Weak/Declining,0.72,Price is below long-term support with weak trend evidence.,,,2026-08-28,,watchlist,weekly_watchlist,watchlist,0.0,36.9,16.61,0.0,0.0,36.9,16.61,-18.7,-4.43,985010912.42,"Stage 4, Stage 4 - Weak/Declining, weekly_vcp_ok, volume_dryup, weekly_volume_dryup, weekly_strong, downtrend",608,622,Stage 4,watchlist,weekly_watchlist,16.61,14,0.0,False,False,False,False,False
BLUESTARCO.NS,Blue Star Limited,Building Products & Equipment,Industrials,True,F&O,1,Stage 4,Stage 4,Stage 4 - Confirmed Downtrend,0.86,Price is below a bearish moving-average stack with falling trend signals.,,,,,watchlist,weekly_watchlist,watchlist,0.0,36.9,16.61,0.0,0.0,36.9,16.61,-4.43,-10.1,913717163.54,"Stage 4, Stage 4 - Confirmed Downtrend, weekly_vcp_ok, weekly_volume_dryup, weekly_strong, downtrend",609,623,Stage 4,watchlist,weekly_watchlist,16.61,14,0.0,False,False,False,False,False
SAMMAANCAP.NS,Sammaan Capital Limited,Mortgage Finance,Financial Services,True,F&O,1,Stage 4,Stage 4,Stage 4 - Weak/Declining,0.72,Price is below long-term support with weak trend evidence.,,,2026-08-13,,watchlist,weekly_watchlist,watchlist,0.0,36.9,16.61,0.0,0.0,36.9,16.61,-12.2,-10.16,520365718.66,"Stage 4, Stage 4 - Weak/Declining, weekly_vcp_ok, volume_dryup, weekly_volume_dryup, weekly_strong, downtrend",610,624,Stage 4,watchlist,weekly_watchlist,16.61,14,0.0,False,False,False,False,False
IGIL.NS,International Gemological Institute Limited,Basic Materials,Basic Materials,False,Cash,1,Not Sure,Stage 4,Pending Stage 4,0.55,Blocked public stage jump Stage 1 -> Stage 4; waiting for intermediate/confirmed structure.,Blocked public stage jump Stage 1 -> Stage 4; waiting for intermediate/confirmed structure.,,2026-07-07,Stage 4,watchlist,weekly_watchlist,watchlist,0.0,36.9,16.61,0.0,0.0,36.9,16.61,-1.84,-8.79,162637502.82,"Stage 4, Stage 4 - Weak/Declining, weekly_vcp_ok, volume_dryup, weekly_volume_dryup, weekly_strong, downtrend | Blocked public stage jump Stage 1 -> Stage 4; waiting for intermediate/confirmed structure.",611,555,Stage 1,watchlist,weekly_watchlist,19.3,-56,-2.6900000000000013,False,False,False,False,False
SHARDACROP.NS,Sharda Cropchem Limited,Agricultural Inputs,Basic Materials,False,Cash,1,Stage 4,Stage 4,Stage 4 - Confirmed Downtrend,0.86,Price is below a bearish moving-average stack with falling trend signals.,,,,,watchlist,weekly_watchlist,watchlist,0.0,36.9,16.61,0.0,0.0,36.9,16.61,-10.88,-25.49,67863867.62,"Stage 4, Stage 4 - Confirmed Downtrend, weekly_vcp_ok, volume_dryup, weekly_volume_dryup, weekly_strong, downtrend",612,625,Stage 4,watchlist,weekly_watchlist,16.61,13,0.0,False,False,False,False,False
EUREKAFORB.NS,Eureka Forbes Limited,"Furnishings, Fixtures & Appliances",Consumer Cyclical,False,Cash,1,Stage 4,Stage 4,Stage 4 - Confirmed Downtrend,0.86,Price is below a bearish moving-average stack with falling trend signals.,,,,,watchlist,weekly_watchlist,watchlist,0.0,36.9,16.61,0.0,0.0,36.9,16.61,-19.4,-24.02,74272767.87,"Stage 4, Stage 4 - Confirmed Downtrend, weekly_vcp_ok, weekly_strong, downtrend",613,626,Stage 4,watchlist,weekly_watchlist,16.61,13,0.0,False,False,False,False,False
IMFA.NS,Indian Metals & Ferro Alloys Limited,Basic Materials,Basic Materials,False,Cash,1,Stage 4,Stage 4,Stage 4 - Weak/Declining,0.72,Price is below long-term support with weak trend evidence.,,,2026-08-24,,watchlist,weekly_watchlist,watchlist,0.0,36.9,16.61,0.0,0.0,36.9,16.61,-8.16,-9.97,99854285.43,"Stage 4, Stage 4 - Weak/Declining, weekly_vcp_ok, volume_dryup, weekly_volume_dryup, weekly_strong, downtrend",614,627,Stage 4,watchlist,weekly_watchlist,16.61,13,0.0,False,False,False,False,False
JKLAKSHMI.NS,JK Lakshmi Cement Limited,Building Materials,Basic Materials,False,Cash,1,Stage 4,Stage 4,Stage 4 - Confirmed Downtrend,0.86,Price is below a bearish moving-average stack with falling trend signals.,,,,,watchlist,weekly_watchlist,watchlist,0.0,36.9,16.61,0.0,0.0,36.9,16.61,-7.2,-20.35,60444980.11,"Stage 4, Stage 4 - Confirmed Downtrend, weekly_vcp_ok, volume_dryup, weekly_volume_dryup, weekly_strong, downtrend",615,628,Stage 4,watchlist,weekly_watchlist,16.61,13,0.0,False,False,False,False,False
TRANSRAILL.NS,Transrail Lighting Limited,Engineering & Construction,Industrials,False,Cash,1,Stage 4,Stage 4,Stage 4 - Weak/Declining,0.72,Price is below long-term support with weak trend evidence.,,,,,watchlist,weekly_watchlist,watchlist,0.0,36.9,16.61,0.0,0.0,36.9,16.61,3.88,-7.28,1245560251.22,"Stage 4, Stage 4 - Weak/Declining, weekly_vcp_ok, weekly_volume_dryup, weekly_strong, downtrend",616,629,Stage 4,watchlist,weekly_watchlist,16.61,13,0.0,False,False,False,False,False
TCI.NS,Transport Corporation of India Limited,Industrials,Industrials,False,Cash,1,Stage 4,Stage 4,Stage 4 - Confirmed Downtrend,0.86,Price is below a bearish moving-average stack with falling trend signals.,,,,,watchlist,weekly_watchlist,watchlist,0.0,36.9,16.61,0.0,0.0,36.9,16.61,3.0,-3.81,312904179.78,"Stage 4, Stage 4 - Confirmed Downtrend, weekly_vcp_ok, weekly_volume_dryup, weekly_strong, downtrend",617,630,Stage 4,watchlist,weekly_watchlist,16.61,13,0.0,False,False,False,False,False
DODLA.NS,Dodla Dairy Limited,Consumer Defensive,Consumer Defensive,False,Cash,1,Stage 4,Stage 4,Stage 4 - Confirmed Downtrend,0.86,Price is below a bearish moving-average stack with falling trend signals.,,,,,watchlist,weekly_watchlist,watchlist,0.0,36.9,16.61,0.0,0.0,36.9,16.61,-2.63,-0.03,22869014.24,"Stage 4, Stage 4 - Confirmed Downtrend, weekly_vcp_ok, volume_dryup, weekly_volume_dryup, weekly_strong, downtrend",618,620,Stage 4,watchlist,weekly_watchlist,16.65,2,-0.03999999999999915,False,False,False,False,False
PICCADIL.NS,Piccadily Agro Industries Limited,Consumer Defensive,Consumer Defensive,False,Cash,1,Stage 4,Stage 4,Stage 4,0.66,Declining structure detected.,,,,,watchlist,weekly_watchlist,watchlist,0.0,36.9,16.61,0.0,0.0,36.9,16.61,-11.99,8.12,70412845.12,"Stage 4, Stage 4, weekly_vcp_ok, volume_dryup, weekly_volume_dryup, weekly_strong, downtrend",619,619,Stage 4,watchlist,weekly_watchlist,16.66,0,-0.05000000000000071,False,False,False,False,False
INDRAMEDCO.NS,Indraprastha Medical Corporation Limited,Medical Care Facilities,Healthcare,False,Cash,1,Stage 4,Stage 4,Stage 4 - Confirmed Downtrend,0.86,Price is below a bearish moving-average stack with falling trend signals.,,,,,watchlist,weekly_watchlist,watchlist,0.0,36.9,16.61,0.0,0.0,36.9,16.61,-6.47,-17.57,83565593.08,"Stage 4, Stage 4 - Confirmed Downtrend, weekly_vcp_ok, volume_dryup, weekly_volume_dryup, weekly_strong, downtrend",620,631,Stage 4,watchlist,weekly_watchlist,16.61,11,0.0,False,False,False,False,False
HEIDELBERG.NS,HeidelbergCement India Limited,Building Materials,Basic Materials,False,Cash,1,Stage 4,Stage 4,Stage 4 - Confirmed Downtrend,0.86,Price is below a bearish moving-average stack with falling trend signals.,,,,,watchlist,weekly_watchlist,watchlist,0.0,36.9,16.61,0.0,0.0,36.9,16.61,-8.45,-9.73,22495963.4,"Stage 4, Stage 4 - Confirmed Downtrend, weekly_vcp_ok, weekly_volume_dryup, weekly_strong, downtrend",621,632,Stage 4,watchlist,weekly_watchlist,16.61,11,0.0,False,False,False,False,False
ZAGGLE.NS,Zaggle Prepaid Ocean Services Limited,Software - Infrastructure,Technology,False,Cash,1,Stage 4,Stage 4,Stage 4 - Confirmed Downtrend,0.86,Price is below a bearish moving-average stack with falling trend signals.,,,,,watchlist,weekly_watchlist,watchlist,0.0,36.9,16.61,0.0,0.0,36.9,16.61,-13.61,-29.63,142634740.97,"Stage 4, Stage 4 - Confirmed Downtrend, weekly_vcp_ok, volume_dryup, weekly_volume_dryup, weekly_strong, downtrend",622,633,Stage 4,watchlist,weekly_watchlist,16.61,11,0.0,False,False,False,False,False
MARATHON.NS,Marathon Nextgen Realty Limited,Real Estate,Real Estate,False,Cash,1,Stage 4,Stage 4,Stage 4 - Weak/Declining,0.72,Price is below long-term support with weak trend evidence.,,,,,watchlist,weekly_watchlist,watchlist,0.0,36.9,16.61,0.0,0.0,36.9,16.61,-3.99,-16.76,25887020.42,"Stage 4, Stage 4 - Weak/Declining, weekly_vcp_ok, volume_dryup, weekly_volume_dryup, weekly_strong, downtrend",623,634,Stage 4,watchlist,weekly_watchlist,16.61,11,0.0,False,False,False,False,False
OIL.NS,Oil India Limited,Energy,Energy,True,F&O,1,Stage 2 Failed,Stage 1,Failed Stage 2,0.72,"This stock was recently Stage 2, but the latest structure no longer satisfies Stage 2 rules. It is kept as Stage 2 Failed until a fresh base/repair structure forms.",Recent Stage 2 break; public stage held as Stage 2 Failed.,2026-10-08,2026-09-28,,watchlist,weekly_watchlist,watchlist,17.36,4.59,11.61,5.0,17.36,4.59,16.61,9.7,4.22,839942313.42,"Stage 1, Stage 1 - Base/Repair, volume_dryup, weekly_volume_dryup, stage1_not_actionable, stage1_needs_more_base | Stage 2 failed state applied from stage memory.",624,618,Stage 2 Failed,watchlist,weekly_watchlist,16.69,-6,-0.08000000000000185,False,False,False,False,False
ASTRAL.NS,Astral Limited,Building Products & Equipment,Industrials,True,F&O,1,Stage 4,Stage 4,Stage 4 - Weak/Declining,0.72,Price is below long-term support with weak trend evidence.,,,2026-06-22,,watchlist,weekly_watchlist,watchlist,0.0,36.67,16.5,0.0,0.0,36.67,16.5,12.0,-3.28,655948718.09,"Stage 4, Stage 4 - Weak/Declining, weekly_vcp_ok, volume_dryup, weekly_volume_dryup, weekly_strong, downtrend",625,641,Stage 4,watchlist,weekly_watchlist,16.25,16,0.25,False,False,False,False,False
AHLUCONT.NS,Ahluwalia Contracts (India) Limited,Engineering & Construction,Industrials,False,Cash,1,Stage 4,Stage 4,Stage 4 - Confirmed Downtrend,0.86,Price is below a bearish moving-average stack with falling trend signals.,,,,,watchlist,weekly_watchlist,watchlist,0.51,35.8,16.39,0.0,0.51,35.8,16.39,-27.46,-24.77,36680764.08,"Stage 4, Stage 4 - Confirmed Downtrend, weekly_vcp_ok, weekly_volume_dryup, weekly_strong, downtrend",626,637,Stage 4,watchlist,weekly_watchlist,16.48,11,-0.08999999999999986,False,False,False,False,False
INDUSTOWER.NS,Indus Towers Limited,Telecom Services,Communication Services,True,F&O,1,Stage 4,Stage 4,Stage 4 - Confirmed Downtrend,0.86,Price is below a bearish moving-average stack with falling trend signals.,,,2026-05-26,,watchlist,weekly_watchlist,watchlist,0.0,36.27,16.32,0.0,0.0,36.27,16.32,3.67,1.04,1825837740.49,"Stage 4, Stage 4 - Confirmed Downtrend, weekly_vcp_ok, weekly_volume_dryup, weekly_strong, downtrend",627,560,Stage 4,watchlist,weekly_watchlist,19.03,-67,-2.710000000000001,False,False,False,False,False
PRESTIGE.NS,Prestige Estates Projects Limited,Real Estate,Real Estate,True,F&O,1,Stage 4,Stage 4,Stage 4 - Weak/Declining,0.72,Price is below long-term support with weak trend evidence.,,,2026-08-31,,watchlist,weekly_watchlist,watchlist,0.0,36.25,16.31,0.0,0.0,36.25,16.31,-8.42,12.95,827693091.13,"Stage 4, Stage 4 - Weak/Declining, weekly_vcp_ok, weekly_strong, downtrend",628,884,Stage 4,watchlist,weekly_watchlist,0.9,256,15.409999999999998,False,False,False,False,False
CHOICEIN.NS,Choice International Limited,Capital Markets,Financial Services,False,Cash,1,Stage 4,Stage 4,Stage 4 - Weak/Declining,0.72,Price is below long-term support with weak trend evidence.,,,2026-08-24,,watchlist,weekly_watchlist,watchlist,0.0,36.23,16.3,0.0,0.0,36.23,16.3,-5.19,9.46,306657706.42,"Stage 4, Stage 4 - Weak/Declining, weekly_vcp_ok, weekly_strong, downtrend",629,658,Stage 4,watchlist,weekly_watchlist,16.11,29,0.19000000000000128,False,False,False,False,False
GRINDWELL.NS,Grindwell Norton Limited,Building Products & Equipment,Industrials,False,Cash,1,Stage 2 Failed,Stage 3,Failed Stage 2,0.72,"This stock was recently Stage 2, but the latest structure no longer satisfies Stage 2 rules. It is kept as Stage 2 Failed until a fresh base/repair structure forms.",Recent Stage 2 break; public stage held as Stage 2 Failed.,2026-10-08,2026-10-07,,watchlist,weekly_watchlist,watchlist,19.18,12.61,16.22,0.0,19.18,12.61,16.22,6.82,39.27,72349174.33,"Stage 3, Stage 3 - Distribution/Damage, distribution_risk | Stage 2 failed state applied from stage memory.",630,298,Stage 2,watchlist,weekly_watchlist,30.72,-332,-14.5,False,False,False,False,False
KALPATARU.NS,Kalpataru Limited,Real Estate,Real Estate,False,Cash,1,Stage 4,Stage 4,Stage 4 - Confirmed Downtrend,0.86,Price is below a bearish moving-average stack with falling trend signals.,,,,,watchlist,weekly_watchlist,watchlist,0.2,35.8,16.22,0.0,0.2,35.8,16.22,-0.62,-6.81,17725710.93,"Stage 4, Stage 4 - Confirmed Downtrend, weekly_vcp_ok, weekly_volume_dryup, weekly_strong, downtrend",631,642,Stage 4,watchlist,weekly_watchlist,16.22,11,0.0,False,False,False,False,False
NIITMTS.NS,NIIT Learning Systems Limited,Consumer Defensive,Consumer Defensive,False,Cash,1,Stage 4,Stage 4,Stage 4 - Confirmed Downtrend,0.86,Price is below a bearish moving-average stack with falling trend signals.,,,,,watchlist,weekly_watchlist,watchlist,0.2,35.8,16.22,0.0,0.2,35.8,16.22,-12.35,-30.01,48314662.89,"Stage 4, Stage 4 - Confirmed Downtrend, weekly_vcp_ok, weekly_strong, downtrend",632,643,Stage 4,watchlist,weekly_watchlist,16.22,11,0.0,False,False,False,False,False
ULTRACEMCO.NS,UltraTech Cement Limited,Building Materials,Basic Materials,True,F&O,1,Stage 4,Stage 4,Stage 4 - Weak/Declining,0.72,Price is below long-term support with weak trend evidence.,,,2026-08-28,,watchlist,weekly_watchlist,watchlist,0.0,35.8,16.11,0.0,0.0,35.8,16.11,0.7,-2.68,2932421316.45,"Stage 4, Stage 4 - Weak/Declining, weekly_vcp_ok, weekly_volume_dryup, weekly_strong, downtrend",633,644,Stage 4,watchlist,weekly_watchlist,16.11,11,0.0,False,False,False,False,False
TATAPOWER.NS,Tata Power Company Limited,Utilities,Utilities,True,F&O,1,Stage 4,Stage 4,Stage 4 - Weak/Declining,0.72,Price is below long-term support with weak trend evidence.,,,2026-06-23,,watchlist,weekly_watchlist,watchlist,0.0,35.8,16.11,0.0,0.0,35.8,16.11,-2.97,-13.47,1281458782.07,"Stage 4, Stage 4 - Weak/Declining, weekly_vcp_ok, weekly_strong, downtrend",634,645,Stage 4,watchlist,weekly_watchlist,16.11,11,0.0,False,False,False,False,False
GMRAIRPORT.NS,GMR AIRPORTS LIMITED,Industrials,Industrials,True,F&O,1,Stage 4,Stage 4,Stage 4 - Weak/Declining,0.72,Price is below long-term support with weak trend evidence.,,,2026-08-19,,watchlist,weekly_watchlist,watchlist,0.0,35.8,16.11,0.0,0.0,35.8,16.11,-14.43,-1.92,1322209717.59,"Stage 4, Stage 4 - Weak/Declining, weekly_vcp_ok, weekly_strong, downtrend",635,646,Stage 4,watchlist,weekly_watchlist,16.11,11,0.0,False,False,False,False,False
SHREECEM.NS,SHREE CEMENT LIMITED,Building Materials,Basic Materials,True,F&O,1,Stage 4,Stage 4,Stage 4 - Confirmed Downtrend,0.86,Price is below a bearish moving-average stack with falling trend signals.,,,2026-08-10,,watchlist,weekly_watchlist,watchlist,0.0,35.8,16.11,0.0,0.0,35.8,16.11,-9.44,-6.4,983384259.25,"Stage 4, Stage 4 - Confirmed Downtrend, weekly_vcp_ok, weekly_volume_dryup, weekly_strong, downtrend",636,647,Stage 4,watchlist,weekly_watchlist,16.11,11,0.0,False,False,False,False,False
ICICIPRULI.NS,ICICI Prudential Life Insurance Company Limited,Insurance - Life,Financial Services,True,F&O,1,Stage 4,Stage 4,Stage 4 - Confirmed Downtrend,0.86,Price is below a bearish moving-average stack with falling trend signals.,,,,,watchlist,weekly_watchlist,watchlist,0.0,35.8,16.11,0.0,0.0,35.8,16.11,-3.91,-10.93,739109038.95,"Stage 4, Stage 4 - Confirmed Downtrend, weekly_vcp_ok, weekly_volume_dryup, weekly_strong, downtrend",637,648,Stage 4,watchlist,weekly_watchlist,16.11,11,0.0,False,False,False,False,False
FORTIS.NS,Fortis Healthcare Limited,Medical Care Facilities,Healthcare,True,F&O,1,Stage 4,Stage 4,Stage 4 - Weak/Declining,0.72,Price is below long-term support with weak trend evidence.,,,2026-07-29,,watchlist,weekly_watchlist,watchlist,0.0,35.8,16.11,0.0,0.0,35.8,16.11,-13.08,-5.24,1493457334.12,"Stage 4, Stage 4 - Weak/Declining, weekly_vcp_ok, weekly_strong, downtrend",638,649,Stage 4,watchlist,weekly_watchlist,16.11,11,0.0,False,False,False,False,False
RVNL.NS,Rail Vikas Nigam Limited,Engineering & Construction,Industrials,True,F&O,1,Stage 4,Stage 4,Stage 4 - Confirmed Downtrend,0.86,Price is below a bearish moving-average stack with falling trend signals.,,,,,watchlist,weekly_watchlist,watchlist,0.0,35.8,16.11,0.0,0.0,35.8,16.11,-9.23,-28.75,935648994.43,"Stage 4, Stage 4 - Confirmed Downtrend, weekly_vcp_ok, weekly_volume_dryup, weekly_strong, downtrend",639,650,Stage 4,watchlist,weekly_watchlist,16.11,11,0.0,False,False,False,False,False
MFSL.NS,Max Financial Services Limited,Insurance - Life,Financial Services,True,F&O,1,Stage 4,Stage 4,Stage 4 - Confirmed Downtrend,0.86,Price is below a bearish moving-average stack with falling trend signals.,,,2026-06-23,,watchlist,weekly_watchlist,watchlist,0.0,35.8,16.11,0.0,0.0,35.8,16.11,-10.8,-14.83,2117184804.8,"Stage 4, Stage 4 - Confirmed Downtrend, weekly_vcp_ok, weekly_strong, downtrend",640,651,Stage 4,watchlist,weekly_watchlist,16.11,11,0.0,False,False,False,False,False
HINDCOPPER.NS,Hindustan Copper Limited,Basic Materials,Basic Materials,False,Cash,1,Stage 4,Stage 4,Stage 4 - Weak/Declining,0.72,Price is below long-term support with weak trend evidence.,,,2026-08-24,,watchlist,weekly_watchlist,watchlist,0.0,35.8,16.11,0.0,0.0,35.8,16.11,3.61,-9.4,2662323472.86,"Stage 4, Stage 4 - Weak/Declining, weekly_vcp_ok, volume_dryup, weekly_volume_dryup, weekly_strong, downtrend",641,652,Stage 4,watchlist,weekly_watchlist,16.11,11,0.0,False,False,False,False,False
GODFRYPHLP.NS,Godfrey Phillips India Limited,Consumer Defensive,Consumer Defensive,True,F&O,1,Stage 4,Stage 4,Stage 4 - Confirmed Downtrend,0.86,Price is below a bearish moving-average stack with falling trend signals.,,,,,watchlist,weekly_watchlist,watchlist,0.0,35.8,16.11,0.0,0.0,35.8,16.11,-5.05,-8.08,321383552.84,"Stage 4, Stage 4 - Confirmed Downtrend, weekly_vcp_ok, volume_dryup, weekly_volume_dryup, weekly_strong, downtrend",642,653,Stage 4,watchlist,weekly_watchlist,16.11,11,0.0,False,False,False,False,False
KPITTECH.NS,KPIT Technologies Limited,Software - Infrastructure,Technology,True,F&O,1,Stage 4,Stage 4,Stage 4 - Confirmed Downtrend,0.86,Price is below a bearish moving-average stack with falling trend signals.,,,,,watchlist,weekly_watchlist,watchlist,0.0,35.8,16.11,0.0,0.0,35.8,16.11,-6.35,-28.99,803887354.31,"Stage 4, Stage 4 - Confirmed Downtrend, weekly_vcp_ok, volume_dryup, weekly_volume_dryup, weekly_strong, downtrend",643,655,Stage 4,watchlist,weekly_watchlist,16.11,12,0.0,False,False,False,False,False
CENTURYPLY.NS,Century Plyboards (India) Limited,Basic Materials,Basic Materials,False,Cash,1,Stage 4,Stage 4,Stage 4 - Confirmed Downtrend,0.86,Price is below a bearish moving-average stack with falling trend signals.,,,2026-08-11,,watchlist,weekly_watchlist,watchlist,0.0,35.8,16.11,0.0,0.0,35.8,16.11,-7.31,-4.71,69080526.26,"Stage 4, Stage 4 - Confirmed Downtrend, weekly_vcp_ok, weekly_volume_dryup, weekly_strong, downtrend",644,656,Stage 4,watchlist,weekly_watchlist,16.11,12,0.0,False,False,False,False,False
KEC.NS,KEC International Limited,Engineering & Construction,Industrials,False,Cash,1,Stage 4,Stage 4,Stage 4 - Confirmed Downtrend,0.86,Price is below a bearish moving-average stack with falling trend signals.,,,,,watchlist,weekly_watchlist,watchlist,0.0,35.8,16.11,0.0,0.0,35.8,16.11,-19.65,-30.54,374094822.68,"Stage 4, Stage 4 - Confirmed Downtrend, weekly_vcp_ok, volume_dryup, weekly_volume_dryup, weekly_strong, downtrend",645,657,Stage 4,watchlist,weekly_watchlist,16.11,12,0.0,False,False,False,False,False
SOBHA.NS,Sobha Limited,Real Estate,Real Estate,False,Cash,1,Stage 4,Stage 4,Stage 4 - Confirmed Downtrend,0.86,Price is below a bearish moving-average stack with falling trend signals.,,,,,watchlist,weekly_watchlist,watchlist,0.0,35.8,16.11,0.0,0.0,35.8,16.11,-13.83,-2.64,121377343.92,"Stage 4, Stage 4 - Confirmed Downtrend, weekly_vcp_ok, weekly_strong, downtrend",646,906,Stage 4,watchlist,weekly_watchlist,0.0,260,16.11,False,False,False,False,False
CANFINHOME.NS,Can Fin Homes Limited,Mortgage Finance,Financial Services,False,Cash,1,Stage 4,Stage 4,Stage 4 - Confirmed Downtrend,0.86,Price is below a bearish moving-average stack with falling trend signals.,,,2026-07-17,,watchlist,weekly_watchlist,watchlist,0.0,35.8,16.11,0.0,0.0,35.8,16.11,-11.25,-7.6,194462181.85,"Stage 4, Stage 4 - Confirmed Downtrend, weekly_vcp_ok, weekly_strong, downtrend",647,659,Stage 4,watchlist,weekly_watchlist,16.11,12,0.0,False,False,False,False,False
SWANCORP.NS,SWAN CORP LIMITED,Conglomerates,Industrials,False,Cash,1,Stage 4,Stage 4,Stage 4 - Confirmed Downtrend,0.86,Price is below a bearish moving-average stack with falling trend signals.,,,,,watchlist,weekly_watchlist,watchlist,0.0,35.8,16.11,0.0,0.0,35.8,16.11,-9.32,-18.84,343365937.33,"Stage 4, Stage 4 - Confirmed Downtrend, weekly_vcp_ok, volume_dryup, weekly_volume_dryup, weekly_strong, downtrend",648,589,Stage 4,watchlist,weekly_watchlist,18.11,-59,-2.0,False,False,False,False,False
RITES.NS,RITES Limited,Engineering & Construction,Industrials,False,Cash,1,Stage 4,Stage 4,Stage 4 - Weak/Declining,0.72,Price is below long-term support with weak trend evidence.,,,,,watchlist,weekly_watchlist,watchlist,0.0,35.8,16.11,0.0,0.0,35.8,16.11,-1.96,-0.27,824231443.84,"Stage 4, Stage 4 - Weak/Declining, weekly_vcp_ok, weekly_volume_dryup, weekly_strong, downtrend",649,660,Stage 4,watchlist,weekly_watchlist,16.11,11,0.0,False,False,False,False,False
STARCEMENT.NS,Star Cement Limited,Building Materials,Basic Materials,False,Cash,1,Stage 4,Stage 4,Stage 4 - Confirmed Downtrend,0.86,Price is below a bearish moving-average stack with falling trend signals.,,,,,watchlist,weekly_watchlist,watchlist,0.0,35.8,16.11,0.0,0.0,35.8,16.11,-9.61,-15.47,31622432.25,"Stage 4, Stage 4 - Confirmed Downtrend, weekly_vcp_ok, volume_dryup, weekly_volume_dryup, weekly_strong, downtrend",650,662,Stage 4,watchlist,weekly_watchlist,16.11,12,0.0,False,False,False,False,False
TTML.NS,Tata Teleservices (Maharashtra) Limited,Telecom Services,Communication Services,False,Cash,1,Stage 4,Stage 4,Stage 4 - Confirmed Downtrend,0.86,Price is below a bearish moving-average stack with falling trend signals.,,,,,watchlist,weekly_watchlist,watchlist,0.0,35.8,16.11,0.0,0.0,35.8,16.11,-10.7,-17.36,226545389.84,"Stage 4, Stage 4 - Confirmed Downtrend, weekly_vcp_ok, weekly_volume_dryup, weekly_strong, downtrend",651,663,Stage 4,watchlist,weekly_watchlist,16.11,12,0.0,False,False,False,False,False
BORORENEW.NS,BOROSIL RENEWABLES LIMITED,Solar,Technology,False,Cash,1,Stage 4,Stage 4,Stage 4 - Weak/Declining,0.72,Price is below long-term support with weak trend evidence.,,,2026-08-04,,watchlist,weekly_watchlist,watchlist,0.0,35.8,16.11,0.0,0.0,35.8,16.11,-24.07,-3.98,181042970.39,"Stage 4, Stage 4 - Weak/Declining, weekly_vcp_ok, volume_dryup, weekly_volume_dryup, weekly_strong, downtrend",652,664,Stage 4,watchlist,weekly_watchlist,16.11,12,0.0,False,False,False,False,False
DBREALTY.NS,Valor Estate Limited,Real Estate,Real Estate,False,Cash,1,Stage 4,Stage 4,Stage 4 - Confirmed Downtrend,0.86,Price is below a bearish moving-average stack with falling trend signals.,,,,,watchlist,weekly_watchlist,watchlist,0.0,35.8,16.11,0.0,0.0,35.8,16.11,-20.9,-15.51,96797011.43,"Stage 4, Stage 4 - Confirmed Downtrend, weekly_vcp_ok, weekly_strong, downtrend",653,665,Stage 4,watchlist,weekly_watchlist,16.11,12,0.0,False,False,False,False,False
RELIGARE.NS,Religare Enterprises Limited,Insurance - Life,Financial Services,False,Cash,1,Stage 2 Failed,Stage 4,Failed Stage 2,0.72,"This stock was recently Stage 2, but the latest structure no longer satisfies Stage 2 rules. It is kept as Stage 2 Failed until a fresh base/repair structure forms.",Recent Stage 2 break; public stage held as Stage 2 Failed.,2026-10-08,2026-09-23,,watchlist,weekly_watchlist,watchlist,0.0,35.8,16.11,0.0,0.0,35.8,16.11,-9.58,7.08,180159404.22,"Stage 4, Stage 4, weekly_vcp_ok, volume_dryup, weekly_volume_dryup, weekly_strong, downtrend | Stage 2 failed state applied from stage memory.",654,666,Stage 2 Failed,watchlist,weekly_watchlist,16.11,12,0.0,False,False,False,False,False
RCF.NS,Rashtriya Chemicals and Fertilizers Limited,Agricultural Inputs,Basic Materials,False,Cash,1,Stage 4,Stage 4,Stage 4 - Confirmed Downtrend,0.86,Price is below a bearish moving-average stack with falling trend signals.,,,,,watchlist,weekly_watchlist,watchlist,0.0,35.8,16.11,0.0,0.0,35.8,16.11,-10.28,-11.24,103680249.82,"Stage 4, Stage 4 - Confirmed Downtrend, weekly_vcp_ok, volume_dryup, weekly_volume_dryup, weekly_strong, downtrend",655,667,Stage 4,watchlist,weekly_watchlist,16.11,12,0.0,False,False,False,False,False
GSFC.NS,Gujarat State Fertilizers & Chemicals Limited,Agricultural Inputs,Basic Materials,False,Cash,1,Stage 4,Stage 4,Stage 4 - Confirmed Downtrend,0.86,Price is below a bearish moving-average stack with falling trend signals.,,,,,watchlist,weekly_watchlist,watchlist,0.0,35.8,16.11,0.0,0.0,35.8,16.11,3.07,-4.24,117977765.61,"Stage 4, Stage 4 - Confirmed Downtrend, weekly_vcp_ok, volume_dryup, weekly_volume_dryup, weekly_strong, downtrend",656,668,Stage 4,watchlist,weekly_watchlist,16.11,12,0.0,False,False,False,False,False
ASHAPURMIN.NS,Ashapura Minechem Limited,Basic Materials,Basic Materials,False,Cash,1,Stage 4,Stage 4,Stage 4 - Confirmed Downtrend,0.86,Price is below a bearish moving-average stack with falling trend signals.,,,2026-08-07,,watchlist,weekly_watchlist,watchlist,0.0,35.8,16.11,0.0,0.0,35.8,16.11,-23.73,-16.0,147949352.22,"Stage 4, Stage 4 - Confirmed Downtrend, weekly_vcp_ok, volume_dryup, weekly_volume_dryup, weekly_strong, downtrend",657,669,Stage 4,watchlist,weekly_watchlist,16.11,12,0.0,False,False,False,False,False
ARVINDFASN.NS,Arvind Fashions Limited,Apparel Manufacturing,Consumer Cyclical,False,Cash,1,Stage 4,Stage 4,Stage 4 - Confirmed Downtrend,0.86,Price is below a bearish moving-average stack with falling trend signals.,,,,,watchlist,weekly_watchlist,watchlist,0.0,35.8,16.11,0.0,0.0,35.8,16.11,-8.98,-11.2,96020873.29,"Stage 4, Stage 4 - Confirmed Downtrend, weekly_vcp_ok, weekly_volume_dryup, weekly_strong, downtrend",658,670,Stage 4,watchlist,weekly_watchlist,16.11,12,0.0,False,False,False,False,False
GREENLAM.NS,Greenlam Industries Limited,"Furnishings, Fixtures & Appliances",Consumer Cyclical,False,Cash,1,Stage 4,Stage 4,Stage 4 - Weak/Declining,0.72,Price is below long-term support with weak trend evidence.,,,2026-08-27,,watchlist,weekly_watchlist,watchlist,0.0,35.8,16.11,0.0,0.0,35.8,16.11,-9.48,1.39,11235316.35,"Stage 4, Stage 4 - Weak/Declining, weekly_vcp_ok, volume_dryup, weekly_volume_dryup, weekly_strong, downtrend",659,671,Stage 4,watchlist,weekly_watchlist,16.11,12,0.0,False,False,False,False,False
ICRA.NS,ICRA Limited,Financial Services,Financial Services,False,Cash,1,Stage 4,Stage 4,Stage 4 - Confirmed Downtrend,0.86,Price is below a bearish moving-average stack with falling trend signals.,,,,,watchlist,weekly_watchlist,watchlist,0.0,35.8,16.11,0.0,0.0,35.8,16.11,-8.77,-10.86,119898149.47,"Stage 4, Stage 4 - Confirmed Downtrend, weekly_vcp_ok, volume_dryup, weekly_volume_dryup, weekly_strong, downtrend",660,672,Stage 4,watchlist,weekly_watchlist,16.11,12,0.0,False,False,False,False,False
MAPMYINDIA.NS,C.E. Info Systems Limited,Software - Infrastructure,Technology,False,Cash,1,Stage 4,Stage 4,Stage 4 - Weak/Declining,0.72,Price is below long-term support with weak trend evidence.,,,,,watchlist,weekly_watchlist,watchlist,0.0,35.8,16.11,0.0,0.0,35.8,16.11,-17.43,1.19,169293494.37,"Stage 4, Stage 4 - Weak/Declining, weekly_vcp_ok, volume_dryup, weekly_volume_dryup, weekly_strong, downtrend",661,673,Stage 4,watchlist,weekly_watchlist,16.11,12,0.0,False,False,False,False,False
SWSOLAR.NS,Sterling and Wilson Renewable Energy Limited,Solar,Technology,False,Cash,1,Stage 4,Stage 4,Stage 4 - Confirmed Downtrend,0.86,Price is below a bearish moving-average stack with falling trend signals.,,,,,watchlist,weekly_watchlist,watchlist,0.0,35.8,16.11,0.0,0.0,35.8,16.11,-25.71,-9.89,200296049.4,"Stage 4, Stage 4 - Confirmed Downtrend, weekly_vcp_ok, weekly_strong, downtrend",662,674,Stage 4,watchlist,weekly_watchlist,16.11,12,0.0,False,False,False,False,False
WEBELSOLAR.NS,Websol Energy System Limited,Solar,Technology,False,Cash,1,Stage 4,Stage 4,Stage 4 - Weak/Declining,0.72,Price is below long-term support with weak trend evidence.,,,,,watchlist,weekly_watchlist,watchlist,0.0,35.8,16.11,0.0,0.0,35.8,16.11,-24.08,-16.78,113249264.1,"Stage 4, Stage 4 - Weak/Declining, weekly_vcp_ok, volume_dryup, weekly_volume_dryup, weekly_strong, downtrend",663,675,Stage 4,watchlist,weekly_watchlist,16.11,12,0.0,False,False,False,False,False
LUXIND.NS,Lux Industries Limited,Apparel Manufacturing,Consumer Cyclical,False,Cash,1,Stage 4,Stage 4,Stage 4 - Weak/Declining,0.72,Price is below long-term support with weak trend evidence.,,,2026-06-09,,watchlist,weekly_watchlist,watchlist,0.0,35.8,16.11,0.0,0.0,35.8,16.11,-6.24,-14.95,62935027.06,"Stage 4, Stage 4 - Weak/Declining, weekly_vcp_ok, volume_dryup, weekly_volume_dryup, weekly_strong, downtrend",664,676,Stage 4,watchlist,weekly_watchlist,16.11,12,0.0,False,False,False,False,False
HGINFRA.NS,H.G. Infra Engineering Limited,Engineering & Construction,Industrials,False,Cash,1,Stage 4,Stage 4,Stage 4 - Confirmed Downtrend,0.86,Price is below a bearish moving-average stack with falling trend signals.,,,,,watchlist,weekly_watchlist,watchlist,0.0,35.8,16.11,0.0,0.0,35.8,16.11,-19.31,-27.61,361928360.3,"Stage 4, Stage 4 - Confirmed Downtrend, weekly_vcp_ok, volume_dryup, weekly_volume_dryup, weekly_strong, downtrend",665,677,Stage 4,watchlist,weekly_watchlist,16.11,12,0.0,False,False,False,False,False
ROUTE.NS,ROUTE MOBILE LIMITED,Telecom Services,Communication Services,False,Cash,1,Stage 4,Stage 4,Stage 4 - Confirmed Downtrend,0.86,Price is below a bearish moving-average stack with falling trend signals.,,,,,watchlist,weekly_watchlist,watchlist,0.0,35.8,16.11,0.0,0.0,35.8,16.11,-18.17,-9.91,108563265.92,"Stage 4, Stage 4 - Confirmed Downtrend, weekly_vcp_ok, volume_dryup, weekly_volume_dryup, weekly_strong, downtrend",666,678,Stage 4,watchlist,weekly_watchlist,16.11,12,0.0,False,False,False,False,False
KITEX.NS,Kitex Garments Limited,Apparel Manufacturing,Consumer Cyclical,False,Cash,1,Stage 4,Stage 4,Stage 4 - Confirmed Downtrend,0.86,Price is below a bearish moving-average stack with falling trend signals.,,,,,watchlist,weekly_watchlist,watchlist,0.0,35.8,16.11,0.0,0.0,35.8,16.11,-15.14,-24.45,40536858.22,"Stage 4, Stage 4 - Confirmed Downtrend, weekly_vcp_ok, volume_dryup, weekly_volume_dryup, weekly_strong, downtrend",667,679,Stage 4,watchlist,weekly_watchlist,16.11,12,0.0,False,False,False,False,False
BALMLAWRIE.NS,Balmer Lawrie & Company Limited,Conglomerates,Industrials,False,Cash,1,Stage 4,Stage 4,Stage 4 - Weak/Declining,0.72,Price is below long-term support with weak trend evidence.,,,2026-09-07,,watchlist,weekly_watchlist,watchlist,0.0,35.8,16.11,0.0,0.0,35.8,16.11,-1.24,-0.43,19325881.97,"Stage 4, Stage 4 - Weak/Declining, weekly_vcp_ok, weekly_strong, downtrend",668,595,Stage 4,watchlist,weekly_watchlist,18.11,-73,-2.0,False,False,False,False,False
GATEWAY.NS,Gateway Distriparks Limited,Industrials,Industrials,False,Cash,1,Stage 4,Stage 4,Stage 4 - Confirmed Downtrend,0.86,Price is below a bearish moving-average stack with falling trend signals.,,,2026-07-15,,watchlist,weekly_watchlist,watchlist,0.0,35.8,16.11,0.0,0.0,35.8,16.11,-5.77,-4.43,30073853.08,"Stage 4, Stage 4 - Confirmed Downtrend, weekly_vcp_ok, volume_dryup, weekly_volume_dryup, weekly_strong, downtrend",669,680,Stage 4,watchlist,weekly_watchlist,16.11,11,0.0,False,False,False,False,False
POKARNA.NS,Pokarna Limited,Building Products & Equipment,Industrials,False,Cash,1,Stage 4,Stage 4,Stage 4 - Weak/Declining,0.72,Price is below long-term support with weak trend evidence.,,,2026-08-18,,watchlist,weekly_watchlist,watchlist,0.0,35.8,16.11,0.0,0.0,35.8,16.11,-24.75,-17.36,107523030.92,"Stage 4, Stage 4 - Weak/Declining, weekly_vcp_ok, volume_dryup, weekly_volume_dryup, weekly_strong, downtrend",670,681,Stage 4,watchlist,weekly_watchlist,16.11,11,0.0,False,False,False,False,False
MAITHANALL.NS,Maithan Alloys Limited,Steel,Basic Materials,False,Cash,1,Stage 2 Failed,Stage 1,Failed Stage 2,0.72,"This stock was recently Stage 2, but the latest structure no longer satisfies Stage 2 rules. It is kept as Stage 2 Failed until a fresh base/repair structure forms.",Recent Stage 2 break; public stage held as Stage 2 Failed.,2026-10-08,2026-09-23,,watchlist,weekly_watchlist,watchlist,16.1,4.4,10.84,5.0,16.1,4.4,15.84,-5.56,-0.64,60814625.68,"Stage 1, Stage 1 - Unclear/Repair, volume_dryup, weekly_volume_dryup, stage1_not_actionable, stage1_needs_more_base | Stage 2 failed state applied from stage memory.",671,686,Stage 2 Failed,watchlist,weekly_watchlist,15.58,15,0.2599999999999998,False,False,False,False,False
RATNAMANI.NS,Ratnamani Metals & Tubes Limited,Steel,Basic Materials,False,Cash,1,Stage 2 Failed,Stage 3,Failed Stage 2,0.72,"This stock was recently Stage 2, but the latest structure no longer satisfies Stage 2 rules. It is kept as Stage 2 Failed until a fresh base/repair structure forms.",Recent Stage 2 break; public stage held as Stage 2 Failed.,2026-10-08,2026-10-06,,watchlist,weekly_watchlist,watchlist,16.08,4.4,10.82,5.0,16.08,4.4,15.82,5.19,14.84,99716841.98,"Stage 3, Stage 3 - Transition, volume_dryup, weekly_volume_dryup, distribution_risk | Stage 2 failed state applied from stage memory.",672,691,Stage 2 Failed,watchlist,weekly_watchlist,14.89,19,0.9299999999999997,False,False,False,False,False
CEMPRO.NS,Cemindia Projects Limited,Engineering & Construction,Industrials,False,Cash,1,Stage 2 Failed,Stage 1,Failed Stage 2,0.72,"This stock was recently Stage 2, but the latest structure no longer satisfies Stage 2 rules. It is kept as Stage 2 Failed until a fresh base/repair structure forms.",Recent Stage 2 break; public stage held as Stage 2 Failed.,2026-10-08,2026-09-23,,watchlist,weekly_watchlist,watchlist,23.44,6.23,15.7,0.0,23.44,6.23,15.7,-19.81,86.11,264355919.99,"Stage 1, Stage 1 - Base/Repair, volume_dryup, weekly_volume_dryup, stage1_not_actionable, stage1_needs_more_base | Stage 2 failed state applied from stage memory.",673,706,Stage 2 Failed,watchlist,weekly_watchlist,13.25,33,2.4499999999999993,False,False,False,False,False
TRITURBINE.NS,Triveni Turbine Limited,Specialty Industrial Machinery,Industrials,False,Cash,1,Stage 4,Stage 4,Stage 4 - Weak/Declining,0.72,Price is below long-term support with weak trend evidence.,,,2026-08-06,,watchlist,weekly_watchlist,watchlist,9.93,0.0,5.46,10.0,9.93,0.0,15.46,-7.81,17.08,263736636.21,"Stage 4, Stage 4 - Weak/Declining, volume_dryup, weekly_volume_dryup, downtrend",674,684,Stage 4,watchlist,weekly_watchlist,15.71,10,-0.25,False,False,False,False,False
METROPOLIS.NS,Metropolis Healthcare Limited,Diagnostics & Research,Healthcare,False,Cash,1,Stage 2 Failed,Stage 1,Failed Stage 2,0.72,"This stock was recently Stage 2, but the latest structure no longer satisfies Stage 2 rules. It is kept as Stage 2 Failed until a fresh base/repair structure forms.",Recent Stage 2 break; public stage held as Stage 2 Failed.,2026-10-08,2026-10-07,,watchlist,weekly_watchlist,watchlist,0.0,12.11,5.45,10.0,0.0,12.11,15.45,2.2,18.93,113266782.38,"Stage 1, Stage 1 - Base/Repair, weekly_volume_dryup, stage1_not_actionable, stage1_needs_more_base | Stage 2 failed state applied from stage memory.",675,300,Stage 2,watchlist,weekly_watchlist,30.66,-375,-15.21,False,False,False,False,False
POONAWALLA.NS,Poonawalla Fincorp Limited,Credit Services,Financial Services,False,Cash,1,Stage 2 Failed,Stage 1,Failed Stage 2,0.72,"This stock was recently Stage 2, but the latest structure no longer satisfies Stage 2 rules. It is kept as Stage 2 Failed until a fresh base/repair structure forms.",Recent Stage 2 break; public stage held as Stage 2 Failed.,2026-10-08,2026-09-23,,watchlist,weekly_watchlist,watchlist,0.0,29.74,13.38,2.0,0.0,29.74,15.38,1.48,14.91,590228952.16,"Stage 1, Stage 1 - Base/Repair, weekly_vcp_ok, volume_dryup, weekly_volume_dryup, stage1_not_actionable, stage1_needs_more_base | Stage 2 failed state applied from stage memory.",676,639,Stage 2 Failed,watchlist,weekly_watchlist,16.39,-37,-1.0099999999999998,False,False,False,False,False
LUPIN.NS,Lupin Limited,Drug Manufacturers - Specialty & Generic,Healthcare,True,F&O,1,Stage 4,Stage 4,Stage 4 - Weak/Declining,0.72,Price is below long-term support with weak trend evidence.,,,2026-08-10,,watchlist,weekly_watchlist,watchlist,9.76,0.0,5.37,10.0,9.76,0.0,15.37,-13.57,-9.23,1380434920.09,"Stage 4, Stage 4 - Weak/Declining, volume_dryup, weekly_volume_dryup, downtrend",677,640,Stage 4,watchlist,weekly_watchlist,16.33,-37,-0.9599999999999991,False,False,False,False,False
UNOMINDA.NS,UNO Minda Limited,Auto Parts,Consumer Cyclical,True,F&O,1,Stage 2 Failed,Stage 4,Failed Stage 2,0.72,"This stock was recently Stage 2, but the latest structure no longer satisfies Stage 2 rules. It is kept as Stage 2 Failed until a fresh base/repair structure forms.",Recent Stage 2 break; public stage held as Stage 2 Failed.,2026-10-08,2026-09-22,,watchlist,weekly_watchlist,watchlist,0.0,22.99,10.35,5.0,0.0,22.99,15.35,3.59,5.31,628991553.83,"Stage 4, Stage 4 - Weak/Declining, weekly_vcp_ok, volume_dryup, weekly_volume_dryup, downtrend | Stage 2 failed state applied from stage memory.",678,689,Stage 2 Failed,watchlist,weekly_watchlist,15.18,11,0.16999999999999993,False,False,False,False,False
KOLTEPATIL.NS,Kolte - Patil Developers Limited,Real Estate,Real Estate,False,Cash,1,Stage 2,Stage 2,Early Stage 2,0.72,"Price has moved above long-term structure, but the full moving-average stack is not clean yet.",,,2026-10-07,,watchlist,weekly_watchlist,watchlist,8.94,22.94,15.24,0.0,8.94,22.94,15.24,18.59,30.83,21613575.35,"Stage 2, Early Stage 2, volume_dryup, weekly_volume_dryup",679,688,Stage 2,watchlist,weekly_watchlist,15.35,9,-0.10999999999999943,False,False,False,False,False
RAYMONDLSL.NS,Raymond Lifestyle Limited,Apparel Manufacturing,Consumer Cyclical,False,Cash,1,Stage 4,Stage 4,Stage 4 - Confirmed Downtrend,0.86,Price is below a bearish moving-average stack with falling trend signals.,,,,,watchlist,weekly_watchlist,watchlist,9.6,22.1,15.23,0.0,9.6,22.1,15.23,-10.37,-18.46,174207475.34,"Stage 4, Stage 4 - Confirmed Downtrend, weekly_vcp_ok, volume_dryup, weekly_volume_dryup, downtrend",680,698,Stage 4,watchlist,weekly_watchlist,14.16,18,1.0700000000000003,False,False,False,False,False
VIYASH.NS,Viyash Scientific Limited,Drug Manufacturers - Specialty & Generic,Healthcare,False,Cash,1,Stage 2 Failed,Stage 1,Failed Stage 2,0.72,"This stock was recently Stage 2, but the latest structure no longer satisfies Stage 2 rules. It is kept as Stage 2 Failed until a fresh base/repair structure forms.",Recent Stage 2 break; public stage held as Stage 2 Failed.,2026-10-08,2026-09-22,,watchlist,weekly_watchlist,watchlist,0.0,11.33,5.1,10.0,0.0,11.33,15.1,-7.27,20.62,565496073.44,"Stage 1, Stage 1 - Base/Repair, volume_dryup, weekly_volume_dryup, stage1_not_actionable, stage1_needs_more_base | Stage 2 failed state applied from stage memory.",681,692,Stage 2 Failed,watchlist,weekly_watchlist,14.82,11,0.27999999999999936,False,False,False,False,False
ADVENZYMES.NS,Advanced Enzyme Technologies Limited,Specialty Chemicals,Basic Materials,False,Cash,1,Stage 4,Stage 4,Stage 4 - Weak/Declining,0.72,Price is below long-term support with weak trend evidence.,,,2026-07-13,,watchlist,weekly_watchlist,watchlist,8.57,0.0,4.71,10.0,8.57,0.0,14.71,-9.77,-5.74,52380811.96,"Stage 4, Stage 4 - Weak/Declining, volume_dryup, weekly_volume_dryup, downtrend",682,693,Stage 4,watchlist,weekly_watchlist,14.63,11,0.08000000000000007,False,False,False,False,False
SMARTWORKS.NS,Smartworks Coworking Spaces Limited,Real Estate Services,Real Estate,False,Cash,1,Stage 2,Stage 2,Early Stage 2,0.72,"Price has moved above long-term structure, but the full moving-average stack is not clean yet.",,,2026-10-07,,watchlist,weekly_watchlist,watchlist,6.85,23.89,14.52,0.0,6.85,23.89,14.52,9.86,25.05,44849563.76,"Stage 2, Early Stage 2, weekly_volume_dryup",683,704,Stage 2,watchlist,weekly_watchlist,13.52,21,1.0,False,False,False,False,False
BALUFORGE.NS,Balu Forge Industries Limited,Metal Fabrication,Industrials,False,Cash,1,Stage 2 Failed,Not Sure,Failed Stage 2,0.72,"This stock was recently Stage 2, but the latest structure no longer satisfies Stage 2 rules. It is kept as Stage 2 Failed until a fresh base/repair structure forms.",Recent Stage 2 break; public stage held as Stage 2 Failed.,2026-10-08,2026-10-06,,watchlist,weekly_watchlist,watchlist,4.09,4.99,4.5,10.0,4.09,4.99,14.5,17.62,8.25,277268851.97,"Not Sure, Not Sure, volume_dryup, weekly_volume_dryup | Stage 2 failed state applied from stage memory.",684,697,Stage 2 Failed,watchlist,weekly_watchlist,14.25,13,0.25,False,False,False,False,False
ITC.NS,ITC Limited,Consumer Defensive,Consumer Defensive,True,F&O,1,Stage 4,Stage 4,Stage 4 - Confirmed Downtrend,0.86,Price is below a bearish moving-average stack with falling trend signals.,,,,,watchlist,weekly_watchlist,watchlist,0.0,32.13,14.46,0.0,0.0,32.13,14.46,0.7,-6.31,4433646239.81,"Stage 4, Stage 4 - Confirmed Downtrend, weekly_vcp_ok, weekly_strong, downtrend",685,696,Stage 4,watchlist,weekly_watchlist,14.46,11,0.0,False,False,False,False,False
JUSTDIAL.NS,Just Dial Limited,Communication Services,Communication Services,False,Cash,1,Stage 2 Failed,Stage 3,Failed Stage 2,0.72,"This stock was recently Stage 2, but the latest structure no longer satisfies Stage 2 rules. It is kept as Stage 2 Failed until a fresh base/repair structure forms.",Recent Stage 2 break; public stage held as Stage 2 Failed.,2026-10-08,2026-09-23,,watchlist,weekly_watchlist,watchlist,14.85,2.35,9.23,5.0,14.85,2.35,14.23,-11.9,23.38,60256459.53,"Stage 3, Stage 3 - Distribution/Damage, volume_dryup, weekly_volume_dryup, distribution_risk | Stage 2 failed state applied from stage memory.",686,614,Stage 2 Failed,watchlist,weekly_watchlist,17.03,-72,-2.8000000000000007,False,False,False,False,False
GMDCLTD.NS,Gujarat Mineral Development Corporation Limited,Energy,Energy,False,Cash,1,Stage 4,Stage 4,Stage 4 - Weak/Declining,0.72,Price is below long-term support with weak trend evidence.,,,2026-06-24,,watchlist,weekly_watchlist,watchlist,13.51,4.0,9.23,5.0,13.51,4.0,14.23,-11.42,-29.53,365626860.34,"Stage 4, Stage 4 - Weak/Declining, volume_dryup, weekly_volume_dryup, downtrend",687,690,Stage 4,watchlist,weekly_watchlist,15.03,3,-0.7999999999999989,False,False,False,False,False
NORTHARC.NS,Northern Arc Capital Limited,Credit Services,Financial Services,False,Cash,1,Stage 2 Failed,Stage 1,Failed Stage 2,0.72,"This stock was recently Stage 2, but the latest structure no longer satisfies Stage 2 rules. It is kept as Stage 2 Failed until a fresh base/repair structure forms.",Recent Stage 2 break; public stage held as Stage 2 Failed.,2026-10-08,2026-10-07,,watchlist,weekly_watchlist,watchlist,12.14,11.95,12.05,2.0,12.14,11.95,14.05,-3.82,23.34,253811281.35,"Stage 1, Stage 1 - Base/Repair, volume_dryup, weekly_volume_dryup, stage1_not_actionable, stage1_needs_more_base | Stage 2 failed state applied from stage memory.",688,270,Stage 2,watchlist,weekly_watchlist,34.08,-418,-20.029999999999998,False,False,False,False,False
BANSALWIRE.NS,Bansal Wire Industries Limited,Steel,Basic Materials,False,Cash,1,Stage 2 Failed,Stage 1,Failed Stage 2,0.72,"This stock was recently Stage 2, but the latest structure no longer satisfies Stage 2 rules. It is kept as Stage 2 Failed until a fresh base/repair structure forms.",Recent Stage 2 break; public stage held as Stage 2 Failed.,2026-10-08,2026-10-07,,watchlist,weekly_watchlist,watchlist,13.74,2.66,8.75,5.0,13.74,2.66,13.75,3.24,9.4,32713160.62,"Stage 1, Stage 1 - Base/Repair, stage1_base_ready, stage1_not_actionable | Stage 2 failed state applied from stage memory.",689,290,Stage 2,watchlist,weekly_watchlist,31.75,-399,-18.0,False,False,False,False,False
ABB.NS,ABB India Limited,Specialty Industrial Machinery,Industrials,True,F&O,1,Stage 2 Failed,Stage 3,Failed Stage 2,0.72,"This stock was recently Stage 2, but the latest structure no longer satisfies Stage 2 rules. It is kept as Stage 2 Failed until a fresh base/repair structure forms.",Recent Stage 2 break; public stage held as Stage 2 Failed.,2026-10-08,2026-10-07,,watchlist,weekly_watchlist,watchlist,1.45,6.28,3.62,10.0,1.45,6.28,13.62,7.55,7.27,1176323569.15,"Stage 3, Stage 3 - Distribution/Damage, volume_dryup, weekly_volume_dryup, distribution_risk | Stage 2 failed state applied from stage memory.",690,281,Stage 2,watchlist,weekly_watchlist,33.02,-409,-19.400000000000006,False,False,False,False,False
NMDC.NS,NMDC Limited,Steel,Basic Materials,True,F&O,1,Stage 4,Stage 4,Stage 4 - Weak/Declining,0.72,Price is below long-term support with weak trend evidence.,,,2026-09-02,,watchlist,weekly_watchlist,watchlist,13.04,3.2,8.61,5.0,13.04,3.2,13.61,-7.54,-10.44,908406156.2,"Stage 4, Stage 4 - Weak/Declining, weekly_volume_dryup, downtrend",691,714,Stage 4,watchlist,weekly_watchlist,12.15,23,1.459999999999999,False,False,False,False,False
DREDGECORP.NS,Dredging Corporation of India Limited,Engineering & Construction,Industrials,False,Cash,1,Not Sure,Not Sure,Not Sure,0.0,Stage rules did not identify a reliable structure.,No confident stage classification.,,2026-09-14,,watchlist,weekly_watchlist,watchlist,17.7,8.4,13.52,0.0,17.7,8.4,13.52,-3.52,0.47,81083510.64,"Not Sure, Not Sure, volume_dryup",692,777,Stage 1,watchlist,weekly_watchlist,7.77,85,5.75,False,False,False,False,False
THYROCARE.NS,Thyrocare Technologies Limited,Diagnostics & Research,Healthcare,False,Cash,1,Stage 2 Failed,Stage 3,Failed Stage 2,0.72,"This stock was recently Stage 2, but the latest structure no longer satisfies Stage 2 rules. It is kept as Stage 2 Failed until a fresh base/repair structure forms.",Recent Stage 2 break; public stage held as Stage 2 Failed.,2026-10-08,2026-10-07,,watchlist,weekly_watchlist,watchlist,5.32,1.29,3.51,10.0,5.32,1.29,13.51,0.86,36.06,133871889.4,"Stage 3, Stage 3 - Transition, volume_dryup, weekly_volume_dryup, distribution_risk | Stage 2 failed state applied from stage memory.",693,312,Stage 2,watchlist,weekly_watchlist,29.54,-381,-16.03,False,False,False,False,False
BAJAJHFL.NS,Bajaj Housing Finance Limited,Mortgage Finance,Financial Services,False,Cash,1,Stage 4,Stage 4,Stage 4 - Confirmed Downtrend,0.86,Price is below a bearish moving-average stack with falling trend signals.,,,,,watchlist,weekly_watchlist,watchlist,5.96,22.27,13.3,0.0,5.96,22.27,13.3,2.23,-0.56,255553805.75,"Stage 4, Stage 4 - Confirmed Downtrend, weekly_vcp_ok, downtrend",694,699,Stage 4,watchlist,weekly_watchlist,14.15,5,-0.8499999999999996,False,False,False,False,False
ASHOKA.NS,Ashoka Buildcon Limited,Engineering & Construction,Industrials,False,Cash,1,Stage 4,Stage 4,Stage 4 - Confirmed Downtrend,0.86,Price is below a bearish moving-average stack with falling trend signals.,,,,,watchlist,weekly_watchlist,watchlist,12.2,14.27,13.13,0.0,12.2,14.27,13.13,-15.12,-17.85,60108025.66,"Stage 4, Stage 4 - Confirmed Downtrend, volume_dryup, weekly_volume_dryup, downtrend",695,708,Stage 4,watchlist,weekly_watchlist,13.13,13,0.0,False,False,False,False,False
ELGIEQUIP.NS,Elgi Equipments Limited,Specialty Industrial Machinery,Industrials,False,Cash,1,Stage 2 Failed,Stage 1,Failed Stage 2,0.72,"This stock was recently Stage 2, but the latest structure no longer satisfies Stage 2 rules. It is kept as Stage 2 Failed until a fresh base/repair structure forms.",Recent Stage 2 break; public stage held as Stage 2 Failed.,2026-10-08,2026-10-07,,watchlist,weekly_watchlist,watchlist,0.0,6.78,3.05,10.0,0.0,6.78,13.05,9.04,14.75,169954520.95,"Stage 1, Stage 1 - Base/Repair, volume_dryup, weekly_volume_dryup, stage1_not_actionable, stage1_needs_more_base | Stage 2 failed state applied from stage memory.",696,266,Stage 2,watchlist,weekly_watchlist,34.32,-430,-21.27,False,False,False,False,False
APOLLO.NS,Apollo Micro Systems Limited,Aerospace & Defense,Industrials,False,Cash,1,Stage 2 Failed,Stage 1,Failed Stage 2,0.72,"This stock was recently Stage 2, but the latest structure no longer satisfies Stage 2 rules. It is kept as Stage 2 Failed until a fresh base/repair structure forms.",Recent Stage 2 break; public stage held as Stage 2 Failed.,2026-10-08,2026-09-22,,watchlist,weekly_watchlist,watchlist,0.0,17.62,7.93,5.0,0.0,17.62,12.93,5.57,70.63,2633903963.35,"Stage 1, Stage 1 - Unclear/Repair, weekly_volume_dryup, stage1_not_actionable, stage1_needs_more_base | Stage 2 failed state applied from stage memory.",697,702,Stage 2 Failed,watchlist,weekly_watchlist,13.81,5,-0.8800000000000008,False,False,False,False,False
GPIL.NS,Godawari Power And Ispat limited,Steel,Basic Materials,False,Cash,1,Stage 4,Stage 4,Stage 4 - Weak/Declining,0.72,Price is below long-term support with weak trend evidence.,,,2026-06-23,,watchlist,weekly_watchlist,watchlist,11.11,4.0,7.91,5.0,11.11,4.0,12.91,-9.86,-23.89,293073839.02,"Stage 4, Stage 4 - Weak/Declining, volume_dryup, weekly_volume_dryup, downtrend",698,709,Stage 4,watchlist,weekly_watchlist,13.04,11,-0.129999999999999,False,False,False,False,False
ISGEC.NS,Isgec Heavy Engineering Limited,Specialty Industrial Machinery,Industrials,False,Cash,1,Stage 1,Stage 1,Stage 1 - Base/Repair,0.7,Price is near long-term moving averages with no strong long-term downtrend signal.,,,2026-05-28,,watchlist,weekly_watchlist,watchlist,0.0,6.35,2.86,10.0,0.0,6.35,12.86,11.37,-3.86,94710595.52,"Stage 1, Stage 1 - Base/Repair, stage1_not_actionable, stage1_needs_more_base",699,712,Stage 1,watchlist,weekly_watchlist,12.52,13,0.33999999999999986,False,False,False,False,False
IFCI.NS,IFCI Limited,Credit Services,Financial Services,False,Cash,1,Stage 2 Failed,Stage 1,Failed Stage 2,0.72,"This stock was recently Stage 2, but the latest structure no longer satisfies Stage 2 rules. It is kept as Stage 2 Failed until a fresh base/repair structure forms.",Recent Stage 2 break; public stage held as Stage 2 Failed.,2026-10-08,2026-09-23,,watchlist,weekly_watchlist,watchlist,15.71,4.6,10.71,2.0,15.71,4.6,12.71,-2.7,16.74,4727911202.57,"Stage 1, Stage 1 - Base/Repair, volume_dryup, weekly_volume_dryup, stage1_not_actionable, stage1_needs_more_base | Stage 2 failed state applied from stage memory.",700,761,Stage 2 Failed,watchlist,weekly_watchlist,9.11,61,3.6000000000000014,False,False,False,False,False
SIEMENS.NS,Siemens Limited,Specialty Industrial Machinery,Industrials,True,F&O,1,Stage 2 Failed,Stage 1,Failed Stage 2,0.72,"This stock was recently Stage 2, but the latest structure no longer satisfies Stage 2 rules. It is kept as Stage 2 Failed until a fresh base/repair structure forms.",Recent Stage 2 break; public stage held as Stage 2 Failed.,2026-10-08,2026-10-07,,watchlist,weekly_watchlist,watchlist,0.0,5.43,2.44,10.0,0.0,5.43,12.44,12.34,9.97,838572600.88,"Stage 1, Stage 1 - Base/Repair, volume_dryup, weekly_volume_dryup, stage1_not_actionable, stage1_needs_more_base | Stage 2 failed state applied from stage memory.",701,125,Stage 2,watchlist,weekly_forming,47.77,-576,-35.330000000000005,False,False,False,False,False
THANGAMAYL.NS,Thangamayil Jewellery Limited,Luxury Goods,Consumer Cyclical,False,Cash,1,Stage 1,Stage 1,Stage 1 - Base/Repair,0.7,Price is near long-term moving averages with no strong long-term downtrend signal.,,,2026-08-28,,watchlist,weekly_watchlist,watchlist,12.33,1.43,7.43,5.0,12.33,1.43,12.43,-14.45,20.79,416498966.23,"Stage 1, Stage 1 - Base/Repair, volume_dryup, weekly_volume_dryup, stage1_not_actionable, stage1_needs_more_base",702,723,Stage 1,watchlist,weekly_watchlist,11.8,21,0.629999999999999,False,False,False,False,False
PURVA.NS,Puravankara Limited,Real Estate,Real Estate,False,Cash,1,Stage 4,Stage 4,Stage 4 - Weak/Declining,0.72,Price is below long-term support with weak trend evidence.,,,,,watchlist,weekly_watchlist,watchlist,4.2,22.1,12.26,0.0,4.2,22.1,12.26,-10.36,1.06,47313324.8,"Stage 4, Stage 4 - Weak/Declining, weekly_vcp_ok, volume_dryup, weekly_volume_dryup, downtrend",703,707,Stage 4,watchlist,weekly_watchlist,13.14,4,-0.8800000000000008,False,False,False,False,False
GENUSPOWER.NS,Genus Power Infrastructures Limited,Electrical Equipment & Parts,Industrials,False,Cash,1,Stage 2 Failed,Stage 1,Failed Stage 2,0.72,"This stock was recently Stage 2, but the latest structure no longer satisfies Stage 2 rules. It is kept as Stage 2 Failed until a fresh base/repair structure forms.",Recent Stage 2 break; public stage held as Stage 2 Failed.,2026-10-08,2026-09-25,,watchlist,weekly_watchlist,watchlist,0.0,4.91,2.21,10.0,0.0,4.91,12.21,0.51,4.59,456715388.14,"Stage 1, Stage 1 - Unclear/Repair, volume_dryup, weekly_volume_dryup, stage1_not_actionable, stage1_needs_more_base | Stage 2 failed state applied from stage memory.",704,713,Stage 2 Failed,watchlist,weekly_watchlist,12.18,9,0.030000000000001137,False,False,False,False,False
AXISBANK.NS,Axis Bank Limited,Banks - Regional,Financial Services,True,F&O,1,Stage 4,Stage 4,Stage 4 - Weak/Declining,0.72,Price is below long-term support with weak trend evidence.,,,2026-07-17,,watchlist,weekly_watchlist,watchlist,0.0,22.33,10.05,2.0,0.0,22.33,12.05,2.65,-0.32,6750930750.11,"Stage 4, Stage 4 - Weak/Declining, weekly_vcp_ok, downtrend",705,719,Stage 4,watchlist,weekly_watchlist,11.95,14,0.10000000000000142,False,False,False,False,False
DATAMATICS.NS,Datamatics Global Services Limited,Information Technology Services,Technology,False,Cash,1,Stage 2 Failed,Stage 4,Failed Stage 2,0.72,"This stock was recently Stage 2, but the latest structure no longer satisfies Stage 2 rules. It is kept as Stage 2 Failed until a fresh base/repair structure forms.",Recent Stage 2 break; public stage held as Stage 2 Failed.,2026-10-08,2026-09-30,,watchlist,weekly_watchlist,watchlist,0.0,22.31,10.04,2.0,0.0,22.31,12.04,-8.21,10.32,117662330.62,"Stage 4, Stage 4 - Weak/Declining, weekly_vcp_ok, weekly_volume_dryup, downtrend | Stage 2 failed state applied from stage memory.",706,716,Stage 2 Failed,watchlist,weekly_watchlist,12.11,10,-0.07000000000000028,False,False,False,False,False
GOLDIAM.NS,Goldiam International Limited,Luxury Goods,Consumer Cyclical,False,Cash,1,Stage 2 Failed,Stage 1,Failed Stage 2,0.72,"This stock was recently Stage 2, but the latest structure no longer satisfies Stage 2 rules. It is kept as Stage 2 Failed until a fresh base/repair structure forms.",Recent Stage 2 break; public stage held as Stage 2 Failed.,2026-10-08,2026-09-29,,watchlist,weekly_watchlist,watchlist,12.67,0.0,6.97,5.0,12.67,0.0,11.97,-10.21,13.66,128985902.69,"Stage 1, Stage 1 - Base/Repair, volume_dryup, weekly_volume_dryup, stage1_not_actionable, stage1_needs_more_base | Stage 2 failed state applied from stage memory.",707,705,Stage 2 Failed,watchlist,weekly_watchlist,13.27,-2,-1.299999999999999,False,False,False,False,False
HDBFS.NS,HDB Financial Services Limited,Credit Services,Financial Services,False,Cash,1,Stage 4,Stage 4,Stage 4 - Confirmed Downtrend,0.86,Price is below a bearish moving-average stack with falling trend signals.,,,,,watchlist,weekly_watchlist,watchlist,0.0,22.1,9.95,2.0,0.0,22.1,11.95,-13.01,-6.92,245754716.83,"Stage 4, Stage 4 - Confirmed Downtrend, weekly_vcp_ok, volume_dryup, weekly_volume_dryup, downtrend",708,720,Stage 4,watchlist,weekly_watchlist,11.95,12,0.0,False,False,False,False,False
IRCTC.NS,Indian Railway Catering And Tourism Corporation Limited,Consumer Cyclical,Consumer Cyclical,False,Cash,1,Stage 4,Stage 4,Stage 4 - Confirmed Downtrend,0.86,Price is below a bearish moving-average stack with falling trend signals.,,,,,watchlist,weekly_watchlist,watchlist,0.0,22.1,9.95,2.0,0.0,22.1,11.95,-1.22,-11.33,335726034.04,"Stage 4, Stage 4 - Confirmed Downtrend, weekly_vcp_ok, downtrend",709,721,Stage 4,watchlist,weekly_watchlist,11.95,12,0.0,False,False,False,False,False
REDTAPE.NS,Redtape Limited,Consumer Cyclical,Consumer Cyclical,False,Cash,1,Stage 4,Stage 4,Stage 4 - Weak/Declining,0.72,Price is below long-term support with weak trend evidence.,,,2026-08-07,,watchlist,weekly_watchlist,watchlist,0.0,22.1,9.95,2.0,0.0,22.1,11.95,-5.84,1.38,260745664.79,"Stage 4, Stage 4 - Weak/Declining, weekly_vcp_ok, volume_dryup, weekly_volume_dryup, downtrend",710,722,Stage 4,watchlist,weekly_watchlist,11.95,12,0.0,False,False,False,False,False
GULFOILLUB.NS,Gulf Oil Lubricants India Limited,Specialty Chemicals,Basic Materials,False,Cash,1,Stage 2 Failed,Stage 3,Failed Stage 2,0.72,"This stock was recently Stage 2, but the latest structure no longer satisfies Stage 2 rules. It is kept as Stage 2 Failed until a fresh base/repair structure forms.",Recent Stage 2 break; public stage held as Stage 2 Failed.,2026-10-08,2026-09-28,,watchlist,weekly_watchlist,watchlist,0.0,4.15,1.87,10.0,0.0,4.15,11.87,16.48,24.99,43380006.11,"Stage 3, Stage 3 - Transition, volume_dryup, weekly_volume_dryup, distribution_risk | Stage 2 failed state applied from stage memory.",711,450,Stage 2 Failed,watchlist,weekly_watchlist,22.89,-261,-11.020000000000001,False,False,False,False,False
COFORGE.NS,Coforge Limited,Information Technology Services,Technology,True,F&O,1,Stage 2 Failed,Not Sure,Failed Stage 2,0.72,"This stock was recently Stage 2, but the latest structure no longer satisfies Stage 2 rules. It is kept as Stage 2 Failed until a fresh base/repair structure forms.",Recent Stage 2 break; public stage held as Stage 2 Failed.,2026-10-08,2026-10-05,,watchlist,weekly_watchlist,watchlist,9.95,9.65,9.82,2.0,9.95,9.65,11.82,26.67,45.84,3535982448.47,"Not Sure, Not Sure, weekly_volume_dryup | Stage 2 failed state applied from stage memory.",712,717,Stage 2 Failed,watchlist,weekly_watchlist,11.98,5,-0.16000000000000014,False,False,False,False,False
FDC.NS,FDC Limited,Drug Manufacturers - Specialty & Generic,Healthcare,False,Cash,1,Stage 4,Stage 4,Stage 4 - Confirmed Downtrend,0.86,Price is below a bearish moving-average stack with falling trend signals.,,,2026-07-31,,watchlist,weekly_watchlist,watchlist,0.0,4.0,1.8,10.0,0.0,4.0,11.8,-14.99,-1.85,44790853.38,"Stage 4, Stage 4 - Confirmed Downtrend, volume_dryup, weekly_volume_dryup, downtrend",713,724,Stage 4,watchlist,weekly_watchlist,11.8,11,0.0,False,False,False,False,False
TATASTEEL.NS,Tata Steel Limited,Steel,Basic Materials,True,F&O,1,Not Sure,Stage 4,Pending Stage 4,0.55,Blocked public stage jump Stage 1 -> Stage 4; waiting for intermediate/confirmed structure.,Blocked public stage jump Stage 1 -> Stage 4; waiting for intermediate/confirmed structure.,,2026-06-23,Stage 4,watchlist,weekly_watchlist,watchlist,7.01,6.2,6.65,5.0,7.01,6.2,11.65,-0.5,-9.34,4204392527.27,"Stage 4, Stage 4 - Weak/Declining, weekly_volume_dryup, downtrend | Blocked public stage jump Stage 1 -> Stage 4; waiting for intermediate/confirmed structure.",714,682,Stage 1,watchlist,weekly_watchlist,15.89,-32,-4.24,False,False,False,False,False
GANECOS.NS,Ganesha Ecosphere Limited,Textile Manufacturing,Consumer Cyclical,False,Cash,1,Stage 2 Failed,Stage 3,Failed Stage 2,0.72,"This stock was recently Stage 2, but the latest structure no longer satisfies Stage 2 rules. It is kept as Stage 2 Failed until a fresh base/repair structure forms.",Recent Stage 2 break; public stage held as Stage 2 Failed.,2026-10-08,2026-09-24,,watchlist,weekly_watchlist,watchlist,0.0,3.6,1.62,10.0,0.0,3.6,11.62,-4.84,-0.7,80099570.12,"Stage 3, Stage 3 - Distribution/Damage, volume_dryup, weekly_volume_dryup, distribution_risk | Stage 2 failed state applied from stage memory.",715,725,Stage 2 Failed,watchlist,weekly_watchlist,11.62,10,0.0,False,False,False,False,False
AARTIIND.NS,Aarti Industries Limited,Specialty Chemicals,Basic Materials,False,Cash,1,Stage 2 Failed,Stage 3,Failed Stage 2,0.72,"This stock was recently Stage 2, but the latest structure no longer satisfies Stage 2 rules. It is kept as Stage 2 Failed until a fresh base/repair structure forms.",Recent Stage 2 break; public stage held as Stage 2 Failed.,2026-10-08,2026-09-25,,watchlist,weekly_watchlist,watchlist,0.92,2.41,1.59,10.0,0.92,2.41,11.59,7.32,16.74,228982207.27,"Stage 3, Stage 3 - Transition, volume_dryup, weekly_volume_dryup, distribution_risk | Stage 2 failed state applied from stage memory.",716,718,Stage 2 Failed,watchlist,weekly_watchlist,11.98,2,-0.39000000000000057,False,False,False,False,False
ZYDUSWELL.NS,Zydus Wellness Limited,Packaged Foods,Consumer Defensive,False,Cash,1,Stage 3,Stage 3,Stage 3 - Distribution/Damage,0.76,"Prior strength exists, but short-term and/or weekly structure is deteriorating.",,,2026-09-04,,watchlist,weekly_watchlist,watchlist,17.17,0.07,9.48,2.0,17.17,0.07,11.48,-5.58,6.26,90296652.11,"Stage 3, Stage 3 - Distribution/Damage, volume_dryup, weekly_volume_dryup, distribution_risk",717,731,Stage 3,watchlist,weekly_watchlist,11.41,14,0.07000000000000028,False,False,False,False,False
LINDEINDIA.NS,Linde India Limited,Specialty Chemicals,Basic Materials,False,Cash,1,Stage 4,Stage 4,Stage 4 - Weak/Declining,0.72,Price is below long-term support with weak trend evidence.,,,2026-08-10,,watchlist,weekly_watchlist,watchlist,0.0,3.2,1.44,10.0,0.0,3.2,11.44,-6.6,-9.06,118904809.05,"Stage 4, Stage 4 - Weak/Declining, weekly_volume_dryup, downtrend",718,730,Stage 4,watchlist,weekly_watchlist,11.44,12,0.0,False,False,False,False,False
SUVEN.NS,Suven Life Sciences Limited,Drug Manufacturers - Specialty & Generic,Healthcare,False,Cash,1,Stage 2 Failed,Stage 1,Failed Stage 2,0.72,"This stock was recently Stage 2, but the latest structure no longer satisfies Stage 2 rules. It is kept as Stage 2 Failed until a fresh base/repair structure forms.",Recent Stage 2 break; public stage held as Stage 2 Failed.,2026-10-08,2026-10-07,,watchlist,weekly_watchlist,watchlist,0.0,2.99,1.35,10.0,0.0,2.99,11.35,-8.87,54.81,140646358.71,"Stage 1, Stage 1 - Base/Repair, volume_dryup, weekly_volume_dryup, stage1_not_actionable, stage1_needs_more_base | Stage 2 failed state applied from stage memory.",719,342,Stage 2,watchlist,weekly_watchlist,27.5,-377,-16.15,False,False,False,False,False
JBMA.NS,JBM Auto Limited,Auto Parts,Consumer Cyclical,False,Cash,1,Stage 4,Stage 4,Stage 4 - Weak/Declining,0.72,Price is below long-term support with weak trend evidence.,,,2026-08-06,,watchlist,weekly_watchlist,watchlist,9.45,2.0,6.1,5.0,9.45,2.0,11.1,-14.76,-8.15,141018625.48,"Stage 4, Stage 4 - Weak/Declining, volume_dryup, weekly_volume_dryup, downtrend",720,733,Stage 4,watchlist,weekly_watchlist,11.1,13,0.0,False,False,False,False,False
BLUEJET.NS,Blue Jet Healthcare Limited,Biotechnology,Healthcare,False,Cash,1,Stage 2 Failed,Stage 3,Failed Stage 2,0.72,"This stock was recently Stage 2, but the latest structure no longer satisfies Stage 2 rules. It is kept as Stage 2 Failed until a fresh base/repair structure forms.",Recent Stage 2 break; public stage held as Stage 2 Failed.,2026-10-08,2026-09-25,,watchlist,weekly_watchlist,watchlist,2.4,10.6,6.09,5.0,2.4,10.6,11.09,-6.02,32.04,220815004.06,"Stage 3, Stage 3 - Distribution/Damage, volume_dryup, weekly_volume_dryup, distribution_risk | Stage 2 failed state applied from stage memory.",721,728,Stage 2 Failed,watchlist,weekly_watchlist,11.45,7,-0.35999999999999943,False,False,False,False,False
FSL.NS,Firstsource Solutions Limited,Information Technology Services,Technology,False,Cash,1,Not Sure,Not Sure,Not Sure,0.0,Stage rules did not identify a reliable structure.,No confident stage classification.,,,,watchlist,weekly_watchlist,watchlist,8.54,9.69,9.06,2.0,8.54,9.69,11.06,8.65,28.23,1005643182.07,"Not Sure, Not Sure",722,864,Stage 4,watchlist,weekly_watchlist,2.0,142,9.06,False,False,False,False,False
POLYPLEX.NS,Polyplex Corporation Limited,Specialty Chemicals,Basic Materials,False,Cash,1,Stage 2 Failed,Stage 3,Failed Stage 2,0.72,"This stock was recently Stage 2, but the latest structure no longer satisfies Stage 2 rules. It is kept as Stage 2 Failed until a fresh base/repair structure forms.",Recent Stage 2 break; public stage held as Stage 2 Failed.,2026-10-08,2026-10-06,,watchlist,weekly_watchlist,watchlist,0.0,2.2,0.99,10.0,0.0,2.2,10.99,2.24,19.73,42203110.99,"Stage 3, Stage 3 - Transition, volume_dryup, weekly_volume_dryup, distribution_risk | Stage 2 failed state applied from stage memory.",723,735,Stage 2 Failed,watchlist,weekly_watchlist,10.81,12,0.17999999999999972,False,False,False,False,False
KIRLOSBROS.NS,Kirloskar Brothers Limited,Specialty Industrial Machinery,Industrials,False,Cash,1,Stage 1,Stage 1,Stage 1 - Base/Repair,0.7,Price is near long-term moving averages with no strong long-term downtrend signal.,,,2026-09-14,,watchlist,weekly_watchlist,watchlist,0.0,2.0,0.9,10.0,0.0,2.0,10.9,-5.12,3.7,127984321.55,"Stage 1, Stage 1 - Base/Repair, weekly_volume_dryup, stage1_not_actionable, stage1_needs_more_base",724,695,Not Sure,watchlist,weekly_watchlist,14.5,-29,-3.5999999999999996,False,False,False,False,False
TITAN.NS,Titan Company Limited,Luxury Goods,Consumer Cyclical,True,F&O,1,Stage 2 Failed,Stage 1,Failed Stage 2,0.72,"This stock was recently Stage 2, but the latest structure no longer satisfies Stage 2 rules. It is kept as Stage 2 Failed until a fresh base/repair structure forms.",Recent Stage 2 break; public stage held as Stage 2 Failed.,2026-10-08,2026-09-30,,watchlist,weekly_watchlist,watchlist,0.0,13.09,5.89,5.0,0.0,13.09,10.89,3.48,5.39,3676924980.06,"Stage 1, Stage 1 - Base/Repair, stage1_not_actionable, stage1_needs_more_base | Stage 2 failed state applied from stage memory.",725,741,Stage 2 Failed,watchlist,weekly_watchlist,10.5,16,0.39000000000000057,False,False,False,False,False
360ONE.NS,360 ONE WAM LIMITED,Asset Management,Financial Services,True,F&O,1,Stage 4,Stage 4,Stage 4 - Weak/Declining,0.72,Price is below long-term support with weak trend evidence.,,,2026-09-08,,watchlist,weekly_watchlist,watchlist,12.19,4.75,8.84,2.0,12.19,4.75,10.84,2.91,4.63,935010535.61,"Stage 4, Stage 4 - Weak/Declining, weekly_volume_dryup, downtrend",726,759,Stage 4,watchlist,weekly_watchlist,9.3,33,1.5399999999999991,False,False,False,False,False
SANGHVIMOV.NS,Sanghvi Movers Limited,Industrials,Industrials,False,Cash,1,Stage 2 Failed,Stage 3,Failed Stage 2,0.72,"This stock was recently Stage 2, but the latest structure no longer satisfies Stage 2 rules. It is kept as Stage 2 Failed until a fresh base/repair structure forms.",Recent Stage 2 break; public stage held as Stage 2 Failed.,2026-10-08,2026-09-18,,watchlist,weekly_watchlist,watchlist,18.68,1.22,10.82,0.0,18.68,1.22,10.82,-1.13,37.31,125815169.41,"Stage 3, Stage 3 - Transition, volume_dryup, weekly_volume_dryup, distribution_risk | Stage 2 failed state applied from stage memory.",727,740,Stage 2 Failed,watchlist,weekly_watchlist,10.53,13,0.2900000000000009,False,False,False,False,False
EXIDEIND.NS,Exide Industries Limited,Auto Parts,Consumer Cyclical,True,F&O,1,Stage 2 Failed,Stage 1,Failed Stage 2,0.72,"This stock was recently Stage 2, but the latest structure no longer satisfies Stage 2 rules. It is kept as Stage 2 Failed until a fresh base/repair structure forms.",Recent Stage 2 break; public stage held as Stage 2 Failed.,2026-10-08,2026-09-28,,watchlist,weekly_watchlist,watchlist,0.0,12.94,5.82,5.0,0.0,12.94,10.82,2.31,27.09,735255371.66,"Stage 1, Stage 1 - Base/Repair, volume_dryup, weekly_volume_dryup, stage1_not_actionable, stage1_needs_more_base | Stage 2 failed state applied from stage memory.",728,737,Stage 2 Failed,watchlist,weekly_watchlist,10.66,9,0.16000000000000014,False,False,False,False,False
TIMKEN.NS,Timken India Limited,Tools & Accessories,Industrials,False,Cash,1,Stage 1,Stage 1,Stage 1 - Unclear/Repair,0.58,Not enough evidence for Stage 2 or Stage 4; classified as repair/unclear structure.,,,2026-07-06,,watchlist,weekly_watchlist,watchlist,11.2,5.6,8.68,2.0,11.2,5.6,10.68,3.2,-8.13,132954514.59,"Stage 1, Stage 1 - Unclear/Repair, weekly_volume_dryup, stage1_not_actionable, stage1_needs_more_base",729,701,Stage 1,watchlist,weekly_watchlist,13.91,-28,-3.2300000000000004,False,False,False,False,False
BOMDYEING.NS,Bombay Dyeing & Mfg Company Limited,Textile Manufacturing,Consumer Cyclical,False,Cash,1,Stage 4,Stage 4,Stage 4 - Confirmed Downtrend,0.86,Price is below a bearish moving-average stack with falling trend signals.,,,,,watchlist,weekly_watchlist,watchlist,1.2,0.0,0.66,10.0,1.2,0.0,10.66,-13.39,-6.73,43965553.18,"Stage 4, Stage 4 - Confirmed Downtrend, volume_dryup, weekly_volume_dryup, downtrend",730,738,Stage 4,watchlist,weekly_watchlist,10.66,8,0.0,False,False,False,False,False
TIPSMUSIC.NS,Tips Music Limited,Communication Services,Communication Services,False,Cash,1,Stage 3,Stage 3,Stage 3 - Distribution/Damage,0.76,"Prior strength exists, but short-term and/or weekly structure is deteriorating.",,,2026-08-18,,watchlist,weekly_watchlist,watchlist,2.47,9.42,5.6,5.0,2.47,9.42,10.6,-5.23,19.47,163218059.17,"Stage 3, Stage 3 - Distribution/Damage, distribution_risk",731,726,Stage 3,watchlist,weekly_watchlist,11.59,-5,-0.9900000000000002,False,False,False,False,False
POLYCAB.NS,Polycab India Limited,Electrical Equipment & Parts,Industrials,True,F&O,1,Stage 1,Stage 1,Stage 1 - Base/Repair,0.7,Price is near long-term moving averages with no strong long-term downtrend signal.,,,2026-08-31,,watchlist,weekly_watchlist,watchlist,0.0,1.26,0.57,10.0,0.0,1.26,10.57,-6.33,10.98,3002750435.8,"Stage 1, Stage 1 - Base/Repair, stage1_not_actionable, stage1_needs_more_base",732,739,Stage 1,watchlist,weekly_watchlist,10.56,7,0.009999999999999787,False,False,False,False,False
GVT&D.NS,GE Vernova T&D India Limited,Specialty Industrial Machinery,Industrials,False,Cash,1,Stage 2 Failed,Stage 3,Failed Stage 2,0.72,"This stock was recently Stage 2, but the latest structure no longer satisfies Stage 2 rules. It is kept as Stage 2 Failed until a fresh base/repair structure forms.",Recent Stage 2 break; public stage held as Stage 2 Failed.,2026-10-08,2026-09-23,,watchlist,weekly_watchlist,watchlist,0.0,1.25,0.56,10.0,0.0,1.25,10.56,1.75,10.7,2286240517.05,"Stage 3, Stage 3 - Distribution/Damage, volume_dryup, weekly_volume_dryup, distribution_risk | Stage 2 failed state applied from stage memory.",733,742,Stage 2 Failed,watchlist,weekly_watchlist,10.37,9,0.19000000000000128,False,False,False,False,False
NATCOPHARM.NS,Natco Pharma Limited,Drug Manufacturers - Specialty & Generic,Healthcare,False,Cash,1,Stage 4,Stage 4,Stage 4 - Weak/Declining,0.72,Price is below long-term support with weak trend evidence.,,,2026-05-29,,watchlist,weekly_watchlist,watchlist,0.0,0.8,0.36,10.0,0.0,0.8,10.36,-9.89,-19.33,371273111.71,"Stage 4, Stage 4 - Weak/Declining, weekly_volume_dryup, downtrend",734,743,Stage 4,watchlist,weekly_watchlist,10.36,9,0.0,False,False,False,False,False
TARIL.NS,Transformers And Rectifiers (India) Limited,Electrical Equipment & Parts,Industrials,False,Cash,1,Stage 4,Stage 4,Stage 4 - Weak/Declining,0.72,Price is below long-term support with weak trend evidence.,,,,,watchlist,weekly_watchlist,watchlist,0.0,0.8,0.36,10.0,0.0,0.8,10.36,-7.86,-4.13,1255881177.31,"Stage 4, Stage 4 - Weak/Declining, downtrend",735,744,Stage 4,watchlist,weekly_watchlist,10.36,9,0.0,False,False,False,False,False
MANINFRA.NS,Man Infraconstruction Limited,Engineering & Construction,Industrials,False,Cash,1,Stage 2 Failed,Not Sure,Failed Stage 2,0.72,"This stock was recently Stage 2, but the latest structure no longer satisfies Stage 2 rules. It is kept as Stage 2 Failed until a fresh base/repair structure forms.",Recent Stage 2 break; public stage held as Stage 2 Failed.,2026-10-08,2026-10-07,,watchlist,weekly_watchlist,watchlist,3.76,18.23,10.27,0.0,3.76,18.23,10.27,20.2,30.08,226967603.79,"Not Sure, Not Sure, volume_dryup, weekly_volume_dryup | Stage 2 failed state applied from stage memory.",736,386,Stage 2,watchlist,weekly_watchlist,25.43,-350,-15.16,False,False,False,False,False
SUNTV.NS,Sun TV Network Limited,Communication Services,Communication Services,False,Cash,1,Stage 1,Stage 1,Stage 1 - Early Turn,0.66,The stock is improving from a repair/base area but has not confirmed a clean Stage 2 yet.,,,,,watchlist,weekly_watchlist,watchlist,0.6,10.78,5.18,5.0,0.6,10.78,10.18,32.39,7.36,1990244319.03,"Stage 1, Stage 1 - Early Turn, stage1_not_actionable, stage1_needs_more_base",737,756,Stage 1,watchlist,weekly_watchlist,9.89,19,0.28999999999999915,False,False,False,False,False
NESTLEIND.NS,Nestle India Limited,Packaged Foods,Consumer Defensive,True,F&O,1,Stage 2 Failed,Stage 1,Failed Stage 2,0.72,"This stock was recently Stage 2, but the latest structure no longer satisfies Stage 2 rules. It is kept as Stage 2 Failed until a fresh base/repair structure forms.",Recent Stage 2 break; public stage held as Stage 2 Failed.,2026-10-08,2026-09-21,,watchlist,weekly_watchlist,watchlist,13.78,0.93,8.0,2.0,13.78,0.93,10.0,0.58,12.76,1588564820.47,"Stage 1, Stage 1 - Base/Repair, volume_dryup, weekly_volume_dryup, stage1_not_actionable, stage1_needs_more_base | Stage 2 failed state applied from stage memory.",738,755,Stage 2 Failed,watchlist,weekly_watchlist,9.91,17,0.08999999999999986,False,False,False,False,False
OLAELEC.NS,Ola Electric Mobility Limited,Auto Manufacturers,Consumer Cyclical,False,Cash,1,Stage 1,Stage 1,Stage 1 - Base/Repair,0.7,Price is near long-term moving averages with no strong long-term downtrend signal.,,,,,watchlist,weekly_watchlist,watchlist,11.92,3.2,8.0,2.0,11.92,3.2,10.0,-4.1,-3.11,3799274104.13,"Stage 1, Stage 1 - Base/Repair, stage1_not_actionable, stage1_needs_more_base",739,772,Stage 1,watchlist,weekly_watchlist,7.95,33,2.05,False,False,False,False,False
BPCL.NS,Bharat Petroleum Corporation Limited,Oil & Gas Refining & Marketing,Energy,True,F&O,1,Stage 4,Stage 4,Stage 4 - Weak/Declining,0.72,Price is below long-term support with weak trend evidence.,,,,,watchlist,weekly_watchlist,watchlist,0.0,0.0,0.0,10.0,0.0,0.0,10.0,1.9,0.31,1394708632.54,"Stage 4, Stage 4 - Weak/Declining, downtrend",740,748,Stage 4,watchlist,weekly_watchlist,10.0,8,0.0,False,False,False,False,False
CIPLA.NS,Cipla Limited,Drug Manufacturers - Specialty & Generic,Healthcare,True,F&O,1,Stage 4,Stage 4,Stage 4 - Weak/Declining,0.72,Price is below long-term support with weak trend evidence.,,,2026-08-24,,watchlist,weekly_watchlist,watchlist,0.0,0.0,0.0,10.0,0.0,0.0,10.0,-0.97,14.55,1246879278.14,"Stage 4, Stage 4 - Weak/Declining, weekly_volume_dryup, downtrend",741,732,Stage 4,watchlist,weekly_watchlist,11.17,-9,-1.17,False,False,False,False,False
SUZLON.NS,Suzlon Energy Limited,Specialty Industrial Machinery,Industrials,True,F&O,1,Stage 4,Stage 4,Stage 4 - Weak/Declining,0.72,Price is below long-term support with weak trend evidence.,,,2026-07-13,,watchlist,weekly_watchlist,watchlist,0.0,0.0,0.0,10.0,0.0,0.0,10.0,-22.41,-20.15,2214836544.06,"Stage 4, Stage 4 - Weak/Declining, downtrend",742,749,Stage 4,watchlist,weekly_watchlist,10.0,7,0.0,False,False,False,False,False
BERGEPAINT.NS,Berger Paints (I) Limited,Specialty Chemicals,Basic Materials,False,Cash,1,Stage 4,Stage 4,Stage 4 - Weak/Declining,0.72,Price is below long-term support with weak trend evidence.,,,2026-08-28,,watchlist,weekly_watchlist,watchlist,0.0,0.0,0.0,10.0,0.0,0.0,10.0,3.8,6.7,191610794.35,"Stage 4, Stage 4 - Weak/Declining, downtrend",743,750,Stage 4,watchlist,weekly_watchlist,10.0,7,0.0,False,False,False,False,False
KAYNES.NS,Kaynes Technology India Limited,Electronic Components,Technology,True,F&O,1,Stage 4,Stage 4,Stage 4 - Weak/Declining,0.72,Price is below long-term support with weak trend evidence.,,,,,watchlist,weekly_watchlist,watchlist,0.0,0.0,0.0,10.0,0.0,0.0,10.0,6.47,-15.71,3453276405.32,"Stage 4, Stage 4 - Weak/Declining, volume_dryup, weekly_volume_dryup, downtrend",744,372,Stage 4,watchlist,weekly_watchlist,26.11,-372,-16.11,False,False,False,False,False
ITI.NS,ITI Limited,Communication Equipment,Technology,False,Cash,1,Stage 4,Stage 4,Stage 4 - Confirmed Downtrend,0.86,Price is below a bearish moving-average stack with falling trend signals.,,,2026-07-02,,watchlist,weekly_watchlist,watchlist,0.0,0.0,0.0,10.0,0.0,0.0,10.0,-9.07,-11.15,49447817.56,"Stage 4, Stage 4 - Confirmed Downtrend, weekly_volume_dryup, downtrend",745,751,Stage 4,watchlist,weekly_watchlist,10.0,6,0.0,False,False,False,False,False
JUBLPHARMA.NS,Jubilant Pharmova Limited,Drug Manufacturers - Specialty & Generic,Healthcare,False,Cash,1,Stage 2 Failed,Stage 4,Failed Stage 2,0.72,"This stock was recently Stage 2, but the latest structure no longer satisfies Stage 2 rules. It is kept as Stage 2 Failed until a fresh base/repair structure forms.",Recent Stage 2 break; public stage held as Stage 2 Failed.,2026-10-08,2026-10-07,,watchlist,weekly_watchlist,watchlist,0.0,0.0,0.0,10.0,0.0,0.0,10.0,4.32,10.7,240511716.99,"Stage 4, Stage 4 - Weak/Declining, weekly_volume_dryup, downtrend | Stage 2 failed state applied from stage memory.",746,362,Stage 2,watchlist,weekly_watchlist,26.25,-384,-16.25,False,False,False,False,False
JSWDULUX.NS,JSW Dulux Limited,Specialty Chemicals,Basic Materials,False,Cash,1,Stage 2 Failed,Stage 4,Failed Stage 2,0.72,"This stock was recently Stage 2, but the latest structure no longer satisfies Stage 2 rules. It is kept as Stage 2 Failed until a fresh base/repair structure forms.",Recent Stage 2 break; public stage held as Stage 2 Failed.,2026-10-08,2026-09-25,,watchlist,weekly_watchlist,watchlist,0.0,0.0,0.0,10.0,0.0,0.0,10.0,9.76,8.58,106860725.64,"Stage 4, Stage 4 - Weak/Declining, downtrend | Stage 2 failed state applied from stage memory.",747,683,Stage 2 Failed,watchlist,weekly_watchlist,15.85,-64,-5.85,False,False,False,False,False
KIRLPNU.NS,Kirloskar Pneumatic Company Limited,Specialty Industrial Machinery,Industrials,False,Cash,1,Stage 4,Stage 4,Stage 4 - Weak/Declining,0.72,Price is below long-term support with weak trend evidence.,,,2026-07-22,,watchlist,weekly_watchlist,watchlist,0.0,0.0,0.0,10.0,0.0,0.0,10.0,-16.05,14.38,80170766.9,"Stage 4, Stage 4 - Weak/Declining, volume_dryup, weekly_volume_dryup, downtrend",748,703,Not Sure,watchlist,weekly_watchlist,13.72,-45,-3.7200000000000006,False,False,False,False,False
PGHL.NS,Procter & Gamble Health Limited,Drug Manufacturers - Specialty & Generic,Healthcare,False,Cash,1,Stage 4,Stage 4,Stage 4 - Weak/Declining,0.72,Price is below long-term support with weak trend evidence.,,,2026-09-07,,watchlist,weekly_watchlist,watchlist,0.0,0.0,0.0,10.0,0.0,0.0,10.0,-16.16,11.8,72054738.8,"Stage 4, Stage 4 - Weak/Declining, weekly_volume_dryup, downtrend",749,752,Stage 4,watchlist,weekly_watchlist,10.0,3,0.0,False,False,False,False,False
OSWALPUMPS.NS,Oswal Pumps Limited,Electrical Equipment & Parts,Industrials,False,Cash,1,Stage 4,Stage 4,Stage 4 - Confirmed Downtrend,0.86,Price is below a bearish moving-average stack with falling trend signals.,,,,,watchlist,weekly_watchlist,watchlist,0.0,0.0,0.0,10.0,0.0,0.0,10.0,-28.18,-30.12,97705675.02,"Stage 4, Stage 4 - Confirmed Downtrend, volume_dryup, weekly_volume_dryup, downtrend",750,753,Stage 4,watchlist,weekly_watchlist,10.0,3,0.0,False,False,False,False,False
PRAKASH.NS,Prakash Industries Limited,Steel,Basic Materials,False,Cash,1,Stage 4,Stage 4,Stage 4 - Weak/Declining,0.72,Price is below long-term support with weak trend evidence.,,,,,watchlist,weekly_watchlist,watchlist,9.06,0.0,4.98,5.0,9.06,0.0,9.98,-0.08,-9.64,57785341.85,"Stage 4, Stage 4 - Weak/Declining, weekly_volume_dryup, downtrend",751,829,Stage 4,watchlist,weekly_watchlist,5.0,78,4.98,False,False,False,False,False
JKCEMENT.NS,JK Cement Limited,Building Materials,Basic Materials,False,Cash,1,Stage 4,Stage 4,Stage 4 - Confirmed Downtrend,0.86,Price is below a bearish moving-average stack with falling trend signals.,,,,,watchlist,weekly_watchlist,watchlist,0.0,22.1,9.95,0.0,0.0,22.1,9.95,0.94,-2.12,265034177.12,"Stage 4, Stage 4 - Confirmed Downtrend, weekly_vcp_ok, weekly_volume_dryup, downtrend",752,754,Stage 4,watchlist,weekly_watchlist,9.95,2,0.0,False,False,False,False,False
LLOYDSME.NS,Lloyds Metals And Energy Limited,Steel,Basic Materials,False,Cash,1,Stage 2 Failed,Stage 3,Failed Stage 2,0.72,"This stock was recently Stage 2, but the latest structure no longer satisfies Stage 2 rules. It is kept as Stage 2 Failed until a fresh base/repair structure forms.",Recent Stage 2 break; public stage held as Stage 2 Failed.,2026-10-08,2026-09-30,,watchlist,weekly_watchlist,watchlist,0.0,10.93,4.92,5.0,0.0,10.93,9.92,6.52,22.77,733858264.59,"Stage 3, Stage 3 - Distribution/Damage, weekly_volume_dryup, distribution_risk | Stage 2 failed state applied from stage memory.",753,747,Stage 2 Failed,watchlist,weekly_watchlist,10.0,-6,-0.08000000000000007,False,False,False,False,False
DABUR.NS,Dabur India Limited,Household & Personal Products,Consumer Defensive,True,F&O,1,Stage 4,Stage 4,Stage 4 - Confirmed Downtrend,0.86,Price is below a bearish moving-average stack with falling trend signals.,,,,,watchlist,weekly_watchlist,watchlist,8.2,0.8,4.87,5.0,8.2,0.8,9.87,-3.99,-3.37,827319002.89,"Stage 4, Stage 4 - Confirmed Downtrend, weekly_volume_dryup, downtrend",754,746,Stage 4,watchlist,weekly_watchlist,10.27,-8,-0.40000000000000036,False,False,False,False,False
INTERARCH.NS,Interarch Building Solutions Limited,Engineering & Construction,Industrials,False,Cash,1,Stage 4,Stage 4,Stage 4 - Confirmed Downtrend,0.86,Price is below a bearish moving-average stack with falling trend signals.,,,,,watchlist,weekly_watchlist,watchlist,6.26,14.27,9.86,0.0,6.26,14.27,9.86,2.34,-4.26,73287905.36,"Stage 4, Stage 4 - Confirmed Downtrend, weekly_volume_dryup, downtrend",755,757,Stage 4,watchlist,weekly_watchlist,9.52,2,0.33999999999999986,False,False,False,False,False
DATAPATTNS.NS,Data Patterns (India) Limited,Aerospace & Defense,Industrials,False,Cash,1,Stage 2 Failed,Stage 3,Failed Stage 2,0.72,"This stock was recently Stage 2, but the latest structure no longer satisfies Stage 2 rules. It is kept as Stage 2 Failed until a fresh base/repair structure forms.",Recent Stage 2 break; public stage held as Stage 2 Failed.,2026-10-08,2026-10-07,,watchlist,weekly_watchlist,watchlist,0.0,10.26,4.62,5.0,0.0,10.26,9.62,5.59,24.99,1789172907.74,"Stage 3, Stage 3 - Transition, volume_dryup, weekly_volume_dryup, distribution_risk | Stage 2 failed state applied from stage memory.",756,466,Stage 2,watchlist,weekly_watchlist,22.11,-290,-12.49,False,False,False,False,False
POWERMECH.NS,Power Mech Projects Limited,Engineering & Construction,Industrials,False,Cash,1,Stage 3,Stage 3,Stage 3 - Distribution/Damage,0.76,"Prior strength exists, but short-term and/or weekly structure is deteriorating.",,,2026-07-29,,watchlist,weekly_watchlist,watchlist,11.61,7.16,9.61,0.0,11.61,7.16,9.61,2.64,12.97,124449870.12,"Stage 3, Stage 3 - Distribution/Damage, weekly_volume_dryup, distribution_risk",757,776,Stage 3,watchlist,weekly_watchlist,7.83,19,1.7799999999999994,False,False,False,False,False
SUPRAJIT.NS,Suprajit Engineering Limited,Auto Parts,Consumer Cyclical,False,Cash,1,Stage 2 Failed,Stage 3,Failed Stage 2,0.72,"This stock was recently Stage 2, but the latest structure no longer satisfies Stage 2 rules. It is kept as Stage 2 Failed until a fresh base/repair structure forms.",Recent Stage 2 break; public stage held as Stage 2 Failed.,2026-10-08,2026-10-05,,watchlist,weekly_watchlist,watchlist,0.0,9.67,4.35,5.0,0.0,9.67,9.35,1.03,15.62,44702544.36,"Stage 3, Stage 3 - Transition, volume_dryup, weekly_volume_dryup, distribution_risk | Stage 2 failed state applied from stage memory.",758,762,Stage 2 Failed,watchlist,weekly_watchlist,9.06,4,0.28999999999999915,False,False,False,False,False
TRENT.NS,Trent Limited,Consumer Cyclical,Consumer Cyclical,True,F&O,1,Not Sure,Not Sure,Not Sure,0.0,Stage rules did not identify a reliable structure.,No confident stage classification.,,,,watchlist,weekly_watchlist,watchlist,2.02,13.76,7.3,2.0,2.02,13.76,9.3,8.41,13.17,2932412842.39,"Not Sure, Not Sure",759,764,Not Sure,watchlist,weekly_watchlist,8.84,5,0.46000000000000085,False,False,False,False,False
NSLNISP.NS,NMDC Steel Limited,Steel,Basic Materials,False,Cash,1,Stage 2 Failed,Stage 1,Failed Stage 2,0.72,"This stock was recently Stage 2, but the latest structure no longer satisfies Stage 2 rules. It is kept as Stage 2 Failed until a fresh base/repair structure forms.",Recent Stage 2 break; public stage held as Stage 2 Failed.,2026-10-08,2026-09-23,,watchlist,weekly_watchlist,watchlist,0.0,9.2,4.14,5.0,0.0,9.2,9.14,-1.1,0.5,165159943.52,"Stage 1, Stage 1 - Unclear/Repair, volume_dryup, weekly_volume_dryup, stage1_not_actionable, stage1_needs_more_base | Stage 2 failed state applied from stage memory.",760,760,Stage 2 Failed,watchlist,weekly_watchlist,9.14,0,0.0,False,False,False,False,False
PAGEIND.NS,Page Industries Limited,Apparel Manufacturing,Consumer Cyclical,True,F&O,1,Stage 3,Stage 3,Stage 3 - Distribution/Damage,0.76,"Prior strength exists, but short-term and/or weekly structure is deteriorating.",,,2026-08-06,,watchlist,weekly_watchlist,watchlist,9.15,8.67,8.93,0.0,9.15,8.67,8.93,-1.41,8.08,834061822.25,"Stage 3, Stage 3 - Distribution/Damage, weekly_volume_dryup, distribution_risk",761,700,Not Sure,watchlist,weekly_watchlist,13.99,-61,-5.0600000000000005,False,False,False,False,False
CAMPUS.NS,Campus Activewear Limited,Consumer Cyclical,Consumer Cyclical,False,Cash,1,Stage 4,Stage 4,Stage 4 - Confirmed Downtrend,0.86,Price is below a bearish moving-average stack with falling trend signals.,,,,,watchlist,weekly_watchlist,watchlist,12.6,0.0,6.93,2.0,12.6,0.0,8.93,-4.5,-12.01,73408905.04,"Stage 4, Stage 4 - Confirmed Downtrend, volume_dryup, weekly_volume_dryup, downtrend",762,787,Stage 4,watchlist,weekly_watchlist,6.95,25,1.9799999999999995,False,False,False,False,False
ADANIENT.NS,Adani Enterprises Limited,Energy,Energy,True,F&O,1,Stage 1,Stage 1,Stage 1 - Base/Repair,0.7,Price is near long-term moving averages with no strong long-term downtrend signal.,,,2026-09-09,,watchlist,weekly_watchlist,watchlist,1.35,7.08,3.93,5.0,1.35,7.08,8.93,-10.43,25.21,4146636578.5,"Stage 1, Stage 1 - Base/Repair, stage1_not_actionable, stage1_needs_more_base",763,767,Stage 1,watchlist,weekly_watchlist,8.52,4,0.41000000000000014,False,False,False,False,False
ABSLAMC.NS,Aditya Birla Sun Life AMC Limited,Asset Management,Financial Services,False,Cash,1,Stage 2 Failed,Stage 3,Failed Stage 2,0.72,"This stock was recently Stage 2, but the latest structure no longer satisfies Stage 2 rules. It is kept as Stage 2 Failed until a fresh base/repair structure forms.",Recent Stage 2 break; public stage held as Stage 2 Failed.,2026-10-08,2026-09-18,,watchlist,weekly_watchlist,watchlist,12.36,0.0,6.8,2.0,12.36,0.0,8.8,-1.77,5.48,196722378.28,"Stage 3, Stage 3 - Distribution/Damage, distribution_risk | Stage 2 failed state applied from stage memory.",764,784,Stage 2 Failed,watchlist,weekly_watchlist,7.01,20,1.790000000000001,False,False,False,False,False
NLCINDIA.NS,NLC India Limited,Utilities,Utilities,False,Cash,1,Stage 4,Stage 4,Stage 4 - Weak/Declining,0.72,Price is below long-term support with weak trend evidence.,,,2026-07-17,,watchlist,weekly_watchlist,watchlist,12.68,4.0,8.77,0.0,12.68,4.0,8.77,-12.24,-11.48,329880862.96,"Stage 4, Stage 4 - Weak/Declining, volume_dryup, weekly_volume_dryup, downtrend",765,763,Stage 4,watchlist,weekly_watchlist,8.88,-2,-0.11000000000000121,False,False,False,False,False
BRITANNIA.NS,Britannia Industries Limited,Packaged Foods,Consumer Defensive,True,F&O,1,Stage 4,Stage 4,Stage 4 - Confirmed Downtrend,0.86,Price is below a bearish moving-average stack with falling trend signals.,,,,,watchlist,weekly_watchlist,watchlist,6.95,6.2,6.61,2.0,6.95,6.2,8.61,-0.53,-6.27,1148877413.31,"Stage 4, Stage 4 - Confirmed Downtrend, weekly_volume_dryup, downtrend",766,765,Stage 4,watchlist,weekly_watchlist,8.7,-1,-0.08999999999999986,False,False,False,False,False
PGHH.NS,Procter & Gamble Hygiene and Health Care Limited,Household & Personal Products,Consumer Defensive,False,Cash,1,Stage 4,Stage 4,Stage 4 - Confirmed Downtrend,0.86,Price is below a bearish moving-average stack with falling trend signals.,,,,,watchlist,weekly_watchlist,watchlist,3.07,4.0,3.49,5.0,3.07,4.0,8.49,-14.26,-22.86,145795070.25,"Stage 4, Stage 4 - Confirmed Downtrend, weekly_volume_dryup, downtrend",767,768,Stage 4,watchlist,weekly_watchlist,8.49,1,0.0,False,False,False,False,False
RATEGAIN.NS,Rategain Travel Technologies Limited,Software - Application,Technology,False,Cash,1,Stage 2 Failed,Stage 3,Failed Stage 2,0.72,"This stock was recently Stage 2, but the latest structure no longer satisfies Stage 2 rules. It is kept as Stage 2 Failed until a fresh base/repair structure forms.",Recent Stage 2 break; public stage held as Stage 2 Failed.,2026-10-08,2026-09-21,,watchlist,weekly_watchlist,watchlist,1.22,12.79,6.43,2.0,1.22,12.79,8.43,-4.07,52.0,202983778.63,"Stage 3, Stage 3 - Distribution/Damage, volume_dryup, weekly_volume_dryup, distribution_risk | Stage 2 failed state applied from stage memory.",768,711,Stage 2 Failed,watchlist,weekly_watchlist,12.53,-57,-4.1,False,False,False,False,False
TATACONSUM.NS,TATA CONSUMER PRODUCTS LIMITED,Packaged Foods,Consumer Defensive,True,F&O,1,Stage 4,Stage 4,Stage 4 - Confirmed Downtrend,0.86,Price is below a bearish moving-average stack with falling trend signals.,,,2026-06-04,,watchlist,weekly_watchlist,watchlist,6.6,6.2,6.42,2.0,6.6,6.2,8.42,-5.12,-5.58,1140291396.63,"Stage 4, Stage 4 - Confirmed Downtrend, weekly_volume_dryup, downtrend",769,769,Stage 4,watchlist,weekly_watchlist,8.44,0,-0.019999999999999574,False,False,False,False,False
TANLA.NS,Tanla Platforms Limited,Software - Application,Technology,False,Cash,1,Stage 4,Stage 4,Stage 4 - Weak/Declining,0.72,Price is below long-term support with weak trend evidence.,,,2026-08-21,,watchlist,weekly_watchlist,watchlist,11.62,0.0,6.39,2.0,11.62,0.0,8.39,-1.99,9.67,151678772.42,"Stage 4, Stage 4 - Weak/Declining, volume_dryup, weekly_volume_dryup, downtrend",770,734,Stage 4,watchlist,weekly_watchlist,10.9,-36,-2.51,False,False,False,False,False
ECLERX.NS,eClerx Services Limited,Information Technology Services,Technology,False,Cash,1,Stage 2 Failed,Not Sure,Failed Stage 2,0.72,"This stock was recently Stage 2, but the latest structure no longer satisfies Stage 2 rules. It is kept as Stage 2 Failed until a fresh base/repair structure forms.",Recent Stage 2 break; public stage held as Stage 2 Failed.,2026-10-08,2026-10-07,,watchlist,weekly_watchlist,watchlist,4.02,9.02,6.27,2.0,4.02,9.02,8.27,15.7,26.47,259632614.44,"Not Sure, Not Sure, volume_dryup, weekly_volume_dryup | Stage 2 failed state applied from stage memory.",771,534,Stage 2,watchlist,weekly_watchlist,19.97,-237,-11.7,False,False,False,False,False
BANKBARODA.NS,Bank of Baroda,Banks - Regional,Financial Services,True,F&O,1,Stage 4,Stage 4,Stage 4 - Confirmed Downtrend,0.86,Price is below a bearish moving-average stack with falling trend signals.,,,2026-06-26,,watchlist,weekly_watchlist,watchlist,8.07,4.0,6.24,2.0,8.07,4.0,8.24,3.05,-6.18,1434866695.01,"Stage 4, Stage 4 - Confirmed Downtrend, downtrend",772,802,Stage 4,watchlist,weekly_watchlist,6.31,30,1.9300000000000006,False,False,False,False,False
KERNEX.NS,Kernex Microsystems (India) Limited,Software - Application,Technology,False,Cash,1,Stage 1,Stage 1,Stage 1 - Base/Repair,0.7,Price is near long-term moving averages with no strong long-term downtrend signal.,,,2026-08-24,,watchlist,weekly_watchlist,watchlist,1.26,11.76,5.98,2.0,1.26,11.76,7.98,-15.7,53.29,236919739.18,"Stage 1, Stage 1 - Base/Repair, volume_dryup, weekly_volume_dryup, stage1_not_actionable, stage1_needs_more_base",773,729,Stage 1,watchlist,weekly_watchlist,11.45,-44,-3.469999999999999,False,False,False,False,False
AVANTIFEED.NS,Avanti Feeds Limited,Packaged Foods,Consumer Defensive,False,Cash,1,Stage 4,Stage 4,Stage 4 - Weak/Declining,0.72,Price is below long-term support with weak trend evidence.,,,2026-06-03,,watchlist,weekly_watchlist,watchlist,10.58,0.0,5.82,2.0,10.58,0.0,7.82,-16.31,-41.89,169996663.14,"Stage 4, Stage 4 - Weak/Declining, volume_dryup, weekly_volume_dryup, downtrend",774,773,Stage 4,watchlist,weekly_watchlist,7.92,-1,-0.09999999999999964,False,False,False,False,False
BAYERCROP.NS,Bayer Cropscience Limited,Agricultural Inputs,Basic Materials,False,Cash,1,Stage 4,Stage 4,Stage 4 - Confirmed Downtrend,0.86,Price is below a bearish moving-average stack with falling trend signals.,,,,,watchlist,weekly_watchlist,watchlist,11.5,3.2,7.77,0.0,11.5,3.2,7.77,-8.2,-23.92,136852308.57,"Stage 4, Stage 4 - Confirmed Downtrend, downtrend",775,797,Stage 4,watchlist,weekly_watchlist,6.45,22,1.3199999999999994,False,False,False,False,False
ZENSARTECH.NS,Zensar Technologies Limited,Information Technology Services,Technology,False,Cash,1,Stage 4,Stage 4,Stage 4 - Confirmed Downtrend,0.86,Price is below a bearish moving-average stack with falling trend signals.,,,,,watchlist,weekly_watchlist,watchlist,8.46,2.0,5.55,2.0,8.46,2.0,7.55,-6.12,-15.71,1642307510.64,"Stage 4, Stage 4 - Confirmed Downtrend, volume_dryup, weekly_volume_dryup, downtrend",776,775,Stage 4,watchlist,weekly_watchlist,7.88,-1,-0.33000000000000007,False,False,False,False,False
TCS.NS,Tata Consultancy Services Limited,Information Technology Services,Technology,True,F&O,1,Stage 4,Stage 4,Stage 4 - Confirmed Downtrend,0.86,Price is below a bearish moving-average stack with falling trend signals.,,,,,watchlist,weekly_watchlist,watchlist,9.94,0.0,5.47,2.0,9.94,0.0,7.47,3.01,-10.54,6509901460.02,"Stage 4, Stage 4 - Confirmed Downtrend, weekly_volume_dryup, downtrend",777,792,Stage 4,watchlist,weekly_watchlist,6.52,15,0.9500000000000002,False,False,False,False,False
BAJAJCON.NS,Bajaj Consumer Care Limited,Household & Personal Products,Consumer Defensive,False,Cash,1,Stage 3,Stage 3,Stage 3 - Distribution/Damage,0.76,"Prior strength exists, but short-term and/or weekly structure is deteriorating.",,,2026-08-07,,watchlist,weekly_watchlist,watchlist,2.43,2.44,2.43,5.0,2.43,2.44,7.43,-9.0,21.4,250702630.55,"Stage 3, Stage 3 - Distribution/Damage, volume_dryup, weekly_volume_dryup, distribution_risk",778,818,Stage 3,watchlist,weekly_watchlist,5.54,40,1.8899999999999997,False,False,False,False,False
EIHOTEL.NS,EIH Limited,Lodging,Consumer Cyclical,False,Cash,1,Stage 4,Stage 4,Stage 4 - Confirmed Downtrend,0.86,Price is below a bearish moving-average stack with falling trend signals.,,,,,watchlist,weekly_watchlist,watchlist,8.2,2.0,5.41,2.0,8.2,2.0,7.41,-4.99,-1.17,109040746.03,"Stage 4, Stage 4 - Confirmed Downtrend, weekly_volume_dryup, downtrend",779,850,Stage 4,watchlist,weekly_watchlist,2.9,71,4.51,False,False,False,False,False
PATANJALI.NS,Patanjali Foods Limited,Packaged Foods,Consumer Defensive,True,F&O,1,Stage 4,Stage 4,Stage 4 - Weak/Declining,0.72,Price is below long-term support with weak trend evidence.,,,,,watchlist,weekly_watchlist,watchlist,9.78,0.0,5.38,2.0,9.78,0.0,7.38,-4.16,-15.5,2248538320.17,"Stage 4, Stage 4 - Weak/Declining, volume_dryup, weekly_volume_dryup, downtrend",780,780,Stage 4,watchlist,weekly_watchlist,7.42,0,-0.040000000000000036,False,False,False,False,False
RUSTOMJEE.NS,Keystone Realtors Limited,Real Estate,Real Estate,False,Cash,1,Stage 4,Stage 4,Stage 4 - Confirmed Downtrend,0.86,Price is below a bearish moving-average stack with falling trend signals.,,,,,watchlist,weekly_watchlist,watchlist,10.1,4.0,7.36,0.0,10.1,4.0,7.36,-6.22,-3.16,35966813.31,"Stage 4, Stage 4 - Confirmed Downtrend, volume_dryup, weekly_volume_dryup, downtrend",781,834,Stage 4,watchlist,weekly_watchlist,4.61,53,2.75,False,False,False,False,False
SANOFI.NS,Sanofi India Limited,Drug Manufacturers - General,Healthcare,False,Cash,1,Stage 4,Stage 4,Stage 4 - Confirmed Downtrend,0.86,Price is below a bearish moving-average stack with falling trend signals.,,,,,watchlist,weekly_watchlist,watchlist,0.0,5.2,2.34,5.0,0.0,5.2,7.34,-3.22,-7.83,54352002.26,"Stage 4, Stage 4 - Confirmed Downtrend, volume_dryup, weekly_volume_dryup, downtrend",782,781,Stage 4,watchlist,weekly_watchlist,7.34,-1,0.0,False,False,False,False,False
ADANIPOWER.NS,Adani Power Limited,Utilities,Utilities,True,F&O,1,Stage 4,Stage 4,Stage 4 - Weak/Declining,0.72,Price is below long-term support with weak trend evidence.,,,2026-08-03,,watchlist,weekly_watchlist,watchlist,13.2,0.0,7.26,0.0,13.2,0.0,7.26,-8.72,4.67,3621759602.95,"Stage 4, Stage 4 - Weak/Declining, downtrend",783,783,Stage 3,watchlist,weekly_watchlist,7.08,0,0.17999999999999972,False,False,False,False,False
SIS.NS,SIS LIMITED,Industrials,Industrials,False,Cash,1,Stage 3,Stage 3,Stage 3 - Distribution/Damage,0.76,"Prior strength exists, but short-term and/or weekly structure is deteriorating.",,,2026-09-04,,watchlist,weekly_watchlist,watchlist,0.0,16.12,7.25,0.0,0.0,16.12,7.25,2.83,42.4,129932839.61,"Stage 3, Stage 3 - Distribution/Damage, weekly_volume_dryup, distribution_risk",784,786,Stage 3,watchlist,weekly_watchlist,6.99,2,0.2599999999999998,False,False,False,False,False
OLECTRA.NS,Olectra Greentech Limited,Farm & Heavy Construction Machinery,Industrials,False,Cash,1,Stage 4,Stage 4,Stage 4 - Weak/Declining,0.72,Price is below long-term support with weak trend evidence.,,,2026-08-13,,watchlist,weekly_watchlist,watchlist,9.54,0.0,5.25,2.0,9.54,0.0,7.25,-16.23,-6.8,450648725.78,"Stage 4, Stage 4 - Weak/Declining, weekly_volume_dryup, downtrend",785,795,Stage 4,watchlist,weekly_watchlist,6.47,10,0.7800000000000002,False,False,False,False,False
ESABINDIA.NS,Esab India Limited,Tools & Accessories,Industrials,False,Cash,1,Stage 4,Stage 4,Stage 4 - Weak/Declining,0.72,Price is below long-term support with weak trend evidence.,,,2026-09-14,,watchlist,weekly_watchlist,watchlist,5.3,4.99,5.16,2.0,5.3,4.99,7.16,2.82,7.03,18531476.9,"Stage 4, Stage 4 - Weak/Declining, volume_dryup, weekly_volume_dryup, downtrend",786,807,Not Sure,watchlist,weekly_watchlist,6.03,21,1.13,False,False,False,False,False
INDIASHLTR.NS,India Shelter Finance Corporation Limited,Mortgage Finance,Financial Services,False,Cash,1,Stage 4,Stage 4,Stage 4 - Confirmed Downtrend,0.86,Price is below a bearish moving-average stack with falling trend signals.,,,,,watchlist,weekly_watchlist,watchlist,9.62,4.0,7.09,0.0,9.62,4.0,7.09,-13.67,-8.68,57505073.99,"Stage 4, Stage 4 - Confirmed Downtrend, weekly_volume_dryup, downtrend",787,782,Stage 4,watchlist,weekly_watchlist,7.27,-5,-0.17999999999999972,False,False,False,False,False
ZOTA.NS,Zota Health Care LImited,Biotechnology,Healthcare,False,Cash,1,Stage 3,Stage 3,Stage 3 - Transition,0.62,"The structure is transitioning after prior strength, but it is not yet a confirmed Stage 4 decline.",,,2026-07-13,,watchlist,weekly_watchlist,watchlist,0.0,4.64,2.09,5.0,0.0,4.64,7.09,3.67,6.76,172366728.67,"Stage 3, Stage 3 - Transition, volume_dryup, weekly_volume_dryup, distribution_risk",788,745,Stage 3,watchlist,weekly_watchlist,10.35,-43,-3.26,False,False,False,False,False
HCLTECH.NS,HCL Technologies Limited,Information Technology Services,Technology,True,F&O,1,Stage 4,Stage 4,Stage 4 - Weak/Declining,0.72,Price is below long-term support with weak trend evidence.,,,,,watchlist,weekly_watchlist,watchlist,9.2,0.0,5.06,2.0,9.2,0.0,7.06,10.06,-9.09,3106518000.98,"Stage 4, Stage 4 - Weak/Declining, weekly_volume_dryup, downtrend",789,785,Stage 4,watchlist,weekly_watchlist,7.0,-4,0.05999999999999961,False,False,False,False,False
LLOYDSENT.NS,Lloyds Enterprises Limited,Steel,Basic Materials,False,Cash,1,Stage 2 Failed,Stage 3,Failed Stage 2,0.72,"This stock was recently Stage 2, but the latest structure no longer satisfies Stage 2 rules. It is kept as Stage 2 Failed until a fresh base/repair structure forms.",Recent Stage 2 break; public stage held as Stage 2 Failed.,2026-10-08,2026-10-05,,watchlist,weekly_watchlist,watchlist,1.3,2.7,1.93,5.0,1.3,2.7,6.93,3.73,23.26,247080282.4,"Stage 3, Stage 3 - Distribution/Damage, weekly_volume_dryup, distribution_risk | Stage 2 failed state applied from stage memory.",790,727,Stage 2 Failed,watchlist,weekly_watchlist,11.5,-63,-4.57,False,False,False,False,False
BANDHANBNK.NS,Bandhan Bank Limited,Banks - Regional,Financial Services,True,F&O,1,Not Sure,Stage 4,Pending Stage 4,0.55,Blocked public stage jump Stage 1 -> Stage 4; waiting for intermediate/confirmed structure.,Blocked public stage jump Stage 1 -> Stage 4; waiting for intermediate/confirmed structure.,,2026-07-21,Stage 4,watchlist,weekly_watchlist,watchlist,5.68,4.0,4.92,2.0,5.68,4.0,6.92,-16.37,-2.57,2443957557.74,"Stage 4, Stage 4 - Weak/Declining, downtrend | Blocked public stage jump Stage 1 -> Stage 4; waiting for intermediate/confirmed structure.",791,736,Stage 1,watchlist,weekly_watchlist,10.66,-55,-3.74,False,False,False,False,False
GILLETTE.NS,Gillette India Limited,Household & Personal Products,Consumer Defensive,False,Cash,1,Stage 4,Stage 4,Stage 4 - Confirmed Downtrend,0.86,Price is below a bearish moving-average stack with falling trend signals.,,,,,watchlist,weekly_watchlist,watchlist,0.0,4.24,1.91,5.0,0.0,4.24,6.91,1.65,0.75,162906573.88,"Stage 4, Stage 4 - Confirmed Downtrend, downtrend",792,789,Stage 4,watchlist,weekly_watchlist,6.8,-3,0.11000000000000032,False,False,False,False,False
SANDHAR.NS,Sandhar Technologies Limited,Auto Parts,Consumer Cyclical,False,Cash,1,Stage 2 Failed,Stage 1,Failed Stage 2,0.72,"This stock was recently Stage 2, but the latest structure no longer satisfies Stage 2 rules. It is kept as Stage 2 Failed until a fresh base/repair structure forms.",Recent Stage 2 break; public stage held as Stage 2 Failed.,2026-10-08,2026-09-22,,watchlist,weekly_watchlist,watchlist,0.0,4.09,1.84,5.0,0.0,4.09,6.84,-5.13,14.02,62344214.73,"Stage 1, Stage 1 - Unclear/Repair, volume_dryup, weekly_volume_dryup, stage1_not_actionable, stage1_needs_more_base | Stage 2 failed state applied from stage memory.",793,791,Stage 2 Failed,watchlist,weekly_watchlist,6.7,-2,0.13999999999999968,False,False,False,False,False
SJS.NS,S.J.S. Enterprises Limited,Auto Parts,Consumer Cyclical,False,Cash,1,Stage 2 Failed,Stage 1,Failed Stage 2,0.72,"This stock was recently Stage 2, but the latest structure no longer satisfies Stage 2 rules. It is kept as Stage 2 Failed until a fresh base/repair structure forms.",Recent Stage 2 break; public stage held as Stage 2 Failed.,2026-10-08,2026-10-05,,watchlist,weekly_watchlist,watchlist,0.0,4.08,1.84,5.0,0.0,4.08,6.84,-0.13,20.89,418263895.0,"Stage 1, Stage 1 - Base/Repair, stage1_not_actionable, stage1_needs_more_base | Stage 2 failed state applied from stage memory.",794,794,Stage 2 Failed,watchlist,weekly_watchlist,6.51,0,0.33000000000000007,False,False,False,False,False
JYOTHYLAB.NS,Jyothy Labs Limited,Household & Personal Products,Consumer Defensive,False,Cash,1,Stage 4,Stage 4,Stage 4 - Confirmed Downtrend,0.86,Price is below a bearish moving-average stack with falling trend signals.,,,,,watchlist,weekly_watchlist,watchlist,0.0,4.0,1.8,5.0,0.0,4.0,6.8,1.33,-9.9,63225720.18,"Stage 4, Stage 4 - Confirmed Downtrend, volume_dryup, weekly_volume_dryup, downtrend",795,790,Stage 4,watchlist,weekly_watchlist,6.8,-5,0.0,False,False,False,False,False
IONEXCHANG.NS,ION Exchange (India) Limited,Industrials,Industrials,False,Cash,1,Stage 2 Failed,Not Sure,Failed Stage 2,0.72,"This stock was recently Stage 2, but the latest structure no longer satisfies Stage 2 rules. It is kept as Stage 2 Failed until a fresh base/repair structure forms.",Recent Stage 2 break; public stage held as Stage 2 Failed.,2026-10-08,2026-09-30,,watchlist,weekly_watchlist,watchlist,4.9,8.8,6.66,0.0,4.9,8.8,6.66,-2.53,6.53,112352062.11,"Not Sure, Not Sure, volume_dryup, weekly_volume_dryup | Stage 2 failed state applied from stage memory.",796,883,Stage 2 Failed,watchlist,weekly_watchlist,1.08,87,5.58,False,False,False,False,False
AVL.NS,Aditya Vision Limited,Consumer Cyclical,Consumer Cyclical,False,Cash,1,Stage 2 Failed,Stage 1,Failed Stage 2,0.72,"This stock was recently Stage 2, but the latest structure no longer satisfies Stage 2 rules. It is kept as Stage 2 Failed until a fresh base/repair structure forms.",Recent Stage 2 break; public stage held as Stage 2 Failed.,2026-10-08,2026-10-07,,watchlist,weekly_watchlist,watchlist,0.5,9.69,4.64,2.0,0.5,9.69,6.64,3.4,25.49,98121452.51,"Stage 1, Stage 1 - Base/Repair, volume_dryup, stage1_not_actionable, stage1_needs_more_base | Stage 2 failed state applied from stage memory.",797,337,Stage 2 Failed,watchlist,weekly_watchlist,28.04,-460,-21.4,False,False,False,False,False
CHAMBLFERT.NS,Chambal Fertilizers & Chemicals Limited,Agricultural Inputs,Basic Materials,False,Cash,1,Stage 4,Stage 4,Stage 4 - Confirmed Downtrend,0.86,Price is below a bearish moving-average stack with falling trend signals.,,,2026-07-03,,watchlist,weekly_watchlist,watchlist,12.05,0.0,6.63,0.0,12.05,0.0,6.63,-7.35,-7.98,169544779.29,"Stage 4, Stage 4 - Confirmed Downtrend, volume_dryup, weekly_volume_dryup, downtrend",798,778,Stage 4,watchlist,weekly_watchlist,7.76,-20,-1.13,False,False,False,False,False
DEEPAKFERT.NS,Deepak Fertilizers and Petrochemicals Corporation Limited,Chemicals,Basic Materials,False,Cash,1,Stage 3,Stage 3,Stage 3 - Distribution/Damage,0.76,"Prior strength exists, but short-term and/or weekly structure is deteriorating.",,,2026-08-28,,watchlist,weekly_watchlist,watchlist,0.0,3.51,1.58,5.0,0.0,3.51,6.58,-1.07,24.13,329839746.25,"Stage 3, Stage 3 - Distribution/Damage, distribution_risk",799,798,Stage 3,watchlist,weekly_watchlist,6.43,-1,0.15000000000000036,False,False,False,False,False
TMPV.NS,Tata Motors Passenger Vehicles Limited,Auto Manufacturers,Consumer Cyclical,True,F&O,1,Stage 4,Stage 4,Stage 4 - Confirmed Downtrend,0.86,Price is below a bearish moving-average stack with falling trend signals.,,,,,watchlist,weekly_watchlist,watchlist,8.2,0.0,4.51,2.0,8.2,0.0,6.51,-9.94,-15.39,3188944428.06,"Stage 4, Stage 4 - Confirmed Downtrend, weekly_volume_dryup, downtrend",800,793,Stage 4,watchlist,weekly_watchlist,6.51,-7,0.0,False,False,False,False,False
NBCC.NS,NBCC (India) Limited,Engineering & Construction,Industrials,True,F&O,1,Stage 4,Stage 4,Stage 4 - Confirmed Downtrend,0.86,Price is below a bearish moving-average stack with falling trend signals.,,,2026-07-02,,watchlist,weekly_watchlist,watchlist,8.52,4.0,6.49,0.0,8.52,4.0,6.49,-15.92,-12.57,385835932.92,"Stage 4, Stage 4 - Confirmed Downtrend, weekly_volume_dryup, downtrend",801,800,Stage 4,watchlist,weekly_watchlist,6.34,-1,0.15000000000000036,False,False,False,False,False
DMART.NS,Avenue Supermarts Limited,Consumer Defensive,Consumer Defensive,True,F&O,1,Stage 4,Stage 4,Stage 4 - Weak/Declining,0.72,Price is below long-term support with weak trend evidence.,,,2026-05-18,,watchlist,weekly_watchlist,watchlist,9.1,3.2,6.45,0.0,9.1,3.2,6.45,-0.29,-11.69,2154521755.98,"Stage 4, Stage 4 - Weak/Declining, downtrend",802,796,Stage 4,watchlist,weekly_watchlist,6.45,-6,0.0,False,False,False,False,False
DCMSHRIRAM.NS,DCM Shriram Limited,Conglomerates,Industrials,False,Cash,1,Stage 4,Stage 4,Stage 4 - Confirmed Downtrend,0.86,Price is below a bearish moving-average stack with falling trend signals.,,,,,watchlist,weekly_watchlist,watchlist,0.0,14.27,6.42,0.0,0.0,14.27,6.42,1.46,-11.68,126747292.21,"Stage 4, Stage 4 - Confirmed Downtrend, downtrend",803,770,Stage 4,watchlist,weekly_watchlist,8.42,-33,-2.0,False,False,False,False,False
VBL.NS,Varun Beverages Limited,Consumer Defensive,Consumer Defensive,True,F&O,1,Stage 4,Stage 4,Stage 4 - Weak/Declining,0.72,Price is below long-term support with weak trend evidence.,,,2026-07-10,,watchlist,weekly_watchlist,watchlist,8.26,4.15,6.41,0.0,8.26,4.15,6.41,0.13,1.38,2122418167.61,"Stage 4, Stage 4 - Weak/Declining, weekly_volume_dryup, downtrend",804,799,Stage 4,watchlist,weekly_watchlist,6.35,-5,0.0600000000000005,False,False,False,False,False
MARUTI.NS,Maruti Suzuki India Limited,Auto Manufacturers,Consumer Cyclical,True,F&O,1,Stage 4,Stage 4,Stage 4 - Confirmed Downtrend,0.86,Price is below a bearish moving-average stack with falling trend signals.,,,,,watchlist,weekly_watchlist,watchlist,7.83,0.0,4.31,2.0,7.83,0.0,6.31,-7.77,-7.6,4579614110.65,"Stage 4, Stage 4 - Confirmed Downtrend, downtrend",805,779,Stage 4,watchlist,weekly_watchlist,7.49,-26,-1.1800000000000006,False,False,False,False,False
MINDACORP.NS,Minda Corporation Limited,Auto Parts,Consumer Cyclical,False,Cash,1,Stage 2 Failed,Stage 1,Failed Stage 2,0.72,"This stock was recently Stage 2, but the latest structure no longer satisfies Stage 2 rules. It is kept as Stage 2 Failed until a fresh base/repair structure forms.",Recent Stage 2 break; public stage held as Stage 2 Failed.,2026-10-08,2026-10-06,,watchlist,weekly_watchlist,watchlist,0.0,2.92,1.31,5.0,0.0,2.92,6.31,2.41,30.81,124807554.74,"Stage 1, Stage 1 - Base/Repair, volume_dryup, weekly_volume_dryup, stage1_not_actionable, stage1_needs_more_base | Stage 2 failed state applied from stage memory.",806,810,Stage 2 Failed,watchlist,weekly_watchlist,5.92,4,0.3899999999999997,False,False,False,False,False
TRIVENI.NS,Triveni Engineering & Industries Limited,Consumer Defensive,Consumer Defensive,False,Cash,1,Stage 4,Stage 4,Stage 4 - Confirmed Downtrend,0.86,Price is below a bearish moving-average stack with falling trend signals.,,,2026-07-21,,watchlist,weekly_watchlist,watchlist,11.29,0.0,6.21,0.0,11.29,0.0,6.21,-41.77,-31.27,168488152.54,"Stage 4, Stage 4 - Confirmed Downtrend, volume_dryup, weekly_volume_dryup, downtrend",807,819,Stage 4,watchlist,weekly_watchlist,5.2,12,1.0099999999999998,False,False,False,False,False
GLOBUSSPR.NS,Globus Spirits Limited,Consumer Defensive,Consumer Defensive,False,Cash,1,Stage 4,Stage 4,Stage 4 - Confirmed Downtrend,0.86,Price is below a bearish moving-average stack with falling trend signals.,,,,,watchlist,weekly_watchlist,watchlist,11.17,0.0,6.14,0.0,11.17,0.0,6.14,-7.57,-6.49,52562042.6,"Stage 4, Stage 4 - Confirmed Downtrend, volume_dryup, weekly_volume_dryup, downtrend",808,803,Stage 4,watchlist,weekly_watchlist,6.3,-5,-0.16000000000000014,False,False,False,False,False
PERSISTENT.NS,Persistent Systems Limited,Information Technology Services,Technology,True,F&O,1,Stage 3,Stage 3,Stage 3 - Transition,0.62,"The structure is transitioning after prior strength, but it is not yet a confirmed Stage 4 decline.",,,2026-08-17,,watchlist,weekly_watchlist,watchlist,0.0,9.02,4.06,2.0,0.0,9.02,6.06,15.14,7.11,2030020597.67,"Stage 3, Stage 3 - Transition, volume_dryup, weekly_volume_dryup, distribution_risk",809,814,Stage 3,watchlist,weekly_watchlist,5.74,5,0.3199999999999994,False,False,False,False,False
GICRE.NS,General Insurance Corporation of India,Financial Services,Financial Services,False,Cash,1,Stage 4,Stage 4,Stage 4 - Confirmed Downtrend,0.86,Price is below a bearish moving-average stack with falling trend signals.,,,2026-06-15,,watchlist,weekly_watchlist,watchlist,10.27,0.8,6.01,0.0,10.27,0.8,6.01,-3.93,-12.39,165558378.29,"Stage 4, Stage 4 - Confirmed Downtrend, volume_dryup, weekly_volume_dryup, downtrend",810,806,Stage 4,watchlist,weekly_watchlist,6.06,-4,-0.04999999999999982,False,False,False,False,False
IGL.NS,Indraprastha Gas Limited,Utilities,Utilities,False,Cash,1,Stage 4,Stage 4,Stage 4 - Confirmed Downtrend,0.86,Price is below a bearish moving-average stack with falling trend signals.,,,,,watchlist,weekly_watchlist,watchlist,9.2,2.0,5.96,0.0,9.2,2.0,5.96,2.7,-6.22,239186434.33,"Stage 4, Stage 4 - Confirmed Downtrend, weekly_volume_dryup, downtrend",811,715,Stage 4,watchlist,weekly_watchlist,12.14,-96,-6.180000000000001,False,False,False,False,False
HDFCBANK.NS,HDFC Bank Limited,Banks - Regional,Financial Services,True,F&O,1,Stage 4,Stage 4,Stage 4 - Confirmed Downtrend,0.86,Price is below a bearish moving-average stack with falling trend signals.,,,,,watchlist,weekly_watchlist,watchlist,0.0,8.8,3.96,2.0,0.0,8.8,5.96,-6.31,-4.18,21722484185.82,"Stage 4, Stage 4 - Confirmed Downtrend, downtrend",812,808,Stage 4,watchlist,weekly_watchlist,5.96,-4,0.0,False,False,False,False,False
BHARATFORG.NS,Bharat Forge Limited,Auto Parts,Consumer Cyclical,True,F&O,1,Stage 1,Stage 1,Stage 1 - Base/Repair,0.7,Price is near long-term moving averages with no strong long-term downtrend signal.,,,2026-09-03,,watchlist,weekly_watchlist,watchlist,0.0,2.0,0.9,5.0,0.0,2.0,5.9,-7.37,4.14,1396723292.26,"Stage 1, Stage 1 - Base/Repair, volume_dryup, weekly_volume_dryup, stage1_not_actionable, stage1_needs_more_base",813,811,Not Sure,watchlist,weekly_watchlist,5.9,-2,0.0,False,False,False,False,False
ZENTEC.NS,Zen Technologies Limited,Aerospace & Defense,Industrials,False,Cash,1,Stage 1,Stage 1,Stage 1 - Base/Repair,0.7,Price is near long-term moving averages with no strong long-term downtrend signal.,,,2026-09-08,,watchlist,weekly_watchlist,watchlist,0.0,2.0,0.9,5.0,0.0,2.0,5.9,-7.8,6.75,386678893.81,"Stage 1, Stage 1 - Base/Repair, volume_dryup, weekly_volume_dryup, stage1_not_actionable, stage1_needs_more_base",814,812,Stage 1,watchlist,weekly_watchlist,5.9,-2,0.0,False,False,False,False,False
SENORES.NS,Senores Pharmaceuticals Limited,Drug Manufacturers - General,Healthcare,False,Cash,1,Stage 2 Failed,Stage 3,Failed Stage 2,0.72,"This stock was recently Stage 2, but the latest structure no longer satisfies Stage 2 rules. It is kept as Stage 2 Failed until a fresh base/repair structure forms.",Recent Stage 2 break; public stage held as Stage 2 Failed.,2026-10-08,2026-10-05,,watchlist,weekly_watchlist,watchlist,0.0,1.97,0.89,5.0,0.0,1.97,5.89,-0.53,56.25,313110560.46,"Stage 3, Stage 3 - Distribution/Damage, weekly_volume_dryup, distribution_risk | Stage 2 failed state applied from stage memory.",815,774,Stage 2 Failed,watchlist,weekly_watchlist,7.91,-41,-2.0200000000000005,False,False,False,False,False
UBL.NS,United Breweries Limited,Consumer Defensive,Consumer Defensive,False,Cash,1,Stage 4,Stage 4,Stage 4 - Confirmed Downtrend,0.86,Price is below a bearish moving-average stack with falling trend signals.,,,,,watchlist,weekly_watchlist,watchlist,7.32,4.0,5.83,0.0,7.32,4.0,5.83,-4.09,-13.02,151312872.41,"Stage 4, Stage 4 - Confirmed Downtrend, weekly_volume_dryup, downtrend",816,813,Stage 4,watchlist,weekly_watchlist,5.86,-3,-0.03000000000000025,False,False,False,False,False
GOKULAGRO.NS,Gokul Agro Resources Limited,Packaged Foods,Consumer Defensive,False,Cash,1,Stage 2 Failed,Stage 1,Failed Stage 2,0.72,"This stock was recently Stage 2, but the latest structure no longer satisfies Stage 2 rules. It is kept as Stage 2 Failed until a fresh base/repair structure forms.",Recent Stage 2 break; public stage held as Stage 2 Failed.,2026-10-08,2026-09-28,,watchlist,weekly_watchlist,watchlist,0.0,7.93,3.57,2.0,0.0,7.93,5.57,4.21,7.1,64445154.76,"Stage 1, Stage 1 - Base/Repair, volume_dryup, weekly_volume_dryup, stage1_not_actionable, stage1_needs_more_base | Stage 2 failed state applied from stage memory.",817,817,Stage 2 Failed,watchlist,weekly_watchlist,5.6,0,-0.02999999999999936,False,False,False,False,False
MASFIN.NS,MAS Financial Services Limited,Credit Services,Financial Services,False,Cash,1,Stage 4,Stage 4,Stage 4 - Confirmed Downtrend,0.86,Price is below a bearish moving-average stack with falling trend signals.,,,2026-07-13,,watchlist,weekly_watchlist,watchlist,6.47,0.0,3.56,2.0,6.47,0.0,5.56,-9.08,-9.66,61774741.51,"Stage 4, Stage 4 - Confirmed Downtrend, downtrend",818,771,Stage 4,watchlist,weekly_watchlist,8.31,-47,-2.750000000000001,False,False,False,False,False
GODIGIT.NS,Go Digit General Insurance Limited,Financial Services,Financial Services,False,Cash,1,Stage 4,Stage 4,Stage 4 - Weak/Declining,0.72,Price is below long-term support with weak trend evidence.,,,,,watchlist,weekly_watchlist,watchlist,7.7,2.8,5.5,0.0,7.7,2.8,5.5,-5.64,-10.97,280398490.04,"Stage 4, Stage 4 - Weak/Declining, weekly_volume_dryup, downtrend",819,816,Stage 4,watchlist,weekly_watchlist,5.62,-3,-0.1200000000000001,False,False,False,False,False
SRF.NS,SRF Limited,Conglomerates,Industrials,True,F&O,1,Stage 4,Stage 4,Stage 4 - Confirmed Downtrend,0.86,Price is below a bearish moving-average stack with falling trend signals.,,,,,watchlist,weekly_watchlist,watchlist,8.68,1.39,5.4,0.0,8.68,1.39,5.4,-1.02,6.93,554744304.13,"Stage 4, Stage 4 - Confirmed Downtrend, downtrend",820,804,Stage 4,watchlist,weekly_watchlist,6.3,-16,-0.8999999999999995,False,False,False,False,False
MEDPLUS.NS,Medplus Health Services Limited,Healthcare,Healthcare,False,Cash,1,Stage 4,Stage 4,Stage 4 - Confirmed Downtrend,0.86,Price is below a bearish moving-average stack with falling trend signals.,,,2026-06-18,,watchlist,weekly_watchlist,watchlist,0.0,0.8,0.36,5.0,0.0,0.8,5.36,-14.24,-20.28,53428219.05,"Stage 4, Stage 4 - Confirmed Downtrend, volume_dryup, weekly_volume_dryup, downtrend",821,809,Stage 4,watchlist,weekly_watchlist,5.96,-12,-0.5999999999999996,False,False,False,False,False
WIPRO.NS,Wipro Limited,Information Technology Services,Technology,True,F&O,1,Stage 4,Stage 4,Stage 4 - Confirmed Downtrend,0.86,Price is below a bearish moving-average stack with falling trend signals.,,,,,watchlist,weekly_watchlist,watchlist,6.06,0.0,3.33,2.0,6.06,0.0,5.33,-1.41,-16.46,3246748724.57,"Stage 4, Stage 4 - Confirmed Downtrend, downtrend",822,830,Stage 4,watchlist,weekly_watchlist,4.86,8,0.46999999999999975,False,False,False,False,False
ZFCVINDIA.NS,ZF Commercial Vehicle Control Systems India Limited,Auto Parts,Consumer Cyclical,False,Cash,1,Stage 4,Stage 4,Stage 4 - Weak/Declining,0.72,Price is below long-term support with weak trend evidence.,,,2026-09-16,,watchlist,weekly_watchlist,watchlist,0.0,0.0,0.0,5.0,0.0,0.0,5.0,-0.36,-4.06,238921730.29,"Stage 4, Stage 4 - Weak/Declining, volume_dryup, weekly_volume_dryup, downtrend",823,820,Stage 2 Failed,watchlist,weekly_watchlist,5.0,-3,0.0,False,False,False,False,False
CIEINDIA.NS,CIE Automotive India Limited,Auto Parts,Consumer Cyclical,False,Cash,1,Stage 4,Stage 4,Stage 4 - Weak/Declining,0.72,Price is below long-term support with weak trend evidence.,,,2026-07-22,,watchlist,weekly_watchlist,watchlist,0.0,0.0,0.0,5.0,0.0,0.0,5.0,-10.79,-15.03,83898003.0,"Stage 4, Stage 4 - Weak/Declining, volume_dryup, weekly_volume_dryup, downtrend",824,822,Stage 4,watchlist,weekly_watchlist,5.0,-2,0.0,False,False,False,False,False
INDIAGLYCO.NS,India Glycols Limited,Chemicals,Basic Materials,False,Cash,1,Stage 4,Stage 4,Stage 4 - Confirmed Downtrend,0.86,Price is below a bearish moving-average stack with falling trend signals.,,,2026-09-01,,watchlist,weekly_watchlist,watchlist,0.0,0.0,0.0,5.0,0.0,0.0,5.0,-59.47,-55.63,437310700.3,"Stage 4, Stage 4 - Confirmed Downtrend, downtrend",825,824,Stage 4,watchlist,weekly_watchlist,5.0,-1,0.0,False,False,False,False,False
SENCO.NS,Senco Gold Limited,Luxury Goods,Consumer Cyclical,False,Cash,1,Stage 2 Failed,Stage 3,Failed Stage 2,0.72,"This stock was recently Stage 2, but the latest structure no longer satisfies Stage 2 rules. It is kept as Stage 2 Failed until a fresh base/repair structure forms.",Recent Stage 2 break; public stage held as Stage 2 Failed.,2026-10-08,2026-09-23,,watchlist,weekly_watchlist,watchlist,0.0,0.0,0.0,5.0,0.0,0.0,5.0,-2.37,11.53,1040261660.25,"Stage 3, Stage 3 - Distribution/Damage, distribution_risk | Stage 2 failed state applied from stage memory.",826,825,Stage 2 Failed,watchlist,weekly_watchlist,5.0,-1,0.0,False,False,False,False,False
STYRENIX.NS,Styrenix Performance Materials Limited,Chemicals,Basic Materials,False,Cash,1,Stage 4,Stage 4,Stage 4 - Weak/Declining,0.72,Price is below long-term support with weak trend evidence.,,,2026-08-19,,watchlist,weekly_watchlist,watchlist,0.0,0.0,0.0,5.0,0.0,0.0,5.0,-5.07,-1.71,57550201.3,"Stage 4, Stage 4 - Weak/Declining, volume_dryup, weekly_volume_dryup, downtrend",827,805,Stage 4,watchlist,weekly_watchlist,6.26,-22,-1.2599999999999998,False,False,False,False,False
VAIBHAVGBL.NS,Vaibhav Global Limited,Luxury Goods,Consumer Cyclical,False,Cash,1,Stage 4,Stage 4,Stage 4 - Confirmed Downtrend,0.86,Price is below a bearish moving-average stack with falling trend signals.,,,2026-08-13,,watchlist,weekly_watchlist,watchlist,0.0,0.0,0.0,5.0,0.0,0.0,5.0,-13.36,2.72,48365393.26,"Stage 4, Stage 4 - Confirmed Downtrend, downtrend",828,827,Stage 4,watchlist,weekly_watchlist,5.0,-1,0.0,False,False,False,False,False
NAVNETEDUL.NS,Navneet Education Limited,Communication Services,Communication Services,False,Cash,1,Stage 4,Stage 4,Stage 4 - Confirmed Downtrend,0.86,Price is below a bearish moving-average stack with falling trend signals.,,,2026-07-21,,watchlist,weekly_watchlist,watchlist,0.0,0.0,0.0,5.0,0.0,0.0,5.0,-10.76,-0.86,12044174.76,"Stage 4, Stage 4 - Confirmed Downtrend, volume_dryup, weekly_volume_dryup, downtrend",829,828,Stage 4,watchlist,weekly_watchlist,5.0,-1,0.0,False,False,False,False,False
HAPPSTMNDS.NS,Happiest Minds Technologies Limited,Information Technology Services,Technology,False,Cash,1,Stage 4,Stage 4,Stage 4 - Confirmed Downtrend,0.86,Price is below a bearish moving-average stack with falling trend signals.,,,,,watchlist,weekly_watchlist,watchlist,5.02,0.0,2.76,2.0,5.02,0.0,4.76,-14.68,-13.23,178980541.07,"Stage 4, Stage 4 - Confirmed Downtrend, volume_dryup, weekly_volume_dryup, downtrend",830,833,Stage 4,watchlist,weekly_watchlist,4.76,3,0.0,False,False,False,False,False
NH.NS,Narayana Hrudayalaya Ltd.,Medical Care Facilities,Healthcare,False,Cash,1,Stage 2 Failed,Stage 4,Failed Stage 2,0.72,"This stock was recently Stage 2, but the latest structure no longer satisfies Stage 2 rules. It is kept as Stage 2 Failed until a fresh base/repair structure forms.",Recent Stage 2 break; public stage held as Stage 2 Failed.,2026-10-08,2026-09-23,,watchlist,weekly_watchlist,watchlist,8.47,0.0,4.66,0.0,8.47,0.0,4.66,-7.19,2.72,355639962.33,"Stage 4, Stage 4 - Weak/Declining, volume_dryup, weekly_volume_dryup, downtrend | Stage 2 failed state applied from stage memory.",831,831,Stage 2 Failed,watchlist,weekly_watchlist,4.85,0,-0.1899999999999995,False,False,False,False,False
CCL.NS,CCL Products (India) Limited,Packaged Foods,Consumer Defensive,False,Cash,1,Stage 1,Stage 1,Stage 1 - Base/Repair,0.7,Price is near long-term moving averages with no strong long-term downtrend signal.,,,2026-09-03,,watchlist,weekly_watchlist,watchlist,0.0,5.6,2.52,2.0,0.0,5.6,4.52,-6.15,5.76,143295172.53,"Stage 1, Stage 1 - Base/Repair, weekly_volume_dryup, stage1_not_actionable, stage1_needs_more_base",832,836,Stage 1,watchlist,weekly_watchlist,4.52,4,0.0,False,False,False,False,False
JISLJALEQS.NS,Jain Irrigation Systems Limited,Conglomerates,Industrials,False,Cash,1,Stage 4,Stage 4,Stage 4 - Confirmed Downtrend,0.86,Price is below a bearish moving-average stack with falling trend signals.,,,,,watchlist,weekly_watchlist,watchlist,8.2,0.0,4.51,0.0,8.2,0.0,4.51,-5.43,-13.75,119071622.8,"Stage 4, Stage 4 - Confirmed Downtrend, downtrend",833,758,Stage 4,watchlist,weekly_watchlist,9.32,-75,-4.8100000000000005,False,False,False,False,False
OFSS.NS,Oracle Financial Services Software Limited,Software - Infrastructure,Technology,True,F&O,1,Stage 2 Failed,Stage 1,Failed Stage 2,0.72,"This stock was recently Stage 2, but the latest structure no longer satisfies Stage 2 rules. It is kept as Stage 2 Failed until a fresh base/repair structure forms.",Recent Stage 2 break; public stage held as Stage 2 Failed.,2026-10-08,2026-10-05,,watchlist,weekly_watchlist,watchlist,0.0,9.84,4.43,0.0,0.0,9.84,4.43,-2.54,44.93,2310811259.9,"Stage 1, Stage 1 - Base/Repair, weekly_volume_dryup, stage1_not_actionable, stage1_needs_more_base | Stage 2 failed state applied from stage memory.",834,837,Stage 2 Failed,watchlist,weekly_watchlist,4.42,3,0.009999999999999787,False,False,False,False,False
NTPC.NS,NTPC Limited,Utilities,Utilities,True,F&O,1,Stage 4,Stage 4,Stage 4 - Weak/Declining,0.72,Price is below long-term support with weak trend evidence.,,,2026-06-08,,watchlist,weekly_watchlist,watchlist,4.69,4.0,4.38,0.0,4.69,4.0,4.38,-1.92,-12.54,2275080956.33,"Stage 4, Stage 4 - Weak/Declining, weekly_volume_dryup, downtrend",835,843,Stage 4,watchlist,weekly_watchlist,3.4,8,0.98,False,False,False,False,False
LTF.NS,L&T Finance Limited,Credit Services,Financial Services,True,F&O,1,Stage 2 Failed,Stage 4,Failed Stage 2,0.72,"This stock was recently Stage 2, but the latest structure no longer satisfies Stage 2 rules. It is kept as Stage 2 Failed until a fresh base/repair structure forms.",Recent Stage 2 break; public stage held as Stage 2 Failed.,2026-10-08,2026-09-22,,watchlist,weekly_watchlist,watchlist,4.26,0.0,2.34,2.0,4.26,0.0,4.34,-10.2,0.1,1749983450.88,"Stage 4, Stage 4 - Weak/Declining, weekly_volume_dryup, downtrend | Stage 2 failed state applied from stage memory.",836,832,Stage 2 Failed,watchlist,weekly_watchlist,4.82,-4,-0.4800000000000004,False,False,False,False,False
INOXGREEN.NS,Inox Green Energy Services Limited,Utilities - Renewable,Utilities,False,Cash,1,Stage 4,Stage 4,Stage 4 - Confirmed Downtrend,0.86,Price is below a bearish moving-average stack with falling trend signals.,,,2026-07-07,,watchlist,weekly_watchlist,watchlist,6.9,0.0,3.8,0.0,6.9,0.0,3.8,-29.95,-22.54,496471068.94,"Stage 4, Stage 4 - Confirmed Downtrend, downtrend",837,840,Stage 4,watchlist,weekly_watchlist,3.8,3,0.0,False,False,False,False,False
HINDALCO.NS,Hindalco Industries Limited,Basic Materials,Basic Materials,True,F&O,1,Stage 2 Failed,Stage 4,Failed Stage 2,0.72,"This stock was recently Stage 2, but the latest structure no longer satisfies Stage 2 rules. It is kept as Stage 2 Failed until a fresh base/repair structure forms.",Recent Stage 2 break; public stage held as Stage 2 Failed.,2026-10-08,2026-09-23,,watchlist,weekly_watchlist,watchlist,6.83,0.0,3.76,0.0,6.83,0.0,3.76,-0.48,-6.6,3548253447.67,"Stage 4, Stage 4 - Weak/Declining, weekly_volume_dryup, downtrend | Stage 2 failed state applied from stage memory.",838,841,Stage 2 Failed,watchlist,weekly_watchlist,3.72,3,0.03999999999999959,False,False,False,False,False
ITDC.NS,India Tourism Development Corporation Limited,Lodging,Consumer Cyclical,False,Cash,1,Stage 2 Failed,Stage 3,Failed Stage 2,0.72,"This stock was recently Stage 2, but the latest structure no longer satisfies Stage 2 rules. It is kept as Stage 2 Failed until a fresh base/repair structure forms.",Recent Stage 2 break; public stage held as Stage 2 Failed.,2026-10-08,2026-10-07,,watchlist,weekly_watchlist,watchlist,0.0,3.89,1.75,2.0,0.0,3.89,3.75,2.48,12.37,715384221.12,"Stage 3, Stage 3 - Distribution/Damage, weekly_volume_dryup, distribution_risk | Stage 2 failed state applied from stage memory.",839,609,Stage 2,watchlist,weekly_watchlist,17.15,-230,-13.399999999999999,False,False,False,False,False
STARHEALTH.NS,Star Health and Allied Insurance Company Limited,Insurance - Life,Financial Services,False,Cash,1,Stage 3,Stage 3,Stage 3 - Distribution/Damage,0.76,"Prior strength exists, but short-term and/or weekly structure is deteriorating.",,,2026-09-15,,watchlist,weekly_watchlist,watchlist,0.83,7.27,3.73,0.0,0.83,7.27,3.73,-0.52,17.19,622191358.13,"Stage 3, Stage 3 - Distribution/Damage, distribution_risk",840,838,Stage 3,watchlist,weekly_watchlist,4.0,-2,-0.27,False,False,False,False,False
CARYSIL.NS,CARYSIL LIMITED,"Furnishings, Fixtures & Appliances",Consumer Cyclical,False,Cash,1,Stage 1,Stage 1,Stage 1 - Base/Repair,0.7,Price is near long-term moving averages with no strong long-term downtrend signal.,,,2026-09-14,,watchlist,weekly_watchlist,watchlist,5.55,1.18,3.58,0.0,5.55,1.18,3.58,-6.13,21.98,103856050.35,"Stage 1, Stage 1 - Base/Repair, stage1_not_actionable, stage1_needs_more_base",841,847,Stage 1,watchlist,weekly_watchlist,3.1,6,0.48,False,False,False,False,False
ANGELONE.NS,Angel One Limited,Capital Markets,Financial Services,True,F&O,1,Stage 2 Failed,Stage 3,Failed Stage 2,0.72,"This stock was recently Stage 2, but the latest structure no longer satisfies Stage 2 rules. It is kept as Stage 2 Failed until a fresh base/repair structure forms.",Recent Stage 2 break; public stage held as Stage 2 Failed.,2026-10-08,2026-09-23,,watchlist,weekly_watchlist,watchlist,0.0,7.74,3.48,0.0,0.0,7.74,3.48,-3.12,8.49,1240243265.08,"Stage 3, Stage 3 - Transition, distribution_risk | Stage 2 failed state applied from stage memory.",842,845,Stage 2 Failed,watchlist,weekly_watchlist,3.24,3,0.23999999999999977,False,False,False,False,False
BAJAJ-AUTO.NS,Bajaj Auto Limited,Auto Manufacturers,Consumer Cyclical,True,F&O,1,Stage 2 Failed,Stage 1,Failed Stage 2,0.72,"This stock was recently Stage 2, but the latest structure no longer satisfies Stage 2 rules. It is kept as Stage 2 Failed until a fresh base/repair structure forms.",Recent Stage 2 break; public stage held as Stage 2 Failed.,2026-10-08,2026-09-30,,watchlist,weekly_watchlist,watchlist,0.0,2.98,1.34,2.0,0.0,2.98,3.34,2.96,6.82,2951163971.9,"Stage 1, Stage 1 - Base/Repair, stage1_not_actionable, stage1_needs_more_base | Stage 2 failed state applied from stage memory.",843,846,Stage 2 Failed,watchlist,weekly_watchlist,3.11,3,0.22999999999999998,False,False,False,False,False
LICI.NS,Life Insurance Corporation Of India,Insurance - Life,Financial Services,True,F&O,1,Stage 4,Stage 4,Stage 4 - Weak/Declining,0.72,Price is below long-term support with weak trend evidence.,,,2026-08-03,,watchlist,weekly_watchlist,watchlist,5.9,0.0,3.25,0.0,5.9,0.0,3.25,-4.74,-0.41,2568750880.06,"Stage 4, Stage 4 - Weak/Declining, volume_dryup, weekly_volume_dryup, downtrend",844,842,Stage 4,watchlist,weekly_watchlist,3.55,-2,-0.2999999999999998,False,False,False,False,False
ATGL.NS,Adani Total Gas Limited,Utilities,Utilities,False,Cash,1,Stage 4,Stage 4,Stage 4 - Weak/Declining,0.72,Price is below long-term support with weak trend evidence.,,,2026-08-10,,watchlist,weekly_watchlist,watchlist,5.9,0.0,3.25,0.0,5.9,0.0,3.25,-13.93,1.47,1728782481.81,"Stage 4, Stage 4 - Weak/Declining, volume_dryup, weekly_volume_dryup, downtrend",845,844,Stage 4,watchlist,weekly_watchlist,3.25,-1,0.0,False,False,False,False,False
INDUSINDBK.NS,IndusInd Bank Limited,Banks - Regional,Financial Services,True,F&O,1,Stage 2 Failed,Stage 4,Failed Stage 2,0.72,"This stock was recently Stage 2, but the latest structure no longer satisfies Stage 2 rules. It is kept as Stage 2 Failed until a fresh base/repair structure forms.",Recent Stage 2 break; public stage held as Stage 2 Failed.,2026-10-08,2026-09-23,,watchlist,weekly_watchlist,watchlist,0.0,2.42,1.09,2.0,0.0,2.42,3.09,-5.21,9.42,2110810735.15,"Stage 4, Stage 4, downtrend | Stage 2 failed state applied from stage memory.",846,849,Stage 2 Failed,watchlist,weekly_watchlist,2.9,3,0.18999999999999995,False,False,False,False,False
TATATECH.NS,Tata Technologies Limited,Information Technology Services,Technology,False,Cash,1,Stage 2 Failed,Stage 1,Failed Stage 2,0.72,"This stock was recently Stage 2, but the latest structure no longer satisfies Stage 2 rules. It is kept as Stage 2 Failed until a fresh base/repair structure forms.",Recent Stage 2 break; public stage held as Stage 2 Failed.,2026-10-08,2026-10-05,,watchlist,weekly_watchlist,watchlist,0.0,2.36,1.06,2.0,0.0,2.36,3.06,-0.02,27.58,571272536.63,"Stage 1, Stage 1 - Base/Repair, volume_dryup, weekly_volume_dryup, stage1_not_actionable, stage1_needs_more_base | Stage 2 failed state applied from stage memory.",847,851,Stage 2 Failed,watchlist,weekly_watchlist,2.84,4,0.2200000000000002,False,False,False,False,False
IDBI.NS,IDBI Bank Limited,Banks - Regional,Financial Services,False,Cash,1,Stage 4,Stage 4,Stage 4 - Weak/Declining,0.72,Price is below long-term support with weak trend evidence.,,,,,watchlist,weekly_watchlist,watchlist,0.0,1.95,0.88,2.0,0.0,1.95,2.88,4.28,19.25,1007867443.71,"Stage 4, Stage 4 - Weak/Declining, volume_dryup, weekly_volume_dryup, downtrend",848,815,Not Sure,watchlist,weekly_watchlist,5.65,-33,-2.7700000000000005,False,False,False,False,False
IEX.NS,Indian Energy Exchange Limited,Capital Markets,Financial Services,True,F&O,1,Stage 4,Stage 4,Stage 4 - Confirmed Downtrend,0.86,Price is below a bearish moving-average stack with falling trend signals.,,,,,watchlist,weekly_watchlist,watchlist,0.0,6.2,2.79,0.0,0.0,6.2,2.79,-3.22,-14.23,358150136.4,"Stage 4, Stage 4 - Confirmed Downtrend, weekly_volume_dryup, downtrend",849,852,Stage 4,watchlist,weekly_watchlist,2.79,3,0.0,False,False,False,False,False
EIEL.NS,Enviro Infra Engineers Limited,Engineering & Construction,Industrials,False,Cash,1,Stage 4,Stage 4,Stage 4 - Weak/Declining,0.72,Price is below long-term support with weak trend evidence.,,,2026-08-10,,watchlist,weekly_watchlist,watchlist,0.0,6.2,2.79,0.0,0.0,6.2,2.79,-12.3,-9.3,124211646.07,"Stage 4, Stage 4 - Weak/Declining, volume_dryup, weekly_volume_dryup, downtrend",850,853,Stage 4,watchlist,weekly_watchlist,2.79,3,0.0,False,False,False,False,False
BSE.NS,BSE Limited,Financial Services,Financial Services,True,F&O,1,Stage 3,Stage 3,Stage 3 - Transition,0.62,"The structure is transitioning after prior strength, but it is not yet a confirmed Stage 4 decline.",,,2026-07-24,,watchlist,weekly_watchlist,watchlist,0.0,5.65,2.54,0.0,0.0,5.65,2.54,-3.91,4.37,17701197406.21,"Stage 3, Stage 3 - Transition, distribution_risk",851,854,Stage 3,watchlist,weekly_watchlist,2.52,3,0.020000000000000018,False,False,False,False,False
TATACOMM.NS,Tata Communications Limited,Telecom Services,Communication Services,False,Cash,1,Stage 2 Failed,Stage 4,Failed Stage 2,0.72,"This stock was recently Stage 2, but the latest structure no longer satisfies Stage 2 rules. It is kept as Stage 2 Failed until a fresh base/repair structure forms.",Recent Stage 2 break; public stage held as Stage 2 Failed.,2026-10-08,2026-09-18,,watchlist,weekly_watchlist,watchlist,0.0,5.53,2.49,0.0,0.0,5.53,2.49,-0.45,15.76,396218194.53,"Stage 4, Stage 4 - Weak/Declining, downtrend | Stage 2 failed state applied from stage memory.",852,859,Stage 2 Failed,watchlist,weekly_watchlist,2.16,7,0.33000000000000007,False,False,False,False,False
RAMKY.NS,Ramky Infrastructure Limited,Engineering & Construction,Industrials,False,Cash,1,Stage 4,Stage 4,Stage 4 - Confirmed Downtrend,0.86,Price is below a bearish moving-average stack with falling trend signals.,,,,,watchlist,weekly_watchlist,watchlist,1.1,4.0,2.41,0.0,1.1,4.0,2.41,-24.82,-36.67,15283543.97,"Stage 4, Stage 4 - Confirmed Downtrend, downtrend",853,855,Stage 4,watchlist,weekly_watchlist,2.41,2,0.0,False,False,False,False,False
OBEROIRLTY.NS,Oberoi Realty Limited,Real Estate,Real Estate,True,F&O,1,Stage 2 Failed,Not Sure,Failed Stage 2,0.72,"This stock was recently Stage 2, but the latest structure no longer satisfies Stage 2 rules. It is kept as Stage 2 Failed until a fresh base/repair structure forms.",Recent Stage 2 break; public stage held as Stage 2 Failed.,2026-10-08,2026-09-28,,watchlist,weekly_watchlist,watchlist,0.0,4.81,2.16,0.0,0.0,4.81,2.16,-4.96,5.1,757801169.78,"Not Sure, Not Sure, volume_dryup, weekly_volume_dryup | Stage 2 failed state applied from stage memory.",854,903,Stage 2 Failed,watchlist,weekly_watchlist,0.0,49,2.16,False,False,False,False,False
IFBIND.NS,IFB Industries Limited,"Furnishings, Fixtures & Appliances",Consumer Cyclical,False,Cash,1,Stage 4,Stage 4,Stage 4 - Weak/Declining,0.72,Price is below long-term support with weak trend evidence.,,,,,watchlist,weekly_watchlist,watchlist,0.0,4.76,2.14,0.0,0.0,4.76,2.14,-8.46,16.07,35252557.71,"Stage 4, Stage 4 - Weak/Declining, volume_dryup, weekly_volume_dryup, downtrend",855,857,Stage 4,watchlist,weekly_watchlist,2.29,2,-0.1499999999999999,False,False,False,False,False
HYUNDAI.NS,Hyundai Motor India Limited,Auto Manufacturers,Consumer Cyclical,True,F&O,1,Stage 2 Failed,Stage 4,Failed Stage 2,0.72,"This stock was recently Stage 2, but the latest structure no longer satisfies Stage 2 rules. It is kept as Stage 2 Failed until a fresh base/repair structure forms.",Recent Stage 2 break; public stage held as Stage 2 Failed.,2026-10-08,2026-09-21,,watchlist,weekly_watchlist,watchlist,0.0,0.25,0.11,2.0,0.0,0.25,2.11,6.81,11.72,1208383837.25,"Stage 4, Stage 4 - Weak/Declining, weekly_volume_dryup, downtrend | Stage 2 failed state applied from stage memory.",856,860,Stage 2 Failed,watchlist,weekly_watchlist,2.03,4,0.08000000000000007,False,False,False,False,False
STYLAMIND.NS,Stylam Industries Limited,"Furnishings, Fixtures & Appliances",Consumer Cyclical,False,Cash,1,Stage 2 Failed,Stage 3,Failed Stage 2,0.72,"This stock was recently Stage 2, but the latest structure no longer satisfies Stage 2 rules. It is kept as Stage 2 Failed until a fresh base/repair structure forms.",Recent Stage 2 break; public stage held as Stage 2 Failed.,2026-10-08,2026-10-05,,watchlist,weekly_watchlist,watchlist,0.0,4.62,2.08,0.0,0.0,4.62,2.08,6.27,51.96,134273540.6,"Stage 3, Stage 3 - Transition, weekly_volume_dryup, distribution_risk | Stage 2 failed state applied from stage memory.",857,848,Stage 2 Failed,watchlist,weekly_watchlist,3.0,-9,-0.9199999999999999,False,False,False,False,False
GRASIM.NS,Grasim Industries Limited,Building Materials,Basic Materials,True,F&O,1,Stage 2 Failed,Stage 1,Failed Stage 2,0.72,"This stock was recently Stage 2, but the latest structure no longer satisfies Stage 2 rules. It is kept as Stage 2 Failed until a fresh base/repair structure forms.",Recent Stage 2 break; public stage held as Stage 2 Failed.,2026-10-08,2026-09-30,,watchlist,weekly_watchlist,watchlist,0.0,4.5,2.02,0.0,0.0,4.5,2.02,0.21,12.82,1829047081.23,"Stage 1, Stage 1 - Base/Repair, volume_dryup, weekly_volume_dryup, stage1_not_actionable, stage1_needs_more_base | Stage 2 failed state applied from stage memory.",858,880,Stage 2 Failed,watchlist,weekly_watchlist,1.76,22,0.26,False,False,False,False,False
NAM-INDIA.NS,Nippon Life India Asset Management Limited,Asset Management,Financial Services,True,F&O,1,Stage 2 Failed,Stage 3,Failed Stage 2,0.72,"This stock was recently Stage 2, but the latest structure no longer satisfies Stage 2 rules. It is kept as Stage 2 Failed until a fresh base/repair structure forms.",Recent Stage 2 break; public stage held as Stage 2 Failed.,2026-10-08,2026-09-18,,watchlist,weekly_watchlist,watchlist,0.0,0.0,0.0,2.0,0.0,0.0,2.0,-4.69,16.26,867433812.06,"Stage 3, Stage 3 - Distribution/Damage, volume_dryup, weekly_volume_dryup, distribution_risk | Stage 2 failed state applied from stage memory.",859,902,Stage 2 Failed,watchlist,weekly_watchlist,0.0,43,2.0,False,False,False,False,False
TATAELXSI.NS,Tata Elxsi Limited,Software - Application,Technology,True,F&O,1,Stage 4,Stage 4,Stage 4 - Confirmed Downtrend,0.86,Price is below a bearish moving-average stack with falling trend signals.,,,,,watchlist,weekly_watchlist,watchlist,0.0,0.0,0.0,2.0,0.0,0.0,2.0,-10.81,-26.25,769434684.98,"Stage 4, Stage 4 - Confirmed Downtrend, weekly_volume_dryup, downtrend",860,821,Stage 4,watchlist,weekly_watchlist,5.0,-39,-3.0,False,False,False,False,False
KFINTECH.NS,Kfin Technologies Limited,Software - Application,Technology,True,F&O,1,Stage 4,Stage 4,Stage 4 - Weak/Declining,0.72,Price is below long-term support with weak trend evidence.,,,,,watchlist,weekly_watchlist,watchlist,0.0,0.0,0.0,2.0,0.0,0.0,2.0,2.74,-3.77,463038434.1,"Stage 4, Stage 4 - Weak/Declining, volume_dryup, weekly_volume_dryup, downtrend",861,823,Stage 4,watchlist,weekly_watchlist,5.0,-38,-3.0,False,False,False,False,False
J&KBANK.NS,The Jammu & Kashmir Bank Limited,Banks - Regional,Financial Services,False,Cash,1,Stage 3,Stage 3,Stage 3 - Distribution/Damage,0.76,"Prior strength exists, but short-term and/or weekly structure is deteriorating.",,,2026-08-28,,watchlist,weekly_watchlist,watchlist,0.0,0.0,0.0,2.0,0.0,0.0,2.0,-15.46,9.72,275452372.72,"Stage 3, Stage 3 - Distribution/Damage, weekly_volume_dryup, distribution_risk",862,835,Stage 3,watchlist,weekly_watchlist,4.52,-27,-2.5199999999999996,False,False,False,False,False
UJJIVANSFB.NS,Ujjivan Small Finance Bank Limited,Banks - Regional,Financial Services,False,Cash,1,Stage 2 Failed,Stage 3,Failed Stage 2,0.72,"This stock was recently Stage 2, but the latest structure no longer satisfies Stage 2 rules. It is kept as Stage 2 Failed until a fresh base/repair structure forms.",Recent Stage 2 break; public stage held as Stage 2 Failed.,2026-10-08,2026-10-05,,watchlist,weekly_watchlist,watchlist,0.0,0.0,0.0,2.0,0.0,0.0,2.0,3.8,12.52,765864365.59,"Stage 3, Stage 3 - Distribution/Damage, distribution_risk | Stage 2 failed state applied from stage memory.",863,858,Stage 2 Failed,watchlist,weekly_watchlist,2.21,-5,-0.20999999999999996,False,False,False,False,False
FIRSTCRY.NS,Brainbees Solutions Limited,Consumer Cyclical,Consumer Cyclical,False,Cash,1,Stage 4,Stage 4,Stage 4 - Confirmed Downtrend,0.86,Price is below a bearish moving-average stack with falling trend signals.,,,,,watchlist,weekly_watchlist,watchlist,0.0,0.0,0.0,2.0,0.0,0.0,2.0,-13.38,-24.52,1573725352.85,"Stage 4, Stage 4 - Confirmed Downtrend, weekly_volume_dryup, downtrend",864,865,Stage 4,watchlist,weekly_watchlist,2.0,1,0.0,False,False,False,False,False
BBTC.NS,The Bombay Burmah Trading Corporation Limited,Packaged Foods,Consumer Defensive,False,Cash,1,Stage 4,Stage 4,Stage 4 - Confirmed Downtrend,0.86,Price is below a bearish moving-average stack with falling trend signals.,,,,,watchlist,weekly_watchlist,watchlist,0.0,0.0,0.0,2.0,0.0,0.0,2.0,-10.96,-10.71,266310139.88,"Stage 4, Stage 4 - Confirmed Downtrend, volume_dryup, weekly_volume_dryup, downtrend",865,866,Stage 4,watchlist,weekly_watchlist,2.0,1,0.0,False,False,False,False,False
TSFINV.NS,TSF INVESTMENTS LIMITED,Asset Management,Financial Services,False,Cash,1,Stage 4,Stage 4,Stage 4 - Weak/Declining,0.72,Price is below long-term support with weak trend evidence.,,,,,watchlist,weekly_watchlist,watchlist,0.0,0.0,0.0,2.0,0.0,0.0,2.0,-9.15,10.09,45931439.84,"Stage 4, Stage 4 - Weak/Declining, downtrend",866,912,Stage 4,watchlist,weekly_watchlist,0.0,46,2.0,False,False,False,False,False
IXIGO.NS,Le Travenues Technology Limited,Consumer Cyclical,Consumer Cyclical,False,Cash,1,Stage 4,Stage 4,Stage 4 - Confirmed Downtrend,0.86,Price is below a bearish moving-average stack with falling trend signals.,,,,,watchlist,weekly_watchlist,watchlist,0.0,0.0,0.0,2.0,0.0,0.0,2.0,-17.44,-6.19,177544277.67,"Stage 4, Stage 4 - Confirmed Downtrend, volume_dryup, downtrend",867,868,Stage 4,watchlist,weekly_watchlist,2.0,1,0.0,False,False,False,False,False
SAMHI.NS,Samhi Hotels Limited,Lodging,Consumer Cyclical,False,Cash,1,Stage 4,Stage 4,Stage 4 - Confirmed Downtrend,0.86,Price is below a bearish moving-average stack with falling trend signals.,,,,,watchlist,weekly_watchlist,watchlist,0.0,0.0,0.0,2.0,0.0,0.0,2.0,-9.91,-4.88,159138443.76,"Stage 4, Stage 4 - Confirmed Downtrend, volume_dryup, weekly_volume_dryup, downtrend",868,870,Stage 4,watchlist,weekly_watchlist,2.0,2,0.0,False,False,False,False,False
PREMIERENE.NS,Premier Energies Limited,Solar,Technology,True,F&O,1,Stage 1,Stage 1,Stage 1 - Unclear/Repair,0.58,Not enough evidence for Stage 2 or Stage 4; classified as repair/unclear structure.,,,2026-08-14,,watchlist,weekly_watchlist,watchlist,0.0,4.4,1.98,0.0,0.0,4.4,1.98,-11.48,-4.39,1137193701.28,"Stage 1, Stage 1 - Unclear/Repair, weekly_volume_dryup, stage1_not_actionable, stage1_needs_more_base",869,871,Stage 1,watchlist,weekly_watchlist,1.98,2,0.0,False,False,False,False,False
CESC.NS,CESC Limited,Utilities,Utilities,False,Cash,1,Stage 4,Stage 4,Stage 4 - Weak/Declining,0.72,Price is below long-term support with weak trend evidence.,,,2026-08-18,,watchlist,weekly_watchlist,watchlist,1.9,2.0,1.94,0.0,1.9,2.0,1.94,-7.96,-14.34,220469420.73,"Stage 4, Stage 4 - Weak/Declining, weekly_volume_dryup, downtrend",870,872,Stage 4,watchlist,weekly_watchlist,1.97,2,-0.030000000000000027,False,False,False,False,False
WAAREEENER.NS,Waaree Energies Limited,Solar,Technology,True,F&O,1,Stage 4,Stage 4,Stage 4 - Weak/Declining,0.72,Price is below long-term support with weak trend evidence.,,,,,watchlist,weekly_watchlist,watchlist,0.0,4.0,1.8,0.0,0.0,4.0,1.8,-9.62,-25.21,1414024976.77,"Stage 4, Stage 4 - Weak/Declining, weekly_volume_dryup, downtrend",871,873,Stage 4,watchlist,weekly_watchlist,1.8,2,0.0,False,False,False,False,False
ICICIGI.NS,ICICI Lombard General Insurance Company Limited,Financial Services,Financial Services,True,F&O,1,Stage 4,Stage 4,Stage 4 - Weak/Declining,0.72,Price is below long-term support with weak trend evidence.,,,,,watchlist,weekly_watchlist,watchlist,0.0,4.0,1.8,0.0,0.0,4.0,1.8,-1.02,-6.24,1369952128.25,"Stage 4, Stage 4 - Weak/Declining, weekly_volume_dryup, downtrend",872,874,Stage 4,watchlist,weekly_watchlist,1.8,2,0.0,False,False,False,False,False
TORNTPOWER.NS,Torrent Power Limited,Utilities,Utilities,False,Cash,1,Stage 4,Stage 4,Stage 4 - Weak/Declining,0.72,Price is below long-term support with weak trend evidence.,,,2026-06-24,,watchlist,weekly_watchlist,watchlist,0.0,4.0,1.8,0.0,0.0,4.0,1.8,-8.95,-12.54,241820862.72,"Stage 4, Stage 4 - Weak/Declining, volume_dryup, weekly_volume_dryup, downtrend",873,875,Stage 4,watchlist,weekly_watchlist,1.8,2,0.0,False,False,False,False,False
VSTIND.NS,VST Industries Limited,Consumer Defensive,Consumer Defensive,False,Cash,1,Stage 4,Stage 4,Stage 4 - Confirmed Downtrend,0.86,Price is below a bearish moving-average stack with falling trend signals.,,,2026-07-10,,watchlist,weekly_watchlist,watchlist,0.0,4.0,1.8,0.0,0.0,4.0,1.8,-7.43,-5.54,20771133.7,"Stage 4, Stage 4 - Confirmed Downtrend, volume_dryup, weekly_volume_dryup, downtrend",874,876,Stage 4,watchlist,weekly_watchlist,1.8,2,0.0,False,False,False,False,False
CRIZAC.NS,Crizac Limited,Consumer Defensive,Consumer Defensive,False,Cash,1,Stage 4,Stage 4,Stage 4 - Confirmed Downtrend,0.86,Price is below a bearish moving-average stack with falling trend signals.,,,,,watchlist,weekly_watchlist,watchlist,0.0,4.0,1.8,0.0,0.0,4.0,1.8,-9.51,-22.95,41568763.15,"Stage 4, Stage 4 - Confirmed Downtrend, volume_dryup, weekly_volume_dryup, downtrend",875,877,Stage 4,watchlist,weekly_watchlist,1.8,2,0.0,False,False,False,False,False
FLAIR.NS,Flair Writing Industries Limited,Industrials,Industrials,False,Cash,1,Stage 4,Stage 4,Stage 4 - Confirmed Downtrend,0.86,Price is below a bearish moving-average stack with falling trend signals.,,,2026-05-21,,watchlist,weekly_watchlist,watchlist,0.0,4.0,1.8,0.0,0.0,4.0,1.8,-5.94,-23.72,15398840.79,"Stage 4, Stage 4 - Confirmed Downtrend, volume_dryup, weekly_volume_dryup, downtrend",876,878,Stage 4,watchlist,weekly_watchlist,1.8,2,0.0,False,False,False,False,False
ADANIGREEN.NS,Adani Green Energy Limited,Utilities - Renewable,Utilities,True,F&O,1,Stage 2 Failed,Stage 3,Failed Stage 2,0.72,"This stock was recently Stage 2, but the latest structure no longer satisfies Stage 2 rules. It is kept as Stage 2 Failed until a fresh base/repair structure forms.",Recent Stage 2 break; public stage held as Stage 2 Failed.,2026-10-08,2026-10-07,,watchlist,weekly_watchlist,watchlist,0.67,2.7,1.58,0.0,0.67,2.7,1.58,-14.83,17.8,2551151124.54,"Stage 3, Stage 3 - Distribution/Damage, distribution_risk | Stage 2 failed state applied from stage memory.",877,402,Stage 2,watchlist,weekly_watchlist,24.59,-475,-23.009999999999998,False,False,False,False,False
DHANUKA.NS,Dhanuka Agritech Limited,Agricultural Inputs,Basic Materials,False,Cash,1,Stage 4,Stage 4,Stage 4 - Confirmed Downtrend,0.86,Price is below a bearish moving-average stack with falling trend signals.,,,,,watchlist,weekly_watchlist,watchlist,0.0,3.2,1.44,0.0,0.0,3.2,1.44,-4.31,-4.18,19861133.55,"Stage 4, Stage 4 - Confirmed Downtrend, volume_dryup, weekly_volume_dryup, downtrend",878,881,Stage 4,watchlist,weekly_watchlist,1.44,3,0.0,False,False,False,False,False
TITAGARH.NS,TITAGARH RAIL SYSTEMS LIMITED,Industrials,Industrials,False,Cash,1,Stage 2 Failed,Stage 1,Failed Stage 2,0.72,"This stock was recently Stage 2, but the latest structure no longer satisfies Stage 2 rules. It is kept as Stage 2 Failed until a fresh base/repair structure forms.",Recent Stage 2 break; public stage held as Stage 2 Failed.,2026-10-08,2026-09-21,,watchlist,weekly_watchlist,watchlist,0.0,3.19,1.44,0.0,0.0,3.19,1.44,-1.13,12.98,318380908.91,"Stage 1, Stage 1 - Base/Repair, volume_dryup, weekly_volume_dryup, stage1_not_actionable, stage1_needs_more_base | Stage 2 failed state applied from stage memory.",879,888,Stage 2 Failed,watchlist,weekly_watchlist,0.62,9,0.82,False,False,False,False,False
WABAG.NS,VA Tech Wabag Limited,Engineering & Construction,Industrials,False,Cash,1,Stage 2 Failed,Stage 1,Failed Stage 2,0.72,"This stock was recently Stage 2, but the latest structure no longer satisfies Stage 2 rules. It is kept as Stage 2 Failed until a fresh base/repair structure forms.",Recent Stage 2 break; public stage held as Stage 2 Failed.,2026-10-08,2026-10-07,,watchlist,weekly_watchlist,watchlist,0.0,2.56,1.15,0.0,0.0,2.56,1.15,-0.39,41.96,1109276320.0,"Stage 1, Stage 1 - Unclear/Repair, volume_dryup, weekly_volume_dryup, stage1_not_actionable, stage1_needs_more_base | Stage 2 failed state applied from stage memory.",880,580,Stage 2,watchlist,weekly_watchlist,18.21,-300,-17.060000000000002,False,False,False,False,False
ARVSMART.NS,Arvind SmartSpaces Limited,Real Estate,Real Estate,False,Cash,1,Stage 2 Failed,Stage 1,Failed Stage 2,0.72,"This stock was recently Stage 2, but the latest structure no longer satisfies Stage 2 rules. It is kept as Stage 2 Failed until a fresh base/repair structure forms.",Recent Stage 2 break; public stage held as Stage 2 Failed.,2026-10-08,2026-09-25,,watchlist,weekly_watchlist,watchlist,0.76,1.48,1.08,0.0,0.76,1.48,1.08,7.43,11.37,260425811.81,"Stage 1, Stage 1 - Base/Repair, volume_dryup, weekly_volume_dryup, stage1_not_actionable, stage1_needs_more_base | Stage 2 failed state applied from stage memory.",881,896,Stage 2 Failed,watchlist,weekly_watchlist,0.33,15,0.75,False,False,False,False,False
HCG.NS,Healthcare Global Enterprises Limited,Medical Care Facilities,Healthcare,False,Cash,1,Stage 2 Failed,Stage 3,Failed Stage 2,0.72,"This stock was recently Stage 2, but the latest structure no longer satisfies Stage 2 rules. It is kept as Stage 2 Failed until a fresh base/repair structure forms.",Recent Stage 2 break; public stage held as Stage 2 Failed.,2026-10-08,2026-09-22,,watchlist,weekly_watchlist,watchlist,0.0,2.11,0.95,0.0,0.0,2.11,0.95,1.22,19.83,69812651.14,"Stage 3, Stage 3 - Transition, volume_dryup, weekly_volume_dryup, distribution_risk | Stage 2 failed state applied from stage memory.",882,563,Stage 2 Failed,watchlist,weekly_watchlist,18.9,-319,-17.95,False,False,False,False,False
NIACL.NS,The New India Assurance Company Limited,Financial Services,Financial Services,False,Cash,1,Stage 2 Failed,Stage 1,Failed Stage 2,0.72,"This stock was recently Stage 2, but the latest structure no longer satisfies Stage 2 rules. It is kept as Stage 2 Failed until a fresh base/repair structure forms.",Recent Stage 2 break; public stage held as Stage 2 Failed.,2026-10-08,2026-09-25,,watchlist,weekly_watchlist,watchlist,0.0,2.0,0.9,0.0,0.0,2.0,0.9,-2.62,1.19,838088665.78,"Stage 1, Stage 1 - Base/Repair, volume_dryup, weekly_volume_dryup, stage1_not_actionable, stage1_needs_more_base | Stage 2 failed state applied from stage memory.",883,885,Stage 2 Failed,watchlist,weekly_watchlist,0.9,2,0.0,False,False,False,False,False
CROMPTON.NS,Crompton Greaves Consumer Electricals Limited,"Furnishings, Fixtures & Appliances",Consumer Cyclical,True,F&O,1,Stage 4,Stage 4,Stage 4 - Weak/Declining,0.72,Price is below long-term support with weak trend evidence.,,,2026-08-06,,watchlist,weekly_watchlist,watchlist,0.0,2.0,0.9,0.0,0.0,2.0,0.9,-12.61,-13.4,452307221.97,"Stage 4, Stage 4 - Weak/Declining, volume_dryup, weekly_volume_dryup, downtrend",884,886,Stage 4,watchlist,weekly_watchlist,0.9,2,0.0,False,False,False,False,False
HEMIPROP.NS,Hemisphere Properties India Limited,Real Estate,Real Estate,False,Cash,1,Stage 4,Stage 4,Stage 4 - Confirmed Downtrend,0.86,Price is below a bearish moving-average stack with falling trend signals.,,,2026-07-03,,watchlist,weekly_watchlist,watchlist,0.0,2.0,0.9,0.0,0.0,2.0,0.9,-13.7,-7.14,33800667.03,"Stage 4, Stage 4 - Confirmed Downtrend, downtrend",885,887,Stage 4,watchlist,weekly_watchlist,0.9,2,0.0,False,False,False,False,False
FACT.NS,Fertilizers and Chemicals Travancore Limited,Agricultural Inputs,Basic Materials,False,Cash,1,Stage 4,Stage 4,Stage 4 - Weak/Declining,0.72,Price is below long-term support with weak trend evidence.,,,2026-06-26,,watchlist,weekly_watchlist,watchlist,0.0,0.8,0.36,0.0,0.0,0.8,0.36,-6.83,-10.32,134803418.59,"Stage 4, Stage 4 - Weak/Declining, volume_dryup, weekly_volume_dryup, downtrend",886,892,Stage 4,watchlist,weekly_watchlist,0.36,6,0.0,False,False,False,False,False
THERMAX.NS,Thermax Limited,Conglomerates,Industrials,False,Cash,1,Stage 4,Stage 4,Stage 4 - Weak/Declining,0.72,Price is below long-term support with weak trend evidence.,,,2026-08-05,,watchlist,weekly_watchlist,watchlist,0.0,0.8,0.36,0.0,0.0,0.8,0.36,-20.19,-16.28,520571214.47,"Stage 4, Stage 4 - Weak/Declining, volume_dryup, weekly_volume_dryup, downtrend",887,856,Stage 4,watchlist,weekly_watchlist,2.36,-31,-2.0,False,False,False,False,False
AFCONS.NS,Afcons Infrastructure Limited,Engineering & Construction,Industrials,False,Cash,1,Stage 4,Stage 4,Stage 4 - Confirmed Downtrend,0.86,Price is below a bearish moving-average stack with falling trend signals.,,,,,watchlist,weekly_watchlist,watchlist,0.0,0.8,0.36,0.0,0.0,0.8,0.36,-8.55,-22.38,682488690.12,"Stage 4, Stage 4 - Confirmed Downtrend, volume_dryup, weekly_volume_dryup, downtrend",888,893,Stage 4,watchlist,weekly_watchlist,0.36,5,0.0,False,False,False,False,False
KPIGREEN.NS,KPI Green Energy Limited,Utilities - Renewable,Utilities,False,Cash,1,Stage 4,Stage 4,Stage 4 - Confirmed Downtrend,0.86,Price is below a bearish moving-average stack with falling trend signals.,,,,,watchlist,weekly_watchlist,watchlist,0.0,0.8,0.36,0.0,0.0,0.8,0.36,-10.79,-19.24,1086624601.02,"Stage 4, Stage 4 - Confirmed Downtrend, weekly_volume_dryup, downtrend",889,894,Stage 4,watchlist,weekly_watchlist,0.36,5,0.0,False,False,False,False,False
BIRLACORPN.NS,Birla Corporation Limited,Building Materials,Basic Materials,False,Cash,1,Stage 4,Stage 4,Stage 4 - Confirmed Downtrend,0.86,Price is below a bearish moving-average stack with falling trend signals.,,,,,watchlist,weekly_watchlist,watchlist,0.0,0.8,0.36,0.0,0.0,0.8,0.36,-8.58,-9.67,43308124.61,"Stage 4, Stage 4 - Confirmed Downtrend, downtrend",890,895,Stage 4,watchlist,weekly_watchlist,0.36,5,0.0,False,False,False,False,False
LODHA.NS,Lodha Developers Limited,Real Estate,Real Estate,True,F&O,1,Stage 2 Failed,Stage 3,Failed Stage 2,0.72,"This stock was recently Stage 2, but the latest structure no longer satisfies Stage 2 rules. It is kept as Stage 2 Failed until a fresh base/repair structure forms.",Recent Stage 2 break; public stage held as Stage 2 Failed.,2026-10-08,2026-10-05,,watchlist,weekly_watchlist,watchlist,0.0,0.71,0.32,0.0,0.0,0.71,0.32,1.37,29.78,2129532289.03,"Stage 3, Stage 3 - Distribution/Damage, weekly_volume_dryup, distribution_risk | Stage 2 failed state applied from stage memory.",891,897,Stage 2 Failed,watchlist,weekly_watchlist,0.28,6,0.03999999999999998,False,False,False,False,False
CARERATING.NS,CARE Ratings Limited,Financial Services,Financial Services,False,Cash,1,Stage 2 Failed,Stage 1,Failed Stage 2,0.72,"This stock was recently Stage 2, but the latest structure no longer satisfies Stage 2 rules. It is kept as Stage 2 Failed until a fresh base/repair structure forms.",Recent Stage 2 break; public stage held as Stage 2 Failed.,2026-10-08,2026-09-23,,watchlist,weekly_watchlist,watchlist,0.0,0.36,0.16,0.0,0.0,0.36,0.16,1.28,6.31,63670914.82,"Stage 1, Stage 1 - Base/Repair, volume_dryup, weekly_volume_dryup, stage1_not_actionable, stage1_needs_more_base | Stage 2 failed state applied from stage memory.",892,890,Stage 2 Failed,watchlist,weekly_watchlist,0.48,-2,-0.31999999999999995,False,False,False,False,False
LT.NS,Larsen & Toubro Limited,Engineering & Construction,Industrials,True,F&O,1,Stage 4,Stage 4,Stage 4 - Weak/Declining,0.72,Price is below long-term support with weak trend evidence.,,,2026-09-07,,watchlist,weekly_watchlist,watchlist,0.0,0.0,0.0,0.0,0.0,0.0,0.0,2.35,-3.79,5732466786.53,"Stage 4, Stage 4 - Weak/Declining, downtrend",893,898,Stage 4,watchlist,weekly_watchlist,0.0,5,0.0,False,False,False,False,False
SBILIFE.NS,SBI Life Insurance Company Limited,Insurance - Life,Financial Services,True,F&O,1,Stage 4,Stage 4,Stage 4 - Confirmed Downtrend,0.86,Price is below a bearish moving-average stack with falling trend signals.,,,,,watchlist,weekly_watchlist,watchlist,0.0,0.0,0.0,0.0,0.0,0.0,0.0,-0.42,-7.44,2053782119.34,"Stage 4, Stage 4 - Confirmed Downtrend, downtrend",894,899,Stage 4,watchlist,weekly_watchlist,0.0,5,0.0,False,False,False,False,False
INDIGO.NS,InterGlobe Aviation Limited,Industrials,Industrials,True,F&O,1,Stage 4,Stage 4,Stage 4 - Weak/Declining,0.72,Price is below long-term support with weak trend evidence.,,,2026-08-31,,watchlist,weekly_watchlist,watchlist,0.0,0.0,0.0,0.0,0.0,0.0,0.0,2.39,11.13,2954899193.7,"Stage 4, Stage 4 - Weak/Declining, downtrend",895,882,Stage 3,watchlist,weekly_watchlist,1.26,-13,-1.26,False,False,False,False,False
ADANIENSOL.NS,Adani Energy Solutions Limited,Utilities,Utilities,True,F&O,1,Not Sure,Stage 1,Pending Stage 1,0.55,Blocked public stage jump Stage 3 -> Stage 1; waiting for intermediate/confirmed structure.,Blocked public stage jump Stage 3 -> Stage 1; waiting for intermediate/confirmed structure.,,2026-09-07,Stage 1,watchlist,weekly_watchlist,watchlist,0.0,0.0,0.0,0.0,0.0,0.0,0.0,-17.8,9.72,2287537151.5,"Stage 1, Stage 1 - Base/Repair, volume_dryup, weekly_volume_dryup, stage1_not_actionable, stage1_needs_more_base | Blocked public stage jump Stage 3 -> Stage 1; waiting for intermediate/confirmed structure.",896,900,Stage 3,watchlist,weekly_watchlist,0.0,4,0.0,False,False,False,False,False
VEDL.NS,Vedanta Limited,Basic Materials,Basic Materials,True,F&O,1,Stage 4,Stage 4,Stage 4 - Weak/Declining,0.72,Price is below long-term support with weak trend evidence.,,,,,watchlist,weekly_watchlist,watchlist,0.0,0.0,0.0,0.0,0.0,0.0,0.0,2.71,-60.31,1997624635.69,"Stage 4, Stage 4 - Weak/Declining, volume_dryup, downtrend",897,901,Stage 4,watchlist,weekly_watchlist,0.0,4,0.0,False,False,False,False,False
TIINDIA.NS,Tube Investments of India Limited,Conglomerates,Industrials,True,F&O,1,Stage 4,Stage 4,Stage 4 - Weak/Declining,0.72,Price is below long-term support with weak trend evidence.,,,2026-08-28,,watchlist,weekly_watchlist,watchlist,0.0,0.0,0.0,0.0,0.0,0.0,0.0,-14.95,-11.19,730218718.5,"Stage 4, Stage 4 - Weak/Declining, downtrend",898,861,Stage 4,watchlist,weekly_watchlist,2.0,-37,-2.0,False,False,False,False,False
PIIND.NS,PI Industries Limited,Agricultural Inputs,Basic Materials,True,F&O,1,Stage 4,Stage 4,Stage 4 - Confirmed Downtrend,0.86,Price is below a bearish moving-average stack with falling trend signals.,,,,,watchlist,weekly_watchlist,watchlist,0.0,0.0,0.0,0.0,0.0,0.0,0.0,-8.78,-24.92,653769508.86,"Stage 4, Stage 4 - Confirmed Downtrend, volume_dryup, downtrend",899,904,Stage 4,watchlist,weekly_watchlist,0.0,5,0.0,False,False,False,False,False
GODREJIND.NS,Godrej Industries Limited,Conglomerates,Industrials,False,Cash,1,Stage 4,Stage 4,Stage 4,0.66,Declining structure detected.,,,2026-09-16,,watchlist,weekly_watchlist,watchlist,0.0,0.0,0.0,0.0,0.0,0.0,0.0,-16.85,16.41,91976497.99,"Stage 4, Stage 4, volume_dryup, weekly_volume_dryup, downtrend",900,862,Stage 2 Failed,watchlist,weekly_watchlist,2.0,-38,-2.0,False,False,False,False,False
3MINDIA.NS,3M India Limited,Conglomerates,Industrials,False,Cash,1,Stage 4,Stage 4,Stage 4 - Weak/Declining,0.72,Price is below long-term support with weak trend evidence.,,,2026-08-28,,watchlist,weekly_watchlist,watchlist,0.0,0.0,0.0,0.0,0.0,0.0,0.0,-5.72,4.13,197554373.25,"Stage 4, Stage 4 - Weak/Declining, downtrend",901,863,Stage 4,watchlist,weekly_watchlist,2.0,-38,-2.0,False,False,False,False,False
SUMICHEM.NS,Sumitomo Chemical India Limited,Agricultural Inputs,Basic Materials,False,Cash,1,Stage 2 Failed,Stage 4,Failed Stage 2,0.72,"This stock was recently Stage 2, but the latest structure no longer satisfies Stage 2 rules. It is kept as Stage 2 Failed until a fresh base/repair structure forms.",Recent Stage 2 break; public stage held as Stage 2 Failed.,2026-10-08,2026-09-23,,watchlist,weekly_watchlist,watchlist,0.0,0.0,0.0,0.0,0.0,0.0,0.0,-14.79,4.76,131644472.13,"Stage 4, Stage 4 - Weak/Declining, weekly_volume_dryup, downtrend | Stage 2 failed state applied from stage memory.",902,905,Stage 2 Failed,watchlist,weekly_watchlist,0.0,3,0.0,False,False,False,False,False
NIVABUPA.NS,Niva Bupa Health Insurance Company Limited,Insurance - Life,Financial Services,False,Cash,1,Stage 4,Stage 4,Stage 4 - Weak/Declining,0.72,Price is below long-term support with weak trend evidence.,,,2026-08-25,,watchlist,weekly_watchlist,watchlist,0.0,0.0,0.0,0.0,0.0,0.0,0.0,-3.49,12.09,152107697.93,"Stage 4, Stage 4 - Weak/Declining, downtrend",903,907,Stage 4,watchlist,weekly_watchlist,0.0,4,0.0,False,False,False,False,False
EIDPARRY.NS,EID Parry India Limited,Agricultural Inputs,Basic Materials,False,Cash,1,Stage 4,Stage 4,Stage 4 - Confirmed Downtrend,0.86,Price is below a bearish moving-average stack with falling trend signals.,,,,,watchlist,weekly_watchlist,watchlist,0.0,0.0,0.0,0.0,0.0,0.0,0.0,-4.92,-14.47,199366638.35,"Stage 4, Stage 4 - Confirmed Downtrend, volume_dryup, weekly_volume_dryup, downtrend",904,908,Stage 4,watchlist,weekly_watchlist,0.0,4,0.0,False,False,False,False,False
RAINBOW.NS,Rainbow Childrens Medicare Limited,Medical Care Facilities,Healthcare,False,Cash,1,Stage 2 Failed,Stage 1,Failed Stage 2,0.72,"This stock was recently Stage 2, but the latest structure no longer satisfies Stage 2 rules. It is kept as Stage 2 Failed until a fresh base/repair structure forms.",Recent Stage 2 break; public stage held as Stage 2 Failed.,2026-10-08,2026-09-18,,watchlist,weekly_watchlist,watchlist,0.0,0.0,0.0,0.0,0.0,0.0,0.0,-7.95,4.05,226203298.46,"Stage 1, Stage 1 - Unclear/Repair, stage1_not_actionable, stage1_needs_more_base | Stage 2 failed state applied from stage memory.",905,909,Stage 2 Failed,watchlist,weekly_watchlist,0.0,4,0.0,False,False,False,False,False
WHIRLPOOL.NS,Whirlpool of India Limited,"Furnishings, Fixtures & Appliances",Consumer Cyclical,False,Cash,1,Not Sure,Stage 4,Pending Stage 4,0.55,Blocked public stage jump Stage 1 -> Stage 4; waiting for intermediate/confirmed structure.,Blocked public stage jump Stage 1 -> Stage 4; waiting for intermediate/confirmed structure.,,,Stage 4,watchlist,weekly_watchlist,watchlist,0.0,0.0,0.0,0.0,0.0,0.0,0.0,13.95,4.93,2720199290.8,"Stage 4, Stage 4 - Weak/Declining, weekly_volume_dryup, downtrend | Blocked public stage jump Stage 1 -> Stage 4; waiting for intermediate/confirmed structure.",906,889,Stage 1,watchlist,weekly_watchlist,0.54,-17,-0.54,False,False,False,False,False
AAVAS.NS,Aavas Financiers Limited,Mortgage Finance,Financial Services,False,Cash,1,Stage 4,Stage 4,Stage 4 - Confirmed Downtrend,0.86,Price is below a bearish moving-average stack with falling trend signals.,,,,,watchlist,weekly_watchlist,watchlist,0.0,0.0,0.0,0.0,0.0,0.0,0.0,-12.39,-0.57,112816484.19,"Stage 4, Stage 4 - Confirmed Downtrend, downtrend",907,910,Stage 4,watchlist,weekly_watchlist,0.0,3,0.0,False,False,False,False,False
WAAREERTL.NS,Waaree Renewable Technologies Limited,Utilities - Renewable,Utilities,False,Cash,1,Stage 4,Stage 4,Stage 4 - Weak/Declining,0.72,Price is below long-term support with weak trend evidence.,,,2026-07-22,,watchlist,weekly_watchlist,watchlist,0.0,0.0,0.0,0.0,0.0,0.0,0.0,-11.84,-17.57,99353153.2,"Stage 4, Stage 4 - Weak/Declining, weekly_volume_dryup, downtrend",908,661,Stage 4,watchlist,weekly_watchlist,16.11,-247,-16.11,False,False,False,False,False
MMTC.NS,MMTC Limited,Conglomerates,Industrials,False,Cash,1,Stage 4,Stage 4,Stage 4 - Confirmed Downtrend,0.86,Price is below a bearish moving-average stack with falling trend signals.,,,2026-07-13,,watchlist,weekly_watchlist,watchlist,0.0,0.0,0.0,0.0,0.0,0.0,0.0,-7.29,-4.98,51254373.61,"Stage 4, Stage 4 - Confirmed Downtrend, volume_dryup, weekly_volume_dryup, downtrend",909,867,Stage 4,watchlist,weekly_watchlist,2.0,-42,-2.0,False,False,False,False,False
EMBDL.NS,Embassy Developments Limited,Real Estate,Real Estate,False,Cash,1,Stage 4,Stage 4,Stage 4 - Weak/Declining,0.72,Price is below long-term support with weak trend evidence.,,,,,watchlist,weekly_watchlist,watchlist,0.0,0.0,0.0,0.0,0.0,0.0,0.0,-5.01,19.41,142711756.35,"Stage 4, Stage 4 - Weak/Declining, volume_dryup, weekly_volume_dryup, downtrend",910,911,Stage 4,watchlist,weekly_watchlist,0.0,1,0.0,False,False,False,False,False
JLHL.NS,Jupiter Life Line Hospitals Limited,Medical Care Facilities,Healthcare,False,Cash,1,Stage 2 Failed,Stage 4,Failed Stage 2,0.72,"This stock was recently Stage 2, but the latest structure no longer satisfies Stage 2 rules. It is kept as Stage 2 Failed until a fresh base/repair structure forms.",Recent Stage 2 break; public stage held as Stage 2 Failed.,2026-10-08,2026-09-18,,watchlist,weekly_watchlist,watchlist,0.0,0.0,0.0,0.0,0.0,0.0,0.0,-7.43,5.31,53838277.43,"Stage 4, Stage 4 - Weak/Declining, downtrend | Stage 2 failed state applied from stage memory.",911,913,Stage 2 Failed,watchlist,weekly_watchlist,0.0,2,0.0,False,False,False,False,False
CERA.NS,Cera Sanitaryware Limited,Building Products & Equipment,Industrials,False,Cash,1,Stage 4,Stage 4,Stage 4 - Weak/Declining,0.72,Price is below long-term support with weak trend evidence.,,,2026-08-28,,watchlist,weekly_watchlist,watchlist,0.0,0.0,0.0,0.0,0.0,0.0,0.0,-11.18,2.34,42600852.0,"Stage 4, Stage 4 - Weak/Declining, weekly_volume_dryup, downtrend",912,914,Stage 4,watchlist,weekly_watchlist,0.0,2,0.0,False,False,False,False,False
TTKPRESTIG.NS,TTK Prestige Limited,"Furnishings, Fixtures & Appliances",Consumer Cyclical,False,Cash,1,Stage 4,Stage 4,Stage 4 - Weak/Declining,0.72,Price is below long-term support with weak trend evidence.,,,2026-08-18,,watchlist,weekly_watchlist,watchlist,0.0,0.0,0.0,0.0,0.0,0.0,0.0,-13.94,15.22,34387109.37,"Stage 4, Stage 4 - Weak/Declining, weekly_volume_dryup, downtrend",913,915,Stage 4,watchlist,weekly_watchlist,0.0,2,0.0,False,False,False,False,False
PRSMJOHNSN.NS,Prism Johnson Limited,Building Materials,Basic Materials,False,Cash,1,Stage 4,Stage 4,Stage 4 - Weak/Declining,0.72,Price is below long-term support with weak trend evidence.,,,,,watchlist,weekly_watchlist,watchlist,0.0,0.0,0.0,0.0,0.0,0.0,0.0,-5.32,-15.41,34160541.66,"Stage 4, Stage 4 - Weak/Declining, volume_dryup, weekly_volume_dryup, downtrend",914,916,Stage 4,watchlist,weekly_watchlist,0.0,2,0.0,False,False,False,False,False
LATENTVIEW.NS,Latent View Analytics Limited,Industrials,Industrials,False,Cash,1,Stage 4,Stage 4,Stage 4 - Confirmed Downtrend,0.86,Price is below a bearish moving-average stack with falling trend signals.,,,,,watchlist,weekly_watchlist,watchlist,0.0,0.0,0.0,0.0,0.0,0.0,0.0,-15.15,-18.04,130891396.72,"Stage 4, Stage 4 - Confirmed Downtrend, weekly_volume_dryup, downtrend",915,917,Stage 4,watchlist,weekly_watchlist,0.0,2,0.0,False,False,False,False,False
SFL.NS,Sheela Foam Limited,"Furnishings, Fixtures & Appliances",Consumer Cyclical,False,Cash,1,Stage 4,Stage 4,Stage 4,0.66,Declining structure detected.,,,2026-08-31,,watchlist,weekly_watchlist,watchlist,0.0,0.0,0.0,0.0,0.0,0.0,0.0,-16.74,20.44,93666077.38,"Stage 4, Stage 4, volume_dryup, weekly_volume_dryup, downtrend",916,891,Stage 3,watchlist,weekly_watchlist,0.46,-25,-0.46,False,False,False,False,False
PNCINFRA.NS,PNC Infratech Limited,Engineering & Construction,Industrials,False,Cash,1,Stage 4,Stage 4,Stage 4 - Confirmed Downtrend,0.86,Price is below a bearish moving-average stack with falling trend signals.,,,,,watchlist,weekly_watchlist,watchlist,0.0,0.0,0.0,0.0,0.0,0.0,0.0,-36.6,-25.86,320189183.59,"Stage 4, Stage 4 - Confirmed Downtrend, volume_dryup, weekly_volume_dryup, downtrend",917,918,Stage 4,watchlist,weekly_watchlist,0.0,1,0.0,False,False,False,False,False
GOKEX.NS,Gokaldas Exports Limited,Apparel Manufacturing,Consumer Cyclical,False,Cash,1,Stage 4,Stage 4,Stage 4 - Weak/Declining,0.72,Price is below long-term support with weak trend evidence.,,,2026-08-20,,watchlist,weekly_watchlist,watchlist,0.0,0.0,0.0,0.0,0.0,0.0,0.0,-14.34,0.05,190699285.01,"Stage 4, Stage 4 - Weak/Declining, weekly_volume_dryup, downtrend",918,919,Stage 4,watchlist,weekly_watchlist,0.0,1,0.0,False,False,False,False,False
RALLIS.NS,Rallis India Limited,Agricultural Inputs,Basic Materials,False,Cash,1,Stage 4,Stage 4,Stage 4 - Confirmed Downtrend,0.86,Price is below a bearish moving-average stack with falling trend signals.,,,,,watchlist,weekly_watchlist,watchlist,0.0,0.0,0.0,0.0,0.0,0.0,0.0,-7.03,-17.43,91697091.38,"Stage 4, Stage 4 - Confirmed Downtrend, volume_dryup, weekly_volume_dryup, downtrend",919,920,Stage 4,watchlist,weekly_watchlist,0.0,1,0.0,False,False,False,False,False
BAJAJELEC.NS,Bajaj Electricals Limited,"Furnishings, Fixtures & Appliances",Consumer Cyclical,False,Cash,1,Stage 4,Stage 4,Stage 4 - Confirmed Downtrend,0.86,Price is below a bearish moving-average stack with falling trend signals.,,,,,watchlist,weekly_watchlist,watchlist,0.0,0.0,0.0,0.0,0.0,0.0,0.0,-4.88,-17.32,34991605.8,"Stage 4, Stage 4 - Confirmed Downtrend, volume_dryup, weekly_volume_dryup, downtrend",920,921,Stage 4,watchlist,weekly_watchlist,0.0,1,0.0,False,False,False,False,False
AGIIL.NS,Agi Infra Limited,Real Estate,Real Estate,False,Cash,1,Stage 4,Stage 4,Stage 4 - Weak/Declining,0.72,Price is below long-term support with weak trend evidence.,,,2026-07-10,,watchlist,weekly_watchlist,watchlist,0.0,0.0,0.0,0.0,0.0,0.0,0.0,-18.96,-22.86,311893789.47,"Stage 4, Stage 4 - Weak/Declining, volume_dryup, weekly_volume_dryup, downtrend",921,922,Stage 4,watchlist,weekly_watchlist,0.0,1,0.0,False,False,False,False,False
BANARISUG.NS,Bannari Amman Sugars Limited,Consumer Defensive,Consumer Defensive,False,Cash,1,Stage 4,Stage 4,Stage 4 - Confirmed Downtrend,0.86,Price is below a bearish moving-average stack with falling trend signals.,,,2026-09-08,,watchlist,weekly_watchlist,watchlist,0.0,0.0,0.0,0.0,0.0,0.0,0.0,2.65,-1.26,3715513.91,"Stage 4, Stage 4 - Confirmed Downtrend, volume_dryup, weekly_volume_dryup, downtrend",922,923,Stage 4,watchlist,weekly_watchlist,0.0,1,0.0,False,False,False,False,False
NACLIND.NS,NACL Industries Limited,Agricultural Inputs,Basic Materials,False,Cash,1,Stage 4,Stage 4,Stage 4 - Weak/Declining,0.72,Price is below long-term support with weak trend evidence.,,,2026-07-13,,watchlist,weekly_watchlist,watchlist,0.0,0.0,0.0,0.0,0.0,0.0,0.0,-31.97,-19.58,74144023.87,"Stage 4, Stage 4 - Weak/Declining, volume_dryup, weekly_volume_dryup, downtrend",923,924,Stage 4,watchlist,weekly_watchlist,0.0,1,0.0,False,False,False,False,False
NFL.NS,National Fertilizers Limited,Agricultural Inputs,Basic Materials,False,Cash,1,Stage 4,Stage 4,Stage 4 - Confirmed Downtrend,0.86,Price is below a bearish moving-average stack with falling trend signals.,,,,,watchlist,weekly_watchlist,watchlist,0.0,0.0,0.0,0.0,0.0,0.0,0.0,-6.57,-11.06,31512544.0,"Stage 4, Stage 4 - Confirmed Downtrend, volume_dryup, weekly_volume_dryup, downtrend",924,925,Stage 4,watchlist,weekly_watchlist,0.0,1,0.0,False,False,False,False,False
INDOTHAI.NS,Indo Thai Securities Limited,Capital Markets,Financial Services,False,Cash,1,Stage 4,Stage 4,Stage 4 - Confirmed Downtrend,0.86,Price is below a bearish moving-average stack with falling trend signals.,,,,,watchlist,weekly_watchlist,watchlist,0.0,0.0,0.0,0.0,0.0,0.0,0.0,-73.97,-78.93,88307538.44,"Stage 4, Stage 4 - Confirmed Downtrend, volume_dryup, weekly_volume_dryup, downtrend",925,926,Stage 4,watchlist,weekly_watchlist,0.0,1,0.0,False,False,False,False,False
KNRCON.NS,KNR Constructions Limited,Engineering & Construction,Industrials,False,Cash,1,Stage 4,Stage 4,Stage 4 - Confirmed Downtrend,0.86,Price is below a bearish moving-average stack with falling trend signals.,,,,,watchlist,weekly_watchlist,watchlist,0.0,0.0,0.0,0.0,0.0,0.0,0.0,-2.7,-2.5,153201203.14,"Stage 4, Stage 4 - Confirmed Downtrend, volume_dryup, weekly_volume_dryup, downtrend",926,927,Stage 4,watchlist,weekly_watchlist,0.0,1,0.0,False,False,False,False,False
BHAGCHEM.NS,Bhagiradha Chemicals & Industries Limited,Agricultural Inputs,Basic Materials,False,Cash,1,Stage 4,Stage 4,Stage 4,0.66,Declining structure detected.,,,2026-09-15,,watchlist,weekly_watchlist,watchlist,0.0,0.0,0.0,0.0,0.0,0.0,0.0,-16.48,7.64,24862577.72,"Stage 4, Stage 4, downtrend",927,928,Stage 4,watchlist,weekly_watchlist,0.0,1,0.0,False,False,False,False,False
PSPPROJECT.NS,PSP Projects Limited,Engineering & Construction,Industrials,False,Cash,1,Stage 4,Stage 4,Stage 4 - Weak/Declining,0.72,Price is below long-term support with weak trend evidence.,,,2026-09-03,,watchlist,weekly_watchlist,watchlist,0.0,0.0,0.0,0.0,0.0,0.0,0.0,-21.95,12.51,43707928.94,"Stage 4, Stage 4 - Weak/Declining, weekly_volume_dryup, downtrend",928,929,Stage 4,watchlist,weekly_watchlist,0.0,1,0.0,False,False,False,False,False
KPEL.NS,K.P. Energy Limited,Engineering & Construction,Industrials,False,Cash,1,Stage 4,Stage 4,Stage 4 - Confirmed Downtrend,0.86,Price is below a bearish moving-average stack with falling trend signals.,,,,,watchlist,weekly_watchlist,watchlist,0.0,0.0,0.0,0.0,0.0,0.0,0.0,-29.04,-29.76,68856065.47,"Stage 4, Stage 4 - Confirmed Downtrend, volume_dryup, weekly_volume_dryup, downtrend",929,879,Stage 4,watchlist,weekly_watchlist,1.8,-50,-1.8,False,False,False,False,False
NITCO.NS,Nitco Limited,Building Products & Equipment,Industrials,False,Cash,1,Stage 4,Stage 4,Stage 4 - Weak/Declining,0.72,Price is below long-term support with weak trend evidence.,,,2026-08-04,,watchlist,weekly_watchlist,watchlist,0.0,0.0,0.0,0.0,0.0,0.0,0.0,-18.14,-4.86,47577136.84,"Stage 4, Stage 4 - Weak/Declining, volume_dryup, weekly_volume_dryup, downtrend",930,930,Stage 4,watchlist,weekly_watchlist,0.0,0,0.0,False,False,False,False,False
