ticker,Company Name,Industry,sector,is_fo_stock,fo_category,stage,overall_setup_label,final_combined_score,change_1d_pct,change_1w_pct,change_1m_pct,change_ytd_pct,last_close
INDIAGLYCO.NS,India Glycols Limited,Chemicals,Basic Materials,False,Cash,Stage 4,watchlist,5.0,19.99,25.68,39.98,-61.76,382.7
CHENNPETRO.NS,Chennai Petroleum Corporation Limited,Oil & Gas Refining & Marketing,Energy,False,Cash,Stage 2,watchlist,47.31,14.7,12.25,10.6,100.34,1612.3
CHEMPLASTS.NS,Chemplast Sanmar Limited,Chemicals,Basic Materials,False,Cash,Not Sure,watchlist,39.85,8.55,22.75,26.26,-10.87,228.22
TFCILTD.NS,Tourism Finance Corporation of India Limited,Credit Services,Financial Services,False,Cash,Stage 2,watchlist,37.39,8.24,7.28,8.06,121.63,152.24
PVRINOX.NS,PVR INOX Limited,Communication Services,Communication Services,False,Cash,Stage 2,watchlist,43.91,7.56,8.14,9.14,32.13,1343.8
PTCIL.NS,PTC Industries Limited,Metal Fabrication,Industrials,False,Cash,Stage 2,watchlist,68.12,6.75,9.54,3.91,34.51,24685.0
BHARTIHEXA.NS,Bharti Hexacom Limited,Telecom Services,Communication Services,False,Cash,Stage 4,watchlist,17.1,6.57,3.75,-4.61,-17.47,1477.9
DEEPINDS.NS,Deep Industries Limited,Energy,Energy,False,Cash,Stage 2,watchlist,49.2,6.23,5.25,-2.82,74.79,795.6
CUPID.NS,Cupid Limited,Household & Personal Products,Consumer Defensive,False,Cash,Stage 2,watchlist,42.43,6.09,10.36,25.16,227.63,343.95
TATVA.NS,Tatva Chintan Pharma Chem Limited,Specialty Chemicals,Basic Materials,False,Cash,Stage 2,watchlist,46.44,6.06,11.6,18.65,50.49,1991.2
CELLO.NS,Cello World Limited,"Furnishings, Fixtures & Appliances",Consumer Cyclical,False,Cash,Stage 4,watchlist,20.74,5.82,20.0,13.58,-27.46,390.65
BBOX.NS,Black Box Limited,Software - Application,Technology,False,Cash,Stage 2,watchlist,41.95,5.35,9.95,14.78,61.97,884.85
CYIENTDLM.NS,Cyient DLM Limited,Electronic Components,Technology,False,Cash,Stage 2,watchlist,47.85,5.25,8.12,1.23,138.37,988.3
JAMNAAUTO.NS,Jamna Auto Industries Limited,Auto Parts,Consumer Cyclical,False,Cash,Stage 2,watchlist,62.25,5.24,11.31,19.11,21.37,151.77
ELLEN.NS,Ellenbarrie Industrial Gases Limited,Chemicals,Basic Materials,False,Cash,Stage 2 Failed,watchlist,43.72,5.04,2.48,13.31,8.71,365.75
EMIL.NS,Electronics Mart India Limited,Consumer Cyclical,Consumer Cyclical,False,Cash,Stage 2,watchlist,37.3,5.02,3.01,13.72,98.41,211.54
JAIBALAJI.NS,Jai Balaji Industries Limited,Steel,Basic Materials,False,Cash,Stage 1,watchlist,14.59,4.99,6.35,-3.36,-5.22,67.37
INDOTHAI.NS,Indo Thai Securities Limited,Capital Markets,Financial Services,False,Cash,Stage 4,watchlist,0.0,4.98,27.5,8.72,-85.51,40.71
ZOTA.NS,Zota Health Care LImited,Biotechnology,Healthcare,False,Cash,Stage 3,watchlist,10.35,4.97,3.66,20.68,-11.64,1342.1
JISLJALEQS.NS,Jain Irrigation Systems Limited,Conglomerates,Industrials,False,Cash,Stage 4,watchlist,9.32,4.88,0.07,-10.19,-33.31,27.95
GLAND.NS,Gland Pharma Limited,Drug Manufacturers - Specialty & Generic,Healthcare,False,Cash,Stage 2,watchlist,55.09,4.81,8.66,6.46,85.09,3150.6
MRPL.NS,Mangalore Refinery and Petrochemicals Limited,Oil & Gas Refining & Marketing,Energy,False,Cash,Stage 2,watchlist,60.54,4.66,8.02,5.72,21.66,182.86
AEGISLOG.NS,Aegis Logistics Limited,Oil & Gas Refining & Marketing,Energy,False,Cash,Stage 2,watchlist,49.92,4.61,5.8,15.15,105.8,1460.2
KANSAINER.NS,Kansai Nerolac Paints Limited,Specialty Chemicals,Basic Materials,False,Cash,Stage 4,watchlist,26.31,4.57,6.1,-0.97,-18.78,192.4
RPSGVENT.NS,RPSG VENTURES LIMITED,Information Technology Services,Technology,False,Cash,Not Sure,watchlist,33.25,4.45,4.35,4.66,16.49,870.15
JYOTHYLAB.NS,Jyothy Labs Limited,Household & Personal Products,Consumer Defensive,False,Cash,Stage 4,watchlist,6.8,4.43,2.54,-1.62,-29.86,191.44
AVL.NS,Aditya Vision Limited,Consumer Cyclical,Consumer Cyclical,False,Cash,Stage 2 Failed,watchlist,28.04,4.37,6.03,3.65,29.13,621.1
JTLIND.NS,JTL INDUSTRIES LIMITED,Steel,Basic Materials,False,Cash,Stage 2,watchlist,59.36,4.34,-0.09,-1.37,49.6,88.2
MAHABANK.NS,Bank of Maharashtra,Banks - Regional,Financial Services,False,Cash,Stage 2,watchlist,42.34,4.15,6.02,-0.75,36.31,84.15
BELRISE.NS,Belrise Industries Limited,Auto Parts,Consumer Cyclical,False,Cash,Stage 2,watchlist,47.75,4.01,2.48,8.69,34.14,246.31
KALYANKJIL.NS,Kalyan Jewellers India Limited,Luxury Goods,Consumer Cyclical,True,F&O,Stage 2,watchlist,28.54,3.8,2.87,-6.74,17.99,569.0
SYRMA.NS,Syrma SGS Technology Limited,Electronic Components,Technology,False,Cash,Stage 2,watchlist,71.04,3.66,-2.03,6.56,143.05,1746.7
SOTL.NS,Savita Oil Technologies Limited,Specialty Chemicals,Basic Materials,False,Cash,Stage 2,watchlist,47.75,3.65,11.83,17.97,112.1,803.8
CHALET.NS,Chalet Hotels Limited,Lodging,Consumer Cyclical,False,Cash,Stage 2 Failed,watchlist,33.59,3.57,0.79,-6.64,-5.71,847.4
IGL.NS,Indraprastha Gas Limited,Utilities,Utilities,False,Cash,Stage 4,watchlist,12.14,3.52,1.55,-3.99,-21.49,146.35
LGBBROSLTD.NS,LG Balakrishnan & Bros Limited,Auto Parts,Consumer Cyclical,False,Cash,Stage 1,watchlist,19.41,3.5,-0.83,-0.92,-2.76,1715.8
HFCL.NS,HFCL Limited,Communication Equipment,Technology,False,Cash,Stage 2,watchlist,54.75,3.47,19.77,8.53,294.88,271.9
BLACKBUCK.NS,BLACKBUCK LIMITED,Software - Application,Technology,False,Cash,Stage 2,watchlist,53.12,3.42,-0.96,5.62,-8.62,616.4
THELEELA.NS,Leela Palaces Hotels & Resorts Limited,Lodging,Consumer Cyclical,False,Cash,Stage 2,watchlist,33.01,3.39,12.9,8.74,38.61,602.45
SUNFLAG.NS,Sunflag Iron And Steel Company Limited,Steel,Basic Materials,False,Cash,Stage 2,watchlist,53.55,3.34,4.02,40.64,74.85,474.4
VIYASH.NS,Viyash Scientific Limited,Drug Manufacturers - Specialty & Generic,Healthcare,False,Cash,Stage 2 Failed,watchlist,14.82,3.23,2.11,-8.09,15.54,240.77
WELENT.NS,Welspun Enterprises Limited,Engineering & Construction,Industrials,False,Cash,Stage 2,watchlist,33.14,3.13,-0.48,-5.46,44.7,740.75
RAIN.NS,Rain Industries Limited,Specialty Chemicals,Basic Materials,False,Cash,Stage 2,watchlist,50.5,2.97,2.34,0.52,49.93,218.95
AWFIS.NS,Awfis Space Solutions Limited,Industrials,Industrials,False,Cash,Stage 4,watchlist,23.41,2.96,1.48,-1.74,-49.69,250.75
RUSTOMJEE.NS,Keystone Realtors Limited,Real Estate,Real Estate,False,Cash,Stage 4,watchlist,4.61,2.92,4.5,3.38,-29.42,379.3
GULFOILLUB.NS,Gulf Oil Lubricants India Limited,Specialty Chemicals,Basic Materials,False,Cash,Stage 2 Failed,watchlist,22.89,2.82,-0.6,5.77,-3.7,1118.6
UNIONBANK.NS,Union Bank of India,Banks - Regional,Financial Services,True,F&O,Stage 2 Failed,watchlist,20.59,2.8,1.26,-5.5,16.07,173.15
WINDMACHIN.NS,Windsor Machines Limited,Specialty Industrial Machinery,Industrials,False,Cash,Stage 2 Failed,watchlist,45.09,2.78,0.95,-0.83,13.67,303.05
ASKAUTOLTD.NS,ASK Automotive Limited,Auto Parts,Consumer Cyclical,False,Cash,Stage 2,watchlist,49.6,2.76,1.08,2.46,31.47,626.55
GRMOVER.NS,GRM Overseas Limited,Packaged Foods,Consumer Defensive,False,Cash,Stage 4,watchlist,23.23,2.72,3.09,-5.37,-49.72,81.19
LICHSGFIN.NS,LIC Housing Finance Limited,Mortgage Finance,Financial Services,True,F&O,Stage 2 Failed,watchlist,19.91,2.67,-2.79,-8.45,-1.89,515.4
KEI.NS,KEI Industries Limited,Electrical Equipment & Parts,Industrials,True,F&O,Stage 4,watchlist,26.16,2.64,5.0,-0.42,3.74,4677.7
INDIACEM.NS,The India Cements Limited,Building Materials,Basic Materials,False,Cash,Stage 4,watchlist,21.38,2.64,0.4,-14.26,-30.5,303.05
PNBHOUSING.NS,PNB Housing Finance Limited,Mortgage Finance,Financial Services,True,F&O,Stage 2,watchlist,55.64,2.62,0.98,-3.09,15.53,1131.0
GPPL.NS,Gujarat Pipavav Port Limited,Marine Shipping,Industrials,False,Cash,Stage 1,watchlist,39.54,2.53,3.42,7.4,-2.43,172.46
RAINBOW.NS,Rainbow Childrens Medicare Limited,Medical Care Facilities,Healthcare,False,Cash,Stage 2 Failed,watchlist,0.0,2.5,-7.1,-12.2,-3.17,1270.7
IOLCP.NS,IOL Chemicals and Pharmaceuticals Limited,Drug Manufacturers - Specialty & Generic,Healthcare,False,Cash,Stage 2,watchlist,65.33,2.48,6.35,4.38,171.61,220.22
LTFOODS.NS,LT Foods Limited,Packaged Foods,Consumer Defensive,False,Cash,Stage 2,watchlist,51.74,2.46,3.82,-6.63,8.86,418.2
RSYSTEMS.NS,R Systems International Limited,Information Technology Services,Technology,False,Cash,Stage 1,watchlist,29.05,2.46,-7.19,3.61,-34.99,252.35
DREDGECORP.NS,Dredging Corporation of India Limited,Engineering & Construction,Industrials,False,Cash,Stage 1,watchlist,7.77,2.42,-0.2,-11.69,-6.65,931.0
JUBLFOOD.NS,Jubilant Foodworks Limited,Consumer Cyclical,Consumer Cyclical,True,F&O,Stage 4,watchlist,19.46,2.41,-0.52,-3.11,-16.49,460.6
PNB.NS,Punjab National Bank,Banks - Regional,Financial Services,True,F&O,Not Sure,watchlist,35.78,2.39,1.35,-1.22,-4.86,114.59
GODIGIT.NS,Go Digit General Insurance Limited,Financial Services,Financial Services,False,Cash,Stage 4,watchlist,5.62,2.38,4.56,3.18,-23.66,264.75
ANGELONE.NS,Angel One Limited,Capital Markets,Financial Services,True,F&O,Stage 2 Failed,watchlist,3.24,2.37,10.22,1.34,30.28,302.0
GILLETTE.NS,Gillette India Limited,Household & Personal Products,Consumer Defensive,False,Cash,Stage 4,watchlist,6.8,2.36,3.73,-2.13,-8.82,7223.5
KPIGREEN.NS,KPI Green Energy Limited,Utilities - Renewable,Utilities,False,Cash,Stage 4,watchlist,0.36,2.34,-6.83,14.66,-30.96,334.45
KRBL.NS,KRBL Limited,Packaged Foods,Consumer Defensive,False,Cash,Stage 2,watchlist,51.24,2.33,4.35,-6.56,1.84,398.2
GESHIP.NS,The Great Eastern Shipping Company Limited,Marine Shipping,Industrials,False,Cash,Stage 2,watchlist,39.5,2.3,0.51,13.3,44.22,1567.9
SKYGOLD.NS,SKY GOLD AND DIAMONDS LIMITED,Luxury Goods,Consumer Cyclical,False,Cash,Stage 2,watchlist,42.9,2.25,8.17,6.95,163.03,876.95
PAYTM.NS,One 97 Communications Limited,Software - Infrastructure,Technology,True,F&O,Stage 2,watchlist,51.64,2.24,3.22,3.71,34.09,1732.0
BALRAMCHIN.NS,Balrampur Chini Mills Limited,Consumer Defensive,Consumer Defensive,False,Cash,Stage 2,watchlist,51.35,2.21,6.6,-0.68,61.21,706.6
RESPONIND.NS,Responsive Industries Limited,Specialty Chemicals,Basic Materials,False,Cash,Stage 4,watchlist,26.39,2.19,-4.97,7.82,-19.88,159.73
LEMONTREE.NS,Lemon Tree Hotels Limited,Lodging,Consumer Cyclical,False,Cash,Stage 4,watchlist,25.96,2.18,7.93,6.42,-28.28,112.52
GOODLUCK.NS,Goodluck India Limited,Steel,Basic Materials,False,Cash,Stage 2,watchlist,42.09,2.17,-1.2,-2.48,42.05,501.95
ADANIGREEN.NS,Adani Green Energy Limited,Utilities - Renewable,Utilities,True,F&O,Stage 2,watchlist,24.59,2.16,4.96,3.82,30.75,1341.4
DEEPAKFERT.NS,Deepak Fertilizers and Petrochemicals Corporation Limited,Chemicals,Basic Materials,False,Cash,Stage 3,watchlist,6.43,2.15,4.77,5.16,14.6,1415.4
INNOVACAP.NS,Innova Captab Limited,Drug Manufacturers - Specialty & Generic,Healthcare,False,Cash,Stage 2,watchlist,40.83,2.14,0.55,-0.48,58.39,1166.2
DBL.NS,Dilip Buildcon Limited,Engineering & Construction,Industrials,False,Cash,Stage 4,watchlist,17.7,2.11,-0.4,4.7,-13.43,409.25
AARTIIND.NS,Aarti Industries Limited,Specialty Chemicals,Basic Materials,False,Cash,Stage 2 Failed,watchlist,11.98,2.1,3.27,-2.28,31.02,491.25
BAJAJHFL.NS,Bajaj Housing Finance Limited,Mortgage Finance,Financial Services,False,Cash,Stage 4,watchlist,14.15,2.09,2.54,0.08,-12.52,84.08
ASAHIINDIA.NS,Asahi India Glass Limited,Auto Parts,Consumer Cyclical,False,Cash,Stage 2,watchlist,46.86,2.02,1.91,2.47,-1.94,976.25
POLYCAB.NS,Polycab India Limited,Electrical Equipment & Parts,Industrials,True,F&O,Stage 1,watchlist,10.56,2.0,3.54,-0.76,8.82,8310.0
FORTIS.NS,Fortis Healthcare Limited,Medical Care Facilities,Healthcare,True,F&O,Stage 4,watchlist,16.11,1.98,1.18,-14.2,-13.39,779.1
WONDERLA.NS,Wonderla Holidays Limited,Consumer Cyclical,Consumer Cyclical,False,Cash,Stage 2,watchlist,48.13,1.94,3.86,-1.27,-1.02,519.6
TARIL.NS,Transformers And Rectifiers (India) Limited,Electrical Equipment & Parts,Industrials,False,Cash,Stage 4,watchlist,10.36,1.94,7.05,-2.6,-6.0,289.15
MTARTECH.NS,Mtar Technologies Limited,Specialty Industrial Machinery,Industrials,False,Cash,Stage 2,watchlist,62.8,1.89,0.87,0.83,228.3,7864.5
KOTAKBANK.NS,Kotak Mahindra Bank Limited,Banks - Regional,Financial Services,True,F&O,Stage 2,watchlist,44.74,1.88,5.52,4.95,-0.63,440.0
INDIANB.NS,Indian Bank,Banks - Regional,Financial Services,True,F&O,Stage 1,watchlist,29.76,1.88,2.78,-3.67,1.6,828.3
INDGN.NS,Indegene Limited,Healthcare,Healthcare,False,Cash,Stage 2,watchlist,62.44,1.81,0.32,1.29,17.25,607.1
ASTRAL.NS,Astral Limited,Building Products & Equipment,Industrials,True,F&O,Stage 4,watchlist,16.25,1.81,3.83,-4.71,-0.35,1427.7
JKCEMENT.NS,JK Cement Limited,Building Materials,Basic Materials,False,Cash,Stage 4,watchlist,9.95,1.75,-0.57,1.13,-7.86,5047.0
ORCHPHARMA.NS,Orchid Pharma Limited,Drug Manufacturers - Specialty & Generic,Healthcare,False,Cash,Stage 2,watchlist,37.08,1.73,2.7,6.02,29.1,1023.95
DDEVPLSTIK.NS,Ddev Plastiks Industries Limited,Specialty Chemicals,Basic Materials,False,Cash,Stage 4,watchlist,26.19,1.71,1.82,-5.25,-14.89,254.05
GVT&D.NS,GE Vernova T&D India Limited,Specialty Industrial Machinery,Industrials,False,Cash,Stage 2 Failed,watchlist,10.37,1.68,2.74,-9.13,36.74,4316.3
VMART.NS,V-Mart Retail Limited,Consumer Cyclical,Consumer Cyclical,False,Cash,Stage 2,watchlist,25.11,1.66,6.07,-2.42,15.68,806.2
WELCORP.NS,Welspun Corp Limited,Steel,Basic Materials,False,Cash,Stage 2,watchlist,58.96,1.64,-0.46,4.04,239.47,2704.6
SEAMECLTD.NS,Seamec Limited,Marine Shipping,Industrials,False,Cash,Stage 2,watchlist,29.91,1.64,-1.87,-9.49,47.45,1610.9
APOLLO.NS,Apollo Micro Systems Limited,Aerospace & Defense,Industrials,False,Cash,Stage 2 Failed,watchlist,13.81,1.64,2.8,-0.69,50.36,414.75
FINEORG.NS,Fine Organic Industries Limited,Specialty Chemicals,Basic Materials,False,Cash,Stage 2,watchlist,72.85,1.6,9.45,9.19,37.3,5625.5
MCX.NS,Multi Commodity Exchange of India Limited,Financial Services,Financial Services,True,F&O,Stage 2,watchlist,57.73,1.59,1.88,0.62,53.37,3362.6
CARRARO.NS,Carraro India Limited,Auto Parts,Consumer Cyclical,False,Cash,Stage 2 Failed,watchlist,52.61,1.56,2.51,-1.22,3.21,533.85
CGCL.NS,Capri Global Capital Limited,Credit Services,Financial Services,False,Cash,Stage 2,watchlist,35.02,1.56,1.56,-9.05,35.34,250.74
BSE.NS,BSE Limited,Financial Services,Financial Services,True,F&O,Stage 3,watchlist,2.52,1.54,8.54,-1.12,28.04,3356.0
KARURVYSYA.NS,Karur Vysya Bank Limited,Banks - Regional,Financial Services,False,Cash,Stage 2,watchlist,39.3,1.51,1.63,-3.24,23.48,330.1
APOLLOTYRE.NS,Apollo Tyres Limited,Auto Parts,Consumer Cyclical,False,Cash,Stage 4,watchlist,26.2,1.51,0.72,-0.95,-16.47,407.6
DMART.NS,Avenue Supermarts Limited,Consumer Defensive,Consumer Defensive,True,F&O,Stage 4,watchlist,6.45,1.51,-4.35,-2.26,-2.16,3636.0
KRN.NS,KRN Heat Exchanger and Refrigeration Limited,Electronic Components,Technology,False,Cash,Stage 2,watchlist,74.79,1.5,3.32,-10.6,99.53,1484.2
TEGA.NS,Tega Industries Limited,Specialty Industrial Machinery,Industrials,False,Cash,Stage 2,watchlist,40.94,1.49,3.06,32.59,9.04,2123.6
SUPREMEIND.NS,Supreme Industries Limited,Building Products & Equipment,Industrials,True,F&O,Stage 1,watchlist,22.39,1.49,2.87,-0.08,2.6,3550.0
AVANTEL.NS,Avantel Limited,Communication Equipment,Technology,False,Cash,Stage 1,watchlist,19.49,1.46,-0.51,-2.02,-1.92,153.28
STYLAMIND.NS,Stylam Industries Limited,"Furnishings, Fixtures & Appliances",Consumer Cyclical,False,Cash,Stage 2 Failed,watchlist,3.0,1.46,1.3,0.05,48.99,3351.6
GATEWAY.NS,Gateway Distriparks Limited,Industrials,Industrials,False,Cash,Stage 4,watchlist,16.11,1.45,-0.75,-4.25,-9.79,51.65
PNGJL.NS,P N Gadgil Jewellers Limited,Luxury Goods,Consumer Cyclical,False,Cash,Not Sure,watchlist,25.91,1.44,1.17,-4.85,-1.27,597.05
ARVSMART.NS,Arvind SmartSpaces Limited,Real Estate,Real Estate,False,Cash,Stage 2 Failed,watchlist,0.33,1.44,0.46,-5.3,3.08,612.5
EQUITASBNK.NS,Equitas Small Finance Bank Limited,Banks - Regional,Financial Services,False,Cash,Stage 1,watchlist,20.81,1.41,-0.01,-4.99,7.65,68.92
KIOCL.NS,KIOCL Limited,Steel,Basic Materials,False,Cash,Stage 4,watchlist,25.14,1.38,5.13,-7.36,-14.04,349.35
AAVAS.NS,Aavas Financiers Limited,Mortgage Finance,Financial Services,False,Cash,Stage 4,watchlist,0.0,1.37,-1.34,-5.7,-15.59,1231.7
PAISALO.NS,Paisalo Digital Limited,Credit Services,Financial Services,False,Cash,Stage 2,watchlist,45.22,1.36,10.23,8.51,131.3,84.23
BIRLACORPN.NS,Birla Corporation Limited,Building Materials,Basic Materials,False,Cash,Stage 4,watchlist,0.36,1.36,-3.05,-4.67,-25.68,814.4
OIL.NS,Oil India Limited,Energy,Energy,True,F&O,Stage 2 Failed,watchlist,16.69,1.32,-1.24,-6.83,7.97,453.75
VESUVIUS.NS,Vesuvius India Limited,Specialty Industrial Machinery,Industrials,False,Cash,Stage 4,watchlist,29.11,1.31,2.37,-2.35,-14.81,409.7
TRIVENI.NS,Triveni Engineering & Industries Limited,Consumer Defensive,Consumer Defensive,False,Cash,Stage 4,watchlist,5.2,1.31,2.5,-11.07,-35.26,245.13
BHARTIARTL.NS,Bharti Airtel Limited,Telecom Services,Communication Services,True,F&O,Stage 4,watchlist,24.41,1.29,4.38,-0.55,-12.01,1833.9
SHYAMMETL.NS,Shyam Metalics and Energy Limited,Steel,Basic Materials,False,Cash,Stage 2,watchlist,50.36,1.26,0.22,-1.35,27.34,1067.3
MASFIN.NS,MAS Financial Services Limited,Credit Services,Financial Services,False,Cash,Stage 4,watchlist,8.31,1.26,-4.4,-6.86,-14.89,270.25
PPLPHARMA.NS,Piramal Pharma Limited,Drug Manufacturers - Specialty & Generic,Healthcare,False,Cash,Stage 2,watchlist,34.51,1.24,-1.7,-10.42,19.5,203.01
AVALON.NS,Avalon Technologies Limited,Electronic Components,Technology,False,Cash,Stage 2,watchlist,46.76,1.22,5.79,6.09,175.35,2429.7
STYLEBAAZA.NS,Baazar Style Retail Limited,Consumer Cyclical,Consumer Cyclical,False,Cash,Stage 2,watchlist,42.79,1.19,-1.26,-1.91,40.5,379.9
AVANTIFEED.NS,Avanti Feeds Limited,Packaged Foods,Consumer Defensive,False,Cash,Stage 4,watchlist,7.92,1.15,0.63,-13.72,-16.85,722.3
VARROC.NS,Varroc Engineering Limited,Auto Parts,Consumer Cyclical,False,Cash,Stage 2,watchlist,58.56,1.14,-4.54,-3.03,35.91,823.75
CANBK.NS,Canara Bank,Banks - Regional,Financial Services,True,F&O,Stage 4,watchlist,24.73,1.13,-0.24,-4.44,-20.2,119.15
SWANCORP.NS,SWAN CORP LIMITED,Conglomerates,Industrials,False,Cash,Stage 4,watchlist,18.11,1.12,-2.98,-1.79,-41.63,271.85
FIEMIND.NS,Fiem Industries Limited,Auto Parts,Consumer Cyclical,False,Cash,Stage 4,watchlist,26.25,1.11,-6.34,-13.03,-17.86,1799.3
ALKEM.NS,Alkem Laboratories Limited,Drug Manufacturers - Specialty & Generic,Healthcare,True,F&O,Stage 4,watchlist,26.22,1.11,1.91,2.06,-1.1,5350.5
ENRIN.NS,Siemens Energy India Limited,Utilities - Renewable,Utilities,False,Cash,Stage 2,watchlist,45.87,1.1,4.5,4.5,31.92,3344.0
STAR.NS,Strides Pharma Science Limited,Drug Manufacturers - Specialty & Generic,Healthcare,False,Cash,Stage 2,watchlist,60.22,1.09,-6.14,-6.63,21.33,1100.6
ICICIBANK.NS,ICICI Bank Limited,Banks - Regional,Financial Services,True,F&O,Stage 2 Failed,watchlist,23.81,1.09,2.71,-2.99,2.31,1357.5
FEDERALBNK.NS,The Federal Bank  Limited,Banks - Regional,Financial Services,True,F&O,Stage 2 Failed,watchlist,20.39,1.09,1.92,-6.0,21.92,323.5
NIVABUPA.NS,Niva Bupa Health Insurance Company Limited,Insurance - Life,Financial Services,False,Cash,Stage 4,watchlist,0.0,1.07,5.59,-4.08,3.06,77.38
NPST.NS,Network People Services Technologies Limited,Software - Application,Technology,False,Cash,Stage 2,watchlist,43.04,1.06,12.21,6.69,35.91,1854.9
GRANULES.NS,Granules India Limited,Drug Manufacturers - Specialty & Generic,Healthcare,False,Cash,Stage 2,watchlist,39.68,1.06,-2.47,-2.54,36.8,845.3
BANKINDIA.NS,Bank of India,Banks - Regional,Financial Services,True,F&O,Stage 4,watchlist,25.54,1.05,2.54,-5.19,-6.18,133.55
HEXT.NS,Hexaware Technologies Limited,Information Technology Services,Technology,False,Cash,Stage 4,watchlist,18.26,1.04,2.31,-2.57,-32.05,505.5
VSSL.NS,Vardhman Special Steels Limited,Steel,Basic Materials,False,Cash,Stage 2,watchlist,69.4,1.03,-2.98,10.46,39.25,393.75
MAHSEAMLES.NS,Maharashtra Seamless Limited,Steel,Basic Materials,False,Cash,Stage 2,watchlist,38.93,1.03,-6.09,1.78,26.78,692.75
RBA.NS,Restaurant Brands Asia Limited,Consumer Cyclical,Consumer Cyclical,False,Cash,Stage 2,watchlist,36.13,1.03,4.91,0.57,51.21,96.08
ZYDUSWELL.NS,Zydus Wellness Limited,Packaged Foods,Consumer Defensive,False,Cash,Stage 3,watchlist,11.41,1.03,-1.02,-9.07,9.55,507.55
KAJARIACER.NS,Kajaria Ceramics Limited,Building Products & Equipment,Industrials,False,Cash,Stage 2,watchlist,46.57,1.02,-0.72,0.97,27.99,1226.2
KERNEX.NS,Kernex Microsystems (India) Limited,Software - Application,Technology,False,Cash,Stage 1,watchlist,11.45,1.02,1.34,-0.1,46.1,1767.5
EIEL.NS,Enviro Infra Engineers Limited,Engineering & Construction,Industrials,False,Cash,Stage 4,watchlist,2.79,1.01,-1.17,-4.48,-7.9,187.41
STEELCAS.NS,Steelcast Limited,Steel,Basic Materials,False,Cash,Stage 2,watchlist,57.76,1.0,0.4,14.21,78.09,373.3
PARAGMILK.NS,Parag Milk Foods Limited,Packaged Foods,Consumer Defensive,False,Cash,Stage 2,watchlist,35.46,1.0,14.78,23.06,3.3,311.8
OLAELEC.NS,Ola Electric Mobility Limited,Auto Manufacturers,Consumer Cyclical,False,Cash,Stage 1,watchlist,7.95,1.0,-1.63,-3.48,-3.2,36.32
AKUMS.NS,Akums Drugs and Pharmaceuticals Limited,Drug Manufacturers - Specialty & Generic,Healthcare,False,Cash,Stage 2,watchlist,64.64,0.97,0.49,11.67,85.34,822.55
THANGAMAYL.NS,Thangamayil Jewellery Limited,Luxury Goods,Consumer Cyclical,False,Cash,Stage 1,watchlist,11.8,0.94,-7.71,-12.26,47.76,4803.0
IEX.NS,Indian Energy Exchange Limited,Capital Markets,Financial Services,True,F&O,Stage 4,watchlist,2.79,0.94,-1.07,-9.17,-18.42,105.85
SUMICHEM.NS,Sumitomo Chemical India Limited,Agricultural Inputs,Basic Materials,False,Cash,Stage 2 Failed,watchlist,0.0,0.93,-2.61,-13.3,-9.91,421.95
CDSL.NS,Central Depository Services (India) Limited,Capital Markets,Financial Services,True,F&O,Stage 2 Failed,watchlist,21.93,0.92,0.87,-8.93,-11.03,1275.0
AFCONS.NS,Afcons Infrastructure Limited,Engineering & Construction,Industrials,False,Cash,Stage 4,watchlist,0.36,0.92,-1.38,-12.8,-37.38,244.38
PFC.NS,Power Finance Corporation Limited,Credit Services,Financial Services,True,F&O,Stage 4,watchlist,17.21,0.91,0.02,-8.53,-6.9,325.55
INTERARCH.NS,Interarch Building Solutions Limited,Engineering & Construction,Industrials,False,Cash,Stage 4,watchlist,9.52,0.91,1.64,-3.0,-25.58,1700.9
NYKAA.NS,FSN E-Commerce Ventures Limited,Consumer Cyclical,Consumer Cyclical,True,F&O,Stage 2,watchlist,29.37,0.9,6.64,0.07,28.41,341.25
OFSS.NS,Oracle Financial Services Software Limited,Software - Infrastructure,Technology,True,F&O,Stage 2 Failed,watchlist,4.42,0.9,-0.51,-10.22,41.52,10576.0
GANECOS.NS,Ganesha Ecosphere Limited,Textile Manufacturing,Consumer Cyclical,False,Cash,Stage 2 Failed,watchlist,11.62,0.89,-1.16,0.24,19.21,998.9
GMMPFAUDLR.NS,GMM Pfaudler Limited,Specialty Industrial Machinery,Industrials,False,Cash,Stage 2,watchlist,52.07,0.86,-2.65,16.37,32.68,1438.0
JAYNECOIND.NS,Jayaswal Neco Industries Limited,Steel,Basic Materials,False,Cash,Stage 2,watchlist,38.24,0.84,2.64,5.03,9.56,95.24
CENTRALBK.NS,Central Bank of India,Banks - Regional,Financial Services,False,Cash,Stage 4,watchlist,26.01,0.83,-0.07,-1.68,-17.27,30.44
MARATHON.NS,Marathon Nextgen Realty Limited,Real Estate,Real Estate,False,Cash,Stage 4,watchlist,16.61,0.83,-1.87,-17.6,-30.48,377.7
AMBER.NS,Amber Enterprises India Limited,"Furnishings, Fixtures & Appliances",Consumer Cyclical,True,F&O,Not Sure,watchlist,27.51,0.82,4.82,-6.91,7.41,6925.0
PGHH.NS,Procter & Gamble Hygiene and Health Care Limited,Household & Personal Products,Consumer Defensive,False,Cash,Stage 4,watchlist,8.49,0.82,0.72,-9.35,-45.41,6921.0
AUTOAXLES.NS,Automotive Axles Limited,Auto Parts,Consumer Cyclical,False,Cash,Stage 4,watchlist,21.16,0.81,-2.84,-2.21,-10.71,1651.4
APARINDS.NS,Apar Industries Limited,Electrical Equipment & Parts,Industrials,False,Cash,Stage 2,watchlist,77.03,0.8,4.46,3.33,118.83,18160.0
LXCHEM.NS,Laxmi Organic Industries Limited,Specialty Chemicals,Basic Materials,False,Cash,Stage 2,watchlist,62.14,0.79,7.32,3.16,13.56,190.35
RADICO.NS,Radico Khaitan Limited,Consumer Defensive,Consumer Defensive,False,Cash,Stage 2,watchlist,35.11,0.78,2.95,0.22,38.45,4495.0
MSUMI.NS,Motherson Sumi Wiring India Limited,Auto Parts,Consumer Cyclical,False,Cash,Stage 4,watchlist,25.2,0.78,-1.47,-8.3,-30.38,33.57
INDIAMART.NS,Indiamart Intermesh Limited,Communication Services,Communication Services,False,Cash,Stage 4,watchlist,21.61,0.78,-1.45,-4.7,-24.72,1605.3
JSWDULUX.NS,JSW Dulux Limited,Specialty Chemicals,Basic Materials,False,Cash,Stage 2 Failed,watchlist,15.85,0.78,-0.21,-4.98,-3.47,3028.1
BANKBARODA.NS,Bank of Baroda,Banks - Regional,Financial Services,True,F&O,Stage 4,watchlist,6.31,0.78,1.73,-0.87,-19.49,234.55
BANARISUG.NS,Bannari Amman Sugars Limited,Consumer Defensive,Consumer Defensive,False,Cash,Stage 4,watchlist,0.0,0.78,2.28,-11.6,-5.91,3375.3
METROBRAND.NS,Metro Brands Limited,Consumer Cyclical,Consumer Cyclical,False,Cash,Stage 4,watchlist,18.11,0.76,-5.39,-11.71,-30.95,825.1
BLISSGVS.NS,Bliss GVS Pharma Limited,Drug Manufacturers - Specialty & Generic,Healthcare,False,Cash,Stage 2,watchlist,46.69,0.75,-4.13,-1.42,322.16,681.55
SWIGGY.NS,Swiggy Limited,Consumer Cyclical,Consumer Cyclical,True,F&O,Stage 4,watchlist,24.58,0.74,-1.64,-10.77,-37.04,246.0
JMFINANCIL.NS,JM Financial Limited,Capital Markets,Financial Services,False,Cash,Stage 4,watchlist,17.62,0.74,-3.18,-2.76,-14.04,124.92
GICRE.NS,General Insurance Corporation of India,Financial Services,Financial Services,False,Cash,Stage 4,watchlist,6.06,0.73,-4.41,-9.06,-12.99,316.55
ABLBL.NS,Aditya Birla Lifestyle Brands Limited,Consumer Cyclical,Consumer Cyclical,False,Cash,Stage 4,watchlist,22.82,0.72,-3.7,-12.81,-41.41,73.69
SUNTV.NS,Sun TV Network Limited,Communication Services,Communication Services,False,Cash,Stage 1,watchlist,9.89,0.7,15.05,40.55,10.21,636.5
GOKULAGRO.NS,Gokul Agro Resources Limited,Packaged Foods,Consumer Defensive,False,Cash,Stage 2 Failed,watchlist,5.6,0.7,-1.31,-8.32,18.67,212.42
USHAMART.NS,Usha Martin Limited,Steel,Basic Materials,False,Cash,Stage 2,watchlist,51.0,0.69,4.33,4.08,18.08,520.25
COALINDIA.NS,Coal India Limited,Energy,Energy,True,F&O,Stage 1,watchlist,22.94,0.69,-2.47,-1.37,7.62,414.5
KTKBANK.NS,The Karnataka Bank Limited,Banks - Regional,Financial Services,False,Cash,Stage 2,watchlist,37.57,0.68,-0.78,-0.81,60.23,326.45
SANSERA.NS,Sansera Engineering Limited,Auto Parts,Consumer Cyclical,False,Cash,Stage 2,watchlist,35.22,0.68,-6.08,5.76,141.63,4261.7
TI.NS,Tilaknagar Industries Limited,Consumer Defensive,Consumer Defensive,False,Cash,Stage 2,watchlist,31.8,0.68,2.02,2.27,21.51,551.55
TBOTEK.NS,TBO Tek Limited,Consumer Cyclical,Consumer Cyclical,False,Cash,Stage 2,watchlist,33.77,0.67,1.15,-0.05,4.97,1704.5
HSCL.NS,Himadri Speciality Chemical Limited,Specialty Chemicals,Basic Materials,False,Cash,Stage 3,watchlist,38.61,0.66,-0.72,0.34,38.83,672.95
FINCABLES.NS,Finolex Cables Limited,Electrical Equipment & Parts,Industrials,False,Cash,Stage 2,watchlist,49.4,0.64,3.34,20.9,90.0,1483.5
ROSSTECH.NS,Rossell Techsys Limited,Aerospace & Defense,Industrials,False,Cash,Stage 2,watchlist,43.76,0.64,7.93,33.23,158.88,1622.4
MBAPL.NS,Madhya Bharat Agro Products Limited,Agricultural Inputs,Basic Materials,False,Cash,Stage 2,watchlist,36.28,0.64,0.71,3.07,96.44,168.02
AWL.NS,AWL Agri Business Limited,Packaged Foods,Consumer Defensive,False,Cash,Stage 4,watchlist,23.34,0.63,5.31,-0.22,-21.45,187.11
UBL.NS,United Breweries Limited,Consumer Defensive,Consumer Defensive,False,Cash,Stage 4,watchlist,5.86,0.63,-2.02,-8.16,-25.74,1185.7
TDPOWERSYS.NS,TD Power Systems Limited,Specialty Industrial Machinery,Industrials,False,Cash,Stage 2,watchlist,45.42,0.62,4.46,6.8,143.98,821.1
ATHERENERG.NS,Ather Energy Limited,Auto Manufacturers,Consumer Cyclical,False,Cash,Stage 2,watchlist,39.32,0.62,2.11,-7.79,97.02,1455.0
MAXHEALTH.NS,Max Healthcare Institute Limited,Medical Care Facilities,Healthcare,True,F&O,Stage 2 Failed,watchlist,21.61,0.61,-2.34,-8.56,-13.32,908.0
STARHEALTH.NS,Star Health and Allied Insurance Company Limited,Insurance - Life,Financial Services,False,Cash,Stage 3,watchlist,4.0,0.6,3.59,-3.19,19.18,553.85
SOBHA.NS,Sobha Limited,Real Estate,Real Estate,False,Cash,Stage 4,watchlist,0.0,0.6,-1.53,-4.18,-17.77,1197.9
PRUDENT.NS,Prudent Corporate Advisory Services Limited,Asset Management,Financial Services,False,Cash,Stage 2,watchlist,49.3,0.59,4.02,-4.29,26.48,3223.3
TCPLPACK.NS,TCPL Packaging Limited,Consumer Cyclical,Consumer Cyclical,False,Cash,Stage 2,watchlist,41.31,0.59,-2.09,-1.48,33.58,4031.5
MPSLTD.NS,MPS Limited,Communication Services,Communication Services,False,Cash,Stage 2,watchlist,24.19,0.59,2.37,2.33,34.55,2697.1
BLUEJET.NS,Blue Jet Healthcare Limited,Biotechnology,Healthcare,False,Cash,Stage 2 Failed,watchlist,11.45,0.59,-1.5,-4.67,2.55,541.35
BAJAJHLDNG.NS,Bajaj Holdings & Investment Limited,Asset Management,Financial Services,True,F&O,Stage 2 Failed,watchlist,46.12,0.58,0.58,-2.12,-4.28,10662.0
NOCIL.NS,NOCIL Limited,Specialty Chemicals,Basic Materials,False,Cash,Stage 2 Failed,watchlist,18.8,0.58,2.07,0.34,14.21,172.82
ABSLAMC.NS,Aditya Birla Sun Life AMC Limited,Asset Management,Financial Services,False,Cash,Stage 2 Failed,watchlist,7.01,0.58,2.03,-2.15,23.42,1015.5
SENCO.NS,Senco Gold Limited,Luxury Goods,Consumer Cyclical,False,Cash,Stage 2 Failed,watchlist,5.0,0.58,-0.11,-11.4,1.26,320.6
SANDHAR.NS,Sandhar Technologies Limited,Auto Parts,Consumer Cyclical,False,Cash,Stage 2 Failed,watchlist,6.7,0.57,-4.2,-9.81,4.23,561.3
AEROFLEX.NS,Aeroflex Industries Limited,Metal Fabrication,Industrials,False,Cash,Stage 2,watchlist,48.26,0.55,5.08,-1.68,193.02,563.85
ACUTAAS.NS,Acutaas Chemicals Limited,Specialty Chemicals,Basic Materials,False,Cash,Stage 2 Failed,watchlist,18.18,0.55,-3.21,-0.17,81.44,3174.2
CENTURYPLY.NS,Century Plyboards (India) Limited,Basic Materials,Basic Materials,False,Cash,Stage 4,watchlist,16.11,0.54,0.24,-8.02,-17.17,683.5
KOLTEPATIL.NS,Kolte - Patil Developers Limited,Real Estate,Real Estate,False,Cash,Stage 2,watchlist,15.35,0.54,2.6,-1.37,11.44,435.9
ANANTRAJ.NS,Anant Raj Limited,Real Estate,Real Estate,False,Cash,Stage 2,watchlist,40.51,0.53,2.21,-2.19,10.98,612.15
MASTEK.NS,Mastek Limited,Information Technology Services,Technology,False,Cash,Stage 4,watchlist,18.68,0.53,3.97,-1.77,-22.05,1624.9
MANORAMA.NS,Manorama Industries Limited,Packaged Foods,Consumer Defensive,False,Cash,Stage 2,watchlist,51.22,0.52,7.73,-6.38,49.76,1996.0
ETHOSLTD.NS,Ethos Limited,Luxury Goods,Consumer Cyclical,False,Cash,Stage 3,watchlist,23.84,0.52,3.85,-4.07,-10.52,2634.8
SOUTHBANK.NS,The South Indian Bank Limited,Banks - Regional,Financial Services,False,Cash,Stage 2,watchlist,38.93,0.51,-1.6,1.39,26.38,47.47
PGIL.NS,Pearl Global Industries Limited,Apparel Manufacturing,Consumer Cyclical,False,Cash,Stage 2,watchlist,37.92,0.51,-0.7,7.58,59.87,1273.1
BIKAJI.NS,Bikaji Foods International Limited,Packaged Foods,Consumer Defensive,False,Cash,Stage 4,watchlist,18.11,0.51,-8.96,-16.67,-34.39,483.55
PSPPROJECT.NS,PSP Projects Limited,Engineering & Construction,Industrials,False,Cash,Stage 4,watchlist,0.0,0.51,-0.18,-12.54,-11.68,765.6
IIFLCAPS.NS,IIFL Capital Services Limited,Capital Markets,Financial Services,False,Cash,Stage 2,watchlist,50.59,0.49,0.55,1.88,-7.83,346.85
POLICYBZR.NS,PB Fintech Limited,Financial Services,Financial Services,True,F&O,Stage 2 Failed,watchlist,20.44,0.49,-2.25,-43.04,-42.41,1040.0
TANLA.NS,Tanla Platforms Limited,Software - Application,Technology,False,Cash,Stage 4,watchlist,10.9,0.49,0.49,-3.59,-4.07,494.55
KPIL.NS,Kalpataru Projects International Limited,Engineering & Construction,Industrials,False,Cash,Stage 2,watchlist,51.62,0.48,6.83,2.39,22.28,1458.4
GARFIBRES.NS,Garware Technical Fibres Limited,Textile Manufacturing,Consumer Cyclical,False,Cash,Stage 2,watchlist,27.65,0.48,2.64,-5.55,11.21,773.75
CARERATING.NS,CARE Ratings Limited,Financial Services,Financial Services,False,Cash,Stage 2 Failed,watchlist,0.48,0.48,-1.29,-7.27,-0.07,1595.9
ELGIEQUIP.NS,Elgi Equipments Limited,Specialty Industrial Machinery,Industrials,False,Cash,Stage 2,watchlist,34.32,0.47,-1.12,-5.66,27.03,602.05
HUDCO.NS,Housing & Urban Development Corporation Limited,Credit Services,Financial Services,False,Cash,Stage 4,watchlist,22.36,0.47,-2.88,-9.24,-26.94,161.79
GUJALKALI.NS,Gujarat Alkalies and Chemicals Limited,Chemicals,Basic Materials,False,Cash,Stage 2 Failed,watchlist,17.78,0.47,-0.46,-11.98,26.28,616.0
UTIAMC.NS,UTI Asset Management Company Limited,Asset Management,Financial Services,False,Cash,Stage 4,watchlist,21.89,0.46,1.12,-0.91,-16.76,892.3
REFEX.NS,Refex Industries Limited,Energy,Energy,False,Cash,Stage 4,watchlist,6.91,0.45,0.41,-3.44,2.18,266.35
PARKHOTELS.NS,Apeejay Surrendra Park Hotels Limited,Lodging,Consumer Cyclical,False,Cash,Stage 4,watchlist,18.11,0.42,1.57,-6.17,-21.32,103.62
PRIVISCL.NS,Privi Speciality Chemicals Limited,Specialty Chemicals,Basic Materials,False,Cash,Stage 2 Failed,watchlist,35.44,0.41,-2.39,4.51,26.07,3519.2
HAPPSTMNDS.NS,Happiest Minds Technologies Limited,Information Technology Services,Technology,False,Cash,Stage 4,watchlist,4.76,0.41,-1.93,-11.88,-32.55,304.6
DIVISLAB.NS,Divi's Laboratories Limited,Drug Manufacturers - Specialty & Generic,Healthcare,True,F&O,Stage 2,watchlist,68.67,0.4,3.19,0.14,51.76,9588.0
HDFCLIFE.NS,HDFC Life Insurance Company Limited,Insurance - Life,Financial Services,True,F&O,Stage 4,watchlist,19.46,0.39,4.77,2.29,-26.94,546.05
KMEW.NS,Knowledge Marine & Engineering Works Limited,Marine Shipping,Industrials,False,Cash,Stage 2,watchlist,57.23,0.37,5.67,7.65,66.8,3214.0
ACI.NS,Archean Chemical Industries Limited,Chemicals,Basic Materials,False,Cash,Stage 4,watchlist,21.11,0.36,-1.99,-1.75,-13.64,476.2
SETL.NS,Standard Engineering Technology Limited,Specialty Industrial Machinery,Industrials,False,Cash,Stage 2,watchlist,45.47,0.35,1.66,6.25,186.78,429.8
ESABINDIA.NS,Esab India Limited,Tools & Accessories,Industrials,False,Cash,Not Sure,watchlist,6.03,0.34,2.12,-7.63,-7.63,5627.0
HAVELLS.NS,Havells India Limited,Electrical Equipment & Parts,Industrials,True,F&O,Stage 4,watchlist,26.11,0.33,4.38,-6.97,-24.58,1060.5
VBL.NS,Varun Beverages Limited,Consumer Defensive,Consumer Defensive,True,F&O,Stage 4,watchlist,6.35,0.33,2.03,8.64,-10.07,440.75
PREMIERENE.NS,Premier Energies Limited,Solar,Technology,True,F&O,Stage 1,watchlist,1.98,0.33,4.59,-7.97,7.49,910.0
MARKSANS.NS,Marksans Pharma Limited,Drug Manufacturers - General,Healthcare,False,Cash,Stage 2,watchlist,40.3,0.32,0.98,-3.11,81.44,325.45
AEGISVOPAK.NS,Aegis Vopak Terminals Limited,Energy,Energy,False,Cash,Stage 2,watchlist,37.12,0.31,-0.86,1.24,16.75,294.25
IFBIND.NS,IFB Industries Limited,"Furnishings, Fixtures & Appliances",Consumer Cyclical,False,Cash,Stage 4,watchlist,2.29,0.31,1.25,-7.43,-22.07,1216.0
UFLEX.NS,UFLEX Limited,Consumer Cyclical,Consumer Cyclical,False,Cash,Stage 2,watchlist,53.75,0.3,-0.7,-5.79,29.9,643.15
TIMETECHNO.NS,Time Technoplast Limited,Consumer Cyclical,Consumer Cyclical,False,Cash,Not Sure,watchlist,33.31,0.3,0.69,-0.74,-1.73,183.62
INDOSTAR.NS,IndoStar Capital Finance Limited,Credit Services,Financial Services,False,Cash,Stage 2 Failed,watchlist,20.45,0.29,-6.28,-20.36,-17.1,200.12
PRECWIRE.NS,Precision Wires India Limited,Electrical Equipment & Parts,Industrials,False,Cash,Stage 2,watchlist,49.22,0.28,3.29,12.07,108.42,516.6
PREMEXPLN.NS,Premier Explosives Limited,Specialty Chemicals,Basic Materials,False,Cash,Stage 2,watchlist,39.96,0.28,1.74,3.67,32.94,687.05
AADHARHFC.NS,Aadhar Housing Finance Limited,Mortgage Finance,Financial Services,False,Cash,Stage 4,watchlist,20.03,0.28,4.37,-5.13,-5.47,455.05
POCL.NS,Pondy Oxides & Chemicals Limited,Specialty Chemicals,Basic Materials,False,Cash,Stage 4,watchlist,19.95,0.26,-2.86,-3.75,-25.87,448.4
SAILIFE.NS,Sai Life Sciences Limited,Diagnostics & Research,Healthcare,False,Cash,Stage 2,watchlist,43.49,0.24,2.45,-5.18,73.49,1561.8
INOXINDIA.NS,INOX India Limited,Specialty Industrial Machinery,Industrials,False,Cash,Stage 2,watchlist,52.22,0.23,1.44,-6.04,87.3,2082.0
DIACABS.NS,Diamond Power Infrastructure Limited,Specialty Industrial Machinery,Industrials,False,Cash,Stage 2,watchlist,43.17,0.23,4.22,9.78,167.67,369.15
SWARAJENG.NS,Swaraj Engines Limited,Auto Parts,Consumer Cyclical,False,Cash,Stage 1,watchlist,23.81,0.23,-0.06,-2.79,-2.26,3546.1
PILANIINVS.NS,Pilani Investment and Industries Corporation Limited,Asset Management,Financial Services,False,Cash,Stage 4,watchlist,17.1,0.23,1.21,-5.72,-21.13,4076.3
MAYURUNIQ.NS,Mayur Uniquoters Ltd,Textile Manufacturing,Consumer Cyclical,False,Cash,Stage 3,watchlist,24.02,0.22,4.9,7.08,49.18,762.85
CSBBANK.NS,CSB Bank Limited,Banks - Regional,Financial Services,False,Cash,Stage 4,watchlist,21.52,0.21,-1.45,-2.03,-36.66,306.5
SYMPHONY.NS,Symphony Limited,"Furnishings, Fixtures & Appliances",Consumer Cyclical,False,Cash,Stage 4,watchlist,18.91,0.21,-3.84,-2.67,-38.46,558.1
KKCL.NS,Kewal Kiran Clothing Limited,Apparel Manufacturing,Consumer Cyclical,False,Cash,Stage 2 Failed,watchlist,18.65,0.21,1.81,-5.74,-0.86,475.55
REDINGTON.NS,Redington Limited,Information Technology Services,Technology,False,Cash,Stage 2,watchlist,56.71,0.2,-0.12,8.82,51.09,406.5
DCBBANK.NS,DCB Bank Limited,Banks - Regional,Financial Services,False,Cash,Stage 2,watchlist,42.15,0.2,-1.15,-12.35,15.34,201.19
ZAGGLE.NS,Zaggle Prepaid Ocean Services Limited,Software - Infrastructure,Technology,False,Cash,Stage 4,watchlist,16.61,0.2,-0.55,-4.38,-50.42,172.22
LTTS.NS,L&T Technology Services Limited,Information Technology Services,Technology,False,Cash,Stage 4,watchlist,24.91,0.19,0.73,-4.04,-24.91,3252.1
LLOYDSENT.NS,Lloyds Enterprises Limited,Steel,Basic Materials,False,Cash,Stage 2 Failed,watchlist,11.5,0.19,-0.32,11.16,26.27,78.98
SIYSIL.NS,Siyaram Silk Mills Limited,Textile Manufacturing,Consumer Cyclical,False,Cash,Stage 4,watchlist,26.2,0.18,2.41,-1.61,-10.38,554.45
MGL.NS,Mahanagar Gas Limited,Utilities,Utilities,False,Cash,Stage 2 Failed,watchlist,22.1,0.17,-1.55,-5.58,-5.19,1041.6
THERMAX.NS,Thermax Limited,Conglomerates,Industrials,False,Cash,Stage 4,watchlist,2.36,0.16,-4.77,-11.0,5.88,3230.4
SHRIPISTON.NS,Shriram Pistons & Rings Limited,Auto Parts,Consumer Cyclical,False,Cash,Stage 2,watchlist,26.9,0.15,-5.2,-0.6,40.68,4411.6
BAJAJELEC.NS,Bajaj Electricals Limited,"Furnishings, Fixtures & Appliances",Consumer Cyclical,False,Cash,Stage 4,watchlist,0.0,0.15,-2.95,-12.1,-36.08,300.7
LAURUSLABS.NS,Laurus Labs Limited,Drug Manufacturers - Specialty & Generic,Healthcare,True,F&O,Stage 2,watchlist,64.1,0.14,3.68,5.44,85.05,2052.8
AGI.NS,AGI Greenpac Limited,Consumer Cyclical,Consumer Cyclical,False,Cash,Stage 2,watchlist,53.09,0.14,-0.68,8.48,5.64,787.5
POWERMECH.NS,Power Mech Projects Limited,Engineering & Construction,Industrials,False,Cash,Stage 3,watchlist,7.83,0.14,-2.46,0.65,6.7,2429.3
WAAREEENER.NS,Waaree Energies Limited,Solar,Technology,True,F&O,Stage 4,watchlist,1.8,0.13,1.12,-6.54,-18.69,2401.0
TORNTPOWER.NS,Torrent Power Limited,Utilities,Utilities,False,Cash,Stage 4,watchlist,1.8,0.13,-0.75,-2.65,-5.53,1236.5
CARTRADE.NS,Cartrade Tech Limited,Consumer Cyclical,Consumer Cyclical,False,Cash,Stage 2,watchlist,54.6,0.1,0.51,-8.25,3.01,2914.7
GAEL.NS,Gujarat Ambuja Exports Limited,Packaged Foods,Consumer Defensive,False,Cash,Stage 2 Failed,watchlist,28.46,0.1,0.76,-1.51,21.58,162.98
CAMS.NS,Computer Age Management Services Limited,Information Technology Services,Technology,True,F&O,Stage 4,watchlist,17.21,0.1,3.52,-4.78,-4.24,694.6
NEOGEN.NS,Neogen Chemicals Limited,Specialty Chemicals,Basic Materials,False,Cash,Stage 2,watchlist,46.14,0.09,-0.83,9.86,106.84,2431.3
SAFARI.NS,Safari Industries (India) Limited,Consumer Cyclical,Consumer Cyclical,False,Cash,Stage 4,watchlist,24.24,0.09,-7.72,-14.22,-39.41,1319.2
BAJFINANCE.NS,Bajaj Finance Limited,Credit Services,Financial Services,True,F&O,Stage 2 Failed,watchlist,26.77,0.08,0.46,-8.56,-0.34,963.85
KPRMILL.NS,K.P.R. Mill Limited,Textile Manufacturing,Consumer Cyclical,False,Cash,Stage 2 Failed,watchlist,24.92,0.08,1.83,-7.17,21.31,1101.3
KIMS.NS,Krishna Institute of Medical Sciences Limited,Medical Care Facilities,Healthcare,False,Cash,Stage 2 Failed,watchlist,19.16,0.08,-7.03,-9.23,12.64,693.95
DIXON.NS,Dixon Technologies (India) Limited,Technology,Technology,True,F&O,Stage 3,watchlist,28.91,0.07,-0.58,-7.56,7.8,13024.0
SENORES.NS,Senores Pharmaceuticals Limited,Drug Manufacturers - General,Healthcare,False,Cash,Stage 2 Failed,watchlist,7.91,0.07,-1.0,-7.21,68.14,1389.6
BALMLAWRIE.NS,Balmer Lawrie & Company Limited,Conglomerates,Industrials,False,Cash,Stage 4,watchlist,18.11,0.06,-1.41,-7.67,-9.7,158.88
SJS.NS,S.J.S. Enterprises Limited,Auto Parts,Consumer Cyclical,False,Cash,Stage 2 Failed,watchlist,6.51,0.06,-12.2,-13.3,11.58,1982.6
FLAIR.NS,Flair Writing Industries Limited,Industrials,Industrials,False,Cash,Stage 4,watchlist,1.8,0.06,-0.59,-3.79,-26.61,227.97
KNRCON.NS,KNR Constructions Limited,Engineering & Construction,Industrials,False,Cash,Stage 4,watchlist,0.0,0.06,-2.41,-3.15,-28.22,115.72
PTC.NS,PTC India Limited,Utilities,Utilities,False,Cash,Stage 3,watchlist,28.64,0.05,1.07,1.96,10.81,151.72
VRLLOG.NS,VRL Logistics Limited,Industrials,Industrials,False,Cash,Stage 2,watchlist,26.61,0.05,0.96,-2.61,7.87,285.1
JSFB.NS,Jana Small Finance Bank Limited,Banks - Regional,Financial Services,False,Cash,Stage 2,watchlist,20.27,0.05,2.21,-7.13,18.63,500.1
EIDPARRY.NS,EID Parry India Limited,Agricultural Inputs,Basic Materials,False,Cash,Stage 4,watchlist,0.0,0.05,1.99,-8.4,-31.28,699.55
SHARDACROP.NS,Sharda Cropchem Limited,Agricultural Inputs,Basic Materials,False,Cash,Stage 4,watchlist,16.61,0.04,2.86,-3.31,-13.2,742.05
APOLLOHOSP.NS,Apollo Hospitals Enterprise Limited,Medical Care Facilities,Healthcare,True,F&O,Stage 2 Failed,watchlist,26.29,0.03,-3.04,-10.42,11.6,7917.0
ORIENTELEC.NS,Orient Electric Limited,"Furnishings, Fixtures & Appliances",Consumer Cyclical,False,Cash,Stage 4,watchlist,17.04,0.02,2.62,-10.3,-7.03,160.73
KINGFA.NS,Kingfa Science & Technology (India) Limited,Specialty Chemicals,Basic Materials,False,Cash,Stage 2,watchlist,62.05,0.01,6.94,15.23,57.25,6932.5
STLTECH.NS,Sterlite Technologies Limited,Communication Equipment,Technology,False,Cash,Stage 2,watchlist,53.5,0.01,11.75,23.29,892.0,1016.8
SAREGAMA.NS,Saregama India Limited,Communication Services,Communication Services,False,Cash,Stage 2,watchlist,40.99,0.01,-0.55,1.34,43.62,503.75
VENTIVE.NS,Ventive Hospitality Limited,Lodging,Consumer Cyclical,False,Cash,Stage 4,watchlist,19.4,0.01,4.03,-0.99,-21.78,582.4
RATEGAIN.NS,Rategain Travel Technologies Limited,Software - Application,Technology,False,Cash,Stage 2 Failed,watchlist,12.53,0.01,2.96,-0.23,21.73,854.55
MANKIND.NS,Mankind Pharma Limited,Drug Manufacturers - Specialty & Generic,Healthcare,True,F&O,Stage 2,watchlist,36.48,0.0,-0.15,8.27,15.49,2500.0
ATUL.NS,Atul Limited,Specialty Chemicals,Basic Materials,False,Cash,Stage 1,watchlist,28.81,-0.01,1.42,-4.99,-2.27,5999.5
SBCL.NS,Shivalik Bimetal Controls Limited,Metal Fabrication,Industrials,False,Cash,Stage 2,watchlist,42.08,-0.03,2.58,-0.53,159.26,1099.3
NH.NS,Narayana Hrudayalaya Ltd.,Medical Care Facilities,Healthcare,False,Cash,Stage 2 Failed,watchlist,4.85,-0.03,-3.81,-9.18,-10.72,1723.2
APLLTD.NS,Alembic Pharmaceuticals Limited,Drug Manufacturers - Specialty & Generic,Healthcare,False,Cash,Stage 2,watchlist,57.5,-0.05,-3.22,4.28,1.02,833.8
LLOYDSENGG.NS,LLOYDS ENGINEERING WORKS LIMITED,Specialty Industrial Machinery,Industrials,False,Cash,Stage 2,watchlist,46.43,-0.05,2.49,23.58,80.0,101.1
SPARC.NS,Sun Pharma Advanced Research Company Limited,Drug Manufacturers - Specialty & Generic,Healthcare,False,Cash,Stage 3,watchlist,17.51,-0.05,-0.2,-3.19,45.74,196.79
3MINDIA.NS,3M India Limited,Conglomerates,Industrials,False,Cash,Stage 4,watchlist,2.0,-0.05,-3.34,-6.15,-13.13,30825.0
SAPPHIRE.NS,Sapphire Foods India Limited,Consumer Cyclical,Consumer Cyclical,False,Cash,Stage 2 Failed,watchlist,28.88,-0.06,1.89,-5.76,-18.15,215.03
KDDL.NS,KDDL Limited,Luxury Goods,Consumer Cyclical,False,Cash,Stage 2,watchlist,43.73,-0.07,2.84,0.79,62.44,3997.2
MAPMYINDIA.NS,C.E. Info Systems Limited,Software - Infrastructure,Technology,False,Cash,Stage 4,watchlist,16.11,-0.07,4.42,-7.51,-48.08,896.0
J&KBANK.NS,The Jammu & Kashmir Bank Limited,Banks - Regional,Financial Services,False,Cash,Stage 3,watchlist,4.52,-0.07,0.54,-5.19,37.97,139.4
VENUSPIPES.NS,Venus Pipes & Tubes Limited,Steel,Basic Materials,False,Cash,Stage 2,watchlist,52.76,-0.08,1.94,23.99,92.84,2238.5
ABBOTINDIA.NS,Abbott India Limited,Drug Manufacturers - Specialty & Generic,Healthcare,False,Cash,Stage 4,watchlist,24.79,-0.08,-3.8,0.6,-6.25,26095.0
EPL.NS,EPL Limited,Consumer Cyclical,Consumer Cyclical,False,Cash,Stage 2 Failed,watchlist,21.66,-0.08,1.71,-4.79,9.63,237.03
OSWALPUMPS.NS,Oswal Pumps Limited,Electrical Equipment & Parts,Industrials,False,Cash,Stage 4,watchlist,10.0,-0.08,-0.81,-3.71,-49.63,264.6
CIEINDIA.NS,CIE Automotive India Limited,Auto Parts,Consumer Cyclical,False,Cash,Stage 4,watchlist,5.0,-0.08,-1.97,-1.23,-11.5,378.7
AIIL.NS,Authum Investment & Infrastructure Limited,Capital Markets,Financial Services,False,Cash,Stage 2,watchlist,35.2,-0.09,0.56,4.46,-12.36,549.65
POWERINDIA.NS,Hitachi Energy India Limited,Electrical Equipment & Parts,Industrials,True,F&O,Stage 2 Failed,watchlist,29.55,-0.09,2.85,-0.52,71.07,31610.0
SOLARINDS.NS,Solar Industries India Limited,Specialty Chemicals,Basic Materials,True,F&O,Stage 2,watchlist,51.56,-0.1,1.78,-10.71,64.9,20050.0
AJANTPHARM.NS,Ajanta Pharma Limited,Drug Manufacturers - Specialty & Generic,Healthcare,False,Cash,Stage 2,watchlist,40.97,-0.1,0.35,1.6,22.6,3569.8
ENDURANCE.NS,Endurance Technologies Limited,Auto Parts,Consumer Cyclical,False,Cash,Stage 2 Failed,watchlist,24.14,-0.1,-5.33,-9.04,-0.76,2513.4
NITINSPIN.NS,Nitin Spinners Limited,Textile Manufacturing,Consumer Cyclical,False,Cash,Stage 2,watchlist,42.34,-0.12,1.56,-1.43,94.51,615.6
SSWL.NS,Steel Strips Wheels Limited,Auto Parts,Consumer Cyclical,False,Cash,Stage 2,watchlist,36.11,-0.12,3.95,14.17,102.92,424.2
RALLIS.NS,Rallis India Limited,Agricultural Inputs,Basic Materials,False,Cash,Stage 4,watchlist,0.0,-0.13,0.15,-2.56,-26.89,200.03
CAMPUS.NS,Campus Activewear Limited,Consumer Cyclical,Consumer Cyclical,False,Cash,Stage 4,watchlist,6.95,-0.15,-0.66,-4.75,-19.91,208.37
GOLDIAM.NS,Goldiam International Limited,Luxury Goods,Consumer Cyclical,False,Cash,Stage 2 Failed,watchlist,13.27,-0.16,-1.81,-6.89,17.32,317.0
PETRONET.NS,Petronet LNG Limited,Oil & Gas Refining & Marketing,Energy,True,F&O,Stage 2,watchlist,66.47,-0.17,4.97,2.08,4.28,297.0
HATSUN.NS,Hatsun Agro Product Limited,Packaged Foods,Consumer Defensive,False,Cash,Stage 2,watchlist,53.46,-0.17,4.47,-4.17,19.17,1148.1
BLUEDART.NS,Blue Dart Express Limited,Industrials,Industrials,False,Cash,Stage 4,watchlist,20.0,-0.17,-0.45,-8.74,-19.75,4555.2
ACE.NS,Action Construction Equipment Limited,Farm & Heavy Construction Machinery,Industrials,False,Cash,Stage 2,watchlist,66.94,-0.18,1.45,11.48,32.65,1249.9
JINDALSAW.NS,Jindal Saw Limited,Steel,Basic Materials,False,Cash,Stage 2,watchlist,35.39,-0.18,1.51,-8.36,69.89,281.9
TMB.NS,Tamilnad Mercantile Bank Limited,Banks - Regional,Financial Services,False,Cash,Stage 2,watchlist,21.17,-0.18,0.69,-5.34,72.04,877.35
GOPAL.NS,Gopal Snacks Limited,Packaged Foods,Consumer Defensive,False,Cash,Stage 4,watchlist,18.11,-0.18,0.95,-3.66,-18.11,255.4
JYOTICNC.NS,Jyoti CNC Automation Limited,Specialty Industrial Machinery,Industrials,False,Cash,Stage 2,watchlist,68.07,-0.2,3.0,3.26,7.86,1071.0
INDIGOPNTS.NS,Indigo Paints Limited,Specialty Chemicals,Basic Materials,False,Cash,Stage 2 Failed,watchlist,20.03,-0.21,-2.82,-7.02,-10.3,1060.2
WHEELS.NS,Wheels India Limited,Auto Parts,Consumer Cyclical,False,Cash,Stage 2,watchlist,40.89,-0.22,2.83,8.43,167.26,2283.9
SHILPAMED.NS,Shilpa Medicare Limited,Drug Manufacturers - Specialty & Generic,Healthcare,False,Cash,Stage 2,watchlist,61.54,-0.23,2.29,11.59,239.36,1071.2
EMCURE.NS,Emcure Pharmaceuticals Limited,Drug Manufacturers - Specialty & Generic,Healthcare,False,Cash,Stage 2,watchlist,36.3,-0.23,-1.29,-0.41,37.09,1918.0
HEIDELBERG.NS,HeidelbergCement India Limited,Building Materials,Basic Materials,False,Cash,Stage 4,watchlist,16.61,-0.23,-3.85,-16.5,-23.62,127.49
PCBL.NS,PCBL Chemical Limited,Specialty Chemicals,Basic Materials,False,Cash,Stage 2,watchlist,47.6,-0.24,-1.27,-0.58,11.89,326.9
HBLENGINE.NS,HBL Engineering Limited,Electrical Equipment & Parts,Industrials,False,Cash,Not Sure,watchlist,29.55,-0.24,-4.03,4.41,-16.73,762.45
TVSHLTD.NS,TVS Holdings Limited,Auto Parts,Consumer Cyclical,False,Cash,Stage 4,watchlist,24.34,-0.24,-4.58,-12.26,-15.19,11735.0
JUSTDIAL.NS,Just Dial Limited,Communication Services,Communication Services,False,Cash,Stage 2 Failed,watchlist,17.03,-0.24,0.14,-5.92,-9.49,657.4
ICRA.NS,ICRA Limited,Financial Services,Financial Services,False,Cash,Stage 4,watchlist,16.11,-0.24,1.13,-11.83,-27.88,4346.3
EMBDL.NS,Embassy Developments Limited,Real Estate,Real Estate,False,Cash,Stage 4,watchlist,0.0,-0.24,-2.26,-1.6,-3.82,57.19
HGINFRA.NS,H.G. Infra Engineering Limited,Engineering & Construction,Industrials,False,Cash,Stage 4,watchlist,16.11,-0.25,-3.84,-14.12,-43.55,416.15
IRCTC.NS,Indian Railway Catering And Tourism Corporation Limited,Consumer Cyclical,Consumer Cyclical,False,Cash,Stage 4,watchlist,11.95,-0.25,-0.38,-3.88,-33.4,453.65
PERSISTENT.NS,Persistent Systems Limited,Information Technology Services,Technology,True,F&O,Stage 3,watchlist,5.74,-0.25,4.32,-0.95,-11.72,5507.0
CCL.NS,CCL Products (India) Limited,Packaged Foods,Consumer Defensive,False,Cash,Stage 1,watchlist,4.52,-0.25,3.22,-6.93,16.23,1052.3
VOLTAMP.NS,Voltamp Transformers Limited,Electrical Equipment & Parts,Industrials,False,Cash,Stage 2,watchlist,58.97,-0.26,0.11,-7.51,36.4,10512.0
HONASA.NS,Honasa Consumer Limited,Household & Personal Products,Consumer Defensive,False,Cash,Stage 2,watchlist,38.58,-0.26,10.59,1.74,69.26,477.05
JUBLINGREA.NS,Jubilant Ingrevia Limited,Specialty Chemicals,Basic Materials,False,Cash,Stage 4,watchlist,31.42,-0.26,0.54,-4.86,-8.47,642.55
NAVNETEDUL.NS,Navneet Education Limited,Communication Services,Communication Services,False,Cash,Stage 4,watchlist,5.0,-0.26,2.08,-5.53,-11.8,123.95
SARDAEN.NS,Sarda Energy & Minerals Limited,Steel,Basic Materials,False,Cash,Stage 1,watchlist,16.96,-0.27,0.41,-2.57,-1.66,499.35
TCI.NS,Transport Corporation of India Limited,Industrials,Industrials,False,Cash,Stage 4,watchlist,16.61,-0.27,1.95,2.51,-17.57,885.6
ASTRAMICRO.NS,Astra Microwave Products Limited,Communication Equipment,Technology,False,Cash,Stage 3,watchlist,26.7,-0.28,3.93,-3.06,73.3,1701.1
FUSION.NS,Fusion Finance Limited,Credit Services,Financial Services,False,Cash,Stage 4,watchlist,24.59,-0.28,-3.75,-16.6,5.64,168.52
NAZARA.NS,Nazara Technologies Limited,Communication Services,Communication Services,False,Cash,Stage 2,watchlist,56.07,-0.29,-2.56,2.2,35.16,378.45
VIJAYA.NS,Vijaya Diagnostic Centre Limited,Diagnostics & Research,Healthcare,False,Cash,Stage 2,watchlist,32.46,-0.29,1.72,-2.57,40.49,1462.4
ETERNAL.NS,ETERNAL LIMITED,Consumer Cyclical,Consumer Cyclical,True,F&O,Stage 2,watchlist,54.83,-0.3,2.5,1.99,15.57,328.0
ELECTCAST.NS,Electrosteel Castings Limited,Building Products & Equipment,Industrials,False,Cash,Stage 2 Failed,watchlist,22.36,-0.3,5.86,-1.46,3.57,78.73
CRISIL.NS,CRISIL Limited,Financial Services,Financial Services,False,Cash,Stage 2,watchlist,51.64,-0.31,1.01,-6.1,5.4,4509.1
MAHLIFE.NS,Mahindra Lifespace Developers Limited,Real Estate,Real Estate,False,Cash,Stage 4,watchlist,17.87,-0.31,-2.74,-2.51,-10.01,351.1
PITTIENG.NS,Pitti Engineering Limited,Metal Fabrication,Industrials,False,Cash,Stage 2,watchlist,60.29,-0.32,-1.85,-4.71,35.94,1118.4
KIRLOSIND.NS,Kirloskar Industries Limited,Metal Fabrication,Industrials,False,Cash,Stage 3,watchlist,18.62,-0.32,-1.32,-4.95,12.01,3531.2
IMFA.NS,Indian Metals & Ferro Alloys Limited,Basic Materials,Basic Materials,False,Cash,Stage 4,watchlist,16.61,-0.32,-1.63,-7.78,-19.98,1186.8
GRAVITA.NS,Gravita India Limited,Metal Fabrication,Industrials,False,Cash,Stage 4,watchlist,26.61,-0.33,3.36,-11.07,-19.5,1496.0
GALAXYSURF.NS,Galaxy Surfactants Limited,Specialty Chemicals,Basic Materials,False,Cash,Stage 2,watchlist,42.86,-0.34,5.77,12.42,21.01,2434.0
COHANCE.NS,Cohance Lifesciences Limited,Drug Manufacturers - Specialty & Generic,Healthcare,False,Cash,Stage 1,watchlist,40.64,-0.34,-0.54,1.31,-13.0,455.45
TATAELXSI.NS,Tata Elxsi Limited,Software - Application,Technology,True,F&O,Stage 4,watchlist,5.0,-0.34,-0.21,-11.73,-39.79,3082.5
UNICHEMLAB.NS,Unichem Laboratories Limited,Drug Manufacturers - Specialty & Generic,Healthcare,False,Cash,Stage 2,watchlist,41.36,-0.35,-3.91,-4.13,24.16,546.2
DRREDDY.NS,Dr. Reddy's Laboratories Limited,Drug Manufacturers - Specialty & Generic,Healthcare,True,F&O,Stage 4,watchlist,19.51,-0.35,-2.37,4.59,-3.35,1203.8
IPCALAB.NS,IPCA Laboratories Limited,Drug Manufacturers - Specialty & Generic,Healthcare,False,Cash,Stage 2,watchlist,45.1,-0.36,0.6,-1.46,39.12,1938.5
JSWHL.NS,JSW Holdings Limited,Conglomerates,Industrials,False,Cash,Stage 4,watchlist,23.61,-0.36,2.47,-1.74,-43.0,11272.0
SANOFICONR.NS,Sanofi Consumer Healthcare India Limited,Drug Manufacturers - General,Healthcare,False,Cash,Stage 4,watchlist,22.1,-0.36,-3.73,-11.4,-17.12,3722.9
ISGEC.NS,Isgec Heavy Engineering Limited,Specialty Industrial Machinery,Industrials,False,Cash,Stage 1,watchlist,12.52,-0.36,2.11,16.14,1.07,901.75
ANTHEM.NS,Anthem Biosciences Limited,Biotechnology,Healthcare,False,Cash,Stage 2,watchlist,54.72,-0.37,3.31,-7.39,39.38,887.05
RECLTD.NS,REC Limited,Credit Services,Financial Services,True,F&O,Stage 4,watchlist,22.98,-0.37,-0.03,-5.96,-15.59,298.9
ITC.NS,ITC Limited,Consumer Defensive,Consumer Defensive,True,F&O,Stage 4,watchlist,14.46,-0.37,1.12,0.83,-23.41,265.7
INGERRAND.NS,Ingersoll Rand (India) Limited,Specialty Industrial Machinery,Industrials,False,Cash,Stage 2 Failed,watchlist,28.91,-0.38,-0.69,-13.21,18.6,4115.3
RAMCOCEM.NS,The Ramco Cements Limited,Building Materials,Basic Materials,False,Cash,Stage 4,watchlist,22.81,-0.38,0.09,-4.47,-19.94,845.0
UJJIVANSFB.NS,Ujjivan Small Finance Bank Limited,Banks - Regional,Financial Services,False,Cash,Stage 2 Failed,watchlist,2.21,-0.38,-3.79,0.12,21.61,64.94
EMUDHRA.NS,eMudhra Limited,Software - Application,Technology,False,Cash,Stage 2,watchlist,47.25,-0.39,1.51,18.94,8.45,605.5
CYIENT.NS,Cyient Limited,Conglomerates,Industrials,False,Cash,Stage 2,watchlist,42.74,-0.39,5.66,0.87,0.53,1115.0
MPHASIS.NS,MphasiS Limited,Information Technology Services,Technology,True,F&O,Stage 4,watchlist,22.55,-0.39,6.25,-2.8,-16.91,2289.0
INDIASHLTR.NS,India Shelter Finance Corporation Limited,Mortgage Finance,Financial Services,False,Cash,Stage 4,watchlist,7.27,-0.39,-0.28,-5.7,-21.4,633.85
SHARDAMOTR.NS,Sharda Motor Industries Limited,Auto Parts,Consumer Cyclical,False,Cash,Stage 2,watchlist,57.43,-0.4,-4.78,7.12,0.36,924.85
NBCC.NS,NBCC (India) Limited,Engineering & Construction,Industrials,True,F&O,Stage 4,watchlist,6.34,-0.4,-2.24,-10.77,-36.63,76.74
SRF.NS,SRF Limited,Conglomerates,Industrials,True,F&O,Stage 4,watchlist,6.3,-0.4,1.65,-3.38,-19.24,2460.0
FSL.NS,Firstsource Solutions Limited,Information Technology Services,Technology,False,Cash,Stage 4,watchlist,2.0,-0.4,4.14,-0.15,-20.7,259.2
LUMAXTECH.NS,Lumax Auto Technologies Limited,Auto Parts,Consumer Cyclical,False,Cash,Stage 2,watchlist,25.72,-0.41,-10.95,-5.46,14.76,1849.2
BANCOINDIA.NS,Banco Products (I) Limited,Auto Parts,Consumer Cyclical,False,Cash,Stage 4,watchlist,24.45,-0.41,-1.01,-3.24,-9.68,600.2
DEVYANI.NS,Devyani International Limited,Consumer Cyclical,Consumer Cyclical,False,Cash,Stage 2,watchlist,36.73,-0.42,-1.01,-6.53,-12.51,128.98
TIRUMALCHM.NS,Thirumalai Chemicals Limited,Specialty Chemicals,Basic Materials,False,Cash,Stage 4,watchlist,31.04,-0.42,-2.3,-6.33,-36.77,147.91
MANAPPURAM.NS,Manappuram Finance Limited,Credit Services,Financial Services,True,F&O,Stage 2 Failed,watchlist,21.56,-0.42,-2.2,-4.95,-1.05,308.9
ICIL.NS,Indo Count Industries Limited,Textile Manufacturing,Consumer Cyclical,False,Cash,Stage 2,watchlist,60.39,-0.43,2.32,4.49,66.66,471.1
SHAKTIPUMP.NS,Shakti Pumps (India) Limited,Specialty Industrial Machinery,Industrials,False,Cash,Stage 4,watchlist,33.31,-0.43,-3.02,-5.41,-39.37,447.4
DEEPAKNTR.NS,Deepak Nitrite Limited,Chemicals,Basic Materials,False,Cash,Stage 2 Failed,watchlist,24.15,-0.43,1.58,-5.7,-8.25,1553.9
WABAG.NS,VA Tech Wabag Limited,Engineering & Construction,Industrials,False,Cash,Stage 2,watchlist,18.21,-0.43,-3.06,-0.5,52.31,1998.3
GABRIEL.NS,Gabriel India Limited,Auto Parts,Consumer Cyclical,False,Cash,Stage 2,watchlist,27.42,-0.44,0.38,-3.07,29.91,1346.9
ANURAS.NS,Anupam Rasayan India Limited,Specialty Chemicals,Basic Materials,False,Cash,Stage 4,watchlist,26.61,-0.44,-1.35,-5.42,-12.06,1165.1
ICICIPRULI.NS,ICICI Prudential Life Insurance Company Limited,Insurance - Life,Financial Services,True,F&O,Stage 4,watchlist,16.11,-0.44,2.91,-2.79,-31.92,457.5
AXISBANK.NS,Axis Bank Limited,Banks - Regional,Financial Services,True,F&O,Stage 4,watchlist,11.95,-0.44,1.35,-0.19,-2.43,1242.5
VMM.NS,Vishal Mega Mart Limited,Consumer Cyclical,Consumer Cyclical,True,F&O,Stage 4,watchlist,17.75,-0.45,-0.5,-3.27,-26.0,100.5
FLUOROCHEM.NS,Gujarat Fluorochemicals Limited,Specialty Chemicals,Basic Materials,False,Cash,Stage 2,watchlist,51.65,-0.47,3.42,-2.52,24.06,4555.9
AZAD.NS,Azad Engineering Limited,Specialty Industrial Machinery,Industrials,False,Cash,Stage 2,watchlist,44.84,-0.47,2.87,8.01,87.49,3048.2
ONESOURCE.NS,Onesource Specialty Pharma Limited,Biotechnology,Healthcare,False,Cash,Stage 2 Failed,watchlist,21.64,-0.47,-3.45,-1.53,-14.49,1528.6
CHOICEIN.NS,Choice International Limited,Capital Markets,Financial Services,False,Cash,Stage 4,watchlist,16.11,-0.47,-2.35,-4.23,-13.66,723.7
ENTERO.NS,Entero Healthcare Solutions Limited,Healthcare,Healthcare,False,Cash,Stage 2,watchlist,55.76,-0.48,-2.92,-6.25,51.67,1713.3
SHAILY.NS,Shaily Engineering Plastics Limited,Specialty Chemicals,Basic Materials,False,Cash,Stage 2,watchlist,33.43,-0.48,0.73,-9.38,38.71,3085.3
ADFFOODS.NS,ADF Foods Limited,Packaged Foods,Consumer Defensive,False,Cash,Stage 2,watchlist,22.2,-0.48,6.81,6.58,43.21,291.7
JWL.NS,Jupiter Wagons Limited,Industrials,Industrials,False,Cash,Stage 4,watchlist,19.46,-0.48,-4.1,-7.78,-33.68,223.56
MOTHERSON.NS,Samvardhana Motherson International Limited,Auto Parts,Consumer Cyclical,True,F&O,Stage 2,watchlist,32.08,-0.5,-2.49,-2.84,30.57,159.2
SBIN.NS,State Bank of India,Banks - Regional,Financial Services,True,F&O,Stage 4,watchlist,24.06,-0.5,-0.57,-5.36,-1.38,954.0
GREENPANEL.NS,Greenpanel Industries Limited,Basic Materials,Basic Materials,False,Cash,Stage 4,watchlist,21.37,-0.5,-0.75,-1.59,-30.91,159.12
BSOFT.NS,BIRLASOFT LIMITED,Information Technology Services,Technology,False,Cash,Stage 4,watchlist,18.11,-0.5,3.35,-1.56,-34.69,278.05
TTML.NS,Tata Teleservices (Maharashtra) Limited,Telecom Services,Communication Services,False,Cash,Stage 4,watchlist,16.11,-0.5,-0.85,-6.8,-31.38,34.01
MARINE.NS,Marine Electricals (India) Limited,Electrical Equipment & Parts,Industrials,False,Cash,Stage 2,watchlist,39.95,-0.51,10.91,14.48,125.23,476.4
BECTORFOOD.NS,Mrs. Bectors Food Specialities Limited,Packaged Foods,Consumer Defensive,False,Cash,Stage 2 Failed,watchlist,28.36,-0.51,1.14,-8.23,-14.14,211.07
PURVA.NS,Puravankara Limited,Real Estate,Real Estate,False,Cash,Stage 4,watchlist,13.14,-0.51,2.36,-5.98,-12.95,209.68
BANSALWIRE.NS,Bansal Wire Industries Limited,Steel,Basic Materials,False,Cash,Stage 2,watchlist,31.75,-0.52,-1.11,2.08,6.09,324.0
MEDANTA.NS,Global Health Limited,Medical Care Facilities,Healthcare,False,Cash,Stage 2,watchlist,29.76,-0.52,-5.19,-9.03,8.61,1294.1
BAJAJFINSV.NS,Bajaj Finserv Limited,Financial Services,Financial Services,True,F&O,Stage 4,watchlist,19.54,-0.52,0.71,-10.05,-14.35,1743.3
SUNTECK.NS,Sunteck Realty Limited,Real Estate,Real Estate,False,Cash,Stage 4,watchlist,18.24,-0.52,-0.77,-4.88,-34.95,278.15
ITDC.NS,India Tourism Development Corporation Limited,Lodging,Consumer Cyclical,False,Cash,Stage 2,watchlist,17.15,-0.52,2.22,4.86,11.13,671.75
FINPIPE.NS,Finolex Industries Limited,Building Products & Equipment,Industrials,False,Cash,Stage 4,watchlist,16.63,-0.52,1.6,-0.76,-10.88,153.91
ICICIGI.NS,ICICI Lombard General Insurance Company Limited,Financial Services,Financial Services,True,F&O,Stage 4,watchlist,1.8,-0.52,0.0,7.11,-18.44,1590.0
SANATHAN.NS,Sanathan Textiles Limited,Textile Manufacturing,Consumer Cyclical,False,Cash,Stage 2,watchlist,62.89,-0.53,1.52,14.61,20.92,522.85
AJAXENGG.NS,Ajax Engineering Limited,Farm & Heavy Construction Machinery,Industrials,False,Cash,Stage 2,watchlist,51.94,-0.53,-1.5,-2.26,-1.43,582.75
HIKAL.NS,Hikal Limited,Drug Manufacturers - Specialty & Generic,Healthcare,False,Cash,Stage 2,watchlist,33.5,-0.53,3.3,-7.31,-0.48,225.24
BASF.NS,BASF India Limited,Specialty Chemicals,Basic Materials,False,Cash,Stage 4,watchlist,31.69,-0.53,0.53,-8.82,-11.2,3453.8
AURIONPRO.NS,Aurionpro Solutions Limited,Software - Application,Technology,False,Cash,Stage 4,watchlist,21.11,-0.53,-3.37,-8.09,-42.04,612.8
LMW.NS,LMW Limited,Specialty Industrial Machinery,Industrials,False,Cash,Stage 2,watchlist,58.79,-0.54,-0.81,-10.41,12.49,16819.0
NAVINFLUOR.NS,Navin Fluorine International Limited,Chemicals,Basic Materials,False,Cash,Stage 2,watchlist,41.84,-0.54,2.97,-2.76,43.28,8490.0
XPROINDIA.NS,Xpro India Limited,Specialty Chemicals,Basic Materials,False,Cash,Stage 2 Failed,watchlist,27.91,-0.54,-2.62,-17.03,17.68,1130.0
NUVOCO.NS,Nuvoco Vistas Corporation Limited,Building Materials,Basic Materials,False,Cash,Stage 2 Failed,watchlist,21.45,-0.54,-1.65,-5.9,-7.27,324.75
THOMASCOOK.NS,Thomas Cook  (India)  Limited,Consumer Cyclical,Consumer Cyclical,False,Cash,Stage 4,watchlist,18.61,-0.54,-1.81,-8.53,-32.01,100.54
TRENT.NS,Trent Limited,Consumer Cyclical,Consumer Cyclical,True,F&O,Not Sure,watchlist,8.84,-0.54,10.25,3.46,1.03,2890.3
SFL.NS,Sheela Foam Limited,"Furnishings, Fixtures & Appliances",Consumer Cyclical,False,Cash,Stage 3,watchlist,0.46,-0.54,-1.81,-3.52,5.23,620.05
SCHAEFFLER.NS,Schaeffler India Limited,Auto Parts,Consumer Cyclical,False,Cash,Stage 1,watchlist,34.53,-0.55,-3.14,-5.07,-1.1,3797.0
ZYDUSLIFE.NS,Zydus Lifesciences Limited,Drug Manufacturers - Specialty & Generic,Healthcare,True,F&O,Stage 2,watchlist,34.68,-0.56,-3.96,-0.34,26.12,1153.0
PATANJALI.NS,Patanjali Foods Limited,Packaged Foods,Consumer Defensive,True,F&O,Stage 4,watchlist,7.42,-0.56,-0.56,5.54,-34.0,360.95
MANINFRA.NS,Man Infraconstruction Limited,Engineering & Construction,Industrials,False,Cash,Stage 2,watchlist,25.43,-0.58,-4.21,-1.53,-3.46,122.52
EUREKAFORB.NS,Eureka Forbes Limited,"Furnishings, Fixtures & Appliances",Consumer Cyclical,False,Cash,Stage 4,watchlist,16.61,-0.58,-2.56,-13.9,-43.39,351.75
MAITHANALL.NS,Maithan Alloys Limited,Steel,Basic Materials,False,Cash,Stage 2 Failed,watchlist,15.58,-0.58,-2.42,-17.46,-8.59,905.75
HEMIPROP.NS,Hemisphere Properties India Limited,Real Estate,Real Estate,False,Cash,Stage 4,watchlist,0.9,-0.58,-1.8,-9.76,-17.18,112.87
RAMRAT.NS,Ram Ratna Wires Limited,Electrical Equipment & Parts,Industrials,False,Cash,Stage 2,watchlist,40.44,-0.59,9.44,20.9,106.78,637.4
MAHSCOOTER.NS,Maharashtra Scooters Limited,Asset Management,Financial Services,False,Cash,Stage 2 Failed,watchlist,19.57,-0.59,-0.8,-8.94,-12.38,12242.0
NSIL.NS,Nalwa Sons Investments Limited,Asset Management,Financial Services,False,Cash,Stage 4,watchlist,16.61,-0.59,-1.56,-7.95,-19.21,5266.5
RBLBANK.NS,RBL Bank Limited,Banks - Regional,Financial Services,True,F&O,Stage 2,watchlist,39.16,-0.6,2.14,-1.55,31.01,412.0
PRINCEPIPE.NS,Prince Pipes And Fittings Limited,Building Products & Equipment,Industrials,False,Cash,Stage 1,watchlist,23.64,-0.6,0.31,-9.3,-3.61,256.65
EPIGRAL.NS,Epigral Limited,Chemicals,Basic Materials,False,Cash,Stage 4,watchlist,23.04,-0.6,1.17,-15.55,-18.07,1030.0
CROMPTON.NS,Crompton Greaves Consumer Electricals Limited,"Furnishings, Fixtures & Appliances",Consumer Cyclical,True,F&O,Stage 4,watchlist,0.9,-0.6,0.97,-9.14,-14.45,210.7
360ONE.NS,360 ONE WAM LIMITED,Asset Management,Financial Services,True,F&O,Stage 4,watchlist,9.3,-0.61,3.2,-4.23,-9.37,1063.0
LUMAXIND.NS,Lumax Industries Limited,Auto Parts,Consumer Cyclical,False,Cash,Stage 2 Failed,watchlist,24.62,-0.63,-5.1,-12.02,7.53,5401.5
TITAGARH.NS,TITAGARH RAIL SYSTEMS LIMITED,Industrials,Industrials,False,Cash,Stage 2 Failed,watchlist,0.62,-0.63,-2.25,-9.09,-9.19,799.75
AUROPHARMA.NS,Aurobindo Pharma Limited,Drug Manufacturers - Specialty & Generic,Healthcare,True,F&O,Stage 2,watchlist,70.18,-0.64,0.6,-0.59,40.99,1682.0
INDHOTEL.NS,The Indian Hotels Company Limited,Lodging,Consumer Cyclical,True,F&O,Stage 2,watchlist,59.39,-0.64,2.37,2.11,-0.55,731.3
GMRP&UI.NS,GMR Power and Urban Infra Limited,Energy,Energy,False,Cash,Stage 4,watchlist,25.98,-0.64,-3.61,6.24,-8.72,101.58
ASTERDM.NS,Aster DM Healthcare Limited,Medical Care Facilities,Healthcare,False,Cash,Stage 4,watchlist,19.91,-0.64,-7.31,-14.5,12.62,680.3
TRANSRAILL.NS,Transrail Lighting Limited,Engineering & Construction,Industrials,False,Cash,Stage 4,watchlist,16.61,-0.64,0.61,14.94,-13.07,479.3
MEDPLUS.NS,Medplus Health Services Limited,Healthcare,Healthcare,False,Cash,Stage 4,watchlist,5.96,-0.64,-1.02,-1.88,-20.15,647.3
ITCHOTELS.NS,ITC Hotels Limited,Consumer Cyclical,Consumer Cyclical,False,Cash,Stage 4,watchlist,20.75,-0.65,-3.02,1.49,-18.48,159.17
DODLA.NS,Dodla Dairy Limited,Consumer Defensive,Consumer Defensive,False,Cash,Stage 4,watchlist,16.65,-0.65,0.22,-5.02,-17.43,1013.3
VSTIND.NS,VST Industries Limited,Consumer Defensive,Consumer Defensive,False,Cash,Stage 4,watchlist,1.8,-0.65,-0.8,-2.72,-17.46,201.33
SMLMAH.NS,SML Mahindra Limited,Auto Manufacturers,Consumer Cyclical,False,Cash,Stage 2,watchlist,57.72,-0.66,-7.34,-3.46,49.84,6095.0
CONCORDBIO.NS,Concord Biotech Limited,Biotechnology,Healthcare,False,Cash,Stage 2,watchlist,23.22,-0.66,-1.01,-7.53,2.36,1359.7
JIOFIN.NS,Jio Financial Services Limited,Asset Management,Financial Services,True,F&O,Stage 4,watchlist,20.65,-0.67,-0.2,-7.17,-26.63,216.44
KFINTECH.NS,Kfin Technologies Limited,Software - Application,Technology,True,F&O,Stage 4,watchlist,5.0,-0.67,2.14,-7.25,-19.23,858.0
AETHER.NS,Aether Industries Limited,Specialty Chemicals,Basic Materials,False,Cash,Stage 2,watchlist,44.36,-0.68,5.2,8.81,98.85,1787.6
VEEDOL.NS,Veedol Corporation Limited,Specialty Chemicals,Basic Materials,False,Cash,Stage 4,watchlist,22.11,-0.68,0.71,-4.88,-13.06,1383.0
ANANDRATHI.NS,Anand Rathi Wealth Limited,Asset Management,Financial Services,False,Cash,Stage 2,watchlist,24.0,-0.69,0.34,-4.59,37.73,2127.2
DOMS.NS,DOMS Industries Limited,Industrials,Industrials,False,Cash,Stage 4,watchlist,23.18,-0.69,0.32,-6.78,-20.74,2058.9
TRAVELFOOD.NS,Travel Food Services Limited,Consumer Cyclical,Consumer Cyclical,False,Cash,Stage 4,watchlist,18.11,-0.69,-0.58,-6.71,3.48,1189.6
EXIDEIND.NS,Exide Industries Limited,Auto Parts,Consumer Cyclical,True,F&O,Stage 2 Failed,watchlist,10.66,-0.69,-2.34,-3.64,11.46,402.95
ZFCVINDIA.NS,ZF Commercial Vehicle Control Systems India Limited,Auto Parts,Consumer Cyclical,False,Cash,Stage 2 Failed,watchlist,5.0,-0.69,-7.21,-13.71,-11.36,2172.2
NUVAMA.NS,Nuvama Wealth Management Limited,Asset Management,Financial Services,True,F&O,Stage 2,watchlist,22.36,-0.7,10.52,-0.35,26.39,1825.9
SMSPHARMA.NS,SMS Pharmaceuticals Limited,Drug Manufacturers - General,Healthcare,False,Cash,Stage 2,watchlist,51.82,-0.71,-2.2,17.92,49.71,468.85
BANDHANBNK.NS,Bandhan Bank Limited,Banks - Regional,Financial Services,True,F&O,Stage 1,watchlist,10.66,-0.71,-8.55,-5.01,14.03,162.99
DCAL.NS,Dishman Carbogen Amcis Limited,Biotechnology,Healthcare,False,Cash,Stage 4,watchlist,22.18,-0.72,-3.18,-12.37,-40.56,152.46
GREENLAM.NS,Greenlam Industries Limited,"Furnishings, Fixtures & Appliances",Consumer Cyclical,False,Cash,Stage 4,watchlist,16.11,-0.72,-1.1,-10.63,-13.03,210.5
CUB.NS,City Union Bank Limited,Banks - Regional,Financial Services,False,Cash,Stage 2,watchlist,49.98,-0.73,-1.74,-4.66,3.44,222.12
GRINDWELL.NS,Grindwell Norton Limited,Building Products & Equipment,Industrials,False,Cash,Stage 2,watchlist,30.72,-0.73,5.3,4.41,30.75,2018.2
HNDFDS.NS,Hindustan Foods Limited,Conglomerates,Industrials,False,Cash,Stage 2,watchlist,34.24,-0.74,-2.76,-5.63,13.17,580.4
AGARWALEYE.NS,Dr. Agarwal's Health Care Limited,Healthcare,Healthcare,False,Cash,Stage 2 Failed,watchlist,28.64,-0.74,-2.42,-6.0,-3.4,483.25
LLOYDSME.NS,Lloyds Metals And Energy Limited,Steel,Basic Materials,False,Cash,Stage 2 Failed,watchlist,10.0,-0.74,-2.1,2.51,36.47,1844.5
AGIIL.NS,Agi Infra Limited,Real Estate,Real Estate,False,Cash,Stage 4,watchlist,0.0,-0.75,-2.91,-7.15,-2.06,257.15
SANOFI.NS,Sanofi India Limited,Drug Manufacturers - General,Healthcare,False,Cash,Stage 4,watchlist,7.34,-0.76,-1.09,-2.92,-25.21,3023.8
BHEL.NS,Bharat Heavy Electricals Limited,Specialty Industrial Machinery,Industrials,True,F&O,Stage 2,watchlist,59.09,-0.77,7.94,6.24,54.38,448.5
JUBLCPL.NS,Jubilant Agri and Consumer Products Limited,Specialty Chemicals,Basic Materials,False,Cash,Stage 2 Failed,watchlist,31.61,-0.77,-5.67,-10.56,-12.38,1988.0
JINDALPOLY.NS,Jindal Poly Films Limited,Consumer Cyclical,Consumer Cyclical,False,Cash,Stage 1,watchlist,25.21,-0.77,-3.27,-6.56,36.02,653.25
BATAINDIA.NS,Bata India Limited,Consumer Cyclical,Consumer Cyclical,False,Cash,Stage 4,watchlist,24.69,-0.77,-0.85,-8.12,-31.92,615.1
ORISSAMINE.NS,The Orissa Minerals Development Company Limited,Steel,Basic Materials,False,Cash,Stage 4,watchlist,21.11,-0.77,-2.5,-14.53,-28.17,3581.3
POKARNA.NS,Pokarna Limited,Building Products & Equipment,Industrials,False,Cash,Stage 4,watchlist,16.11,-0.77,-1.89,-12.27,-16.09,704.45
TATACONSUM.NS,TATA CONSUMER PRODUCTS LIMITED,Packaged Foods,Consumer Defensive,True,F&O,Stage 4,watchlist,8.44,-0.77,2.0,-4.5,-17.01,968.5
TATATECH.NS,Tata Technologies Limited,Information Technology Services,Technology,False,Cash,Stage 2 Failed,watchlist,2.84,-0.78,-1.4,-12.64,9.94,697.6
MIDHANI.NS,Mishra Dhatu Nigam Limited,Steel,Basic Materials,False,Cash,Stage 2,watchlist,58.32,-0.79,4.81,-3.55,34.98,458.7
APLAPOLLO.NS,APL Apollo Tubes Limited,Steel,Basic Materials,True,F&O,Stage 2,watchlist,45.8,-0.79,-2.45,-3.24,8.79,2135.0
NAVA.NS,NAVA LIMITED,Conglomerates,Industrials,False,Cash,Stage 1,watchlist,29.46,-0.79,4.49,2.55,1.91,570.45
TECHNOE.NS,Techno Electric & Engineering Company Limited,Engineering & Construction,Industrials,False,Cash,Stage 4,watchlist,22.97,-0.79,-2.16,3.42,-6.48,988.3
NESCO.NS,Nesco Limited,Conglomerates,Industrials,False,Cash,Stage 4,watchlist,18.61,-0.79,-1.11,-4.38,-15.47,1028.9
NIITMTS.NS,NIIT Learning Systems Limited,Consumer Defensive,Consumer Defensive,False,Cash,Stage 4,watchlist,16.22,-0.79,-0.78,-7.86,-48.39,203.37
TIMKEN.NS,Timken India Limited,Tools & Accessories,Industrials,False,Cash,Stage 1,watchlist,13.91,-0.79,1.48,1.07,3.07,3132.0
GAIL.NS,GAIL (India) Limited,Utilities,Utilities,True,F&O,Stage 2,watchlist,49.66,-0.8,0.09,-2.5,2.78,170.71
RPEL.NS,Raghav Productivity Enhancers Limited,Chemicals,Basic Materials,False,Cash,Stage 2,watchlist,41.7,-0.8,5.98,8.31,88.86,1820.9
SYNGENE.NS,Syngene International Limited,Diagnostics & Research,Healthcare,False,Cash,Stage 4,watchlist,26.11,-0.8,-1.37,-7.03,-44.43,360.3
GODREJCP.NS,Godrej Consumer Products Limited,Household & Personal Products,Consumer Defensive,True,F&O,Stage 4,watchlist,21.11,-0.8,1.83,0.06,-29.35,865.55
JTEKTINDIA.NS,Jtekt India Limited,Auto Parts,Consumer Cyclical,False,Cash,Stage 4,watchlist,21.11,-0.8,-1.82,-5.62,-18.46,114.46
IGIL.NS,International Gemological Institute Limited,Basic Materials,Basic Materials,False,Cash,Stage 1,watchlist,19.3,-0.8,0.36,-0.33,-3.33,317.05
MRF.NS,MRF Limited,Auto Parts,Consumer Cyclical,False,Cash,Stage 4,watchlist,28.12,-0.81,-0.0,-4.51,-18.64,123075.0
CEATLTD.NS,CEAT Limited,Auto Parts,Consumer Cyclical,False,Cash,Stage 4,watchlist,27.21,-0.81,1.91,-1.03,-11.63,3301.9
LUPIN.NS,Lupin Limited,Drug Manufacturers - Specialty & Generic,Healthcare,True,F&O,Stage 4,watchlist,16.33,-0.81,-1.91,-4.38,-3.58,2012.9
ITI.NS,ITI Limited,Communication Equipment,Technology,False,Cash,Stage 4,watchlist,10.0,-0.81,-0.23,-9.02,-20.91,245.84
TVSSRICHAK.NS,TVS Srichakra Limited,Auto Parts,Consumer Cyclical,False,Cash,Stage 2,watchlist,36.36,-0.82,-1.82,-17.32,1.14,4354.1
SIS.NS,SIS LIMITED,Industrials,Industrials,False,Cash,Stage 3,watchlist,6.99,-0.82,-1.28,-3.58,27.23,413.3
NHPC.NS,NHPC Limited,Utilities - Renewable,Utilities,True,F&O,Stage 1,watchlist,27.04,-0.83,-0.43,-4.48,-6.97,72.5
VAIBHAVGBL.NS,Vaibhav Global Limited,Luxury Goods,Consumer Cyclical,False,Cash,Stage 4,watchlist,5.0,-0.83,-1.75,-7.27,-14.67,200.75
MHRIL.NS,Mahindra Holidays & Resorts India Limited,Consumer Cyclical,Consumer Cyclical,False,Cash,Stage 4,watchlist,2.0,-0.83,0.42,-5.17,-36.75,195.07
WELSPUNLIV.NS,Welspun Living Limited,Textile Manufacturing,Consumer Cyclical,False,Cash,Stage 2,watchlist,50.98,-0.84,3.75,13.47,78.72,235.86
RAYMONDREL.NS,Raymond Realty Limited,Real Estate,Real Estate,False,Cash,Stage 2,watchlist,29.01,-0.85,4.75,20.48,35.03,701.8
RELIANCE.NS,Reliance Industries Limited,Oil & Gas Refining & Marketing,Energy,True,F&O,Stage 4,watchlist,23.22,-0.85,1.74,-6.73,-23.0,1207.7
VADILALIND.NS,Vadilal Industries Limited,Packaged Foods,Consumer Defensive,False,Cash,Stage 2,watchlist,26.08,-0.86,-0.41,-3.44,48.6,7247.0
ULTRACEMCO.NS,UltraTech Cement Limited,Building Materials,Basic Materials,True,F&O,Stage 4,watchlist,16.11,-0.86,-2.72,-3.19,-8.62,10658.0
NSLNISP.NS,NMDC Steel Limited,Steel,Basic Materials,False,Cash,Stage 2 Failed,watchlist,9.14,-0.86,-1.86,-9.93,-8.03,40.55
MARICO.NS,Marico Limited,Household & Personal Products,Consumer Defensive,True,F&O,Not Sure,watchlist,29.16,-0.87,0.16,-4.45,4.0,787.25
STARCEMENT.NS,Star Cement Limited,Building Materials,Basic Materials,False,Cash,Stage 4,watchlist,16.11,-0.87,-1.81,-10.04,-20.92,174.88
TRITURBINE.NS,Triveni Turbine Limited,Specialty Industrial Machinery,Industrials,False,Cash,Stage 4,watchlist,15.71,-0.87,-2.23,-6.56,-0.3,531.45
PARADEEP.NS,Paradeep Phosphates Limited,Agricultural Inputs,Basic Materials,False,Cash,Stage 2,watchlist,49.97,-0.88,0.71,-2.76,-4.83,155.38
INDOTECH.NS,Indo Tech Transformers Limited,Electrical Equipment & Parts,Industrials,False,Cash,Stage 2,watchlist,34.1,-0.88,4.3,-9.09,113.82,3323.3
PICCADIL.NS,Piccadily Agro Industries Limited,Consumer Defensive,Consumer Defensive,False,Cash,Stage 4,watchlist,16.66,-0.88,-2.3,-4.53,-2.41,589.0
TECHM.NS,Tech Mahindra Limited,Information Technology Services,Technology,True,F&O,Stage 2 Failed,watchlist,20.36,-0.89,-2.16,-4.36,-4.84,1491.1
NIACL.NS,The New India Assurance Company Limited,Financial Services,Financial Services,False,Cash,Stage 2 Failed,watchlist,0.9,-0.89,-4.63,-22.38,3.27,159.29
CEIGALL.NS,Ceigall India Limited,Engineering & Construction,Industrials,False,Cash,Stage 2,watchlist,47.82,-0.9,-2.6,-0.42,37.39,372.8
FORCEMOT.NS,FORCE MOTORS LTD,Auto Manufacturers,Consumer Cyclical,True,F&O,Stage 4,watchlist,24.5,-0.9,-0.57,-3.52,-18.48,16956.0
CMSINFO.NS,CMS Info Systems Limited,Industrials,Industrials,False,Cash,Stage 4,watchlist,22.55,-0.9,-1.39,-6.67,-36.77,218.37
OBEROIRLTY.NS,Oberoi Realty Limited,Real Estate,Real Estate,True,F&O,Stage 2 Failed,watchlist,0.0,-0.9,-1.53,-6.04,2.74,1736.0
HARSHA.NS,Harsha Engineers International Limited,Tools & Accessories,Industrials,False,Cash,Stage 2,watchlist,62.58,-0.91,-2.11,-1.37,18.49,460.4
JUNIPER.NS,Juniper Hotels Limited,Lodging,Consumer Cyclical,False,Cash,Stage 2,watchlist,28.49,-0.93,1.37,0.27,-13.64,216.34
ESCORTS.NS,Escorts Kubota Limited,Farm & Heavy Construction Machinery,Industrials,False,Cash,Stage 4,watchlist,21.17,-0.93,2.59,-7.56,-25.9,2785.5
KALPATARU.NS,Kalpataru Limited,Real Estate,Real Estate,False,Cash,Stage 4,watchlist,16.22,-0.93,-4.12,-3.12,-23.02,267.3
KSCL.NS,Kaveri Seed Company Limited,Agricultural Inputs,Basic Materials,False,Cash,Stage 4,watchlist,6.31,-0.93,-2.05,-2.44,-27.07,710.75
MAHLOG.NS,Mahindra Logistics Limited,Industrials,Industrials,False,Cash,Stage 2,watchlist,51.15,-0.94,-3.42,1.97,29.5,411.15
KSB.NS,Ksb Limited,Specialty Industrial Machinery,Industrials,False,Cash,Stage 1,watchlist,35.96,-0.94,-2.82,0.01,7.93,801.5
TCS.NS,Tata Consultancy Services Limited,Information Technology Services,Technology,True,F&O,Stage 4,watchlist,6.52,-0.94,1.45,-7.77,-33.12,2080.3
CUMMINSIND.NS,Cummins India Limited,Specialty Industrial Machinery,Industrials,True,F&O,Stage 4,watchlist,26.11,-0.95,2.36,-3.33,10.39,4872.2
RELAXO.NS,Relaxo Footwears Limited,Consumer Cyclical,Consumer Cyclical,False,Cash,Stage 4,watchlist,18.11,-0.95,-1.29,-13.92,-27.73,287.75
SIGNATURE.NS,Signatureglobal (India) Limited,Real Estate,Real Estate,False,Cash,Stage 4,watchlist,15.45,-0.95,-2.01,-10.93,-36.87,712.5
LINDEINDIA.NS,Linde India Limited,Specialty Chemicals,Basic Materials,False,Cash,Stage 4,watchlist,11.44,-0.95,-3.62,-4.48,3.32,6094.0
LICI.NS,Life Insurance Corporation Of India,Insurance - Life,Financial Services,True,F&O,Stage 4,watchlist,3.55,-0.95,-2.25,-5.95,-7.28,386.3
PFIZER.NS,Pfizer Limited,Drug Manufacturers - General,Healthcare,False,Cash,Stage 4,watchlist,25.04,-0.96,-2.5,-17.0,-21.13,3815.1
DATAMATICS.NS,Datamatics Global Services Limited,Information Technology Services,Technology,False,Cash,Stage 2 Failed,watchlist,12.11,-0.96,-7.01,1.64,-3.12,763.8
TTKPRESTIG.NS,TTK Prestige Limited,"Furnishings, Fixtures & Appliances",Consumer Cyclical,False,Cash,Stage 4,watchlist,0.0,-0.96,-2.98,-5.5,-14.9,517.85
SUDARSCHEM.NS,Sudarshan Chemical Industries Limited,Specialty Chemicals,Basic Materials,False,Cash,Stage 2,watchlist,44.91,-0.97,2.45,-1.06,30.74,1226.6
LALPATHLAB.NS,Dr. Lal Path Labs Ltd.,Diagnostics & Research,Healthcare,False,Cash,Stage 2,watchlist,43.95,-0.97,-0.27,2.27,29.81,1945.1
FIVESTAR.NS,Five-Star Business Finance Limited,Credit Services,Financial Services,False,Cash,Stage 2 Failed,watchlist,25.98,-0.97,-1.45,-2.82,-4.33,509.35
CIPLA.NS,Cipla Limited,Drug Manufacturers - Specialty & Generic,Healthcare,True,F&O,Stage 4,watchlist,11.17,-0.97,-1.4,-4.1,-10.74,1327.2
UNIVCABLES.NS,Universal Cables Limited,Electrical Equipment & Parts,Industrials,False,Cash,Stage 2,watchlist,44.68,-0.98,13.17,7.11,71.11,1633.1
AFFLE.NS,Affle 3i Limited,Communication Services,Communication Services,False,Cash,Stage 4,watchlist,21.22,-0.98,-4.96,-10.77,-19.39,1436.0
ASHIANA.NS,Ashiana Housing Limited,Real Estate,Real Estate,False,Cash,Stage 1,watchlist,20.08,-0.98,-2.91,8.82,34.87,379.2
ACC.NS,ACC Limited,Building Materials,Basic Materials,False,Cash,Stage 4,watchlist,17.65,-0.98,-3.21,-7.71,-32.65,1165.5
TMPV.NS,Tata Motors Passenger Vehicles Limited,Auto Manufacturers,Consumer Cyclical,True,F&O,Stage 4,watchlist,6.51,-0.98,-0.18,-7.65,-22.36,283.0
UNIMECH.NS,Unimech Aerospace and Manufacturing Limited,Aerospace & Defense,Industrials,False,Cash,Stage 2,watchlist,55.37,-0.99,7.57,13.8,103.03,1854.5
ALIVUS.NS,Alivus Life Sciences Limited,Drug Manufacturers - Specialty & Generic,Healthcare,False,Cash,Stage 2,watchlist,59.64,-1.0,-0.66,-0.13,51.51,1370.2
ARVIND.NS,Arvind Limited,Textile Manufacturing,Consumer Cyclical,False,Cash,Stage 2,watchlist,31.48,-1.0,-1.96,-8.95,67.44,529.3
ROUTE.NS,ROUTE MOBILE LIMITED,Telecom Services,Communication Services,False,Cash,Stage 4,watchlist,16.11,-1.0,-4.63,-16.71,-37.71,426.5
CARBORUNIV.NS,Carborundum Universal Limited,Conglomerates,Industrials,False,Cash,Stage 2,watchlist,63.54,-1.02,4.68,13.83,46.8,1256.7
REDTAPE.NS,Redtape Limited,Consumer Cyclical,Consumer Cyclical,False,Cash,Stage 4,watchlist,11.95,-1.02,-3.38,-1.69,-7.12,113.63
MANYAVAR.NS,Vedant Fashions Limited,Apparel Manufacturing,Consumer Cyclical,False,Cash,Stage 2 Failed,watchlist,36.67,-1.03,-5.92,-13.45,-11.86,500.2
ONGC.NS,Oil & Natural Gas Corporation Limited,Energy,Energy,True,F&O,Stage 4,watchlist,26.48,-1.03,-1.74,-5.98,-4.15,221.88
LTM.NS,LTM Limited,Information Technology Services,Technology,True,F&O,Stage 4,watchlist,24.22,-1.03,-2.84,-11.29,-34.84,3930.0
UNITDSPR.NS,United Spirits Limited,Consumer Defensive,Consumer Defensive,True,F&O,Stage 2 Failed,watchlist,19.44,-1.03,-0.74,-6.67,-3.11,1344.0
FOSECOIND.NS,Foseco India Limited,Chemicals,Basic Materials,False,Cash,Stage 2,watchlist,69.0,-1.04,-1.38,4.55,30.77,6373.0
VOLTAS.NS,Voltas Limited,"Furnishings, Fixtures & Appliances",Consumer Cyclical,True,F&O,Stage 4,watchlist,21.51,-1.04,-1.23,-7.69,-23.42,1056.8
INDUSTOWER.NS,Indus Towers Limited,Telecom Services,Communication Services,True,F&O,Stage 4,watchlist,19.03,-1.04,3.18,3.22,-8.32,385.05
ASTRAZEN.NS,AstraZeneca Pharma India Limited,Drug Manufacturers - Specialty & Generic,Healthcare,False,Cash,Stage 4,watchlist,30.03,-1.05,-4.33,-13.93,-32.28,5918.0
CANFINHOME.NS,Can Fin Homes Limited,Mortgage Finance,Financial Services,False,Cash,Stage 4,watchlist,16.11,-1.05,-0.64,-9.74,-21.24,727.0
PAGEIND.NS,Page Industries Limited,Apparel Manufacturing,Consumer Cyclical,True,F&O,Not Sure,watchlist,13.99,-1.05,3.26,4.61,6.78,37570.0
RHIM.NS,RHI MAGNESITA INDIA LIMITED,Metal Fabrication,Industrials,False,Cash,Stage 4,watchlist,28.57,-1.06,-6.04,-0.51,-18.18,369.45
ROSSARI.NS,Rossari Biotech Limited,Specialty Chemicals,Basic Materials,False,Cash,Stage 4,watchlist,19.95,-1.06,1.18,-6.97,-26.91,422.9
POLYPLEX.NS,Polyplex Corporation Limited,Specialty Chemicals,Basic Materials,False,Cash,Stage 2 Failed,watchlist,10.81,-1.06,-3.0,-10.99,22.41,1023.3
PGEL.NS,PG Electroplast Limited,Electronic Components,Technology,True,F&O,Stage 4,watchlist,26.11,-1.07,5.79,-5.68,-9.79,522.0
SUNDARMFIN.NS,Sundaram Finance Limited,Credit Services,Financial Services,False,Cash,Stage 4,watchlist,18.11,-1.07,-1.24,-8.73,-18.5,4301.2
KSL.NS,Kalyani Steels Limited,Steel,Basic Materials,False,Cash,Stage 2,watchlist,57.11,-1.08,-3.29,-0.93,25.23,932.65
TATACHEM.NS,Tata Chemicals Limited,Chemicals,Basic Materials,False,Cash,Stage 4,watchlist,28.13,-1.09,-0.27,0.35,-17.57,609.8
SAMMAANCAP.NS,Sammaan Capital Limited,Mortgage Finance,Financial Services,True,F&O,Stage 4,watchlist,16.61,-1.09,-2.64,-13.11,-7.81,132.94
SUBROS.NS,Subros Limited,Auto Parts,Consumer Cyclical,False,Cash,Stage 4,watchlist,5.0,-1.09,-3.8,-3.75,-21.3,675.5
IRCON.NS,Ircon International Limited,Engineering & Construction,Industrials,False,Cash,Stage 4,watchlist,21.11,-1.11,-8.91,-8.16,-39.21,106.66
ECLERX.NS,eClerx Services Limited,Information Technology Services,Technology,False,Cash,Stage 2,watchlist,19.97,-1.11,4.18,-2.52,-21.31,1896.0
ATGL.NS,Adani Total Gas Limited,Utilities,Utilities,False,Cash,Stage 4,watchlist,3.25,-1.11,-2.02,-4.51,-2.02,581.9
ADVENZYMES.NS,Advanced Enzyme Technologies Limited,Specialty Chemicals,Basic Materials,False,Cash,Stage 4,watchlist,14.63,-1.12,-4.1,-9.64,-10.8,270.05
ELECON.NS,Elecon Engineering Company Limited,Specialty Industrial Machinery,Industrials,False,Cash,Stage 4,watchlist,34.32,-1.13,-8.15,3.41,-7.95,441.25
CAPLIPOINT.NS,Caplin Point Laboratories Limited,Drug Manufacturers - Specialty & Generic,Healthcare,False,Cash,Stage 2,watchlist,51.83,-1.14,-2.48,-4.22,47.78,2649.1
NEULANDLAB.NS,Neuland Laboratories Limited,Drug Manufacturers - Specialty & Generic,Healthcare,False,Cash,Stage 2,watchlist,50.3,-1.14,1.31,-5.31,44.06,21655.0
HINDCOPPER.NS,Hindustan Copper Limited,Basic Materials,Basic Materials,False,Cash,Stage 4,watchlist,16.11,-1.14,1.54,-9.59,-7.67,479.95
CLEAN.NS,Clean Science and Technology Limited,Specialty Chemicals,Basic Materials,False,Cash,Stage 2,watchlist,48.11,-1.15,4.89,-3.64,-4.59,813.7
POLYMED.NS,Poly Medicure Limited,Healthcare,Healthcare,False,Cash,Stage 2 Failed,watchlist,30.27,-1.15,-1.81,-5.06,-7.13,1615.0
VSTTILLERS.NS,V.S.T Tillers Tractors Limited,Farm & Heavy Construction Machinery,Industrials,False,Cash,Stage 4,watchlist,18.61,-1.15,-0.33,6.67,-28.99,4375.6
CRIZAC.NS,Crizac Limited,Consumer Defensive,Consumer Defensive,False,Cash,Stage 4,watchlist,1.8,-1.15,-1.89,-2.93,-39.28,166.91
SONACOMS.NS,Sona BLW Precision Forgings Limited,Auto Parts,Consumer Cyclical,True,F&O,Stage 2,watchlist,45.32,-1.16,-2.35,0.81,71.94,810.5
SUVEN.NS,Suven Life Sciences Limited,Drug Manufacturers - Specialty & Generic,Healthcare,False,Cash,Stage 2,watchlist,27.5,-1.16,-4.58,-17.4,85.53,305.55
RAILTEL.NS,Railtel Corporation Of India Limited,Telecom Services,Communication Services,False,Cash,Stage 4,watchlist,21.61,-1.16,-4.14,-4.37,-30.81,254.65
PRAKASH.NS,Prakash Industries Limited,Steel,Basic Materials,False,Cash,Stage 4,watchlist,5.0,-1.16,-4.37,-5.64,-17.68,118.31
IXIGO.NS,Le Travenues Technology Limited,Consumer Cyclical,Consumer Cyclical,False,Cash,Stage 4,watchlist,2.0,-1.16,-1.23,-5.45,-34.29,158.27
SUNDRMFAST.NS,Sundram Fasteners Limited,Auto Parts,Consumer Cyclical,False,Cash,Stage 2,watchlist,45.12,-1.17,-1.08,-10.2,19.7,1127.0
KAYNES.NS,Kaynes Technology India Limited,Electronic Components,Technology,True,F&O,Stage 4,watchlist,26.11,-1.17,-3.88,-6.79,-14.67,3365.0
TORNTPHARM.NS,Torrent Pharmaceuticals Limited,Drug Manufacturers - Specialty & Generic,Healthcare,True,F&O,Stage 2 Failed,watchlist,24.2,-1.17,-1.75,-4.92,23.64,4716.2
MOIL.NS,MOIL Limited,Basic Materials,Basic Materials,False,Cash,Stage 4,watchlist,22.82,-1.17,-3.1,-4.38,-35.05,236.4
MFSL.NS,Max Financial Services Limited,Insurance - Life,Financial Services,True,F&O,Stage 4,watchlist,16.11,-1.17,-3.4,-11.51,-19.65,1345.1
KRISHANA.NS,Krishana Phoschem Limited,Agricultural Inputs,Basic Materials,False,Cash,Stage 2,watchlist,36.29,-1.18,3.34,4.67,83.33,191.38
DALMIASUG.NS,Dalmia Bharat Sugar and Industries Limited,Consumer Defensive,Consumer Defensive,False,Cash,Stage 2,watchlist,34.63,-1.18,8.6,-0.03,54.1,447.65
MUTHOOTFIN.NS,Muthoot Finance Limited,Credit Services,Financial Services,True,F&O,Stage 4,watchlist,18.11,-1.18,-3.02,-8.46,-30.27,2654.4
WOCKPHARMA.NS,Wockhardt Limited,Drug Manufacturers - Specialty & Generic,Healthcare,False,Cash,Stage 2,watchlist,60.21,-1.19,1.61,-3.31,51.13,2150.4
SANDUMA.NS,Sandur Manganese & Iron Ores Limited,Steel,Basic Materials,False,Cash,Stage 4,watchlist,21.11,-1.19,-0.54,-7.82,-25.69,181.19
HINDZINC.NS,Hindustan Zinc Limited,Basic Materials,Basic Materials,True,F&O,Stage 2 Failed,watchlist,20.16,-1.19,-2.65,-7.47,-8.31,551.0
BAYERCROP.NS,Bayer Cropscience Limited,Agricultural Inputs,Basic Materials,False,Cash,Stage 4,watchlist,6.45,-1.19,-3.09,-12.44,-22.07,3491.5
KPEL.NS,K.P. Energy Limited,Engineering & Construction,Industrials,False,Cash,Stage 4,watchlist,1.8,-1.2,-4.97,-11.88,-39.12,212.89
INDIGO.NS,InterGlobe Aviation Limited,Industrials,Industrials,True,F&O,Stage 3,watchlist,1.26,-1.2,0.12,-0.2,-2.36,4990.0
IOC.NS,Indian Oil Corporation Limited,Oil & Gas Refining & Marketing,Energy,True,F&O,Stage 4,watchlist,32.31,-1.22,-3.65,-3.24,-19.93,130.0
HDFCBANK.NS,HDFC Bank Limited,Banks - Regional,Financial Services,True,F&O,Stage 4,watchlist,5.96,-1.22,-0.84,-0.04,-27.92,702.75
NITCO.NS,Nitco Limited,Building Products & Equipment,Industrials,False,Cash,Stage 4,watchlist,0.0,-1.22,-4.61,-11.82,-18.2,82.75
MOTILALOFS.NS,Motilal Oswal Financial Services Limited,Capital Markets,Financial Services,True,F&O,Stage 2,watchlist,44.53,-1.23,7.43,1.56,27.91,1067.9
GUFICBIO.NS,Gufic Biosciences Limited,Drug Manufacturers - Specialty & Generic,Healthcare,False,Cash,Stage 2,watchlist,38.68,-1.23,-3.2,-5.02,23.8,422.55
63MOONS.NS,63 moons technologies limited,Software - Application,Technology,False,Cash,Stage 2,watchlist,35.08,-1.23,-3.43,-9.59,7.68,783.2
IRFC.NS,Indian Railway Finance Corporation Limited,Credit Services,Financial Services,True,F&O,Stage 4,watchlist,19.16,-1.23,-3.95,-7.13,-38.82,76.15
GLENMARK.NS,Glenmark Pharmaceuticals Limited,Drug Manufacturers - Specialty & Generic,Healthcare,True,F&O,Stage 2 Failed,watchlist,30.18,-1.24,-2.24,-7.77,12.75,2282.3
NCC.NS,NCC Limited,Engineering & Construction,Industrials,False,Cash,Stage 4,watchlist,19.53,-1.24,-1.55,-14.65,-20.28,126.88
RELIGARE.NS,Religare Enterprises Limited,Insurance - Life,Financial Services,False,Cash,Stage 2 Failed,watchlist,16.11,-1.24,-3.07,-11.95,-9.26,224.92
BOMDYEING.NS,Bombay Dyeing & Mfg Company Limited,Textile Manufacturing,Consumer Cyclical,False,Cash,Stage 4,watchlist,10.66,-1.24,-3.78,-11.06,-22.9,101.63
RCF.NS,Rashtriya Chemicals and Fertilizers Limited,Agricultural Inputs,Basic Materials,False,Cash,Stage 4,watchlist,16.11,-1.25,-2.17,-4.24,-24.87,107.58
SCI.NS,Shipping Corporation Of India Limited,Marine Shipping,Industrials,False,Cash,Stage 2 Failed,watchlist,27.95,-1.26,5.49,-1.18,26.43,285.35
MOSCHIP.NS,Moschip Technologies Limited,Technology,Technology,False,Cash,Stage 1,watchlist,16.99,-1.26,-3.01,-8.9,-3.46,195.2
NAUKRI.NS,Info Edge (India) Limited,Communication Services,Communication Services,True,F&O,Stage 2 Failed,watchlist,24.42,-1.27,0.48,-5.93,-8.14,1225.3
EDELWEISS.NS,Edelweiss Financial Services Limited,Financial Services,Financial Services,False,Cash,Stage 2,watchlist,64.37,-1.28,-6.26,-2.53,24.5,133.8
SUNPHARMA.NS,Sun Pharmaceutical Industries Limited,Drug Manufacturers - Specialty & Generic,Healthcare,True,F&O,Stage 1,watchlist,39.28,-1.28,-1.96,-5.56,4.43,1781.0
NETWEB.NS,Netweb Technologies India Limited,Technology,Technology,False,Cash,Stage 2,watchlist,28.29,-1.28,3.02,-7.9,52.42,4685.4
SUPRAJIT.NS,Suprajit Engineering Limited,Auto Parts,Consumer Cyclical,False,Cash,Stage 2 Failed,watchlist,9.06,-1.28,-5.48,-2.98,-0.45,465.15
HONAUT.NS,Honeywell Automation India Limited,Electrical Equipment & Parts,Industrials,False,Cash,Stage 4,watchlist,29.02,-1.29,-1.87,-6.48,1.18,33345.0
AMBUJACEM.NS,Ambuja Cements Limited,Building Materials,Basic Materials,True,F&O,Stage 4,watchlist,21.87,-1.29,-4.57,-10.39,-35.91,356.9
EICHERMOT.NS,Eicher Motors Limited,Auto Manufacturers,Consumer Cyclical,True,F&O,Stage 2 Failed,watchlist,20.95,-1.29,-2.66,-10.16,-4.29,6960.0
NRBBEARING.NS,NRB Bearing Limited,Auto Parts,Consumer Cyclical,False,Cash,Stage 2,watchlist,48.96,-1.3,-0.77,8.24,98.07,529.95
ARE&M.NS,Amara Raja Energy & Mobility Limited,Electrical Equipment & Parts,Industrials,False,Cash,Stage 4,watchlist,31.17,-1.3,-2.82,-12.48,-20.5,733.25
BBL.NS,Bharat Bijlee Limited,Electrical Equipment & Parts,Industrials,False,Cash,Stage 4,watchlist,27.2,-1.3,-3.85,-8.8,-22.69,2042.0
NESTLEIND.NS,Nestle India Limited,Packaged Foods,Consumer Defensive,True,F&O,Stage 2 Failed,watchlist,9.91,-1.3,-1.61,-5.29,3.29,1324.0
PNCINFRA.NS,PNC Infratech Limited,Engineering & Construction,Industrials,False,Cash,Stage 4,watchlist,0.0,-1.3,5.49,-24.32,-45.27,136.93
BOSCHLTD.NS,Bosch Limited,Auto Parts,Consumer Cyclical,True,F&O,Stage 2,watchlist,54.83,-1.31,-5.71,-7.53,23.69,44410.0
GODREJAGRO.NS,Godrej Agrovet Limited,Packaged Foods,Consumer Defensive,False,Cash,Stage 2,watchlist,40.6,-1.31,2.57,-5.05,14.74,639.6
TATACOMM.NS,Tata Communications Limited,Telecom Services,Communication Services,False,Cash,Stage 2 Failed,watchlist,2.16,-1.32,0.3,-4.54,-7.55,1659.6
BAJAJ-AUTO.NS,Bajaj Auto Limited,Auto Manufacturers,Consumer Cyclical,True,F&O,Stage 2 Failed,watchlist,3.11,-1.33,-9.1,-16.8,4.87,9884.0
IKS.NS,Inventurus Knowledge Solutions Limited,Healthcare,Healthcare,False,Cash,Stage 2 Failed,watchlist,31.78,-1.34,-2.36,-2.83,3.28,1737.4
RTNINDIA.NS,RattanIndia Enterprises Limited,Consumer Cyclical,Consumer Cyclical,False,Cash,Stage 4,watchlist,3.91,-1.34,0.47,-8.39,-36.84,25.78
VGUARD.NS,V-Guard Industries Limited,Electrical Equipment & Parts,Industrials,False,Cash,Stage 2 Failed,watchlist,32.78,-1.35,1.92,-8.45,-5.56,302.15
SURYAROSNI.NS,Surya Roshni Limited,Steel,Basic Materials,False,Cash,Stage 4,watchlist,21.61,-1.36,-1.09,1.17,-19.86,218.34
JKIL.NS,J.Kumar Infraprojects Limited,Engineering & Construction,Industrials,False,Cash,Stage 4,watchlist,20.65,-1.36,-2.04,-9.23,-22.44,442.2
RITES.NS,RITES Limited,Engineering & Construction,Industrials,False,Cash,Stage 4,watchlist,16.11,-1.36,-3.98,-4.48,-15.16,200.74
UNOMINDA.NS,UNO Minda Limited,Auto Parts,Consumer Cyclical,True,F&O,Stage 2 Failed,watchlist,15.18,-1.36,-4.92,-11.03,-13.94,1104.8
PGHL.NS,Procter & Gamble Health Limited,Drug Manufacturers - Specialty & Generic,Healthcare,False,Cash,Stage 4,watchlist,10.0,-1.36,-8.11,-7.64,-5.05,5234.0
CONCOR.NS,Container Corporation of India Limited,Industrials,Industrials,True,F&O,Stage 2 Failed,watchlist,21.04,-1.37,-0.85,-12.56,-15.13,439.75
SBILIFE.NS,SBI Life Insurance Company Limited,Insurance - Life,Financial Services,True,F&O,Stage 4,watchlist,0.0,-1.37,1.75,1.74,-15.29,1726.1
LATENTVIEW.NS,Latent View Analytics Limited,Industrials,Industrials,False,Cash,Stage 4,watchlist,0.0,-1.37,-2.51,-10.84,-49.44,230.08
RPGLIFE.NS,RPG Life Sciences Limited,Drug Manufacturers - Specialty & Generic,Healthcare,False,Cash,Stage 2,watchlist,56.08,-1.38,-6.36,8.21,26.32,2892.8
TVSMOTOR.NS,TVS Motor Company Limited,Auto Manufacturers,Consumer Cyclical,True,F&O,Stage 2,watchlist,38.0,-1.38,-4.38,-5.01,3.83,3926.0
WESTLIFE.NS,WESTLIFE FOODWORLD LIMITED,Consumer Cyclical,Consumer Cyclical,False,Cash,Stage 2,watchlist,25.22,-1.38,-0.58,8.95,8.96,586.4
DABUR.NS,Dabur India Limited,Household & Personal Products,Consumer Defensive,True,F&O,Stage 4,watchlist,10.27,-1.38,0.91,2.28,-22.29,383.55
BPCL.NS,Bharat Petroleum Corporation Limited,Oil & Gas Refining & Marketing,Energy,True,F&O,Stage 4,watchlist,10.0,-1.38,-2.26,-2.47,-20.13,296.35
ZENSARTECH.NS,Zensar Technologies Limited,Information Technology Services,Technology,False,Cash,Stage 4,watchlist,7.88,-1.38,4.07,-2.5,-35.6,439.3
WIPRO.NS,Wipro Limited,Information Technology Services,Technology,True,F&O,Stage 4,watchlist,4.86,-1.38,0.69,-6.94,-38.06,159.6
KIRIINDUS.NS,Kiri Industries Limited,Specialty Chemicals,Basic Materials,False,Cash,Stage 2,watchlist,49.31,-1.39,2.76,-5.42,-18.48,556.25
BLS.NS,BLS International Services Limited,Industrials,Industrials,False,Cash,Stage 4,watchlist,23.81,-1.4,1.18,-6.89,-29.7,220.84
HEROMOTOCO.NS,Hero MotoCorp Limited,Auto Manufacturers,Consumer Cyclical,True,F&O,Stage 4,watchlist,18.4,-1.4,-4.52,-6.18,-11.38,5004.0
EIHOTEL.NS,EIH Limited,Lodging,Consumer Cyclical,False,Cash,Stage 4,watchlist,2.9,-1.4,-1.53,0.25,-18.64,296.5
JKLAKSHMI.NS,JK Lakshmi Cement Limited,Building Materials,Basic Materials,False,Cash,Stage 4,watchlist,16.61,-1.42,-4.19,-5.43,-39.88,471.65
TATAINVEST.NS,Tata Investment Corporation Limited,Asset Management,Financial Services,False,Cash,Stage 4,watchlist,16.11,-1.42,-0.77,-1.09,-11.22,615.3
MMTC.NS,MMTC Limited,Conglomerates,Industrials,False,Cash,Stage 4,watchlist,2.0,-1.42,-1.25,-11.06,-14.47,56.2
FEDFINA.NS,Fedbank Financial Services Limited,Credit Services,Financial Services,False,Cash,Stage 2 Failed,watchlist,21.16,-1.43,-1.59,-10.21,-3.84,148.56
DBREALTY.NS,Valor Estate Limited,Real Estate,Real Estate,False,Cash,Stage 4,watchlist,16.11,-1.43,-9.23,-11.98,-24.56,88.79
GOKEX.NS,Gokaldas Exports Limited,Apparel Manufacturing,Consumer Cyclical,False,Cash,Stage 4,watchlist,0.0,-1.43,-2.15,-13.86,-8.07,673.0
GREENPLY.NS,Greenply Industries Limited,Basic Materials,Basic Materials,False,Cash,Stage 2,watchlist,22.34,-1.44,10.88,2.83,16.05,310.75
SHOPERSTOP.NS,Shoppers Stop Limited,Consumer Cyclical,Consumer Cyclical,False,Cash,Stage 2 Failed,watchlist,20.06,-1.44,-6.34,4.28,2.75,392.4
HAL.NS,Hindustan Aeronautics Limited,Aerospace & Defense,Industrials,True,F&O,Stage 2,watchlist,54.54,-1.45,1.68,-5.66,9.04,4746.3
CRAFTSMAN.NS,Craftsman Automation Limited,Auto Parts,Consumer Cyclical,False,Cash,Stage 2,watchlist,29.24,-1.45,-2.1,-10.59,32.22,10198.0
AIAENG.NS,AIA Engineering Limited,Specialty Industrial Machinery,Industrials,False,Cash,Stage 4,watchlist,26.11,-1.45,0.58,-8.82,-3.91,3858.0
DBCORP.NS,D.B.Corp Limited,Communication Services,Communication Services,False,Cash,Stage 4,watchlist,21.11,-1.45,-2.47,-12.42,-32.37,171.05
BOSCH-HCIL.NS,BOSCH HOME COMFORT INDIA LIMITED,"Furnishings, Fixtures & Appliances",Consumer Cyclical,False,Cash,Stage 2,watchlist,44.0,-1.46,0.71,5.35,37.05,1948.1
RVNL.NS,Rail Vikas Nigam Limited,Engineering & Construction,Industrials,True,F&O,Stage 4,watchlist,16.11,-1.46,-2.92,-5.6,-45.48,195.87
NTPC.NS,NTPC Limited,Utilities,Utilities,True,F&O,Stage 4,watchlist,3.4,-1.46,-1.86,-4.25,-4.08,316.75
JASH.NS,Jash Engineering Limited,Specialty Industrial Machinery,Industrials,False,Cash,Stage 2,watchlist,53.71,-1.48,-0.93,13.23,35.13,586.15
JUBLPHARMA.NS,Jubilant Pharmova Limited,Drug Manufacturers - Specialty & Generic,Healthcare,False,Cash,Stage 2,watchlist,26.25,-1.48,-5.27,-2.32,-7.41,974.6
NORTHARC.NS,Northern Arc Capital Limited,Credit Services,Financial Services,False,Cash,Stage 2,watchlist,34.08,-1.49,1.03,-4.0,17.41,293.75
COFORGE.NS,Coforge Limited,Information Technology Services,Technology,True,F&O,Stage 2 Failed,watchlist,11.98,-1.49,4.18,-6.55,10.57,1822.2
TARC.NS,TARC Limited,Real Estate,Real Estate,False,Cash,Stage 4,watchlist,17.1,-1.5,-3.76,-3.74,-29.31,122.24
MARUTI.NS,Maruti Suzuki India Limited,Auto Manufacturers,Consumer Cyclical,True,F&O,Stage 4,watchlist,7.49,-1.51,-4.32,-9.42,-30.78,11450.0
CASTROLIND.NS,Castrol India Limited,Oil & Gas Refining & Marketing,Energy,False,Cash,Stage 2,watchlist,45.96,-1.52,-1.68,4.06,9.86,197.15
DLF.NS,DLF Limited,Real Estate,Real Estate,True,F&O,Stage 2 Failed,watchlist,25.03,-1.52,-2.67,-2.83,-3.93,656.0
BDL.NS,Bharat Dynamics Limited,Aerospace & Defense,Industrials,True,F&O,Stage 4,watchlist,19.46,-1.52,-2.26,-12.65,-26.48,1085.0
JLHL.NS,Jupiter Life Line Hospitals Limited,Medical Care Facilities,Healthcare,False,Cash,Stage 2 Failed,watchlist,0.0,-1.52,-4.6,-12.4,-10.51,250.0
DATAPATTNS.NS,Data Patterns (India) Limited,Aerospace & Defense,Industrials,False,Cash,Stage 2,watchlist,22.11,-1.53,0.28,-7.79,63.1,4233.4
IREDA.NS,Indian Renewable Energy Development Agency Limited,Credit Services,Financial Services,True,F&O,Stage 4,watchlist,18.11,-1.53,-3.9,-3.7,-22.06,107.33
FDC.NS,FDC Limited,Drug Manufacturers - Specialty & Generic,Healthcare,False,Cash,Stage 4,watchlist,11.8,-1.53,-3.2,-5.03,-20.56,328.55
GODREJIND.NS,Godrej Industries Limited,Conglomerates,Industrials,False,Cash,Stage 2 Failed,watchlist,2.0,-1.53,-1.0,-10.05,-0.11,1029.0
CHOLAHLDNG.NS,Cholamandalam Financial Holdings Limited,Credit Services,Financial Services,False,Cash,Stage 4,watchlist,16.95,-1.54,2.25,-7.76,-25.27,1402.7
IDBI.NS,IDBI Bank Limited,Banks - Regional,Financial Services,False,Cash,Not Sure,watchlist,5.65,-1.54,4.22,5.62,-17.43,85.67
PDSL.NS,PDS Limited,Industrials,Industrials,False,Cash,Stage 2 Failed,watchlist,19.85,-1.55,-1.99,-4.6,-8.06,342.0
KIRLOSENG.NS,Kirloskar Oil Engines Limited,Specialty Industrial Machinery,Industrials,False,Cash,Stage 2,watchlist,30.52,-1.56,-3.19,-1.85,82.0,2230.8
JBMA.NS,JBM Auto Limited,Auto Parts,Consumer Cyclical,False,Cash,Stage 4,watchlist,11.1,-1.56,-2.87,-10.73,-12.45,547.0
HINDUNILVR.NS,Hindustan Unilever Limited,Household & Personal Products,Consumer Defensive,True,F&O,Stage 4,watchlist,21.11,-1.57,-0.73,-5.79,-18.88,1865.4
SJVN.NS,SJVN Limited,Utilities - Renewable,Utilities,False,Cash,Stage 4,watchlist,20.29,-1.57,-4.99,-14.44,-23.01,56.36
SONATSOFTW.NS,Sonata Software Limited,Information Technology Services,Technology,False,Cash,Stage 4,watchlist,18.11,-1.57,-3.93,-9.54,-30.13,248.1
LTF.NS,L&T Finance Limited,Credit Services,Financial Services,True,F&O,Stage 2 Failed,watchlist,4.82,-1.57,-1.79,-15.59,-17.12,260.25
SPLPETRO.NS,Supreme Petrochem Limited,Specialty Chemicals,Basic Materials,False,Cash,Stage 2,watchlist,73.48,-1.58,-0.19,-2.63,26.83,806.65
SIEMENS.NS,Siemens Limited,Specialty Industrial Machinery,Industrials,True,F&O,Stage 2,watchlist,47.77,-1.58,1.81,-4.01,23.3,3793.0
VEDL.NS,Vedanta Limited,Basic Materials,Basic Materials,True,F&O,Stage 4,watchlist,0.0,-1.58,0.93,-3.9,-55.9,261.4
FACT.NS,Fertilizers and Chemicals Travancore Limited,Agricultural Inputs,Basic Materials,False,Cash,Stage 4,watchlist,0.36,-1.59,-1.45,-5.59,-17.34,746.95
ENGINERSIN.NS,Engineers India Limited,Engineering & Construction,Industrials,False,Cash,Stage 2,watchlist,62.31,-1.6,-0.42,11.33,54.49,308.3
HDFCAMC.NS,HDFC Asset Management Company Limited,Asset Management,Financial Services,True,F&O,Stage 4,watchlist,18.76,-1.6,1.5,-5.41,-10.68,2314.8
POWERGRID.NS,Power Grid Corporation of India Limited,Utilities,Utilities,True,F&O,Not Sure,watchlist,17.59,-1.61,-2.86,-4.78,-3.64,253.05
HCLTECH.NS,HCL Technologies Limited,Information Technology Services,Technology,True,F&O,Stage 4,watchlist,7.0,-1.61,-3.66,-7.2,-24.82,1185.0
GRASIM.NS,Grasim Industries Limited,Building Materials,Basic Materials,True,F&O,Stage 2 Failed,watchlist,1.76,-1.61,-5.77,-11.55,2.75,2921.1
WAAREERTL.NS,Waaree Renewable Technologies Limited,Utilities - Renewable,Utilities,False,Cash,Stage 4,watchlist,16.11,-1.63,-0.91,-3.88,-16.06,812.45
FMGOETZE.NS,Federal-Mogul Goetze (India) Limited.,Auto Parts,Consumer Cyclical,False,Cash,Stage 2,watchlist,41.19,-1.64,-1.01,-5.99,12.25,441.15
CERA.NS,Cera Sanitaryware Limited,Building Products & Equipment,Industrials,False,Cash,Stage 4,watchlist,0.0,-1.64,-0.97,-12.55,-2.72,5038.5
ABB.NS,ABB India Limited,Specialty Industrial Machinery,Industrials,True,F&O,Stage 2,watchlist,33.02,-1.65,3.38,-5.17,37.48,7005.0
GRSE.NS,Garden Reach Shipbuilders & Engineers Limited,Aerospace & Defense,Industrials,False,Cash,Stage 4,watchlist,26.76,-1.65,-3.66,-16.54,-13.44,2102.0
NATCOPHARM.NS,Natco Pharma Limited,Drug Manufacturers - Specialty & Generic,Healthcare,False,Cash,Stage 4,watchlist,10.36,-1.65,-1.3,-1.9,-8.49,810.1
LUXIND.NS,Lux Industries Limited,Apparel Manufacturing,Consumer Cyclical,False,Cash,Stage 4,watchlist,16.11,-1.66,4.56,2.78,4.24,1157.5
SAMHI.NS,Samhi Hotels Limited,Lodging,Consumer Cyclical,False,Cash,Stage 4,watchlist,2.0,-1.66,-4.18,-5.37,-17.85,147.25
IONEXCHANG.NS,ION Exchange (India) Limited,Industrials,Industrials,False,Cash,Stage 2 Failed,watchlist,1.08,-1.66,-2.13,-6.8,8.09,402.4
INTELLECT.NS,Intellect Design Arena Limited,Software - Application,Technology,False,Cash,Stage 4,watchlist,25.76,-1.67,-3.63,-14.52,-37.0,591.35
OLECTRA.NS,Olectra Greentech Limited,Farm & Heavy Construction Machinery,Industrials,False,Cash,Stage 4,watchlist,6.47,-1.7,-4.42,-10.63,-9.66,1084.1
BHAGCHEM.NS,Bhagiradha Chemicals & Industries Limited,Agricultural Inputs,Basic Materials,False,Cash,Stage 4,watchlist,0.0,-1.7,-1.84,-10.88,14.52,235.82
KITEX.NS,Kitex Garments Limited,Apparel Manufacturing,Consumer Cyclical,False,Cash,Stage 4,watchlist,16.11,-1.71,-2.19,-7.62,-34.96,116.93
TATASTEEL.NS,Tata Steel Limited,Steel,Basic Materials,True,F&O,Stage 1,watchlist,15.89,-1.71,-4.7,-4.62,-1.44,175.64
INDRAMEDCO.NS,Indraprastha Medical Corporation Limited,Medical Care Facilities,Healthcare,False,Cash,Stage 4,watchlist,16.61,-1.72,-7.16,-5.22,-26.08,329.4
KPITTECH.NS,KPIT Technologies Limited,Software - Infrastructure,Technology,True,F&O,Stage 4,watchlist,16.11,-1.72,-2.98,-13.83,-57.92,484.25
RAMKY.NS,Ramky Infrastructure Limited,Engineering & Construction,Industrials,False,Cash,Stage 4,watchlist,2.41,-1.73,-4.2,-16.79,-48.74,281.7
MAZDOCK.NS,Mazagon Dock Shipbuilders Limited,Aerospace & Defense,Industrials,True,F&O,Stage 4,watchlist,21.61,-1.74,-2.3,-16.3,-16.24,2064.4
VISHNU.NS,Vishnu Chemicals Limited,Specialty Chemicals,Basic Materials,False,Cash,Stage 2,watchlist,40.2,-1.75,1.41,-5.93,24.2,683.4
JKTYRE.NS,JK Tyre & Industries Limited,Auto Parts,Consumer Cyclical,False,Cash,Stage 4,watchlist,29.1,-1.75,-3.92,-8.43,-34.82,333.4
SAGILITY.NS,SAGILITY LIMITED,Healthcare,Healthcare,False,Cash,Stage 4,watchlist,26.48,-1.75,1.24,-5.67,-16.94,43.11
BEML.NS,BEML Limited,Conglomerates,Industrials,False,Cash,Stage 2,watchlist,54.75,-1.76,2.01,-3.78,9.54,2006.2
GANESHHOU.NS,GANESH HOUSING LIMITED,Real Estate,Real Estate,False,Cash,Stage 4,watchlist,16.42,-1.76,-0.79,-7.62,-12.58,701.1
MANINDS.NS,Man Industries (India) Limited,Steel,Basic Materials,False,Cash,Stage 2,watchlist,65.87,-1.77,-0.18,10.23,131.24,905.75
SHRIRAMFIN.NS,Shriram Finance Limited,Credit Services,Financial Services,True,F&O,Stage 1,watchlist,21.3,-1.77,-3.53,-7.87,-6.51,948.0
NFL.NS,National Fertilizers Limited,Agricultural Inputs,Basic Materials,False,Cash,Stage 4,watchlist,0.0,-1.77,-2.21,-7.99,-28.36,63.76
PIIND.NS,PI Industries Limited,Agricultural Inputs,Basic Materials,True,F&O,Stage 4,watchlist,0.0,-1.78,-4.33,-7.72,-30.99,2210.0
ABCAPITAL.NS,Aditya Birla Capital Limited,Financial Services,Financial Services,True,F&O,Stage 2 Failed,watchlist,18.25,-1.79,-2.23,-6.26,2.8,372.1
NLCINDIA.NS,NLC India Limited,Utilities,Utilities,False,Cash,Stage 4,watchlist,8.88,-1.79,-4.34,-7.96,-0.78,250.35
GNFC.NS,Gujarat Narmada Valley Fertilizers and Chemicals Limited,Chemicals,Basic Materials,False,Cash,Stage 2,watchlist,67.2,-1.8,2.28,8.82,30.69,618.2
NTPCGREEN.NS,NTPC Green Energy Limited,Utilities - Renewable,Utilities,False,Cash,Stage 4,watchlist,19.63,-1.8,-5.21,0.08,-7.04,88.51
HERITGFOOD.NS,Heritage Foods Limited,Packaged Foods,Consumer Defensive,False,Cash,Stage 2,watchlist,52.91,-1.81,-0.81,4.34,-11.11,398.75
QUESS.NS,Quess Corp Limited,Industrials,Industrials,False,Cash,Stage 2,watchlist,23.93,-1.81,-1.96,-2.7,65.05,328.4
SUNCLAY.NS,Sundaram Clayton Limited,Metal Fabrication,Industrials,False,Cash,Stage 4,watchlist,27.1,-1.82,-8.1,-12.9,-6.57,1131.8
LT.NS,Larsen & Toubro Limited,Engineering & Construction,Industrials,True,F&O,Stage 4,watchlist,0.0,-1.82,-1.56,-6.2,-9.73,3701.5
ANUP.NS,The Anup Engineering Limited,Specialty Industrial Machinery,Industrials,False,Cash,Stage 4,watchlist,26.11,-1.83,-2.78,-12.63,-30.23,1547.0
M&MFIN.NS,Mahindra & Mahindra Financial Services Limited,Credit Services,Financial Services,False,Cash,Stage 2 Failed,watchlist,18.75,-1.83,-0.95,-14.05,-18.6,321.75
BERGEPAINT.NS,Berger Paints (I) Limited,Specialty Chemicals,Basic Materials,False,Cash,Stage 4,watchlist,10.0,-1.83,3.5,-4.25,-12.41,463.9
SKIPPER.NS,Skipper Limited,Engineering & Construction,Industrials,False,Cash,Stage 2,watchlist,22.91,-1.84,-0.04,-10.42,25.76,541.35
GODREJPROP.NS,Godrej Properties Limited,Real Estate,Real Estate,True,F&O,Stage 4,watchlist,16.61,-1.85,-2.97,-17.12,-21.21,1580.2
TATAPOWER.NS,Tata Power Company Limited,Utilities,Utilities,True,F&O,Stage 4,watchlist,16.11,-1.85,-3.86,-5.58,-9.05,345.15
KIRLOSBROS.NS,Kirloskar Brothers Limited,Specialty Industrial Machinery,Industrials,False,Cash,Not Sure,watchlist,14.5,-1.86,-7.33,-6.53,6.74,1712.8
AXISCADES.NS,AXISCADES Technologies Limited,Engineering & Construction,Industrials,False,Cash,Stage 2,watchlist,44.36,-1.87,0.65,21.48,67.25,2245.6
ADANIPORTS.NS,Adani Ports and Special Economic Zone Limited,Marine Shipping,Industrials,True,F&O,Stage 2 Failed,watchlist,17.88,-1.87,-2.68,2.35,18.66,1750.1
CEMPRO.NS,Cemindia Projects Limited,Engineering & Construction,Industrials,False,Cash,Stage 2 Failed,watchlist,13.25,-1.9,-6.99,-13.6,48.04,1137.8
JSWENERGY.NS,JSW Energy Limited,Utilities,Utilities,True,F&O,Stage 4,watchlist,21.24,-1.91,-1.87,-7.8,-2.97,485.45
CGPOWER.NS,CG Power and Industrial Solutions Limited,Electrical Equipment & Parts,Industrials,True,F&O,Stage 2,watchlist,44.35,-1.92,4.72,-1.78,40.54,894.5
TEJASNET.NS,Tejas Networks Limited,Communication Equipment,Technology,False,Cash,Stage 2 Failed,watchlist,36.76,-1.92,-4.01,-20.91,3.23,466.7
M&M.NS,Mahindra & Mahindra Limited,Auto Manufacturers,Consumer Cyclical,True,F&O,Stage 4,watchlist,22.98,-1.93,-5.08,-11.39,-24.77,2800.0
RPTECH.NS,Rashi Peripherals Limited,Technology,Technology,False,Cash,Stage 2,watchlist,49.93,-1.94,1.55,10.11,161.23,939.7
NEWGEN.NS,Newgen Software Technologies Limited,Software - Infrastructure,Technology,False,Cash,Stage 4,watchlist,20.6,-1.94,-4.3,-12.89,-45.77,447.75
SHREECEM.NS,SHREE CEMENT LIMITED,Building Materials,Basic Materials,True,F&O,Stage 4,watchlist,16.11,-1.94,-0.55,-6.78,-18.63,21780.0
SHAREINDIA.NS,Share India Securities Limited,Capital Markets,Financial Services,False,Cash,Stage 2,watchlist,42.42,-1.95,1.1,21.63,27.17,207.27
GLOBUSSPR.NS,Globus Spirits Limited,Consumer Defensive,Consumer Defensive,False,Cash,Stage 4,watchlist,6.3,-1.95,-0.99,-10.32,-25.32,796.85
DHANUKA.NS,Dhanuka Agritech Limited,Agricultural Inputs,Basic Materials,False,Cash,Stage 4,watchlist,1.44,-1.95,-3.94,-10.29,-24.11,891.8
APTUS.NS,Aptus Value Housing Finance India Limited,Mortgage Finance,Financial Services,False,Cash,Stage 4,watchlist,20.66,-1.98,-5.62,-14.59,-21.46,219.46
GODFRYPHLP.NS,Godfrey Phillips India Limited,Consumer Defensive,Consumer Defensive,True,F&O,Stage 4,watchlist,16.11,-1.98,-1.55,-7.34,-17.5,1862.4
DCMSHRIRAM.NS,DCM Shriram Limited,Conglomerates,Industrials,False,Cash,Stage 4,watchlist,8.42,-1.98,5.87,-3.86,-23.09,969.3
BOROLTD.NS,Borosil Limited,"Furnishings, Fixtures & Appliances",Consumer Cyclical,False,Cash,Stage 2,watchlist,38.21,-1.99,1.79,10.58,1.64,281.15
GENUSPOWER.NS,Genus Power Infrastructures Limited,Electrical Equipment & Parts,Industrials,False,Cash,Stage 2 Failed,watchlist,12.18,-2.0,4.3,-9.62,1.07,301.05
TSFINV.NS,TSF INVESTMENTS LIMITED,Asset Management,Financial Services,False,Cash,Stage 4,watchlist,0.0,-2.0,-2.81,1.49,-6.52,409.6
GRAPHITE.NS,Graphite India Limited,Electrical Equipment & Parts,Industrials,False,Cash,Stage 2,watchlist,64.16,-2.01,9.05,13.59,30.09,834.05
GMRAIRPORT.NS,GMR AIRPORTS LIMITED,Industrials,Industrials,True,F&O,Stage 4,watchlist,16.11,-2.01,-4.16,-5.99,-13.56,91.19
TIPSMUSIC.NS,Tips Music Limited,Communication Services,Communication Services,False,Cash,Stage 3,watchlist,11.59,-2.02,-1.13,-0.59,18.61,639.9
PHOENIXLTD.NS,The Phoenix Mills Limited,Real Estate,Real Estate,True,F&O,Stage 2 Failed,watchlist,8.52,-2.02,-4.63,-1.97,-1.32,1845.5
METROPOLIS.NS,Metropolis Healthcare Limited,Diagnostics & Research,Healthcare,False,Cash,Stage 2,watchlist,30.66,-2.03,-0.05,-7.0,14.41,541.45
BHARATFORG.NS,Bharat Forge Limited,Auto Parts,Consumer Cyclical,True,F&O,Not Sure,watchlist,5.9,-2.03,-4.37,-8.08,26.3,1841.8
MEDIASSIST.NS,Medi Assist Healthcare Services Limited,Healthcare,Healthcare,False,Cash,Stage 4,watchlist,23.61,-2.04,-0.74,-8.87,-34.86,300.0
GRINFRA.NS,G R Infraprojects Limited,Engineering & Construction,Industrials,False,Cash,Stage 4,watchlist,19.41,-2.04,-2.19,-7.44,-19.93,798.4
STYRENIX.NS,Styrenix Performance Materials Limited,Chemicals,Basic Materials,False,Cash,Stage 4,watchlist,6.26,-2.04,0.02,-3.02,0.91,2001.3
QPOWER.NS,Quality Power Electrical Equipments Limited,Electrical Equipment & Parts,Industrials,False,Cash,Stage 2,watchlist,62.94,-2.05,0.04,9.01,98.95,1615.0
CREDITACC.NS,CREDITACCESS GRAMEEN LIMITED,Credit Services,Financial Services,False,Cash,Stage 4,watchlist,18.11,-2.07,1.92,-13.14,-1.55,1239.6
KIRLPNU.NS,Kirloskar Pneumatic Company Limited,Specialty Industrial Machinery,Industrials,False,Cash,Not Sure,watchlist,13.72,-2.07,2.87,-8.42,35.0,696.15
ARVINDFASN.NS,Arvind Fashions Limited,Apparel Manufacturing,Consumer Cyclical,False,Cash,Stage 4,watchlist,16.11,-2.08,2.71,-9.39,-21.38,397.95
SUZLON.NS,Suzlon Energy Limited,Specialty Industrial Machinery,Industrials,True,F&O,Stage 4,watchlist,10.0,-2.09,-2.91,-15.74,-26.93,38.34
CHAMBLFERT.NS,Chambal Fertilizers & Chemicals Limited,Agricultural Inputs,Basic Materials,False,Cash,Stage 4,watchlist,7.76,-2.09,-3.15,-5.33,-16.36,396.35
COCHINSHIP.NS,Cochin Shipyard Limited,Aerospace & Defense,Industrials,True,F&O,Stage 4,watchlist,21.61,-2.1,-4.56,-17.78,-22.38,1255.1
PIDILITIND.NS,Pidilite Industries Limited,Specialty Chemicals,Basic Materials,True,F&O,Stage 2 Failed,watchlist,21.19,-2.1,1.6,-6.56,2.04,1488.5
SBICARD.NS,SBI Cards and Payment Services Limited,Credit Services,Financial Services,True,F&O,Stage 4,watchlist,24.16,-2.11,-3.57,-16.56,-34.92,557.4
SANGHVIMOV.NS,Sanghvi Movers Limited,Industrials,Industrials,False,Cash,Stage 2 Failed,watchlist,10.53,-2.11,-9.79,-6.92,18.62,410.65
ZENTEC.NS,Zen Technologies Limited,Aerospace & Defense,Industrials,False,Cash,Stage 1,watchlist,5.9,-2.11,-1.56,-13.41,16.54,1580.2
HOMEFIRST.NS,Home First Finance Company India Limited,Mortgage Finance,Financial Services,False,Cash,Stage 2 Failed,watchlist,18.81,-2.12,-1.53,-12.06,-0.71,1087.9
NMDC.NS,NMDC Limited,Steel,Basic Materials,True,F&O,Stage 4,watchlist,12.15,-2.12,-3.59,-12.89,-9.12,72.8
SAIL.NS,Steel Authority of India Limited,Steel,Basic Materials,True,F&O,Stage 2,watchlist,51.13,-2.13,-3.96,-5.11,18.96,174.31
GPIL.NS,Godawari Power And Ispat limited,Steel,Basic Materials,False,Cash,Stage 4,watchlist,13.04,-2.13,-3.61,-12.78,-19.28,214.31
BRITANNIA.NS,Britannia Industries Limited,Packaged Foods,Consumer Defensive,True,F&O,Stage 4,watchlist,8.7,-2.13,-1.04,-5.61,-19.13,4780.0
BAJAJCON.NS,Bajaj Consumer Care Limited,Household & Personal Products,Consumer Defensive,False,Cash,Stage 3,watchlist,5.54,-2.13,-2.53,-6.05,81.78,483.0
ASIANPAINT.NS,Asian Paints Limited,Specialty Chemicals,Basic Materials,True,F&O,Stage 4,watchlist,30.67,-2.15,-1.27,-4.41,-13.06,2372.1
INFY.NS,Infosys Limited,Information Technology Services,Technology,True,F&O,Stage 4,watchlist,23.61,-2.16,-0.21,-8.32,-37.82,992.0
MSTCLTD.NS,Mstc Limited,Conglomerates,Industrials,False,Cash,Stage 2,watchlist,35.3,-2.18,-2.01,-10.03,39.69,698.75
MUTHOOTMF.NS,Muthoot Microfin Limited,Credit Services,Financial Services,False,Cash,Stage 4,watchlist,18.11,-2.18,-2.66,-12.64,0.24,172.91
IIFL.NS,IIFL Finance Limited,Credit Services,Financial Services,False,Cash,Stage 2,watchlist,19.13,-2.19,-3.12,-10.01,-4.44,588.55
ORIENTCEM.NS,Orient Cement Limited,Building Materials,Basic Materials,False,Cash,Stage 4,watchlist,22.31,-2.2,-4.4,-10.55,-34.04,113.21
ALKYLAMINE.NS,Alkyl Amines Chemicals Limited,Specialty Chemicals,Basic Materials,False,Cash,Stage 2,watchlist,42.0,-2.21,8.92,-2.63,19.24,1918.9
HYUNDAI.NS,Hyundai Motor India Limited,Auto Manufacturers,Consumer Cyclical,True,F&O,Stage 2 Failed,watchlist,2.03,-2.21,-4.23,-12.39,-15.03,1945.0
RKFORGE.NS,Ramkrishna Forgings Limited,Metal Fabrication,Industrials,False,Cash,Stage 2,watchlist,47.02,-2.22,0.24,1.44,38.94,716.4
AARTIPHARM.NS,Aarti Pharmalabs Limited,Drug Manufacturers - Specialty & Generic,Healthcare,False,Cash,Stage 2,watchlist,39.3,-2.22,-0.04,10.23,28.69,953.35
BBTC.NS,The Bombay Burmah Trading Corporation Limited,Packaged Foods,Consumer Defensive,False,Cash,Stage 4,watchlist,2.0,-2.22,-6.48,-13.76,-31.38,1269.4
EMAMILTD.NS,Emami Limited,Household & Personal Products,Consumer Defensive,False,Cash,Stage 4,watchlist,26.12,-2.23,-1.47,2.15,-27.62,375.45
HINDPETRO.NS,Hindustan Petroleum Corporation Limited,Oil & Gas Refining & Marketing,Energy,True,F&O,Stage 4,watchlist,32.28,-2.24,-2.06,-1.11,-27.63,343.15
TEXRAIL.NS,Texmaco Rail & Engineering Limited,Industrials,Industrials,False,Cash,Stage 2,watchlist,43.47,-2.25,-12.9,-2.35,-15.5,114.74
ASHOKA.NS,Ashoka Buildcon Limited,Engineering & Construction,Industrials,False,Cash,Stage 4,watchlist,13.13,-2.25,-4.15,-9.93,-38.03,104.03
SKFINDIA.NS,SKF India Limited,Tools & Accessories,Industrials,False,Cash,Stage 4,watchlist,18.66,-2.26,-5.36,-6.9,-21.14,1428.9
IFCI.NS,IFCI Limited,Credit Services,Financial Services,False,Cash,Stage 2 Failed,watchlist,9.11,-2.26,-6.89,-30.86,20.65,64.03
JKPAPER.NS,JK Paper Limited,Basic Materials,Basic Materials,False,Cash,Stage 2,watchlist,50.11,-2.27,-1.75,-8.46,9.8,384.5
JINDALSTEL.NS,JINDAL STEEL LIMITED,Steel,Basic Materials,True,F&O,Stage 2 Failed,watchlist,30.13,-2.29,-6.51,-6.63,-0.51,1061.0
DELHIVERY.NS,Delhivery Limited,Industrials,Industrials,True,F&O,Stage 4,watchlist,18.91,-2.29,-2.82,-12.48,-0.61,398.15
LODHA.NS,Lodha Developers Limited,Real Estate,Real Estate,True,F&O,Stage 2 Failed,watchlist,0.28,-2.31,-2.26,-8.47,3.77,1109.4
ABFRL.NS,Aditya Birla Fashion and Retail Limited,Apparel Manufacturing,Consumer Cyclical,False,Cash,Stage 4,watchlist,19.78,-2.32,-3.67,-14.59,-41.37,44.62
ADANIENSOL.NS,Adani Energy Solutions Limited,Utilities,Utilities,True,F&O,Stage 3,watchlist,0.0,-2.32,0.32,-6.32,26.03,1318.8
INOXWIND.NS,Inox Wind Limited,Specialty Industrial Machinery,Industrials,True,F&O,Stage 4,watchlist,15.61,-2.33,-3.47,-11.37,-45.38,67.1
JSWSTEEL.NS,JSW Steel Limited,Steel,Basic Materials,True,F&O,Stage 2 Failed,watchlist,24.21,-2.35,-1.87,-5.19,5.6,1230.0
BEL.NS,Bharat Electronics Limited,Aerospace & Defense,Industrials,True,F&O,Stage 4,watchlist,24.18,-2.35,-2.58,-7.86,-4.34,378.3
CENTUM.NS,Centum Electronics Limited,Electronic Components,Technology,False,Cash,Stage 2,watchlist,45.83,-2.36,-9.42,1.36,90.09,4345.9
VTL.NS,Vardhman Textiles Limited,Textile Manufacturing,Consumer Cyclical,False,Cash,Stage 4,watchlist,18.51,-2.37,0.34,-8.21,24.23,536.4
SAMBHV.NS,Sambhv Steel Tubes Limited,Steel,Basic Materials,False,Cash,Stage 2,watchlist,49.39,-2.39,-3.99,23.04,64.69,158.32
COROMANDEL.NS,Coromandel International Limited,Agricultural Inputs,Basic Materials,False,Cash,Stage 4,watchlist,23.25,-2.39,-2.64,-11.6,-22.49,1745.5
ROLEXRINGS.NS,Rolex Rings Limited,Metal Fabrication,Industrials,False,Cash,Stage 2,watchlist,65.87,-2.4,-3.38,4.64,43.5,183.67
IMAGICAA.NS,Imagicaaworld Entertainment Limited,Communication Services,Communication Services,False,Cash,Stage 2,watchlist,34.78,-2.4,-5.03,-11.19,1.8,48.72
RRKABEL.NS,R R Kabel Limited,Electrical Equipment & Parts,Industrials,False,Cash,Stage 2,watchlist,46.67,-2.41,8.1,11.19,85.76,2722.5
PRICOLLTD.NS,Pricol Limited,Auto Parts,Consumer Cyclical,False,Cash,Stage 2,watchlist,39.86,-2.42,-11.55,-12.83,0.11,661.25
CESC.NS,CESC Limited,Utilities,Utilities,False,Cash,Stage 4,watchlist,1.97,-2.42,-1.99,-10.18,-18.59,131.18
VIPIND.NS,VIP Industries Limited,Consumer Cyclical,Consumer Cyclical,False,Cash,Stage 4,watchlist,25.81,-2.43,-3.39,-9.21,-26.64,281.1
GSFC.NS,Gujarat State Fertilizers & Chemicals Limited,Agricultural Inputs,Basic Materials,False,Cash,Stage 4,watchlist,16.11,-2.44,-0.7,-3.89,-15.07,149.73
NAM-INDIA.NS,Nippon Life India Asset Management Limited,Asset Management,Financial Services,True,F&O,Stage 2 Failed,watchlist,0.0,-2.45,-2.13,-11.92,20.98,1047.2
GHCL.NS,GHCL Limited,Chemicals,Basic Materials,False,Cash,Stage 4,watchlist,22.81,-2.46,-1.65,-7.91,-27.1,398.8
YATHARTH.NS,Yatharth Hospital & Trauma Care Services Limited,Medical Care Facilities,Healthcare,False,Cash,Stage 2,watchlist,44.92,-2.47,0.02,6.47,53.04,1032.7
BIOCON.NS,Biocon Limited,Biotechnology,Healthcare,True,F&O,Stage 4,watchlist,21.61,-2.47,-2.78,-8.23,-7.05,360.0
IDFCFIRSTB.NS,IDFC First Bank Limited,Banks - Regional,Financial Services,True,F&O,Stage 2,watchlist,38.4,-2.48,-2.33,-8.05,-6.82,79.54
WEBELSOLAR.NS,Websol Energy System Limited,Solar,Technology,False,Cash,Stage 4,watchlist,16.11,-2.48,-2.03,-7.53,-21.5,69.13
CARYSIL.NS,CARYSIL LIMITED,"Furnishings, Fixtures & Appliances",Consumer Cyclical,False,Cash,Stage 1,watchlist,3.1,-2.48,-4.64,-12.36,11.25,1007.5
JSL.NS,Jindal Stainless Limited,Steel,Basic Materials,False,Cash,Not Sure,watchlist,21.9,-2.5,-0.83,-0.63,-13.78,732.15
POONAWALLA.NS,Poonawalla Fincorp Limited,Credit Services,Financial Services,False,Cash,Stage 2 Failed,watchlist,16.39,-2.51,1.14,-1.39,-7.1,448.9
JSWINFRA.NS,JSW Infrastructure Limited,Marine Shipping,Industrials,False,Cash,Stage 2,watchlist,71.65,-2.52,-0.76,6.6,25.32,353.9
DALBHARAT.NS,Dalmia Bharat Limited,Building Materials,Basic Materials,True,F&O,Stage 4,watchlist,23.31,-2.53,0.16,-4.31,-23.0,1640.1
AHLUCONT.NS,Ahluwalia Contracts (India) Limited,Engineering & Construction,Industrials,False,Cash,Stage 4,watchlist,16.48,-2.53,1.8,-5.84,-41.39,561.5
MAXESTATES.NS,Max Estates Limited,Real Estate,Real Estate,False,Cash,Stage 2,watchlist,49.04,-2.56,-3.29,1.55,20.49,550.5
SWSOLAR.NS,Sterling and Wilson Renewable Energy Limited,Solar,Technology,False,Cash,Stage 4,watchlist,16.11,-2.57,-1.79,-8.68,-21.81,168.11
WHIRLPOOL.NS,Whirlpool of India Limited,"Furnishings, Fixtures & Appliances",Consumer Cyclical,False,Cash,Stage 1,watchlist,0.54,-2.57,-5.03,5.03,-4.47,845.5
BORORENEW.NS,BOROSIL RENEWABLES LIMITED,Solar,Technology,False,Cash,Stage 4,watchlist,16.11,-2.61,-3.18,-14.71,-18.71,438.1
AARTIDRUGS.NS,Aarti Drugs Limited,Drug Manufacturers - Specialty & Generic,Healthcare,False,Cash,Stage 2,watchlist,56.39,-2.62,-3.1,-0.94,0.75,417.55
SBFC.NS,SBFC Finance Limited,Credit Services,Financial Services,False,Cash,Stage 4,watchlist,24.39,-2.62,-5.12,-16.69,-21.15,81.1
BRIGADE.NS,Brigade Enterprises Limited,Real Estate,Real Estate,False,Cash,Stage 2 Failed,watchlist,23.25,-2.62,-1.57,-18.39,-17.3,554.2
PRESTIGE.NS,Prestige Estates Projects Limited,Real Estate,Real Estate,True,F&O,Stage 4,watchlist,0.9,-2.62,-3.55,-8.47,-10.78,1429.3
BLUESTARCO.NS,Blue Star Limited,Building Products & Equipment,Industrials,True,F&O,Stage 4,watchlist,16.61,-2.63,0.8,4.74,-13.24,1530.1
ABREL.NS,Aditya Birla Real Estate Limited,Real Estate Services,Real Estate,False,Cash,Stage 4,watchlist,20.56,-2.65,-7.19,-23.52,-37.45,1049.4
PRSMJOHNSN.NS,Prism Johnson Limited,Building Materials,Basic Materials,False,Cash,Stage 4,watchlist,0.0,-2.68,-7.83,-10.25,-27.31,100.71
ACMESOLAR.NS,Acme Solar Holdings Limited,Utilities - Renewable,Utilities,False,Cash,Stage 2,watchlist,43.7,-2.69,-0.65,5.71,83.54,436.15
GUJTHEM.NS,Gujarat Themis Biosyn Limited,Drug Manufacturers - Specialty & Generic,Healthcare,False,Cash,Stage 2,watchlist,39.73,-2.69,-2.09,-16.13,-13.72,379.5
SHANTIGEAR.NS,Shanthi Gears Limited,Specialty Industrial Machinery,Industrials,False,Cash,Stage 2,watchlist,38.63,-2.7,-2.59,-8.43,27.38,586.05
HDBFS.NS,HDB Financial Services Limited,Credit Services,Financial Services,False,Cash,Stage 4,watchlist,11.95,-2.7,-4.88,-12.4,-21.23,600.1
ADANIPOWER.NS,Adani Power Limited,Utilities,Utilities,True,F&O,Stage 3,watchlist,7.08,-2.7,-3.46,-5.5,32.39,196.94
WSTCSTPAPR.NS,West Coast Paper Mills Limited,Basic Materials,Basic Materials,False,Cash,Stage 2,watchlist,44.87,-2.76,4.1,6.52,76.73,732.3
HAPPYFORGE.NS,Happy Forgings Limited,Metal Fabrication,Industrials,False,Cash,Stage 2,watchlist,58.66,-2.77,-6.43,-13.27,67.76,1934.3
GRWRHITECH.NS,Garware Hi-Tech Films Limited,Specialty Chemicals,Basic Materials,False,Cash,Stage 2 Failed,watchlist,33.66,-2.8,-1.61,-0.51,123.11,6903.5
PARAS.NS,Paras Defence and Space Technologies Limited,Aerospace & Defense,Industrials,False,Cash,Stage 2,watchlist,43.82,-2.81,-1.9,-14.49,88.17,1286.1
SUPRIYA.NS,Supriya Lifescience Limited,Biotechnology,Healthcare,False,Cash,Stage 2,watchlist,44.63,-2.85,-9.73,-2.18,20.17,889.25
ABDL.NS,Allied Blenders and Distillers Limited,Consumer Defensive,Consumer Defensive,False,Cash,Stage 2,watchlist,42.62,-2.85,-3.43,16.78,16.49,694.25
SANGAMIND.NS,Sangam (India) Limited,Textile Manufacturing,Consumer Cyclical,False,Cash,Stage 2,watchlist,30.03,-2.86,-3.33,7.82,27.44,624.05
UPL.NS,UPL Limited,Agricultural Inputs,Basic Materials,True,F&O,Stage 4,watchlist,20.91,-2.86,-8.29,-14.17,-37.94,495.0
CHOLAFIN.NS,Cholamandalam Investment and Finance Company Limited,Credit Services,Financial Services,True,F&O,Stage 2 Failed,watchlist,28.77,-2.87,-3.41,-14.19,-9.14,1564.7
COLPAL.NS,Colgate Palmolive (India) Limited,Household & Personal Products,Consumer Defensive,True,F&O,Stage 4,watchlist,21.11,-2.87,-0.33,-3.43,-15.08,1757.4
HIRECT.NS,Hind Rectifiers Limited,Electrical Equipment & Parts,Industrials,False,Cash,Stage 2 Failed,watchlist,16.51,-2.87,-2.9,-8.09,48.4,1113.9
SMARTWORKS.NS,Smartworks Coworking Spaces Limited,Real Estate Services,Real Estate,False,Cash,Stage 2,watchlist,13.52,-2.89,-4.84,-9.2,-3.19,489.35
GALLANTT.NS,Gallantt Ispat Limited,Steel,Basic Materials,False,Cash,Stage 4,watchlist,24.22,-2.92,-4.55,-9.78,-4.15,514.55
ASHOKLEY.NS,Ashok Leyland Limited,Farm & Heavy Construction Machinery,Industrials,True,F&O,Stage 1,watchlist,24.74,-2.93,-3.24,-11.72,-17.92,149.2
GMDCLTD.NS,Gujarat Mineral Development Corporation Limited,Energy,Energy,False,Cash,Stage 4,watchlist,15.03,-2.94,-6.03,-14.69,-19.05,477.1
APCOTEXIND.NS,Apcotex Industries Limited,Specialty Chemicals,Basic Materials,False,Cash,Stage 2,watchlist,36.81,-2.95,-0.46,-6.16,64.79,592.7
NACLIND.NS,NACL Industries Limited,Agricultural Inputs,Basic Materials,False,Cash,Stage 4,watchlist,0.0,-2.95,-0.2,-17.64,-22.88,132.6
ASHAPURMIN.NS,Ashapura Minechem Limited,Basic Materials,Basic Materials,False,Cash,Stage 4,watchlist,16.11,-2.96,-5.94,-8.98,-43.19,488.0
RATNAMANI.NS,Ratnamani Metals & Tubes Limited,Steel,Basic Materials,False,Cash,Stage 2 Failed,watchlist,14.89,-2.96,-10.91,-5.05,6.11,2524.3
PFOCUS.NS,Prime Focus Limited,Communication Services,Communication Services,False,Cash,Stage 2,watchlist,47.69,-2.97,-10.13,-9.31,23.84,284.0
FIRSTCRY.NS,Brainbees Solutions Limited,Consumer Cyclical,Consumer Cyclical,False,Cash,Stage 4,watchlist,2.0,-3.02,-6.6,-2.73,-40.01,172.2
MINDACORP.NS,Minda Corporation Limited,Auto Parts,Consumer Cyclical,False,Cash,Stage 2 Failed,watchlist,5.92,-3.05,-7.71,-9.72,9.56,639.45
OPTIEMUS.NS,Optiemus Infracom Limited,Technology,Technology,False,Cash,Stage 2,watchlist,54.92,-3.15,12.26,54.92,74.81,861.9
VINATIORGA.NS,Vinati Organics Limited,Specialty Chemicals,Basic Materials,False,Cash,Stage 4,watchlist,31.7,-3.15,-2.23,-14.67,-27.97,1142.3
HINDALCO.NS,Hindalco Industries Limited,Basic Materials,Basic Materials,True,F&O,Stage 2 Failed,watchlist,3.72,-3.15,-3.29,-9.73,2.31,910.85
THYROCARE.NS,Thyrocare Technologies Limited,Diagnostics & Research,Healthcare,False,Cash,Stage 2,watchlist,29.54,-3.16,-6.22,-10.49,16.35,513.05
ZEEL.NS,Zee Entertainment Enterprises Limited,Communication Services,Communication Services,False,Cash,Stage 4,watchlist,21.11,-3.18,-5.84,-16.82,-20.65,70.12
HUBTOWN.NS,Hubtown Limited,Real Estate,Real Estate,False,Cash,Stage 4,watchlist,23.41,-3.22,-1.14,-13.37,-35.83,164.52
IDEAFORGE.NS,Ideaforge Technology Limited,Technology,Technology,False,Cash,Stage 3,watchlist,13.02,-3.23,-4.23,-9.7,50.81,700.0
ERIS.NS,Eris Lifesciences Limited,Drug Manufacturers - Specialty & Generic,Healthcare,False,Cash,Stage 4,watchlist,26.61,-3.28,-3.87,-13.5,-23.28,1145.8
KEC.NS,KEC International Limited,Engineering & Construction,Industrials,False,Cash,Stage 4,watchlist,16.11,-3.31,-3.91,-10.65,-50.33,362.5
AUBANK.NS,AU Small Finance Bank Limited,Banks - Regional,Financial Services,True,F&O,Stage 2 Failed,watchlist,21.44,-3.37,-1.67,-7.48,-0.51,993.4
HCG.NS,Healthcare Global Enterprises Limited,Medical Care Facilities,Healthcare,False,Cash,Stage 2 Failed,watchlist,18.9,-3.37,-1.27,-4.78,0.74,657.6
TIINDIA.NS,Tube Investments of India Limited,Conglomerates,Industrials,True,F&O,Stage 4,watchlist,2.0,-3.43,0.55,-9.5,-8.83,2388.0
INDUSINDBK.NS,IndusInd Bank Limited,Banks - Regional,Financial Services,True,F&O,Stage 2 Failed,watchlist,2.9,-3.44,-2.94,-12.31,-1.56,874.9
BALKRISIND.NS,Balkrishna Industries Limited,Auto Parts,Consumer Cyclical,False,Cash,Stage 4,watchlist,19.13,-3.65,-5.63,-12.26,-12.92,2006.6
TIIL.NS,Technocraft Industries (India) Limited,Tools & Accessories,Industrials,False,Cash,Stage 2,watchlist,38.99,-3.68,-6.39,-13.55,21.45,2715.4
BALUFORGE.NS,Balu Forge Industries Limited,Metal Fabrication,Industrials,False,Cash,Stage 2 Failed,watchlist,14.25,-3.69,2.25,-6.28,-15.41,507.5
ADANIENT.NS,Adani Enterprises Limited,Energy,Energy,True,F&O,Stage 1,watchlist,8.52,-3.75,-5.52,-7.11,21.43,2743.0
TITAN.NS,Titan Company Limited,Luxury Goods,Consumer Cyclical,True,F&O,Stage 2 Failed,watchlist,10.5,-3.8,-4.58,-12.23,8.45,4377.0
RAYMONDLSL.NS,Raymond Lifestyle Limited,Apparel Manufacturing,Consumer Cyclical,False,Cash,Stage 4,watchlist,14.16,-3.85,-2.68,-10.33,-38.63,624.85
DYNAMATECH.NS,Dynamatic Technologies Limited,Auto Parts,Consumer Cyclical,False,Cash,Stage 2,watchlist,37.47,-3.89,0.82,18.47,48.36,13723.0
DEEDEV.NS,DEE Development Engineers Limited,Metal Fabrication,Industrials,False,Cash,Stage 2,watchlist,33.28,-4.24,-4.5,-7.67,199.23,624.1
GLAXO.NS,GlaxoSmithKline Pharmaceuticals Limited,Drug Manufacturers - General,Healthcare,False,Cash,Stage 2,watchlist,39.76,-4.39,-5.38,-10.95,9.98,2634.0
PRAJIND.NS,Praj Industries Limited,Engineering & Construction,Industrials,False,Cash,Stage 4,watchlist,22.32,-4.65,-1.78,-11.35,-4.96,300.4
NATIONALUM.NS,National Aluminium Company Limited,Basic Materials,Basic Materials,True,F&O,Stage 4,watchlist,23.45,-4.73,-5.76,-13.41,4.19,321.3
V2RETAIL.NS,V2 Retail Limited,Consumer Cyclical,Consumer Cyclical,False,Cash,Stage 4,watchlist,24.79,-4.79,-21.46,-25.53,-33.07,163.95
GREAVESCOT.NS,Greaves Cotton Limited,Specialty Industrial Machinery,Industrials,False,Cash,Stage 3,watchlist,21.83,-4.84,-7.94,9.81,10.62,212.0
JSLL.NS,Jeena Sikho Lifecare Limited,Medical Care Facilities,Healthcare,False,Cash,Stage 4,watchlist,17.2,-5.45,-16.69,-16.73,-38.3,417.2
BALAMINES.NS,Balaji Amines Limited,Specialty Chemicals,Basic Materials,False,Cash,Stage 2,watchlist,35.86,-5.76,1.77,-12.91,95.24,2155.9
RAYMOND.NS,Raymond Limited,Specialty Industrial Machinery,Industrials,False,Cash,Stage 2,watchlist,51.47,-6.77,-0.52,40.67,183.53,1206.7
INOXGREEN.NS,Inox Green Energy Services Limited,Utilities - Renewable,Utilities,False,Cash,Stage 4,watchlist,3.8,-7.31,-15.65,-22.1,-34.67,135.87
