ticker,Company Name,Industry,sector,is_fo_stock,fo_category,Include,stage,stage_raw,stage_variant,stage_confidence,stage_reason,stage_state_reason,stage_failed_since,last_stage2_date,stage_pending_raw,daily_setup_bucket,weekly_setup_bucket,combined_bucket,daily_score,weekly_score,combined_score,industry_boost,final_daily_score,final_weekly_score,final_combined_score,rs_3m_pct,rs_6m_pct,avg_turnover_inr,notes,current_rank,prev_rank,prev_stage,prev_daily_setup_bucket,prev_weekly_setup_bucket,prev_score,rank_change,combined_score_change,new_daily_breakout,new_weekly_breakout,entered_stage_2,new_top_10,new_top_20
GNFC.NS,Gujarat Narmada Valley Fertilizers and Chemicals Limited,Chemicals,Basic Materials,False,Cash,1,Stage 2,Stage 2,Clean Stage 2,0.9,"Price is above rising key averages, weekly structure is supportive, and the stock is near its 52-week high.",,,2026-10-05,,watchlist,weekly_breakout,watchlist,73.95,65.8,70.28,5.0,73.95,65.8,75.28,34.55,49.29,741360536.41,"Stage 2, Clean Stage 2, trend_template_ok, weekly_vcp_ok, weekly_strong",3,78,Stage 2,watchlist,weekly_watchlist,51.91,75,23.370000000000005,False,True,False,True,True
APARINDS.NS,Apar Industries Limited,Electrical Equipment & Parts,Industrials,False,Cash,1,Stage 2,Stage 2,Extended Stage 2,0.78,"Advancing structure remains intact, but price is stretched versus key moving averages or far above the 52-week low.",,,2026-10-05,,watchlist,weekly_near_pivot,watchlist,61.41,73.8,66.99,10.0,61.41,73.8,76.99,33.23,63.49,2200942157.11,"Stage 2, Extended Stage 2, trend_template_ok, weekly_vcp_ok, volume_dryup, weekly_volume_dryup, weekly_strong",1,46,Stage 2,watchlist,weekly_watchlist,57.7,45,19.289999999999992,False,False,False,True,True
JSWINFRA.NS,JSW Infrastructure Limited,Marine Shipping,Industrials,False,Cash,1,Stage 2,Stage 2,Clean Stage 2,0.9,"Price is above rising key averages, weekly structure is supportive, and the stock is near its 52-week high.",,,2026-10-05,,watchlist,weekly_near_pivot,watchlist,58.59,68.07,62.86,10.0,58.59,68.07,72.86,14.63,40.06,1646130965.2,"Stage 2, Clean Stage 2, trend_template_ok, weekly_vcp_ok, volume_dryup, weekly_volume_dryup, weekly_strong",4,35,Stage 2,watchlist,weekly_watchlist,59.71,31,13.149999999999999,False,False,False,True,True
KRN.NS,KRN Heat Exchanger and Refrigeration Limited,Electronic Components,Technology,False,Cash,1,Stage 2,Stage 2,Messy Stage 2,0.64,"Long-term structure is still constructive, but the short-term/weekly structure is not clean.",,,2026-10-05,,watchlist,weekly_forming,watchlist,60.47,64.15,62.13,10.0,60.47,64.15,72.13,23.43,40.1,275937832.48,"Stage 2, Messy Stage 2, trend_template_ok, weekly_vcp_ok, volume_dryup, weekly_volume_dryup, weekly_strong",5,30,Stage 2,watchlist,weekly_forming,60.4,25,11.729999999999997,False,False,False,True,True
AARTIDRUGS.NS,Aarti Drugs Limited,Drug Manufacturers - Specialty & Generic,Healthcare,False,Cash,1,Stage 2,Stage 2,Stage 2,0.76,Advancing structure detected.,,,2026-10-05,,watchlist,weekly_near_pivot,watchlist,52.57,70.37,60.58,10.0,52.57,70.37,70.58,13.09,21.59,79673604.08,"Stage 2, Stage 2, trend_template_ok, weekly_vcp_ok, weekly_strong",6,29,Stage 2,watchlist,weekly_near_pivot,60.61,23,9.969999999999999,False,False,False,True,True
SPLPETRO.NS,Supreme Petrochem Limited,Specialty Chemicals,Basic Materials,False,Cash,1,Stage 2,Stage 2,Clean Stage 2,0.9,"Price is above rising key averages, weekly structure is supportive, and the stock is near its 52-week high.",,,2026-10-05,,watchlist,weekly_breakout,watchlist,58.23,62.13,59.98,10.0,58.23,62.13,69.98,17.59,14.71,225945813.72,"Stage 2, Clean Stage 2, trend_template_ok, weekly_vcp_ok, weekly_volume_dryup, weekly_strong",8,12,Stage 2,watchlist,weekly_near_pivot,66.78,4,3.200000000000003,False,True,False,True,False
FINEORG.NS,Fine Organic Industries Limited,Specialty Chemicals,Basic Materials,False,Cash,1,Stage 2,Stage 2,Clean Stage 2,0.9,"Price is above rising key averages, weekly structure is supportive, and the stock is near its 52-week high.",,,2026-10-05,,watchlist,weekly_breakout,watchlist,41.83,70.92,54.92,10.0,41.83,70.92,64.92,18.4,21.85,119846329.9,"Stage 2, Clean Stage 2, trend_template_ok, weekly_vcp_ok, volume_dryup, weekly_strong",17,135,Stage 2,watchlist,weekly_near_pivot,46.44,118,18.480000000000004,False,True,False,False,True
ROLEXRINGS.NS,Rolex Rings Limited,Metal Fabrication,Industrials,False,Cash,1,Stage 2,Stage 2,Clean Stage 2,0.9,"Price is above rising key averages, weekly structure is supportive, and the stock is near its 52-week high.",,,2026-10-05,,watchlist,weekly_near_pivot,watchlist,40.58,73.8,55.53,10.0,40.58,73.8,65.53,36.38,43.62,394167118.13,"Stage 2, Clean Stage 2, trend_template_ok, weekly_vcp_ok, volume_dryup, weekly_volume_dryup, weekly_strong",15,128,Stage 2,watchlist,weekly_watchlist,47.0,113,18.53,False,False,False,False,True
GRAPHITE.NS,Graphite India Limited,Electrical Equipment & Parts,Industrials,False,Cash,1,Stage 2,Stage 2,Clean Stage 2,0.9,"Price is above rising key averages, weekly structure is supportive, and the stock is near its 52-week high.",,,2026-10-05,,watchlist,weekly_watchlist,watchlist,63.03,44.2,54.56,10.0,63.03,44.2,64.56,45.1,35.8,3283341320.38,"Stage 2, Clean Stage 2, trend_template_ok, volume_dryup, weekly_volume_dryup",20,34,Stage 2,watchlist,weekly_watchlist,60.18,14,4.380000000000003,False,False,False,False,True
JYOTICNC.NS,Jyoti CNC Automation Limited,Specialty Industrial Machinery,Industrials,False,Cash,1,Stage 2,Stage 2,Early Stage 2,0.72,"Price has moved above long-term structure, but the full moving-average stack is not clean yet.",,,2026-10-05,,watchlist,weekly_near_pivot,watchlist,45.2,73.8,58.07,10.0,45.2,73.8,68.07,39.35,54.37,1111412731.25,"Stage 2, Early Stage 2, weekly_vcp_ok, volume_dryup, weekly_volume_dryup, weekly_strong",12,25,Stage 2,watchlist,weekly_forming,61.8,13,6.269999999999996,False,False,False,False,True
PTCIL.NS,PTC Industries Limited,Metal Fabrication,Industrials,False,Cash,1,Stage 2,Stage 2,Clean Stage 2,0.9,"Price is above rising key averages, weekly structure is supportive, and the stock is near its 52-week high.",,,2026-10-05,,watchlist,weekly_near_pivot,watchlist,41.25,73.8,55.9,10.0,41.25,73.8,65.9,37.89,50.93,459536581.75,"Stage 2, Clean Stage 2, trend_template_ok, weekly_vcp_ok, volume_dryup, weekly_volume_dryup, weekly_strong",14,23,Stage 2,watchlist,weekly_forming,62.08,9,3.8200000000000074,False,False,False,False,True
KOTAKBANK.NS,Kotak Mahindra Bank Limited,Banks - Regional,Financial Services,True,F&O,1,Stage 2 Failed,Stage 2,Failed Stage 2,0.7,Failed Stage 2 cooling period is still active; waiting for a fresh base or confirmed reclaim.,Failed Stage 2 hold period active.,,2026-09-29,,watchlist,weekly_breakout,watchlist,30.57,69.37,48.03,2.0,30.57,69.37,50.03,19.35,16.35,7669448343.97,"Stage 2, Early Stage 2, weekly_vcp_ok, weekly_strong | Failed Stage 2 hold period active.",109,304,Stage 2 Failed,watchlist,weekly_watchlist,29.8,195,20.23,False,True,False,False,False
KINGFA.NS,Kingfa Science & Technology (India) Limited,Specialty Chemicals,Basic Materials,False,Cash,1,Stage 2,Stage 2,Clean Stage 2,0.9,"Price is above rising key averages, weekly structure is supportive, and the stock is near its 52-week high.",,,2026-10-05,,watchlist,weekly_breakout,watchlist,42.71,65.8,53.1,10.0,42.71,65.8,63.1,42.69,62.79,108889491.53,"Stage 2, Clean Stage 2, trend_template_ok, weekly_vcp_ok, volume_dryup, weekly_strong",28,177,Stage 2,watchlist,weekly_watchlist,41.25,149,21.85,False,True,False,False,False
STEELCAS.NS,Steelcast Limited,Steel,Basic Materials,False,Cash,1,Stage 2,Stage 2,Clean Stage 2,0.9,"Price is above rising key averages, weekly structure is supportive, and the stock is near its 52-week high.",,,2026-10-05,,watchlist,weekly_breakout,watchlist,37.12,72.05,52.84,5.0,37.12,72.05,57.84,25.89,36.65,90275002.94,"Stage 2, Clean Stage 2, trend_template_ok, weekly_vcp_ok, weekly_strong",52,167,Stage 2,watchlist,weekly_watchlist,42.18,115,15.660000000000004,False,True,False,False,False
CARBORUNIV.NS,Carborundum Universal Limited,Conglomerates,Industrials,False,Cash,1,Stage 2,Stage 2,Clean Stage 2,0.9,"Price is above rising key averages, weekly structure is supportive, and the stock is near its 52-week high.",,,2026-10-05,,watchlist,weekly_breakout,watchlist,59.2,64.24,61.47,2.0,59.2,64.24,63.47,21.41,42.96,780809493.44,"Stage 2, Clean Stage 2, trend_template_ok, weekly_vcp_ok, weekly_strong",26,123,Stage 2,watchlist,weekly_watchlist,47.23,97,16.240000000000002,False,True,False,False,False
APLLTD.NS,Alembic Pharmaceuticals Limited,Drug Manufacturers - Specialty & Generic,Healthcare,False,Cash,1,Stage 2 Failed,Stage 2,Failed Stage 2,0.7,Failed Stage 2 cooling period is still active; waiting for a fresh base or confirmed reclaim.,Failed Stage 2 hold period active.,,2026-09-30,,watchlist,weekly_breakout,watchlist,35.92,61.5,47.43,10.0,35.92,61.5,57.43,8.27,17.74,196866996.74,"Stage 2, Early Stage 2, weekly_vcp_ok, weekly_strong | Failed Stage 2 hold period active.",54,89,Stage 2 Failed,watchlist,weekly_watchlist,50.49,35,6.939999999999998,False,True,False,False,False
BEML.NS,BEML Limited,Conglomerates,Industrials,False,Cash,1,Stage 2,Stage 2,Clean Stage 2,0.9,"Price is above rising key averages, weekly structure is supportive, and the stock is near its 52-week high.",,,2026-10-05,,watchlist,weekly_breakout,watchlist,38.3,71.45,53.22,2.0,38.3,71.45,55.22,17.74,27.71,732978543.03,"Stage 2, Clean Stage 2, trend_template_ok, weekly_vcp_ok, volume_dryup, weekly_volume_dryup, weekly_strong",65,86,Stage 2,watchlist,weekly_near_pivot,51.15,21,4.07,False,True,False,False,False
SANATHAN.NS,Sanathan Textiles Limited,Textile Manufacturing,Consumer Cyclical,False,Cash,1,Stage 2,Stage 2,Clean Stage 2,0.9,"Price is above rising key averages, weekly structure is supportive, and the stock is near its 52-week high.",,,2026-10-05,,watchlist,weekly_breakout,watchlist,36.99,71.26,52.41,10.0,36.99,71.26,62.41,23.15,20.49,85232143.76,"Stage 2, Clean Stage 2, trend_template_ok, weekly_vcp_ok, weekly_volume_dryup, weekly_strong",32,24,Stage 2,watchlist,weekly_near_pivot,61.83,-8,0.5799999999999983,False,True,False,False,False
QPOWER.NS,Quality Power Electrical Equipments Limited,Electrical Equipment & Parts,Industrials,False,Cash,1,Stage 2,Stage 2,Extended Stage 2,0.78,"Advancing structure remains intact, but price is stretched versus key moving averages or far above the 52-week low.",,,2026-10-05,,watchlist,weekly_breakout,watchlist,35.88,65.8,49.34,10.0,35.88,65.8,59.34,47.56,72.36,492631384.78,"Stage 2, Extended Stage 2, trend_template_ok, weekly_vcp_ok, weekly_strong",45,7,Stage 2,watchlist,weekly_near_pivot,68.44,-38,-9.099999999999994,False,True,False,False,False
DLF.NS,DLF Limited,Real Estate,Real Estate,True,F&O,1,Stage 2 Failed,Stage 2,Failed Stage 2,0.7,Failed Stage 2 cooling period is still active; waiting for a fresh base or confirmed reclaim.,Failed Stage 2 hold period active.,,2026-09-30,,watchlist,weekly_near_pivot,watchlist,21.66,68.05,42.54,2.0,21.66,68.05,44.54,2.98,19.5,2683648654.62,"Stage 2, Stage 2, weekly_vcp_ok, weekly_strong | Failed Stage 2 hold period active.",162,726,Stage 2 Failed,watchlist,weekly_watchlist,12.87,564,31.67,False,False,False,False,False
HCG.NS,Healthcare Global Enterprises Limited,Medical Care Facilities,Healthcare,False,Cash,1,Stage 2 Failed,Not Sure,Failed Stage 2,0.72,"This stock was recently Stage 2, but the latest structure no longer satisfies Stage 2 rules. It is kept as Stage 2 Failed until a fresh base/repair structure forms.",Recent Stage 2 break; public stage held as Stage 2 Failed.,2026-10-06,2026-09-22,,watchlist,weekly_watchlist,watchlist,7.27,48.97,26.04,0.0,7.27,48.97,26.04,8.9,22.76,83680768.56,"Not Sure, Not Sure, weekly_vcp_ok, volume_dryup, weekly_volume_dryup, weekly_strong | Stage 2 failed state applied from stage memory.",379,886,Stage 2 Failed,watchlist,weekly_watchlist,1.5,507,24.54,False,False,False,False,False
GRINDWELL.NS,Grindwell Norton Limited,Building Products & Equipment,Industrials,False,Cash,1,Stage 2 Failed,Stage 2,Failed Stage 2,0.7,Failed Stage 2 cooling period is still active; waiting for a fresh base or confirmed reclaim.,Failed Stage 2 hold period active.,,2026-09-21,,watchlist,weekly_watchlist,watchlist,33.95,30.46,32.38,0.0,33.95,30.46,32.38,6.2,38.36,61067949.92,"Stage 2, Stage 2 | Failed Stage 2 hold period active.",288,776,Stage 2 Failed,watchlist,weekly_watchlist,8.47,488,23.910000000000004,False,False,False,False,False
PARAGMILK.NS,Parag Milk Foods Limited,Packaged Foods,Consumer Defensive,False,Cash,1,Stage 2 Failed,Stage 2,Failed Stage 2,0.7,Failed Stage 2 cooling period is still active; waiting for a fresh base or confirmed reclaim.,Failed Stage 2 hold period active.,,2026-09-22,,watchlist,weekly_watchlist,watchlist,37.83,33.2,35.75,2.0,37.83,33.2,37.75,38.39,51.33,656024608.79,"Stage 2, Extended Stage 2 | Failed Stage 2 hold period active.",233,690,Stage 2 Failed,watchlist,weekly_watchlist,16.03,457,21.72,False,False,False,False,False
NUVAMA.NS,Nuvama Wealth Management Limited,Asset Management,Financial Services,True,F&O,1,Stage 2 Failed,Stage 2,Failed Stage 2,0.7,Failed Stage 2 cooling period is still active; waiting for a fresh base or confirmed reclaim.,Failed Stage 2 hold period active.,,2026-09-16,,watchlist,weekly_watchlist,watchlist,19.76,27.86,23.41,0.0,19.76,27.86,23.41,-0.32,42.93,866497666.19,"Stage 2, Stage 2 | Failed Stage 2 hold period active.",434,888,Stage 2 Failed,watchlist,weekly_watchlist,1.29,454,22.12,False,False,False,False,False
ABB.NS,ABB India Limited,Specialty Industrial Machinery,Industrials,True,F&O,1,Stage 2 Failed,Stage 2,Failed Stage 2,0.7,Failed Stage 2 cooling period is still active; waiting for a fresh base or confirmed reclaim.,Failed Stage 2 hold period active.,,2026-09-28,,watchlist,weekly_watchlist,watchlist,23.39,24.46,23.87,10.0,23.39,24.46,33.87,10.3,6.32,1287441727.2,"Stage 2, Messy Stage 2, volume_dryup | Failed Stage 2 hold period active.",272,695,Stage 2 Failed,watchlist,weekly_watchlist,15.7,423,18.169999999999998,False,False,False,False,False
POWERINDIA.NS,Hitachi Energy India Limited,Electrical Equipment & Parts,Industrials,True,F&O,1,Stage 2 Failed,Stage 1,Failed Stage 2,0.72,"This stock was recently Stage 2, but the latest structure no longer satisfies Stage 2 rules. It is kept as Stage 2 Failed until a fresh base/repair structure forms.",Recent Stage 2 break; public stage held as Stage 2 Failed.,2026-10-06,2026-09-18,,watchlist,weekly_watchlist,watchlist,0.0,43.19,19.44,10.0,0.0,43.19,29.44,1.68,12.17,3330016660.5,"Stage 1, Stage 1 - Base/Repair, weekly_vcp_ok, weekly_strong, stage1_not_actionable, stage1_needs_more_base | Stage 2 failed state applied from stage memory.",315,733,Stage 2 Failed,watchlist,weekly_watchlist,11.63,418,17.810000000000002,False,False,False,False,False
WONDERLA.NS,Wonderla Holidays Limited,Consumer Cyclical,Consumer Cyclical,False,Cash,1,Stage 2 Failed,Stage 2,Failed Stage 2,0.7,Failed Stage 2 cooling period is still active; waiting for a fresh base or confirmed reclaim.,Failed Stage 2 hold period active.,,2026-09-25,,watchlist,weekly_forming,watchlist,23.86,58.76,39.56,2.0,23.86,58.76,41.56,13.73,-4.18,23319625.57,"Stage 2, Early Stage 2, weekly_vcp_ok, volume_dryup, weekly_volume_dryup, weekly_strong | Failed Stage 2 hold period active.",189,591,Stage 2 Failed,watchlist,weekly_watchlist,18.44,402,23.12,False,False,False,False,False
ENRIN.NS,Siemens Energy India Limited,Utilities - Renewable,Utilities,False,Cash,1,Not Sure,Stage 2,Pending Stage 2,0.55,Stage 2 pending confirmation: needs 3 raw Stage 2 runs; current count 1.,Stage 2 pending confirmation: needs 3 raw Stage 2 runs; current count 1.,,,Stage 2,watchlist,weekly_forming,watchlist,33.33,59.33,45.03,0.0,33.33,59.33,45.03,-1.59,16.92,1285413384.67,"Stage 2, Messy Stage 2, weekly_vcp_ok, volume_dryup, weekly_strong | Stage 2 pending confirmation: needs 3 raw Stage 2 runs; current count 1.",159,558,Stage 1,watchlist,weekly_watchlist,19.43,399,25.6,False,False,False,False,False
KAYNES.NS,Kaynes Technology India Limited,Electronic Components,Technology,True,F&O,1,Stage 4,Stage 4,Stage 4 - Weak/Declining,0.72,Price is below long-term support with weak trend evidence.,,,,,watchlist,weekly_watchlist,watchlist,0.0,35.8,16.11,10.0,0.0,35.8,26.11,6.7,-11.37,3388085543.27,"Stage 4, Stage 4 - Weak/Declining, weekly_vcp_ok, volume_dryup, weekly_volume_dryup, weekly_strong, downtrend",373,753,Stage 4,watchlist,weekly_watchlist,10.0,380,16.11,False,False,False,False,False
ECLERX.NS,eClerx Services Limited,Information Technology Services,Technology,False,Cash,1,Stage 2 Failed,Stage 2,Failed Stage 2,0.7,Failed Stage 2 cooling period is still active; waiting for a fresh base or confirmed reclaim.,Failed Stage 2 hold period active.,,2026-09-23,,watchlist,weekly_watchlist,watchlist,16.01,30.4,22.49,2.0,16.01,30.4,24.49,22.92,33.08,256801956.02,"Stage 2, Early Stage 2, volume_dryup, weekly_volume_dryup | Failed Stage 2 hold period active.",406,771,Stage 2 Failed,watchlist,weekly_watchlist,8.82,365,15.669999999999998,False,False,False,False,False
TECHNOE.NS,Techno Electric & Engineering Company Limited,Engineering & Construction,Industrials,False,Cash,1,Stage 4,Stage 4,Stage 4 - Weak/Declining,0.72,Price is below long-term support with weak trend evidence.,,,,,watchlist,weekly_watchlist,watchlist,12.23,35.8,22.84,0.0,12.23,35.8,22.84,0.63,-9.25,141970229.15,"Stage 4, Stage 4 - Weak/Declining, weekly_vcp_ok, volume_dryup, weekly_volume_dryup, weekly_strong, downtrend",447,809,Stage 4,watchlist,weekly_watchlist,6.29,362,16.55,False,False,False,False,False
ELECON.NS,Elecon Engineering Company Limited,Specialty Industrial Machinery,Industrials,False,Cash,1,Stage 4,Stage 4,Stage 4 - Weak/Declining,0.72,Price is below long-term support with weak trend evidence.,,,2026-07-06,,watchlist,weekly_watchlist,watchlist,8.2,43.8,24.22,10.0,8.2,43.8,34.22,-8.26,7.53,1073388290.47,"Stage 4, Stage 4 - Weak/Declining, weekly_vcp_ok, weekly_volume_dryup, weekly_strong, downtrend",270,630,Stage 4,watchlist,weekly_watchlist,16.94,360,17.279999999999998,False,False,False,False,False
CHEMPLASTS.NS,Chemplast Sanmar Limited,Chemicals,Basic Materials,False,Cash,1,Stage 4,Stage 4,Stage 4 - Weak/Declining,0.72,Price is below long-term support with weak trend evidence.,,,,,watchlist,weekly_watchlist,watchlist,5.07,35.8,18.9,5.0,5.07,35.8,23.9,10.54,-12.96,155395695.42,"Stage 4, Stage 4 - Weak/Declining, weekly_vcp_ok, weekly_volume_dryup, weekly_strong, downtrend",418,764,Stage 4,watchlist,weekly_watchlist,9.59,346,14.309999999999999,False,False,False,False,False
ELECTCAST.NS,Electrosteel Castings Limited,Building Products & Equipment,Industrials,False,Cash,1,Not Sure,Stage 2,Pending Stage 2,0.55,Stage 2 pending confirmation: needs 3 raw Stage 2 runs; current count 1.,Stage 2 pending confirmation: needs 3 raw Stage 2 runs; current count 1.,,2026-09-14,Stage 2,watchlist,weekly_forming,watchlist,34.28,44.76,39.0,0.0,34.28,44.76,39.0,8.11,-1.49,304728488.76,"Stage 2, Early Stage 2, weekly_vcp_ok | Stage 2 pending confirmation: needs 3 raw Stage 2 runs; current count 1.",220,559,Stage 1,watchlist,weekly_watchlist,19.37,339,19.63,False,False,False,False,False
ASHIANA.NS,Ashiana Housing Limited,Real Estate,Real Estate,False,Cash,1,Not Sure,Stage 1,Pending Stage 1,0.55,Blocked public stage jump Stage 3 -> Stage 1; waiting for intermediate/confirmed structure.,Blocked public stage jump Stage 3 -> Stage 1; waiting for intermediate/confirmed structure.,,2026-08-31,Stage 1,watchlist,weekly_watchlist,watchlist,0.0,44.49,20.02,2.0,0.0,44.49,22.02,7.46,19.4,34021970.93,"Stage 1, Stage 1 - Base/Repair, weekly_vcp_ok, volume_dryup, weekly_volume_dryup, weekly_strong, stage1_not_actionable, stage1_needs_more_base | Blocked public stage jump Stage 3 -> Stage 1; waiting for intermediate/confirmed structure.",476,811,Stage 3,watchlist,weekly_watchlist,6.09,335,15.93,False,False,False,False,False
PDSL.NS,PDS Limited,Industrials,Industrials,False,Cash,1,Stage 2 Failed,Stage 3,Failed Stage 2,0.72,"This stock was recently Stage 2, but the latest structure no longer satisfies Stage 2 rules. It is kept as Stage 2 Failed until a fresh base/repair structure forms.",Recent Stage 2 break; public stage held as Stage 2 Failed.,2026-10-06,2026-09-23,,watchlist,weekly_watchlist,watchlist,5.02,38.97,20.3,0.0,5.02,38.97,20.3,5.49,18.17,41612891.4,"Stage 3, Stage 3 - Distribution/Damage, weekly_vcp_ok, weekly_strong, distribution_risk | Stage 2 failed state applied from stage memory.",532,852,Stage 2 Failed,watchlist,weekly_watchlist,3.16,320,17.14,False,False,False,False,False
SUPREMEIND.NS,Supreme Industries Limited,Building Products & Equipment,Industrials,True,F&O,1,Stage 1,Stage 1,Stage 1 - Base/Repair,0.7,Price is near long-term moving averages with no strong long-term downtrend signal.,,,,,watchlist,weekly_watchlist,watchlist,3.47,42.16,20.88,0.0,3.47,42.16,20.88,10.0,-6.41,446578773.16,"Stage 1, Stage 1 - Base/Repair, weekly_vcp_ok, volume_dryup, weekly_volume_dryup, weekly_strong, stage1_not_actionable, stage1_needs_more_base",519,839,Stage 1,watchlist,weekly_watchlist,4.75,320,16.13,False,False,False,False,False
KALPATARU.NS,Kalpataru Limited,Real Estate,Real Estate,False,Cash,1,Stage 4,Stage 4,Stage 4 - Confirmed Downtrend,0.86,Price is below a bearish moving-average stack with falling trend signals.,,,,,watchlist,weekly_watchlist,watchlist,4.61,35.8,18.65,2.0,4.61,35.8,20.65,-1.57,-8.84,17935342.6,"Stage 4, Stage 4 - Confirmed Downtrend, weekly_vcp_ok, volume_dryup, weekly_volume_dryup, weekly_strong, downtrend",524,841,Stage 4,watchlist,weekly_watchlist,4.53,317,16.119999999999997,False,False,False,False,False
DALMIASUG.NS,Dalmia Bharat Sugar and Industries Limited,Consumer Defensive,Consumer Defensive,False,Cash,1,Stage 2,Stage 2,Stage 2,0.76,Advancing structure detected.,,,2026-10-05,,watchlist,weekly_watchlist,watchlist,45.2,29.55,38.16,0.0,45.2,29.55,38.16,30.27,25.18,125400915.83,"Stage 2, Stage 2, trend_template_ok, volume_dryup, weekly_volume_dryup",228,541,Stage 2,watchlist,weekly_watchlist,20.15,313,18.009999999999998,False,False,False,False,False
BBOX.NS,Black Box Limited,Software - Application,Technology,False,Cash,1,Not Sure,Stage 2,Pending Stage 2,0.55,Stage 2 pending confirmation: needs 3 raw Stage 2 runs; current count 1.,Stage 2 pending confirmation: needs 3 raw Stage 2 runs; current count 1.,,2026-07-21,Stage 2,watchlist,weekly_watchlist,watchlist,48.7,39.61,44.61,5.0,48.7,39.61,49.61,-5.34,61.43,562886807.28,"Stage 2, Messy Stage 2 | Stage 2 pending confirmation: needs 3 raw Stage 2 runs; current count 1.",114,420,Stage 3,watchlist,weekly_watchlist,24.18,306,25.43,False,False,False,False,False
ACI.NS,Archean Chemical Industries Limited,Chemicals,Basic Materials,False,Cash,1,Stage 4,Stage 4,Stage 4 - Confirmed Downtrend,0.86,Price is below a bearish moving-average stack with falling trend signals.,,,,,watchlist,weekly_watchlist,watchlist,0.0,35.8,16.11,5.0,0.0,35.8,21.11,-5.41,-21.02,120006326.54,"Stage 4, Stage 4 - Confirmed Downtrend, weekly_vcp_ok, volume_dryup, weekly_volume_dryup, weekly_strong, downtrend",508,800,Stage 4,watchlist,weekly_watchlist,6.8,292,14.309999999999999,False,False,False,False,False
ADANIGREEN.NS,Adani Green Energy Limited,Utilities - Renewable,Utilities,True,F&O,1,Not Sure,Stage 2,Pending Stage 2,0.55,Stage 2 pending confirmation: needs 3 raw Stage 2 runs; current count 1.,Stage 2 pending confirmation: needs 3 raw Stage 2 runs; current count 1.,,2026-08-28,Stage 2,watchlist,weekly_watchlist,watchlist,17.26,21.59,19.21,0.0,17.26,21.59,19.21,-9.92,21.8,1897104449.76,"Stage 2, Messy Stage 2 | Stage 2 pending confirmation: needs 3 raw Stage 2 runs; current count 1.",560,850,Stage 1,watchlist,weekly_watchlist,3.37,290,15.84,False,False,False,False,False
NTPCGREEN.NS,NTPC Green Energy Limited,Utilities - Renewable,Utilities,False,Cash,1,Not Sure,Stage 1,Pending Stage 1,0.55,Blocked public stage jump Stage 4 -> Stage 1; waiting for intermediate/confirmed structure.,Blocked public stage jump Stage 4 -> Stage 1; waiting for intermediate/confirmed structure.,,2026-06-15,Stage 1,watchlist,weekly_watchlist,watchlist,8.24,41.8,23.34,0.0,8.24,41.8,23.34,0.41,-12.69,243762046.57,"Stage 1, Stage 1 - Base/Repair, weekly_vcp_ok, weekly_volume_dryup, weekly_strong, stage1_not_actionable, stage1_needs_more_base | Blocked public stage jump Stage 4 -> Stage 1; waiting for intermediate/confirmed structure.",435,725,Stage 4,watchlist,weekly_watchlist,12.87,290,10.47,False,False,False,False,False
DEVYANI.NS,Devyani International Limited,Consumer Cyclical,Consumer Cyclical,False,Cash,1,Stage 2 Failed,Stage 2,Failed Stage 2,0.7,Failed Stage 2 cooling period is still active; waiting for a fresh base or confirmed reclaim.,Failed Stage 2 hold period active.,,2026-09-30,,watchlist,weekly_forming,watchlist,15.44,58.2,34.68,2.0,15.44,58.2,36.68,20.48,20.16,211636952.16,"Stage 2, Early Stage 2, weekly_vcp_ok, volume_dryup, weekly_volume_dryup, weekly_strong | Failed Stage 2 hold period active.",244,528,Stage 2 Failed,watchlist,weekly_watchlist,20.89,284,15.79,False,False,False,False,False
MAHLIFE.NS,Mahindra Lifespace Developers Limited,Real Estate,Real Estate,False,Cash,1,Stage 4,Stage 4,Stage 4 - Weak/Declining,0.72,Price is below long-term support with weak trend evidence.,,,2026-08-31,,watchlist,weekly_watchlist,watchlist,0.0,36.23,16.3,2.0,0.0,36.23,18.3,0.34,3.98,35814192.48,"Stage 4, Stage 4 - Weak/Declining, weekly_vcp_ok, weekly_strong, downtrend",583,866,Stage 4,watchlist,weekly_watchlist,2.37,283,15.93,False,False,False,False,False
ITCHOTELS.NS,ITC Hotels Limited,Consumer Cyclical,Consumer Cyclical,False,Cash,1,Stage 4,Stage 4,Stage 4 - Weak/Declining,0.72,Price is below long-term support with weak trend evidence.,,,,,watchlist,weekly_watchlist,watchlist,6.32,33.8,18.69,2.0,6.32,33.8,20.69,-9.78,5.22,242695106.6,"Stage 4, Stage 4 - Weak/Declining, weekly_vcp_ok, weekly_volume_dryup, weekly_strong, downtrend",523,801,Stage 4,watchlist,weekly_watchlist,6.66,278,14.030000000000001,False,False,False,False,False
INDIACEM.NS,The India Cements Limited,Building Materials,Basic Materials,False,Cash,1,Stage 4,Stage 4,Stage 4 - Confirmed Downtrend,0.86,Price is below a bearish moving-average stack with falling trend signals.,,,,,watchlist,weekly_watchlist,watchlist,7.6,35.8,20.29,0.0,7.6,35.8,20.29,-16.01,-22.65,64897700.4,"Stage 4, Stage 4 - Confirmed Downtrend, weekly_vcp_ok, weekly_strong, downtrend",533,780,Stage 4,watchlist,weekly_watchlist,7.96,247,12.329999999999998,False,False,False,False,False
JUNIPER.NS,Juniper Hotels Limited,Lodging,Consumer Cyclical,False,Cash,1,Not Sure,Stage 2,Pending Stage 2,0.55,Stage 2 pending confirmation: needs 3 raw Stage 2 runs; current count 1.,Stage 2 pending confirmation: needs 3 raw Stage 2 runs; current count 1.,,,Stage 2,watchlist,weekly_near_pivot,watchlist,4.51,53.73,26.66,2.0,4.51,53.73,28.66,15.16,1.18,39036986.74,"Stage 2, Early Stage 2, weekly_vcp_ok, volume_dryup, weekly_volume_dryup | Stage 2 pending confirmation: needs 3 raw Stage 2 runs; current count 1.",326,571,Stage 1,watchlist,weekly_watchlist,19.07,245,9.59,False,False,False,False,False
ITDC.NS,India Tourism Development Corporation Limited,Lodging,Consumer Cyclical,False,Cash,1,Stage 2 Failed,Stage 2,Failed Stage 2,0.7,Failed Stage 2 cooling period is still active; waiting for a fresh base or confirmed reclaim.,Failed Stage 2 hold period active.,,2026-09-30,,watchlist,weekly_watchlist,watchlist,11.59,23.07,16.76,2.0,11.59,23.07,18.76,-2.23,28.95,712744423.34,"Stage 2, Messy Stage 2 | Failed Stage 2 hold period active.",570,813,Stage 2 Failed,watchlist,weekly_watchlist,6.07,243,12.690000000000001,False,False,False,False,False
GRWRHITECH.NS,Garware Hi-Tech Films Limited,Specialty Chemicals,Basic Materials,False,Cash,1,Stage 2 Failed,Stage 2,Failed Stage 2,0.7,Failed Stage 2 cooling period is still active; waiting for a fresh base or confirmed reclaim.,Failed Stage 2 hold period active.,,2026-09-30,,watchlist,weekly_forming,watchlist,22.18,65.8,41.81,10.0,22.18,65.8,51.81,7.43,91.58,351977833.84,"Stage 2, Stage 2, weekly_vcp_ok, weekly_strong | Failed Stage 2 hold period active.",89,331,Stage 2 Failed,watchlist,weekly_watchlist,27.75,242,24.060000000000002,False,False,False,False,False
LUXIND.NS,Lux Industries Limited,Apparel Manufacturing,Consumer Cyclical,False,Cash,1,Stage 4,Stage 4,Stage 4,0.66,Declining structure detected.,,,2026-06-09,,watchlist,weekly_watchlist,watchlist,0.0,35.8,16.11,0.0,0.0,35.8,16.11,-2.99,-11.5,61802418.79,"Stage 4, Stage 4, weekly_vcp_ok, volume_dryup, weekly_volume_dryup, weekly_strong, downtrend",676,896,Stage 4,watchlist,weekly_watchlist,0.36,220,15.75,False,False,False,False,False
WAAREERTL.NS,Waaree Renewable Technologies Limited,Utilities - Renewable,Utilities,False,Cash,1,Stage 4,Stage 4,Stage 4 - Weak/Declining,0.72,Price is below long-term support with weak trend evidence.,,,2026-07-22,,watchlist,weekly_watchlist,watchlist,0.0,35.8,16.11,0.0,0.0,35.8,16.11,-11.91,-9.27,101632096.57,"Stage 4, Stage 4 - Weak/Declining, weekly_vcp_ok, weekly_strong, downtrend",662,882,Stage 4,watchlist,weekly_watchlist,1.8,220,14.309999999999999,False,False,False,False,False
MIDHANI.NS,Mishra Dhatu Nigam Limited,Steel,Basic Materials,False,Cash,1,Stage 2,Stage 2,Clean Stage 2,0.9,"Price is above rising key averages, weekly structure is supportive, and the stock is near its 52-week high.",,,2026-10-05,,watchlist,weekly_near_pivot,watchlist,21.37,71.42,43.89,5.0,21.37,71.42,48.89,16.14,40.06,610870689.12,"Stage 2, Clean Stage 2, weekly_vcp_ok, volume_dryup, weekly_volume_dryup, weekly_strong",121,338,Stage 2,watchlist,weekly_watchlist,27.27,217,21.62,False,False,False,False,False
CLEAN.NS,Clean Science and Technology Limited,Specialty Chemicals,Basic Materials,False,Cash,1,Not Sure,Stage 2,Pending Stage 2,0.55,Stage 2 pending confirmation: needs 3 raw Stage 2 runs; current count 1.,Stage 2 pending confirmation: needs 3 raw Stage 2 runs; current count 1.,,,Stage 2,watchlist,weekly_near_pivot,watchlist,13.91,67.78,38.15,10.0,13.91,67.78,48.15,12.82,15.01,249630539.07,"Stage 2, Early Stage 2, weekly_vcp_ok, volume_dryup, weekly_volume_dryup, weekly_strong | Stage 2 pending confirmation: needs 3 raw Stage 2 runs; current count 1.",126,343,Not Sure,watchlist,weekly_watchlist,27.04,217,21.11,False,False,False,False,False
SCI.NS,Shipping Corporation Of India Limited,Marine Shipping,Industrials,False,Cash,1,Not Sure,Stage 2,Pending Stage 2,0.55,Blocked Stage 4 -> Stage 2 jump. Public Stage 2 needs Stage 1/base repair first and at least 20 Stage 1 confirmation runs.,Blocked Stage 4 -> Stage 2 jump. Public Stage 2 needs Stage 1/base repair first and at least 20 Stage 1 confirmation runs.,,2026-09-10,Stage 2,watchlist,weekly_forming,watchlist,14.64,58.3,34.29,10.0,14.64,58.3,44.29,6.42,18.6,735769956.6,"Stage 2, Messy Stage 2, weekly_vcp_ok, weekly_strong | Blocked Stage 4 -> Stage 2 jump. Public Stage 2 needs Stage 1/base repair first and at least 20 Stage 1 confirmation runs.",166,381,Stage 4,watchlist,weekly_watchlist,25.86,215,18.43,False,False,False,False,False
JAYNECOIND.NS,Jayaswal Neco Industries Limited,Steel,Basic Materials,False,Cash,1,Stage 2 Failed,Stage 2,Failed Stage 2,0.7,Failed Stage 2 cooling period is still active; waiting for a fresh base or confirmed reclaim.,Failed Stage 2 hold period active.,,2026-09-30,,watchlist,weekly_forming,watchlist,13.68,60.59,34.79,5.0,13.68,60.59,39.79,11.4,16.46,249211873.96,"Stage 2, Stage 2, weekly_vcp_ok, volume_dryup, weekly_volume_dryup, weekly_strong | Failed Stage 2 hold period active.",209,421,Stage 2 Failed,watchlist,weekly_watchlist,24.13,212,15.66,False,False,False,False,False
PETRONET.NS,Petronet LNG Limited,Oil & Gas Refining & Marketing,Energy,True,F&O,1,Stage 2 Failed,Stage 2,Failed Stage 2,0.7,Failed Stage 2 cooling period is still active; waiting for a fresh base or confirmed reclaim.,Failed Stage 2 hold period active.,,2026-09-28,,watchlist,weekly_near_pivot,watchlist,46.3,70.4,57.15,5.0,46.3,70.4,62.15,11.97,11.99,522908443.51,"Stage 2, Early Stage 2, weekly_vcp_ok, weekly_strong | Failed Stage 2 hold period active.",34,242,Stage 2 Failed,watchlist,weekly_watchlist,34.81,208,27.339999999999996,False,False,False,False,False
POLYPLEX.NS,Polyplex Corporation Limited,Specialty Chemicals,Basic Materials,False,Cash,1,Stage 2,Stage 2,Early Stage 2,0.72,"Price has moved above long-term structure, but the full moving-average stack is not clean yet.",,,2026-10-05,,watchlist,weekly_watchlist,watchlist,14.17,20.55,17.04,10.0,14.17,20.55,27.04,5.19,20.29,47477492.47,"Stage 2, Early Stage 2, volume_dryup, weekly_volume_dryup",345,550,Stage 2,watchlist,weekly_watchlist,19.8,205,7.239999999999998,False,False,False,False,False
SIEMENS.NS,Siemens Limited,Specialty Industrial Machinery,Industrials,True,F&O,1,Stage 2,Stage 2,Early Stage 2,0.72,"Price has moved above long-term structure, but the full moving-average stack is not clean yet.",,,2026-10-05,,watchlist,weekly_near_pivot,watchlist,20.21,69.01,42.17,10.0,20.21,69.01,52.17,15.4,16.67,867583897.1,"Stage 2, Early Stage 2, weekly_vcp_ok, volume_dryup, weekly_volume_dryup, weekly_strong",82,285,Stage 2,watchlist,weekly_watchlist,31.05,203,21.12,False,False,False,False,False
HIKAL.NS,Hikal Limited,Drug Manufacturers - Specialty & Generic,Healthcare,False,Cash,1,Stage 2 Failed,Stage 2,Failed Stage 2,0.7,Failed Stage 2 cooling period is still active; waiting for a fresh base or confirmed reclaim.,Failed Stage 2 hold period active.,,2026-09-23,,watchlist,weekly_watchlist,watchlist,25.07,23.26,24.26,10.0,25.07,23.26,34.26,1.73,26.9,249047142.44,"Stage 2, Stage 2, volume_dryup, weekly_volume_dryup | Failed Stage 2 hold period active.",269,472,Stage 2 Failed,watchlist,weekly_watchlist,22.2,203,12.059999999999999,False,False,False,False,False
UNIVCABLES.NS,Universal Cables Limited,Electrical Equipment & Parts,Industrials,False,Cash,1,Stage 2,Stage 2,Extended Stage 2,0.78,"Advancing structure remains intact, but price is stretched versus key moving averages or far above the 52-week low.",,,2026-10-05,,watchlist,weekly_watchlist,watchlist,47.05,34.0,41.18,10.0,47.05,34.0,51.18,51.07,114.86,165025170.78,"Stage 2, Extended Stage 2, trend_template_ok, volume_dryup, weekly_volume_dryup",95,292,Stage 2,watchlist,weekly_watchlist,30.67,197,20.509999999999998,False,False,False,False,False
SAIL.NS,Steel Authority of India Limited,Steel,Basic Materials,True,F&O,1,Stage 2,Stage 2,Messy Stage 2,0.64,"Long-term structure is still constructive, but the short-term/weekly structure is not clean.",,,2026-10-05,,watchlist,weekly_forming,watchlist,53.6,59.84,56.41,5.0,53.6,59.84,61.41,12.06,8.31,2432238915.06,"Stage 2, Messy Stage 2, trend_template_ok, weekly_vcp_ok, weekly_volume_dryup, weekly_strong",37,233,Stage 2,watchlist,weekly_watchlist,36.28,196,25.129999999999995,False,False,False,False,False
NAVINFLUOR.NS,Navin Fluorine International Limited,Chemicals,Basic Materials,False,Cash,1,Stage 2,Stage 2,Clean Stage 2,0.9,"Price is above rising key averages, weekly structure is supportive, and the stock is near its 52-week high.",,,2026-10-05,,watchlist,weekly_watchlist,watchlist,49.1,33.87,42.25,5.0,49.1,33.87,47.25,15.65,39.1,1005047613.23,"Stage 2, Clean Stage 2, trend_template_ok, volume_dryup, weekly_volume_dryup",135,329,Stage 2,watchlist,weekly_watchlist,27.93,194,19.32,False,False,False,False,False
SAGILITY.NS,SAGILITY LIMITED,Healthcare,Healthcare,False,Cash,1,Not Sure,Not Sure,Not Sure,0.0,Stage rules did not identify a reliable structure.,No confident stage classification.,,,,watchlist,weekly_watchlist,watchlist,26.47,55.17,39.39,5.0,26.47,55.17,44.39,8.04,5.63,518501645.49,"Not Sure, Not Sure, weekly_vcp_ok, volume_dryup, weekly_volume_dryup, weekly_strong",165,347,Stage 4,watchlist,weekly_watchlist,26.8,182,17.59,False,False,False,False,False
NAVA.NS,NAVA LIMITED,Conglomerates,Industrials,False,Cash,1,Not Sure,Stage 1,Pending Stage 1,0.55,Blocked public stage jump Stage 4 -> Stage 1; waiting for intermediate/confirmed structure.,Blocked public stage jump Stage 4 -> Stage 1; waiting for intermediate/confirmed structure.,,2026-06-04,Stage 1,watchlist,weekly_watchlist,watchlist,18.0,42.9,29.2,2.0,18.0,42.9,31.2,1.91,-2.75,154496775.94,"Stage 1, Stage 1 - Base/Repair, weekly_vcp_ok, weekly_strong, stage1_not_actionable, stage1_needs_more_base | Blocked public stage jump Stage 4 -> Stage 1; waiting for intermediate/confirmed structure.",298,478,Stage 4,watchlist,weekly_watchlist,22.0,180,9.2,False,False,False,False,False
PARAS.NS,Paras Defence and Space Technologies Limited,Aerospace & Defense,Industrials,False,Cash,1,Stage 2,Stage 2,Early Stage 2,0.72,"Price has moved above long-term structure, but the full moving-average stack is not clean yet.",,,2026-10-05,,watchlist,weekly_forming,watchlist,18.45,65.8,39.76,10.0,18.45,65.8,49.76,13.46,95.22,1127114466.8,"Stage 2, Early Stage 2, weekly_vcp_ok, volume_dryup, weekly_volume_dryup, weekly_strong",113,288,Stage 2,watchlist,weekly_watchlist,30.91,175,18.849999999999998,False,False,False,False,False
COHANCE.NS,Cohance Lifesciences Limited,Drug Manufacturers - Specialty & Generic,Healthcare,False,Cash,1,Not Sure,Not Sure,Not Sure,0.0,Stage rules did not identify a reliable structure.,No confident stage classification.,,,,watchlist,weekly_watchlist,watchlist,19.93,56.82,36.53,10.0,19.93,56.82,46.53,8.46,21.77,547029800.49,"Not Sure, Not Sure, weekly_vcp_ok, volume_dryup, weekly_volume_dryup, weekly_strong",144,318,Not Sure,watchlist,weekly_watchlist,28.92,174,17.61,False,False,False,False,False
VEEDOL.NS,Veedol Corporation Limited,Specialty Chemicals,Basic Materials,False,Cash,1,Stage 4,Stage 4,Stage 4 - Weak/Declining,0.72,Price is below long-term support with weak trend evidence.,,,2026-09-08,,watchlist,weekly_watchlist,watchlist,3.97,22.72,12.41,10.0,3.97,22.72,22.41,3.06,3.18,11737933.6,"Stage 4, Stage 4 - Weak/Declining, weekly_vcp_ok, volume_dryup, weekly_volume_dryup, downtrend",462,633,Stage 4,watchlist,weekly_watchlist,16.73,171,5.68,False,False,False,False,False
LTFOODS.NS,LT Foods Limited,Packaged Foods,Consumer Defensive,False,Cash,1,Stage 2 Failed,Stage 2,Failed Stage 2,0.7,Failed Stage 2 cooling period is still active; waiting for a fresh base or confirmed reclaim.,Failed Stage 2 hold period active.,,2026-09-28,,watchlist,weekly_forming,watchlist,39.91,58.85,48.43,2.0,39.91,58.85,50.43,9.97,0.52,178054026.0,"Stage 2, Early Stage 2, daily_vcp_ok, weekly_vcp_ok, volume_dryup, weekly_volume_dryup, weekly_strong | Failed Stage 2 hold period active.",104,274,Stage 2 Failed,watchlist,weekly_watchlist,31.87,170,18.56,False,False,False,False,False
KPIL.NS,Kalpataru Projects International Limited,Engineering & Construction,Industrials,False,Cash,1,Stage 2,Stage 2,Clean Stage 2,0.9,"Price is above rising key averages, weekly structure is supportive, and the stock is near its 52-week high.",,,2026-10-05,,near_pivot,weekly_watchlist,watchlist,73.59,29.66,53.82,0.0,73.59,29.66,53.82,12.16,24.48,232980326.45,"Stage 2, Clean Stage 2, trend_template_ok, daily_vcp_ok, volume_dryup",72,238,Stage 2,watchlist,weekly_watchlist,35.56,166,18.259999999999998,False,False,False,False,False
UNITDSPR.NS,United Spirits Limited,Consumer Defensive,Consumer Defensive,True,F&O,1,Stage 2 Failed,Stage 1,Failed Stage 2,0.72,"This stock was recently Stage 2, but the latest structure no longer satisfies Stage 2 rules. It is kept as Stage 2 Failed until a fresh base/repair structure forms.",Recent Stage 2 break; public stage held as Stage 2 Failed.,2026-10-06,2026-09-28,,watchlist,weekly_watchlist,watchlist,0.0,42.97,19.34,0.0,0.0,42.97,19.34,2.95,8.74,1337829070.19,"Stage 1, Stage 1 - Unclear/Repair, weekly_vcp_ok, weekly_strong, stage1_not_actionable, stage1_needs_more_base | Stage 2 failed state applied from stage memory.",555,719,Stage 2 Failed,watchlist,weekly_watchlist,13.12,164,6.220000000000001,False,False,False,False,False
CGPOWER.NS,CG Power and Industrial Solutions Limited,Electrical Equipment & Parts,Industrials,True,F&O,1,Stage 2 Failed,Stage 2,Failed Stage 2,0.7,Failed Stage 2 cooling period is still active; waiting for a fresh base or confirmed reclaim.,Failed Stage 2 hold period active.,,2026-09-25,,watchlist,weekly_watchlist,watchlist,41.43,28.03,35.4,10.0,41.43,28.03,45.4,4.13,28.19,1876305078.68,"Stage 2, Stage 2, daily_vcp_ok, volume_dryup, weekly_volume_dryup | Failed Stage 2 hold period active.",157,319,Stage 2 Failed,watchlist,weekly_watchlist,28.91,162,16.49,False,False,False,False,False
INDIGOPNTS.NS,Indigo Paints Limited,Specialty Chemicals,Basic Materials,False,Cash,1,Stage 2 Failed,Not Sure,Failed Stage 2,0.72,"This stock was recently Stage 2, but the latest structure no longer satisfies Stage 2 rules. It is kept as Stage 2 Failed until a fresh base/repair structure forms.",Recent Stage 2 break; public stage held as Stage 2 Failed.,2026-10-06,2026-09-25,,watchlist,weekly_watchlist,watchlist,4.65,17.1,10.25,10.0,4.65,17.1,20.25,6.01,32.95,52520455.07,"Not Sure, Not Sure, volume_dryup, weekly_volume_dryup | Stage 2 failed state applied from stage memory.",536,698,Stage 2 Failed,watchlist,weekly_watchlist,15.42,162,4.83,False,False,False,False,False
ROSSARI.NS,Rossari Biotech Limited,Specialty Chemicals,Basic Materials,False,Cash,1,Stage 4,Stage 4,Stage 4 - Confirmed Downtrend,0.86,Price is below a bearish moving-average stack with falling trend signals.,,,,,watchlist,weekly_watchlist,watchlist,0.0,22.1,9.95,10.0,0.0,22.1,19.95,-13.83,-2.9,25180175.2,"Stage 4, Stage 4 - Confirmed Downtrend, weekly_vcp_ok, downtrend",544,704,Stage 4,watchlist,weekly_watchlist,14.95,160,5.0,False,False,False,False,False
RBA.NS,Restaurant Brands Asia Limited,Consumer Cyclical,Consumer Cyclical,False,Cash,1,Stage 2,Stage 2,Messy Stage 2,0.64,"Long-term structure is still constructive, but the short-term/weekly structure is not clean.",,,2026-10-05,,watchlist,weekly_watchlist,watchlist,40.96,24.8,33.69,2.0,40.96,24.8,35.69,33.98,52.51,281096560.26,"Stage 2, Messy Stage 2, trend_template_ok, volume_dryup, weekly_volume_dryup",254,411,Stage 2,watchlist,weekly_watchlist,24.5,157,11.189999999999998,False,False,False,False,False
ANURAS.NS,Anupam Rasayan India Limited,Specialty Chemicals,Basic Materials,False,Cash,1,Stage 4,Stage 4,Stage 4 - Confirmed Downtrend,0.86,Price is below a bearish moving-average stack with falling trend signals.,,,2026-06-18,,watchlist,weekly_watchlist,watchlist,0.0,36.9,16.61,10.0,0.0,36.9,26.61,-2.96,-8.07,685695926.38,"Stage 4, Stage 4 - Confirmed Downtrend, weekly_vcp_ok, volume_dryup, weekly_volume_dryup, weekly_strong, downtrend",357,514,Stage 4,watchlist,weekly_watchlist,21.11,157,5.5,False,False,False,False,False
SOLARINDS.NS,Solar Industries India Limited,Specialty Chemicals,Basic Materials,True,F&O,1,Stage 2,Stage 2,Stage 2,0.76,Advancing structure detected.,,,2026-10-05,,watchlist,weekly_watchlist,watchlist,57.48,21.97,41.5,10.0,57.48,21.97,51.5,20.18,43.54,5023691819.65,"Stage 2, Stage 2, trend_template_ok",90,246,Stage 2,watchlist,weekly_watchlist,34.56,156,16.939999999999998,False,False,False,False,False
MRPL.NS,Mangalore Refinery and Petrochemicals Limited,Oil & Gas Refining & Marketing,Energy,False,Cash,1,Stage 2 Failed,Stage 2,Failed Stage 2,0.7,Failed Stage 2 cooling period is still active; waiting for a fresh base or confirmed reclaim.,Failed Stage 2 hold period active.,,2026-09-29,,watchlist,weekly_forming,watchlist,32.63,60.43,45.14,5.0,32.63,60.43,50.14,12.16,3.1,2138422229.71,"Stage 2, Stage 2, weekly_vcp_ok, weekly_strong | Failed Stage 2 hold period active.",107,261,Stage 2 Failed,watchlist,weekly_watchlist,33.25,154,16.89,False,False,False,False,False
RRKABEL.NS,R R Kabel Limited,Electrical Equipment & Parts,Industrials,False,Cash,1,Stage 2,Stage 2,Extended Stage 2,0.78,"Advancing structure remains intact, but price is stretched versus key moving averages or far above the 52-week low.",,,2026-10-05,,watchlist,weekly_watchlist,watchlist,43.65,41.2,42.55,10.0,43.65,41.2,52.55,31.05,101.09,895562562.06,"Stage 2, Extended Stage 2, trend_template_ok, volume_dryup, weekly_volume_dryup",80,228,Stage 2,watchlist,weekly_watchlist,36.81,148,15.739999999999995,False,False,False,False,False
CHENNPETRO.NS,Chennai Petroleum Corporation Limited,Oil & Gas Refining & Marketing,Energy,False,Cash,1,Stage 2,Stage 2,Stage 2,0.76,Advancing structure detected.,,,2026-10-05,,watchlist,weekly_watchlist,watchlist,35.3,24.8,30.57,5.0,35.3,24.8,35.57,28.88,56.07,2892098801.83,"Stage 2, Stage 2, trend_template_ok, volume_dryup, weekly_volume_dryup",257,403,Stage 2,watchlist,weekly_watchlist,24.93,146,10.64,False,False,False,False,False
KANSAINER.NS,Kansai Nerolac Paints Limited,Specialty Chemicals,Basic Materials,False,Cash,1,Stage 4,Stage 4,Stage 4 - Confirmed Downtrend,0.86,Price is below a bearish moving-average stack with falling trend signals.,,,,,watchlist,weekly_watchlist,watchlist,0.0,35.8,16.11,10.0,0.0,35.8,26.11,-3.64,1.32,40893941.34,"Stage 4, Stage 4 - Confirmed Downtrend, weekly_vcp_ok, volume_dryup, weekly_strong, downtrend",375,513,Stage 4,watchlist,weekly_watchlist,21.11,138,5.0,False,False,False,False,False
RADICO.NS,Radico Khaitan Limited,Consumer Defensive,Consumer Defensive,False,Cash,1,Stage 2,Stage 2,Early Stage 2,0.72,"Price has moved above long-term structure, but the full moving-average stack is not clean yet.",,,2026-10-05,,watchlist,weekly_watchlist,watchlist,34.38,38.24,36.12,0.0,34.38,38.24,36.12,14.36,60.04,1171254996.32,"Stage 2, Early Stage 2",249,384,Stage 2,watchlist,weekly_watchlist,25.77,135,10.349999999999998,False,False,False,False,False
NOCIL.NS,NOCIL Limited,Specialty Chemicals,Basic Materials,False,Cash,1,Stage 2 Failed,Stage 1,Failed Stage 2,0.72,"This stock was recently Stage 2, but the latest structure no longer satisfies Stage 2 rules. It is kept as Stage 2 Failed until a fresh base/repair structure forms.",Recent Stage 2 break; public stage held as Stage 2 Failed.,2026-10-06,2026-09-28,,watchlist,weekly_watchlist,watchlist,5.54,12.04,8.46,10.0,5.54,12.04,18.46,2.12,4.29,448801685.43,"Stage 1, Stage 1 - Base/Repair, weekly_volume_dryup, stage1_not_actionable, stage1_needs_more_base | Stage 2 failed state applied from stage memory.",580,713,Stage 2 Failed,watchlist,weekly_watchlist,13.75,133,4.710000000000001,False,False,False,False,False
SHAILY.NS,Shaily Engineering Plastics Limited,Specialty Chemicals,Basic Materials,False,Cash,1,Stage 2,Stage 2,Early Stage 2,0.72,"Price has moved above long-term structure, but the full moving-average stack is not clean yet.",,,2026-10-05,,watchlist,weekly_watchlist,watchlist,22.1,24.68,23.26,10.0,22.1,24.68,33.26,18.91,59.93,492493249.78,"Stage 2, Early Stage 2, volume_dryup, weekly_volume_dryup",281,413,Stage 2,watchlist,weekly_watchlist,24.44,132,8.819999999999997,False,False,False,False,False
TRENT.NS,Trent Limited,Consumer Cyclical,Consumer Cyclical,True,F&O,1,Not Sure,Not Sure,Not Sure,0.0,Stage rules did not identify a reliable structure.,No confident stage classification.,,,,watchlist,weekly_watchlist,watchlist,4.7,13.42,8.62,2.0,4.7,13.42,10.62,4.74,13.48,2703640766.41,"Not Sure, Not Sure",739,870,Stage 4,watchlist,weekly_watchlist,2.0,131,8.62,False,False,False,False,False
DDEVPLSTIK.NS,Ddev Plastiks Industries Limited,Specialty Chemicals,Basic Materials,False,Cash,1,Stage 4,Stage 4,Stage 4 - Weak/Declining,0.72,Price is below long-term support with weak trend evidence.,,,2026-07-28,,watchlist,weekly_watchlist,watchlist,0.0,36.45,16.4,10.0,0.0,36.45,26.4,-4.78,11.27,22112973.83,"Stage 4, Stage 4 - Weak/Declining, weekly_vcp_ok, volume_dryup, weekly_volume_dryup, weekly_strong, downtrend",360,491,Stage 4,watchlist,weekly_watchlist,21.63,131,4.77,False,False,False,False,False
RESPONIND.NS,Responsive Industries Limited,Specialty Chemicals,Basic Materials,False,Cash,1,Stage 4,Stage 4,Stage 4 - Confirmed Downtrend,0.86,Price is below a bearish moving-average stack with falling trend signals.,,,2026-07-20,,watchlist,weekly_watchlist,watchlist,0.0,35.83,16.12,10.0,0.0,35.83,26.12,-13.19,13.52,234465602.18,"Stage 4, Stage 4 - Confirmed Downtrend, weekly_vcp_ok, volume_dryup, weekly_volume_dryup, weekly_strong, downtrend",367,498,Stage 4,watchlist,weekly_watchlist,21.5,131,4.620000000000001,False,False,False,False,False
NITINSPIN.NS,Nitin Spinners Limited,Textile Manufacturing,Consumer Cyclical,False,Cash,1,Stage 2,Stage 2,Clean Stage 2,0.9,"Price is above rising key averages, weekly structure is supportive, and the stock is near its 52-week high.",,,2026-10-05,,watchlist,weekly_watchlist,watchlist,40.38,32.26,36.73,10.0,40.38,32.26,46.73,17.4,57.18,65201676.43,"Stage 2, Clean Stage 2, trend_template_ok, volume_dryup, weekly_volume_dryup",139,263,Stage 2,watchlist,weekly_watchlist,33.19,124,13.54,False,False,False,False,False
ASTRAMICRO.NS,Astra Microwave Products Limited,Communication Equipment,Technology,False,Cash,1,Stage 2 Failed,Stage 3,Failed Stage 2,0.72,"This stock was recently Stage 2, but the latest structure no longer satisfies Stage 2 rules. It is kept as Stage 2 Failed until a fresh base/repair structure forms.",Recent Stage 2 break; public stage held as Stage 2 Failed.,2026-10-06,2026-09-15,,watchlist,weekly_watchlist,watchlist,26.38,9.18,18.64,10.0,26.38,9.18,28.64,-0.66,68.44,463571354.7,"Stage 3, Stage 3 - Transition, volume_dryup, weekly_volume_dryup, distribution_risk | Stage 2 failed state applied from stage memory.",327,451,Stage 2 Failed,watchlist,weekly_watchlist,23.14,124,5.5,False,False,False,False,False
BALRAMCHIN.NS,Balrampur Chini Mills Limited,Consumer Defensive,Consumer Defensive,False,Cash,1,Stage 2,Stage 2,Clean Stage 2,0.9,"Price is above rising key averages, weekly structure is supportive, and the stock is near its 52-week high.",,,2026-10-05,,watchlist,weekly_forming,watchlist,40.0,65.08,51.29,0.0,40.0,65.08,51.29,26.57,46.22,814729763.98,"Stage 2, Clean Stage 2, trend_template_ok, weekly_vcp_ok, volume_dryup, weekly_volume_dryup, weekly_strong",93,215,Stage 2,watchlist,weekly_forming,37.86,122,13.43,False,False,False,False,False
ALKYLAMINE.NS,Alkyl Amines Chemicals Limited,Specialty Chemicals,Basic Materials,False,Cash,1,Stage 2,Stage 2,Stage 2,0.76,Advancing structure detected.,,,2026-10-05,,watchlist,weekly_watchlist,watchlist,42.06,33.26,38.1,10.0,42.06,33.26,48.1,4.95,43.62,373407597.22,"Stage 2, Stage 2",127,244,Stage 2,watchlist,weekly_watchlist,34.66,117,13.440000000000005,False,False,False,False,False
KIRLPNU.NS,Kirloskar Pneumatic Company Limited,Specialty Industrial Machinery,Industrials,False,Cash,1,Not Sure,Not Sure,Not Sure,0.0,Stage rules did not identify a reliable structure.,No confident stage classification.,,2026-07-22,,watchlist,weekly_watchlist,watchlist,5.36,8.05,6.57,10.0,5.36,8.05,16.57,-13.91,22.42,90355197.21,"Not Sure, Not Sure, volume_dryup, weekly_volume_dryup",638,755,Stage 4,watchlist,weekly_watchlist,10.0,117,6.57,False,False,False,False,False
APOLLO.NS,Apollo Micro Systems Limited,Aerospace & Defense,Industrials,False,Cash,1,Stage 2 Failed,Stage 1,Failed Stage 2,0.72,"This stock was recently Stage 2, but the latest structure no longer satisfies Stage 2 rules. It is kept as Stage 2 Failed until a fresh base/repair structure forms.",Recent Stage 2 break; public stage held as Stage 2 Failed.,2026-10-06,2026-09-22,,watchlist,weekly_watchlist,watchlist,0.36,18.0,8.3,10.0,0.36,18.0,18.3,4.5,76.47,2699313542.25,"Stage 1, Stage 1 - Unclear/Repair, volume_dryup, weekly_volume_dryup, stage1_not_actionable, stage1_needs_more_base | Stage 2 failed state applied from stage memory.",584,701,Stage 2 Failed,watchlist,weekly_watchlist,15.22,117,3.08,False,False,False,False,False
STARHEALTH.NS,Star Health and Allied Insurance Company Limited,Insurance - Life,Financial Services,False,Cash,1,Stage 2 Failed,Stage 3,Failed Stage 2,0.72,"This stock was recently Stage 2, but the latest structure no longer satisfies Stage 2 rules. It is kept as Stage 2 Failed until a fresh base/repair structure forms.",Recent Stage 2 break; public stage held as Stage 2 Failed.,2026-10-06,2026-09-15,,watchlist,weekly_watchlist,watchlist,6.16,6.96,6.52,0.0,6.16,6.96,6.52,-4.11,17.74,625243039.35,"Stage 3, Stage 3 - Distribution/Damage, distribution_risk | Stage 2 failed state applied from stage memory.",794,909,Stage 2 Failed,watchlist,weekly_watchlist,0.0,115,6.52,False,False,False,False,False
TIMETECHNO.NS,Time Technoplast Limited,Consumer Cyclical,Consumer Cyclical,False,Cash,1,Stage 3,Stage 3,Stage 3 - Distribution/Damage,0.76,"Prior strength exists, but short-term and/or weekly structure is deteriorating.",,,2026-08-20,,watchlist,weekly_watchlist,watchlist,11.07,41.47,24.75,2.0,11.07,41.47,26.75,4.77,0.95,420742256.69,"Stage 3, Stage 3 - Distribution/Damage, weekly_vcp_ok, weekly_volume_dryup, weekly_strong, distribution_risk",350,465,Stage 4,watchlist,weekly_watchlist,22.4,115,4.350000000000001,False,False,False,False,False
PCBL.NS,PCBL Chemical Limited,Specialty Chemicals,Basic Materials,False,Cash,1,Stage 2,Stage 2,Stage 2,0.76,Advancing structure detected.,,,2026-10-05,,forming_vcp,weekly_watchlist,watchlist,54.24,19.24,38.49,10.0,54.24,19.24,48.49,11.97,24.42,465310226.85,"Stage 2, Stage 2, trend_template_ok, daily_vcp_ok, volume_dryup, weekly_volume_dryup",124,235,Stage 2,watchlist,weekly_watchlist,36.02,111,12.469999999999999,False,False,False,False,False
ABDL.NS,Allied Blenders and Distillers Limited,Consumer Defensive,Consumer Defensive,False,Cash,1,Stage 2,Stage 2,Clean Stage 2,0.9,"Price is above rising key averages, weekly structure is supportive, and the stock is near its 52-week high.",,,2026-10-05,,watchlist,weekly_watchlist,watchlist,61.0,29.12,46.65,0.0,61.0,29.12,46.65,11.84,55.34,802803325.32,"Stage 2, Clean Stage 2, trend_template_ok",142,251,Stage 2,watchlist,weekly_watchlist,33.92,109,12.729999999999997,False,False,False,False,False
VIJAYA.NS,Vijaya Diagnostic Centre Limited,Diagnostics & Research,Healthcare,False,Cash,1,Stage 2,Stage 2,Messy Stage 2,0.64,"Long-term structure is still constructive, but the short-term/weekly structure is not clean.",,,2026-10-05,,watchlist,weekly_watchlist,watchlist,38.54,32.17,35.67,10.0,38.54,32.17,45.67,11.23,50.43,219934927.98,"Stage 2, Messy Stage 2, trend_template_ok, volume_dryup, weekly_volume_dryup",150,259,Stage 2,watchlist,weekly_watchlist,33.36,109,12.310000000000002,False,False,False,False,False
TIRUMALCHM.NS,Thirumalai Chemicals Limited,Specialty Chemicals,Basic Materials,False,Cash,1,Stage 4,Stage 4,Stage 4 - Confirmed Downtrend,0.86,Price is below a bearish moving-average stack with falling trend signals.,,,,,watchlist,weekly_watchlist,watchlist,4.4,36.9,19.03,10.0,4.4,36.9,29.03,-6.68,-21.67,70117774.26,"Stage 4, Stage 4 - Confirmed Downtrend, weekly_vcp_ok, weekly_volume_dryup, weekly_strong, downtrend",319,428,Stage 4,watchlist,weekly_watchlist,23.84,109,5.190000000000001,False,False,False,False,False
ATUL.NS,Atul Limited,Specialty Chemicals,Basic Materials,False,Cash,1,Stage 1,Stage 1,Stage 1 - Unclear/Repair,0.58,Not enough evidence for Stage 2 or Stage 4; classified as repair/unclear structure.,,,2026-07-03,,watchlist,weekly_watchlist,watchlist,0.0,41.8,18.81,10.0,0.0,41.8,28.81,1.32,-3.58,171378899.07,"Stage 1, Stage 1 - Unclear/Repair, weekly_vcp_ok, volume_dryup, weekly_volume_dryup, weekly_strong, stage1_not_actionable, stage1_needs_more_base",325,431,Stage 1,watchlist,weekly_watchlist,23.81,106,5.0,False,False,False,False,False
DIACABS.NS,Diamond Power Infrastructure Limited,Specialty Industrial Machinery,Industrials,False,Cash,1,Stage 2,Stage 2,Extended Stage 2,0.78,"Advancing structure remains intact, but price is stretched versus key moving averages or far above the 52-week low.",,,2026-10-05,,watchlist,weekly_watchlist,watchlist,41.99,23.6,33.71,10.0,41.99,23.6,43.71,58.6,169.49,300786264.58,"Stage 2, Extended Stage 2, trend_template_ok, volume_dryup, weekly_volume_dryup",172,275,Stage 2,watchlist,weekly_watchlist,31.87,103,11.84,False,False,False,False,False
JKCEMENT.NS,JK Cement Limited,Building Materials,Basic Materials,False,Cash,1,Stage 4,Stage 4,Stage 4 - Confirmed Downtrend,0.86,Price is below a bearish moving-average stack with falling trend signals.,,,,,watchlist,weekly_watchlist,watchlist,0.0,22.1,9.95,0.0,0.0,22.1,9.95,-3.06,-12.12,279412354.02,"Stage 4, Stage 4 - Confirmed Downtrend, weekly_vcp_ok, downtrend",756,856,Stage 4,watchlist,weekly_watchlist,2.79,100,7.159999999999999,False,False,False,False,False
KRISHANA.NS,Krishana Phoschem Limited,Agricultural Inputs,Basic Materials,False,Cash,1,Stage 2,Stage 2,Clean Stage 2,0.9,"Price is above rising key averages, weekly structure is supportive, and the stock is near its 52-week high.",,,2026-10-05,,watchlist,weekly_watchlist,watchlist,44.87,31.6,38.9,0.0,44.87,31.6,38.9,44.81,70.19,146434199.97,"Stage 2, Clean Stage 2, trend_template_ok",223,322,Stage 2,watchlist,weekly_watchlist,28.63,99,10.27,False,False,False,False,False
NAUKRI.NS,Info Edge (India) Limited,Communication Services,Communication Services,True,F&O,1,Stage 2 Failed,Not Sure,Failed Stage 2,0.72,"This stock was recently Stage 2, but the latest structure no longer satisfies Stage 2 rules. It is kept as Stage 2 Failed until a fresh base/repair structure forms.",Recent Stage 2 break; public stage held as Stage 2 Failed.,2026-10-06,2026-09-23,,watchlist,weekly_watchlist,watchlist,6.52,49.27,25.76,5.0,6.52,49.27,30.76,8.21,26.46,1797553006.24,"Not Sure, Not Sure, weekly_vcp_ok, weekly_strong | Stage 2 failed state applied from stage memory.",305,401,Stage 2 Failed,watchlist,weekly_watchlist,25.0,96,5.760000000000002,False,False,False,False,False
XPROINDIA.NS,Xpro India Limited,Specialty Chemicals,Basic Materials,False,Cash,1,Stage 2 Failed,Stage 3,Failed Stage 2,0.72,"This stock was recently Stage 2, but the latest structure no longer satisfies Stage 2 rules. It is kept as Stage 2 Failed until a fresh base/repair structure forms.",Recent Stage 2 break; public stage held as Stage 2 Failed.,2026-10-06,2026-09-25,,watchlist,weekly_watchlist,watchlist,0.0,39.8,17.91,10.0,0.0,39.8,27.91,-16.1,3.1,62739488.27,"Stage 3, Stage 3 - Distribution/Damage, weekly_vcp_ok, volume_dryup, weekly_volume_dryup, weekly_strong, distribution_risk | Stage 2 failed state applied from stage memory.",336,432,Stage 2 Failed,watchlist,weekly_watchlist,23.81,96,4.100000000000001,False,False,False,False,False
VMART.NS,V-Mart Retail Limited,Consumer Cyclical,Consumer Cyclical,False,Cash,1,Stage 2,Stage 2,Early Stage 2,0.72,"Price has moved above long-term structure, but the full moving-average stack is not clean yet.",,,2026-10-05,,watchlist,weekly_watchlist,watchlist,18.35,20.16,19.16,2.0,18.35,20.16,21.16,6.49,27.13,63720864.88,"Stage 2, Early Stage 2",503,598,Stage 2,watchlist,weekly_watchlist,18.14,95,3.0199999999999996,False,False,False,False,False
JSWENERGY.NS,JSW Energy Limited,Utilities,Utilities,True,F&O,1,Stage 4,Stage 4,Stage 4 - Weak/Declining,0.72,Price is below long-term support with weak trend evidence.,,,2026-08-27,,watchlist,weekly_watchlist,watchlist,14.77,33.8,23.33,0.0,14.77,33.8,23.33,-5.95,-1.72,782625626.04,"Stage 4, Stage 4 - Weak/Declining, weekly_vcp_ok, weekly_strong, downtrend",436,531,Stage 4,watchlist,weekly_watchlist,20.71,95,2.6199999999999974,False,False,False,False,False
AARTIIND.NS,Aarti Industries Limited,Specialty Chemicals,Basic Materials,False,Cash,1,Stage 2 Failed,Stage 3,Failed Stage 2,0.72,"This stock was recently Stage 2, but the latest structure no longer satisfies Stage 2 rules. It is kept as Stage 2 Failed until a fresh base/repair structure forms.",Recent Stage 2 break; public stage held as Stage 2 Failed.,2026-10-06,2026-09-25,,watchlist,weekly_watchlist,watchlist,0.89,2.23,1.49,10.0,0.89,2.23,11.49,7.66,14.61,243418117.0,"Stage 3, Stage 3 - Transition, volume_dryup, weekly_volume_dryup, distribution_risk | Stage 2 failed state applied from stage memory.",725,818,Stage 2 Failed,watchlist,weekly_watchlist,5.78,93,5.71,False,False,False,False,False
ACUTAAS.NS,Acutaas Chemicals Limited,Specialty Chemicals,Basic Materials,False,Cash,1,Stage 2 Failed,Stage 3,Failed Stage 2,0.72,"This stock was recently Stage 2, but the latest structure no longer satisfies Stage 2 rules. It is kept as Stage 2 Failed until a fresh base/repair structure forms.",Recent Stage 2 break; public stage held as Stage 2 Failed.,2026-10-06,2026-09-30,,watchlist,weekly_watchlist,watchlist,11.72,1.83,7.27,10.0,11.72,1.83,17.27,-2.48,32.82,1171327907.03,"Stage 3, Stage 3 - Distribution/Damage, weekly_volume_dryup, distribution_risk | Stage 2 failed state applied from stage memory.",614,707,Stage 2 Failed,watchlist,weekly_watchlist,14.61,93,2.66,False,False,False,False,False
VINATIORGA.NS,Vinati Organics Limited,Specialty Chemicals,Basic Materials,False,Cash,1,Stage 4,Stage 4,Stage 4 - Confirmed Downtrend,0.86,Price is below a bearish moving-average stack with falling trend signals.,,,,,watchlist,weekly_watchlist,watchlist,7.46,36.9,20.71,10.0,7.46,36.9,30.71,-6.29,-0.94,65670290.99,"Stage 4, Stage 4 - Confirmed Downtrend, weekly_vcp_ok, volume_dryup, weekly_volume_dryup, weekly_strong, downtrend",306,396,Stage 4,watchlist,weekly_watchlist,25.11,90,5.600000000000001,False,False,False,False,False
VISHNU.NS,Vishnu Chemicals Limited,Specialty Chemicals,Basic Materials,False,Cash,1,Stage 2,Stage 2,Clean Stage 2,0.9,"Price is above rising key averages, weekly structure is supportive, and the stock is near its 52-week high.",,,2026-10-05,,watchlist,weekly_watchlist,watchlist,40.81,29.23,35.6,10.0,40.81,29.23,45.6,20.4,35.89,71418284.06,"Stage 2, Clean Stage 2, trend_template_ok, volume_dryup",152,241,Stage 2,watchlist,weekly_watchlist,35.03,89,10.57,False,False,False,False,False
VOLTAS.NS,Voltas Limited,"Furnishings, Fixtures & Appliances",Consumer Cyclical,True,F&O,1,Stage 4,Stage 4,Stage 4 - Confirmed Downtrend,0.86,Price is below a bearish moving-average stack with falling trend signals.,,,,,watchlist,weekly_watchlist,watchlist,13.85,36.9,24.22,0.0,13.85,36.9,24.22,-11.24,-17.74,841224987.46,"Stage 4, Stage 4 - Confirmed Downtrend, weekly_vcp_ok, weekly_strong, downtrend",411,500,Stage 4,watchlist,weekly_watchlist,21.47,89,2.75,False,False,False,False,False
BALMLAWRIE.NS,Balmer Lawrie & Company Limited,Conglomerates,Industrials,False,Cash,1,Stage 4,Stage 4,Stage 4 - Weak/Declining,0.72,Price is below long-term support with weak trend evidence.,,,2026-09-07,,watchlist,weekly_watchlist,watchlist,0.0,35.8,16.11,2.0,0.0,35.8,18.11,-3.21,-3.37,21476451.41,"Stage 4, Stage 4 - Weak/Declining, weekly_vcp_ok, volume_dryup, weekly_volume_dryup, weekly_strong, downtrend",599,687,Stage 4,watchlist,weekly_watchlist,16.11,88,2.0,False,False,False,False,False
PREMEXPLN.NS,Premier Explosives Limited,Specialty Chemicals,Basic Materials,False,Cash,1,Stage 2,Stage 2,Stage 2,0.76,Advancing structure detected.,,,2026-10-05,,watchlist,weekly_watchlist,watchlist,28.72,31.04,29.76,10.0,28.72,31.04,39.76,0.65,49.77,156109546.53,"Stage 2, Stage 2",210,297,Stage 2,watchlist,weekly_watchlist,30.11,87,9.649999999999999,False,False,False,False,False
SHANTIGEAR.NS,Shanthi Gears Limited,Specialty Industrial Machinery,Industrials,False,Cash,1,Stage 2,Stage 2,Stage 2,0.76,Advancing structure detected.,,,2026-10-05,,watchlist,weekly_watchlist,watchlist,41.38,35.53,38.75,10.0,41.38,35.53,48.75,41.53,31.77,110645069.25,"Stage 2, Stage 2, trend_template_ok, volume_dryup, weekly_volume_dryup",123,207,Stage 2,watchlist,weekly_watchlist,38.48,84,10.270000000000003,False,False,False,False,False
DEEPAKNTR.NS,Deepak Nitrite Limited,Chemicals,Basic Materials,False,Cash,1,Stage 2 Failed,Stage 1,Failed Stage 2,0.72,"This stock was recently Stage 2, but the latest structure no longer satisfies Stage 2 rules. It is kept as Stage 2 Failed until a fresh base/repair structure forms.",Recent Stage 2 break; public stage held as Stage 2 Failed.,2026-10-06,2026-09-23,,watchlist,weekly_watchlist,watchlist,0.0,42.61,19.17,5.0,0.0,42.61,24.17,-0.01,8.09,298225584.58,"Stage 1, Stage 1 - Base/Repair, weekly_vcp_ok, volume_dryup, weekly_volume_dryup, weekly_strong, stage1_not_actionable, stage1_needs_more_base | Stage 2 failed state applied from stage memory.",413,496,Stage 2 Failed,watchlist,weekly_watchlist,21.57,83,2.6000000000000014,False,False,False,False,False
JSWSTEEL.NS,JSW Steel Limited,Steel,Basic Materials,True,F&O,1,Stage 2 Failed,Stage 1,Failed Stage 2,0.72,"This stock was recently Stage 2, but the latest structure no longer satisfies Stage 2 rules. It is kept as Stage 2 Failed until a fresh base/repair structure forms.",Recent Stage 2 break; public stage held as Stage 2 Failed.,2026-10-06,2026-09-30,,watchlist,weekly_watchlist,watchlist,0.0,50.98,22.94,5.0,0.0,50.98,27.94,5.77,6.04,1665923642.16,"Stage 1, Stage 1 - Base/Repair, weekly_vcp_ok, weekly_strong, stage1_not_actionable, stage1_needs_more_base | Stage 2 failed state applied from stage memory.",334,416,Stage 2 Failed,watchlist,weekly_watchlist,24.35,82,3.59,False,False,False,False,False
MTARTECH.NS,Mtar Technologies Limited,Specialty Industrial Machinery,Industrials,False,Cash,1,Stage 2,Stage 2,Clean Stage 2,0.9,"Price is above rising key averages, weekly structure is supportive, and the stock is near its 52-week high.",,,2026-10-05,,watchlist,weekly_near_pivot,watchlist,35.62,73.8,52.8,10.0,35.62,73.8,62.8,15.87,85.76,933463378.38,"Stage 2, Clean Stage 2, trend_template_ok, weekly_vcp_ok, weekly_strong",30,111,Stage 2,watchlist,weekly_watchlist,48.18,81,14.619999999999997,False,False,False,False,False
HONASA.NS,Honasa Consumer Limited,Household & Personal Products,Consumer Defensive,False,Cash,1,Stage 2,Stage 2,Stage 2,0.76,Advancing structure detected.,,,2026-10-05,,watchlist,weekly_watchlist,watchlist,43.15,28.92,36.75,2.0,43.15,28.92,38.75,7.56,45.65,1399957713.94,"Stage 2, Stage 2",225,306,Stage 2,watchlist,weekly_watchlist,29.68,81,9.07,False,False,False,False,False
PERSISTENT.NS,Persistent Systems Limited,Information Technology Services,Technology,True,F&O,1,Not Sure,Stage 1,Pending Stage 1,0.55,Blocked public stage jump Stage 3 -> Stage 1; waiting for intermediate/confirmed structure.,Blocked public stage jump Stage 3 -> Stage 1; waiting for intermediate/confirmed structure.,,2026-08-17,Stage 1,watchlist,weekly_watchlist,watchlist,0.0,10.61,4.77,2.0,0.0,10.61,6.77,14.25,3.86,2161644208.72,"Stage 1, Stage 1 - Early Turn, volume_dryup, weekly_volume_dryup, stage1_not_actionable, stage1_needs_more_base | Blocked public stage jump Stage 3 -> Stage 1; waiting for intermediate/confirmed structure.",787,868,Stage 3,watchlist,weekly_watchlist,2.35,81,4.42,False,False,False,False,False
JSWHL.NS,JSW Holdings Limited,Conglomerates,Industrials,False,Cash,1,Stage 4,Stage 4,Stage 4 - Confirmed Downtrend,0.86,Price is below a bearish moving-average stack with falling trend signals.,,,,,watchlist,weekly_watchlist,watchlist,9.1,36.9,21.61,2.0,9.1,36.9,23.61,4.62,-11.79,84023844.35,"Stage 4, Stage 4 - Confirmed Downtrend, weekly_vcp_ok, weekly_strong, downtrend",431,512,Stage 4,watchlist,weekly_watchlist,21.11,81,2.5,False,False,False,False,False
CAPLIPOINT.NS,Caplin Point Laboratories Limited,Drug Manufacturers - Specialty & Generic,Healthcare,False,Cash,1,Stage 2,Stage 2,Clean Stage 2,0.9,"Price is above rising key averages, weekly structure is supportive, and the stock is near its 52-week high.",,,2026-10-05,,watchlist,weekly_watchlist,watchlist,56.83,23.77,41.95,10.0,56.83,23.77,51.95,7.01,62.64,535368714.96,"Stage 2, Clean Stage 2, trend_template_ok, weekly_volume_dryup",86,166,Stage 2,watchlist,weekly_watchlist,42.34,80,9.61,False,False,False,False,False
WSTCSTPAPR.NS,West Coast Paper Mills Limited,Basic Materials,Basic Materials,False,Cash,1,Stage 2,Stage 2,Extended Stage 2,0.78,"Advancing structure remains intact, but price is stretched versus key moving averages or far above the 52-week low.",,,2026-10-05,,watchlist,weekly_watchlist,watchlist,66.66,30.4,50.34,0.0,66.66,30.4,50.34,42.88,65.91,175182588.26,"Stage 2, Extended Stage 2, trend_template_ok, volume_dryup, weekly_volume_dryup",106,185,Stage 2,watchlist,weekly_watchlist,40.72,79,9.620000000000005,False,False,False,False,False
VENTIVE.NS,Ventive Hospitality Limited,Lodging,Consumer Cyclical,False,Cash,1,Stage 4,Stage 4,Stage 4 - Confirmed Downtrend,0.86,Price is below a bearish moving-average stack with falling trend signals.,,,,,watchlist,weekly_watchlist,watchlist,5.2,35.8,18.97,2.0,5.2,35.8,20.97,-0.51,-1.74,19566686.53,"Stage 4, Stage 4 - Confirmed Downtrend, weekly_vcp_ok, weekly_strong, downtrend",515,594,Stage 4,watchlist,weekly_watchlist,18.38,79,2.59,False,False,False,False,False
LUPIN.NS,Lupin Limited,Drug Manufacturers - Specialty & Generic,Healthcare,True,F&O,1,Stage 4,Stage 4,Stage 4 - Weak/Declining,0.72,Price is below long-term support with weak trend evidence.,,,2026-08-10,,watchlist,weekly_watchlist,watchlist,12.1,1.6,7.38,10.0,12.1,1.6,17.38,-13.72,-11.58,1379738675.82,"Stage 4, Stage 4 - Weak/Declining, volume_dryup, downtrend",612,691,Stage 4,watchlist,weekly_watchlist,15.95,79,1.4299999999999997,False,False,False,False,False
FLUOROCHEM.NS,Gujarat Fluorochemicals Limited,Specialty Chemicals,Basic Materials,False,Cash,1,Stage 2,Stage 2,Early Stage 2,0.72,"Price has moved above long-term structure, but the full moving-average stack is not clean yet.",,,2026-10-05,,watchlist,weekly_near_pivot,watchlist,24.55,72.77,46.25,10.0,24.55,72.77,56.25,20.84,37.85,461882040.2,"Stage 2, Early Stage 2, weekly_vcp_ok, volume_dryup, weekly_volume_dryup, weekly_strong",59,137,Stage 2,watchlist,weekly_forming,46.15,78,10.100000000000001,False,False,False,False,False
ADVENZYMES.NS,Advanced Enzyme Technologies Limited,Specialty Chemicals,Basic Materials,False,Cash,1,Stage 4,Stage 4,Stage 4 - Weak/Declining,0.72,Price is below long-term support with weak trend evidence.,,,2026-07-13,,watchlist,weekly_watchlist,watchlist,8.28,0.0,4.55,10.0,8.28,0.0,14.55,-12.22,-7.52,57494880.57,"Stage 4, Stage 4 - Weak/Declining, volume_dryup, weekly_volume_dryup, downtrend",696,774,Stage 4,watchlist,weekly_watchlist,8.59,78,5.960000000000001,False,False,False,False,False
BERGEPAINT.NS,Berger Paints (I) Limited,Specialty Chemicals,Basic Materials,False,Cash,1,Stage 4,Stage 4,Stage 4 - Weak/Declining,0.72,Price is below long-term support with weak trend evidence.,,,2026-08-28,,watchlist,weekly_watchlist,watchlist,0.0,0.0,0.0,10.0,0.0,0.0,10.0,0.43,5.71,189198965.58,"Stage 4, Stage 4 - Weak/Declining, downtrend",749,827,Stage 4,watchlist,weekly_watchlist,5.0,78,5.0,False,False,False,False,False
LINDEINDIA.NS,Linde India Limited,Specialty Chemicals,Basic Materials,False,Cash,1,Stage 4,Stage 4,Stage 4 - Weak/Declining,0.72,Price is below long-term support with weak trend evidence.,,,2026-08-10,,watchlist,weekly_watchlist,watchlist,0.0,3.2,1.44,10.0,0.0,3.2,11.44,-7.17,-13.45,161042497.62,"Stage 4, Stage 4 - Weak/Declining, downtrend",727,805,Stage 4,watchlist,weekly_watchlist,6.44,78,4.999999999999999,False,False,False,False,False
TSFINV.NS,TSF INVESTMENTS LIMITED,Asset Management,Financial Services,False,Cash,1,Not Sure,Not Sure,Not Sure,0.0,Stage rules did not identify a reliable structure.,No confident stage classification.,,,,watchlist,weekly_watchlist,watchlist,0.0,8.65,3.89,0.0,0.0,8.65,3.89,-7.18,9.67,47811000.44,"Not Sure, Not Sure",837,914,Stage 4,watchlist,weekly_watchlist,0.0,77,3.89,False,False,False,False,False
JAIBALAJI.NS,Jai Balaji Industries Limited,Steel,Basic Materials,False,Cash,1,Not Sure,Stage 1,Pending Stage 1,0.55,Blocked public stage jump Stage 4 -> Stage 1; waiting for intermediate/confirmed structure.,Blocked public stage jump Stage 4 -> Stage 1; waiting for intermediate/confirmed structure.,,,Stage 1,watchlist,weekly_watchlist,watchlist,7.12,9.49,8.19,5.0,7.12,9.49,13.19,1.68,1.24,34701279.37,"Stage 1, Stage 1 - Unclear/Repair, volume_dryup, weekly_volume_dryup, stage1_not_actionable, stage1_needs_more_base | Blocked public stage jump Stage 4 -> Stage 1; waiting for intermediate/confirmed structure.",705,781,Stage 4,watchlist,weekly_watchlist,7.94,76,5.249999999999999,False,False,False,False,False
RAIN.NS,Rain Industries Limited,Specialty Chemicals,Basic Materials,False,Cash,1,Stage 2,Stage 2,Stage 2,0.76,Advancing structure detected.,,,2026-10-05,,watchlist,weekly_watchlist,watchlist,43.11,34.0,39.01,10.0,43.11,34.0,49.01,7.81,73.01,750952244.0,"Stage 2, Stage 2, volume_dryup, weekly_volume_dryup",120,195,Stage 2,watchlist,weekly_watchlist,39.82,75,9.189999999999998,False,False,False,False,False
JUBLINGREA.NS,Jubilant Ingrevia Limited,Specialty Chemicals,Basic Materials,False,Cash,1,Stage 4,Stage 4,Stage 4 - Weak/Declining,0.72,Price is below long-term support with weak trend evidence.,,,2026-09-09,,watchlist,weekly_watchlist,watchlist,8.2,36.9,21.12,10.0,8.2,36.9,31.12,-5.02,0.58,197734421.48,"Stage 4, Stage 4 - Weak/Declining, weekly_vcp_ok, weekly_strong, downtrend",301,376,Stage 4,watchlist,weekly_watchlist,26.09,75,5.030000000000001,False,False,False,False,False
MAYURUNIQ.NS,Mayur Uniquoters Ltd,Textile Manufacturing,Consumer Cyclical,False,Cash,1,Stage 3,Stage 3,Stage 3 - Transition,0.62,"The structure is transitioning after prior strength, but it is not yet a confirmed Stage 4 decline.",,,2026-08-21,,watchlist,weekly_watchlist,watchlist,19.99,9.64,15.33,10.0,19.99,9.64,25.33,-3.32,39.69,83791230.66,"Stage 3, Stage 3 - Transition, distribution_risk",390,464,Stage 3,watchlist,weekly_watchlist,22.48,74,2.849999999999998,False,False,False,False,False
SWANCORP.NS,SWAN CORP LIMITED,Conglomerates,Industrials,False,Cash,1,Stage 4,Stage 4,Stage 4 - Confirmed Downtrend,0.86,Price is below a bearish moving-average stack with falling trend signals.,,,,,watchlist,weekly_watchlist,watchlist,0.0,35.8,16.11,2.0,0.0,35.8,18.11,-10.66,-16.07,1121502690.36,"Stage 4, Stage 4 - Confirmed Downtrend, weekly_vcp_ok, volume_dryup, weekly_volume_dryup, weekly_strong, downtrend",594,668,Stage 4,watchlist,weekly_watchlist,16.11,74,2.0,False,False,False,False,False
AWL.NS,AWL Agri Business Limited,Packaged Foods,Consumer Defensive,False,Cash,1,Stage 4,Stage 4,Stage 4 - Weak/Declining,0.72,Price is below long-term support with weak trend evidence.,,,,,watchlist,weekly_watchlist,watchlist,11.17,36.53,22.58,2.0,11.17,36.53,24.58,2.49,4.83,357028298.06,"Stage 4, Stage 4 - Weak/Declining, weekly_vcp_ok, weekly_volume_dryup, weekly_strong, downtrend",403,476,Stage 4,watchlist,weekly_watchlist,22.14,73,2.4399999999999977,False,False,False,False,False
ABFRL.NS,Aditya Birla Fashion and Retail Limited,Apparel Manufacturing,Consumer Cyclical,False,Cash,1,Stage 4,Stage 4,Stage 4 - Confirmed Downtrend,0.86,Price is below a bearish moving-average stack with falling trend signals.,,,,,watchlist,weekly_watchlist,watchlist,11.88,35.8,22.64,0.0,11.88,35.8,22.64,-19.26,-25.44,213264580.88,"Stage 4, Stage 4 - Confirmed Downtrend, weekly_vcp_ok, weekly_volume_dryup, weekly_strong, downtrend",454,527,Stage 4,watchlist,weekly_watchlist,20.89,73,1.75,False,False,False,False,False
HDFCLIFE.NS,HDFC Life Insurance Company Limited,Insurance - Life,Financial Services,True,F&O,1,Stage 4,Stage 4,Stage 4 - Weak/Declining,0.72,Price is below long-term support with weak trend evidence.,,,,,watchlist,weekly_watchlist,watchlist,9.22,36.9,21.68,0.0,9.22,36.9,21.68,3.2,-8.81,2769046083.03,"Stage 4, Stage 4 - Weak/Declining, weekly_vcp_ok, weekly_strong, downtrend",485,556,Stage 4,watchlist,weekly_watchlist,19.46,71,2.219999999999999,False,False,False,False,False
BALAMINES.NS,Balaji Amines Limited,Specialty Chemicals,Basic Materials,False,Cash,1,Stage 2,Stage 2,Stage 2,0.76,Advancing structure detected.,,,2026-10-05,,watchlist,weekly_watchlist,watchlist,31.83,23.6,28.13,10.0,31.83,23.6,38.13,-0.64,113.24,598760916.17,"Stage 2, Stage 2",229,296,Stage 2,watchlist,weekly_watchlist,30.17,67,7.960000000000001,False,False,False,False,False
RAYMONDREL.NS,Raymond Realty Limited,Real Estate,Real Estate,False,Cash,1,Stage 2,Stage 2,Stage 2,0.76,Advancing structure detected.,,,2026-10-05,,watchlist,weekly_watchlist,watchlist,21.09,40.95,30.03,2.0,21.09,40.95,32.03,5.75,63.71,1896173169.89,"Stage 2, Stage 2",292,356,Stage 2,watchlist,weekly_watchlist,26.38,64,5.650000000000002,False,False,False,False,False
NESCO.NS,Nesco Limited,Conglomerates,Industrials,False,Cash,1,Stage 4,Stage 4,Stage 4 - Weak/Declining,0.72,Price is below long-term support with weak trend evidence.,,,2026-05-25,,watchlist,weekly_watchlist,watchlist,4.95,36.9,19.33,2.0,4.95,36.9,21.33,-0.45,-6.31,59138508.26,"Stage 4, Stage 4 - Weak/Declining, weekly_vcp_ok, weekly_strong, downtrend",498,562,Stage 4,watchlist,weekly_watchlist,19.33,64,2.0,False,False,False,False,False
ABLBL.NS,Aditya Birla Lifestyle Brands Limited,Consumer Cyclical,Consumer Cyclical,False,Cash,1,Stage 4,Stage 4,Stage 4 - Confirmed Downtrend,0.86,Price is below a bearish moving-average stack with falling trend signals.,,,,,watchlist,weekly_watchlist,watchlist,6.81,35.8,19.86,2.0,6.81,35.8,21.86,-18.4,-27.76,193248573.37,"Stage 4, Stage 4 - Confirmed Downtrend, weekly_vcp_ok, weekly_strong, downtrend",482,543,Stage 4,watchlist,weekly_watchlist,20.07,61,1.7899999999999991,False,False,False,False,False
HDFCBANK.NS,HDFC Bank Limited,Banks - Regional,Financial Services,True,F&O,1,Stage 4,Stage 4,Stage 4 - Confirmed Downtrend,0.86,Price is below a bearish moving-average stack with falling trend signals.,,,,,watchlist,weekly_watchlist,watchlist,0.0,8.8,3.96,2.0,0.0,8.8,5.96,-9.13,-8.16,22028526661.77,"Stage 4, Stage 4 - Confirmed Downtrend, downtrend",807,867,Stage 4,watchlist,weekly_watchlist,2.36,60,3.6,False,False,False,False,False
GRINFRA.NS,G R Infraprojects Limited,Engineering & Construction,Industrials,False,Cash,1,Stage 4,Stage 4,Stage 4 - Confirmed Downtrend,0.86,Price is below a bearish moving-average stack with falling trend signals.,,,,,watchlist,weekly_watchlist,watchlist,4.44,36.9,19.05,0.0,4.44,36.9,19.05,-3.95,-2.38,23952321.6,"Stage 4, Stage 4 - Confirmed Downtrend, weekly_vcp_ok, volume_dryup, weekly_volume_dryup, weekly_strong, downtrend",565,624,Stage 4,watchlist,weekly_watchlist,17.21,59,1.8399999999999999,False,False,False,False,False
ANTHEM.NS,Anthem Biosciences Limited,Biotechnology,Healthcare,False,Cash,1,Stage 2,Stage 2,Messy Stage 2,0.64,"Long-term structure is still constructive, but the short-term/weekly structure is not clean.",,,2026-10-05,,watchlist,weekly_forming,watchlist,58.52,60.37,59.35,5.0,58.52,60.37,64.35,22.6,23.13,697484084.5,"Stage 2, Messy Stage 2, trend_template_ok, weekly_vcp_ok, volume_dryup, weekly_volume_dryup, weekly_strong",22,80,Stage 2,watchlist,weekly_forming,51.84,58,12.509999999999991,False,False,False,False,False
TATVA.NS,Tatva Chintan Pharma Chem Limited,Specialty Chemicals,Basic Materials,False,Cash,1,Stage 2,Stage 2,Clean Stage 2,0.9,"Price is above rising key averages, weekly structure is supportive, and the stock is near its 52-week high.",,,2026-10-05,,watchlist,weekly_watchlist,watchlist,53.5,35.2,45.27,10.0,53.5,35.2,55.27,46.33,55.2,125149733.62,"Stage 2, Clean Stage 2, trend_template_ok, weekly_volume_dryup",64,122,Stage 2,watchlist,weekly_watchlist,47.3,58,7.970000000000006,False,False,False,False,False
BASF.NS,BASF India Limited,Specialty Chemicals,Basic Materials,False,Cash,1,Stage 4,Stage 4,Stage 4 - Weak/Declining,0.72,Price is below long-term support with weak trend evidence.,,,2026-09-08,,watchlist,weekly_watchlist,watchlist,10.63,36.08,22.08,10.0,10.63,36.08,32.08,5.15,-2.35,65514580.13,"Stage 4, Stage 4 - Weak/Declining, weekly_vcp_ok, volume_dryup, weekly_volume_dryup, weekly_strong, downtrend",291,348,Stage 4,watchlist,weekly_watchlist,26.65,57,5.43,False,False,False,False,False
KPRMILL.NS,K.P.R. Mill Limited,Textile Manufacturing,Consumer Cyclical,False,Cash,1,Stage 2 Failed,Stage 1,Failed Stage 2,0.72,"This stock was recently Stage 2, but the latest structure no longer satisfies Stage 2 rules. It is kept as Stage 2 Failed until a fresh base/repair structure forms.",Recent Stage 2 break; public stage held as Stage 2 Failed.,2026-10-06,2026-09-24,,watchlist,weekly_watchlist,watchlist,23.54,4.14,14.81,10.0,23.54,4.14,24.81,4.24,29.11,190684236.37,"Stage 1, Stage 1 - Base/Repair, volume_dryup, weekly_volume_dryup, stage1_not_actionable, stage1_needs_more_base | Stage 2 failed state applied from stage memory.",400,456,Stage 2 Failed,watchlist,weekly_watchlist,22.97,56,1.8399999999999999,False,False,False,False,False
NEOGEN.NS,Neogen Chemicals Limited,Specialty Chemicals,Basic Materials,False,Cash,1,Stage 2,Stage 2,Clean Stage 2,0.9,"Price is above rising key averages, weekly structure is supportive, and the stock is near its 52-week high.",,,2026-10-05,,watchlist,weekly_watchlist,watchlist,39.43,31.6,35.91,10.0,39.43,31.6,45.91,21.19,75.89,521993132.98,"Stage 2, Clean Stage 2, trend_template_ok, volume_dryup, weekly_volume_dryup",146,201,Stage 2,watchlist,weekly_watchlist,39.44,55,6.469999999999999,False,False,False,False,False
JISLJALEQS.NS,Jain Irrigation Systems Limited,Conglomerates,Industrials,False,Cash,1,Stage 4,Stage 4,Stage 4 - Confirmed Downtrend,0.86,Price is below a bearish moving-average stack with falling trend signals.,,,,,watchlist,weekly_watchlist,watchlist,12.2,0.0,6.71,2.0,12.2,0.0,8.71,-12.17,-15.83,82799340.0,"Stage 4, Stage 4 - Confirmed Downtrend, volume_dryup, weekly_volume_dryup, downtrend",768,823,Stage 4,watchlist,weekly_watchlist,5.19,55,3.5200000000000005,False,False,False,False,False
LLOYDSME.NS,Lloyds Metals And Energy Limited,Steel,Basic Materials,False,Cash,1,Stage 2 Failed,Stage 3,Failed Stage 2,0.72,"This stock was recently Stage 2, but the latest structure no longer satisfies Stage 2 rules. It is kept as Stage 2 Failed until a fresh base/repair structure forms.",Recent Stage 2 break; public stage held as Stage 2 Failed.,2026-10-06,2026-09-30,,watchlist,weekly_watchlist,watchlist,0.35,11.54,5.39,5.0,0.35,11.54,10.39,11.11,24.28,741359636.84,"Stage 3, Stage 3 - Transition, distribution_risk | Stage 2 failed state applied from stage memory.",742,796,Stage 2 Failed,watchlist,weekly_watchlist,6.91,54,3.4800000000000004,False,False,False,False,False
CHAMBLFERT.NS,Chambal Fertilizers & Chemicals Limited,Agricultural Inputs,Basic Materials,False,Cash,1,Stage 4,Stage 4,Stage 4 - Confirmed Downtrend,0.86,Price is below a bearish moving-average stack with falling trend signals.,,,2026-07-03,,watchlist,weekly_watchlist,watchlist,9.51,4.0,7.03,0.0,9.51,4.0,7.03,-4.98,-9.33,178883139.11,"Stage 4, Stage 4 - Confirmed Downtrend, weekly_volume_dryup, downtrend",782,836,Stage 4,watchlist,weekly_watchlist,4.9,54,2.13,False,False,False,False,False
AUBANK.NS,AU Small Finance Bank Limited,Banks - Regional,Financial Services,True,F&O,1,Stage 2 Failed,Stage 1,Failed Stage 2,0.72,"This stock was recently Stage 2, but the latest structure no longer satisfies Stage 2 rules. It is kept as Stage 2 Failed until a fresh base/repair structure forms.",Recent Stage 2 break; public stage held as Stage 2 Failed.,2026-10-06,2026-09-30,,watchlist,weekly_watchlist,watchlist,0.0,46.55,20.95,2.0,0.0,46.55,22.95,0.61,5.94,1416786619.13,"Stage 1, Stage 1 - Base/Repair, stage1_base_ready, weekly_vcp_ok, weekly_strong, stage1_not_actionable | Stage 2 failed state applied from stage memory.",446,499,Stage 2 Failed,watchlist,weekly_watchlist,21.48,53,1.4699999999999989,False,False,False,False,False
KIOCL.NS,KIOCL Limited,Steel,Basic Materials,False,Cash,1,Stage 4,Stage 4,Stage 4 - Weak/Declining,0.72,Price is below long-term support with weak trend evidence.,,,,,watchlist,weekly_watchlist,watchlist,7.99,35.8,20.5,5.0,7.99,35.8,25.5,-3.98,-2.89,25153842.54,"Stage 4, Stage 4 - Weak/Declining, weekly_vcp_ok, volume_dryup, weekly_volume_dryup, weekly_strong, downtrend",388,439,Stage 4,watchlist,weekly_watchlist,23.42,51,2.0799999999999983,False,False,False,False,False
MEDPLUS.NS,Medplus Health Services Limited,Healthcare,Healthcare,False,Cash,1,Stage 4,Stage 4,Stage 4 - Confirmed Downtrend,0.86,Price is below a bearish moving-average stack with falling trend signals.,,,2026-06-18,,watchlist,weekly_watchlist,watchlist,0.0,8.8,3.96,5.0,0.0,8.8,8.96,-15.41,-23.04,57238784.63,"Stage 4, Stage 4 - Confirmed Downtrend, volume_dryup, weekly_volume_dryup, downtrend",765,814,Stage 4,watchlist,weekly_watchlist,5.96,49,3.000000000000001,False,False,False,False,False
GULFOILLUB.NS,Gulf Oil Lubricants India Limited,Specialty Chemicals,Basic Materials,False,Cash,1,Stage 2 Failed,Stage 3,Failed Stage 2,0.72,"This stock was recently Stage 2, but the latest structure no longer satisfies Stage 2 rules. It is kept as Stage 2 Failed until a fresh base/repair structure forms.",Recent Stage 2 break; public stage held as Stage 2 Failed.,2026-10-06,2026-09-28,,watchlist,weekly_watchlist,watchlist,0.0,3.62,1.63,10.0,0.0,3.62,11.63,11.69,24.56,47778824.37,"Stage 3, Stage 3 - Transition, volume_dryup, weekly_volume_dryup, distribution_risk | Stage 2 failed state applied from stage memory.",723,772,Stage 2 Failed,watchlist,weekly_watchlist,8.77,49,2.860000000000001,False,False,False,False,False
VIPIND.NS,VIP Industries Limited,Consumer Cyclical,Consumer Cyclical,False,Cash,1,Stage 4,Stage 4,Stage 4 - Weak/Declining,0.72,Price is below long-term support with weak trend evidence.,,,,,watchlist,weekly_watchlist,watchlist,12.54,36.9,23.5,2.0,12.54,36.9,25.5,-0.33,-10.35,86181542.09,"Stage 4, Stage 4 - Weak/Declining, weekly_vcp_ok, volume_dryup, weekly_volume_dryup, weekly_strong, downtrend",387,436,Stage 4,watchlist,weekly_watchlist,23.69,49,1.8099999999999987,False,False,False,False,False
ATGL.NS,Adani Total Gas Limited,Utilities,Utilities,False,Cash,1,Stage 4,Stage 4,Stage 4 - Weak/Declining,0.72,Price is below long-term support with weak trend evidence.,,,2026-08-10,,watchlist,weekly_watchlist,watchlist,5.9,0.0,3.25,0.0,5.9,0.0,3.25,-11.38,2.15,1746024923.32,"Stage 4, Stage 4 - Weak/Declining, volume_dryup, weekly_volume_dryup, downtrend",841,889,Stage 4,watchlist,weekly_watchlist,1.04,48,2.21,False,False,False,False,False
RUSTOMJEE.NS,Keystone Realtors Limited,Real Estate,Real Estate,False,Cash,1,Stage 4,Stage 4,Stage 4 - Confirmed Downtrend,0.86,Price is below a bearish moving-average stack with falling trend signals.,,,,,watchlist,weekly_watchlist,watchlist,5.1,4.0,4.61,2.0,5.1,4.0,6.61,-7.92,-6.32,39398416.63,"Stage 4, Stage 4 - Confirmed Downtrend, volume_dryup, weekly_volume_dryup, downtrend",790,837,Stage 4,watchlist,weekly_watchlist,4.81,47,1.8000000000000007,False,False,False,False,False
PNB.NS,Punjab National Bank,Banks - Regional,Financial Services,True,F&O,1,Stage 1,Stage 1,Stage 1 - Unclear/Repair,0.58,Not enough evidence for Stage 2 or Stage 4; classified as repair/unclear structure.,,,2026-09-08,,watchlist,weekly_watchlist,watchlist,16.09,50.57,31.61,2.0,16.09,50.57,33.61,10.81,4.85,1383835269.78,"Stage 1, Stage 1 - Unclear/Repair, weekly_vcp_ok, weekly_volume_dryup, weekly_strong, stage1_not_actionable, stage1_needs_more_base",276,320,Stage 1,watchlist,weekly_watchlist,28.85,44,4.759999999999998,False,False,False,False,False
INOXGREEN.NS,Inox Green Energy Services Limited,Utilities - Renewable,Utilities,False,Cash,1,Stage 4,Stage 4,Stage 4 - Confirmed Downtrend,0.86,Price is below a bearish moving-average stack with falling trend signals.,,,2026-07-07,,watchlist,weekly_watchlist,watchlist,5.7,0.0,3.14,0.0,5.7,0.0,3.14,-18.88,-7.57,235883342.93,"Stage 4, Stage 4 - Confirmed Downtrend, downtrend",846,890,Stage 4,watchlist,weekly_watchlist,1.04,44,2.1,False,False,False,False,False
DEEPAKFERT.NS,Deepak Fertilizers and Petrochemicals Corporation Limited,Chemicals,Basic Materials,False,Cash,1,Stage 3,Stage 3,Stage 3 - Distribution/Damage,0.76,"Prior strength exists, but short-term and/or weekly structure is deteriorating.",,,2026-08-28,,watchlist,weekly_watchlist,watchlist,0.58,3.58,1.93,5.0,0.58,3.58,6.93,-5.14,28.96,323051672.1,"Stage 3, Stage 3 - Distribution/Damage, distribution_risk",785,829,Stage 3,watchlist,weekly_watchlist,5.0,44,1.9299999999999997,False,False,False,False,False
ANGELONE.NS,Angel One Limited,Capital Markets,Financial Services,True,F&O,1,Stage 2 Failed,Stage 3,Failed Stage 2,0.72,"This stock was recently Stage 2, but the latest structure no longer satisfies Stage 2 rules. It is kept as Stage 2 Failed until a fresh base/repair structure forms.",Recent Stage 2 break; public stage held as Stage 2 Failed.,2026-10-06,2026-09-23,,watchlist,weekly_watchlist,watchlist,0.0,7.2,3.24,0.0,0.0,7.2,3.24,-9.86,6.35,1086208808.64,"Stage 3, Stage 3 - Transition, volume_dryup, weekly_volume_dryup, distribution_risk | Stage 2 failed state applied from stage memory.",843,887,Stage 2 Failed,watchlist,weekly_watchlist,1.44,44,1.8000000000000003,False,False,False,False,False
SAFARI.NS,Safari Industries (India) Limited,Consumer Cyclical,Consumer Cyclical,False,Cash,1,Stage 4,Stage 4,Stage 4 - Confirmed Downtrend,0.86,Price is below a bearish moving-average stack with falling trend signals.,,,,,watchlist,weekly_watchlist,watchlist,10.37,36.9,22.31,2.0,10.37,36.9,24.31,-14.04,-14.67,60745969.73,"Stage 4, Stage 4 - Confirmed Downtrend, weekly_vcp_ok, volume_dryup, weekly_strong, downtrend",410,453,Stage 4,watchlist,weekly_watchlist,23.12,43,1.1899999999999977,False,False,False,False,False
PRAJIND.NS,Praj Industries Limited,Engineering & Construction,Industrials,False,Cash,1,Stage 4,Stage 4,Stage 4 - Weak/Declining,0.72,Price is below long-term support with weak trend evidence.,,,2026-08-31,,watchlist,weekly_watchlist,watchlist,11.34,35.8,22.35,0.0,11.34,35.8,22.35,-5.34,-4.93,125501101.68,"Stage 4, Stage 4 - Weak/Declining, weekly_vcp_ok, volume_dryup, weekly_volume_dryup, weekly_strong, downtrend",465,508,Stage 4,watchlist,weekly_watchlist,21.17,43,1.1799999999999997,False,False,False,False,False
NATIONALUM.NS,National Aluminium Company Limited,Basic Materials,Basic Materials,True,F&O,1,Stage 4,Stage 4,Stage 4 - Weak/Declining,0.72,Price is below long-term support with weak trend evidence.,,,2026-08-31,,watchlist,weekly_watchlist,watchlist,11.44,35.8,22.4,0.0,11.44,35.8,22.4,-0.09,-17.88,1561374601.16,"Stage 4, Stage 4 - Weak/Declining, weekly_vcp_ok, volume_dryup, weekly_volume_dryup, weekly_strong, downtrend",463,506,Stage 4,watchlist,weekly_watchlist,21.31,43,1.0899999999999999,False,False,False,False,False
NHPC.NS,NHPC Limited,Utilities - Renewable,Utilities,True,F&O,1,Stage 1,Stage 1,Stage 1 - Base/Repair,0.7,Price is near long-term moving averages with no strong long-term downtrend signal.,,,,,watchlist,weekly_watchlist,watchlist,15.52,41.8,27.35,0.0,15.52,41.8,27.35,-3.52,-4.76,656452012.8,"Stage 1, Stage 1 - Base/Repair, weekly_vcp_ok, volume_dryup, weekly_volume_dryup, weekly_strong, stage1_not_actionable, stage1_needs_more_base",341,383,Stage 1,watchlist,weekly_watchlist,25.78,42,1.5700000000000003,False,False,False,False,False
VENUSPIPES.NS,Venus Pipes & Tubes Limited,Steel,Basic Materials,False,Cash,1,Stage 2,Stage 2,Extended Stage 2,0.78,"Advancing structure remains intact, but price is stretched versus key moving averages or far above the 52-week low.",,,2026-10-05,,watchlist,weekly_watchlist,watchlist,57.83,35.2,47.65,5.0,57.83,35.2,52.65,28.9,88.21,721354215.9,"Stage 2, Extended Stage 2, trend_template_ok, volume_dryup, weekly_volume_dryup",79,120,Stage 2,watchlist,weekly_watchlist,47.4,41,5.25,False,False,False,False,False
CENTRALBK.NS,Central Bank of India,Banks - Regional,Financial Services,False,Cash,1,Stage 4,Stage 4,Stage 4 - Confirmed Downtrend,0.86,Price is below a bearish moving-average stack with falling trend signals.,,,,,watchlist,weekly_watchlist,watchlist,13.38,36.9,23.96,2.0,13.38,36.9,25.96,-2.76,-11.87,204430668.62,"Stage 4, Stage 4 - Confirmed Downtrend, weekly_vcp_ok, volume_dryup, weekly_volume_dryup, weekly_strong, downtrend",382,423,Stage 4,watchlist,weekly_watchlist,24.11,41,1.8500000000000014,False,False,False,False,False
TRANSRAILL.NS,Transrail Lighting Limited,Engineering & Construction,Industrials,False,Cash,1,Stage 4,Stage 4,Stage 4 - Weak/Declining,0.72,Price is below long-term support with weak trend evidence.,,,,,watchlist,weekly_watchlist,watchlist,0.0,36.9,16.61,0.0,0.0,36.9,16.61,0.61,-9.56,1224013753.35,"Stage 4, Stage 4 - Weak/Declining, weekly_vcp_ok, weekly_strong, downtrend",632,673,Stage 4,watchlist,weekly_watchlist,16.11,41,0.5,False,False,False,False,False
NPST.NS,Network People Services Technologies Limited,Software - Application,Technology,False,Cash,1,Stage 2,Stage 2,Clean Stage 2,0.9,"Price is above rising key averages, weekly structure is supportive, and the stock is near its 52-week high.",,,2026-10-05,,watchlist,weekly_watchlist,watchlist,41.5,32.58,37.49,5.0,41.5,32.58,42.49,19.24,46.54,428862652.46,"Stage 2, Clean Stage 2, trend_template_ok, volume_dryup, weekly_volume_dryup",178,218,Stage 2,watchlist,weekly_watchlist,37.77,40,4.719999999999999,False,False,False,False,False
HFCL.NS,HFCL Limited,Communication Equipment,Technology,False,Cash,1,Stage 2,Stage 2,Extended Stage 2,0.78,"Advancing structure remains intact, but price is stretched versus key moving averages or far above the 52-week low.",,,2026-10-05,,watchlist,weekly_watchlist,watchlist,60.08,31.6,47.26,10.0,60.08,31.6,57.26,25.7,206.68,1436904831.59,"Stage 2, Extended Stage 2, trend_template_ok, volume_dryup, weekly_volume_dryup",55,94,Stage 2,watchlist,weekly_watchlist,50.11,39,7.149999999999999,False,False,False,False,False
SOTL.NS,Savita Oil Technologies Limited,Specialty Chemicals,Basic Materials,False,Cash,1,Stage 2,Stage 2,Extended Stage 2,0.78,"Advancing structure remains intact, but price is stretched versus key moving averages or far above the 52-week low.",,,2026-10-05,,watchlist,weekly_watchlist,watchlist,39.88,27.2,34.17,10.0,39.88,27.2,44.17,33.23,127.13,256658085.28,"Stage 2, Extended Stage 2, trend_template_ok, volume_dryup, weekly_volume_dryup",167,205,Stage 2,watchlist,weekly_watchlist,38.63,38,5.539999999999999,False,False,False,False,False
KPEL.NS,K.P. Energy Limited,Engineering & Construction,Industrials,False,Cash,1,Stage 4,Stage 4,Stage 4 - Confirmed Downtrend,0.86,Price is below a bearish moving-average stack with falling trend signals.,,,,,watchlist,weekly_watchlist,watchlist,0.0,4.0,1.8,0.0,0.0,4.0,1.8,-28.77,-27.64,74158904.98,"Stage 4, Stage 4 - Confirmed Downtrend, volume_dryup, weekly_volume_dryup, downtrend",891,929,Stage 4,watchlist,weekly_watchlist,0.0,38,1.8,False,False,False,False,False
DCMSHRIRAM.NS,DCM Shriram Limited,Conglomerates,Industrials,False,Cash,1,Stage 4,Stage 4,Stage 4 - Confirmed Downtrend,0.86,Price is below a bearish moving-average stack with falling trend signals.,,,,,watchlist,weekly_watchlist,watchlist,0.0,14.27,6.42,2.0,0.0,14.27,8.42,-0.48,-10.24,127169779.55,"Stage 4, Stage 4 - Confirmed Downtrend, downtrend",770,807,Stage 4,watchlist,weekly_watchlist,6.42,37,2.0,False,False,False,False,False
GODREJIND.NS,Godrej Industries Limited,Conglomerates,Industrials,False,Cash,1,Stage 2 Failed,Stage 4,Failed Stage 2,0.72,"This stock was recently Stage 2, but the latest structure no longer satisfies Stage 2 rules. It is kept as Stage 2 Failed until a fresh base/repair structure forms.",Recent Stage 2 break; public stage held as Stage 2 Failed.,2026-10-06,2026-09-16,,watchlist,weekly_watchlist,watchlist,0.0,0.0,0.0,2.0,0.0,0.0,2.0,-9.66,17.98,95194441.63,"Stage 4, Stage 4, volume_dryup, weekly_volume_dryup, downtrend | Stage 2 failed state applied from stage memory.",870,907,Stage 2 Failed,watchlist,weekly_watchlist,0.0,37,2.0,False,False,False,False,False
3MINDIA.NS,3M India Limited,Conglomerates,Industrials,False,Cash,1,Stage 4,Stage 4,Stage 4 - Weak/Declining,0.72,Price is below long-term support with weak trend evidence.,,,2026-08-28,,watchlist,weekly_watchlist,watchlist,0.0,0.0,0.0,2.0,0.0,0.0,2.0,-4.03,-0.14,178971535.75,"Stage 4, Stage 4 - Weak/Declining, downtrend",871,908,Stage 4,watchlist,weekly_watchlist,0.0,37,2.0,False,False,False,False,False
CRISIL.NS,CRISIL Limited,Financial Services,Financial Services,False,Cash,1,Stage 2,Stage 2,Early Stage 2,0.72,"Price has moved above long-term structure, but the full moving-average stack is not clean yet.",,,2026-10-05,,watchlist,weekly_near_pivot,watchlist,37.32,69.64,51.86,0.0,37.32,69.64,51.86,21.73,16.66,195167994.14,"Stage 2, Early Stage 2, daily_vcp_ok, weekly_vcp_ok, weekly_volume_dryup, weekly_strong",88,124,Stage 2,watchlist,weekly_forming,47.12,36,4.740000000000002,False,False,False,False,False
TIINDIA.NS,Tube Investments of India Limited,Conglomerates,Industrials,True,F&O,1,Stage 4,Stage 4,Stage 4 - Weak/Declining,0.72,Price is below long-term support with weak trend evidence.,,,2026-08-28,,watchlist,weekly_watchlist,watchlist,0.0,0.0,0.0,2.0,0.0,0.0,2.0,-11.74,-8.06,631734894.94,"Stage 4, Stage 4 - Weak/Declining, downtrend",869,905,Stage 4,watchlist,weekly_watchlist,0.0,36,2.0,False,False,False,False,False
MMTC.NS,MMTC Limited,Conglomerates,Industrials,False,Cash,1,Stage 4,Stage 4,Stage 4 - Confirmed Downtrend,0.86,Price is below a bearish moving-average stack with falling trend signals.,,,2026-07-13,,watchlist,weekly_watchlist,watchlist,0.0,0.0,0.0,2.0,0.0,0.0,2.0,-7.8,-2.52,52920590.76,"Stage 4, Stage 4 - Confirmed Downtrend, volume_dryup, weekly_volume_dryup, downtrend",877,913,Stage 4,watchlist,weekly_watchlist,0.0,36,2.0,False,False,False,False,False
GREENPANEL.NS,Greenpanel Industries Limited,Basic Materials,Basic Materials,False,Cash,1,Stage 4,Stage 4,Stage 4 - Confirmed Downtrend,0.86,Price is below a bearish moving-average stack with falling trend signals.,,,,,watchlist,weekly_watchlist,watchlist,6.38,36.9,20.11,0.0,6.38,36.9,20.11,-11.17,-22.45,66758723.36,"Stage 4, Stage 4 - Confirmed Downtrend, weekly_vcp_ok, weekly_strong, downtrend",538,574,Stage 4,watchlist,weekly_watchlist,18.97,36,1.1400000000000006,False,False,False,False,False
MAHLOG.NS,Mahindra Logistics Limited,Industrials,Industrials,False,Cash,1,Stage 2,Stage 2,Clean Stage 2,0.9,"Price is above rising key averages, weekly structure is supportive, and the stock is near its 52-week high.",,,2026-10-05,,watchlist,weekly_near_pivot,watchlist,55.26,54.16,54.77,0.0,55.26,54.16,54.77,12.03,8.58,84803216.63,"Stage 2, Clean Stage 2, trend_template_ok, weekly_vcp_ok",68,103,Stage 2,watchlist,weekly_watchlist,49.09,35,5.68,False,False,False,False,False
AGIIL.NS,Agi Infra Limited,Real Estate,Real Estate,False,Cash,1,Stage 4,Stage 4,Stage 4 - Weak/Declining,0.72,Price is below long-term support with weak trend evidence.,,,2026-07-10,,watchlist,weekly_watchlist,watchlist,0.0,4.0,1.8,2.0,0.0,4.0,3.8,-17.81,-27.55,451328737.01,"Stage 4, Stage 4 - Weak/Declining, weekly_volume_dryup, downtrend",840,875,Stage 4,watchlist,weekly_watchlist,2.0,35,1.7999999999999998,False,False,False,False,False
THERMAX.NS,Thermax Limited,Conglomerates,Industrials,False,Cash,1,Stage 4,Stage 4,Stage 4 - Weak/Declining,0.72,Price is below long-term support with weak trend evidence.,,,2026-08-05,,watchlist,weekly_watchlist,watchlist,0.0,0.8,0.36,2.0,0.0,0.8,2.36,-28.31,-15.5,538061173.63,"Stage 4, Stage 4 - Weak/Declining, volume_dryup, downtrend",860,894,Stage 4,watchlist,weekly_watchlist,0.36,34,2.0,False,False,False,False,False
GANECOS.NS,Ganesha Ecosphere Limited,Textile Manufacturing,Consumer Cyclical,False,Cash,1,Stage 2 Failed,Stage 3,Failed Stage 2,0.72,"This stock was recently Stage 2, but the latest structure no longer satisfies Stage 2 rules. It is kept as Stage 2 Failed until a fresh base/repair structure forms.",Recent Stage 2 break; public stage held as Stage 2 Failed.,2026-10-06,2026-09-24,,watchlist,weekly_watchlist,watchlist,0.0,3.6,1.62,10.0,0.0,3.6,11.62,-3.2,-4.74,87983161.42,"Stage 3, Stage 3 - Distribution/Damage, volume_dryup, weekly_volume_dryup, distribution_risk | Stage 2 failed state applied from stage memory.",724,758,Stage 2 Failed,watchlist,weekly_watchlist,10.0,34,1.6199999999999992,False,False,False,False,False
JSFB.NS,Jana Small Finance Bank Limited,Banks - Regional,Financial Services,False,Cash,1,Stage 2,Stage 2,Early Stage 2,0.72,"Price has moved above long-term structure, but the full moving-average stack is not clean yet.",,,2026-10-05,,watchlist,weekly_watchlist,watchlist,13.29,23.72,17.98,2.0,13.29,23.72,19.98,14.43,30.8,452689859.12,"Stage 2, Early Stage 2, weekly_volume_dryup",542,576,Stage 2,watchlist,weekly_watchlist,18.88,34,1.1000000000000014,False,False,False,False,False
CONCORDBIO.NS,Concord Biotech Limited,Biotechnology,Healthcare,False,Cash,1,Stage 2,Stage 2,Early Stage 2,0.72,"Price has moved above long-term structure, but the full moving-average stack is not clean yet.",,,2026-10-05,,watchlist,weekly_watchlist,watchlist,14.79,22.26,18.15,5.0,14.79,22.26,23.15,10.17,32.43,223465726.64,"Stage 2, Early Stage 2, volume_dryup, weekly_volume_dryup",443,477,Stage 2,watchlist,weekly_watchlist,22.13,34,1.0199999999999996,False,False,False,False,False
TATACHEM.NS,Tata Chemicals Limited,Chemicals,Basic Materials,False,Cash,1,Stage 4,Stage 4,Stage 4 - Confirmed Downtrend,0.86,Price is below a bearish moving-average stack with falling trend signals.,,,,,watchlist,weekly_watchlist,watchlist,12.38,35.8,22.92,5.0,12.38,35.8,27.92,-9.86,-11.92,2659386781.08,"Stage 4, Stage 4 - Confirmed Downtrend, weekly_vcp_ok, volume_dryup, weekly_volume_dryup, weekly_strong, downtrend",335,368,Stage 4,watchlist,weekly_watchlist,26.11,33,1.8100000000000023,False,False,False,False,False
GILLETTE.NS,Gillette India Limited,Household & Personal Products,Consumer Defensive,False,Cash,1,Stage 4,Stage 4,Stage 4 - Confirmed Downtrend,0.86,Price is below a bearish moving-average stack with falling trend signals.,,,,,watchlist,weekly_watchlist,watchlist,0.0,4.0,1.8,2.0,0.0,4.0,3.8,-4.03,-6.82,161167418.7,"Stage 4, Stage 4 - Confirmed Downtrend, downtrend",838,871,Stage 4,watchlist,weekly_watchlist,2.0,33,1.7999999999999998,False,False,False,False,False
BHARTIARTL.NS,Bharti Airtel Limited,Telecom Services,Communication Services,True,F&O,1,Stage 4,Stage 4,Stage 4 - Weak/Declining,0.72,Price is below long-term support with weak trend evidence.,,,2026-08-21,,watchlist,weekly_watchlist,watchlist,9.37,35.8,21.26,0.0,9.37,35.8,21.26,0.09,-1.17,9733773425.88,"Stage 4, Stage 4 - Weak/Declining, weekly_vcp_ok, weekly_volume_dryup, weekly_strong, downtrend",500,533,Stage 4,watchlist,weekly_watchlist,20.62,33,0.6400000000000006,False,False,False,False,False
ANANTRAJ.NS,Anant Raj Limited,Real Estate,Real Estate,False,Cash,1,Stage 2,Stage 2,Early Stage 2,0.72,"Price has moved above long-term structure, but the full moving-average stack is not clean yet.",,,2026-10-05,,watchlist,weekly_watchlist,watchlist,31.46,26.15,29.07,2.0,31.46,26.15,31.07,11.73,25.79,910076245.64,"Stage 2, Early Stage 2, volume_dryup, weekly_volume_dryup",302,334,Stage 2,watchlist,weekly_watchlist,27.54,32,3.530000000000001,False,False,False,False,False
NESTLEIND.NS,Nestle India Limited,Packaged Foods,Consumer Defensive,True,F&O,1,Stage 2 Failed,Stage 1,Failed Stage 2,0.72,"This stock was recently Stage 2, but the latest structure no longer satisfies Stage 2 rules. It is kept as Stage 2 Failed until a fresh base/repair structure forms.",Recent Stage 2 break; public stage held as Stage 2 Failed.,2026-10-06,2026-09-21,,watchlist,weekly_watchlist,watchlist,16.61,0.15,9.2,2.0,16.61,0.15,11.2,-3.25,8.72,1603455380.37,"Stage 1, Stage 1 - Base/Repair, volume_dryup, stage1_not_actionable, stage1_needs_more_base | Stage 2 failed state applied from stage memory.",729,761,Stage 2 Failed,watchlist,weekly_watchlist,9.95,32,1.25,False,False,False,False,False
LXCHEM.NS,Laxmi Organic Industries Limited,Specialty Chemicals,Basic Materials,False,Cash,1,Stage 2,Stage 2,Clean Stage 2,0.9,"Price is above rising key averages, weekly structure is supportive, and the stock is near its 52-week high.",,,2026-10-05,,watchlist,weekly_watchlist,watchlist,70.58,33.3,53.8,10.0,70.58,33.3,63.8,26.28,46.69,234920431.09,"Stage 2, Clean Stage 2, trend_template_ok",25,56,Stage 2,watchlist,weekly_watchlist,55.27,31,8.529999999999994,False,False,False,False,False
SAREGAMA.NS,Saregama India Limited,Communication Services,Communication Services,False,Cash,1,Stage 2,Stage 2,Early Stage 2,0.72,"Price has moved above long-term structure, but the full moving-average stack is not clean yet.",,,2026-10-05,,watchlist,weekly_watchlist,watchlist,40.44,31.21,36.29,5.0,40.44,31.21,41.29,10.43,53.7,185915847.11,"Stage 2, Early Stage 2, daily_vcp_ok, volume_dryup, weekly_volume_dryup",192,223,Stage 2,watchlist,weekly_watchlist,37.19,31,4.100000000000001,False,False,False,False,False
HUDCO.NS,Housing & Urban Development Corporation Limited,Credit Services,Financial Services,False,Cash,1,Stage 4,Stage 4,Stage 4 - Confirmed Downtrend,0.86,Price is below a bearish moving-average stack with falling trend signals.,,,2026-07-06,,watchlist,weekly_watchlist,watchlist,12.07,35.8,22.75,0.0,12.07,35.8,22.75,-16.44,-12.26,354582527.6,"Stage 4, Stage 4 - Confirmed Downtrend, weekly_vcp_ok, weekly_strong, downtrend",452,483,Stage 4,watchlist,weekly_watchlist,21.85,31,0.8999999999999986,False,False,False,False,False
KIRIINDUS.NS,Kiri Industries Limited,Specialty Chemicals,Basic Materials,False,Cash,1,Stage 2,Stage 2,Early Stage 2,0.72,"Price has moved above long-term structure, but the full moving-average stack is not clean yet.",,,2026-10-05,,watchlist,weekly_breakout,watchlist,16.88,66.9,39.39,10.0,16.88,66.9,49.39,50.09,41.56,392206444.89,"Stage 2, Early Stage 2, weekly_vcp_ok, volume_dryup, weekly_volume_dryup, weekly_strong",117,147,Stage 2,watchlist,weekly_breakout,44.39,30,5.0,False,False,False,False,False
ASIANPAINT.NS,Asian Paints Limited,Specialty Chemicals,Basic Materials,True,F&O,1,Stage 4,Stage 4,Stage 4 - Weak/Declining,0.72,Price is below long-term support with weak trend evidence.,,,2026-08-20,,watchlist,weekly_watchlist,watchlist,9.32,35.8,21.24,10.0,9.32,35.8,31.24,-4.84,4.78,1329384126.55,"Stage 4, Stage 4 - Weak/Declining, weekly_vcp_ok, volume_dryup, weekly_volume_dryup, weekly_strong, downtrend",296,326,Stage 4,watchlist,weekly_watchlist,28.46,30,2.7799999999999976,False,False,False,False,False
POONAWALLA.NS,Poonawalla Fincorp Limited,Credit Services,Financial Services,False,Cash,1,Stage 2 Failed,Stage 1,Failed Stage 2,0.72,"This stock was recently Stage 2, but the latest structure no longer satisfies Stage 2 rules. It is kept as Stage 2 Failed until a fresh base/repair structure forms.",Recent Stage 2 break; public stage held as Stage 2 Failed.,2026-10-06,2026-09-23,,watchlist,weekly_watchlist,watchlist,0.0,33.08,14.89,0.0,0.0,33.08,14.89,3.9,15.88,584919621.2,"Stage 1, Stage 1 - Unclear/Repair, stage1_base_ready, weekly_vcp_ok, weekly_volume_dryup, stage1_not_actionable | Stage 2 failed state applied from stage memory.",694,724,Stage 2 Failed,watchlist,weekly_watchlist,12.9,30,1.9900000000000002,False,False,False,False,False
ZOTA.NS,Zota Health Care LImited,Biotechnology,Healthcare,False,Cash,1,Not Sure,Not Sure,Not Sure,0.0,Stage rules did not identify a reliable structure.,No confident stage classification.,,2026-07-13,,watchlist,weekly_watchlist,watchlist,1.79,9.6,5.3,5.0,1.79,9.6,10.3,-5.44,-1.39,160872548.1,"Not Sure, Not Sure, volume_dryup, weekly_volume_dryup",745,775,Stage 4,watchlist,weekly_watchlist,8.58,30,1.7200000000000006,False,False,False,False,False
STYRENIX.NS,Styrenix Performance Materials Limited,Chemicals,Basic Materials,False,Cash,1,Stage 4,Stage 4,Stage 4 - Weak/Declining,0.72,Price is below long-term support with weak trend evidence.,,,2026-08-19,,watchlist,weekly_watchlist,watchlist,0.0,2.8,1.26,5.0,0.0,2.8,6.26,-4.71,3.99,64509207.61,"Stage 4, Stage 4 - Weak/Declining, volume_dryup, weekly_volume_dryup, downtrend",802,832,Stage 4,watchlist,weekly_watchlist,5.0,30,1.2599999999999998,False,False,False,False,False
RAMCOCEM.NS,The Ramco Cements Limited,Building Materials,Basic Materials,False,Cash,1,Stage 4,Stage 4,Stage 4 - Confirmed Downtrend,0.86,Price is below a bearish moving-average stack with falling trend signals.,,,,,watchlist,weekly_watchlist,watchlist,11.63,35.8,22.51,0.0,11.63,35.8,22.51,-1.76,-12.4,191358648.55,"Stage 4, Stage 4 - Confirmed Downtrend, weekly_vcp_ok, volume_dryup, weekly_volume_dryup, weekly_strong, downtrend",459,488,Stage 4,watchlist,weekly_watchlist,21.74,29,0.7700000000000031,False,False,False,False,False
MEDIASSIST.NS,Medi Assist Healthcare Services Limited,Healthcare,Healthcare,False,Cash,1,Stage 4,Stage 4,Stage 4 - Confirmed Downtrend,0.86,Price is below a bearish moving-average stack with falling trend signals.,,,,,watchlist,weekly_watchlist,watchlist,9.1,36.9,21.61,5.0,9.1,36.9,26.61,-9.24,-12.74,85384854.98,"Stage 4, Stage 4 - Confirmed Downtrend, weekly_vcp_ok, weekly_strong, downtrend",353,382,Stage 4,watchlist,weekly_watchlist,25.84,29,0.7699999999999996,False,False,False,False,False
MAHABANK.NS,Bank of Maharashtra,Banks - Regional,Financial Services,False,Cash,1,Stage 2,Stage 2,Early Stage 2,0.72,"Price has moved above long-term structure, but the full moving-average stack is not clean yet.",,,2026-10-05,,watchlist,weekly_watchlist,watchlist,34.07,27.83,31.26,2.0,34.07,27.83,33.26,0.54,17.79,1038563883.44,"Stage 2, Early Stage 2, weekly_volume_dryup",280,308,Stage 2,watchlist,weekly_watchlist,29.65,28,3.6099999999999994,False,False,False,False,False
GODIGIT.NS,Go Digit General Insurance Limited,Financial Services,Financial Services,False,Cash,1,Stage 4,Stage 4,Stage 4 - Weak/Declining,0.72,Price is below long-term support with weak trend evidence.,,,,,watchlist,weekly_watchlist,watchlist,7.7,2.8,5.5,0.0,7.7,2.8,5.5,-9.7,-18.3,270317241.25,"Stage 4, Stage 4 - Weak/Declining, downtrend",814,842,Stage 4,watchlist,weekly_watchlist,4.24,28,1.2599999999999998,False,False,False,False,False
MASFIN.NS,MAS Financial Services Limited,Credit Services,Financial Services,False,Cash,1,Stage 4,Stage 4,Stage 4 - Confirmed Downtrend,0.86,Price is below a bearish moving-average stack with falling trend signals.,,,2026-07-13,,watchlist,weekly_watchlist,watchlist,9.38,0.0,5.16,0.0,9.38,0.0,5.16,-12.38,-11.87,54047922.46,"Stage 4, Stage 4 - Confirmed Downtrend, volume_dryup, weekly_volume_dryup, downtrend",816,844,Stage 4,watchlist,weekly_watchlist,3.95,28,1.21,False,False,False,False,False
JAMNAAUTO.NS,Jamna Auto Industries Limited,Auto Parts,Consumer Cyclical,False,Cash,1,Stage 2,Stage 2,Early Stage 2,0.72,"Price has moved above long-term structure, but the full moving-average stack is not clean yet.",,,2026-10-05,,watchlist,weekly_near_pivot,watchlist,44.06,69.86,55.67,5.0,44.06,69.86,60.67,11.82,17.75,426847453.56,"Stage 2, Early Stage 2, weekly_vcp_ok, weekly_strong",41,68,Stage 2,watchlist,weekly_forming,53.06,27,7.609999999999999,False,False,False,False,False
EMAMILTD.NS,Emami Limited,Household & Personal Products,Consumer Defensive,False,Cash,1,Stage 4,Stage 4,Stage 4 - Confirmed Downtrend,0.86,Price is below a bearish moving-average stack with falling trend signals.,,,,,watchlist,weekly_watchlist,watchlist,9.35,36.9,21.75,2.0,9.35,36.9,23.75,-2.86,-8.63,1044334019.7,"Stage 4, Stage 4 - Confirmed Downtrend, weekly_vcp_ok, weekly_strong, downtrend",423,450,Stage 4,watchlist,weekly_watchlist,23.16,27,0.5899999999999999,False,False,False,False,False
SURYAROSNI.NS,Surya Roshni Limited,Steel,Basic Materials,False,Cash,1,Stage 4,Stage 4,Stage 4 - Confirmed Downtrend,0.86,Price is below a bearish moving-average stack with falling trend signals.,,,2026-07-10,,watchlist,weekly_watchlist,watchlist,0.0,36.9,16.61,5.0,0.0,36.9,21.61,-7.7,1.45,99984764.59,"Stage 4, Stage 4 - Confirmed Downtrend, weekly_vcp_ok, weekly_strong, downtrend",491,518,Stage 4,watchlist,weekly_watchlist,21.11,27,0.5,False,False,False,False,False
AIIL.NS,Authum Investment & Infrastructure Limited,Capital Markets,Financial Services,False,Cash,1,Stage 2,Stage 2,Early Stage 2,0.72,"Price has moved above long-term structure, but the full moving-average stack is not clean yet.",,,2026-10-05,,watchlist,weekly_watchlist,watchlist,40.08,30.08,35.58,0.0,40.08,30.08,35.58,11.66,29.15,252465555.52,"Stage 2, Early Stage 2, volume_dryup, weekly_volume_dryup",256,281,Stage 2,watchlist,weekly_watchlist,31.47,25,4.109999999999999,False,False,False,False,False
SWIGGY.NS,Swiggy Limited,Consumer Cyclical,Consumer Cyclical,True,F&O,1,Stage 4,Stage 4,Stage 4 - Weak/Declining,0.72,Price is below long-term support with weak trend evidence.,,,,,watchlist,weekly_watchlist,watchlist,9.97,38.0,22.58,2.0,9.97,38.0,24.58,-6.0,-6.73,3632279185.7,"Stage 4, Stage 4 - Weak/Declining, weekly_vcp_ok, volume_dryup, weekly_volume_dryup, weekly_strong, downtrend",405,430,Stage 4,watchlist,weekly_watchlist,23.81,25,0.7699999999999996,False,False,False,False,False
AETHER.NS,Aether Industries Limited,Specialty Chemicals,Basic Materials,False,Cash,1,Stage 2,Stage 2,Clean Stage 2,0.9,"Price is above rising key averages, weekly structure is supportive, and the stock is near its 52-week high.",,,2026-10-05,,watchlist,weekly_watchlist,watchlist,41.62,31.38,37.01,10.0,41.62,31.38,47.01,25.76,52.05,616802736.41,"Stage 2, Clean Stage 2, trend_template_ok",137,161,Stage 2,watchlist,weekly_watchlist,42.91,24,4.100000000000001,False,False,False,False,False
SUNFLAG.NS,Sunflag Iron And Steel Company Limited,Steel,Basic Materials,False,Cash,1,Stage 2,Stage 2,Extended Stage 2,0.78,"Advancing structure remains intact, but price is stretched versus key moving averages or far above the 52-week low.",,,2026-10-05,,watchlist,weekly_watchlist,watchlist,60.37,33.2,48.14,5.0,60.37,33.2,53.14,38.97,85.09,326566513.23,"Stage 2, Extended Stage 2, trend_template_ok",77,101,Stage 2,watchlist,weekly_watchlist,49.26,24,3.8800000000000026,False,False,False,False,False
HUBTOWN.NS,Hubtown Limited,Real Estate,Real Estate,False,Cash,1,Stage 4,Stage 4,Stage 4 - Confirmed Downtrend,0.86,Price is below a bearish moving-average stack with falling trend signals.,,,,,watchlist,weekly_watchlist,watchlist,11.85,38.0,23.62,2.0,11.85,38.0,25.62,-11.91,-13.96,69292041.91,"Stage 4, Stage 4 - Confirmed Downtrend, weekly_vcp_ok, weekly_strong, downtrend",385,409,Stage 4,watchlist,weekly_watchlist,24.61,24,1.0100000000000016,False,False,False,False,False
HSCL.NS,Himadri Speciality Chemical Limited,Specialty Chemicals,Basic Materials,False,Cash,1,Stage 3,Stage 3,Stage 3 - Distribution/Damage,0.76,"Prior strength exists, but short-term and/or weekly structure is deteriorating.",,,2026-09-14,,watchlist,weekly_watchlist,watchlist,15.85,44.7,28.83,10.0,15.85,44.7,38.83,5.86,43.11,1275291094.24,"Stage 3, Stage 3 - Distribution/Damage, weekly_vcp_ok, volume_dryup, weekly_volume_dryup, weekly_strong, distribution_risk",224,247,Stage 3,watchlist,weekly_watchlist,34.4,23,4.43,False,False,False,False,False
SMARTWORKS.NS,Smartworks Coworking Spaces Limited,Real Estate Services,Real Estate,False,Cash,1,Stage 2,Stage 2,Early Stage 2,0.72,"Price has moved above long-term structure, but the full moving-average stack is not clean yet.",,,2026-10-05,,watchlist,weekly_watchlist,watchlist,7.34,24.39,15.01,0.0,7.34,24.39,15.01,14.65,25.21,46396339.47,"Stage 2, Early Stage 2, volume_dryup",692,715,Stage 2,watchlist,weekly_watchlist,13.7,23,1.3100000000000005,False,False,False,False,False
BANKBARODA.NS,Bank of Baroda,Banks - Regional,Financial Services,True,F&O,1,Stage 4,Stage 4,Stage 4 - Confirmed Downtrend,0.86,Price is below a bearish moving-average stack with falling trend signals.,,,2026-06-26,,watchlist,weekly_watchlist,watchlist,4.74,4.0,4.41,2.0,4.74,4.0,6.41,-2.63,-12.03,1470454599.15,"Stage 4, Stage 4 - Confirmed Downtrend, downtrend",797,820,Stage 4,watchlist,weekly_watchlist,5.45,23,0.96,False,False,False,False,False
CDSL.NS,Central Depository Services (India) Limited,Capital Markets,Financial Services,True,F&O,1,Stage 2 Failed,Stage 4,Failed Stage 2,0.72,"This stock was recently Stage 2, but the latest structure no longer satisfies Stage 2 rules. It is kept as Stage 2 Failed until a fresh base/repair structure forms.",Recent Stage 2 break; public stage held as Stage 2 Failed.,2026-10-06,2026-09-18,,watchlist,weekly_watchlist,watchlist,11.11,35.8,22.22,0.0,11.11,35.8,22.22,-6.33,-0.38,1313360267.79,"Stage 4, Stage 4 - Weak/Declining, weekly_vcp_ok, volume_dryup, weekly_volume_dryup, weekly_strong, downtrend | Stage 2 failed state applied from stage memory.",467,490,Stage 2 Failed,watchlist,weekly_watchlist,21.63,23,0.5899999999999999,False,False,False,False,False
INDOSTAR.NS,IndoStar Capital Finance Limited,Credit Services,Financial Services,False,Cash,1,Stage 2 Failed,Stage 4,Failed Stage 2,0.72,"This stock was recently Stage 2, but the latest structure no longer satisfies Stage 2 rules. It is kept as Stage 2 Failed until a fresh base/repair structure forms.",Recent Stage 2 break; public stage held as Stage 2 Failed.,2026-10-06,2026-09-21,,watchlist,weekly_watchlist,watchlist,1.79,36.9,17.59,0.0,1.79,36.9,17.59,-18.57,-12.03,18497452.79,"Stage 4, Stage 4 - Weak/Declining, weekly_vcp_ok, volume_dryup, weekly_volume_dryup, weekly_strong, downtrend | Stage 2 failed state applied from stage memory.",609,631,Stage 2 Failed,watchlist,weekly_watchlist,16.92,22,0.6699999999999982,False,False,False,False,False
EMUDHRA.NS,eMudhra Limited,Software - Application,Technology,False,Cash,1,Stage 2,Stage 2,Early Stage 2,0.72,"Price has moved above long-term structure, but the full moving-average stack is not clean yet.",,,2026-10-05,,watchlist,weekly_breakout,watchlist,23.25,65.48,42.25,5.0,23.25,65.48,47.25,38.02,27.79,1496661694.44,"Stage 2, Early Stage 2, weekly_vcp_ok, volume_dryup, weekly_volume_dryup, weekly_strong",136,157,Stage 2,watchlist,weekly_breakout,43.26,21,3.990000000000002,False,False,False,False,False
GPIL.NS,Godawari Power And Ispat limited,Steel,Basic Materials,False,Cash,1,Stage 4,Stage 4,Stage 4 - Weak/Declining,0.72,Price is below long-term support with weak trend evidence.,,,2026-06-23,,watchlist,weekly_watchlist,watchlist,15.41,4.0,10.28,5.0,15.41,4.0,15.28,-8.92,-23.11,327093447.76,"Stage 4, Stage 4 - Weak/Declining, volume_dryup, weekly_volume_dryup, downtrend",689,710,Stage 4,watchlist,weekly_watchlist,14.04,21,1.2400000000000002,False,False,False,False,False
CIPLA.NS,Cipla Limited,Drug Manufacturers - Specialty & Generic,Healthcare,True,F&O,1,Stage 4,Stage 4,Stage 4 - Weak/Declining,0.72,Price is below long-term support with weak trend evidence.,,,2026-08-24,,watchlist,weekly_watchlist,watchlist,0.0,2.63,1.18,10.0,0.0,2.63,11.18,-2.26,12.53,1267101141.32,"Stage 4, Stage 4 - Weak/Declining, weekly_volume_dryup, downtrend",730,751,Stage 4,watchlist,weekly_watchlist,10.0,21,1.1799999999999997,False,False,False,False,False
KIRLOSBROS.NS,Kirloskar Brothers Limited,Specialty Industrial Machinery,Industrials,False,Cash,1,Stage 3,Stage 3,Stage 3 - Distribution/Damage,0.76,"Prior strength exists, but short-term and/or weekly structure is deteriorating.",,,2026-09-14,,watchlist,weekly_watchlist,watchlist,0.0,8.76,3.94,10.0,0.0,8.76,13.94,-3.55,11.14,126464138.25,"Stage 3, Stage 3 - Distribution/Damage, distribution_risk",701,722,Stage 3,watchlist,weekly_watchlist,12.98,21,0.9599999999999991,False,False,False,False,False
ABCAPITAL.NS,Aditya Birla Capital Limited,Financial Services,Financial Services,True,F&O,1,Stage 2 Failed,Stage 3,Failed Stage 2,0.72,"This stock was recently Stage 2, but the latest structure no longer satisfies Stage 2 rules. It is kept as Stage 2 Failed until a fresh base/repair structure forms.",Recent Stage 2 break; public stage held as Stage 2 Failed.,2026-10-06,2026-09-24,,watchlist,weekly_watchlist,watchlist,3.11,40.86,20.1,0.0,3.11,40.86,20.1,-2.57,13.12,986096737.4,"Stage 3, Stage 3 - Distribution/Damage, weekly_vcp_ok, weekly_strong, distribution_risk | Stage 2 failed state applied from stage memory.",539,560,Stage 2 Failed,watchlist,weekly_watchlist,19.37,21,0.7300000000000004,False,False,False,False,False
RATEGAIN.NS,Rategain Travel Technologies Limited,Software - Application,Technology,False,Cash,1,Stage 2 Failed,Stage 3,Failed Stage 2,0.72,"This stock was recently Stage 2, but the latest structure no longer satisfies Stage 2 rules. It is kept as Stage 2 Failed until a fresh base/repair structure forms.",Recent Stage 2 break; public stage held as Stage 2 Failed.,2026-10-06,2026-09-21,,watchlist,weekly_watchlist,watchlist,2.55,12.82,7.17,5.0,2.55,12.82,12.17,-4.64,52.85,223056718.91,"Stage 3, Stage 3 - Distribution/Damage, volume_dryup, weekly_volume_dryup, distribution_risk | Stage 2 failed state applied from stage memory.",713,734,Stage 2 Failed,watchlist,weekly_watchlist,11.57,21,0.5999999999999996,False,False,False,False,False
GENUSPOWER.NS,Genus Power Infrastructures Limited,Electrical Equipment & Parts,Industrials,False,Cash,1,Stage 2 Failed,Stage 1,Failed Stage 2,0.72,"This stock was recently Stage 2, but the latest structure no longer satisfies Stage 2 rules. It is kept as Stage 2 Failed until a fresh base/repair structure forms.",Recent Stage 2 break; public stage held as Stage 2 Failed.,2026-10-06,2026-09-25,,watchlist,weekly_watchlist,watchlist,0.0,5.96,2.68,10.0,0.0,5.96,12.68,1.68,13.96,459822558.71,"Stage 1, Stage 1 - Unclear/Repair, volume_dryup, weekly_volume_dryup, stage1_not_actionable, stage1_needs_more_base | Stage 2 failed state applied from stage memory.",708,729,Stage 2 Failed,watchlist,weekly_watchlist,12.38,21,0.29999999999999893,False,False,False,False,False
JKPAPER.NS,JK Paper Limited,Basic Materials,Basic Materials,False,Cash,1,Stage 2,Stage 2,Early Stage 2,0.72,"Price has moved above long-term structure, but the full moving-average stack is not clean yet.",,,2026-10-05,,watchlist,weekly_near_pivot,watchlist,42.46,70.16,54.92,0.0,42.46,70.16,54.92,16.39,16.23,170570625.37,"Stage 2, Early Stage 2, weekly_vcp_ok, volume_dryup, weekly_volume_dryup, weekly_strong",67,87,Stage 2,watchlist,weekly_forming,50.7,20,4.219999999999999,False,False,False,False,False
PTC.NS,PTC India Limited,Utilities,Utilities,False,Cash,1,Not Sure,Stage 3,Pending Stage 3,0.55,Blocked public stage jump Stage 1 -> Stage 3; waiting for intermediate/confirmed structure.,Blocked public stage jump Stage 1 -> Stage 3; waiting for intermediate/confirmed structure.,,2026-07-06,Stage 3,watchlist,weekly_watchlist,watchlist,23.17,41.06,31.22,0.0,23.17,41.06,31.22,7.37,5.25,207776091.29,"Stage 3, Stage 3 - Distribution/Damage, weekly_vcp_ok, volume_dryup, weekly_volume_dryup, weekly_strong, distribution_risk | Blocked public stage jump Stage 1 -> Stage 3; waiting for intermediate/confirmed structure.",297,316,Stage 1,watchlist,weekly_watchlist,29.05,19,2.169999999999998,False,False,False,False,False
PIIND.NS,PI Industries Limited,Agricultural Inputs,Basic Materials,True,F&O,1,Stage 4,Stage 4,Stage 4 - Confirmed Downtrend,0.86,Price is below a bearish moving-average stack with falling trend signals.,,,,,watchlist,weekly_watchlist,watchlist,0.0,4.0,1.8,0.0,0.0,4.0,1.8,-8.44,-22.67,665821653.91,"Stage 4, Stage 4 - Confirmed Downtrend, downtrend",887,906,Stage 4,watchlist,weekly_watchlist,0.0,19,1.8,False,False,False,False,False
WESTLIFE.NS,WESTLIFE FOODWORLD LIMITED,Consumer Cyclical,Consumer Cyclical,False,Cash,1,Stage 2,Stage 2,Early Stage 2,0.72,"Price has moved above long-term structure, but the full moving-average stack is not clean yet.",,,2026-10-05,,watchlist,weekly_watchlist,watchlist,16.22,31.27,22.99,2.0,16.22,31.27,24.99,24.23,28.43,303147277.77,"Stage 2, Early Stage 2, volume_dryup, weekly_volume_dryup",395,414,Stage 2,watchlist,weekly_watchlist,24.37,19,0.6199999999999974,False,False,False,False,False
ICICIGI.NS,ICICI Lombard General Insurance Company Limited,Financial Services,Financial Services,True,F&O,1,Stage 4,Stage 4,Stage 4 - Weak/Declining,0.72,Price is below long-term support with weak trend evidence.,,,,,watchlist,weekly_watchlist,watchlist,0.0,4.0,1.8,0.0,0.0,4.0,1.8,-6.31,-9.33,1356390192.36,"Stage 4, Stage 4 - Weak/Declining, downtrend",885,903,Stage 4,watchlist,weekly_watchlist,0.0,18,1.8,False,False,False,False,False
CMSINFO.NS,CMS Info Systems Limited,Industrials,Industrials,False,Cash,1,Stage 4,Stage 4,Stage 4 - Confirmed Downtrend,0.86,Price is below a bearish moving-average stack with falling trend signals.,,,,,watchlist,weekly_watchlist,watchlist,11.7,35.8,22.55,0.0,11.7,35.8,22.55,-10.46,-26.35,203568049.24,"Stage 4, Stage 4 - Confirmed Downtrend, weekly_vcp_ok, volume_dryup, weekly_volume_dryup, weekly_strong, downtrend",458,475,Stage 4,watchlist,weekly_watchlist,22.15,17,0.40000000000000213,False,False,False,False,False
SRF.NS,SRF Limited,Conglomerates,Industrials,True,F&O,1,Stage 4,Stage 4,Stage 4 - Confirmed Downtrend,0.86,Price is below a bearish moving-average stack with falling trend signals.,,,,,watchlist,weekly_watchlist,watchlist,7.8,0.8,4.65,2.0,7.8,0.8,6.65,-5.61,0.89,522040869.69,"Stage 4, Stage 4 - Confirmed Downtrend, volume_dryup, downtrend",789,806,Stage 4,watchlist,weekly_watchlist,6.42,17,0.23000000000000043,False,False,False,False,False
DREDGECORP.NS,Dredging Corporation of India Limited,Engineering & Construction,Industrials,False,Cash,1,Not Sure,Not Sure,Not Sure,0.0,Stage rules did not identify a reliable structure.,No confident stage classification.,,2026-09-14,,watchlist,weekly_watchlist,watchlist,15.63,8.4,12.38,0.0,15.63,8.4,12.38,-9.31,2.61,68450780.75,"Not Sure, Not Sure, volume_dryup, weekly_volume_dryup",711,728,Not Sure,watchlist,weekly_watchlist,12.65,17,-0.2699999999999996,False,False,False,False,False
APCOTEXIND.NS,Apcotex Industries Limited,Specialty Chemicals,Basic Materials,False,Cash,1,Stage 2,Stage 2,Early Stage 2,0.72,"Price has moved above long-term structure, but the full moving-average stack is not clean yet.",,,2026-10-05,,watchlist,weekly_watchlist,watchlist,41.05,22.4,32.66,10.0,41.05,22.4,42.66,25.23,63.43,54095483.29,"Stage 2, Early Stage 2, volume_dryup, weekly_volume_dryup",176,192,Stage 2,watchlist,weekly_watchlist,40.03,16,2.6299999999999955,False,False,False,False,False
INDUSINDBK.NS,IndusInd Bank Limited,Banks - Regional,Financial Services,True,F&O,1,Stage 2 Failed,Not Sure,Failed Stage 2,0.72,"This stock was recently Stage 2, but the latest structure no longer satisfies Stage 2 rules. It is kept as Stage 2 Failed until a fresh base/repair structure forms.",Recent Stage 2 break; public stage held as Stage 2 Failed.,2026-10-06,2026-09-23,,watchlist,weekly_watchlist,watchlist,2.7,12.55,7.13,2.0,2.7,12.55,9.13,-6.17,11.66,2030194079.49,"Not Sure, Not Sure | Stage 2 failed state applied from stage memory.",763,779,Stage 2 Failed,watchlist,weekly_watchlist,8.26,16,0.870000000000001,False,False,False,False,False
HINDZINC.NS,Hindustan Zinc Limited,Basic Materials,Basic Materials,True,F&O,1,Stage 2 Failed,Stage 4,Failed Stage 2,0.72,"This stock was recently Stage 2, but the latest structure no longer satisfies Stage 2 rules. It is kept as Stage 2 Failed until a fresh base/repair structure forms.",Recent Stage 2 break; public stage held as Stage 2 Failed.,2026-10-06,2026-09-25,,watchlist,weekly_watchlist,watchlist,6.93,36.83,20.38,0.0,6.93,36.83,20.38,8.49,1.78,2085990797.3,"Stage 4, Stage 4, weekly_vcp_ok, volume_dryup, weekly_volume_dryup, weekly_strong, downtrend | Stage 2 failed state applied from stage memory.",530,546,Stage 2 Failed,watchlist,weekly_watchlist,20.02,16,0.35999999999999943,False,False,False,False,False
SFL.NS,Sheela Foam Limited,"Furnishings, Fixtures & Appliances",Consumer Cyclical,False,Cash,1,Stage 3,Stage 3,Stage 3 - Distribution/Damage,0.76,"Prior strength exists, but short-term and/or weekly structure is deteriorating.",,,2026-08-31,,watchlist,weekly_watchlist,watchlist,0.64,0.0,0.35,0.0,0.64,0.0,0.35,-12.53,18.91,201001179.07,"Stage 3, Stage 3 - Distribution/Damage, volume_dryup, weekly_volume_dryup, distribution_risk",903,919,Stage 4,watchlist,weekly_watchlist,0.0,16,0.35,False,False,False,False,False
GOPAL.NS,Gopal Snacks Limited,Packaged Foods,Consumer Defensive,False,Cash,1,Stage 4,Stage 4,Stage 4 - Confirmed Downtrend,0.86,Price is below a bearish moving-average stack with falling trend signals.,,,,,watchlist,weekly_watchlist,watchlist,0.0,35.8,16.11,2.0,0.0,35.8,18.11,0.06,-4.12,33830855.57,"Stage 4, Stage 4 - Confirmed Downtrend, weekly_vcp_ok, weekly_strong, downtrend",598,614,Stage 4,watchlist,weekly_watchlist,18.11,16,0.0,False,False,False,False,False
CYIENTDLM.NS,Cyient DLM Limited,Electronic Components,Technology,False,Cash,1,Stage 2,Stage 2,Extended Stage 2,0.78,"Advancing structure remains intact, but price is stretched versus key moving averages or far above the 52-week low.",,,2026-10-05,,watchlist,weekly_watchlist,watchlist,39.75,30.4,35.54,10.0,39.75,30.4,45.54,76.72,196.86,389368022.91,"Stage 2, Extended Stage 2, trend_template_ok, volume_dryup, weekly_volume_dryup",154,169,Stage 2,watchlist,weekly_watchlist,41.94,15,3.6000000000000014,False,False,False,False,False
JSL.NS,Jindal Stainless Limited,Steel,Basic Materials,False,Cash,1,Stage 1,Stage 1,Stage 1 - Early Turn,0.66,The stock is improving from a repair/base area but has not confirmed a clean Stage 2 yet.,,,,,watchlist,weekly_watchlist,watchlist,0.0,54.73,24.63,5.0,0.0,54.73,29.63,10.9,-2.59,942563226.18,"Stage 1, Stage 1 - Early Turn, stage1_base_ready, weekly_vcp_ok, weekly_volume_dryup, weekly_strong, stage1_not_actionable",313,328,Stage 1,watchlist,weekly_watchlist,27.99,15,1.6400000000000006,False,False,False,False,False
ADANIPOWER.NS,Adani Power Limited,Utilities,Utilities,True,F&O,1,Stage 3,Stage 3,Stage 3 - Distribution/Damage,0.76,"Prior strength exists, but short-term and/or weekly structure is deteriorating.",,,2026-08-03,,watchlist,weekly_watchlist,watchlist,13.77,5.37,9.99,0.0,13.77,5.37,9.99,-2.72,12.44,3556471012.16,"Stage 3, Stage 3 - Distribution/Damage, distribution_risk",754,769,Stage 3,watchlist,weekly_watchlist,9.1,15,0.8900000000000006,False,False,False,False,False
CEATLTD.NS,CEAT Limited,Auto Parts,Consumer Cyclical,False,Cash,1,Stage 4,Stage 4,Stage 4 - Weak/Declining,0.72,Price is below long-term support with weak trend evidence.,,,2026-08-05,,watchlist,weekly_watchlist,watchlist,9.86,36.9,22.03,5.0,9.86,36.9,27.03,-9.33,-6.72,162923029.84,"Stage 4, Stage 4 - Weak/Declining, weekly_vcp_ok, volume_dryup, weekly_volume_dryup, weekly_strong, downtrend",346,361,Stage 4,watchlist,weekly_watchlist,26.3,15,0.7300000000000004,False,False,False,False,False
GAEL.NS,Gujarat Ambuja Exports Limited,Packaged Foods,Consumer Defensive,False,Cash,1,Stage 2 Failed,Stage 1,Failed Stage 2,0.72,"This stock was recently Stage 2, but the latest structure no longer satisfies Stage 2 rules. It is kept as Stage 2 Failed until a fresh base/repair structure forms.",Recent Stage 2 break; public stage held as Stage 2 Failed.,2026-10-06,2026-09-30,,watchlist,weekly_watchlist,watchlist,0.0,2.39,1.08,2.0,0.0,2.39,3.08,7.59,8.26,90244182.21,"Stage 1, Stage 1 - Base/Repair, volume_dryup, weekly_volume_dryup, stage1_not_actionable, stage1_needs_more_base | Stage 2 failed state applied from stage memory.",848,863,Stage 2 Failed,watchlist,weekly_watchlist,2.45,15,0.6299999999999999,False,False,False,False,False
CELLO.NS,Cello World Limited,"Furnishings, Fixtures & Appliances",Consumer Cyclical,False,Cash,1,Stage 4,Stage 4,Stage 4 - Weak/Declining,0.72,Price is below long-term support with weak trend evidence.,,,,,watchlist,weekly_watchlist,watchlist,6.9,35.8,19.91,0.0,6.9,35.8,19.91,8.06,-9.77,491858215.17,"Stage 4, Stage 4 - Weak/Declining, weekly_vcp_ok, weekly_strong, downtrend",546,561,Stage 4,watchlist,weekly_watchlist,19.36,15,0.5500000000000007,False,False,False,False,False
TIMKEN.NS,Timken India Limited,Tools & Accessories,Industrials,False,Cash,1,Stage 1,Stage 1,Stage 1 - Base/Repair,0.7,Price is near long-term moving averages with no strong long-term downtrend signal.,,,2026-07-06,,watchlist,weekly_watchlist,watchlist,10.23,13.6,11.75,2.0,10.23,13.6,13.75,2.82,-8.6,130678890.39,"Stage 1, Stage 1 - Base/Repair, stage1_not_actionable, stage1_needs_more_base",702,717,Stage 1,watchlist,weekly_watchlist,13.33,15,0.41999999999999993,False,False,False,False,False
RAILTEL.NS,Railtel Corporation Of India Limited,Telecom Services,Communication Services,False,Cash,1,Stage 4,Stage 4,Stage 4 - Confirmed Downtrend,0.86,Price is below a bearish moving-average stack with falling trend signals.,,,,,watchlist,weekly_watchlist,watchlist,9.1,36.9,21.61,0.0,9.1,36.9,21.61,-11.21,-8.16,212161161.35,"Stage 4, Stage 4 - Confirmed Downtrend, weekly_vcp_ok, weekly_strong, downtrend",489,504,Stage 4,watchlist,weekly_watchlist,21.35,15,0.259999999999998,False,False,False,False,False
BSOFT.NS,BIRLASOFT LIMITED,Information Technology Services,Technology,False,Cash,1,Stage 4,Stage 4,Stage 4 - Confirmed Downtrend,0.86,Price is below a bearish moving-average stack with falling trend signals.,,,,,watchlist,weekly_watchlist,watchlist,0.0,35.8,16.11,2.0,0.0,35.8,18.11,7.81,-21.68,427718157.13,"Stage 4, Stage 4 - Confirmed Downtrend, weekly_vcp_ok, volume_dryup, weekly_volume_dryup, weekly_strong, downtrend",595,610,Stage 4,watchlist,weekly_watchlist,18.11,15,0.0,False,False,False,False,False
DBREALTY.NS,Valor Estate Limited,Real Estate,Real Estate,False,Cash,1,Stage 4,Stage 4,Stage 4 - Confirmed Downtrend,0.86,Price is below a bearish moving-average stack with falling trend signals.,,,,,watchlist,weekly_watchlist,watchlist,0.0,35.8,16.11,2.0,0.0,35.8,18.11,-14.32,-9.77,95021116.59,"Stage 4, Stage 4 - Confirmed Downtrend, weekly_vcp_ok, weekly_strong, downtrend",596,611,Stage 4,watchlist,weekly_watchlist,18.11,15,0.0,False,False,False,False,False
RELAXO.NS,Relaxo Footwears Limited,Consumer Cyclical,Consumer Cyclical,False,Cash,1,Stage 4,Stage 4,Stage 4 - Weak/Declining,0.72,Price is below long-term support with weak trend evidence.,,,2026-08-17,,watchlist,weekly_watchlist,watchlist,0.0,35.8,16.11,2.0,0.0,35.8,18.11,-19.43,5.33,77428069.36,"Stage 4, Stage 4 - Weak/Declining, weekly_vcp_ok, volume_dryup, weekly_volume_dryup, weekly_strong, downtrend",597,612,Stage 4,watchlist,weekly_watchlist,18.11,15,0.0,False,False,False,False,False
PARKHOTELS.NS,Apeejay Surrendra Park Hotels Limited,Lodging,Consumer Cyclical,False,Cash,1,Stage 4,Stage 4,Stage 4 - Confirmed Downtrend,0.86,Price is below a bearish moving-average stack with falling trend signals.,,,,,watchlist,weekly_watchlist,watchlist,0.0,35.8,16.11,2.0,0.0,35.8,18.11,-13.1,-9.82,19850818.37,"Stage 4, Stage 4 - Confirmed Downtrend, weekly_vcp_ok, weekly_strong, downtrend",600,615,Stage 4,watchlist,weekly_watchlist,18.11,15,0.0,False,False,False,False,False
HAL.NS,Hindustan Aeronautics Limited,Aerospace & Defense,Industrials,True,F&O,1,Stage 2,Stage 2,Early Stage 2,0.72,"Price has moved above long-term structure, but the full moving-average stack is not clean yet.",,,2026-10-05,,watchlist,weekly_near_pivot,watchlist,35.94,68.82,50.74,10.0,35.94,68.82,60.74,11.71,18.54,3321612428.85,"Stage 2, Early Stage 2, weekly_vcp_ok, volume_dryup, weekly_volume_dryup, weekly_strong",40,54,Stage 2,watchlist,weekly_forming,56.15,14,4.590000000000003,False,False,False,False,False
AEROFLEX.NS,Aeroflex Industries Limited,Metal Fabrication,Industrials,False,Cash,1,Stage 2,Stage 2,Extended Stage 2,0.78,"Advancing structure remains intact, but price is stretched versus key moving averages or far above the 52-week low.",,,2026-10-05,,watchlist,weekly_watchlist,watchlist,38.03,38.8,38.38,10.0,38.03,38.8,48.38,40.35,94.82,648268733.6,"Stage 2, Extended Stage 2, trend_template_ok, volume_dryup, weekly_volume_dryup",125,139,Stage 2,watchlist,weekly_watchlist,45.5,14,2.8800000000000026,False,False,False,False,False
CEIGALL.NS,Ceigall India Limited,Engineering & Construction,Industrials,False,Cash,1,Stage 2,Stage 2,Clean Stage 2,0.9,"Price is above rising key averages, weekly structure is supportive, and the stock is near its 52-week high.",,,2026-10-05,,watchlist,weekly_watchlist,watchlist,60.94,32.14,47.98,0.0,60.94,32.14,47.98,6.74,30.62,130997652.1,"Stage 2, Clean Stage 2, trend_template_ok, volume_dryup, weekly_volume_dryup",128,142,Stage 2,watchlist,weekly_watchlist,45.18,14,2.799999999999997,False,False,False,False,False
OPTIEMUS.NS,Optiemus Infracom Limited,Technology,Technology,False,Cash,1,Stage 2,Stage 2,Extended Stage 2,0.78,"Advancing structure remains intact, but price is stretched versus key moving averages or far above the 52-week low.",,,2026-10-05,,watchlist,weekly_watchlist,watchlist,59.83,24.8,44.07,10.0,59.83,24.8,54.07,69.11,139.64,1622838505.79,"Stage 2, Extended Stage 2, trend_template_ok",70,84,Stage 2,watchlist,weekly_watchlist,51.32,14,2.75,False,False,False,False,False
DABUR.NS,Dabur India Limited,Household & Personal Products,Consumer Defensive,True,F&O,1,Stage 4,Stage 4,Stage 4 - Confirmed Downtrend,0.86,Price is below a bearish moving-average stack with falling trend signals.,,,,,watchlist,weekly_watchlist,watchlist,9.66,0.8,5.67,2.0,9.66,0.8,7.67,-6.54,-6.42,849701655.21,"Stage 4, Stage 4 - Confirmed Downtrend, weekly_volume_dryup, downtrend",776,790,Stage 4,watchlist,weekly_watchlist,7.22,14,0.4500000000000002,False,False,False,False,False
MARICO.NS,Marico Limited,Household & Personal Products,Consumer Defensive,True,F&O,1,Not Sure,Not Sure,Not Sure,0.0,Stage rules did not identify a reliable structure.,No confident stage classification.,,2026-09-01,,watchlist,weekly_watchlist,watchlist,6.35,46.08,24.23,2.0,6.35,46.08,26.23,-2.61,5.36,1352825124.26,"Not Sure, Not Sure, weekly_vcp_ok, weekly_strong",363,377,Not Sure,watchlist,weekly_watchlist,26.06,14,0.1700000000000017,False,False,False,False,False
BIKAJI.NS,Bikaji Foods International Limited,Packaged Foods,Consumer Defensive,False,Cash,1,Stage 4,Stage 4,Stage 4 - Confirmed Downtrend,0.86,Price is below a bearish moving-average stack with falling trend signals.,,,,,watchlist,weekly_watchlist,watchlist,0.0,35.8,16.11,2.0,0.0,35.8,18.11,-20.3,-23.83,254653748.96,"Stage 4, Stage 4 - Confirmed Downtrend, weekly_vcp_ok, weekly_strong, downtrend",592,606,Stage 4,watchlist,weekly_watchlist,18.11,14,0.0,False,False,False,False,False
TRAVELFOOD.NS,Travel Food Services Limited,Consumer Cyclical,Consumer Cyclical,False,Cash,1,Stage 4,Stage 4,Stage 4 - Weak/Declining,0.72,Price is below long-term support with weak trend evidence.,,,,,watchlist,weekly_watchlist,watchlist,0.0,35.8,16.11,2.0,0.0,35.8,18.11,-3.55,-6.82,51783814.56,"Stage 4, Stage 4 - Weak/Declining, weekly_vcp_ok, volume_dryup, weekly_strong, downtrend",593,607,Stage 4,watchlist,weekly_watchlist,18.11,14,0.0,False,False,False,False,False
VMM.NS,Vishal Mega Mart Limited,Consumer Cyclical,Consumer Cyclical,True,F&O,1,Stage 4,Stage 4,Stage 4 - Confirmed Downtrend,0.86,Price is below a bearish moving-average stack with falling trend signals.,,,,,watchlist,weekly_watchlist,watchlist,0.0,35.0,15.75,2.0,0.0,35.0,17.75,-10.39,-11.03,985350656.22,"Stage 4, Stage 4 - Confirmed Downtrend, weekly_vcp_ok, weekly_volume_dryup, weekly_strong, downtrend",604,618,Stage 4,watchlist,weekly_watchlist,17.75,14,0.0,False,False,False,False,False
REDTAPE.NS,Redtape Limited,Consumer Cyclical,Consumer Cyclical,False,Cash,1,Stage 4,Stage 4,Stage 4 - Weak/Declining,0.72,Price is below long-term support with weak trend evidence.,,,2026-08-07,,watchlist,weekly_watchlist,watchlist,0.0,22.1,9.95,2.0,0.0,22.1,11.95,-9.42,-2.42,260710405.02,"Stage 4, Stage 4 - Weak/Declining, weekly_vcp_ok, volume_dryup, weekly_volume_dryup, downtrend",717,731,Stage 4,watchlist,weekly_watchlist,11.95,14,0.0,False,False,False,False,False
WOCKPHARMA.NS,Wockhardt Limited,Drug Manufacturers - Specialty & Generic,Healthcare,False,Cash,1,Stage 2,Stage 2,Clean Stage 2,0.9,"Price is above rising key averages, weekly structure is supportive, and the stock is near its 52-week high.",,,2026-10-05,,watchlist,weekly_near_pivot,watchlist,35.62,73.0,52.44,10.0,35.62,73.0,62.44,24.83,60.49,2174273330.35,"Stage 2, Clean Stage 2, trend_template_ok, weekly_vcp_ok, weekly_volume_dryup, weekly_strong",31,44,Stage 2,watchlist,weekly_forming,58.35,13,4.089999999999996,False,False,False,False,False
BAJFINANCE.NS,Bajaj Finance Limited,Credit Services,Financial Services,True,F&O,1,Stage 2 Failed,Stage 1,Failed Stage 2,0.72,"This stock was recently Stage 2, but the latest structure no longer satisfies Stage 2 rules. It is kept as Stage 2 Failed until a fresh base/repair structure forms.",Recent Stage 2 break; public stage held as Stage 2 Failed.,2026-10-06,2026-09-29,,watchlist,weekly_watchlist,watchlist,6.21,42.56,22.57,0.0,6.21,42.56,22.57,-0.99,8.63,6174408041.26,"Stage 1, Stage 1 - Unclear/Repair, weekly_vcp_ok, weekly_volume_dryup, weekly_strong, stage1_not_actionable, stage1_needs_more_base | Stage 2 failed state applied from stage memory.",457,470,Stage 2 Failed,watchlist,weekly_watchlist,22.3,13,0.2699999999999996,False,False,False,False,False
AVANTIFEED.NS,Avanti Feeds Limited,Packaged Foods,Consumer Defensive,False,Cash,1,Stage 4,Stage 4,Stage 4 - Weak/Declining,0.72,Price is below long-term support with weak trend evidence.,,,2026-06-03,,watchlist,weekly_watchlist,watchlist,10.88,0.0,5.98,2.0,10.88,0.0,7.98,-17.27,-48.2,182204397.78,"Stage 4, Stage 4 - Weak/Declining, volume_dryup, weekly_volume_dryup, downtrend",773,786,Stage 4,watchlist,weekly_watchlist,7.76,13,0.22000000000000064,False,False,False,False,False
TRITURBINE.NS,Triveni Turbine Limited,Specialty Industrial Machinery,Industrials,False,Cash,1,Stage 4,Stage 4,Stage 4 - Weak/Declining,0.72,Price is below long-term support with weak trend evidence.,,,2026-08-06,,watchlist,weekly_watchlist,watchlist,10.31,0.0,5.67,10.0,10.31,0.0,15.67,-7.47,17.75,268881578.56,"Stage 4, Stage 4 - Weak/Declining, volume_dryup, weekly_volume_dryup, downtrend",684,697,Stage 4,watchlist,weekly_watchlist,15.47,13,0.1999999999999993,False,False,False,False,False
RAYMONDLSL.NS,Raymond Lifestyle Limited,Apparel Manufacturing,Consumer Cyclical,False,Cash,1,Stage 4,Stage 4,Stage 4 - Confirmed Downtrend,0.86,Price is below a bearish moving-average stack with falling trend signals.,,,,,watchlist,weekly_watchlist,watchlist,6.7,22.1,13.63,0.0,6.7,22.1,13.63,-8.02,-17.28,218088970.93,"Stage 4, Stage 4 - Confirmed Downtrend, weekly_vcp_ok, weekly_volume_dryup, downtrend",703,716,Stage 4,watchlist,weekly_watchlist,13.63,13,0.0,False,False,False,False,False
INDHOTEL.NS,The Indian Hotels Company Limited,Lodging,Consumer Cyclical,True,F&O,1,Stage 2,Stage 2,Stage 2,0.76,Advancing structure detected.,,,2026-10-05,,watchlist,weekly_near_pivot,watchlist,48.23,67.93,57.1,2.0,48.23,67.93,59.1,5.25,16.08,2282806966.16,"Stage 2, Stage 2, weekly_vcp_ok, weekly_strong",47,59,Stage 2,watchlist,weekly_near_pivot,54.65,12,4.450000000000003,False,False,False,False,False
KERNEX.NS,Kernex Microsystems (India) Limited,Software - Application,Technology,False,Cash,1,Stage 1,Stage 1,Stage 1 - Base/Repair,0.7,Price is near long-term moving averages with no strong long-term downtrend signal.,,,2026-08-24,,watchlist,weekly_watchlist,watchlist,1.57,11.77,6.16,5.0,1.57,11.77,11.16,-12.99,50.74,244595955.66,"Stage 1, Stage 1 - Base/Repair, volume_dryup, weekly_volume_dryup, stage1_not_actionable, stage1_needs_more_base",731,743,Stage 1,watchlist,weekly_watchlist,10.61,12,0.5500000000000007,False,False,False,False,False
DMART.NS,Avenue Supermarts Limited,Consumer Defensive,Consumer Defensive,True,F&O,1,Stage 4,Stage 4,Stage 4 - Weak/Declining,0.72,Price is below long-term support with weak trend evidence.,,,2026-05-18,,watchlist,weekly_watchlist,watchlist,11.23,3.2,7.62,0.0,11.23,3.2,7.62,-7.6,-18.64,2098147123.51,"Stage 4, Stage 4 - Weak/Declining, downtrend",777,789,Stage 4,watchlist,weekly_watchlist,7.31,12,0.3100000000000005,False,False,False,False,False
PGEL.NS,PG Electroplast Limited,Electronic Components,Technology,True,F&O,1,Stage 4,Stage 4,Stage 4 - Weak/Declining,0.72,Price is below long-term support with weak trend evidence.,,,2026-09-07,,watchlist,weekly_watchlist,watchlist,0.0,36.24,16.31,10.0,0.0,36.24,26.31,-4.84,9.27,545601294.7,"Stage 4, Stage 4 - Weak/Declining, weekly_vcp_ok, weekly_strong, downtrend",361,373,Stage 4,watchlist,weekly_watchlist,26.11,12,0.1999999999999993,False,False,False,False,False
IGL.NS,Indraprastha Gas Limited,Utilities,Utilities,False,Cash,1,Stage 4,Stage 4,Stage 4 - Confirmed Downtrend,0.86,Price is below a bearish moving-average stack with falling trend signals.,,,,,watchlist,weekly_watchlist,watchlist,10.32,2.0,6.58,0.0,10.32,2.0,6.58,-2.64,-11.12,211029961.22,"Stage 4, Stage 4 - Confirmed Downtrend, weekly_volume_dryup, downtrend",791,803,Stage 4,watchlist,weekly_watchlist,6.47,12,0.11000000000000032,False,False,False,False,False
DBCORP.NS,D.B.Corp Limited,Communication Services,Communication Services,False,Cash,1,Stage 4,Stage 4,Stage 4 - Confirmed Downtrend,0.86,Price is below a bearish moving-average stack with falling trend signals.,,,,,watchlist,weekly_watchlist,watchlist,0.0,35.8,16.11,5.0,0.0,35.8,21.11,-8.06,-14.76,13169656.61,"Stage 4, Stage 4 - Confirmed Downtrend, weekly_vcp_ok, weekly_strong, downtrend",510,522,Stage 4,watchlist,weekly_watchlist,21.11,12,0.0,False,False,False,False,False
JTEKTINDIA.NS,Jtekt India Limited,Auto Parts,Consumer Cyclical,False,Cash,1,Stage 4,Stage 4,Stage 4 - Confirmed Downtrend,0.86,Price is below a bearish moving-average stack with falling trend signals.,,,,,watchlist,weekly_watchlist,watchlist,0.0,35.8,16.11,5.0,0.0,35.8,21.11,-15.32,-11.42,11705049.74,"Stage 4, Stage 4 - Confirmed Downtrend, weekly_vcp_ok, volume_dryup, weekly_volume_dryup, weekly_strong, downtrend",511,523,Stage 4,watchlist,weekly_watchlist,21.11,12,0.0,False,False,False,False,False
METROBRAND.NS,Metro Brands Limited,Consumer Cyclical,Consumer Cyclical,False,Cash,1,Stage 4,Stage 4,Stage 4 - Confirmed Downtrend,0.86,Price is below a bearish moving-average stack with falling trend signals.,,,,,watchlist,weekly_watchlist,watchlist,0.0,35.8,16.11,2.0,0.0,35.8,18.11,-18.19,-16.73,97425246.57,"Stage 4, Stage 4 - Confirmed Downtrend, weekly_vcp_ok, volume_dryup, weekly_volume_dryup, weekly_strong, downtrend",591,603,Stage 4,watchlist,weekly_watchlist,18.11,12,0.0,False,False,False,False,False
ASHOKA.NS,Ashoka Buildcon Limited,Engineering & Construction,Industrials,False,Cash,1,Stage 4,Stage 4,Stage 4 - Confirmed Downtrend,0.86,Price is below a bearish moving-average stack with falling trend signals.,,,,,watchlist,weekly_watchlist,watchlist,12.2,14.27,13.13,0.0,12.2,14.27,13.13,-11.7,-13.94,59797452.48,"Stage 4, Stage 4 - Confirmed Downtrend, volume_dryup, weekly_volume_dryup, downtrend",706,718,Stage 4,watchlist,weekly_watchlist,13.13,12,0.0,False,False,False,False,False
FDC.NS,FDC Limited,Drug Manufacturers - Specialty & Generic,Healthcare,False,Cash,1,Stage 4,Stage 4,Stage 4 - Confirmed Downtrend,0.86,Price is below a bearish moving-average stack with falling trend signals.,,,2026-07-31,,watchlist,weekly_watchlist,watchlist,0.0,4.0,1.8,10.0,0.0,4.0,11.8,-18.19,-4.26,47448942.21,"Stage 4, Stage 4 - Confirmed Downtrend, volume_dryup, weekly_volume_dryup, downtrend",720,732,Stage 4,watchlist,weekly_watchlist,11.8,12,0.0,False,False,False,False,False
DBL.NS,Dilip Buildcon Limited,Engineering & Construction,Industrials,False,Cash,1,Stage 4,Stage 4,Stage 4 - Weak/Declining,0.72,Price is below long-term support with weak trend evidence.,,,,,watchlist,weekly_watchlist,watchlist,5.9,32.13,17.7,0.0,5.9,32.13,17.7,-0.61,-5.87,215513923.01,"Stage 4, Stage 4 - Weak/Declining, weekly_vcp_ok, volume_dryup, weekly_volume_dryup, weekly_strong, downtrend",605,617,Stage 4,watchlist,weekly_watchlist,17.75,12,-0.05000000000000071,False,False,False,False,False
NMDC.NS,NMDC Limited,Steel,Basic Materials,True,F&O,1,Stage 4,Stage 4,Stage 4 - Weak/Declining,0.72,Price is below long-term support with weak trend evidence.,,,2026-09-02,,watchlist,weekly_watchlist,watchlist,9.91,3.2,6.89,5.0,9.91,3.2,11.89,-6.59,-11.31,860617631.26,"Stage 4, Stage 4 - Weak/Declining, volume_dryup, weekly_volume_dryup, downtrend",718,730,Stage 4,watchlist,weekly_watchlist,12.03,12,-0.1399999999999988,False,False,False,False,False
GRMOVER.NS,GRM Overseas Limited,Packaged Foods,Consumer Defensive,False,Cash,1,Stage 4,Stage 4,Stage 4 - Confirmed Downtrend,0.86,Price is below a bearish moving-average stack with falling trend signals.,,,2026-05-26,,watchlist,weekly_watchlist,watchlist,8.24,35.8,20.64,2.0,8.24,35.8,22.64,-14.7,-52.29,85358871.95,"Stage 4, Stage 4 - Confirmed Downtrend, weekly_vcp_ok, weekly_volume_dryup, weekly_strong, downtrend",455,466,Stage 4,watchlist,weekly_watchlist,22.39,11,0.25,False,False,False,False,False
GICRE.NS,General Insurance Corporation of India,Financial Services,Financial Services,False,Cash,1,Stage 4,Stage 4,Stage 4 - Confirmed Downtrend,0.86,Price is below a bearish moving-average stack with falling trend signals.,,,2026-06-15,,watchlist,weekly_watchlist,watchlist,10.8,0.8,6.3,0.0,10.8,0.8,6.3,-5.95,-15.37,174390513.74,"Stage 4, Stage 4 - Confirmed Downtrend, volume_dryup, weekly_volume_dryup, downtrend",801,812,Stage 4,watchlist,weekly_watchlist,6.08,11,0.21999999999999975,False,False,False,False,False
SBIN.NS,State Bank of India,Banks - Regional,Financial Services,True,F&O,1,Stage 4,Stage 4,Stage 4 - Confirmed Downtrend,0.86,Price is below a bearish moving-average stack with falling trend signals.,,,2026-08-31,,watchlist,weekly_watchlist,watchlist,8.5,35.8,20.79,2.0,8.5,35.8,22.79,-2.83,-7.39,7489461732.57,"Stage 4, Stage 4 - Confirmed Downtrend, weekly_vcp_ok, weekly_volume_dryup, weekly_strong, downtrend",451,462,Stage 4,watchlist,weekly_watchlist,22.62,11,0.16999999999999815,False,False,False,False,False
RELIANCE.NS,Reliance Industries Limited,Oil & Gas Refining & Marketing,Energy,True,F&O,1,Stage 4,Stage 4,Stage 4 - Confirmed Downtrend,0.86,Price is below a bearish moving-average stack with falling trend signals.,,,,,watchlist,weekly_watchlist,watchlist,8.07,22.1,14.38,5.0,8.07,22.1,19.38,-2.24,-6.12,14400807801.71,"Stage 4, Stage 4 - Confirmed Downtrend, weekly_vcp_ok, downtrend",554,565,Stage 4,watchlist,weekly_watchlist,19.27,11,0.10999999999999943,False,False,False,False,False
MASTEK.NS,Mastek Limited,Information Technology Services,Technology,False,Cash,1,Stage 4,Stage 4,Stage 4 - Weak/Declining,0.72,Price is below long-term support with weak trend evidence.,,,,,watchlist,weekly_watchlist,watchlist,0.0,37.52,16.88,2.0,0.0,37.52,18.88,1.65,4.59,153087619.75,"Stage 4, Stage 4 - Weak/Declining, weekly_vcp_ok, volume_dryup, weekly_volume_dryup, weekly_strong, downtrend",567,578,Stage 4,watchlist,weekly_watchlist,18.79,11,0.08999999999999986,False,False,False,False,False
ABSLAMC.NS,Aditya Birla Sun Life AMC Limited,Asset Management,Financial Services,False,Cash,1,Stage 2 Failed,Stage 3,Failed Stage 2,0.72,"This stock was recently Stage 2, but the latest structure no longer satisfies Stage 2 rules. It is kept as Stage 2 Failed until a fresh base/repair structure forms.",Recent Stage 2 break; public stage held as Stage 2 Failed.,2026-10-06,2026-09-18,,watchlist,weekly_watchlist,watchlist,12.98,0.0,7.14,0.0,12.98,0.0,7.14,-5.11,3.29,206417602.56,"Stage 3, Stage 3 - Distribution/Damage, volume_dryup, distribution_risk | Stage 2 failed state applied from stage memory.",780,791,Stage 2 Failed,watchlist,weekly_watchlist,7.11,11,0.02999999999999936,False,False,False,False,False
PICCADIL.NS,Piccadily Agro Industries Limited,Consumer Defensive,Consumer Defensive,False,Cash,1,Stage 4,Stage 4,Stage 4,0.66,Declining structure detected.,,,,,watchlist,weekly_watchlist,watchlist,0.0,37.05,16.67,0.0,0.0,37.05,16.67,-3.72,5.25,75328066.48,"Stage 4, Stage 4, weekly_vcp_ok, volume_dryup, weekly_volume_dryup, weekly_strong, downtrend",625,636,Stage 4,watchlist,weekly_watchlist,16.65,11,0.020000000000003126,False,False,False,False,False
AURIONPRO.NS,Aurionpro Solutions Limited,Software - Application,Technology,False,Cash,1,Stage 4,Stage 4,Stage 4 - Confirmed Downtrend,0.86,Price is below a bearish moving-average stack with falling trend signals.,,,,,watchlist,weekly_watchlist,watchlist,0.0,35.8,16.11,5.0,0.0,35.8,21.11,-21.4,-28.06,91353949.4,"Stage 4, Stage 4 - Confirmed Downtrend, weekly_vcp_ok, volume_dryup, weekly_strong, downtrend",509,520,Stage 4,watchlist,weekly_watchlist,21.11,11,0.0,False,False,False,False,False
ORISSAMINE.NS,The Orissa Minerals Development Company Limited,Steel,Basic Materials,False,Cash,1,Stage 4,Stage 4,Stage 4 - Weak/Declining,0.72,Price is below long-term support with weak trend evidence.,,,,,watchlist,weekly_watchlist,watchlist,0.0,35.8,16.11,5.0,0.0,35.8,21.11,0.46,-2.89,29442184.67,"Stage 4, Stage 4 - Weak/Declining, weekly_vcp_ok, volume_dryup, weekly_volume_dryup, weekly_strong, downtrend",513,524,Stage 4,watchlist,weekly_watchlist,21.11,11,0.0,False,False,False,False,False
MARATHON.NS,Marathon Nextgen Realty Limited,Real Estate,Real Estate,False,Cash,1,Stage 4,Stage 4,Stage 4 - Weak/Declining,0.72,Price is below long-term support with weak trend evidence.,,,,,watchlist,weekly_watchlist,watchlist,0.0,36.9,16.61,2.0,0.0,36.9,18.61,-0.7,-15.49,28709442.96,"Stage 4, Stage 4 - Weak/Declining, weekly_vcp_ok, volume_dryup, weekly_volume_dryup, weekly_strong, downtrend",576,587,Stage 4,watchlist,weekly_watchlist,18.61,11,0.0,False,False,False,False,False
HINDUNILVR.NS,Hindustan Unilever Limited,Household & Personal Products,Consumer Defensive,True,F&O,1,Stage 4,Stage 4,Stage 4 - Confirmed Downtrend,0.86,Price is below a bearish moving-average stack with falling trend signals.,,,,,watchlist,weekly_watchlist,watchlist,0.0,35.8,16.11,2.0,0.0,35.8,18.11,-7.24,-9.16,2262970048.02,"Stage 4, Stage 4 - Confirmed Downtrend, weekly_vcp_ok, weekly_volume_dryup, weekly_strong, downtrend",588,599,Stage 4,watchlist,weekly_watchlist,18.11,11,0.0,False,False,False,False,False
GODREJCP.NS,Godrej Consumer Products Limited,Household & Personal Products,Consumer Defensive,True,F&O,1,Stage 4,Stage 4,Stage 4 - Confirmed Downtrend,0.86,Price is below a bearish moving-average stack with falling trend signals.,,,,,watchlist,weekly_watchlist,watchlist,0.0,35.8,16.11,2.0,0.0,35.8,18.11,-14.76,-15.98,776390184.32,"Stage 4, Stage 4 - Confirmed Downtrend, weekly_vcp_ok, volume_dryup, weekly_volume_dryup, weekly_strong, downtrend",589,600,Stage 4,watchlist,weekly_watchlist,18.11,11,0.0,False,False,False,False,False
COLPAL.NS,Colgate Palmolive (India) Limited,Household & Personal Products,Consumer Defensive,True,F&O,1,Stage 4,Stage 4,Stage 4 - Confirmed Downtrend,0.86,Price is below a bearish moving-average stack with falling trend signals.,,,,,watchlist,weekly_watchlist,watchlist,0.0,35.8,16.11,2.0,0.0,35.8,18.11,-7.21,-3.61,746129881.48,"Stage 4, Stage 4 - Confirmed Downtrend, weekly_vcp_ok, volume_dryup, weekly_volume_dryup, weekly_strong, downtrend",590,601,Stage 4,watchlist,weekly_watchlist,18.11,11,0.0,False,False,False,False,False
SIGNATURE.NS,Signatureglobal (India) Limited,Real Estate,Real Estate,False,Cash,1,Stage 4,Stage 4,Stage 4 - Confirmed Downtrend,0.86,Price is below a bearish moving-average stack with falling trend signals.,,,,,watchlist,weekly_watchlist,watchlist,10.0,22.1,15.45,2.0,10.0,22.1,17.45,-1.89,-12.41,264612359.47,"Stage 4, Stage 4 - Confirmed Downtrend, weekly_vcp_ok, downtrend",611,622,Stage 4,watchlist,weekly_watchlist,17.45,11,0.0,False,False,False,False,False
BLUESTARCO.NS,Blue Star Limited,Building Products & Equipment,Industrials,True,F&O,1,Stage 4,Stage 4,Stage 4 - Weak/Declining,0.72,Price is below long-term support with weak trend evidence.,,,,,watchlist,weekly_watchlist,watchlist,0.0,36.9,16.61,0.0,0.0,36.9,16.61,-0.35,-7.88,990260813.41,"Stage 4, Stage 4 - Weak/Declining, weekly_vcp_ok, weekly_strong, downtrend",626,637,Stage 4,watchlist,weekly_watchlist,16.61,11,0.0,False,False,False,False,False
SAMMAANCAP.NS,Sammaan Capital Limited,Mortgage Finance,Financial Services,True,F&O,1,Stage 4,Stage 4,Stage 4 - Weak/Declining,0.72,Price is below long-term support with weak trend evidence.,,,2026-08-13,,watchlist,weekly_watchlist,watchlist,0.0,36.9,16.61,0.0,0.0,36.9,16.61,-14.63,-11.9,544714783.75,"Stage 4, Stage 4 - Weak/Declining, weekly_vcp_ok, volume_dryup, weekly_volume_dryup, weekly_strong, downtrend",627,638,Stage 4,watchlist,weekly_watchlist,16.61,11,0.0,False,False,False,False,False
SHARDACROP.NS,Sharda Cropchem Limited,Agricultural Inputs,Basic Materials,False,Cash,1,Stage 4,Stage 4,Stage 4 - Confirmed Downtrend,0.86,Price is below a bearish moving-average stack with falling trend signals.,,,,,watchlist,weekly_watchlist,watchlist,0.0,36.9,16.61,0.0,0.0,36.9,16.61,-11.35,-26.61,76810008.59,"Stage 4, Stage 4 - Confirmed Downtrend, weekly_vcp_ok, volume_dryup, weekly_volume_dryup, weekly_strong, downtrend",628,639,Stage 4,watchlist,weekly_watchlist,16.61,11,0.0,False,False,False,False,False
EUREKAFORB.NS,Eureka Forbes Limited,"Furnishings, Fixtures & Appliances",Consumer Cyclical,False,Cash,1,Stage 4,Stage 4,Stage 4 - Confirmed Downtrend,0.86,Price is below a bearish moving-average stack with falling trend signals.,,,,,watchlist,weekly_watchlist,watchlist,0.0,36.9,16.61,0.0,0.0,36.9,16.61,-17.15,-28.38,73001013.94,"Stage 4, Stage 4 - Confirmed Downtrend, weekly_vcp_ok, weekly_strong, downtrend",629,640,Stage 4,watchlist,weekly_watchlist,16.61,11,0.0,False,False,False,False,False
IMFA.NS,Indian Metals & Ferro Alloys Limited,Basic Materials,Basic Materials,False,Cash,1,Stage 4,Stage 4,Stage 4 - Weak/Declining,0.72,Price is below long-term support with weak trend evidence.,,,2026-08-24,,watchlist,weekly_watchlist,watchlist,0.0,36.9,16.61,0.0,0.0,36.9,16.61,-5.97,-13.63,101229258.54,"Stage 4, Stage 4 - Weak/Declining, weekly_vcp_ok, volume_dryup, weekly_volume_dryup, weekly_strong, downtrend",630,641,Stage 4,watchlist,weekly_watchlist,16.61,11,0.0,False,False,False,False,False
JKLAKSHMI.NS,JK Lakshmi Cement Limited,Building Materials,Basic Materials,False,Cash,1,Stage 4,Stage 4,Stage 4 - Confirmed Downtrend,0.86,Price is below a bearish moving-average stack with falling trend signals.,,,,,watchlist,weekly_watchlist,watchlist,0.0,36.9,16.61,0.0,0.0,36.9,16.61,-9.15,-21.31,58812866.77,"Stage 4, Stage 4 - Confirmed Downtrend, weekly_vcp_ok, volume_dryup, weekly_volume_dryup, weekly_strong, downtrend",631,642,Stage 4,watchlist,weekly_watchlist,16.61,11,0.0,False,False,False,False,False
PFC.NS,Power Finance Corporation Limited,Credit Services,Financial Services,True,F&O,1,Stage 4,Stage 4,Stage 4 - Weak/Declining,0.72,Price is below long-term support with weak trend evidence.,,,2026-07-01,,watchlist,weekly_watchlist,watchlist,0.0,33.8,15.21,0.0,0.0,33.8,15.21,-14.4,-23.25,2632056590.79,"Stage 4, Stage 4 - Weak/Declining, weekly_vcp_ok, weekly_strong, downtrend",691,702,Stage 4,watchlist,weekly_watchlist,15.21,11,0.0,False,False,False,False,False
ITC.NS,ITC Limited,Consumer Defensive,Consumer Defensive,True,F&O,1,Stage 4,Stage 4,Stage 4 - Confirmed Downtrend,0.86,Price is below a bearish moving-average stack with falling trend signals.,,,,,watchlist,weekly_watchlist,watchlist,0.0,32.13,14.46,0.0,0.0,32.13,14.46,-0.71,-7.43,3443720632.19,"Stage 4, Stage 4 - Confirmed Downtrend, weekly_vcp_ok, weekly_strong, downtrend",697,708,Stage 4,watchlist,weekly_watchlist,14.46,11,0.0,False,False,False,False,False
MAITHANALL.NS,Maithan Alloys Limited,Steel,Basic Materials,False,Cash,1,Stage 2 Failed,Stage 1,Failed Stage 2,0.72,"This stock was recently Stage 2, but the latest structure no longer satisfies Stage 2 rules. It is kept as Stage 2 Failed until a fresh base/repair structure forms.",Recent Stage 2 break; public stage held as Stage 2 Failed.,2026-10-06,2026-09-23,,watchlist,weekly_watchlist,watchlist,15.55,4.4,10.53,5.0,15.55,4.4,15.53,-4.04,-0.89,80303387.26,"Stage 1, Stage 1 - Unclear/Repair, volume_dryup, weekly_volume_dryup, stage1_not_actionable, stage1_needs_more_base | Stage 2 failed state applied from stage memory.",685,696,Stage 2 Failed,watchlist,weekly_watchlist,15.58,11,-0.05000000000000071,False,False,False,False,False
ISGEC.NS,Isgec Heavy Engineering Limited,Specialty Industrial Machinery,Industrials,False,Cash,1,Stage 1,Stage 1,Stage 1 - Base/Repair,0.7,Price is near long-term moving averages with no strong long-term downtrend signal.,,,2026-05-28,,watchlist,weekly_watchlist,watchlist,0.0,5.6,2.52,10.0,0.0,5.6,12.52,5.71,-8.07,87880752.83,"Stage 1, Stage 1 - Base/Repair, stage1_not_actionable, stage1_needs_more_base",710,721,Stage 1,watchlist,weekly_watchlist,13.0,11,-0.4800000000000004,False,False,False,False,False
TIPSMUSIC.NS,Tips Music Limited,Communication Services,Communication Services,False,Cash,1,Not Sure,Stage 1,Pending Stage 1,0.55,Blocked public stage jump Stage 3 -> Stage 1; waiting for intermediate/confirmed structure.,Blocked public stage jump Stage 3 -> Stage 1; waiting for intermediate/confirmed structure.,,2026-08-18,Stage 1,watchlist,weekly_watchlist,watchlist,4.11,11.84,7.59,5.0,4.11,11.84,12.59,-3.53,21.9,160865758.15,"Stage 1, Stage 1 - Base/Repair, stage1_not_actionable, stage1_needs_more_base | Blocked public stage jump Stage 3 -> Stage 1; waiting for intermediate/confirmed structure.",709,720,Stage 3,watchlist,weekly_watchlist,13.11,11,-0.5199999999999996,False,False,False,False,False
LAURUSLABS.NS,Laurus Labs Limited,Drug Manufacturers - Specialty & Generic,Healthcare,True,F&O,1,Stage 2,Stage 2,Extended Stage 2,0.78,"Advancing structure remains intact, but price is stretched versus key moving averages or far above the 52-week low.",,,2026-10-05,,watchlist,weekly_near_pivot,watchlist,39.62,71.8,54.1,10.0,39.62,71.8,64.1,37.94,89.48,3118172577.28,"Stage 2, Extended Stage 2, trend_template_ok, weekly_vcp_ok, volume_dryup, weekly_volume_dryup, weekly_strong",23,33,Stage 2,watchlist,weekly_breakout,60.34,10,3.759999999999991,False,False,False,False,False
REDINGTON.NS,Redington Limited,Information Technology Services,Technology,False,Cash,1,Stage 2,Stage 2,Extended Stage 2,0.78,"Advancing structure remains intact, but price is stretched versus key moving averages or far above the 52-week low.",,,2026-10-05,,watchlist,weekly_near_pivot,watchlist,39.75,73.0,54.71,2.0,39.75,73.0,56.71,49.32,90.55,2169377457.73,"Stage 2, Extended Stage 2, trend_template_ok, weekly_vcp_ok, volume_dryup, weekly_volume_dryup, weekly_strong",57,67,Stage 2,watchlist,weekly_breakout,53.11,10,3.6000000000000014,False,False,False,False,False
AGARWALEYE.NS,Dr. Agarwal's Health Care Limited,Healthcare,Healthcare,False,Cash,1,Stage 2,Stage 2,Early Stage 2,0.72,"Price has moved above long-term structure, but the full moving-average stack is not clean yet.",,,2026-10-05,,watchlist,weekly_forming,watchlist,33.36,60.01,45.35,5.0,33.36,60.01,50.35,6.51,15.55,141473636.38,"Stage 2, Early Stage 2, weekly_vcp_ok, volume_dryup, weekly_volume_dryup, weekly_strong",105,115,Stage 2,watchlist,weekly_forming,47.62,10,2.730000000000004,False,False,False,False,False
POLYMED.NS,Poly Medicure Limited,Healthcare,Healthcare,False,Cash,1,Stage 2 Failed,Stage 3,Failed Stage 2,0.72,"This stock was recently Stage 2, but the latest structure no longer satisfies Stage 2 rules. It is kept as Stage 2 Failed until a fresh base/repair structure forms.",Recent Stage 2 break; public stage held as Stage 2 Failed.,2026-10-06,2026-09-25,,watchlist,weekly_watchlist,watchlist,17.84,41.49,28.48,5.0,17.84,41.49,33.48,4.1,12.79,165582943.24,"Stage 3, Stage 3 - Transition, weekly_vcp_ok, volume_dryup, weekly_volume_dryup, weekly_strong, distribution_risk | Stage 2 failed state applied from stage memory.",277,287,Stage 2 Failed,watchlist,weekly_watchlist,30.94,10,2.5399999999999956,False,False,False,False,False
PAISALO.NS,Paisalo Digital Limited,Credit Services,Financial Services,False,Cash,1,Stage 2,Stage 2,Extended Stage 2,0.78,"Advancing structure remains intact, but price is stretched versus key moving averages or far above the 52-week low.",,,2026-10-05,,watchlist,weekly_watchlist,watchlist,55.89,26.0,42.44,0.0,55.89,26.0,42.44,18.23,111.79,1401155271.62,"Stage 2, Extended Stage 2, trend_template_ok, weekly_volume_dryup",179,189,Stage 2,watchlist,weekly_watchlist,40.37,10,2.0700000000000003,False,False,False,False,False
GMMPFAUDLR.NS,GMM Pfaudler Limited,Specialty Industrial Machinery,Industrials,False,Cash,1,Stage 2,Stage 2,Extended Stage 2,0.78,"Advancing structure remains intact, but price is stretched versus key moving averages or far above the 52-week low.",,,2026-10-05,,watchlist,weekly_breakout,watchlist,21.72,66.9,42.05,10.0,21.72,66.9,52.05,91.27,57.32,687647182.33,"Stage 2, Extended Stage 2, weekly_vcp_ok, volume_dryup, weekly_volume_dryup, weekly_strong",85,95,Stage 2,watchlist,weekly_breakout,50.01,10,2.039999999999999,False,False,False,False,False
AVL.NS,Aditya Vision Limited,Consumer Cyclical,Consumer Cyclical,False,Cash,1,Stage 2 Failed,Stage 1,Failed Stage 2,0.72,"This stock was recently Stage 2, but the latest structure no longer satisfies Stage 2 rules. It is kept as Stage 2 Failed until a fresh base/repair structure forms.",Recent Stage 2 break; public stage held as Stage 2 Failed.,2026-10-06,2026-09-25,,watchlist,weekly_watchlist,watchlist,0.0,9.18,4.13,2.0,0.0,9.18,6.13,-1.04,24.81,123864825.45,"Stage 1, Stage 1 - Base/Repair, volume_dryup, stage1_not_actionable, stage1_needs_more_base | Stage 2 failed state applied from stage memory.",806,816,Stage 2 Failed,watchlist,weekly_watchlist,5.83,10,0.2999999999999998,False,False,False,False,False
JUBLFOOD.NS,Jubilant Foodworks Limited,Consumer Cyclical,Consumer Cyclical,True,F&O,1,Stage 4,Stage 4,Stage 4 - Weak/Declining,0.72,Price is below long-term support with weak trend evidence.,,,,,watchlist,weekly_watchlist,watchlist,0.0,38.09,17.14,2.0,0.0,38.09,19.14,9.68,2.19,526227397.23,"Stage 4, Stage 4 - Weak/Declining, weekly_vcp_ok, volume_dryup, weekly_volume_dryup, weekly_strong, downtrend",562,572,Stage 4,watchlist,weekly_watchlist,19.01,10,0.129999999999999,False,False,False,False,False
SANDUMA.NS,Sandur Manganese & Iron Ores Limited,Steel,Basic Materials,False,Cash,1,Stage 4,Stage 4,Stage 4 - Confirmed Downtrend,0.86,Price is below a bearish moving-average stack with falling trend signals.,,,2026-06-22,,watchlist,weekly_watchlist,watchlist,0.0,35.8,16.11,5.0,0.0,35.8,21.11,-5.02,-8.16,94133623.72,"Stage 4, Stage 4 - Confirmed Downtrend, weekly_vcp_ok, volume_dryup, weekly_volume_dryup, weekly_strong, downtrend",505,515,Stage 4,watchlist,weekly_watchlist,21.11,10,0.0,False,False,False,False,False
GODREJPROP.NS,Godrej Properties Limited,Real Estate,Real Estate,True,F&O,1,Stage 4,Stage 4,Stage 4 - Weak/Declining,0.72,Price is below long-term support with weak trend evidence.,,,2026-08-28,,watchlist,weekly_watchlist,watchlist,0.0,36.9,16.61,2.0,0.0,36.9,18.61,-15.67,-4.91,1065683154.63,"Stage 4, Stage 4 - Weak/Declining, weekly_vcp_ok, volume_dryup, weekly_volume_dryup, weekly_strong, downtrend",574,584,Stage 4,watchlist,weekly_watchlist,18.61,10,0.0,False,False,False,False,False
VTL.NS,Vardhman Textiles Limited,Textile Manufacturing,Consumer Cyclical,False,Cash,1,Stage 4,Stage 4,Stage 4 - Weak/Declining,0.72,Price is below long-term support with weak trend evidence.,,,2026-08-14,,watchlist,weekly_watchlist,watchlist,12.2,4.0,8.51,10.0,12.2,4.0,18.51,-7.9,-0.37,197846381.24,"Stage 4, Stage 4 - Weak/Declining, volume_dryup, weekly_volume_dryup, downtrend",579,589,Stage 4,watchlist,weekly_watchlist,18.51,10,0.0,False,False,False,False,False
CAMS.NS,Computer Age Management Services Limited,Information Technology Services,Technology,True,F&O,1,Stage 4,Stage 4,Stage 4 - Weak/Declining,0.72,Price is below long-term support with weak trend evidence.,,,2026-08-31,,watchlist,weekly_watchlist,watchlist,0.0,33.8,15.21,2.0,0.0,33.8,17.21,-5.16,-1.41,836434151.35,"Stage 4, Stage 4 - Weak/Declining, weekly_vcp_ok, weekly_strong, downtrend",615,625,Stage 4,watchlist,weekly_watchlist,17.21,10,0.0,False,False,False,False,False
MUTHOOTFIN.NS,Muthoot Finance Limited,Credit Services,Financial Services,True,F&O,1,Stage 4,Stage 4,Stage 4 - Confirmed Downtrend,0.86,Price is below a bearish moving-average stack with falling trend signals.,,,,,watchlist,weekly_watchlist,watchlist,0.0,35.8,16.11,0.0,0.0,35.8,16.11,-9.54,-23.13,1571567357.76,"Stage 4, Stage 4 - Confirmed Downtrend, weekly_vcp_ok, volume_dryup, weekly_volume_dryup, weekly_strong, downtrend",642,652,Stage 4,watchlist,weekly_watchlist,16.11,10,0.0,False,False,False,False,False
TATAPOWER.NS,Tata Power Company Limited,Utilities,Utilities,True,F&O,1,Stage 4,Stage 4,Stage 4 - Weak/Declining,0.72,Price is below long-term support with weak trend evidence.,,,2026-06-23,,watchlist,weekly_watchlist,watchlist,0.0,35.8,16.11,0.0,0.0,35.8,16.11,-3.15,-12.77,1243636483.31,"Stage 4, Stage 4 - Weak/Declining, weekly_vcp_ok, weekly_volume_dryup, weekly_strong, downtrend",643,653,Stage 4,watchlist,weekly_watchlist,16.11,10,0.0,False,False,False,False,False
GMRAIRPORT.NS,GMR AIRPORTS LIMITED,Industrials,Industrials,True,F&O,1,Stage 4,Stage 4,Stage 4 - Weak/Declining,0.72,Price is below long-term support with weak trend evidence.,,,2026-08-19,,watchlist,weekly_watchlist,watchlist,0.0,35.8,16.11,0.0,0.0,35.8,16.11,-12.15,-1.46,1149081955.78,"Stage 4, Stage 4 - Weak/Declining, weekly_vcp_ok, weekly_strong, downtrend",644,654,Stage 4,watchlist,weekly_watchlist,16.11,10,0.0,False,False,False,False,False
SHREECEM.NS,SHREE CEMENT LIMITED,Building Materials,Basic Materials,True,F&O,1,Stage 4,Stage 4,Stage 4 - Confirmed Downtrend,0.86,Price is below a bearish moving-average stack with falling trend signals.,,,2026-08-10,,watchlist,weekly_watchlist,watchlist,0.0,35.8,16.11,0.0,0.0,35.8,16.11,-10.68,-7.68,942121279.25,"Stage 4, Stage 4 - Confirmed Downtrend, weekly_vcp_ok, weekly_strong, downtrend",645,655,Stage 4,watchlist,weekly_watchlist,16.11,10,0.0,False,False,False,False,False
ICICIPRULI.NS,ICICI Prudential Life Insurance Company Limited,Insurance - Life,Financial Services,True,F&O,1,Stage 4,Stage 4,Stage 4 - Confirmed Downtrend,0.86,Price is below a bearish moving-average stack with falling trend signals.,,,,,watchlist,weekly_watchlist,watchlist,0.0,35.8,16.11,0.0,0.0,35.8,16.11,-1.73,-14.87,736284649.76,"Stage 4, Stage 4 - Confirmed Downtrend, weekly_vcp_ok, weekly_strong, downtrend",646,656,Stage 4,watchlist,weekly_watchlist,16.11,10,0.0,False,False,False,False,False
FORTIS.NS,Fortis Healthcare Limited,Medical Care Facilities,Healthcare,True,F&O,1,Stage 4,Stage 4,Stage 4 - Weak/Declining,0.72,Price is below long-term support with weak trend evidence.,,,2026-07-29,,watchlist,weekly_watchlist,watchlist,0.0,35.8,16.11,0.0,0.0,35.8,16.11,-16.36,-9.21,1431700532.15,"Stage 4, Stage 4 - Weak/Declining, weekly_vcp_ok, weekly_strong, downtrend",647,657,Stage 4,watchlist,weekly_watchlist,16.11,10,0.0,False,False,False,False,False
RVNL.NS,Rail Vikas Nigam Limited,Engineering & Construction,Industrials,True,F&O,1,Stage 4,Stage 4,Stage 4 - Confirmed Downtrend,0.86,Price is below a bearish moving-average stack with falling trend signals.,,,,,watchlist,weekly_watchlist,watchlist,0.0,35.8,16.11,0.0,0.0,35.8,16.11,-9.67,-25.8,942259827.55,"Stage 4, Stage 4 - Confirmed Downtrend, weekly_vcp_ok, weekly_strong, downtrend",648,658,Stage 4,watchlist,weekly_watchlist,16.11,10,0.0,False,False,False,False,False
MFSL.NS,Max Financial Services Limited,Insurance - Life,Financial Services,True,F&O,1,Stage 4,Stage 4,Stage 4 - Confirmed Downtrend,0.86,Price is below a bearish moving-average stack with falling trend signals.,,,2026-06-23,,watchlist,weekly_watchlist,watchlist,0.0,35.8,16.11,0.0,0.0,35.8,16.11,-9.06,-16.92,2132420801.54,"Stage 4, Stage 4 - Confirmed Downtrend, weekly_vcp_ok, weekly_strong, downtrend",649,659,Stage 4,watchlist,weekly_watchlist,16.11,10,0.0,False,False,False,False,False
HINDCOPPER.NS,Hindustan Copper Limited,Basic Materials,Basic Materials,False,Cash,1,Stage 4,Stage 4,Stage 4 - Weak/Declining,0.72,Price is below long-term support with weak trend evidence.,,,2026-08-24,,watchlist,weekly_watchlist,watchlist,0.0,35.8,16.11,0.0,0.0,35.8,16.11,2.36,-6.7,3149076073.87,"Stage 4, Stage 4 - Weak/Declining, weekly_vcp_ok, volume_dryup, weekly_volume_dryup, weekly_strong, downtrend",650,660,Stage 4,watchlist,weekly_watchlist,16.11,10,0.0,False,False,False,False,False
VIYASH.NS,Viyash Scientific Limited,Drug Manufacturers - Specialty & Generic,Healthcare,False,Cash,1,Stage 2 Failed,Stage 1,Failed Stage 2,0.72,"This stock was recently Stage 2, but the latest structure no longer satisfies Stage 2 rules. It is kept as Stage 2 Failed until a fresh base/repair structure forms.",Recent Stage 2 break; public stage held as Stage 2 Failed.,2026-10-06,2026-09-22,,watchlist,weekly_watchlist,watchlist,0.0,10.31,4.64,10.0,0.0,10.31,14.64,-11.41,14.47,554033238.83,"Stage 1, Stage 1 - Base/Repair, volume_dryup, weekly_volume_dryup, stage1_not_actionable, stage1_needs_more_base | Stage 2 failed state applied from stage memory.",695,705,Stage 2 Failed,watchlist,weekly_watchlist,14.7,10,-0.05999999999999872,False,False,False,False,False
SANDHAR.NS,Sandhar Technologies Limited,Auto Parts,Consumer Cyclical,False,Cash,1,Stage 2 Failed,Stage 1,Failed Stage 2,0.72,"This stock was recently Stage 2, but the latest structure no longer satisfies Stage 2 rules. It is kept as Stage 2 Failed until a fresh base/repair structure forms.",Recent Stage 2 break; public stage held as Stage 2 Failed.,2026-10-06,2026-09-22,,watchlist,weekly_watchlist,watchlist,0.0,3.69,1.66,5.0,0.0,3.69,6.66,-11.85,16.79,65017842.0,"Stage 1, Stage 1 - Base/Repair, volume_dryup, weekly_volume_dryup, stage1_not_actionable, stage1_needs_more_base | Stage 2 failed state applied from stage memory.",788,798,Stage 2 Failed,watchlist,weekly_watchlist,6.87,10,-0.20999999999999996,False,False,False,False,False
ENTERO.NS,Entero Healthcare Solutions Limited,Healthcare,Healthcare,False,Cash,1,Stage 2,Stage 2,Clean Stage 2,0.9,"Price is above rising key averages, weekly structure is supportive, and the stock is near its 52-week high.",,,2026-10-05,,watchlist,weekly_breakout,watchlist,43.0,66.9,53.76,5.0,43.0,66.9,58.76,51.47,49.11,390538939.17,"Stage 2, Clean Stage 2, trend_template_ok, weekly_vcp_ok, volume_dryup, weekly_volume_dryup, weekly_strong",49,58,Stage 2,watchlist,weekly_breakout,54.88,9,3.8799999999999955,False,False,False,False,False
SMLMAH.NS,SML Mahindra Limited,Auto Manufacturers,Consumer Cyclical,False,Cash,1,Stage 2,Stage 2,Extended Stage 2,0.78,"Advancing structure remains intact, but price is stretched versus key moving averages or far above the 52-week low.",,,2026-10-05,,watchlist,weekly_breakout,watchlist,41.52,73.8,56.05,2.0,41.52,73.8,58.05,55.0,49.51,379372750.43,"Stage 2, Extended Stage 2, trend_template_ok, weekly_vcp_ok, volume_dryup, weekly_volume_dryup, weekly_strong",51,60,Stage 2,watchlist,weekly_breakout,54.5,9,3.549999999999997,False,False,False,False,False
ACMESOLAR.NS,Acme Solar Holdings Limited,Utilities - Renewable,Utilities,False,Cash,1,Stage 2,Stage 2,Clean Stage 2,0.9,"Price is above rising key averages, weekly structure is supportive, and the stock is near its 52-week high.",,,2026-10-05,,forming_vcp,weekly_watchlist,watchlist,61.23,30.4,47.36,0.0,61.23,30.4,47.36,23.52,58.63,1038706255.72,"Stage 2, Clean Stage 2, trend_template_ok, daily_vcp_ok, volume_dryup, weekly_volume_dryup",132,141,Stage 2,watchlist,weekly_watchlist,45.29,9,2.0700000000000003,False,False,False,False,False
SHAREINDIA.NS,Share India Securities Limited,Capital Markets,Financial Services,False,Cash,1,Stage 2,Stage 2,Clean Stage 2,0.9,"Price is above rising key averages, weekly structure is supportive, and the stock is near its 52-week high.",,,2026-10-05,,forming_vcp,weekly_watchlist,watchlist,59.95,21.71,42.74,0.0,59.95,21.71,42.74,23.4,49.75,1849592116.46,"Stage 2, Clean Stage 2, trend_template_ok, daily_vcp_ok, volume_dryup, weekly_volume_dryup",175,184,Stage 2,watchlist,weekly_watchlist,40.79,9,1.9500000000000028,False,False,False,False,False
NLCINDIA.NS,NLC India Limited,Utilities,Utilities,False,Cash,1,Stage 4,Stage 4,Stage 4 - Weak/Declining,0.72,Price is below long-term support with weak trend evidence.,,,2026-07-17,,watchlist,weekly_watchlist,watchlist,13.19,4.0,9.05,0.0,13.19,4.0,9.05,-14.35,-5.29,383995606.72,"Stage 4, Stage 4 - Weak/Declining, volume_dryup, weekly_volume_dryup, downtrend",764,773,Stage 4,watchlist,weekly_watchlist,8.61,9,0.4400000000000013,False,False,False,False,False
BLS.NS,BLS International Services Limited,Industrials,Industrials,False,Cash,1,Stage 4,Stage 4,Stage 4 - Confirmed Downtrend,0.86,Price is below a bearish moving-average stack with falling trend signals.,,,,,watchlist,weekly_watchlist,watchlist,13.1,36.9,23.81,0.0,13.1,36.9,23.81,0.31,-21.36,162196216.42,"Stage 4, Stage 4 - Confirmed Downtrend, weekly_vcp_ok, volume_dryup, weekly_volume_dryup, weekly_strong, downtrend",420,429,Stage 4,watchlist,weekly_watchlist,23.81,9,0.0,False,False,False,False,False
MOIL.NS,MOIL Limited,Basic Materials,Basic Materials,False,Cash,1,Stage 4,Stage 4,Stage 4 - Confirmed Downtrend,0.86,Price is below a bearish moving-average stack with falling trend signals.,,,,,watchlist,weekly_watchlist,watchlist,12.2,35.8,22.82,0.0,12.2,35.8,22.82,-6.94,-20.92,123485184.78,"Stage 4, Stage 4 - Confirmed Downtrend, weekly_vcp_ok, volume_dryup, weekly_volume_dryup, weekly_strong, downtrend",449,458,Stage 4,watchlist,weekly_watchlist,22.82,9,0.0,False,False,False,False,False
ZEEL.NS,Zee Entertainment Enterprises Limited,Communication Services,Communication Services,False,Cash,1,Stage 4,Stage 4,Stage 4 - Weak/Declining,0.72,Price is below long-term support with weak trend evidence.,,,2026-08-21,,watchlist,weekly_watchlist,watchlist,0.0,35.8,16.11,5.0,0.0,35.8,21.11,-19.29,-6.35,1090385617.24,"Stage 4, Stage 4 - Weak/Declining, weekly_vcp_ok, volume_dryup, weekly_volume_dryup, weekly_strong, downtrend",507,516,Stage 4,watchlist,weekly_watchlist,21.11,9,0.0,False,False,False,False,False
DELHIVERY.NS,Delhivery Limited,Industrials,Industrials,True,F&O,1,Stage 4,Stage 4,Stage 4 - Weak/Declining,0.72,Price is below long-term support with weak trend evidence.,,,2026-09-04,,watchlist,weekly_watchlist,watchlist,4.2,36.9,18.91,0.0,4.2,36.9,18.91,-17.05,-11.59,1128747303.25,"Stage 4, Stage 4 - Weak/Declining, weekly_vcp_ok, weekly_volume_dryup, weekly_strong, downtrend",566,575,Stage 4,watchlist,weekly_watchlist,18.91,9,0.0,False,False,False,False,False
BHARTIHEXA.NS,Bharti Hexacom Limited,Telecom Services,Communication Services,False,Cash,1,Stage 4,Stage 4,Stage 4 - Weak/Declining,0.72,Price is below long-term support with weak trend evidence.,,,,,watchlist,weekly_watchlist,watchlist,0.0,38.0,17.1,0.0,0.0,38.0,17.1,-6.15,-7.15,180738153.34,"Stage 4, Stage 4 - Weak/Declining, weekly_vcp_ok, weekly_strong, downtrend",618,627,Stage 4,watchlist,weekly_watchlist,17.1,9,0.0,False,False,False,False,False
PILANIINVS.NS,Pilani Investment and Industries Corporation Limited,Asset Management,Financial Services,False,Cash,1,Stage 4,Stage 4,Stage 4 - Confirmed Downtrend,0.86,Price is below a bearish moving-average stack with falling trend signals.,,,,,watchlist,weekly_watchlist,watchlist,0.0,38.0,17.1,0.0,0.0,38.0,17.1,-0.95,-8.89,11926390.64,"Stage 4, Stage 4 - Confirmed Downtrend, weekly_vcp_ok, weekly_strong, downtrend",619,628,Stage 4,watchlist,weekly_watchlist,17.1,9,0.0,False,False,False,False,False
ULTRACEMCO.NS,UltraTech Cement Limited,Building Materials,Basic Materials,True,F&O,1,Stage 4,Stage 4,Stage 4 - Weak/Declining,0.72,Price is below long-term support with weak trend evidence.,,,2026-08-28,,watchlist,weekly_watchlist,watchlist,0.0,35.8,16.11,0.0,0.0,35.8,16.11,-0.18,-4.51,3172975423.55,"Stage 4, Stage 4 - Weak/Declining, weekly_vcp_ok, weekly_strong, downtrend",641,650,Stage 4,watchlist,weekly_watchlist,16.11,9,0.0,False,False,False,False,False
ASTRAL.NS,Astral Limited,Building Products & Equipment,Industrials,True,F&O,1,Stage 4,Stage 4,Stage 4 - Weak/Declining,0.72,Price is below long-term support with weak trend evidence.,,,2026-06-22,,watchlist,weekly_watchlist,watchlist,0.0,35.8,16.11,0.0,0.0,35.8,16.11,11.27,-13.0,730407265.18,"Stage 4, Stage 4 - Weak/Declining, weekly_vcp_ok, volume_dryup, weekly_volume_dryup, weekly_strong, downtrend",652,661,Stage 4,watchlist,weekly_watchlist,16.11,9,0.0,False,False,False,False,False
GODFRYPHLP.NS,Godfrey Phillips India Limited,Consumer Defensive,Consumer Defensive,True,F&O,1,Stage 4,Stage 4,Stage 4 - Confirmed Downtrend,0.86,Price is below a bearish moving-average stack with falling trend signals.,,,,,watchlist,weekly_watchlist,watchlist,0.0,35.8,16.11,0.0,0.0,35.8,16.11,-3.7,-7.43,335106017.94,"Stage 4, Stage 4 - Confirmed Downtrend, weekly_vcp_ok, volume_dryup, weekly_volume_dryup, weekly_strong, downtrend",653,662,Stage 4,watchlist,weekly_watchlist,16.11,9,0.0,False,False,False,False,False
CREDITACC.NS,CREDITACCESS GRAMEEN LIMITED,Credit Services,Financial Services,False,Cash,1,Stage 4,Stage 4,Stage 4,0.66,Declining structure detected.,,,2026-09-14,,watchlist,weekly_watchlist,watchlist,0.0,35.8,16.11,0.0,0.0,35.8,16.11,-13.5,4.34,219198147.38,"Stage 4, Stage 4, weekly_vcp_ok, weekly_volume_dryup, weekly_strong, downtrend",655,664,Stage 4,watchlist,weekly_watchlist,16.11,9,0.0,False,False,False,False,False
GREENLAM.NS,Greenlam Industries Limited,"Furnishings, Fixtures & Appliances",Consumer Cyclical,False,Cash,1,Stage 4,Stage 4,Stage 4 - Weak/Declining,0.72,Price is below long-term support with weak trend evidence.,,,2026-08-27,,watchlist,weekly_watchlist,watchlist,0.0,35.8,16.11,0.0,0.0,35.8,16.11,-13.14,-2.12,10867242.59,"Stage 4, Stage 4 - Weak/Declining, weekly_vcp_ok, volume_dryup, weekly_volume_dryup, weekly_strong, downtrend",671,680,Stage 4,watchlist,weekly_watchlist,16.11,9,0.0,False,False,False,False,False
ICRA.NS,ICRA Limited,Financial Services,Financial Services,False,Cash,1,Stage 4,Stage 4,Stage 4 - Confirmed Downtrend,0.86,Price is below a bearish moving-average stack with falling trend signals.,,,,,watchlist,weekly_watchlist,watchlist,0.0,35.8,16.11,0.0,0.0,35.8,16.11,-9.74,-15.08,122487792.59,"Stage 4, Stage 4 - Confirmed Downtrend, weekly_vcp_ok, weekly_volume_dryup, weekly_strong, downtrend",672,681,Stage 4,watchlist,weekly_watchlist,16.11,9,0.0,False,False,False,False,False
BPCL.NS,Bharat Petroleum Corporation Limited,Oil & Gas Refining & Marketing,Energy,True,F&O,1,Stage 4,Stage 4,Stage 4 - Weak/Declining,0.72,Price is below long-term support with weak trend evidence.,,,,,watchlist,weekly_watchlist,watchlist,0.0,0.0,0.0,5.0,0.0,0.0,5.0,1.64,3.41,1317471214.93,"Stage 4, Stage 4 - Weak/Declining, volume_dryup, downtrend",817,826,Stage 4,watchlist,weekly_watchlist,5.0,9,0.0,False,False,False,False,False
GLOBUSSPR.NS,Globus Spirits Limited,Consumer Defensive,Consumer Defensive,False,Cash,1,Stage 4,Stage 4,Stage 4 - Confirmed Downtrend,0.86,Price is below a bearish moving-average stack with falling trend signals.,,,,,watchlist,weekly_watchlist,watchlist,11.56,0.0,6.36,0.0,11.56,0.0,6.36,-6.53,-11.54,62269559.87,"Stage 4, Stage 4 - Confirmed Downtrend, volume_dryup, weekly_volume_dryup, downtrend",799,808,Stage 4,watchlist,weekly_watchlist,6.39,9,-0.02999999999999936,False,False,False,False,False
PRINCEPIPE.NS,Prince Pipes And Fittings Limited,Building Products & Equipment,Industrials,False,Cash,1,Stage 1,Stage 1,Stage 1 - Base/Repair,0.7,Price is near long-term moving averages with no strong long-term downtrend signal.,,,2026-09-10,,watchlist,weekly_watchlist,watchlist,7.9,43.0,23.7,0.0,7.9,43.0,23.7,1.93,10.07,35284486.83,"Stage 1, Stage 1 - Base/Repair, weekly_vcp_ok, volume_dryup, weekly_volume_dryup, weekly_strong, stage1_not_actionable, stage1_needs_more_base",426,435,Stage 1,watchlist,weekly_watchlist,23.73,9,-0.030000000000001137,False,False,False,False,False
UNOMINDA.NS,UNO Minda Limited,Auto Parts,Consumer Cyclical,True,F&O,1,Stage 2 Failed,Stage 4,Failed Stage 2,0.72,"This stock was recently Stage 2, but the latest structure no longer satisfies Stage 2 rules. It is kept as Stage 2 Failed until a fresh base/repair structure forms.",Recent Stage 2 break; public stage held as Stage 2 Failed.,2026-10-06,2026-09-22,,watchlist,weekly_watchlist,watchlist,0.0,22.75,10.24,5.0,0.0,22.75,15.24,1.64,4.89,674544132.57,"Stage 4, Stage 4 - Weak/Declining, weekly_vcp_ok, downtrend | Stage 2 failed state applied from stage memory.",690,699,Stage 2 Failed,watchlist,weekly_watchlist,15.39,9,-0.15000000000000036,False,False,False,False,False
ACC.NS,ACC Limited,Building Materials,Basic Materials,False,Cash,1,Stage 4,Stage 4,Stage 4 - Confirmed Downtrend,0.86,Price is below a bearish moving-average stack with falling trend signals.,,,,,watchlist,weekly_watchlist,watchlist,1.9,36.9,17.65,0.0,1.9,36.9,17.65,-8.96,-16.07,170635414.49,"Stage 4, Stage 4 - Confirmed Downtrend, weekly_vcp_ok, weekly_strong, downtrend",607,616,Stage 4,watchlist,weekly_watchlist,17.89,9,-0.240000000000002,False,False,False,False,False
EDELWEISS.NS,Edelweiss Financial Services Limited,Financial Services,Financial Services,False,Cash,1,Stage 2,Stage 2,Clean Stage 2,0.9,"Price is above rising key averages, weekly structure is supportive, and the stock is near its 52-week high.",,,2026-10-05,,watchlist,weekly_breakout,watchlist,58.49,70.72,63.99,0.0,58.49,70.72,63.99,18.69,19.47,1017547367.82,"Stage 2, Clean Stage 2, trend_template_ok, weekly_vcp_ok, weekly_volume_dryup, weekly_strong",24,32,Stage 2,watchlist,weekly_breakout,60.34,8,3.6499999999999986,False,False,False,False,False
MANORAMA.NS,Manorama Industries Limited,Packaged Foods,Consumer Defensive,False,Cash,1,Stage 2,Stage 2,Clean Stage 2,0.9,"Price is above rising key averages, weekly structure is supportive, and the stock is near its 52-week high.",,,2026-10-05,,watchlist,weekly_near_pivot,watchlist,40.5,60.1,49.32,2.0,40.5,60.1,51.32,28.52,54.31,303794452.2,"Stage 2, Clean Stage 2, trend_template_ok, weekly_vcp_ok, volume_dryup, weekly_volume_dryup",92,100,Stage 2,watchlist,weekly_forming,49.28,8,2.039999999999999,False,False,False,False,False
KRBL.NS,KRBL Limited,Packaged Foods,Consumer Defensive,False,Cash,1,Stage 2,Stage 2,Early Stage 2,0.72,"Price has moved above long-term structure, but the full moving-average stack is not clean yet.",,,2026-10-05,,watchlist,weekly_forming,watchlist,17.86,62.06,37.75,2.0,17.86,62.06,39.75,12.14,19.47,146355515.75,"Stage 2, Early Stage 2, weekly_vcp_ok, volume_dryup, weekly_volume_dryup, weekly_strong",211,219,Stage 2,watchlist,weekly_forming,37.73,8,2.020000000000003,False,False,False,False,False
MOTHERSON.NS,Samvardhana Motherson International Limited,Auto Parts,Consumer Cyclical,True,F&O,1,Stage 2,Stage 2,Early Stage 2,0.72,"Price has moved above long-term structure, but the full moving-average stack is not clean yet.",,,2026-10-05,,watchlist,weekly_watchlist,watchlist,20.35,32.4,25.77,5.0,20.35,32.4,30.77,16.56,35.4,1743518828.24,"Stage 2, Early Stage 2, volume_dryup, weekly_volume_dryup",304,312,Stage 2,watchlist,weekly_watchlist,29.24,8,1.5300000000000011,False,False,False,False,False
360ONE.NS,360 ONE WAM LIMITED,Asset Management,Financial Services,True,F&O,1,Stage 4,Stage 4,Stage 4 - Weak/Declining,0.72,Price is below long-term support with weak trend evidence.,,,2026-09-08,,watchlist,weekly_watchlist,watchlist,14.06,4.68,9.84,0.0,14.06,4.68,9.84,-0.64,7.4,993807243.26,"Stage 4, Stage 4 - Weak/Declining, weekly_volume_dryup, downtrend",759,767,Stage 4,watchlist,weekly_watchlist,9.27,8,0.5700000000000003,False,False,False,False,False
MANINFRA.NS,Man Infraconstruction Limited,Engineering & Construction,Industrials,False,Cash,1,Stage 2,Stage 2,Early Stage 2,0.72,"Price has moved above long-term structure, but the full moving-average stack is not clean yet.",,,2026-10-05,,watchlist,weekly_watchlist,watchlist,14.46,39.31,25.64,0.0,14.46,39.31,25.64,26.9,34.19,266727532.07,"Stage 2, Early Stage 2, volume_dryup, weekly_volume_dryup",384,392,Stage 2,watchlist,weekly_watchlist,25.29,8,0.3500000000000014,False,False,False,False,False
GMRP&UI.NS,GMR Power and Urban Infra Limited,Energy,Energy,False,Cash,1,Stage 4,Stage 4,Stage 4 - Weak/Declining,0.72,Price is below long-term support with weak trend evidence.,,,,,watchlist,weekly_watchlist,watchlist,8.57,37.6,21.63,5.0,8.57,37.6,26.63,8.18,-1.22,162235407.97,"Stage 4, Stage 4 - Weak/Declining, weekly_vcp_ok, weekly_strong, downtrend",352,360,Stage 4,watchlist,weekly_watchlist,26.34,8,0.28999999999999915,False,False,False,False,False
INTELLECT.NS,Intellect Design Arena Limited,Software - Application,Technology,False,Cash,1,Stage 4,Stage 4,Stage 4 - Confirmed Downtrend,0.86,Price is below a bearish moving-average stack with falling trend signals.,,,,,watchlist,weekly_watchlist,watchlist,7.68,35.8,20.33,5.0,7.68,35.8,25.33,-15.34,-6.04,178527807.6,"Stage 4, Stage 4 - Confirmed Downtrend, weekly_vcp_ok, volume_dryup, weekly_volume_dryup, weekly_strong, downtrend",389,397,Stage 4,watchlist,weekly_watchlist,25.09,8,0.23999999999999844,False,False,False,False,False
LICI.NS,Life Insurance Corporation Of India,Insurance - Life,Financial Services,True,F&O,1,Stage 4,Stage 4,Stage 4 - Weak/Declining,0.72,Price is below long-term support with weak trend evidence.,,,2026-08-03,,watchlist,weekly_watchlist,watchlist,7.28,0.0,4.0,0.0,7.28,0.0,4.0,-7.34,0.17,2691622321.83,"Stage 4, Stage 4 - Weak/Declining, volume_dryup, weekly_volume_dryup, downtrend",835,843,Stage 4,watchlist,weekly_watchlist,3.98,8,0.020000000000000018,False,False,False,False,False
APTUS.NS,Aptus Value Housing Finance India Limited,Mortgage Finance,Financial Services,False,Cash,1,Stage 4,Stage 4,Stage 4 - Confirmed Downtrend,0.86,Price is below a bearish moving-average stack with falling trend signals.,,,2026-07-30,,watchlist,weekly_watchlist,watchlist,8.2,35.8,20.62,0.0,8.2,35.8,20.62,-16.48,0.8,400002006.37,"Stage 4, Stage 4 - Confirmed Downtrend, weekly_vcp_ok, weekly_volume_dryup, weekly_strong, downtrend",526,534,Stage 4,watchlist,weekly_watchlist,20.62,8,0.0,False,False,False,False,False
RPSGVENT.NS,RPSG VENTURES LIMITED,Information Technology Services,Technology,False,Cash,1,Stage 3,Stage 3,Stage 3 - Distribution/Damage,0.76,"Prior strength exists, but short-term and/or weekly structure is deteriorating.",,,2026-09-09,,watchlist,weekly_watchlist,watchlist,0.0,40.9,18.41,2.0,0.0,40.9,20.41,-4.34,-12.98,24884071.53,"Stage 3, Stage 3 - Distribution/Damage, weekly_vcp_ok, weekly_volume_dryup, weekly_strong, distribution_risk",529,537,Stage 3,watchlist,weekly_watchlist,20.41,8,0.0,False,False,False,False,False
INDRAMEDCO.NS,Indraprastha Medical Corporation Limited,Medical Care Facilities,Healthcare,False,Cash,1,Stage 4,Stage 4,Stage 4 - Confirmed Downtrend,0.86,Price is below a bearish moving-average stack with falling trend signals.,,,,,watchlist,weekly_watchlist,watchlist,0.0,36.9,16.61,0.0,0.0,36.9,16.61,-6.11,-21.96,77594718.09,"Stage 4, Stage 4 - Confirmed Downtrend, weekly_vcp_ok, volume_dryup, weekly_volume_dryup, weekly_strong, downtrend",635,643,Stage 4,watchlist,weekly_watchlist,16.61,8,0.0,False,False,False,False,False
HEIDELBERG.NS,HeidelbergCement India Limited,Building Materials,Basic Materials,False,Cash,1,Stage 4,Stage 4,Stage 4 - Confirmed Downtrend,0.86,Price is below a bearish moving-average stack with falling trend signals.,,,,,watchlist,weekly_watchlist,watchlist,0.0,36.9,16.61,0.0,0.0,36.9,16.61,-10.52,-10.86,26817900.13,"Stage 4, Stage 4 - Confirmed Downtrend, weekly_vcp_ok, weekly_volume_dryup, weekly_strong, downtrend",636,644,Stage 4,watchlist,weekly_watchlist,16.61,8,0.0,False,False,False,False,False
CENTURYPLY.NS,Century Plyboards (India) Limited,Basic Materials,Basic Materials,False,Cash,1,Stage 4,Stage 4,Stage 4 - Confirmed Downtrend,0.86,Price is below a bearish moving-average stack with falling trend signals.,,,2026-08-11,,watchlist,weekly_watchlist,watchlist,0.0,35.8,16.11,0.0,0.0,35.8,16.11,-7.37,-6.44,70097955.16,"Stage 4, Stage 4 - Confirmed Downtrend, weekly_vcp_ok, weekly_strong, downtrend",657,665,Stage 4,watchlist,weekly_watchlist,16.11,8,0.0,False,False,False,False,False
KEC.NS,KEC International Limited,Engineering & Construction,Industrials,False,Cash,1,Stage 4,Stage 4,Stage 4 - Confirmed Downtrend,0.86,Price is below a bearish moving-average stack with falling trend signals.,,,,,watchlist,weekly_watchlist,watchlist,0.0,35.8,16.11,0.0,0.0,35.8,16.11,-20.24,-31.91,412578401.04,"Stage 4, Stage 4 - Confirmed Downtrend, weekly_vcp_ok, volume_dryup, weekly_volume_dryup, weekly_strong, downtrend",658,666,Stage 4,watchlist,weekly_watchlist,16.11,8,0.0,False,False,False,False,False
RELIGARE.NS,Religare Enterprises Limited,Insurance - Life,Financial Services,False,Cash,1,Stage 2 Failed,Stage 4,Failed Stage 2,0.72,"This stock was recently Stage 2, but the latest structure no longer satisfies Stage 2 rules. It is kept as Stage 2 Failed until a fresh base/repair structure forms.",Recent Stage 2 break; public stage held as Stage 2 Failed.,2026-10-06,2026-09-23,,watchlist,weekly_watchlist,watchlist,0.0,35.8,16.11,0.0,0.0,35.8,16.11,-11.48,1.81,175376395.21,"Stage 4, Stage 4, weekly_vcp_ok, volume_dryup, weekly_volume_dryup, weekly_strong, downtrend | Stage 2 failed state applied from stage memory.",666,674,Stage 2 Failed,watchlist,weekly_watchlist,16.11,8,0.0,False,False,False,False,False
RCF.NS,Rashtriya Chemicals and Fertilizers Limited,Agricultural Inputs,Basic Materials,False,Cash,1,Stage 4,Stage 4,Stage 4 - Confirmed Downtrend,0.86,Price is below a bearish moving-average stack with falling trend signals.,,,,,watchlist,weekly_watchlist,watchlist,0.0,35.8,16.11,0.0,0.0,35.8,16.11,-11.44,-11.78,108898595.52,"Stage 4, Stage 4 - Confirmed Downtrend, weekly_vcp_ok, volume_dryup, weekly_volume_dryup, weekly_strong, downtrend",667,675,Stage 4,watchlist,weekly_watchlist,16.11,8,0.0,False,False,False,False,False
GSFC.NS,Gujarat State Fertilizers & Chemicals Limited,Agricultural Inputs,Basic Materials,False,Cash,1,Stage 4,Stage 4,Stage 4 - Weak/Declining,0.72,Price is below long-term support with weak trend evidence.,,,,,watchlist,weekly_watchlist,watchlist,0.0,35.8,16.11,0.0,0.0,35.8,16.11,3.08,-4.56,136385347.53,"Stage 4, Stage 4 - Weak/Declining, weekly_vcp_ok, volume_dryup, weekly_volume_dryup, weekly_strong, downtrend",668,676,Stage 4,watchlist,weekly_watchlist,16.11,8,0.0,False,False,False,False,False
ASHAPURMIN.NS,Ashapura Minechem Limited,Basic Materials,Basic Materials,False,Cash,1,Stage 4,Stage 4,Stage 4 - Confirmed Downtrend,0.86,Price is below a bearish moving-average stack with falling trend signals.,,,2026-08-07,,watchlist,weekly_watchlist,watchlist,0.0,35.8,16.11,0.0,0.0,35.8,16.11,-16.14,-3.95,159343634.39,"Stage 4, Stage 4 - Confirmed Downtrend, weekly_vcp_ok, volume_dryup, weekly_volume_dryup, weekly_strong, downtrend",669,677,Stage 4,watchlist,weekly_watchlist,16.11,8,0.0,False,False,False,False,False
ARVINDFASN.NS,Arvind Fashions Limited,Apparel Manufacturing,Consumer Cyclical,False,Cash,1,Stage 4,Stage 4,Stage 4 - Confirmed Downtrend,0.86,Price is below a bearish moving-average stack with falling trend signals.,,,,,watchlist,weekly_watchlist,watchlist,0.0,35.8,16.11,0.0,0.0,35.8,16.11,-6.81,-10.27,95743797.7,"Stage 4, Stage 4 - Confirmed Downtrend, weekly_vcp_ok, weekly_strong, downtrend",670,678,Stage 4,watchlist,weekly_watchlist,16.11,8,0.0,False,False,False,False,False
SWSOLAR.NS,Sterling and Wilson Renewable Energy Limited,Solar,Technology,False,Cash,1,Stage 4,Stage 4,Stage 4 - Confirmed Downtrend,0.86,Price is below a bearish moving-average stack with falling trend signals.,,,,,watchlist,weekly_watchlist,watchlist,0.0,35.8,16.11,0.0,0.0,35.8,16.11,-22.43,-2.52,211864939.18,"Stage 4, Stage 4 - Confirmed Downtrend, weekly_vcp_ok, weekly_strong, downtrend",674,682,Stage 4,watchlist,weekly_watchlist,16.11,8,0.0,False,False,False,False,False
WEBELSOLAR.NS,Websol Energy System Limited,Solar,Technology,False,Cash,1,Stage 4,Stage 4,Stage 4 - Weak/Declining,0.72,Price is below long-term support with weak trend evidence.,,,,,watchlist,weekly_watchlist,watchlist,0.0,35.8,16.11,0.0,0.0,35.8,16.11,-24.14,-9.83,117798308.24,"Stage 4, Stage 4 - Weak/Declining, weekly_vcp_ok, volume_dryup, weekly_volume_dryup, weekly_strong, downtrend",675,683,Stage 4,watchlist,weekly_watchlist,16.11,8,0.0,False,False,False,False,False
BAYERCROP.NS,Bayer Cropscience Limited,Agricultural Inputs,Basic Materials,False,Cash,1,Stage 4,Stage 4,Stage 4 - Confirmed Downtrend,0.86,Price is below a bearish moving-average stack with falling trend signals.,,,,,watchlist,weekly_watchlist,watchlist,9.1,3.2,6.45,0.0,9.1,3.2,6.45,-8.41,-24.6,127996363.96,"Stage 4, Stage 4 - Confirmed Downtrend, downtrend",796,804,Stage 4,watchlist,weekly_watchlist,6.45,8,0.0,False,False,False,False,False
TATAELXSI.NS,Tata Elxsi Limited,Software - Application,Technology,True,F&O,1,Stage 4,Stage 4,Stage 4 - Confirmed Downtrend,0.86,Price is below a bearish moving-average stack with falling trend signals.,,,,,watchlist,weekly_watchlist,watchlist,0.0,0.0,0.0,5.0,0.0,0.0,5.0,-11.55,-27.79,782740646.03,"Stage 4, Stage 4 - Confirmed Downtrend, downtrend",820,828,Stage 4,watchlist,weekly_watchlist,5.0,8,0.0,False,False,False,False,False
KFINTECH.NS,Kfin Technologies Limited,Software - Application,Technology,True,F&O,1,Stage 4,Stage 4,Stage 4 - Weak/Declining,0.72,Price is below long-term support with weak trend evidence.,,,,,watchlist,weekly_watchlist,watchlist,0.0,0.0,0.0,5.0,0.0,0.0,5.0,1.79,-1.95,470188613.27,"Stage 4, Stage 4 - Weak/Declining, volume_dryup, weekly_volume_dryup, downtrend",822,830,Stage 4,watchlist,weekly_watchlist,5.0,8,0.0,False,False,False,False,False
INDIAGLYCO.NS,India Glycols Limited,Chemicals,Basic Materials,False,Cash,1,Stage 4,Stage 4,Stage 4 - Confirmed Downtrend,0.86,Price is below a bearish moving-average stack with falling trend signals.,,,2026-09-01,,watchlist,weekly_watchlist,watchlist,0.0,0.0,0.0,5.0,0.0,0.0,5.0,-64.78,-64.73,219298161.38,"Stage 4, Stage 4 - Confirmed Downtrend, weekly_volume_dryup, downtrend",823,831,Stage 4,watchlist,weekly_watchlist,5.0,8,0.0,False,False,False,False,False
EICHERMOT.NS,Eicher Motors Limited,Auto Manufacturers,Consumer Cyclical,True,F&O,1,Stage 2 Failed,Stage 1,Failed Stage 2,0.72,"This stock was recently Stage 2, but the latest structure no longer satisfies Stage 2 rules. It is kept as Stage 2 Failed until a fresh base/repair structure forms.",Recent Stage 2 break; public stage held as Stage 2 Failed.,2026-10-06,2026-09-23,,watchlist,weekly_watchlist,watchlist,0.0,41.8,18.81,2.0,0.0,41.8,20.81,1.42,-3.19,2568306796.45,"Stage 1, Stage 1 - Base/Repair, weekly_vcp_ok, weekly_strong, stage1_not_actionable, stage1_needs_more_base | Stage 2 failed state applied from stage memory.",521,529,Stage 2 Failed,watchlist,weekly_watchlist,20.82,8,-0.010000000000001563,False,False,False,False,False
DOMS.NS,DOMS Industries Limited,Industrials,Industrials,False,Cash,1,Stage 4,Stage 4,Stage 4 - Confirmed Downtrend,0.86,Price is below a bearish moving-average stack with falling trend signals.,,,,,watchlist,weekly_watchlist,watchlist,11.78,36.9,23.08,0.0,11.78,36.9,23.08,-2.99,-11.73,68111859.24,"Stage 4, Stage 4 - Confirmed Downtrend, weekly_vcp_ok, volume_dryup, weekly_volume_dryup, weekly_strong, downtrend",444,452,Stage 4,watchlist,weekly_watchlist,23.12,8,-0.0400000000000027,False,False,False,False,False
OIL.NS,Oil India Limited,Energy,Energy,True,F&O,1,Stage 2 Failed,Stage 1,Failed Stage 2,0.72,"This stock was recently Stage 2, but the latest structure no longer satisfies Stage 2 rules. It is kept as Stage 2 Failed until a fresh base/repair structure forms.",Recent Stage 2 break; public stage held as Stage 2 Failed.,2026-10-06,2026-09-28,,watchlist,weekly_watchlist,watchlist,15.96,3.88,10.52,5.0,15.96,3.88,15.52,10.71,-3.94,1029943234.15,"Stage 1, Stage 1 - Base/Repair, volume_dryup, stage1_not_actionable, stage1_needs_more_base | Stage 2 failed state applied from stage memory.",686,694,Stage 2 Failed,watchlist,weekly_watchlist,15.81,8,-0.2900000000000009,False,False,False,False,False
TRIVENI.NS,Triveni Engineering & Industries Limited,Consumer Defensive,Consumer Defensive,False,Cash,1,Stage 4,Stage 4,Stage 4 - Confirmed Downtrend,0.86,Price is below a bearish moving-average stack with falling trend signals.,,,2026-07-21,,watchlist,weekly_watchlist,watchlist,10.14,0.0,5.58,0.0,10.14,0.0,5.58,-41.25,-35.66,166594955.88,"Stage 4, Stage 4 - Confirmed Downtrend, volume_dryup, weekly_volume_dryup, downtrend",812,819,Stage 4,watchlist,weekly_watchlist,5.47,7,0.11000000000000032,False,False,False,False,False
SYMPHONY.NS,Symphony Limited,"Furnishings, Fixtures & Appliances",Consumer Cyclical,False,Cash,1,Stage 4,Stage 4,Stage 4 - Confirmed Downtrend,0.86,Price is below a bearish moving-average stack with falling trend signals.,,,,,watchlist,weekly_watchlist,watchlist,13.1,35.8,23.31,0.0,13.1,35.8,23.31,-14.69,-25.08,189902709.26,"Stage 4, Stage 4 - Confirmed Downtrend, weekly_vcp_ok, volume_dryup, weekly_volume_dryup, weekly_strong, downtrend",438,445,Stage 4,watchlist,weekly_watchlist,23.31,7,0.0,False,False,False,False,False
AWFIS.NS,Awfis Space Solutions Limited,Industrials,Industrials,False,Cash,1,Stage 4,Stage 4,Stage 4 - Confirmed Downtrend,0.86,Price is below a bearish moving-average stack with falling trend signals.,,,,,watchlist,weekly_watchlist,watchlist,13.1,35.8,23.31,0.0,13.1,35.8,23.31,-15.74,-23.3,495612480.19,"Stage 4, Stage 4 - Confirmed Downtrend, weekly_vcp_ok, volume_dryup, weekly_volume_dryup, weekly_strong, downtrend",439,446,Stage 4,watchlist,weekly_watchlist,23.31,7,0.0,False,False,False,False,False
CANFINHOME.NS,Can Fin Homes Limited,Mortgage Finance,Financial Services,False,Cash,1,Stage 4,Stage 4,Stage 4 - Confirmed Downtrend,0.86,Price is below a bearish moving-average stack with falling trend signals.,,,2026-07-17,,watchlist,weekly_watchlist,watchlist,0.0,35.8,16.11,0.0,0.0,35.8,16.11,-15.16,-11.18,200824664.35,"Stage 4, Stage 4 - Confirmed Downtrend, weekly_vcp_ok, weekly_strong, downtrend",660,667,Stage 4,watchlist,weekly_watchlist,16.11,7,0.0,False,False,False,False,False
TTML.NS,Tata Teleservices (Maharashtra) Limited,Telecom Services,Communication Services,False,Cash,1,Stage 4,Stage 4,Stage 4 - Confirmed Downtrend,0.86,Price is below a bearish moving-average stack with falling trend signals.,,,,,watchlist,weekly_watchlist,watchlist,0.0,35.8,16.11,0.0,0.0,35.8,16.11,-12.57,-17.12,225104898.72,"Stage 4, Stage 4 - Confirmed Downtrend, weekly_vcp_ok, weekly_volume_dryup, weekly_strong, downtrend",664,671,Stage 4,watchlist,weekly_watchlist,16.11,7,0.0,False,False,False,False,False
BORORENEW.NS,BOROSIL RENEWABLES LIMITED,Solar,Technology,False,Cash,1,Stage 4,Stage 4,Stage 4 - Weak/Declining,0.72,Price is below long-term support with weak trend evidence.,,,2026-08-04,,watchlist,weekly_watchlist,watchlist,0.0,35.8,16.11,0.0,0.0,35.8,16.11,-26.34,-2.95,197986451.92,"Stage 4, Stage 4 - Weak/Declining, weekly_vcp_ok, weekly_volume_dryup, weekly_strong, downtrend",665,672,Stage 4,watchlist,weekly_watchlist,16.11,7,0.0,False,False,False,False,False
HGINFRA.NS,H.G. Infra Engineering Limited,Engineering & Construction,Industrials,False,Cash,1,Stage 4,Stage 4,Stage 4 - Confirmed Downtrend,0.86,Price is below a bearish moving-average stack with falling trend signals.,,,,,watchlist,weekly_watchlist,watchlist,0.0,35.8,16.11,0.0,0.0,35.8,16.11,-21.08,-23.53,360013979.59,"Stage 4, Stage 4 - Confirmed Downtrend, weekly_vcp_ok, weekly_volume_dryup, weekly_strong, downtrend",677,684,Stage 4,watchlist,weekly_watchlist,16.11,7,0.0,False,False,False,False,False
ROUTE.NS,ROUTE MOBILE LIMITED,Telecom Services,Communication Services,False,Cash,1,Stage 4,Stage 4,Stage 4 - Confirmed Downtrend,0.86,Price is below a bearish moving-average stack with falling trend signals.,,,,,watchlist,weekly_watchlist,watchlist,0.0,35.8,16.11,0.0,0.0,35.8,16.11,-14.38,-9.44,106395498.37,"Stage 4, Stage 4 - Confirmed Downtrend, weekly_vcp_ok, weekly_volume_dryup, weekly_strong, downtrend",678,685,Stage 4,watchlist,weekly_watchlist,16.11,7,0.0,False,False,False,False,False
KITEX.NS,Kitex Garments Limited,Apparel Manufacturing,Consumer Cyclical,False,Cash,1,Stage 4,Stage 4,Stage 4 - Confirmed Downtrend,0.86,Price is below a bearish moving-average stack with falling trend signals.,,,,,watchlist,weekly_watchlist,watchlist,0.0,35.8,16.11,0.0,0.0,35.8,16.11,-17.39,-28.8,42415351.75,"Stage 4, Stage 4 - Confirmed Downtrend, weekly_vcp_ok, weekly_volume_dryup, weekly_strong, downtrend",679,686,Stage 4,watchlist,weekly_watchlist,16.11,7,0.0,False,False,False,False,False
GATEWAY.NS,Gateway Distriparks Limited,Industrials,Industrials,False,Cash,1,Stage 4,Stage 4,Stage 4 - Confirmed Downtrend,0.86,Price is below a bearish moving-average stack with falling trend signals.,,,2026-07-15,,watchlist,weekly_watchlist,watchlist,0.0,35.8,16.11,0.0,0.0,35.8,16.11,-5.55,-8.09,30408177.2,"Stage 4, Stage 4 - Confirmed Downtrend, weekly_vcp_ok, volume_dryup, weekly_volume_dryup, weekly_strong, downtrend",681,688,Stage 4,watchlist,weekly_watchlist,16.11,7,0.0,False,False,False,False,False
POKARNA.NS,Pokarna Limited,Building Products & Equipment,Industrials,False,Cash,1,Stage 4,Stage 4,Stage 4 - Weak/Declining,0.72,Price is below long-term support with weak trend evidence.,,,2026-08-18,,watchlist,weekly_watchlist,watchlist,0.0,35.8,16.11,0.0,0.0,35.8,16.11,-26.76,-19.92,109730606.31,"Stage 4, Stage 4 - Weak/Declining, weekly_vcp_ok, volume_dryup, weekly_volume_dryup, weekly_strong, downtrend",682,689,Stage 4,watchlist,weekly_watchlist,16.11,7,0.0,False,False,False,False,False
ZYDUSWELL.NS,Zydus Wellness Limited,Packaged Foods,Consumer Defensive,False,Cash,1,Stage 3,Stage 3,Stage 3 - Distribution/Damage,0.76,"Prior strength exists, but short-term and/or weekly structure is deteriorating.",,,2026-09-04,,watchlist,weekly_watchlist,watchlist,17.1,0.0,9.41,2.0,17.1,0.0,11.41,-7.28,3.62,109093248.78,"Stage 3, Stage 3 - Distribution/Damage, volume_dryup, weekly_volume_dryup, distribution_risk",728,735,Stage 3,watchlist,weekly_watchlist,11.41,7,0.0,False,False,False,False,False
HAPPSTMNDS.NS,Happiest Minds Technologies Limited,Information Technology Services,Technology,False,Cash,1,Stage 4,Stage 4,Stage 4 - Confirmed Downtrend,0.86,Price is below a bearish moving-average stack with falling trend signals.,,,,,watchlist,weekly_watchlist,watchlist,5.02,0.0,2.76,2.0,5.02,0.0,4.76,-16.08,-17.22,185004319.41,"Stage 4, Stage 4 - Confirmed Downtrend, volume_dryup, weekly_volume_dryup, downtrend",831,838,Stage 4,watchlist,weekly_watchlist,4.76,7,0.0,False,False,False,False,False
ICICIBANK.NS,ICICI Bank Limited,Banks - Regional,Financial Services,True,F&O,1,Stage 2 Failed,Stage 1,Failed Stage 2,0.72,"This stock was recently Stage 2, but the latest structure no longer satisfies Stage 2 rules. It is kept as Stage 2 Failed until a fresh base/repair structure forms.",Recent Stage 2 break; public stage held as Stage 2 Failed.,2026-10-06,2026-09-17,,watchlist,weekly_watchlist,watchlist,0.0,42.03,18.91,2.0,0.0,42.03,20.91,1.27,1.06,11871677850.11,"Stage 1, Stage 1 - Unclear/Repair, weekly_vcp_ok, weekly_strong, stage1_not_actionable, stage1_needs_more_base | Stage 2 failed state applied from stage memory.",518,525,Stage 2 Failed,watchlist,weekly_watchlist,20.98,7,-0.07000000000000028,False,False,False,False,False
CEMPRO.NS,Cemindia Projects Limited,Engineering & Construction,Industrials,False,Cash,1,Stage 2 Failed,Stage 1,Failed Stage 2,0.72,"This stock was recently Stage 2, but the latest structure no longer satisfies Stage 2 rules. It is kept as Stage 2 Failed until a fresh base/repair structure forms.",Recent Stage 2 break; public stage held as Stage 2 Failed.,2026-10-06,2026-09-23,,watchlist,weekly_watchlist,watchlist,19.1,6.06,13.23,0.0,19.1,6.06,13.23,-20.74,85.3,252788512.78,"Stage 1, Stage 1 - Base/Repair, volume_dryup, weekly_volume_dryup, stage1_not_actionable, stage1_needs_more_base | Stage 2 failed state applied from stage memory.",704,711,Stage 2 Failed,watchlist,weekly_watchlist,14.02,7,-0.7899999999999991,False,False,False,False,False
BRIGADE.NS,Brigade Enterprises Limited,Real Estate,Real Estate,False,Cash,1,Stage 2 Failed,Not Sure,Failed Stage 2,0.72,"This stock was recently Stage 2, but the latest structure no longer satisfies Stage 2 rules. It is kept as Stage 2 Failed until a fresh base/repair structure forms.",Recent Stage 2 break; public stage held as Stage 2 Failed.,2026-10-06,2026-09-23,,watchlist,weekly_watchlist,watchlist,25.99,47.57,35.7,2.0,25.99,47.57,37.7,11.57,6.12,169779967.31,"Not Sure, Not Sure, weekly_vcp_ok, volume_dryup, weekly_volume_dryup, weekly_strong | Stage 2 failed state applied from stage memory.",234,240,Stage 2 Failed,watchlist,weekly_watchlist,35.08,6,2.6200000000000045,False,False,False,False,False
ORIENTCEM.NS,Orient Cement Limited,Building Materials,Basic Materials,False,Cash,1,Stage 4,Stage 4,Stage 4 - Confirmed Downtrend,0.86,Price is below a bearish moving-average stack with falling trend signals.,,,,,watchlist,weekly_watchlist,watchlist,8.98,38.0,22.04,0.0,8.98,38.0,22.04,-9.94,-14.55,64026141.07,"Stage 4, Stage 4 - Confirmed Downtrend, weekly_vcp_ok, weekly_volume_dryup, weekly_strong, downtrend",475,481,Stage 4,watchlist,weekly_watchlist,21.9,6,0.14000000000000057,False,False,False,False,False
BOMDYEING.NS,Bombay Dyeing & Mfg Company Limited,Textile Manufacturing,Consumer Cyclical,False,Cash,1,Stage 4,Stage 4,Stage 4 - Confirmed Downtrend,0.86,Price is below a bearish moving-average stack with falling trend signals.,,,,,watchlist,weekly_watchlist,watchlist,1.2,0.0,0.66,10.0,1.2,0.0,10.66,-14.55,-3.49,42362058.84,"Stage 4, Stage 4 - Confirmed Downtrend, volume_dryup, weekly_volume_dryup, downtrend",738,744,Stage 4,watchlist,weekly_watchlist,10.53,6,0.13000000000000078,False,False,False,False,False
POLYCAB.NS,Polycab India Limited,Electrical Equipment & Parts,Industrials,True,F&O,1,Stage 1,Stage 1,Stage 1 - Base/Repair,0.7,Price is near long-term moving averages with no strong long-term downtrend signal.,,,2026-08-31,,watchlist,weekly_watchlist,watchlist,0.0,1.04,0.47,10.0,0.0,1.04,10.47,-6.92,9.28,2823635667.9,"Stage 1, Stage 1 - Base/Repair, stage1_not_actionable, stage1_needs_more_base",740,746,Stage 1,watchlist,weekly_watchlist,10.36,6,0.11000000000000121,False,False,False,False,False
UTIAMC.NS,UTI Asset Management Company Limited,Asset Management,Financial Services,False,Cash,1,Stage 4,Stage 4,Stage 4 - Confirmed Downtrend,0.86,Price is below a bearish moving-average stack with falling trend signals.,,,,,watchlist,weekly_watchlist,watchlist,8.7,38.0,21.89,0.0,8.7,38.0,21.89,-3.35,-2.85,71523068.24,"Stage 4, Stage 4 - Confirmed Downtrend, weekly_vcp_ok, volume_dryup, weekly_volume_dryup, weekly_strong, downtrend",480,486,Stage 4,watchlist,weekly_watchlist,21.8,6,0.08999999999999986,False,False,False,False,False
DALBHARAT.NS,Dalmia Bharat Limited,Building Materials,Basic Materials,True,F&O,1,Stage 4,Stage 4,Stage 4 - Confirmed Downtrend,0.86,Price is below a bearish moving-average stack with falling trend signals.,,,,,watchlist,weekly_watchlist,watchlist,13.1,35.8,23.31,0.0,13.1,35.8,23.31,1.2,-10.84,143895051.32,"Stage 4, Stage 4 - Confirmed Downtrend, weekly_vcp_ok, volume_dryup, weekly_volume_dryup, weekly_strong, downtrend",437,443,Stage 4,watchlist,weekly_watchlist,23.31,6,0.0,False,False,False,False,False
SHRIRAMFIN.NS,Shriram Finance Limited,Credit Services,Financial Services,True,F&O,1,Stage 1,Stage 1,Stage 1 - Base/Repair,0.7,Price is near long-term moving averages with no strong long-term downtrend signal.,,,2026-09-10,,watchlist,weekly_watchlist,watchlist,0.0,42.9,19.3,0.0,0.0,42.9,19.3,-2.94,-2.51,3922105142.29,"Stage 1, Stage 1 - Base/Repair, weekly_vcp_ok, weekly_strong, stage1_not_actionable, stage1_needs_more_base",557,563,Stage 1,watchlist,weekly_watchlist,19.3,6,0.0,False,False,False,False,False
IGIL.NS,International Gemological Institute Limited,Basic Materials,Basic Materials,False,Cash,1,Stage 1,Stage 1,Stage 1 - Base/Repair,0.7,Price is near long-term moving averages with no strong long-term downtrend signal.,,,2026-07-07,,watchlist,weekly_watchlist,watchlist,0.0,42.9,19.3,0.0,0.0,42.9,19.3,-1.15,-4.47,170670547.95,"Stage 1, Stage 1 - Base/Repair, weekly_vcp_ok, weekly_volume_dryup, weekly_strong, stage1_not_actionable, stage1_needs_more_base",558,564,Stage 1,watchlist,weekly_watchlist,19.3,6,0.0,False,False,False,False,False
STARCEMENT.NS,Star Cement Limited,Building Materials,Basic Materials,False,Cash,1,Stage 4,Stage 4,Stage 4 - Confirmed Downtrend,0.86,Price is below a bearish moving-average stack with falling trend signals.,,,,,watchlist,weekly_watchlist,watchlist,0.0,35.8,16.11,0.0,0.0,35.8,16.11,-9.29,-17.64,34525452.25,"Stage 4, Stage 4 - Confirmed Downtrend, weekly_vcp_ok, volume_dryup, weekly_volume_dryup, weekly_strong, downtrend",663,669,Stage 4,watchlist,weekly_watchlist,16.11,6,0.0,False,False,False,False,False
JBMA.NS,JBM Auto Limited,Auto Parts,Consumer Cyclical,False,Cash,1,Stage 4,Stage 4,Stage 4 - Weak/Declining,0.72,Price is below long-term support with weak trend evidence.,,,2026-08-06,,watchlist,weekly_watchlist,watchlist,9.45,2.0,6.1,5.0,9.45,2.0,11.1,-12.32,-8.16,147272969.76,"Stage 4, Stage 4 - Weak/Declining, volume_dryup, weekly_volume_dryup, downtrend",732,738,Stage 4,watchlist,weekly_watchlist,11.1,6,0.0,False,False,False,False,False
NAVNETEDUL.NS,Navneet Education Limited,Communication Services,Communication Services,False,Cash,1,Stage 4,Stage 4,Stage 4 - Confirmed Downtrend,0.86,Price is below a bearish moving-average stack with falling trend signals.,,,2026-07-21,,watchlist,weekly_watchlist,watchlist,0.0,0.0,0.0,5.0,0.0,0.0,5.0,-11.07,-3.84,12213952.2,"Stage 4, Stage 4 - Confirmed Downtrend, volume_dryup, weekly_volume_dryup, downtrend",827,833,Stage 4,watchlist,weekly_watchlist,5.0,6,0.0,False,False,False,False,False
PRAKASH.NS,Prakash Industries Limited,Steel,Basic Materials,False,Cash,1,Stage 4,Stage 4,Stage 4 - Weak/Declining,0.72,Price is below long-term support with weak trend evidence.,,,,,watchlist,weekly_watchlist,watchlist,0.0,0.0,0.0,5.0,0.0,0.0,5.0,-0.59,-8.58,63807366.56,"Stage 4, Stage 4 - Weak/Declining, downtrend",828,834,Stage 4,watchlist,weekly_watchlist,5.0,6,0.0,False,False,False,False,False
JYOTHYLAB.NS,Jyothy Labs Limited,Household & Personal Products,Consumer Defensive,False,Cash,1,Stage 4,Stage 4,Stage 4 - Confirmed Downtrend,0.86,Price is below a bearish moving-average stack with falling trend signals.,,,,,watchlist,weekly_watchlist,watchlist,0.0,4.0,1.8,2.0,0.0,4.0,3.8,-3.96,-13.94,61977204.02,"Stage 4, Stage 4 - Confirmed Downtrend, volume_dryup, weekly_volume_dryup, downtrend",839,845,Stage 4,watchlist,weekly_watchlist,3.8,6,0.0,False,False,False,False,False
BALKRISIND.NS,Balkrishna Industries Limited,Auto Parts,Consumer Cyclical,False,Cash,1,Stage 4,Stage 4,Stage 4 - Weak/Declining,0.72,Price is below long-term support with weak trend evidence.,,,2026-09-07,,watchlist,weekly_watchlist,watchlist,0.0,31.4,14.13,5.0,0.0,31.4,19.13,-0.45,-5.06,432337295.58,"Stage 4, Stage 4 - Weak/Declining, weekly_vcp_ok, volume_dryup, weekly_volume_dryup, weekly_strong, downtrend",563,569,Stage 4,watchlist,weekly_watchlist,19.14,6,-0.010000000000001563,False,False,False,False,False
UBL.NS,United Breweries Limited,Consumer Defensive,Consumer Defensive,False,Cash,1,Stage 4,Stage 4,Stage 4 - Confirmed Downtrend,0.86,Price is below a bearish moving-average stack with falling trend signals.,,,,,watchlist,weekly_watchlist,watchlist,7.32,4.0,5.83,0.0,7.32,4.0,5.83,-6.02,-17.56,173108988.01,"Stage 4, Stage 4 - Confirmed Downtrend, downtrend",809,815,Stage 4,watchlist,weekly_watchlist,5.93,6,-0.09999999999999964,False,False,False,False,False
ZENTEC.NS,Zen Technologies Limited,Aerospace & Defense,Industrials,False,Cash,1,Stage 1,Stage 1,Stage 1 - Base/Repair,0.7,Price is near long-term moving averages with no strong long-term downtrend signal.,,,2026-09-08,,watchlist,weekly_watchlist,watchlist,0.0,2.0,0.9,10.0,0.0,2.0,10.9,-6.28,5.62,443177071.0,"Stage 1, Stage 1 - Base/Repair, volume_dryup, weekly_volume_dryup, stage1_not_actionable, stage1_needs_more_base",734,740,Stage 1,watchlist,weekly_watchlist,11.02,6,-0.11999999999999922,False,False,False,False,False
BHARATFORG.NS,Bharat Forge Limited,Auto Parts,Consumer Cyclical,True,F&O,1,Stage 3,Stage 3,Stage 3 - Distribution/Damage,0.76,"Prior strength exists, but short-term and/or weekly structure is deteriorating.",,,2026-09-03,,watchlist,weekly_watchlist,watchlist,0.0,0.0,0.0,5.0,0.0,0.0,5.0,-7.13,5.67,1601770501.8,"Stage 3, Stage 3 - Distribution/Damage, distribution_risk",818,824,Stage 3,watchlist,weekly_watchlist,5.17,6,-0.16999999999999993,False,False,False,False,False
CCL.NS,CCL Products (India) Limited,Packaged Foods,Consumer Defensive,False,Cash,1,Stage 1,Stage 1,Stage 1 - Base/Repair,0.7,Price is near long-term moving averages with no strong long-term downtrend signal.,,,2026-09-03,,watchlist,weekly_watchlist,watchlist,0.0,5.6,2.52,2.0,0.0,5.6,4.52,-8.23,-2.58,148055604.77,"Stage 1, Stage 1 - Base/Repair, stage1_not_actionable, stage1_needs_more_base",834,840,Stage 1,watchlist,weekly_watchlist,4.75,6,-0.23000000000000043,False,False,False,False,False
IFCI.NS,IFCI Limited,Credit Services,Financial Services,False,Cash,1,Stage 2 Failed,Stage 1,Failed Stage 2,0.72,"This stock was recently Stage 2, but the latest structure no longer satisfies Stage 2 rules. It is kept as Stage 2 Failed until a fresh base/repair structure forms.",Recent Stage 2 break; public stage held as Stage 2 Failed.,2026-10-06,2026-09-23,,watchlist,weekly_watchlist,watchlist,10.64,3.76,7.54,0.0,10.64,3.76,7.54,-10.8,16.42,5090920788.53,"Stage 1, Stage 1 - Base/Repair, volume_dryup, weekly_volume_dryup, stage1_not_actionable, stage1_needs_more_base | Stage 2 failed state applied from stage memory.",778,784,Stage 2 Failed,watchlist,weekly_watchlist,7.82,6,-0.28000000000000025,False,False,False,False,False
DIVISLAB.NS,Divi's Laboratories Limited,Drug Manufacturers - Specialty & Generic,Healthcare,True,F&O,1,Stage 2,Stage 2,Clean Stage 2,0.9,"Price is above rising key averages, weekly structure is supportive, and the stock is near its 52-week high.",,,2026-10-05,,watchlist,weekly_near_pivot,watchlist,46.43,73.8,58.75,10.0,46.43,73.8,68.75,44.91,57.62,4219750672.7,"Stage 2, Clean Stage 2, trend_template_ok, weekly_vcp_ok, weekly_volume_dryup, weekly_strong",11,16,Stage 2,watchlist,weekly_near_pivot,63.27,5,5.479999999999997,False,False,False,False,False
WELENT.NS,Welspun Enterprises Limited,Engineering & Construction,Industrials,False,Cash,1,Stage 2,Stage 2,Stage 2,0.76,Advancing structure detected.,,,2026-10-05,,watchlist,weekly_watchlist,watchlist,37.24,24.8,31.64,0.0,37.24,24.8,31.64,21.62,63.89,525875464.41,"Stage 2, Stage 2, trend_template_ok, volume_dryup, weekly_volume_dryup",295,300,Stage 2,watchlist,weekly_watchlist,30.06,5,1.5800000000000018,False,False,False,False,False
INDIGO.NS,InterGlobe Aviation Limited,Industrials,Industrials,True,F&O,1,Stage 3,Stage 3,Stage 3 - Distribution/Damage,0.76,"Prior strength exists, but short-term and/or weekly structure is deteriorating.",,,2026-08-31,,watchlist,weekly_watchlist,watchlist,0.0,2.34,1.05,0.0,0.0,2.34,1.05,-0.29,11.73,2682198586.16,"Stage 3, Stage 3 - Distribution/Damage, weekly_volume_dryup, distribution_risk",894,899,Stage 3,watchlist,weekly_watchlist,0.0,5,1.05,False,False,False,False,False
BDL.NS,Bharat Dynamics Limited,Aerospace & Defense,Industrials,True,F&O,1,Stage 4,Stage 4,Stage 4 - Confirmed Downtrend,0.86,Price is below a bearish moving-average stack with falling trend signals.,,,,,watchlist,weekly_watchlist,watchlist,0.0,32.13,14.46,10.0,0.0,32.13,24.46,-12.27,-17.27,1177234132.57,"Stage 4, Stage 4 - Confirmed Downtrend, weekly_vcp_ok, volume_dryup, weekly_volume_dryup, weekly_strong, downtrend",407,412,Stage 4,watchlist,weekly_watchlist,24.46,5,0.0,False,False,False,False,False
SKIPPER.NS,Skipper Limited,Engineering & Construction,Industrials,False,Cash,1,Stage 2,Stage 2,Stage 2,0.76,Advancing structure detected.,,,2026-10-05,,watchlist,weekly_watchlist,watchlist,20.95,26.8,23.58,0.0,20.95,26.8,23.58,5.28,46.7,461979290.74,"Stage 2, Stage 2, volume_dryup, weekly_volume_dryup",432,437,Stage 2,watchlist,weekly_watchlist,23.61,5,-0.030000000000001137,False,False,False,False,False
SUNTECK.NS,Sunteck Realty Limited,Real Estate,Real Estate,False,Cash,1,Stage 4,Stage 4,Stage 4 - Confirmed Downtrend,0.86,Price is below a bearish moving-average stack with falling trend signals.,,,,,watchlist,weekly_watchlist,watchlist,2.99,36.9,18.25,2.0,2.99,36.9,20.25,-7.32,-10.33,32691630.47,"Stage 4, Stage 4 - Confirmed Downtrend, weekly_vcp_ok, volume_dryup, weekly_strong, downtrend",535,540,Stage 4,watchlist,weekly_watchlist,20.28,5,-0.030000000000001137,False,False,False,False,False
HEXT.NS,Hexaware Technologies Limited,Information Technology Services,Technology,False,Cash,1,Stage 4,Stage 4,Stage 4 - Weak/Declining,0.72,Price is below long-term support with weak trend evidence.,,,,,watchlist,weekly_watchlist,watchlist,0.0,36.21,16.29,2.0,0.0,36.21,18.29,-4.45,8.53,77547661.87,"Stage 4, Stage 4 - Weak/Declining, weekly_vcp_ok, volume_dryup, weekly_volume_dryup, weekly_strong, downtrend",585,590,Stage 4,watchlist,weekly_watchlist,18.46,5,-0.1700000000000017,False,False,False,False,False
NH.NS,Narayana Hrudayalaya Ltd.,Medical Care Facilities,Healthcare,False,Cash,1,Stage 2 Failed,Stage 4,Failed Stage 2,0.72,"This stock was recently Stage 2, but the latest structure no longer satisfies Stage 2 rules. It is kept as Stage 2 Failed until a fresh base/repair structure forms.",Recent Stage 2 break; public stage held as Stage 2 Failed.,2026-10-06,2026-09-23,,watchlist,weekly_watchlist,watchlist,8.73,0.0,4.8,0.0,8.73,0.0,4.8,-8.69,-0.72,374556870.56,"Stage 4, Stage 4 - Weak/Declining, volume_dryup, downtrend | Stage 2 failed state applied from stage memory.",830,835,Stage 2 Failed,watchlist,weekly_watchlist,4.98,5,-0.1800000000000006,False,False,False,False,False
SONATSOFTW.NS,Sonata Software Limited,Information Technology Services,Technology,False,Cash,1,Stage 4,Stage 4,Stage 4 - Weak/Declining,0.72,Price is below long-term support with weak trend evidence.,,,,,watchlist,weekly_watchlist,watchlist,0.0,35.93,16.17,2.0,0.0,35.93,18.17,-5.49,6.75,306572073.5,"Stage 4, Stage 4 - Weak/Declining, weekly_vcp_ok, volume_dryup, weekly_volume_dryup, weekly_strong, downtrend",587,592,Stage 4,watchlist,weekly_watchlist,18.42,5,-0.25,False,False,False,False,False
TCS.NS,Tata Consultancy Services Limited,Information Technology Services,Technology,True,F&O,1,Stage 4,Stage 4,Stage 4 - Confirmed Downtrend,0.86,Price is below a bearish moving-average stack with falling trend signals.,,,,,watchlist,weekly_watchlist,watchlist,8.3,0.0,4.57,2.0,8.3,0.0,6.57,6.69,-12.61,6570925582.68,"Stage 4, Stage 4 - Confirmed Downtrend, downtrend",792,797,Stage 4,watchlist,weekly_watchlist,6.87,5,-0.2999999999999998,False,False,False,False,False
INTERARCH.NS,Interarch Building Solutions Limited,Engineering & Construction,Industrials,False,Cash,1,Stage 4,Stage 4,Stage 4 - Confirmed Downtrend,0.86,Price is below a bearish moving-average stack with falling trend signals.,,,,,watchlist,weekly_watchlist,watchlist,5.08,14.27,9.22,0.0,5.08,14.27,9.22,-1.1,-9.27,81100456.81,"Stage 4, Stage 4 - Confirmed Downtrend, weekly_volume_dryup, downtrend",760,765,Stage 4,watchlist,weekly_watchlist,9.53,5,-0.3099999999999987,False,False,False,False,False
NSIL.NS,Nalwa Sons Investments Limited,Asset Management,Financial Services,False,Cash,1,Stage 4,Stage 4,Stage 4 - Weak/Declining,0.72,Price is below long-term support with weak trend evidence.,,,,,watchlist,weekly_watchlist,watchlist,0.01,37.09,16.7,0.0,0.01,37.09,16.7,4.43,-2.58,10201628.95,"Stage 4, Stage 4 - Weak/Declining, weekly_vcp_ok, weekly_volume_dryup, weekly_strong, downtrend",624,629,Stage 4,watchlist,weekly_watchlist,17.07,5,-0.370000000000001,False,False,False,False,False
INDGN.NS,Indegene Limited,Healthcare,Healthcare,False,Cash,1,Stage 2,Stage 2,Clean Stage 2,0.9,"Price is above rising key averages, weekly structure is supportive, and the stock is near its 52-week high.",,,2026-10-05,,watchlist,weekly_breakout,watchlist,57.73,62.64,59.94,5.0,57.73,62.64,64.94,25.39,23.0,290083409.49,"Stage 2, Clean Stage 2, trend_template_ok, weekly_vcp_ok, weekly_strong",16,20,Stage 2,watchlist,weekly_breakout,62.46,4,2.479999999999997,False,False,False,False,False
YATHARTH.NS,Yatharth Hospital & Trauma Care Services Limited,Medical Care Facilities,Healthcare,False,Cash,1,Stage 2,Stage 2,Clean Stage 2,0.9,"Price is above rising key averages, weekly structure is supportive, and the stock is near its 52-week high.",,,2026-10-05,,forming_vcp,weekly_watchlist,watchlist,61.59,26.58,45.84,0.0,61.59,26.58,45.84,32.31,41.48,933628523.53,"Stage 2, Clean Stage 2, trend_template_ok, daily_vcp_ok, volume_dryup, weekly_volume_dryup",147,151,Stage 2,watchlist,weekly_watchlist,43.88,4,1.9600000000000009,False,False,False,False,False
IKS.NS,Inventurus Knowledge Solutions Limited,Healthcare,Healthcare,False,Cash,1,Stage 2 Failed,Stage 1,Failed Stage 2,0.72,"This stock was recently Stage 2, but the latest structure no longer satisfies Stage 2 rules. It is kept as Stage 2 Failed until a fresh base/repair structure forms.",Recent Stage 2 break; public stage held as Stage 2 Failed.,2026-10-06,2026-09-25,,watchlist,weekly_watchlist,watchlist,16.66,43.24,28.62,5.0,16.66,43.24,33.62,-0.84,15.21,401354384.74,"Stage 1, Stage 1 - Base/Repair, weekly_vcp_ok, weekly_volume_dryup, weekly_strong, stage1_not_actionable, stage1_needs_more_base | Stage 2 failed state applied from stage memory.",275,279,Stage 2 Failed,watchlist,weekly_watchlist,31.69,4,1.9299999999999962,False,False,False,False,False
GUJTHEM.NS,Gujarat Themis Biosyn Limited,Drug Manufacturers - Specialty & Generic,Healthcare,False,Cash,1,Stage 2,Stage 2,Early Stage 2,0.72,"Price has moved above long-term structure, but the full moving-average stack is not clean yet.",,,2026-10-05,,watchlist,weekly_watchlist,watchlist,32.41,28.66,30.72,10.0,32.41,28.66,40.72,7.71,38.89,160326626.99,"Stage 2, Early Stage 2, volume_dryup, weekly_volume_dryup",198,202,Stage 2,watchlist,weekly_watchlist,39.43,4,1.2899999999999991,False,False,False,False,False
ROSSTECH.NS,Rossell Techsys Limited,Aerospace & Defense,Industrials,False,Cash,1,Stage 2,Stage 2,Extended Stage 2,0.78,"Advancing structure remains intact, but price is stretched versus key moving averages or far above the 52-week low.",,,2026-10-05,,watchlist,weekly_watchlist,watchlist,44.79,29.6,37.95,10.0,44.79,29.6,47.95,64.16,76.79,731919653.45,"Stage 2, Extended Stage 2, trend_template_ok, weekly_volume_dryup",129,133,Stage 2,watchlist,weekly_watchlist,46.7,4,1.25,False,False,False,False,False
MRF.NS,MRF Limited,Auto Parts,Consumer Cyclical,False,Cash,1,Stage 4,Stage 4,Stage 4 - Confirmed Downtrend,0.86,Price is below a bearish moving-average stack with falling trend signals.,,,,,watchlist,weekly_watchlist,watchlist,12.12,36.9,23.27,5.0,12.12,36.9,28.27,-2.52,-8.24,367228975.75,"Stage 4, Stage 4 - Confirmed Downtrend, weekly_vcp_ok, volume_dryup, weekly_volume_dryup, weekly_strong, downtrend",331,335,Stage 4,watchlist,weekly_watchlist,27.53,4,0.7399999999999984,False,False,False,False,False
CESC.NS,CESC Limited,Utilities,Utilities,False,Cash,1,Stage 4,Stage 4,Stage 4 - Weak/Declining,0.72,Price is below long-term support with weak trend evidence.,,,2026-08-18,,watchlist,weekly_watchlist,watchlist,2.31,2.0,2.17,0.0,2.31,2.0,2.17,-10.33,-12.48,267940791.18,"Stage 4, Stage 4 - Weak/Declining, weekly_volume_dryup, downtrend",865,869,Stage 4,watchlist,weekly_watchlist,2.01,4,0.16000000000000014,False,False,False,False,False
NATCOPHARM.NS,Natco Pharma Limited,Drug Manufacturers - Specialty & Generic,Healthcare,False,Cash,1,Stage 4,Stage 4,Stage 4 - Weak/Declining,0.72,Price is below long-term support with weak trend evidence.,,,2026-05-29,,watchlist,weekly_watchlist,watchlist,0.0,0.8,0.36,10.0,0.0,0.8,10.36,-11.53,-22.58,370512484.57,"Stage 4, Stage 4 - Weak/Declining, downtrend",743,747,Stage 4,watchlist,weekly_watchlist,10.36,4,0.0,False,False,False,False,False
TARIL.NS,Transformers And Rectifiers (India) Limited,Electrical Equipment & Parts,Industrials,False,Cash,1,Stage 4,Stage 4,Stage 4 - Weak/Declining,0.72,Price is below long-term support with weak trend evidence.,,,,,watchlist,weekly_watchlist,watchlist,0.0,0.8,0.36,10.0,0.0,0.8,10.36,-13.02,-1.68,1220023649.83,"Stage 4, Stage 4 - Weak/Declining, downtrend",744,748,Stage 4,watchlist,weekly_watchlist,10.36,4,0.0,False,False,False,False,False
SUZLON.NS,Suzlon Energy Limited,Specialty Industrial Machinery,Industrials,True,F&O,1,Stage 4,Stage 4,Stage 4 - Weak/Declining,0.72,Price is below long-term support with weak trend evidence.,,,2026-07-13,,watchlist,weekly_watchlist,watchlist,0.0,0.0,0.0,10.0,0.0,0.0,10.0,-22.74,-13.77,2133710705.99,"Stage 4, Stage 4 - Weak/Declining, weekly_volume_dryup, downtrend",748,752,Stage 4,watchlist,weekly_watchlist,10.0,4,0.0,False,False,False,False,False
ITI.NS,ITI Limited,Communication Equipment,Technology,False,Cash,1,Stage 4,Stage 4,Stage 4 - Confirmed Downtrend,0.86,Price is below a bearish moving-average stack with falling trend signals.,,,2026-07-02,,watchlist,weekly_watchlist,watchlist,0.0,0.0,0.0,10.0,0.0,0.0,10.0,-9.98,-13.43,50082325.3,"Stage 4, Stage 4 - Confirmed Downtrend, downtrend",750,754,Stage 4,watchlist,weekly_watchlist,10.0,4,0.0,False,False,False,False,False
OSWALPUMPS.NS,Oswal Pumps Limited,Electrical Equipment & Parts,Industrials,False,Cash,1,Stage 4,Stage 4,Stage 4 - Confirmed Downtrend,0.86,Price is below a bearish moving-average stack with falling trend signals.,,,,,watchlist,weekly_watchlist,watchlist,0.0,0.0,0.0,10.0,0.0,0.0,10.0,-30.83,-27.49,113912667.32,"Stage 4, Stage 4 - Confirmed Downtrend, weekly_volume_dryup, downtrend",753,757,Stage 4,watchlist,weekly_watchlist,10.0,4,0.0,False,False,False,False,False
HDBFS.NS,HDB Financial Services Limited,Credit Services,Financial Services,False,Cash,1,Stage 4,Stage 4,Stage 4 - Weak/Declining,0.72,Price is below long-term support with weak trend evidence.,,,,,watchlist,weekly_watchlist,watchlist,0.0,22.1,9.95,0.0,0.0,22.1,9.95,-11.45,-0.24,251228670.92,"Stage 4, Stage 4 - Weak/Declining, weekly_vcp_ok, volume_dryup, weekly_volume_dryup, downtrend",755,759,Stage 4,watchlist,weekly_watchlist,9.95,4,0.0,False,False,False,False,False
M&MFIN.NS,Mahindra & Mahindra Financial Services Limited,Credit Services,Financial Services,False,Cash,1,Stage 2 Failed,Stage 1,Failed Stage 2,0.72,"This stock was recently Stage 2, but the latest structure no longer satisfies Stage 2 rules. It is kept as Stage 2 Failed until a fresh base/repair structure forms.",Recent Stage 2 break; public stage held as Stage 2 Failed.,2026-10-06,2026-09-22,,watchlist,weekly_watchlist,watchlist,0.0,43.47,19.56,0.0,0.0,43.47,19.56,2.95,13.73,578685853.7,"Stage 1, Stage 1 - Unclear/Repair, weekly_vcp_ok, volume_dryup, weekly_volume_dryup, weekly_strong, stage1_not_actionable, stage1_needs_more_base | Stage 2 failed state applied from stage memory.",548,552,Stage 2 Failed,watchlist,weekly_watchlist,19.62,4,-0.060000000000002274,False,False,False,False,False
IDBI.NS,IDBI Bank Limited,Banks - Regional,Financial Services,False,Cash,1,Stage 4,Stage 4,Stage 4 - Weak/Declining,0.72,Price is below long-term support with weak trend evidence.,,,,,watchlist,weekly_watchlist,watchlist,0.0,2.43,1.09,2.0,0.0,2.43,3.09,9.6,18.7,1103191120.98,"Stage 4, Stage 4 - Weak/Declining, weekly_volume_dryup, downtrend",847,851,Stage 4,watchlist,weekly_watchlist,3.21,4,-0.1200000000000001,False,False,False,False,False
SWARAJENG.NS,Swaraj Engines Limited,Auto Parts,Consumer Cyclical,False,Cash,1,Stage 1,Stage 1,Stage 1 - Unclear/Repair,0.58,Not enough evidence for Stage 2 or Stage 4; classified as repair/unclear structure.,,,2026-07-06,,watchlist,weekly_watchlist,watchlist,0.0,41.8,18.81,5.0,0.0,41.8,23.81,-0.58,-3.61,25593234.34,"Stage 1, Stage 1 - Unclear/Repair, weekly_vcp_ok, weekly_strong, stage1_not_actionable, stage1_needs_more_base",421,425,Stage 1,watchlist,weekly_watchlist,23.93,4,-0.120000000000001,False,False,False,False,False
SARDAEN.NS,Sarda Energy & Minerals Limited,Steel,Basic Materials,False,Cash,1,Stage 1,Stage 1,Stage 1 - Base/Repair,0.7,Price is near long-term moving averages with no strong long-term downtrend signal.,,,2026-05-25,,watchlist,weekly_watchlist,watchlist,15.2,8.0,11.96,5.0,15.2,8.0,16.96,6.1,-8.54,306647893.93,"Stage 1, Stage 1 - Base/Repair, volume_dryup, weekly_volume_dryup, stage1_not_actionable, stage1_needs_more_base",622,626,Stage 1,watchlist,weekly_watchlist,17.14,4,-0.17999999999999972,False,False,False,False,False
BANDHANBNK.NS,Bandhan Bank Limited,Banks - Regional,Financial Services,True,F&O,1,Stage 1,Stage 1,Stage 1 - Unclear/Repair,0.58,Not enough evidence for Stage 2 or Stage 4; classified as repair/unclear structure.,,,2026-07-21,,watchlist,weekly_watchlist,watchlist,7.97,10.0,8.88,2.0,7.97,10.0,10.88,-16.52,0.14,2446786786.6,"Stage 1, Stage 1 - Unclear/Repair, stage1_not_actionable, stage1_needs_more_base",735,739,Stage 1,watchlist,weekly_watchlist,11.06,4,-0.17999999999999972,False,False,False,False,False
NSLNISP.NS,NMDC Steel Limited,Steel,Basic Materials,False,Cash,1,Stage 2 Failed,Stage 1,Failed Stage 2,0.72,"This stock was recently Stage 2, but the latest structure no longer satisfies Stage 2 rules. It is kept as Stage 2 Failed until a fresh base/repair structure forms.",Recent Stage 2 break; public stage held as Stage 2 Failed.,2026-10-06,2026-09-23,,watchlist,weekly_watchlist,watchlist,0.0,9.2,4.14,5.0,0.0,9.2,9.14,-0.96,-0.63,173222463.28,"Stage 1, Stage 1 - Base/Repair, volume_dryup, weekly_volume_dryup, stage1_not_actionable, stage1_needs_more_base | Stage 2 failed state applied from stage memory.",762,766,Stage 2 Failed,watchlist,weekly_watchlist,9.41,4,-0.2699999999999996,False,False,False,False,False
GOKULAGRO.NS,Gokul Agro Resources Limited,Packaged Foods,Consumer Defensive,False,Cash,1,Stage 2 Failed,Stage 1,Failed Stage 2,0.72,"This stock was recently Stage 2, but the latest structure no longer satisfies Stage 2 rules. It is kept as Stage 2 Failed until a fresh base/repair structure forms.",Recent Stage 2 break; public stage held as Stage 2 Failed.,2026-10-06,2026-09-28,,watchlist,weekly_watchlist,watchlist,0.0,7.84,3.53,2.0,0.0,7.84,5.53,3.76,6.66,69679589.27,"Stage 1, Stage 1 - Base/Repair, volume_dryup, weekly_volume_dryup, stage1_not_actionable, stage1_needs_more_base | Stage 2 failed state applied from stage memory.",813,817,Stage 2 Failed,watchlist,weekly_watchlist,5.8,4,-0.2699999999999996,False,False,False,False,False
BAJAJ-AUTO.NS,Bajaj Auto Limited,Auto Manufacturers,Consumer Cyclical,True,F&O,1,Stage 2 Failed,Stage 1,Failed Stage 2,0.72,"This stock was recently Stage 2, but the latest structure no longer satisfies Stage 2 rules. It is kept as Stage 2 Failed until a fresh base/repair structure forms.",Recent Stage 2 break; public stage held as Stage 2 Failed.,2026-10-06,2026-09-30,,watchlist,weekly_watchlist,watchlist,0.0,2.76,1.24,2.0,0.0,2.76,3.24,3.27,4.35,2893232651.45,"Stage 1, Stage 1 - Base/Repair, stage1_not_actionable, stage1_needs_more_base | Stage 2 failed state applied from stage memory.",844,848,Stage 2 Failed,watchlist,weekly_watchlist,3.69,4,-0.44999999999999973,False,False,False,False,False
CARTRADE.NS,Cartrade Tech Limited,Consumer Cyclical,Consumer Cyclical,False,Cash,1,Stage 2,Stage 2,Early Stage 2,0.72,"Price has moved above long-term structure, but the full moving-average stack is not clean yet.",,,2026-10-05,,watchlist,weekly_forming,watchlist,42.77,64.69,52.63,2.0,42.77,64.69,54.63,8.25,60.68,739134772.48,"Stage 2, Early Stage 2, weekly_vcp_ok, volume_dryup, weekly_volume_dryup, weekly_strong",69,72,Stage 2,watchlist,weekly_forming,52.47,3,2.1600000000000037,False,False,False,False,False
CRAFTSMAN.NS,Craftsman Automation Limited,Auto Parts,Consumer Cyclical,False,Cash,1,Stage 2,Stage 2,Early Stage 2,0.72,"Price has moved above long-term structure, but the full moving-average stack is not clean yet.",,,2026-10-05,,watchlist,weekly_watchlist,watchlist,21.65,28.49,24.73,5.0,21.65,28.49,29.73,16.25,40.68,573762925.65,"Stage 2, Early Stage 2, volume_dryup, weekly_volume_dryup",312,315,Stage 2,watchlist,weekly_watchlist,29.07,3,0.6600000000000001,False,False,False,False,False
BATAINDIA.NS,Bata India Limited,Consumer Cyclical,Consumer Cyclical,False,Cash,1,Stage 4,Stage 4,Stage 4 - Weak/Declining,0.72,Price is below long-term support with weak trend evidence.,,,,,watchlist,weekly_watchlist,watchlist,11.07,36.9,22.69,2.0,11.07,36.9,24.69,1.24,-8.38,96801406.98,"Stage 4, Stage 4 - Weak/Declining, weekly_vcp_ok, volume_dryup, weekly_volume_dryup, weekly_strong, downtrend",402,405,Stage 4,watchlist,weekly_watchlist,24.69,3,0.0,False,False,False,False,False
IEX.NS,Indian Energy Exchange Limited,Capital Markets,Financial Services,True,F&O,1,Stage 4,Stage 4,Stage 4 - Confirmed Downtrend,0.86,Price is below a bearish moving-average stack with falling trend signals.,,,,,watchlist,weekly_watchlist,watchlist,0.0,6.2,2.79,0.0,0.0,6.2,2.79,-7.72,-16.68,333508675.82,"Stage 4, Stage 4 - Confirmed Downtrend, volume_dryup, weekly_volume_dryup, downtrend",854,857,Stage 4,watchlist,weekly_watchlist,2.79,3,0.0,False,False,False,False,False
EIEL.NS,Enviro Infra Engineers Limited,Engineering & Construction,Industrials,False,Cash,1,Stage 4,Stage 4,Stage 4 - Weak/Declining,0.72,Price is below long-term support with weak trend evidence.,,,2026-08-10,,watchlist,weekly_watchlist,watchlist,0.0,6.2,2.79,0.0,0.0,6.2,2.79,-19.48,-6.01,314697474.52,"Stage 4, Stage 4 - Weak/Declining, volume_dryup, weekly_volume_dryup, downtrend",855,858,Stage 4,watchlist,weekly_watchlist,2.79,3,0.0,False,False,False,False,False
EPL.NS,EPL Limited,Consumer Cyclical,Consumer Cyclical,False,Cash,1,Stage 2 Failed,Stage 1,Failed Stage 2,0.72,"This stock was recently Stage 2, but the latest structure no longer satisfies Stage 2 rules. It is kept as Stage 2 Failed until a fresh base/repair structure forms.",Recent Stage 2 break; public stage held as Stage 2 Failed.,2026-10-06,2026-09-30,,watchlist,weekly_watchlist,watchlist,0.0,43.49,19.57,2.0,0.0,43.49,21.57,3.69,2.21,441339850.22,"Stage 1, Stage 1 - Base/Repair, weekly_vcp_ok, volume_dryup, weekly_volume_dryup, weekly_strong, stage1_not_actionable, stage1_needs_more_base | Stage 2 failed state applied from stage memory.",492,495,Stage 2 Failed,watchlist,weekly_watchlist,21.58,3,-0.00999999999999801,False,False,False,False,False
FUSION.NS,Fusion Finance Limited,Credit Services,Financial Services,False,Cash,1,Stage 4,Stage 4,Stage 4,0.66,Declining structure detected.,,,2026-09-14,,watchlist,weekly_watchlist,watchlist,11.74,35.8,22.57,0.0,11.74,35.8,22.57,-21.67,8.0,92996814.88,"Stage 4, Stage 4, weekly_vcp_ok, volume_dryup, weekly_strong, downtrend",456,459,Stage 4,watchlist,weekly_watchlist,22.78,3,-0.21000000000000085,False,False,False,False,False
TANLA.NS,Tanla Platforms Limited,Software - Application,Technology,False,Cash,1,Stage 4,Stage 4,Stage 4 - Weak/Declining,0.72,Price is below long-term support with weak trend evidence.,,,2026-08-21,,watchlist,weekly_watchlist,watchlist,10.99,0.0,6.04,5.0,10.99,0.0,11.04,-5.92,8.62,154592083.62,"Stage 4, Stage 4 - Weak/Declining, volume_dryup, weekly_volume_dryup, downtrend",733,736,Stage 4,watchlist,weekly_watchlist,11.28,3,-0.2400000000000002,False,False,False,False,False
ZFCVINDIA.NS,ZF Commercial Vehicle Control Systems India Limited,Auto Parts,Consumer Cyclical,False,Cash,1,Stage 2 Failed,Stage 4,Failed Stage 2,0.72,"This stock was recently Stage 2, but the latest structure no longer satisfies Stage 2 rules. It is kept as Stage 2 Failed until a fresh base/repair structure forms.",Recent Stage 2 break; public stage held as Stage 2 Failed.,2026-10-06,2026-09-16,,watchlist,weekly_watchlist,watchlist,0.0,0.0,0.0,5.0,0.0,0.0,5.0,-1.64,-5.72,244084843.51,"Stage 4, Stage 4 - Weak/Declining, downtrend | Stage 2 failed state applied from stage memory.",819,822,Stage 2 Failed,watchlist,weekly_watchlist,5.36,3,-0.3600000000000003,False,False,False,False,False
MOSCHIP.NS,Moschip Technologies Limited,Technology,Technology,False,Cash,1,Stage 1,Stage 1,Stage 1 - Unclear/Repair,0.58,Not enough evidence for Stage 2 or Stage 4; classified as repair/unclear structure.,,,2026-08-28,,watchlist,weekly_watchlist,watchlist,12.99,0.0,7.14,10.0,12.99,0.0,17.14,-11.89,14.82,244447682.35,"Stage 1, Stage 1 - Unclear/Repair, volume_dryup, weekly_volume_dryup, stage1_not_actionable, stage1_needs_more_base",617,620,Stage 1,watchlist,weekly_watchlist,17.52,3,-0.379999999999999,False,False,False,False,False
SIS.NS,SIS LIMITED,Industrials,Industrials,False,Cash,1,Stage 3,Stage 3,Stage 3 - Distribution/Damage,0.76,"Prior strength exists, but short-term and/or weekly structure is deteriorating.",,,2026-09-04,,watchlist,weekly_watchlist,watchlist,0.0,15.49,6.97,0.0,0.0,15.49,6.97,-0.19,39.11,144046512.54,"Stage 3, Stage 3 - Distribution/Damage, weekly_volume_dryup, distribution_risk",784,787,Stage 3,watchlist,weekly_watchlist,7.43,3,-0.45999999999999996,False,False,False,False,False
MSTCLTD.NS,Mstc Limited,Conglomerates,Industrials,False,Cash,1,Stage 2,Stage 2,Clean Stage 2,0.9,"Price is above rising key averages, weekly structure is supportive, and the stock is near its 52-week high.",,,2026-10-05,,watchlist,weekly_watchlist,watchlist,38.83,26.0,33.06,2.0,38.83,26.0,35.06,11.48,71.65,175979068.8,"Stage 2, Clean Stage 2, trend_template_ok, volume_dryup, weekly_volume_dryup",263,265,Stage 2,watchlist,weekly_watchlist,33.06,2,2.0,False,False,False,False,False
BSE.NS,BSE Limited,Financial Services,Financial Services,True,F&O,1,Stage 4,Stage 4,Stage 4 - Weak/Declining,0.72,Price is below long-term support with weak trend evidence.,,,2026-07-24,,watchlist,weekly_watchlist,watchlist,0.0,1.6,0.72,0.0,0.0,1.6,0.72,-8.66,1.14,16954694587.46,"Stage 4, Stage 4 - Weak/Declining, downtrend",899,901,Stage 4,watchlist,weekly_watchlist,0.0,2,0.72,False,False,False,False,False
ONGC.NS,Oil & Natural Gas Corporation Limited,Energy,Energy,True,F&O,1,Stage 4,Stage 4,Stage 4 - Weak/Declining,0.72,Price is below long-term support with weak trend evidence.,,,2026-06-08,,watchlist,weekly_watchlist,watchlist,12.16,35.8,22.8,5.0,12.16,35.8,27.8,-3.45,-20.86,2555874095.25,"Stage 4, Stage 4 - Weak/Declining, weekly_vcp_ok, weekly_strong, downtrend",337,339,Stage 4,watchlist,weekly_watchlist,27.13,2,0.6700000000000017,False,False,False,False,False
SAPPHIRE.NS,Sapphire Foods India Limited,Consumer Cyclical,Consumer Cyclical,False,Cash,1,Stage 2 Failed,Not Sure,Failed Stage 2,0.72,"This stock was recently Stage 2, but the latest structure no longer satisfies Stage 2 rules. It is kept as Stage 2 Failed until a fresh base/repair structure forms.",Recent Stage 2 break; public stage held as Stage 2 Failed.,2026-10-06,2026-09-23,,watchlist,weekly_watchlist,watchlist,6.53,51.93,26.96,2.0,6.53,51.93,28.96,22.94,27.38,186216771.0,"Not Sure, Not Sure, weekly_vcp_ok, volume_dryup, weekly_volume_dryup, weekly_strong | Stage 2 failed state applied from stage memory.",322,324,Stage 2 Failed,watchlist,weekly_watchlist,28.55,2,0.41000000000000014,False,False,False,False,False
DHANUKA.NS,Dhanuka Agritech Limited,Agricultural Inputs,Basic Materials,False,Cash,1,Stage 4,Stage 4,Stage 4 - Confirmed Downtrend,0.86,Price is below a bearish moving-average stack with falling trend signals.,,,,,watchlist,weekly_watchlist,watchlist,2.17,3.2,2.63,0.0,2.17,3.2,2.63,-8.24,-10.26,19100918.56,"Stage 4, Stage 4 - Confirmed Downtrend, volume_dryup, weekly_volume_dryup, downtrend",857,859,Stage 4,watchlist,weekly_watchlist,2.62,2,0.009999999999999787,False,False,False,False,False
JINDALPOLY.NS,Jindal Poly Films Limited,Consumer Cyclical,Consumer Cyclical,False,Cash,1,Stage 1,Stage 1,Stage 1 - Base/Repair,0.7,Price is near long-term moving averages with no strong long-term downtrend signal.,,,,,watchlist,weekly_watchlist,watchlist,7.1,42.9,23.21,2.0,7.1,42.9,25.21,0.87,-13.66,37474942.99,"Stage 1, Stage 1 - Base/Repair, weekly_vcp_ok, volume_dryup, weekly_volume_dryup, weekly_strong, stage1_not_actionable, stage1_needs_more_base",392,394,Stage 1,watchlist,weekly_watchlist,25.21,2,0.0,False,False,False,False,False
SBICARD.NS,SBI Cards and Payment Services Limited,Credit Services,Financial Services,True,F&O,1,Stage 4,Stage 4,Stage 4 - Confirmed Downtrend,0.86,Price is below a bearish moving-average stack with falling trend signals.,,,,,watchlist,weekly_watchlist,watchlist,14.0,32.13,22.16,0.0,14.0,32.13,22.16,-2.28,-14.31,733911770.51,"Stage 4, Stage 4 - Confirmed Downtrend, weekly_vcp_ok, volume_dryup, weekly_volume_dryup, weekly_strong, downtrend",471,473,Stage 4,watchlist,weekly_watchlist,22.16,2,0.0,False,False,False,False,False
INDIAMART.NS,Indiamart Intermesh Limited,Communication Services,Communication Services,False,Cash,1,Stage 4,Stage 4,Stage 4 - Confirmed Downtrend,0.86,Price is below a bearish moving-average stack with falling trend signals.,,,,,watchlist,weekly_watchlist,watchlist,0.0,36.9,16.61,5.0,0.0,36.9,21.61,-12.61,-21.12,190942621.78,"Stage 4, Stage 4 - Confirmed Downtrend, weekly_vcp_ok, volume_dryup, weekly_volume_dryup, weekly_strong, downtrend",490,492,Stage 4,watchlist,weekly_watchlist,21.61,2,0.0,False,False,False,False,False
ZENSARTECH.NS,Zensar Technologies Limited,Information Technology Services,Technology,False,Cash,1,Stage 4,Stage 4,Stage 4 - Confirmed Downtrend,0.86,Price is below a bearish moving-average stack with falling trend signals.,,,,,watchlist,weekly_watchlist,watchlist,0.0,2.0,0.9,2.0,0.0,2.0,2.9,-5.6,-16.16,1616721200.39,"Stage 4, Stage 4 - Confirmed Downtrend, volume_dryup, weekly_volume_dryup, downtrend",851,853,Stage 4,watchlist,weekly_watchlist,2.9,2,0.0,False,False,False,False,False
HEMIPROP.NS,Hemisphere Properties India Limited,Real Estate,Real Estate,False,Cash,1,Stage 4,Stage 4,Stage 4 - Confirmed Downtrend,0.86,Price is below a bearish moving-average stack with falling trend signals.,,,2026-07-03,,watchlist,weekly_watchlist,watchlist,0.0,2.0,0.9,2.0,0.0,2.0,2.9,-12.43,-9.3,34767307.85,"Stage 4, Stage 4 - Confirmed Downtrend, downtrend",852,854,Stage 4,watchlist,weekly_watchlist,2.9,2,0.0,False,False,False,False,False
SUMICHEM.NS,Sumitomo Chemical India Limited,Agricultural Inputs,Basic Materials,False,Cash,1,Stage 2 Failed,Stage 1,Failed Stage 2,0.72,"This stock was recently Stage 2, but the latest structure no longer satisfies Stage 2 rules. It is kept as Stage 2 Failed until a fresh base/repair structure forms.",Recent Stage 2 break; public stage held as Stage 2 Failed.,2026-10-06,2026-09-23,,watchlist,weekly_watchlist,watchlist,0.0,5.6,2.52,0.0,0.0,5.6,2.52,-13.79,0.09,147827007.01,"Stage 1, Stage 1 - Unclear/Repair, volume_dryup, stage1_not_actionable, stage1_needs_more_base | Stage 2 failed state applied from stage memory.",858,860,Stage 2 Failed,watchlist,weekly_watchlist,2.52,2,0.0,False,False,False,False,False
AMBER.NS,Amber Enterprises India Limited,"Furnishings, Fixtures & Appliances",Consumer Cyclical,True,F&O,1,Stage 4,Stage 4,Stage 4 - Weak/Declining,0.72,Price is below long-term support with weak trend evidence.,,,2026-07-20,,watchlist,weekly_watchlist,watchlist,12.83,35.8,23.17,0.0,12.83,35.8,23.17,-4.99,-4.35,830639337.88,"Stage 4, Stage 4 - Weak/Declining, weekly_vcp_ok, volume_dryup, weekly_volume_dryup, weekly_strong, downtrend",442,444,Stage 4,watchlist,weekly_watchlist,23.31,2,-0.13999999999999702,False,False,False,False,False
FEDERALBNK.NS,The Federal Bank  Limited,Banks - Regional,Financial Services,True,F&O,1,Stage 2 Failed,Stage 3,Failed Stage 2,0.72,"This stock was recently Stage 2, but the latest structure no longer satisfies Stage 2 rules. It is kept as Stage 2 Failed until a fresh base/repair structure forms.",Recent Stage 2 break; public stage held as Stage 2 Failed.,2026-10-06,2026-09-29,,watchlist,weekly_watchlist,watchlist,0.0,40.42,18.19,2.0,0.0,40.42,20.19,1.98,12.25,1830191335.1,"Stage 3, Stage 3 - Distribution/Damage, weekly_vcp_ok, weekly_strong, distribution_risk | Stage 2 failed state applied from stage memory.",537,539,Stage 2 Failed,watchlist,weekly_watchlist,20.36,2,-0.16999999999999815,False,False,False,False,False
JUSTDIAL.NS,Just Dial Limited,Communication Services,Communication Services,False,Cash,1,Stage 2 Failed,Stage 3,Failed Stage 2,0.72,"This stock was recently Stage 2, but the latest structure no longer satisfies Stage 2 rules. It is kept as Stage 2 Failed until a fresh base/repair structure forms.",Recent Stage 2 break; public stage held as Stage 2 Failed.,2026-10-06,2026-09-23,,watchlist,weekly_watchlist,watchlist,17.63,5.13,12.01,5.0,17.63,5.13,17.01,25.19,14.16,74628139.0,"Stage 3, Stage 3 - Transition, volume_dryup, weekly_volume_dryup, distribution_risk | Stage 2 failed state applied from stage memory.",621,623,Stage 2 Failed,watchlist,weekly_watchlist,17.33,2,-0.31999999999999673,False,False,False,False,False
CAMPUS.NS,Campus Activewear Limited,Consumer Cyclical,Consumer Cyclical,False,Cash,1,Stage 4,Stage 4,Stage 4 - Confirmed Downtrend,0.86,Price is below a bearish moving-average stack with falling trend signals.,,,,,watchlist,weekly_watchlist,watchlist,10.64,0.0,5.85,2.0,10.64,0.0,7.85,-3.23,-11.08,69132699.17,"Stage 4, Stage 4 - Confirmed Downtrend, volume_dryup, weekly_volume_dryup, downtrend",775,777,Stage 4,watchlist,weekly_watchlist,8.46,2,-0.6100000000000012,False,False,False,False,False
EMIL.NS,Electronics Mart India Limited,Consumer Cyclical,Consumer Cyclical,False,Cash,1,Stage 2,Stage 2,Extended Stage 2,0.78,"Advancing structure remains intact, but price is stretched versus key moving averages or far above the 52-week low.",,,2026-10-05,,watchlist,weekly_watchlist,watchlist,53.62,31.6,43.71,2.0,53.62,31.6,45.71,54.54,101.33,906548848.02,"Stage 2, Extended Stage 2, trend_template_ok, volume_dryup, weekly_volume_dryup",149,150,Stage 2,watchlist,weekly_watchlist,44.0,1,1.7100000000000009,False,False,False,False,False
JINDALSTEL.NS,JINDAL STEEL LIMITED,Steel,Basic Materials,True,F&O,1,Stage 2 Failed,Stage 1,Failed Stage 2,0.72,"This stock was recently Stage 2, but the latest structure no longer satisfies Stage 2 rules. It is kept as Stage 2 Failed until a fresh base/repair structure forms.",Recent Stage 2 break; public stage held as Stage 2 Failed.,2026-10-06,2026-09-25,,watchlist,weekly_watchlist,watchlist,16.2,41.8,27.72,5.0,16.2,41.8,32.72,8.11,-9.89,958373704.35,"Stage 1, Stage 1 - Base/Repair, weekly_vcp_ok, weekly_strong, stage1_not_actionable, stage1_needs_more_base | Stage 2 failed state applied from stage memory.",283,284,Stage 2 Failed,watchlist,weekly_watchlist,31.21,1,1.509999999999998,False,False,False,False,False
HATSUN.NS,Hatsun Agro Product Limited,Packaged Foods,Consumer Defensive,False,Cash,1,Stage 2,Stage 2,Clean Stage 2,0.9,"Price is above rising key averages, weekly structure is supportive, and the stock is near its 52-week high.",,,2026-10-05,,watchlist,weekly_breakout,watchlist,40.1,64.75,51.19,2.0,40.1,64.75,53.19,31.96,26.59,103556169.68,"Stage 2, Clean Stage 2, trend_template_ok, weekly_vcp_ok, volume_dryup, weekly_volume_dryup, weekly_strong",76,77,Stage 2,watchlist,weekly_breakout,52.09,1,1.0999999999999943,False,False,False,False,False
APOLLOTYRE.NS,Apollo Tyres Limited,Auto Parts,Consumer Cyclical,False,Cash,1,Stage 4,Stage 4,Stage 4 - Weak/Declining,0.72,Price is below long-term support with weak trend evidence.,,,,,watchlist,weekly_watchlist,watchlist,8.35,36.9,21.2,5.0,8.35,36.9,26.2,-4.13,-5.77,355474460.22,"Stage 4, Stage 4 - Weak/Declining, weekly_vcp_ok, weekly_volume_dryup, weekly_strong, downtrend",364,365,Stage 4,watchlist,weekly_watchlist,26.2,1,0.0,False,False,False,False,False
AFFLE.NS,Affle 3i Limited,Communication Services,Communication Services,False,Cash,1,Stage 4,Stage 4,Stage 4 - Weak/Declining,0.72,Price is below long-term support with weak trend evidence.,,,2026-09-07,,watchlist,weekly_watchlist,watchlist,0.0,36.36,16.36,5.0,0.0,36.36,21.36,2.59,2.96,200271292.43,"Stage 4, Stage 4 - Weak/Declining, weekly_vcp_ok, volume_dryup, weekly_volume_dryup, weekly_strong, downtrend",496,497,Stage 4,watchlist,weekly_watchlist,21.57,1,-0.21000000000000085,False,False,False,False,False
GANESHHOU.NS,GANESH HOUSING LIMITED,Real Estate,Real Estate,False,Cash,1,Stage 4,Stage 4,Stage 4 - Weak/Declining,0.72,Price is below long-term support with weak trend evidence.,,,2026-08-27,,watchlist,weekly_watchlist,watchlist,0.0,37.27,16.77,2.0,0.0,37.27,18.77,-8.47,23.17,22297094.93,"Stage 4, Stage 4 - Weak/Declining, weekly_vcp_ok, weekly_strong, downtrend",569,570,Stage 4,watchlist,weekly_watchlist,19.12,1,-0.3500000000000014,False,False,False,False,False
BRITANNIA.NS,Britannia Industries Limited,Packaged Foods,Consumer Defensive,True,F&O,1,Stage 4,Stage 4,Stage 4 - Confirmed Downtrend,0.86,Price is below a bearish moving-average stack with falling trend signals.,,,,,watchlist,weekly_watchlist,watchlist,7.23,6.2,6.77,2.0,7.23,6.2,8.77,-2.61,-10.33,1157939906.57,"Stage 4, Stage 4 - Confirmed Downtrend, weekly_volume_dryup, downtrend",767,768,Stage 4,watchlist,weekly_watchlist,9.18,1,-0.41000000000000014,False,False,False,False,False
NBCC.NS,NBCC (India) Limited,Engineering & Construction,Industrials,True,F&O,1,Stage 4,Stage 4,Stage 4 - Confirmed Downtrend,0.86,Price is below a bearish moving-average stack with falling trend signals.,,,2026-07-02,,watchlist,weekly_watchlist,watchlist,8.6,4.0,6.53,0.0,8.6,4.0,6.53,-17.77,-11.65,397830894.22,"Stage 4, Stage 4 - Confirmed Downtrend, downtrend",793,794,Stage 4,watchlist,weekly_watchlist,6.99,1,-0.45999999999999996,False,False,False,False,False
INDIASHLTR.NS,India Shelter Finance Corporation Limited,Mortgage Finance,Financial Services,False,Cash,1,Stage 4,Stage 4,Stage 4 - Confirmed Downtrend,0.86,Price is below a bearish moving-average stack with falling trend signals.,,,,,watchlist,weekly_watchlist,watchlist,9.59,4.0,7.07,0.0,9.59,4.0,7.07,-13.34,-14.47,62379486.63,"Stage 4, Stage 4 - Confirmed Downtrend, downtrend",781,782,Stage 4,watchlist,weekly_watchlist,7.86,1,-0.79,False,False,False,False,False
GMDCLTD.NS,Gujarat Mineral Development Corporation Limited,Energy,Energy,False,Cash,1,Stage 4,Stage 4,Stage 4 - Weak/Declining,0.72,Price is below long-term support with weak trend evidence.,,,2026-06-24,,watchlist,weekly_watchlist,watchlist,13.88,4.0,9.43,5.0,13.88,4.0,14.43,-10.59,-17.81,505498203.09,"Stage 4, Stage 4 - Weak/Declining, volume_dryup, weekly_volume_dryup, downtrend",699,700,Stage 4,watchlist,weekly_watchlist,15.33,1,-0.9000000000000004,False,False,False,False,False
JINDALSAW.NS,Jindal Saw Limited,Steel,Basic Materials,False,Cash,1,Stage 2,Stage 2,Early Stage 2,0.72,"Price has moved above long-term structure, but the full moving-average stack is not clean yet.",,,2026-10-05,,watchlist,weekly_watchlist,watchlist,39.72,20.43,31.04,5.0,39.72,20.43,36.04,8.34,39.95,457516526.52,"Stage 2, Early Stage 2, volume_dryup, weekly_volume_dryup",250,250,Stage 2,watchlist,weekly_watchlist,33.96,0,2.0799999999999983,False,False,False,False,False
HAPPYFORGE.NS,Happy Forgings Limited,Metal Fabrication,Industrials,False,Cash,1,Stage 2,Stage 2,Extended Stage 2,0.78,"Advancing structure remains intact, but price is stretched versus key moving averages or far above the 52-week low.",,,2026-10-05,,watchlist,weekly_forming,watchlist,38.56,65.8,50.82,10.0,38.56,65.8,60.82,30.68,54.57,168214613.78,"Stage 2, Extended Stage 2, daily_vcp_ok, weekly_vcp_ok, weekly_strong",39,39,Stage 2,watchlist,weekly_forming,59.07,0,1.75,False,False,False,False,False
FOSECOIND.NS,Foseco India Limited,Chemicals,Basic Materials,False,Cash,1,Stage 2,Stage 2,Clean Stage 2,0.9,"Price is above rising key averages, weekly structure is supportive, and the stock is near its 52-week high.",,,2026-10-05,,watchlist,weekly_breakout,watchlist,62.2,65.83,63.83,5.0,62.2,65.83,68.83,27.75,41.57,237753079.28,"Stage 2, Clean Stage 2, trend_template_ok, weekly_vcp_ok, volume_dryup, weekly_volume_dryup, weekly_strong",10,10,Stage 2,watchlist,weekly_breakout,67.96,0,0.8700000000000045,False,False,False,False,False
HAVELLS.NS,Havells India Limited,Electrical Equipment & Parts,Industrials,True,F&O,1,Stage 4,Stage 4,Stage 4 - Confirmed Downtrend,0.86,Price is below a bearish moving-average stack with falling trend signals.,,,,,watchlist,weekly_watchlist,watchlist,0.0,35.8,16.11,10.0,0.0,35.8,26.11,-6.43,-15.78,779912769.91,"Stage 4, Stage 4 - Confirmed Downtrend, weekly_vcp_ok, weekly_strong, downtrend",369,369,Stage 4,watchlist,weekly_watchlist,26.11,0,0.0,False,False,False,False,False
FSL.NS,Firstsource Solutions Limited,Information Technology Services,Technology,False,Cash,1,Stage 4,Stage 4,Stage 4 - Weak/Declining,0.72,Price is below long-term support with weak trend evidence.,,,,,watchlist,weekly_watchlist,watchlist,0.0,0.0,0.0,2.0,0.0,0.0,2.0,11.76,18.92,746389406.65,"Stage 4, Stage 4 - Weak/Declining, volume_dryup, weekly_volume_dryup, downtrend",872,872,Stage 4,watchlist,weekly_watchlist,2.0,0,0.0,False,False,False,False,False
CERA.NS,Cera Sanitaryware Limited,Building Products & Equipment,Industrials,False,Cash,1,Stage 4,Stage 4,Stage 4 - Weak/Declining,0.72,Price is below long-term support with weak trend evidence.,,,2026-08-28,,watchlist,weekly_watchlist,watchlist,0.0,0.0,0.0,0.0,0.0,0.0,0.0,-14.23,0.14,42495093.02,"Stage 4, Stage 4 - Weak/Declining, weekly_volume_dryup, downtrend",915,915,Stage 4,watchlist,weekly_watchlist,0.0,0,0.0,False,False,False,False,False
TTKPRESTIG.NS,TTK Prestige Limited,"Furnishings, Fixtures & Appliances",Consumer Cyclical,False,Cash,1,Stage 4,Stage 4,Stage 4 - Weak/Declining,0.72,Price is below long-term support with weak trend evidence.,,,2026-08-18,,watchlist,weekly_watchlist,watchlist,0.0,0.0,0.0,0.0,0.0,0.0,0.0,-11.04,11.56,39522843.85,"Stage 4, Stage 4 - Weak/Declining, volume_dryup, weekly_volume_dryup, downtrend",916,916,Stage 4,watchlist,weekly_watchlist,0.0,0,0.0,False,False,False,False,False
PRSMJOHNSN.NS,Prism Johnson Limited,Building Materials,Basic Materials,False,Cash,1,Stage 4,Stage 4,Stage 4 - Weak/Declining,0.72,Price is below long-term support with weak trend evidence.,,,,,watchlist,weekly_watchlist,watchlist,0.0,0.0,0.0,0.0,0.0,0.0,0.0,-2.93,-15.66,41535377.52,"Stage 4, Stage 4 - Weak/Declining, volume_dryup, weekly_volume_dryup, downtrend",917,917,Stage 4,watchlist,weekly_watchlist,0.0,0,0.0,False,False,False,False,False
LATENTVIEW.NS,Latent View Analytics Limited,Industrials,Industrials,False,Cash,1,Stage 4,Stage 4,Stage 4 - Confirmed Downtrend,0.86,Price is below a bearish moving-average stack with falling trend signals.,,,,,watchlist,weekly_watchlist,watchlist,0.0,0.0,0.0,0.0,0.0,0.0,0.0,-17.91,-18.46,115520828.72,"Stage 4, Stage 4 - Confirmed Downtrend, volume_dryup, weekly_volume_dryup, downtrend",918,918,Stage 4,watchlist,weekly_watchlist,0.0,0,0.0,False,False,False,False,False
GOKEX.NS,Gokaldas Exports Limited,Apparel Manufacturing,Consumer Cyclical,False,Cash,1,Stage 4,Stage 4,Stage 4 - Weak/Declining,0.72,Price is below long-term support with weak trend evidence.,,,2026-08-20,,watchlist,weekly_watchlist,watchlist,0.0,0.0,0.0,0.0,0.0,0.0,0.0,-13.27,1.73,204531213.69,"Stage 4, Stage 4 - Weak/Declining, downtrend",920,920,Stage 4,watchlist,weekly_watchlist,0.0,0,0.0,False,False,False,False,False
RALLIS.NS,Rallis India Limited,Agricultural Inputs,Basic Materials,False,Cash,1,Stage 4,Stage 4,Stage 4 - Confirmed Downtrend,0.86,Price is below a bearish moving-average stack with falling trend signals.,,,,,watchlist,weekly_watchlist,watchlist,0.0,0.0,0.0,0.0,0.0,0.0,0.0,-7.93,-20.48,93878073.82,"Stage 4, Stage 4 - Confirmed Downtrend, volume_dryup, weekly_volume_dryup, downtrend",921,921,Stage 4,watchlist,weekly_watchlist,0.0,0,0.0,False,False,False,False,False
BAJAJELEC.NS,Bajaj Electricals Limited,"Furnishings, Fixtures & Appliances",Consumer Cyclical,False,Cash,1,Stage 4,Stage 4,Stage 4 - Confirmed Downtrend,0.86,Price is below a bearish moving-average stack with falling trend signals.,,,,,watchlist,weekly_watchlist,watchlist,0.0,0.0,0.0,0.0,0.0,0.0,0.0,-2.65,-16.57,34791248.12,"Stage 4, Stage 4 - Confirmed Downtrend, volume_dryup, weekly_volume_dryup, downtrend",922,922,Stage 4,watchlist,weekly_watchlist,0.0,0,0.0,False,False,False,False,False
NITCO.NS,Nitco Limited,Building Products & Equipment,Industrials,False,Cash,1,Stage 4,Stage 4,Stage 4 - Weak/Declining,0.72,Price is below long-term support with weak trend evidence.,,,2026-08-04,,watchlist,weekly_watchlist,watchlist,0.0,0.0,0.0,0.0,0.0,0.0,0.0,-17.87,-1.42,46573393.84,"Stage 4, Stage 4 - Weak/Declining, volume_dryup, weekly_volume_dryup, downtrend",930,930,Stage 4,watchlist,weekly_watchlist,0.0,0,0.0,False,False,False,False,False
EXIDEIND.NS,Exide Industries Limited,Auto Parts,Consumer Cyclical,True,F&O,1,Stage 2 Failed,Stage 1,Failed Stage 2,0.72,"This stock was recently Stage 2, but the latest structure no longer satisfies Stage 2 rules. It is kept as Stage 2 Failed until a fresh base/repair structure forms.",Recent Stage 2 break; public stage held as Stage 2 Failed.,2026-10-06,2026-09-28,,watchlist,weekly_watchlist,watchlist,0.0,12.66,5.7,5.0,0.0,12.66,10.7,0.24,26.36,805741646.9,"Stage 1, Stage 1 - Base/Repair, volume_dryup, weekly_volume_dryup, stage1_not_actionable, stage1_needs_more_base | Stage 2 failed state applied from stage memory.",737,737,Stage 2 Failed,watchlist,weekly_watchlist,11.26,0,-0.5600000000000005,False,False,False,False,False
AKUMS.NS,Akums Drugs and Pharmaceuticals Limited,Drug Manufacturers - Specialty & Generic,Healthcare,False,Cash,1,Stage 2,Stage 2,Clean Stage 2,0.9,"Price is above rising key averages, weekly structure is supportive, and the stock is near its 52-week high.",,,2026-10-05,,watchlist,weekly_near_pivot,watchlist,39.62,73.0,54.64,10.0,39.62,73.0,64.64,20.69,59.48,202907176.68,"Stage 2, Clean Stage 2, trend_template_ok, weekly_vcp_ok, volume_dryup, weekly_volume_dryup, weekly_strong",19,18,Stage 2,watchlist,weekly_breakout,63.19,-1,1.4500000000000028,False,False,False,False,False
PRUDENT.NS,Prudent Corporate Advisory Services Limited,Asset Management,Financial Services,False,Cash,1,Stage 2,Stage 2,Early Stage 2,0.72,"Price has moved above long-term structure, but the full moving-average stack is not clean yet.",,,2026-10-05,,watchlist,weekly_forming,watchlist,38.65,63.96,50.04,0.0,38.65,63.96,50.04,13.02,37.54,91657651.11,"Stage 2, Early Stage 2, weekly_vcp_ok, volume_dryup, weekly_volume_dryup, weekly_strong",108,107,Stage 2,watchlist,weekly_forming,48.67,-1,1.3699999999999974,False,False,False,False,False
SYRMA.NS,Syrma SGS Technology Limited,Electronic Components,Technology,False,Cash,1,Stage 2,Stage 2,Extended Stage 2,0.78,"Advancing structure remains intact, but price is stretched versus key moving averages or far above the 52-week low.",,,2026-10-05,,watchlist,weekly_breakout,watchlist,57.02,63.8,60.07,10.0,57.02,63.8,70.07,21.69,95.04,3979139549.3,"Stage 2, Extended Stage 2, trend_template_ok, weekly_vcp_ok, weekly_volume_dryup, weekly_strong",7,6,Stage 2,watchlist,weekly_breakout,69.35,-1,0.7199999999999989,False,False,False,False,False
AUROPHARMA.NS,Aurobindo Pharma Limited,Drug Manufacturers - Specialty & Generic,Healthcare,True,F&O,1,Stage 2,Stage 2,Clean Stage 2,0.9,"Price is above rising key averages, weekly structure is supportive, and the stock is near its 52-week high.",,,2026-10-05,,watchlist,weekly_near_pivot,watchlist,65.85,66.6,66.19,10.0,65.85,66.6,76.19,12.82,27.18,1269579492.57,"Stage 2, Clean Stage 2, trend_template_ok, weekly_vcp_ok, weekly_strong",2,1,Stage 2,watchlist,weekly_near_pivot,76.13,-1,0.060000000000002274,False,False,False,False,False
KEI.NS,KEI Industries Limited,Electrical Equipment & Parts,Industrials,True,F&O,1,Stage 4,Stage 4,Stage 4,0.66,Declining structure detected.,,,2026-09-03,,watchlist,weekly_watchlist,watchlist,0.0,35.8,16.11,10.0,0.0,35.8,26.11,-6.87,3.05,1837121718.53,"Stage 4, Stage 4, weekly_vcp_ok, volume_dryup, weekly_volume_dryup, weekly_strong, downtrend",371,370,Stage 4,watchlist,weekly_watchlist,26.11,-1,0.0,False,False,False,False,False
AIAENG.NS,AIA Engineering Limited,Specialty Industrial Machinery,Industrials,False,Cash,1,Stage 4,Stage 4,Stage 4 - Weak/Declining,0.72,Price is below long-term support with weak trend evidence.,,,2026-08-28,,watchlist,weekly_watchlist,watchlist,0.0,35.8,16.11,10.0,0.0,35.8,26.11,-11.17,7.77,217583206.03,"Stage 4, Stage 4 - Weak/Declining, weekly_vcp_ok, weekly_volume_dryup, weekly_strong, downtrend",372,371,Stage 4,watchlist,weekly_watchlist,26.11,-1,0.0,False,False,False,False,False
EIDPARRY.NS,EID Parry India Limited,Agricultural Inputs,Basic Materials,False,Cash,1,Stage 4,Stage 4,Stage 4 - Confirmed Downtrend,0.86,Price is below a bearish moving-average stack with falling trend signals.,,,,,watchlist,weekly_watchlist,watchlist,0.0,0.0,0.0,0.0,0.0,0.0,0.0,-2.04,-14.99,213652259.49,"Stage 4, Stage 4 - Confirmed Downtrend, volume_dryup, weekly_volume_dryup, downtrend",911,910,Stage 4,watchlist,weekly_watchlist,0.0,-1,0.0,False,False,False,False,False
RAINBOW.NS,Rainbow Childrens Medicare Limited,Medical Care Facilities,Healthcare,False,Cash,1,Stage 2 Failed,Stage 1,Failed Stage 2,0.72,"This stock was recently Stage 2, but the latest structure no longer satisfies Stage 2 rules. It is kept as Stage 2 Failed until a fresh base/repair structure forms.",Recent Stage 2 break; public stage held as Stage 2 Failed.,2026-10-06,2026-09-18,,watchlist,weekly_watchlist,watchlist,0.0,0.0,0.0,0.0,0.0,0.0,0.0,-8.54,-0.07,203051607.76,"Stage 1, Stage 1 - Unclear/Repair, stage1_not_actionable, stage1_needs_more_base | Stage 2 failed state applied from stage memory.",912,911,Stage 2 Failed,watchlist,weekly_watchlist,0.0,-1,0.0,False,False,False,False,False
AAVAS.NS,Aavas Financiers Limited,Mortgage Finance,Financial Services,False,Cash,1,Stage 4,Stage 4,Stage 4 - Confirmed Downtrend,0.86,Price is below a bearish moving-average stack with falling trend signals.,,,,,watchlist,weekly_watchlist,watchlist,0.0,0.0,0.0,0.0,0.0,0.0,0.0,-14.65,-1.47,115043980.72,"Stage 4, Stage 4 - Confirmed Downtrend, downtrend",913,912,Stage 4,watchlist,weekly_watchlist,0.0,-1,0.0,False,False,False,False,False
NACLIND.NS,NACL Industries Limited,Agricultural Inputs,Basic Materials,False,Cash,1,Stage 4,Stage 4,Stage 4 - Weak/Declining,0.72,Price is below long-term support with weak trend evidence.,,,2026-07-13,,watchlist,weekly_watchlist,watchlist,0.0,0.0,0.0,0.0,0.0,0.0,0.0,-37.12,-15.03,77648571.62,"Stage 4, Stage 4 - Weak/Declining, weekly_volume_dryup, downtrend",924,923,Stage 4,watchlist,weekly_watchlist,0.0,-1,0.0,False,False,False,False,False
NFL.NS,National Fertilizers Limited,Agricultural Inputs,Basic Materials,False,Cash,1,Stage 4,Stage 4,Stage 4 - Confirmed Downtrend,0.86,Price is below a bearish moving-average stack with falling trend signals.,,,,,watchlist,weekly_watchlist,watchlist,0.0,0.0,0.0,0.0,0.0,0.0,0.0,-6.02,-10.45,31701540.87,"Stage 4, Stage 4 - Confirmed Downtrend, volume_dryup, weekly_volume_dryup, downtrend",925,924,Stage 4,watchlist,weekly_watchlist,0.0,-1,0.0,False,False,False,False,False
INDOTHAI.NS,Indo Thai Securities Limited,Capital Markets,Financial Services,False,Cash,1,Stage 4,Stage 4,Stage 4 - Confirmed Downtrend,0.86,Price is below a bearish moving-average stack with falling trend signals.,,,,,watchlist,weekly_watchlist,watchlist,0.0,0.0,0.0,0.0,0.0,0.0,0.0,-77.42,-85.76,84725830.44,"Stage 4, Stage 4 - Confirmed Downtrend, volume_dryup, weekly_volume_dryup, downtrend",926,925,Stage 4,watchlist,weekly_watchlist,0.0,-1,0.0,False,False,False,False,False
KNRCON.NS,KNR Constructions Limited,Engineering & Construction,Industrials,False,Cash,1,Stage 4,Stage 4,Stage 4 - Confirmed Downtrend,0.86,Price is below a bearish moving-average stack with falling trend signals.,,,,,watchlist,weekly_watchlist,watchlist,0.0,0.0,0.0,0.0,0.0,0.0,0.0,-5.57,-1.21,175214630.49,"Stage 4, Stage 4 - Confirmed Downtrend, volume_dryup, weekly_volume_dryup, downtrend",927,926,Stage 4,watchlist,weekly_watchlist,0.0,-1,0.0,False,False,False,False,False
BHAGCHEM.NS,Bhagiradha Chemicals & Industries Limited,Agricultural Inputs,Basic Materials,False,Cash,1,Stage 2 Failed,Stage 4,Failed Stage 2,0.72,"This stock was recently Stage 2, but the latest structure no longer satisfies Stage 2 rules. It is kept as Stage 2 Failed until a fresh base/repair structure forms.",Recent Stage 2 break; public stage held as Stage 2 Failed.,2026-10-06,2026-09-15,,watchlist,weekly_watchlist,watchlist,0.0,0.0,0.0,0.0,0.0,0.0,0.0,-12.91,5.46,19126524.03,"Stage 4, Stage 4, volume_dryup, weekly_volume_dryup, downtrend | Stage 2 failed state applied from stage memory.",928,927,Stage 2 Failed,watchlist,weekly_watchlist,0.0,-1,0.0,False,False,False,False,False
PSPPROJECT.NS,PSP Projects Limited,Engineering & Construction,Industrials,False,Cash,1,Stage 4,Stage 4,Stage 4 - Weak/Declining,0.72,Price is below long-term support with weak trend evidence.,,,2026-09-03,,watchlist,weekly_watchlist,watchlist,0.0,0.0,0.0,0.0,0.0,0.0,0.0,-24.16,14.36,44817787.21,"Stage 4, Stage 4 - Weak/Declining, weekly_volume_dryup, downtrend",929,928,Stage 4,watchlist,weekly_watchlist,0.0,-1,0.0,False,False,False,False,False
PFIZER.NS,Pfizer Limited,Drug Manufacturers - General,Healthcare,False,Cash,1,Stage 4,Stage 4,Stage 4 - Confirmed Downtrend,0.86,Price is below a bearish moving-average stack with falling trend signals.,,,2026-08-28,,watchlist,weekly_watchlist,watchlist,6.57,36.9,20.22,5.0,6.57,36.9,25.22,-10.08,-16.73,258866005.96,"Stage 4, Stage 4 - Confirmed Downtrend, weekly_vcp_ok, volume_dryup, weekly_strong, downtrend",391,390,Stage 4,watchlist,weekly_watchlist,25.31,-1,-0.08999999999999986,False,False,False,False,False
IFBIND.NS,IFB Industries Limited,"Furnishings, Fixtures & Appliances",Consumer Cyclical,False,Cash,1,Stage 4,Stage 4,Stage 4 - Weak/Declining,0.72,Price is below long-term support with weak trend evidence.,,,,,watchlist,weekly_watchlist,watchlist,0.0,5.23,2.35,0.0,0.0,5.23,2.35,-0.65,12.96,37983161.69,"Stage 4, Stage 4 - Weak/Declining, volume_dryup, weekly_volume_dryup, downtrend",862,861,Stage 4,watchlist,weekly_watchlist,2.51,-1,-0.1599999999999997,False,False,False,False,False
HYUNDAI.NS,Hyundai Motor India Limited,Auto Manufacturers,Consumer Cyclical,True,F&O,1,Stage 2 Failed,Stage 4,Failed Stage 2,0.72,"This stock was recently Stage 2, but the latest structure no longer satisfies Stage 2 rules. It is kept as Stage 2 Failed until a fresh base/repair structure forms.",Recent Stage 2 break; public stage held as Stage 2 Failed.,2026-10-06,2026-09-21,,watchlist,weekly_watchlist,watchlist,0.0,0.56,0.25,2.0,0.0,0.56,2.25,5.79,15.83,1291779993.91,"Stage 4, Stage 4 - Weak/Declining, weekly_volume_dryup, downtrend | Stage 2 failed state applied from stage memory.",863,862,Stage 2 Failed,watchlist,weekly_watchlist,2.51,-1,-0.2599999999999998,False,False,False,False,False
HEROMOTOCO.NS,Hero MotoCorp Limited,Auto Manufacturers,Consumer Cyclical,True,F&O,1,Stage 4,Stage 4,Stage 4 - Weak/Declining,0.72,Price is below long-term support with weak trend evidence.,,,2026-09-08,,watchlist,weekly_watchlist,watchlist,0.0,36.28,16.33,2.0,0.0,36.28,18.33,9.76,-4.96,2588440624.82,"Stage 4, Stage 4 - Weak/Declining, weekly_vcp_ok, weekly_strong, downtrend",582,581,Stage 4,watchlist,weekly_watchlist,18.72,-1,-0.39000000000000057,False,False,False,False,False
CHOLAHLDNG.NS,Cholamandalam Financial Holdings Limited,Credit Services,Financial Services,False,Cash,1,Stage 4,Stage 4,Stage 4 - Confirmed Downtrend,0.86,Price is below a bearish moving-average stack with falling trend signals.,,,,,watchlist,weekly_watchlist,watchlist,9.1,22.1,14.95,0.0,9.1,22.1,14.95,-9.08,-9.88,263667733.78,"Stage 4, Stage 4 - Confirmed Downtrend, weekly_vcp_ok, downtrend",693,692,Stage 4,watchlist,weekly_watchlist,15.93,-1,-0.9800000000000004,False,False,False,False,False
RKFORGE.NS,Ramkrishna Forgings Limited,Metal Fabrication,Industrials,False,Cash,1,Stage 2,Stage 2,Clean Stage 2,0.9,"Price is above rising key averages, weekly structure is supportive, and the stock is near its 52-week high.",,,2026-10-05,,watchlist,weekly_watchlist,watchlist,53.66,31.9,43.87,10.0,53.66,31.9,53.87,35.3,35.72,391818652.53,"Stage 2, Clean Stage 2, trend_template_ok, volume_dryup, weekly_volume_dryup",71,69,Stage 2,watchlist,weekly_forming,53.01,-2,0.8599999999999994,False,False,False,False,False
SYNGENE.NS,Syngene International Limited,Diagnostics & Research,Healthcare,False,Cash,1,Stage 4,Stage 4,Stage 4 - Confirmed Downtrend,0.86,Price is below a bearish moving-average stack with falling trend signals.,,,,,watchlist,weekly_watchlist,watchlist,0.0,35.8,16.11,10.0,0.0,35.8,26.11,-8.96,-8.75,214186634.21,"Stage 4, Stage 4 - Confirmed Downtrend, weekly_vcp_ok, volume_dryup, weekly_volume_dryup, weekly_strong, downtrend",374,372,Stage 4,watchlist,weekly_watchlist,26.11,-2,0.0,False,False,False,False,False
ANUP.NS,The Anup Engineering Limited,Specialty Industrial Machinery,Industrials,False,Cash,1,Stage 4,Stage 4,Stage 4 - Confirmed Downtrend,0.86,Price is below a bearish moving-average stack with falling trend signals.,,,2026-07-24,,watchlist,weekly_watchlist,watchlist,0.0,35.8,16.11,10.0,0.0,35.8,26.11,-21.71,-14.04,41720591.53,"Stage 4, Stage 4 - Confirmed Downtrend, weekly_vcp_ok, volume_dryup, weekly_volume_dryup, weekly_strong, downtrend",376,374,Stage 4,watchlist,weekly_watchlist,26.11,-2,0.0,False,False,False,False,False
SIYSIL.NS,Siyaram Silk Mills Limited,Textile Manufacturing,Consumer Cyclical,False,Cash,1,Stage 4,Stage 4,Stage 4 - Weak/Declining,0.72,Price is below long-term support with weak trend evidence.,,,2026-08-20,,watchlist,weekly_watchlist,watchlist,0.0,35.8,16.11,10.0,0.0,35.8,26.11,-7.5,6.39,14775411.25,"Stage 4, Stage 4 - Weak/Declining, weekly_vcp_ok, volume_dryup, weekly_volume_dryup, weekly_strong, downtrend",377,375,Stage 4,watchlist,weekly_watchlist,26.11,-2,0.0,False,False,False,False,False
CUMMINSIND.NS,Cummins India Limited,Specialty Industrial Machinery,Industrials,True,F&O,1,Stage 4,Stage 4,Stage 4 - Weak/Declining,0.72,Price is below long-term support with weak trend evidence.,,,2026-08-11,,watchlist,weekly_watchlist,watchlist,0.0,35.8,16.11,10.0,0.0,35.8,26.11,-7.14,0.2,2014337759.45,"Stage 4, Stage 4 - Weak/Declining, weekly_vcp_ok, weekly_strong, downtrend",368,366,Stage 4,watchlist,weekly_watchlist,26.16,-2,-0.05000000000000071,False,False,False,False,False
EPIGRAL.NS,Epigral Limited,Chemicals,Basic Materials,False,Cash,1,Stage 4,Stage 4,Stage 4 - Weak/Declining,0.72,Price is below long-term support with weak trend evidence.,,,,,watchlist,weekly_watchlist,watchlist,6.38,37.01,20.16,5.0,6.38,37.01,25.16,9.54,2.54,39849560.82,"Stage 4, Stage 4 - Weak/Declining, weekly_vcp_ok, volume_dryup, weekly_volume_dryup, weekly_strong, downtrend",393,391,Stage 4,watchlist,weekly_watchlist,25.31,-2,-0.14999999999999858,False,False,False,False,False
UNIONBANK.NS,Union Bank of India,Banks - Regional,Financial Services,True,F&O,1,Stage 2 Failed,Stage 1,Failed Stage 2,0.72,"This stock was recently Stage 2, but the latest structure no longer satisfies Stage 2 rules. It is kept as Stage 2 Failed until a fresh base/repair structure forms.",Recent Stage 2 break; public stage held as Stage 2 Failed.,2026-10-06,2026-09-25,,watchlist,weekly_watchlist,watchlist,0.0,43.08,19.39,2.0,0.0,43.08,21.39,7.02,-5.26,1268596194.1,"Stage 1, Stage 1 - Base/Repair, weekly_vcp_ok, weekly_strong, stage1_not_actionable, stage1_needs_more_base | Stage 2 failed state applied from stage memory.",495,493,Stage 2 Failed,watchlist,weekly_watchlist,21.59,-2,-0.1999999999999993,False,False,False,False,False
TATACOMM.NS,Tata Communications Limited,Telecom Services,Communication Services,False,Cash,1,Stage 2 Failed,Stage 4,Failed Stage 2,0.72,"This stock was recently Stage 2, but the latest structure no longer satisfies Stage 2 rules. It is kept as Stage 2 Failed until a fresh base/repair structure forms.",Recent Stage 2 break; public stage held as Stage 2 Failed.,2026-10-06,2026-09-18,,watchlist,weekly_watchlist,watchlist,0.0,4.78,2.15,0.0,0.0,4.78,2.15,-5.45,13.3,343236637.48,"Stage 4, Stage 4 - Weak/Declining, volume_dryup, weekly_volume_dryup, downtrend | Stage 2 failed state applied from stage memory.",866,864,Stage 2 Failed,watchlist,weekly_watchlist,2.4,-2,-0.25,False,False,False,False,False
ADANIENT.NS,Adani Enterprises Limited,Energy,Energy,True,F&O,1,Stage 1,Stage 1,Stage 1 - Base/Repair,0.7,Price is near long-term moving averages with no strong long-term downtrend signal.,,,2026-09-09,,watchlist,weekly_watchlist,watchlist,2.16,8.57,5.04,5.0,2.16,8.57,10.04,-5.11,34.76,4427067173.97,"Stage 1, Stage 1 - Base/Repair, weekly_volume_dryup, stage1_not_actionable, stage1_needs_more_base",747,745,Stage 1,watchlist,weekly_watchlist,10.52,-2,-0.4800000000000004,False,False,False,False,False
USHAMART.NS,Usha Martin Limited,Steel,Basic Materials,False,Cash,1,Stage 2,Stage 2,Clean Stage 2,0.9,"Price is above rising key averages, weekly structure is supportive, and the stock is near its 52-week high.",,,2026-10-05,,watchlist,weekly_near_pivot,watchlist,16.21,68.51,39.75,5.0,16.21,68.51,44.75,6.69,20.46,507795813.31,"Stage 2, Clean Stage 2, weekly_vcp_ok, weekly_volume_dryup, weekly_strong",161,158,Stage 2,watchlist,weekly_near_pivot,43.25,-3,1.5,False,False,False,False,False
HONAUT.NS,Honeywell Automation India Limited,Electrical Equipment & Parts,Industrials,False,Cash,1,Stage 3,Stage 3,Stage 3 - Distribution/Damage,0.76,"Prior strength exists, but short-term and/or weekly structure is deteriorating.",,,2026-09-04,,watchlist,weekly_watchlist,watchlist,8.25,41.73,23.32,10.0,8.25,41.73,33.32,-6.33,25.61,153633568.25,"Stage 3, Stage 3 - Distribution/Damage, weekly_vcp_ok, weekly_strong, distribution_risk",279,276,Stage 4,watchlist,weekly_watchlist,31.84,-3,1.4800000000000004,False,False,False,False,False
SUNDRMFAST.NS,Sundram Fasteners Limited,Auto Parts,Consumer Cyclical,False,Cash,1,Stage 2,Stage 2,Early Stage 2,0.72,"Price has moved above long-term structure, but the full moving-average stack is not clean yet.",,,2026-10-05,,watchlist,weekly_forming,watchlist,20.78,64.95,40.66,5.0,20.78,64.95,45.66,25.84,45.67,321151420.33,"Stage 2, Early Stage 2, weekly_vcp_ok, volume_dryup, weekly_volume_dryup, weekly_strong",151,148,Stage 2,watchlist,weekly_breakout,44.3,-3,1.3599999999999994,False,False,False,False,False
NRBBEARING.NS,NRB Bearing Limited,Auto Parts,Consumer Cyclical,False,Cash,1,Stage 2,Stage 2,Extended Stage 2,0.78,"Advancing structure remains intact, but price is stretched versus key moving averages or far above the 52-week low.",,,2026-10-05,,watchlist,weekly_watchlist,watchlist,58.55,23.6,42.82,5.0,58.55,23.6,47.82,31.67,115.18,551634339.83,"Stage 2, Extended Stage 2, trend_template_ok, weekly_volume_dryup",130,127,Stage 2,watchlist,weekly_watchlist,47.01,-3,0.8100000000000023,False,False,False,False,False
SUNCLAY.NS,Sundaram Clayton Limited,Metal Fabrication,Industrials,False,Cash,1,Stage 4,Stage 4,Stage 4 - Weak/Declining,0.72,Price is below long-term support with weak trend evidence.,,,,,watchlist,weekly_watchlist,watchlist,0.0,38.0,17.1,10.0,0.0,38.0,27.1,-8.02,-9.84,6883781.16,"Stage 4, Stage 4 - Weak/Declining, weekly_vcp_ok, volume_dryup, weekly_volume_dryup, weekly_strong, downtrend",344,341,Stage 4,watchlist,weekly_watchlist,27.1,-3,0.0,False,False,False,False,False
BBTC.NS,The Bombay Burmah Trading Corporation Limited,Packaged Foods,Consumer Defensive,False,Cash,1,Stage 4,Stage 4,Stage 4 - Confirmed Downtrend,0.86,Price is below a bearish moving-average stack with falling trend signals.,,,,,watchlist,weekly_watchlist,watchlist,0.0,0.0,0.0,2.0,0.0,0.0,2.0,-8.71,-9.35,264774012.62,"Stage 4, Stage 4 - Confirmed Downtrend, volume_dryup, weekly_volume_dryup, downtrend",876,873,Stage 4,watchlist,weekly_watchlist,2.0,-3,0.0,False,False,False,False,False
DIXON.NS,Dixon Technologies (India) Limited,Technology,Technology,True,F&O,1,Stage 3,Stage 3,Stage 3 - Distribution/Damage,0.76,"Prior strength exists, but short-term and/or weekly structure is deteriorating.",,,2026-09-08,,watchlist,weekly_watchlist,watchlist,0.0,42.21,18.99,10.0,0.0,42.21,28.99,1.28,22.84,4116971250.39,"Stage 3, Stage 3 - Distribution/Damage, weekly_vcp_ok, volume_dryup, weekly_volume_dryup, weekly_strong, distribution_risk",320,317,Stage 3,watchlist,weekly_watchlist,29.03,-3,-0.0400000000000027,False,False,False,False,False
QUESS.NS,Quess Corp Limited,Industrials,Industrials,False,Cash,1,Stage 2,Stage 2,Early Stage 2,0.72,"Price has moved above long-term structure, but the full moving-average stack is not clean yet.",,,2026-10-05,,watchlist,weekly_watchlist,watchlist,21.86,28.4,24.8,0.0,21.86,28.4,24.8,19.27,77.95,180612750.37,"Stage 2, Early Stage 2, volume_dryup, weekly_volume_dryup",401,398,Stage 2,watchlist,weekly_watchlist,25.06,-3,-0.259999999999998,False,False,False,False,False
CUPID.NS,Cupid Limited,Household & Personal Products,Consumer Defensive,False,Cash,1,Stage 2,Stage 2,Extended Stage 2,0.78,"Advancing structure remains intact, but price is stretched versus key moving averages or far above the 52-week low.",,,2026-10-05,,watchlist,weekly_watchlist,watchlist,39.37,30.8,35.51,2.0,39.37,30.8,37.51,57.38,251.51,6673560361.51,"Stage 2, Extended Stage 2, trend_template_ok",236,232,Stage 2,watchlist,weekly_watchlist,36.32,-4,1.1899999999999977,False,False,False,False,False
ICIL.NS,Indo Count Industries Limited,Textile Manufacturing,Consumer Cyclical,False,Cash,1,Stage 2,Stage 2,Clean Stage 2,0.9,"Price is above rising key averages, weekly structure is supportive, and the stock is near its 52-week high.",,,2026-10-05,,watchlist,weekly_watchlist,watchlist,63.98,36.4,51.57,10.0,63.98,36.4,61.57,17.24,91.95,252272997.82,"Stage 2, Clean Stage 2, trend_template_ok, volume_dryup, weekly_volume_dryup",35,31,Stage 2,watchlist,weekly_watchlist,60.39,-4,1.1799999999999997,False,False,False,False,False
BANSALWIRE.NS,Bansal Wire Industries Limited,Steel,Basic Materials,False,Cash,1,Stage 2,Stage 2,Stage 2,0.76,Advancing structure detected.,,,2026-10-05,,watchlist,weekly_watchlist,watchlist,29.47,24.86,27.4,5.0,29.47,24.86,32.4,4.2,20.35,33107921.87,"Stage 2, Stage 2, weekly_volume_dryup",287,283,Stage 2,watchlist,weekly_watchlist,31.25,-4,1.1499999999999986,False,False,False,False,False
CYIENT.NS,Cyient Limited,Conglomerates,Industrials,False,Cash,1,Stage 2,Stage 2,Early Stage 2,0.72,"Price has moved above long-term structure, but the full moving-average stack is not clean yet.",,,2026-10-05,,watchlist,weekly_forming,watchlist,21.22,64.12,40.53,2.0,21.22,64.12,42.53,39.39,23.85,593371396.35,"Stage 2, Early Stage 2, weekly_vcp_ok, volume_dryup, weekly_strong",177,173,Stage 2,watchlist,weekly_breakout,41.39,-4,1.1400000000000006,False,False,False,False,False
GPPL.NS,Gujarat Pipavav Port Limited,Marine Shipping,Industrials,False,Cash,1,Stage 1,Stage 1,Stage 1 - Early Turn,0.66,The stock is improving from a repair/base area but has not confirmed a clean Stage 2 yet.,,,,,watchlist,weekly_watchlist,watchlist,32.69,39.46,35.74,10.0,32.69,39.46,45.74,16.97,16.6,214487070.12,"Stage 1, Stage 1 - Early Turn, daily_vcp_ok, weekly_vcp_ok, volume_dryup, weekly_volume_dryup, stage1_needs_more_base",148,144,Stage 1,watchlist,weekly_watchlist,44.63,-4,1.1099999999999994,False,False,False,False,False
AVALON.NS,Avalon Technologies Limited,Electronic Components,Technology,False,Cash,1,Stage 2,Stage 2,Extended Stage 2,0.78,"Advancing structure remains intact, but price is stretched versus key moving averages or far above the 52-week low.",,,2026-10-05,,watchlist,weekly_watchlist,watchlist,37.75,27.2,33.0,10.0,37.75,27.2,43.0,43.49,127.64,1578255262.22,"Stage 2, Extended Stage 2, trend_template_ok, volume_dryup",174,170,Stage 2,watchlist,weekly_watchlist,41.89,-4,1.1099999999999994,False,False,False,False,False
WELCORP.NS,Welspun Corp Limited,Steel,Basic Materials,False,Cash,1,Stage 2,Stage 2,Extended Stage 2,0.78,"Advancing structure remains intact, but price is stretched versus key moving averages or far above the 52-week low.",,,2026-10-05,,watchlist,weekly_forming,watchlist,37.48,65.8,50.22,5.0,37.48,65.8,55.22,69.64,166.35,5454122025.39,"Stage 2, Extended Stage 2, trend_template_ok, weekly_vcp_ok, volume_dryup, weekly_volume_dryup, weekly_strong",66,62,Stage 2,watchlist,weekly_forming,54.34,-4,0.8799999999999955,False,False,False,False,False
JASH.NS,Jash Engineering Limited,Specialty Industrial Machinery,Industrials,False,Cash,1,Stage 2,Stage 2,Clean Stage 2,0.9,"Price is above rising key averages, weekly structure is supportive, and the stock is near its 52-week high.",,,2026-10-05,,watchlist,weekly_watchlist,watchlist,53.65,30.54,43.25,10.0,53.65,30.54,53.25,16.53,48.89,624181155.26,"Stage 2, Clean Stage 2, trend_template_ok, volume_dryup, weekly_volume_dryup",75,71,Stage 2,watchlist,weekly_watchlist,52.49,-4,0.759999999999998,False,False,False,False,False
INDIANB.NS,Indian Bank,Banks - Regional,Financial Services,True,F&O,1,Stage 1,Stage 1,Stage 1 - Base/Repair,0.7,Price is near long-term moving averages with no strong long-term downtrend signal.,,,2026-09-07,,watchlist,weekly_watchlist,watchlist,15.15,41.8,27.14,2.0,15.15,41.8,29.14,-2.0,-13.25,707009604.72,"Stage 1, Stage 1 - Base/Repair, weekly_vcp_ok, volume_dryup, weekly_volume_dryup, weekly_strong, stage1_not_actionable, stage1_needs_more_base",317,313,Stage 1,watchlist,weekly_watchlist,29.13,-4,0.010000000000001563,False,False,False,False,False
VSSL.NS,Vardhman Special Steels Limited,Steel,Basic Materials,False,Cash,1,Stage 2,Stage 2,Clean Stage 2,0.9,"Price is above rising key averages, weekly structure is supportive, and the stock is near its 52-week high.",,,2026-10-05,,watchlist,weekly_breakout,watchlist,62.35,66.9,64.4,5.0,62.35,66.9,69.4,50.52,68.8,225693856.48,"Stage 2, Clean Stage 2, trend_template_ok, weekly_vcp_ok, volume_dryup, weekly_volume_dryup, weekly_strong",9,5,Stage 2,watchlist,weekly_breakout,69.4,-4,0.0,False,False,False,False,False
VESUVIUS.NS,Vesuvius India Limited,Specialty Industrial Machinery,Industrials,False,Cash,1,Stage 4,Stage 4,Stage 4 - Confirmed Downtrend,0.86,Price is below a bearish moving-average stack with falling trend signals.,,,,,watchlist,weekly_watchlist,watchlist,5.45,35.8,19.11,10.0,5.45,35.8,29.11,-8.17,-10.99,266945146.09,"Stage 4, Stage 4 - Confirmed Downtrend, weekly_vcp_ok, weekly_strong, downtrend",318,314,Stage 4,watchlist,weekly_watchlist,29.11,-4,0.0,False,False,False,False,False
MAZDOCK.NS,Mazagon Dock Shipbuilders Limited,Aerospace & Defense,Industrials,True,F&O,1,Stage 4,Stage 4,Stage 4 - Weak/Declining,0.72,Price is below long-term support with weak trend evidence.,,,2026-09-08,,watchlist,weekly_watchlist,watchlist,0.0,36.9,16.61,10.0,0.0,36.9,26.61,-8.4,-14.8,1215866538.0,"Stage 4, Stage 4 - Weak/Declining, weekly_vcp_ok, volume_dryup, weekly_volume_dryup, weekly_strong, downtrend",354,350,Stage 4,watchlist,weekly_watchlist,26.61,-4,0.0,False,False,False,False,False
COCHINSHIP.NS,Cochin Shipyard Limited,Aerospace & Defense,Industrials,True,F&O,1,Stage 4,Stage 4,Stage 4 - Confirmed Downtrend,0.86,Price is below a bearish moving-average stack with falling trend signals.,,,,,watchlist,weekly_watchlist,watchlist,0.0,36.9,16.61,10.0,0.0,36.9,26.61,-4.86,-9.72,1529693933.62,"Stage 4, Stage 4 - Confirmed Downtrend, weekly_vcp_ok, volume_dryup, weekly_volume_dryup, weekly_strong, downtrend",355,351,Stage 4,watchlist,weekly_watchlist,26.61,-4,0.0,False,False,False,False,False
ERIS.NS,Eris Lifesciences Limited,Drug Manufacturers - Specialty & Generic,Healthcare,False,Cash,1,Stage 4,Stage 4,Stage 4 - Confirmed Downtrend,0.86,Price is below a bearish moving-average stack with falling trend signals.,,,,,watchlist,weekly_watchlist,watchlist,0.0,36.9,16.61,10.0,0.0,36.9,26.61,-12.52,-11.85,111472530.55,"Stage 4, Stage 4 - Confirmed Downtrend, weekly_vcp_ok, weekly_strong, downtrend",356,352,Stage 4,watchlist,weekly_watchlist,26.61,-4,0.0,False,False,False,False,False
WAAREEENER.NS,Waaree Energies Limited,Solar,Technology,True,F&O,1,Stage 4,Stage 4,Stage 4 - Weak/Declining,0.72,Price is below long-term support with weak trend evidence.,,,,,watchlist,weekly_watchlist,watchlist,0.0,4.0,1.8,0.0,0.0,4.0,1.8,-13.26,-27.2,1407992202.05,"Stage 4, Stage 4 - Weak/Declining, volume_dryup, weekly_volume_dryup, downtrend",884,880,Stage 4,watchlist,weekly_watchlist,1.8,-4,0.0,False,False,False,False,False
BAJAJHFL.NS,Bajaj Housing Finance Limited,Mortgage Finance,Financial Services,False,Cash,1,Stage 4,Stage 4,Stage 4 - Confirmed Downtrend,0.86,Price is below a bearish moving-average stack with falling trend signals.,,,,,watchlist,weekly_watchlist,watchlist,5.2,22.1,12.8,0.0,5.2,22.1,12.8,-1.34,-3.33,260187588.45,"Stage 4, Stage 4 - Confirmed Downtrend, weekly_vcp_ok, downtrend",707,703,Stage 4,watchlist,weekly_watchlist,15.01,-4,-2.209999999999999,False,False,False,False,False
MARKSANS.NS,Marksans Pharma Limited,Drug Manufacturers - General,Healthcare,False,Cash,1,Stage 2,Stage 2,Clean Stage 2,0.9,"Price is above rising key averages, weekly structure is supportive, and the stock is near its 52-week high.",,,2026-10-05,,watchlist,weekly_watchlist,watchlist,40.54,30.4,35.98,5.0,40.54,30.4,40.98,24.05,85.52,671572405.59,"Stage 2, Clean Stage 2, trend_template_ok, volume_dryup, weekly_volume_dryup",196,191,Stage 2,watchlist,weekly_watchlist,40.07,-5,0.9099999999999966,False,False,False,False,False
GRAVITA.NS,Gravita India Limited,Metal Fabrication,Industrials,False,Cash,1,Stage 4,Stage 4,Stage 4 - Weak/Declining,0.72,Price is below long-term support with weak trend evidence.,,,2026-09-10,,watchlist,weekly_watchlist,watchlist,0.0,36.9,16.61,10.0,0.0,36.9,26.61,-14.44,-2.7,335391347.83,"Stage 4, Stage 4 - Weak/Declining, weekly_vcp_ok, weekly_strong, downtrend",358,353,Stage 4,watchlist,weekly_watchlist,26.61,-5,0.0,False,False,False,False,False
IXIGO.NS,Le Travenues Technology Limited,Consumer Cyclical,Consumer Cyclical,False,Cash,1,Stage 4,Stage 4,Stage 4 - Confirmed Downtrend,0.86,Price is below a bearish moving-average stack with falling trend signals.,,,,,watchlist,weekly_watchlist,watchlist,0.0,0.0,0.0,2.0,0.0,0.0,2.0,-16.96,-4.98,194177410.33,"Stage 4, Stage 4 - Confirmed Downtrend, weekly_volume_dryup, downtrend",879,874,Stage 4,watchlist,weekly_watchlist,2.0,-5,0.0,False,False,False,False,False
SAMHI.NS,Samhi Hotels Limited,Lodging,Consumer Cyclical,False,Cash,1,Stage 4,Stage 4,Stage 4 - Weak/Declining,0.72,Price is below long-term support with weak trend evidence.,,,,,watchlist,weekly_watchlist,watchlist,0.0,0.0,0.0,2.0,0.0,0.0,2.0,-8.86,-3.44,270057554.94,"Stage 4, Stage 4 - Weak/Declining, volume_dryup, weekly_volume_dryup, downtrend",881,876,Stage 4,watchlist,weekly_watchlist,2.0,-5,0.0,False,False,False,False,False
PREMIERENE.NS,Premier Energies Limited,Solar,Technology,True,F&O,1,Stage 1,Stage 1,Stage 1 - Unclear/Repair,0.58,Not enough evidence for Stage 2 or Stage 4; classified as repair/unclear structure.,,,2026-08-14,,watchlist,weekly_watchlist,watchlist,0.0,4.4,1.98,0.0,0.0,4.4,1.98,-14.18,-5.97,1115900027.49,"Stage 1, Stage 1 - Unclear/Repair, weekly_volume_dryup, stage1_not_actionable, stage1_needs_more_base",882,877,Stage 1,watchlist,weekly_watchlist,1.98,-5,0.0,False,False,False,False,False
TORNTPOWER.NS,Torrent Power Limited,Utilities,Utilities,False,Cash,1,Stage 4,Stage 4,Stage 4 - Weak/Declining,0.72,Price is below long-term support with weak trend evidence.,,,2026-06-24,,watchlist,weekly_watchlist,watchlist,0.0,4.0,1.8,0.0,0.0,4.0,1.8,-8.37,-15.07,246459518.23,"Stage 4, Stage 4 - Weak/Declining, volume_dryup, weekly_volume_dryup, downtrend",886,881,Stage 4,watchlist,weekly_watchlist,1.8,-5,0.0,False,False,False,False,False
VSTIND.NS,VST Industries Limited,Consumer Defensive,Consumer Defensive,False,Cash,1,Stage 4,Stage 4,Stage 4 - Confirmed Downtrend,0.86,Price is below a bearish moving-average stack with falling trend signals.,,,2026-07-10,,watchlist,weekly_watchlist,watchlist,0.0,4.0,1.8,0.0,0.0,4.0,1.8,-15.24,-6.34,22181056.43,"Stage 4, Stage 4 - Confirmed Downtrend, volume_dryup, weekly_volume_dryup, downtrend",888,883,Stage 4,watchlist,weekly_watchlist,1.8,-5,0.0,False,False,False,False,False
CRIZAC.NS,Crizac Limited,Consumer Defensive,Consumer Defensive,False,Cash,1,Stage 4,Stage 4,Stage 4 - Confirmed Downtrend,0.86,Price is below a bearish moving-average stack with falling trend signals.,,,,,watchlist,weekly_watchlist,watchlist,0.0,4.0,1.8,0.0,0.0,4.0,1.8,-10.23,-22.29,57731283.42,"Stage 4, Stage 4 - Confirmed Downtrend, weekly_volume_dryup, downtrend",889,884,Stage 4,watchlist,weekly_watchlist,1.8,-5,0.0,False,False,False,False,False
FLAIR.NS,Flair Writing Industries Limited,Industrials,Industrials,False,Cash,1,Stage 4,Stage 4,Stage 4 - Confirmed Downtrend,0.86,Price is below a bearish moving-average stack with falling trend signals.,,,2026-05-21,,watchlist,weekly_watchlist,watchlist,0.0,4.0,1.8,0.0,0.0,4.0,1.8,-8.25,-27.02,24077591.4,"Stage 4, Stage 4 - Confirmed Downtrend, volume_dryup, weekly_volume_dryup, downtrend",890,885,Stage 4,watchlist,weekly_watchlist,1.8,-5,0.0,False,False,False,False,False
CROMPTON.NS,Crompton Greaves Consumer Electricals Limited,"Furnishings, Fixtures & Appliances",Consumer Cyclical,True,F&O,1,Stage 4,Stage 4,Stage 4 - Weak/Declining,0.72,Price is below long-term support with weak trend evidence.,,,2026-08-06,,watchlist,weekly_watchlist,watchlist,0.0,2.0,0.9,0.0,0.0,2.0,0.9,-13.39,-8.9,493948987.27,"Stage 4, Stage 4 - Weak/Declining, volume_dryup, weekly_volume_dryup, downtrend",896,891,Stage 4,watchlist,weekly_watchlist,0.9,-5,0.0,False,False,False,False,False
NAM-INDIA.NS,Nippon Life India Asset Management Limited,Asset Management,Financial Services,True,F&O,1,Stage 2 Failed,Stage 3,Failed Stage 2,0.72,"This stock was recently Stage 2, but the latest structure no longer satisfies Stage 2 rules. It is kept as Stage 2 Failed until a fresh base/repair structure forms.",Recent Stage 2 break; public stage held as Stage 2 Failed.,2026-10-06,2026-09-18,,watchlist,weekly_watchlist,watchlist,0.0,0.0,0.0,0.0,0.0,0.0,0.0,-7.25,14.44,931338088.63,"Stage 3, Stage 3 - Distribution/Damage, volume_dryup, weekly_volume_dryup, distribution_risk | Stage 2 failed state applied from stage memory.",909,904,Stage 2 Failed,watchlist,weekly_watchlist,0.0,-5,0.0,False,False,False,False,False
TITAGARH.NS,TITAGARH RAIL SYSTEMS LIMITED,Industrials,Industrials,False,Cash,1,Stage 2 Failed,Stage 3,Failed Stage 2,0.72,"This stock was recently Stage 2, but the latest structure no longer satisfies Stage 2 rules. It is kept as Stage 2 Failed until a fresh base/repair structure forms.",Recent Stage 2 break; public stage held as Stage 2 Failed.,2026-10-06,2026-09-21,,watchlist,weekly_watchlist,watchlist,0.0,1.75,0.79,0.0,0.0,1.75,0.79,1.04,16.48,377906380.31,"Stage 3, Stage 3 - Distribution/Damage, volume_dryup, weekly_volume_dryup, distribution_risk | Stage 2 failed state applied from stage memory.",897,892,Stage 2 Failed,watchlist,weekly_watchlist,0.8,-5,-0.010000000000000009,False,False,False,False,False
TATAINVEST.NS,Tata Investment Corporation Limited,Asset Management,Financial Services,False,Cash,1,Stage 4,Stage 4,Stage 4 - Weak/Declining,0.72,Price is below long-term support with weak trend evidence.,,,,,watchlist,weekly_watchlist,watchlist,0.0,35.8,16.11,0.0,0.0,35.8,16.11,-4.23,-4.91,1699363163.81,"Stage 4, Stage 4 - Weak/Declining, weekly_vcp_ok, volume_dryup, weekly_volume_dryup, weekly_strong, downtrend",654,649,Stage 4,watchlist,weekly_watchlist,16.17,-5,-0.060000000000002274,False,False,False,False,False
BIOCON.NS,Biocon Limited,Biotechnology,Healthcare,True,F&O,1,Stage 4,Stage 4,Stage 4 - Weak/Declining,0.72,Price is below long-term support with weak trend evidence.,,,2026-08-14,,watchlist,weekly_watchlist,watchlist,0.0,36.98,16.64,5.0,0.0,36.98,21.64,-7.17,7.95,1211090777.37,"Stage 4, Stage 4 - Weak/Declining, weekly_vcp_ok, volume_dryup, weekly_volume_dryup, weekly_strong, downtrend",487,482,Stage 4,watchlist,weekly_watchlist,21.9,-5,-0.259999999999998,False,False,False,False,False
VBL.NS,Varun Beverages Limited,Consumer Defensive,Consumer Defensive,True,F&O,1,Stage 4,Stage 4,Stage 4 - Weak/Declining,0.72,Price is below long-term support with weak trend evidence.,,,2026-07-10,,watchlist,weekly_watchlist,watchlist,8.31,4.0,6.37,0.0,8.31,4.0,6.37,-3.38,3.07,2337074178.46,"Stage 4, Stage 4 - Weak/Declining, weekly_volume_dryup, downtrend",798,793,Stage 4,watchlist,weekly_watchlist,7.0,-5,-0.6299999999999999,False,False,False,False,False
PGHH.NS,Procter & Gamble Hygiene and Health Care Limited,Household & Personal Products,Consumer Defensive,False,Cash,1,Stage 4,Stage 4,Stage 4 - Confirmed Downtrend,0.86,Price is below a bearish moving-average stack with falling trend signals.,,,,,watchlist,weekly_watchlist,watchlist,3.07,4.0,3.49,2.0,3.07,4.0,5.49,-17.58,-28.5,151765896.55,"Stage 4, Stage 4 - Confirmed Downtrend, downtrend",815,810,Stage 4,watchlist,weekly_watchlist,6.24,-5,-0.75,False,False,False,False,False
GVT&D.NS,GE Vernova T&D India Limited,Specialty Industrial Machinery,Industrials,False,Cash,1,Stage 2 Failed,Stage 3,Failed Stage 2,0.72,"This stock was recently Stage 2, but the latest structure no longer satisfies Stage 2 rules. It is kept as Stage 2 Failed until a fresh base/repair structure forms.",Recent Stage 2 break; public stage held as Stage 2 Failed.,2026-10-06,2026-09-23,,watchlist,weekly_watchlist,watchlist,0.0,0.18,0.08,10.0,0.0,0.18,10.08,-3.72,5.47,3461716239.01,"Stage 3, Stage 3 - Distribution/Damage, volume_dryup, weekly_volume_dryup, distribution_risk | Stage 2 failed state applied from stage memory.",746,741,Stage 2 Failed,watchlist,weekly_watchlist,10.89,-5,-0.8100000000000005,False,False,False,False,False
HCLTECH.NS,HCL Technologies Limited,Information Technology Services,Technology,True,F&O,1,Stage 4,Stage 4,Stage 4 - Weak/Declining,0.72,Price is below long-term support with weak trend evidence.,,,,,watchlist,weekly_watchlist,watchlist,9.1,0.0,5.0,2.0,9.1,0.0,7.0,9.15,-12.41,3113827330.66,"Stage 4, Stage 4 - Weak/Declining, downtrend",783,778,Stage 4,watchlist,weekly_watchlist,8.26,-5,-1.2599999999999998,False,False,False,False,False
DATAMATICS.NS,Datamatics Global Services Limited,Information Technology Services,Technology,False,Cash,1,Stage 2 Failed,Stage 4,Failed Stage 2,0.72,"This stock was recently Stage 2, but the latest structure no longer satisfies Stage 2 rules. It is kept as Stage 2 Failed until a fresh base/repair structure forms.",Recent Stage 2 break; public stage held as Stage 2 Failed.,2026-10-06,2026-09-30,,watchlist,weekly_watchlist,watchlist,0.0,22.56,10.15,2.0,0.0,22.56,12.15,-5.51,10.08,127268576.47,"Stage 4, Stage 4, weekly_vcp_ok, downtrend | Stage 2 failed state applied from stage memory.",714,709,Stage 2 Failed,watchlist,weekly_watchlist,14.42,-5,-2.2699999999999996,False,False,False,False,False
ETERNAL.NS,ETERNAL LIMITED,Consumer Cyclical,Consumer Cyclical,True,F&O,1,Stage 2,Stage 2,Early Stage 2,0.72,"Price has moved above long-term structure, but the full moving-average stack is not clean yet.",,,2026-10-05,,watchlist,weekly_near_pivot,watchlist,20.24,71.63,43.37,2.0,20.24,71.63,45.37,18.22,40.11,6487970984.15,"Stage 2, Early Stage 2, weekly_vcp_ok, volume_dryup, weekly_volume_dryup, weekly_strong",158,152,Stage 2,watchlist,weekly_near_pivot,43.67,-6,1.6999999999999957,False,False,False,False,False
ALIVUS.NS,Alivus Life Sciences Limited,Drug Manufacturers - Specialty & Generic,Healthcare,False,Cash,1,Stage 2,Stage 2,Clean Stage 2,0.9,"Price is above rising key averages, weekly structure is supportive, and the stock is near its 52-week high.",,,2026-10-05,,watchlist,weekly_near_pivot,watchlist,40.14,69.59,53.39,10.0,40.14,69.59,63.39,24.36,33.59,163419511.44,"Stage 2, Clean Stage 2, trend_template_ok, weekly_vcp_ok, volume_dryup, weekly_volume_dryup, weekly_strong",27,21,Stage 2,watchlist,weekly_near_pivot,62.38,-6,1.009999999999998,False,False,False,False,False
IDFCFIRSTB.NS,IDFC First Bank Limited,Banks - Regional,Financial Services,True,F&O,1,Stage 2,Stage 2,Early Stage 2,0.72,"Price has moved above long-term structure, but the full moving-average stack is not clean yet.",,,2026-10-05,,watchlist,weekly_forming,watchlist,19.31,61.08,38.11,2.0,19.31,61.08,40.11,5.83,26.95,1841747036.66,"Stage 2, Early Stage 2, weekly_vcp_ok, weekly_strong",205,199,Stage 2,watchlist,weekly_forming,39.53,-6,0.5799999999999983,False,False,False,False,False
VOLTAMP.NS,Voltamp Transformers Limited,Electrical Equipment & Parts,Industrials,False,Cash,1,Stage 2,Stage 2,Early Stage 2,0.72,"Price has moved above long-term structure, but the full moving-average stack is not clean yet.",,,2026-10-05,,watchlist,weekly_forming,watchlist,38.14,61.85,48.81,10.0,38.14,61.85,58.81,16.05,13.42,152368583.4,"Stage 2, Early Stage 2, weekly_vcp_ok, volume_dryup, weekly_volume_dryup, weekly_strong",48,42,Stage 2,watchlist,weekly_forming,58.66,-6,0.15000000000000568,False,False,False,False,False
NAZARA.NS,Nazara Technologies Limited,Communication Services,Communication Services,False,Cash,1,Stage 2,Stage 2,Clean Stage 2,0.9,"Price is above rising key averages, weekly structure is supportive, and the stock is near its 52-week high.",,,2026-10-05,,watchlist,weekly_breakout,watchlist,39.14,65.8,51.14,5.0,39.14,65.8,56.14,29.57,51.25,547483333.73,"Stage 2, Clean Stage 2, trend_template_ok, weekly_vcp_ok, volume_dryup, weekly_volume_dryup, weekly_strong",61,55,Stage 2,watchlist,weekly_breakout,56.03,-6,0.10999999999999943,False,False,False,False,False
SHARDAMOTR.NS,Sharda Motor Industries Limited,Auto Parts,Consumer Cyclical,False,Cash,1,Stage 2,Stage 2,Early Stage 2,0.72,"Price has moved above long-term structure, but the full moving-average stack is not clean yet.",,,2026-10-05,,watchlist,weekly_near_pivot,watchlist,36.08,71.11,51.84,5.0,36.08,71.11,56.84,14.97,16.13,75163844.48,"Stage 2, Early Stage 2, weekly_vcp_ok, volume_dryup, weekly_volume_dryup, weekly_strong",56,50,Stage 2,watchlist,weekly_near_pivot,56.78,-6,0.060000000000002274,False,False,False,False,False
HINDPETRO.NS,Hindustan Petroleum Corporation Limited,Oil & Gas Refining & Marketing,Energy,True,F&O,1,Stage 4,Stage 4,Stage 4 - Confirmed Downtrend,0.86,Price is below a bearish moving-average stack with falling trend signals.,,,,,watchlist,weekly_watchlist,watchlist,11.62,36.25,22.7,5.0,11.62,36.25,27.7,-2.0,6.47,1235114534.32,"Stage 4, Stage 4 - Confirmed Downtrend, weekly_vcp_ok, volume_dryup, weekly_volume_dryup, weekly_strong, downtrend",338,332,Stage 4,watchlist,weekly_watchlist,27.66,-6,0.03999999999999915,False,False,False,False,False
AFCONS.NS,Afcons Infrastructure Limited,Engineering & Construction,Industrials,False,Cash,1,Stage 4,Stage 4,Stage 4 - Confirmed Downtrend,0.86,Price is below a bearish moving-average stack with falling trend signals.,,,,,watchlist,weekly_watchlist,watchlist,0.0,0.8,0.36,0.0,0.0,0.8,0.36,-14.33,-19.58,738520164.23,"Stage 4, Stage 4 - Confirmed Downtrend, volume_dryup, weekly_volume_dryup, downtrend",901,895,Stage 4,watchlist,weekly_watchlist,0.36,-6,0.0,False,False,False,False,False
VEDL.NS,Vedanta Limited,Basic Materials,Basic Materials,True,F&O,1,Stage 4,Stage 4,Stage 4 - Confirmed Downtrend,0.86,Price is below a bearish moving-average stack with falling trend signals.,,,,,watchlist,weekly_watchlist,watchlist,0.0,0.0,0.0,0.0,0.0,0.0,0.0,2.08,-63.87,1878782172.3,"Stage 4, Stage 4 - Confirmed Downtrend, volume_dryup, weekly_volume_dryup, downtrend",908,902,Stage 4,watchlist,weekly_watchlist,0.0,-6,0.0,False,False,False,False,False
SUVEN.NS,Suven Life Sciences Limited,Drug Manufacturers - Specialty & Generic,Healthcare,False,Cash,1,Stage 2,Stage 2,Messy Stage 2,0.64,"Long-term structure is still constructive, but the short-term/weekly structure is not clean.",,,2026-10-05,,watchlist,weekly_watchlist,watchlist,19.01,19.82,19.37,10.0,19.01,19.82,29.37,-8.98,63.21,146669086.82,"Stage 2, Messy Stage 2, volume_dryup, weekly_volume_dryup",316,310,Stage 2,watchlist,weekly_watchlist,29.48,-6,-0.10999999999999943,False,False,False,False,False
PIDILITIND.NS,Pidilite Industries Limited,Specialty Chemicals,Basic Materials,True,F&O,1,Stage 2 Failed,Stage 3,Failed Stage 2,0.72,"This stock was recently Stage 2, but the latest structure no longer satisfies Stage 2 rules. It is kept as Stage 2 Failed until a fresh base/repair structure forms.",Recent Stage 2 break; public stage held as Stage 2 Failed.,2026-10-06,2026-09-23,,watchlist,weekly_watchlist,watchlist,19.58,2.87,12.06,10.0,19.58,2.87,22.06,0.44,16.29,883085135.59,"Stage 3, Stage 3 - Distribution/Damage, weekly_volume_dryup, distribution_risk | Stage 2 failed state applied from stage memory.",473,467,Stage 2 Failed,watchlist,weekly_watchlist,22.39,-6,-0.33000000000000185,False,False,False,False,False
V2RETAIL.NS,V2 Retail Limited,Consumer Cyclical,Consumer Cyclical,False,Cash,1,Stage 4,Stage 4,Stage 4 - Weak/Declining,0.72,Price is below long-term support with weak trend evidence.,,,2026-09-09,,watchlist,weekly_watchlist,watchlist,14.1,35.0,23.51,2.0,14.1,35.0,25.51,-17.18,-10.48,338456450.93,"Stage 4, Stage 4 - Weak/Declining, weekly_vcp_ok, weekly_strong, downtrend",386,380,Stage 4,watchlist,weekly_watchlist,25.87,-6,-0.35999999999999943,False,False,False,False,False
HIRECT.NS,Hind Rectifiers Limited,Electrical Equipment & Parts,Industrials,False,Cash,1,Stage 2,Stage 2,Early Stage 2,0.72,"Price has moved above long-term structure, but the full moving-average stack is not clean yet.",,,2026-10-05,,watchlist,weekly_watchlist,watchlist,36.66,24.8,31.32,10.0,36.66,24.8,41.32,16.61,63.4,67849303.62,"Stage 2, Early Stage 2, volume_dryup, weekly_volume_dryup",190,183,Stage 2,watchlist,weekly_watchlist,40.86,-7,0.46000000000000085,False,False,False,False,False
GLAND.NS,Gland Pharma Limited,Drug Manufacturers - Specialty & Generic,Healthcare,False,Cash,1,Stage 2,Stage 2,Clean Stage 2,0.9,"Price is above rising key averages, weekly structure is supportive, and the stock is near its 52-week high.",,,2026-10-05,,watchlist,weekly_watchlist,watchlist,58.08,31.6,46.16,10.0,58.08,31.6,56.16,27.28,74.72,1329458021.11,"Stage 2, Clean Stage 2, trend_template_ok, volume_dryup, weekly_volume_dryup",60,53,Stage 2,watchlist,weekly_watchlist,56.16,-7,0.0,False,False,False,False,False
CENTUM.NS,Centum Electronics Limited,Electronic Components,Technology,False,Cash,1,Stage 2,Stage 2,Clean Stage 2,0.9,"Price is above rising key averages, weekly structure is supportive, and the stock is near its 52-week high.",,,2026-10-05,,watchlist,weekly_watchlist,watchlist,42.62,29.6,36.76,10.0,42.62,29.6,46.76,29.91,63.23,487068557.62,"Stage 2, Clean Stage 2, trend_template_ok",138,131,Stage 2,watchlist,weekly_watchlist,46.76,-7,0.0,False,False,False,False,False
BLISSGVS.NS,Bliss GVS Pharma Limited,Drug Manufacturers - Specialty & Generic,Healthcare,False,Cash,1,Stage 2,Stage 2,Extended Stage 2,0.78,"Advancing structure remains intact, but price is stretched versus key moving averages or far above the 52-week low.",,,2026-10-05,,watchlist,weekly_watchlist,watchlist,39.88,32.8,36.69,10.0,39.88,32.8,46.69,33.69,162.57,267799624.51,"Stage 2, Extended Stage 2, trend_template_ok, weekly_volume_dryup",141,134,Stage 2,watchlist,weekly_watchlist,46.69,-7,0.0,False,False,False,False,False
FACT.NS,Fertilizers and Chemicals Travancore Limited,Agricultural Inputs,Basic Materials,False,Cash,1,Stage 4,Stage 4,Stage 4 - Weak/Declining,0.72,Price is below long-term support with weak trend evidence.,,,2026-06-26,,watchlist,weekly_watchlist,watchlist,0.0,0.8,0.36,0.0,0.0,0.8,0.36,-6.09,-10.66,156894496.54,"Stage 4, Stage 4 - Weak/Declining, volume_dryup, weekly_volume_dryup, downtrend",900,893,Stage 4,watchlist,weekly_watchlist,0.36,-7,0.0,False,False,False,False,False
LT.NS,Larsen & Toubro Limited,Engineering & Construction,Industrials,True,F&O,1,Stage 4,Stage 4,Stage 4 - Weak/Declining,0.72,Price is below long-term support with weak trend evidence.,,,2026-09-07,,watchlist,weekly_watchlist,watchlist,0.0,0.0,0.0,0.0,0.0,0.0,0.0,0.18,-2.89,5979860778.63,"Stage 4, Stage 4 - Weak/Declining, downtrend",905,898,Stage 4,watchlist,weekly_watchlist,0.0,-7,0.0,False,False,False,False,False
ADANIENSOL.NS,Adani Energy Solutions Limited,Utilities,Utilities,True,F&O,1,Stage 3,Stage 3,Stage 3 - Distribution/Damage,0.76,"Prior strength exists, but short-term and/or weekly structure is deteriorating.",,,2026-09-07,,watchlist,weekly_watchlist,watchlist,0.0,0.0,0.0,0.0,0.0,0.0,0.0,-13.74,15.71,2273118451.31,"Stage 3, Stage 3 - Distribution/Damage, volume_dryup, weekly_volume_dryup, distribution_risk",907,900,Stage 3,watchlist,weekly_watchlist,0.0,-7,0.0,False,False,False,False,False
CARERATING.NS,CARE Ratings Limited,Financial Services,Financial Services,False,Cash,1,Stage 2 Failed,Stage 1,Failed Stage 2,0.72,"This stock was recently Stage 2, but the latest structure no longer satisfies Stage 2 rules. It is kept as Stage 2 Failed until a fresh base/repair structure forms.",Recent Stage 2 break; public stage held as Stage 2 Failed.,2026-10-06,2026-09-23,,watchlist,weekly_watchlist,watchlist,0.0,0.08,0.04,0.0,0.0,0.08,0.04,1.53,3.27,65939810.1,"Stage 1, Stage 1 - Base/Repair, stage1_not_actionable, stage1_needs_more_base | Stage 2 failed state applied from stage memory.",904,897,Stage 2 Failed,watchlist,weekly_watchlist,0.22,-7,-0.18,False,False,False,False,False
EQUITASBNK.NS,Equitas Small Finance Bank Limited,Banks - Regional,Financial Services,False,Cash,1,Stage 1,Stage 1,Stage 1 - Base/Repair,0.7,Price is near long-term moving averages with no strong long-term downtrend signal.,,,2026-08-31,,watchlist,weekly_watchlist,watchlist,0.0,42.04,18.92,2.0,0.0,42.04,20.92,-8.43,10.82,128266366.28,"Stage 1, Stage 1 - Base/Repair, weekly_vcp_ok, weekly_volume_dryup, weekly_strong, stage1_not_actionable, stage1_needs_more_base",516,509,Stage 1,watchlist,weekly_watchlist,21.16,-7,-0.23999999999999844,False,False,False,False,False
LMW.NS,LMW Limited,Specialty Industrial Machinery,Industrials,False,Cash,1,Stage 2,Stage 2,Early Stage 2,0.72,"Price has moved above long-term structure, but the full moving-average stack is not clean yet.",,,2026-10-05,,watchlist,weekly_forming,watchlist,37.67,61.52,48.4,10.0,37.67,61.52,58.4,11.93,25.26,73478921.0,"Stage 2, Early Stage 2, daily_vcp_ok, weekly_vcp_ok, volume_dryup, weekly_volume_dryup, weekly_strong",50,43,Stage 2,watchlist,weekly_forming,58.66,-7,-0.259999999999998,False,False,False,False,False
AHLUCONT.NS,Ahluwalia Contracts (India) Limited,Engineering & Construction,Industrials,False,Cash,1,Stage 4,Stage 4,Stage 4 - Confirmed Downtrend,0.86,Price is below a bearish moving-average stack with falling trend signals.,,,,,watchlist,weekly_watchlist,watchlist,0.66,35.8,16.47,0.0,0.66,35.8,16.47,-26.39,-25.48,37163591.42,"Stage 4, Stage 4 - Confirmed Downtrend, weekly_vcp_ok, weekly_strong, downtrend",639,632,Stage 4,watchlist,weekly_watchlist,16.84,-7,-0.370000000000001,False,False,False,False,False
NTPC.NS,NTPC Limited,Utilities,Utilities,True,F&O,1,Stage 4,Stage 4,Stage 4 - Weak/Declining,0.72,Price is below long-term support with weak trend evidence.,,,2026-06-08,,watchlist,weekly_watchlist,watchlist,1.95,4.0,2.87,0.0,1.95,4.0,2.87,-0.83,-13.69,2419517909.23,"Stage 4, Stage 4 - Weak/Declining, downtrend",853,846,Stage 4,watchlist,weekly_watchlist,3.78,-7,-0.9099999999999997,False,False,False,False,False
BELRISE.NS,Belrise Industries Limited,Auto Parts,Consumer Cyclical,False,Cash,1,Stage 2,Stage 2,Early Stage 2,0.72,"Price has moved above long-term structure, but the full moving-average stack is not clean yet.",,,2026-10-05,,watchlist,weekly_watchlist,watchlist,39.48,20.44,30.91,5.0,39.48,20.44,35.91,8.36,16.02,708157981.47,"Stage 2, Early Stage 2, daily_vcp_ok, volume_dryup, weekly_volume_dryup",253,245,Stage 2,watchlist,weekly_watchlist,34.65,-8,1.259999999999998,False,False,False,False,False
NORTHARC.NS,Northern Arc Capital Limited,Credit Services,Financial Services,False,Cash,1,Stage 2,Stage 2,Stage 2,0.76,Advancing structure detected.,,,2026-10-05,,watchlist,weekly_watchlist,watchlist,35.64,28.74,32.53,0.0,35.64,28.74,32.53,1.5,25.91,287202533.38,"Stage 2, Stage 2, volume_dryup, weekly_volume_dryup",286,278,Stage 2,watchlist,weekly_watchlist,31.69,-8,0.8399999999999999,False,False,False,False,False
HERITGFOOD.NS,Heritage Foods Limited,Packaged Foods,Consumer Defensive,False,Cash,1,Stage 2,Stage 2,Early Stage 2,0.72,"Price has moved above long-term structure, but the full moving-average stack is not clean yet.",,,2026-10-05,,watchlist,weekly_near_pivot,watchlist,39.98,66.28,51.81,2.0,39.98,66.28,53.81,26.17,22.65,228450319.02,"Stage 2, Early Stage 2, daily_vcp_ok, weekly_vcp_ok, volume_dryup, weekly_volume_dryup, weekly_strong",73,65,Stage 2,watchlist,weekly_breakout,53.44,-8,0.37000000000000455,False,False,False,False,False
BHEL.NS,Bharat Heavy Electricals Limited,Specialty Industrial Machinery,Industrials,True,F&O,1,Stage 2,Stage 2,Clean Stage 2,0.9,"Price is above rising key averages, weekly structure is supportive, and the stock is near its 52-week high.",,,2026-10-05,,watchlist,weekly_watchlist,watchlist,66.0,30.18,49.88,10.0,66.0,30.18,59.88,19.36,58.41,3066858021.51,"Stage 2, Clean Stage 2, trend_template_ok",44,36,Stage 2,watchlist,weekly_watchlist,59.59,-8,0.28999999999999915,False,False,False,False,False
STAR.NS,Strides Pharma Science Limited,Drug Manufacturers - Specialty & Generic,Healthcare,False,Cash,1,Stage 2,Stage 2,Stage 2,0.76,Advancing structure detected.,,,2026-10-05,,watchlist,weekly_near_pivot,watchlist,34.42,67.45,49.28,10.0,34.42,67.45,59.28,6.28,10.22,304290937.94,"Stage 2, Stage 2, trend_template_ok, weekly_vcp_ok, volume_dryup, weekly_volume_dryup, weekly_strong",46,38,Stage 2,watchlist,weekly_near_pivot,59.32,-8,-0.03999999999999915,False,False,False,False,False
JKTYRE.NS,JK Tyre & Industries Limited,Auto Parts,Consumer Cyclical,False,Cash,1,Stage 4,Stage 4,Stage 4 - Confirmed Downtrend,0.86,Price is below a bearish moving-average stack with falling trend signals.,,,,,watchlist,weekly_watchlist,watchlist,9.66,36.9,21.92,5.0,9.66,36.9,26.92,-10.67,-19.98,167970301.55,"Stage 4, Stage 4 - Confirmed Downtrend, weekly_vcp_ok, weekly_strong, downtrend",348,340,Stage 4,watchlist,weekly_watchlist,27.13,-8,-0.2099999999999973,False,False,False,False,False
ONESOURCE.NS,Onesource Specialty Pharma Limited,Biotechnology,Healthcare,False,Cash,1,Stage 2 Failed,Stage 4,Failed Stage 2,0.72,"This stock was recently Stage 2, but the latest structure no longer satisfies Stage 2 rules. It is kept as Stage 2 Failed until a fresh base/repair structure forms.",Recent Stage 2 break; public stage held as Stage 2 Failed.,2026-10-06,2026-09-16,,watchlist,weekly_watchlist,watchlist,0.0,37.57,16.91,5.0,0.0,37.57,21.91,-0.9,7.57,656025567.03,"Stage 4, Stage 4 - Weak/Declining, weekly_vcp_ok, weekly_strong, downtrend | Stage 2 failed state applied from stage memory.",479,471,Stage 2 Failed,watchlist,weekly_watchlist,22.25,-8,-0.33999999999999986,False,False,False,False,False
ELLEN.NS,Ellenbarrie Industrial Gases Limited,Chemicals,Basic Materials,False,Cash,1,Stage 2 Failed,Stage 1,Failed Stage 2,0.72,"This stock was recently Stage 2, but the latest structure no longer satisfies Stage 2 rules. It is kept as Stage 2 Failed until a fresh base/repair structure forms.",Recent Stage 2 break; public stage held as Stage 2 Failed.,2026-10-06,2026-09-29,,watchlist,weekly_watchlist,watchlist,0.0,44.4,19.98,5.0,0.0,44.4,24.98,22.97,47.08,565476230.94,"Stage 1, Stage 1 - Early Turn, weekly_vcp_ok, weekly_strong, stage1_not_actionable, stage1_needs_more_base | Stage 2 failed state applied from stage memory.",396,388,Stage 2 Failed,watchlist,weekly_watchlist,25.43,-8,-0.4499999999999993,False,False,False,False,False
WIPRO.NS,Wipro Limited,Information Technology Services,Technology,True,F&O,1,Stage 4,Stage 4,Stage 4 - Confirmed Downtrend,0.86,Price is below a bearish moving-average stack with falling trend signals.,,,,,watchlist,weekly_watchlist,watchlist,5.29,0.0,2.91,2.0,5.29,0.0,4.91,-2.08,-18.52,3169921146.19,"Stage 4, Stage 4 - Confirmed Downtrend, downtrend",829,821,Stage 4,watchlist,weekly_watchlist,5.37,-8,-0.45999999999999996,False,False,False,False,False
PURVA.NS,Puravankara Limited,Real Estate,Real Estate,False,Cash,1,Stage 4,Stage 4,Stage 4 - Weak/Declining,0.72,Price is below long-term support with weak trend evidence.,,,,,watchlist,weekly_watchlist,watchlist,13.63,23.53,18.09,2.0,13.63,23.53,20.09,0.52,13.76,50931603.6,"Stage 4, Stage 4 - Weak/Declining, weekly_vcp_ok, volume_dryup, weekly_volume_dryup, downtrend",540,532,Stage 4,watchlist,weekly_watchlist,20.66,-8,-0.5700000000000003,False,False,False,False,False
TATACONSUM.NS,TATA CONSUMER PRODUCTS LIMITED,Packaged Foods,Consumer Defensive,True,F&O,1,Stage 4,Stage 4,Stage 4 - Confirmed Downtrend,0.86,Price is below a bearish moving-average stack with falling trend signals.,,,2026-06-04,,watchlist,weekly_watchlist,watchlist,6.57,6.2,6.4,2.0,6.57,6.2,8.4,-7.59,-8.89,1171777766.29,"Stage 4, Stage 4 - Confirmed Downtrend, downtrend",771,763,Stage 4,watchlist,weekly_watchlist,9.65,-8,-1.25,False,False,False,False,False
BLUEJET.NS,Blue Jet Healthcare Limited,Biotechnology,Healthcare,False,Cash,1,Stage 2 Failed,Stage 3,Failed Stage 2,0.72,"This stock was recently Stage 2, but the latest structure no longer satisfies Stage 2 rules. It is kept as Stage 2 Failed until a fresh base/repair structure forms.",Recent Stage 2 break; public stage held as Stage 2 Failed.,2026-10-06,2026-09-25,,watchlist,weekly_watchlist,watchlist,2.99,11.19,6.68,5.0,2.99,11.19,11.68,-1.5,33.39,235710357.38,"Stage 3, Stage 3 - Distribution/Damage, volume_dryup, weekly_volume_dryup, distribution_risk | Stage 2 failed state applied from stage memory.",722,714,Stage 2 Failed,watchlist,weekly_watchlist,13.74,-8,-2.0600000000000005,False,False,False,False,False
PNBHOUSING.NS,PNB Housing Finance Limited,Mortgage Finance,Financial Services,True,F&O,1,Stage 2,Stage 2,Early Stage 2,0.72,"Price has moved above long-term structure, but the full moving-average stack is not clean yet.",,,2026-10-05,,watchlist,weekly_forming,watchlist,42.35,61.47,50.95,0.0,42.35,61.47,50.95,4.64,32.02,995396585.02,"Stage 2, Early Stage 2, daily_vcp_ok, weekly_vcp_ok, volume_dryup, weekly_volume_dryup, weekly_strong",100,91,Stage 2,watchlist,weekly_forming,50.43,-9,0.5200000000000031,False,False,False,False,False
STYLEBAAZA.NS,Baazar Style Retail Limited,Consumer Cyclical,Consumer Cyclical,False,Cash,1,Stage 2,Stage 2,Messy Stage 2,0.64,"Long-term structure is still constructive, but the short-term/weekly structure is not clean.",,,2026-10-05,,watchlist,weekly_forming,watchlist,32.51,49.95,40.36,2.0,32.51,49.95,42.36,29.66,28.82,471558068.38,"Stage 2, Messy Stage 2, trend_template_ok, weekly_vcp_ok, weekly_volume_dryup",180,171,Stage 2,watchlist,weekly_forming,41.85,-9,0.509999999999998,False,False,False,False,False
GRANULES.NS,Granules India Limited,Drug Manufacturers - Specialty & Generic,Healthcare,False,Cash,1,Stage 2,Stage 2,Early Stage 2,0.72,"Price has moved above long-term structure, but the full moving-average stack is not clean yet.",,,2026-10-05,,watchlist,weekly_watchlist,watchlist,38.26,18.91,29.55,10.0,38.26,18.91,39.55,-0.35,33.46,1171957395.92,"Stage 2, Early Stage 2, daily_vcp_ok, volume_dryup, weekly_volume_dryup",213,204,Stage 2,watchlist,weekly_watchlist,39.15,-9,0.3999999999999986,False,False,False,False,False
MAXESTATES.NS,Max Estates Limited,Real Estate,Real Estate,False,Cash,1,Stage 2,Stage 2,Clean Stage 2,0.9,"Price is above rising key averages, weekly structure is supportive, and the stock is near its 52-week high.",,,2026-10-05,,watchlist,weekly_breakout,watchlist,35.77,65.8,49.28,2.0,35.77,65.8,51.28,35.5,57.31,110022931.81,"Stage 2, Clean Stage 2, trend_template_ok, weekly_vcp_ok, weekly_volume_dryup, weekly_strong",94,85,Stage 2,watchlist,weekly_breakout,51.2,-9,0.0799999999999983,False,False,False,False,False
THOMASCOOK.NS,Thomas Cook  (India)  Limited,Consumer Cyclical,Consumer Cyclical,False,Cash,1,Stage 4,Stage 4,Stage 4 - Weak/Declining,0.72,Price is below long-term support with weak trend evidence.,,,,,watchlist,weekly_watchlist,watchlist,5.9,36.9,19.85,2.0,5.9,36.9,21.85,3.9,-4.13,51232652.09,"Stage 4, Stage 4 - Weak/Declining, weekly_vcp_ok, volume_dryup, weekly_volume_dryup, weekly_strong, downtrend",483,474,Stage 4,watchlist,weekly_watchlist,22.16,-9,-0.3099999999999987,False,False,False,False,False
ASTERDM.NS,Aster DM Healthcare Limited,Medical Care Facilities,Healthcare,False,Cash,1,Stage 2 Failed,Stage 4,Failed Stage 2,0.72,"This stock was recently Stage 2, but the latest structure no longer satisfies Stage 2 rules. It is kept as Stage 2 Failed until a fresh base/repair structure forms.",Recent Stage 2 break; public stage held as Stage 2 Failed.,2026-10-06,2026-09-15,,watchlist,weekly_watchlist,watchlist,7.57,35.0,19.91,0.0,7.57,35.0,19.91,-10.54,1.26,885002702.28,"Stage 4, Stage 4, weekly_vcp_ok, volume_dryup, weekly_volume_dryup, weekly_strong, downtrend | Stage 2 failed state applied from stage memory.",545,536,Stage 2 Failed,watchlist,weekly_watchlist,20.47,-9,-0.5599999999999987,False,False,False,False,False
JSWDULUX.NS,JSW Dulux Limited,Specialty Chemicals,Basic Materials,False,Cash,1,Stage 2 Failed,Stage 4,Failed Stage 2,0.72,"This stock was recently Stage 2, but the latest structure no longer satisfies Stage 2 rules. It is kept as Stage 2 Failed until a fresh base/repair structure forms.",Recent Stage 2 break; public stage held as Stage 2 Failed.,2026-10-06,2026-09-25,,watchlist,weekly_watchlist,watchlist,0.0,0.0,0.0,10.0,0.0,0.0,10.0,7.81,3.39,112126474.52,"Stage 4, Stage 4 - Weak/Declining, downtrend | Stage 2 failed state applied from stage memory.",751,742,Stage 2 Failed,watchlist,weekly_watchlist,10.66,-9,-0.6600000000000001,False,False,False,False,False
ENDURANCE.NS,Endurance Technologies Limited,Auto Parts,Consumer Cyclical,False,Cash,1,Stage 2 Failed,Stage 1,Failed Stage 2,0.72,"This stock was recently Stage 2, but the latest structure no longer satisfies Stage 2 rules. It is kept as Stage 2 Failed until a fresh base/repair structure forms.",Recent Stage 2 break; public stage held as Stage 2 Failed.,2026-10-06,2026-09-30,,watchlist,weekly_watchlist,watchlist,0.0,42.06,18.93,5.0,0.0,42.06,23.93,-2.04,4.67,236185431.68,"Stage 1, Stage 1 - Base/Repair, weekly_vcp_ok, volume_dryup, weekly_volume_dryup, weekly_strong, stage1_not_actionable, stage1_needs_more_base | Stage 2 failed state applied from stage memory.",417,408,Stage 2 Failed,watchlist,weekly_watchlist,24.62,-9,-0.6900000000000013,False,False,False,False,False
SMSPHARMA.NS,SMS Pharmaceuticals Limited,Drug Manufacturers - General,Healthcare,False,Cash,1,Stage 2,Stage 2,Clean Stage 2,0.9,"Price is above rising key averages, weekly structure is supportive, and the stock is near its 52-week high.",,,2026-10-05,,watchlist,weekly_watchlist,watchlist,58.58,29.55,45.52,5.0,58.58,29.55,50.52,20.74,14.72,631518116.58,"Stage 2, Clean Stage 2, trend_template_ok, volume_dryup, weekly_volume_dryup",103,93,Stage 2,watchlist,weekly_watchlist,50.13,-10,0.39000000000000057,False,False,False,False,False
WHEELS.NS,Wheels India Limited,Auto Parts,Consumer Cyclical,False,Cash,1,Stage 2,Stage 2,Extended Stage 2,0.78,"Advancing structure remains intact, but price is stretched versus key moving averages or far above the 52-week low.",,,2026-10-05,,watchlist,weekly_watchlist,watchlist,43.0,27.2,35.89,5.0,43.0,27.2,40.89,63.01,121.39,1960401208.12,"Stage 2, Extended Stage 2, trend_template_ok, volume_dryup, weekly_volume_dryup",197,187,Stage 2,watchlist,weekly_watchlist,40.64,-10,0.25,False,False,False,False,False
PARADEEP.NS,Paradeep Phosphates Limited,Agricultural Inputs,Basic Materials,False,Cash,1,Stage 2,Stage 2,Early Stage 2,0.72,"Price has moved above long-term structure, but the full moving-average stack is not clean yet.",,,2026-10-05,,watchlist,weekly_near_pivot,watchlist,15.41,70.46,40.18,0.0,15.41,70.46,40.18,15.13,31.5,322384607.18,"Stage 2, Early Stage 2, weekly_vcp_ok, volume_dryup, weekly_volume_dryup, weekly_strong",203,193,Stage 2,watchlist,weekly_near_pivot,40.02,-10,0.1599999999999966,False,False,False,False,False
UPL.NS,UPL Limited,Agricultural Inputs,Basic Materials,True,F&O,1,Stage 4,Stage 4,Stage 4 - Confirmed Downtrend,0.86,Price is below a bearish moving-average stack with falling trend signals.,,,,,watchlist,weekly_watchlist,watchlist,7.82,36.9,20.91,0.0,7.82,36.9,20.91,-8.87,-19.24,1191886988.82,"Stage 4, Stage 4 - Confirmed Downtrend, weekly_vcp_ok, weekly_strong, downtrend",517,507,Stage 4,watchlist,weekly_watchlist,21.19,-10,-0.28000000000000114,False,False,False,False,False
CONCOR.NS,Container Corporation of India Limited,Industrials,Industrials,True,F&O,1,Stage 2 Failed,Stage 4,Failed Stage 2,0.72,"This stock was recently Stage 2, but the latest structure no longer satisfies Stage 2 rules. It is kept as Stage 2 Failed until a fresh base/repair structure forms.",Recent Stage 2 break; public stage held as Stage 2 Failed.,2026-10-06,2026-09-18,,watchlist,weekly_watchlist,watchlist,8.54,35.8,20.81,0.0,8.54,35.8,20.81,2.66,-6.52,535939850.15,"Stage 4, Stage 4 - Weak/Declining, weekly_vcp_ok, weekly_volume_dryup, weekly_strong, downtrend | Stage 2 failed state applied from stage memory.",520,510,Stage 2 Failed,watchlist,weekly_watchlist,21.14,-10,-0.33000000000000185,False,False,False,False,False
GARFIBRES.NS,Garware Technical Fibres Limited,Textile Manufacturing,Consumer Cyclical,False,Cash,1,Stage 2,Stage 2,Early Stage 2,0.72,"Price has moved above long-term structure, but the full moving-average stack is not clean yet.",,,2026-10-05,,watchlist,weekly_watchlist,watchlist,11.54,24.07,17.18,10.0,11.54,24.07,27.18,11.3,25.35,32618102.53,"Stage 2, Early Stage 2, volume_dryup, weekly_volume_dryup",343,333,Stage 2,watchlist,weekly_watchlist,27.6,-10,-0.4200000000000017,False,False,False,False,False
POWERGRID.NS,Power Grid Corporation of India Limited,Utilities,Utilities,True,F&O,1,Stage 1,Stage 1,Stage 1 - Unclear/Repair,0.58,Not enough evidence for Stage 2 or Stage 4; classified as repair/unclear structure.,,,2026-07-23,,watchlist,weekly_watchlist,watchlist,5.7,41.8,21.95,0.0,5.7,41.8,21.95,-4.09,-13.13,2397708662.65,"Stage 1, Stage 1 - Unclear/Repair, weekly_vcp_ok, weekly_volume_dryup, weekly_strong, stage1_not_actionable, stage1_needs_more_base",478,468,Stage 1,watchlist,weekly_watchlist,22.38,-10,-0.4299999999999997,False,False,False,False,False
BBL.NS,Bharat Bijlee Limited,Electrical Equipment & Parts,Industrials,False,Cash,1,Stage 4,Stage 4,Stage 4 - Confirmed Downtrend,0.86,Price is below a bearish moving-average stack with falling trend signals.,,,,,watchlist,weekly_watchlist,watchlist,2.78,36.9,18.13,10.0,2.78,36.9,28.13,-16.26,-14.12,40714213.37,"Stage 4, Stage 4 - Confirmed Downtrend, weekly_vcp_ok, volume_dryup, weekly_volume_dryup, weekly_strong, downtrend",333,323,Stage 4,watchlist,weekly_watchlist,28.61,-10,-0.4800000000000004,False,False,False,False,False
LTTS.NS,L&T Technology Services Limited,Information Technology Services,Technology,False,Cash,1,Stage 4,Stage 4,Stage 4 - Weak/Declining,0.72,Price is below long-term support with weak trend evidence.,,,,,watchlist,weekly_watchlist,watchlist,12.25,36.03,22.95,2.0,12.25,36.03,24.95,3.65,-1.35,172653970.03,"Stage 4, Stage 4 - Weak/Declining, weekly_vcp_ok, volume_dryup, weekly_volume_dryup, weekly_strong, downtrend",397,387,Stage 4,watchlist,weekly_watchlist,25.43,-10,-0.4800000000000004,False,False,False,False,False
LTM.NS,LTM Limited,Information Technology Services,Technology,True,F&O,1,Stage 4,Stage 4,Stage 4 - Weak/Declining,0.72,Price is below long-term support with weak trend evidence.,,,,,watchlist,weekly_watchlist,watchlist,9.1,36.9,21.61,2.0,9.1,36.9,23.61,7.66,-9.81,1790775879.39,"Stage 4, Stage 4 - Weak/Declining, weekly_vcp_ok, weekly_strong, downtrend",429,419,Stage 4,watchlist,weekly_watchlist,24.21,-10,-0.6000000000000014,False,False,False,False,False
KIRLOSIND.NS,Kirloskar Industries Limited,Metal Fabrication,Industrials,False,Cash,1,Stage 3,Stage 3,Stage 3 - Distribution/Damage,0.76,"Prior strength exists, but short-term and/or weekly structure is deteriorating.",,,2026-09-14,,watchlist,weekly_watchlist,watchlist,12.57,3.77,8.61,10.0,12.57,3.77,18.61,-9.73,23.44,150971952.48,"Stage 3, Stage 3 - Distribution/Damage, volume_dryup, weekly_volume_dryup, distribution_risk",577,567,Stage 3,watchlist,weekly_watchlist,19.22,-10,-0.6099999999999994,False,False,False,False,False
SBFC.NS,SBFC Finance Limited,Credit Services,Financial Services,False,Cash,1,Stage 4,Stage 4,Stage 4 - Weak/Declining,0.72,Price is below long-term support with weak trend evidence.,,,2026-09-14,,watchlist,weekly_watchlist,watchlist,11.37,35.8,22.36,0.0,11.37,35.8,22.36,-3.88,-9.31,108948305.83,"Stage 4, Stage 4 - Weak/Declining, weekly_vcp_ok, weekly_strong, downtrend",464,454,Stage 4,watchlist,weekly_watchlist,23.04,-10,-0.6799999999999997,False,False,False,False,False
BAJAJCON.NS,Bajaj Consumer Care Limited,Household & Personal Products,Consumer Defensive,False,Cash,1,Stage 3,Stage 3,Stage 3 - Distribution/Damage,0.76,"Prior strength exists, but short-term and/or weekly structure is deteriorating.",,,2026-08-07,,watchlist,weekly_watchlist,watchlist,0.0,9.2,4.14,2.0,0.0,9.2,6.14,-21.74,18.18,274715416.14,"Stage 3, Stage 3 - Distribution/Damage, volume_dryup, weekly_volume_dryup, distribution_risk",805,795,Stage 3,watchlist,weekly_watchlist,6.91,-10,-0.7700000000000005,False,False,False,False,False
RPGLIFE.NS,RPG Life Sciences Limited,Drug Manufacturers - Specialty & Generic,Healthcare,False,Cash,1,Stage 2,Stage 2,Clean Stage 2,0.9,"Price is above rising key averages, weekly structure is supportive, and the stock is near its 52-week high.",,,2026-10-05,,watchlist,weekly_watchlist,watchlist,57.22,33.34,46.47,10.0,57.22,33.34,56.47,15.03,58.32,119339332.85,"Stage 2, Clean Stage 2, trend_template_ok",58,48,Stage 2,watchlist,weekly_watchlist,57.27,-10,-0.8000000000000043,False,False,False,False,False
TMPV.NS,Tata Motors Passenger Vehicles Limited,Auto Manufacturers,Consumer Cyclical,True,F&O,1,Stage 4,Stage 4,Stage 4 - Confirmed Downtrend,0.86,Price is below a bearish moving-average stack with falling trend signals.,,,,,watchlist,weekly_watchlist,watchlist,8.2,0.0,4.51,2.0,8.2,0.0,6.51,-10.8,-15.76,3177839702.72,"Stage 4, Stage 4 - Confirmed Downtrend, downtrend",795,785,Stage 4,watchlist,weekly_watchlist,7.8,-10,-1.29,False,False,False,False,False
ACE.NS,Action Construction Equipment Limited,Farm & Heavy Construction Machinery,Industrials,False,Cash,1,Stage 2,Stage 2,Clean Stage 2,0.9,"Price is above rising key averages, weekly structure is supportive, and the stock is near its 52-week high.",,,2026-10-05,,forming_vcp,weekly_breakout,watchlist,62.68,67.19,64.71,2.0,62.68,67.19,66.71,33.09,38.79,414472369.19,"Stage 2, Clean Stage 2, trend_template_ok, daily_vcp_ok, weekly_vcp_ok, volume_dryup, weekly_volume_dryup, weekly_strong",13,3,Stage 2,watchlist,weekly_breakout,72.45,-10,-5.740000000000009,False,False,False,False,False
ORCHPHARMA.NS,Orchid Pharma Limited,Drug Manufacturers - Specialty & Generic,Healthcare,False,Cash,1,Stage 2,Stage 2,Stage 2,0.76,Advancing structure detected.,,,2026-10-05,,watchlist,weekly_watchlist,watchlist,19.83,32.0,25.31,10.0,19.83,32.0,35.31,4.04,84.98,134172138.39,"Stage 2, Stage 2, weekly_volume_dryup",259,248,Stage 2,watchlist,weekly_watchlist,34.25,-11,1.0600000000000023,False,False,False,False,False
RAYMOND.NS,Raymond Limited,Specialty Industrial Machinery,Industrials,False,Cash,1,Stage 2,Stage 2,Extended Stage 2,0.78,"Advancing structure remains intact, but price is stretched versus key moving averages or far above the 52-week low.",,,2026-10-05,,watchlist,weekly_watchlist,watchlist,56.13,22.4,40.95,10.0,56.13,22.4,50.95,109.52,226.65,5553450875.3,"Stage 2, Extended Stage 2, trend_template_ok, weekly_volume_dryup",101,90,Stage 2,watchlist,weekly_watchlist,50.44,-11,0.5100000000000051,False,False,False,False,False
PPLPHARMA.NS,Piramal Pharma Limited,Drug Manufacturers - Specialty & Generic,Healthcare,False,Cash,1,Stage 2,Stage 2,Early Stage 2,0.72,"Price has moved above long-term structure, but the full moving-average stack is not clean yet.",,,2026-10-05,,watchlist,weekly_watchlist,watchlist,21.29,25.96,23.39,10.0,21.29,25.96,33.39,17.82,37.74,583023161.26,"Stage 2, Early Stage 2, volume_dryup, weekly_volume_dryup",278,267,Stage 2,watchlist,weekly_watchlist,32.96,-11,0.4299999999999997,False,False,False,False,False
ASAHIINDIA.NS,Asahi India Glass Limited,Auto Parts,Consumer Cyclical,False,Cash,1,Stage 2,Stage 2,Early Stage 2,0.72,"Price has moved above long-term structure, but the full moving-average stack is not clean yet.",,,2026-10-05,,watchlist,weekly_watchlist,watchlist,41.0,28.33,35.3,5.0,41.0,28.33,40.3,12.19,11.08,122931027.47,"Stage 2, Early Stage 2, daily_vcp_ok, volume_dryup, weekly_volume_dryup",201,190,Stage 2,watchlist,weekly_watchlist,40.23,-11,0.07000000000000028,False,False,False,False,False
UFLEX.NS,UFLEX Limited,Consumer Cyclical,Consumer Cyclical,False,Cash,1,Stage 2,Stage 2,Clean Stage 2,0.9,"Price is above rising key averages, weekly structure is supportive, and the stock is near its 52-week high.",,,2026-10-05,,watchlist,weekly_forming,watchlist,40.25,65.8,51.75,2.0,40.25,65.8,53.75,52.32,70.96,91198144.7,"Stage 2, Clean Stage 2, trend_template_ok, weekly_vcp_ok, volume_dryup, weekly_volume_dryup, weekly_strong",74,63,Stage 2,watchlist,weekly_forming,53.75,-11,0.0,False,False,False,False,False
STLTECH.NS,Sterlite Technologies Limited,Communication Equipment,Technology,False,Cash,1,Stage 2,Stage 2,Extended Stage 2,0.78,"Advancing structure remains intact, but price is stretched versus key moving averages or far above the 52-week low.",,,2026-10-05,,watchlist,weekly_watchlist,watchlist,60.36,27.2,45.44,10.0,60.36,27.2,55.44,91.85,319.61,1936546069.88,"Stage 2, Extended Stage 2, trend_template_ok",63,52,Stage 2,watchlist,weekly_watchlist,56.38,-11,-0.9400000000000048,False,False,False,False,False
PRECWIRE.NS,Precision Wires India Limited,Electrical Equipment & Parts,Industrials,False,Cash,1,Stage 2,Stage 2,Extended Stage 2,0.78,"Advancing structure remains intact, but price is stretched versus key moving averages or far above the 52-week low.",,,2026-10-05,,watchlist,weekly_watchlist,watchlist,38.96,38.8,38.89,10.0,38.96,38.8,48.89,37.18,52.74,314651637.23,"Stage 2, Extended Stage 2, trend_template_ok, volume_dryup, weekly_volume_dryup",122,110,Stage 2,watchlist,weekly_watchlist,48.23,-12,0.6600000000000037,False,False,False,False,False
PITTIENG.NS,Pitti Engineering Limited,Metal Fabrication,Industrials,False,Cash,1,Stage 2,Stage 2,Clean Stage 2,0.9,"Price is above rising key averages, weekly structure is supportive, and the stock is near its 52-week high.",,,2026-10-05,,watchlist,weekly_forming,watchlist,39.75,64.58,50.92,10.0,39.75,64.58,60.92,26.29,41.55,205011462.09,"Stage 2, Clean Stage 2, trend_template_ok, weekly_vcp_ok, volume_dryup, weekly_volume_dryup, weekly_strong",38,26,Stage 2,watchlist,weekly_breakout,61.27,-12,-0.3500000000000014,False,False,False,False,False
INGERRAND.NS,Ingersoll Rand (India) Limited,Specialty Industrial Machinery,Industrials,False,Cash,1,Stage 2 Failed,Stage 1,Failed Stage 2,0.72,"This stock was recently Stage 2, but the latest structure no longer satisfies Stage 2 rules. It is kept as Stage 2 Failed until a fresh base/repair structure forms.",Recent Stage 2 break; public stage held as Stage 2 Failed.,2026-10-06,2026-09-16,,watchlist,weekly_watchlist,watchlist,0.0,42.18,18.98,10.0,0.0,42.18,28.98,-2.17,6.0,77198032.87,"Stage 1, Stage 1 - Base/Repair, weekly_vcp_ok, volume_dryup, weekly_volume_dryup, weekly_strong, stage1_not_actionable, stage1_needs_more_base | Stage 2 failed state applied from stage memory.",321,309,Stage 2 Failed,watchlist,weekly_watchlist,29.5,-12,-0.5199999999999996,False,False,False,False,False
MCX.NS,Multi Commodity Exchange of India Limited,Financial Services,Financial Services,True,F&O,1,Stage 2,Stage 2,Clean Stage 2,0.9,"Price is above rising key averages, weekly structure is supportive, and the stock is near its 52-week high.",,,2026-10-05,,watchlist,weekly_near_pivot,watchlist,36.45,69.52,51.33,0.0,36.45,69.52,51.33,24.39,20.81,5571461050.97,"Stage 2, Clean Stage 2, trend_template_ok, weekly_vcp_ok, weekly_volume_dryup, weekly_strong",91,79,Stage 2,watchlist,weekly_near_pivot,51.88,-12,-0.5500000000000043,False,False,False,False,False
COALINDIA.NS,Coal India Limited,Energy,Energy,True,F&O,1,Stage 1,Stage 1,Stage 1 - Base/Repair,0.7,Price is near long-term moving averages with no strong long-term downtrend signal.,,,2026-07-03,,watchlist,weekly_watchlist,watchlist,17.09,17.3,17.18,5.0,17.09,17.3,22.18,3.03,-2.08,2912904579.12,"Stage 1, Stage 1 - Base/Repair, volume_dryup, weekly_volume_dryup, stage1_not_actionable, stage1_needs_more_base",469,457,Stage 1,watchlist,weekly_watchlist,22.88,-12,-0.6999999999999993,False,False,False,False,False
HDFCAMC.NS,HDFC Asset Management Company Limited,Asset Management,Financial Services,True,F&O,1,Stage 4,Stage 4,Stage 4 - Confirmed Downtrend,0.86,Price is below a bearish moving-average stack with falling trend signals.,,,2026-07-15,,watchlist,weekly_watchlist,watchlist,4.75,36.9,19.22,0.0,4.75,36.9,19.22,-10.17,-4.75,1511101745.0,"Stage 4, Stage 4 - Confirmed Downtrend, weekly_vcp_ok, weekly_strong, downtrend",559,547,Stage 4,watchlist,weekly_watchlist,19.95,-12,-0.7300000000000004,False,False,False,False,False
LTF.NS,L&T Finance Limited,Credit Services,Financial Services,True,F&O,1,Stage 2 Failed,Stage 4,Failed Stage 2,0.72,"This stock was recently Stage 2, but the latest structure no longer satisfies Stage 2 rules. It is kept as Stage 2 Failed until a fresh base/repair structure forms.",Recent Stage 2 break; public stage held as Stage 2 Failed.,2026-10-06,2026-09-22,,watchlist,weekly_watchlist,watchlist,3.82,0.0,2.1,0.0,3.82,0.0,2.1,-13.07,-1.69,1698201014.0,"Stage 4, Stage 4 - Weak/Declining, weekly_volume_dryup, downtrend | Stage 2 failed state applied from stage memory.",867,855,Stage 2 Failed,watchlist,weekly_watchlist,2.87,-12,-0.77,False,False,False,False,False
OLAELEC.NS,Ola Electric Mobility Limited,Auto Manufacturers,Consumer Cyclical,False,Cash,1,Stage 1,Stage 1,Stage 1 - Base/Repair,0.7,Price is near long-term moving averages with no strong long-term downtrend signal.,,,,,watchlist,weekly_watchlist,watchlist,8.2,3.2,5.95,2.0,8.2,3.2,7.95,-6.38,-5.2,3793402032.12,"Stage 1, Stage 1 - Base/Repair, weekly_volume_dryup, stage1_not_actionable, stage1_needs_more_base",774,762,Stage 1,watchlist,weekly_watchlist,9.88,-12,-1.9300000000000006,False,False,False,False,False
MANINDS.NS,Man Industries (India) Limited,Steel,Basic Materials,False,Cash,1,Stage 2,Stage 2,Extended Stage 2,0.78,"Advancing structure remains intact, but price is stretched versus key moving averages or far above the 52-week low.",,,2026-10-05,,watchlist,weekly_forming,watchlist,56.83,62.6,59.43,5.0,56.83,62.6,64.43,65.18,98.79,1841005708.46,"Stage 2, Extended Stage 2, trend_template_ok, weekly_vcp_ok, weekly_volume_dryup, weekly_strong",21,9,Stage 2,watchlist,weekly_near_pivot,68.03,-12,-3.5999999999999943,False,False,False,False,False
AGI.NS,AGI Greenpac Limited,Consumer Cyclical,Consumer Cyclical,False,Cash,1,Stage 2,Stage 2,Early Stage 2,0.72,"Price has moved above long-term structure, but the full moving-average stack is not clean yet.",,,2026-10-05,,watchlist,weekly_breakout,watchlist,19.83,64.02,39.72,2.0,19.83,64.02,41.72,16.4,45.75,159024540.89,"Stage 2, Early Stage 2, weekly_vcp_ok, volume_dryup, weekly_volume_dryup, weekly_strong",188,175,Stage 2,watchlist,weekly_breakout,41.34,-13,0.37999999999999545,False,False,False,False,False
SHAKTIPUMP.NS,Shakti Pumps (India) Limited,Specialty Industrial Machinery,Industrials,False,Cash,1,Stage 4,Stage 4,Stage 4 - Confirmed Downtrend,0.86,Price is below a bearish moving-average stack with falling trend signals.,,,,,watchlist,weekly_watchlist,watchlist,13.68,35.8,23.63,10.0,13.68,35.8,33.63,-17.64,-9.09,544701171.23,"Stage 4, Stage 4 - Confirmed Downtrend, weekly_vcp_ok, volume_dryup, weekly_volume_dryup, weekly_strong, downtrend",273,260,Stage 4,watchlist,weekly_watchlist,33.31,-13,0.3200000000000003,False,False,False,False,False
FMGOETZE.NS,Federal-Mogul Goetze (India) Limited.,Auto Parts,Consumer Cyclical,False,Cash,1,Stage 2,Stage 2,Messy Stage 2,0.64,"Long-term structure is still constructive, but the short-term/weekly structure is not clean.",,,2026-10-05,,watchlist,weekly_forming,watchlist,33.54,63.31,46.94,5.0,33.54,63.31,51.94,22.49,21.64,113727090.44,"Stage 2, Messy Stage 2, trend_template_ok, weekly_vcp_ok, volume_dryup, weekly_volume_dryup, weekly_strong",87,74,Stage 2,watchlist,weekly_forming,52.22,-13,-0.28000000000000114,False,False,False,False,False
NETWEB.NS,Netweb Technologies India Limited,Technology,Technology,False,Cash,1,Stage 2,Stage 2,Early Stage 2,0.72,"Price has moved above long-term structure, but the full moving-average stack is not clean yet.",,,2026-10-05,,watchlist,weekly_watchlist,watchlist,18.05,21.53,19.62,10.0,18.05,21.53,29.62,14.95,44.34,4439392565.32,"Stage 2, Early Stage 2, volume_dryup, weekly_volume_dryup",314,301,Stage 2,watchlist,weekly_watchlist,30.06,-13,-0.4399999999999977,False,False,False,False,False
MSUMI.NS,Motherson Sumi Wiring India Limited,Auto Parts,Consumer Cyclical,False,Cash,1,Stage 4,Stage 4,Stage 4 - Confirmed Downtrend,0.86,Price is below a bearish moving-average stack with falling trend signals.,,,,,watchlist,weekly_watchlist,watchlist,6.82,35.8,19.86,5.0,6.82,35.8,24.86,-11.18,-11.46,375459146.59,"Stage 4, Stage 4 - Confirmed Downtrend, weekly_vcp_ok, weekly_volume_dryup, weekly_strong, downtrend",398,385,Stage 4,watchlist,weekly_watchlist,25.61,-13,-0.75,False,False,False,False,False
WINDMACHIN.NS,Windsor Machines Limited,Specialty Industrial Machinery,Industrials,False,Cash,1,Stage 2 Failed,Stage 3,Failed Stage 2,0.72,"This stock was recently Stage 2, but the latest structure no longer satisfies Stage 2 rules. It is kept as Stage 2 Failed until a fresh base/repair structure forms.",Recent Stage 2 break; public stage held as Stage 2 Failed.,2026-10-06,2026-09-30,,watchlist,weekly_watchlist,watchlist,15.07,9.26,12.46,10.0,15.07,9.26,22.46,-2.18,14.76,27315049.11,"Stage 3, Stage 3 - Distribution/Damage, volume_dryup, weekly_volume_dryup, distribution_risk | Stage 2 failed state applied from stage memory.",461,448,Stage 2 Failed,watchlist,weekly_watchlist,23.22,-13,-0.759999999999998,False,False,False,False,False
WABAG.NS,VA Tech Wabag Limited,Engineering & Construction,Industrials,False,Cash,1,Stage 2,Stage 2,Early Stage 2,0.72,"Price has moved above long-term structure, but the full moving-average stack is not clean yet.",,,2026-10-05,,watchlist,weekly_watchlist,watchlist,18.05,18.85,18.41,0.0,18.05,18.85,18.41,-4.8,49.28,1428088962.73,"Stage 2, Early Stage 2, volume_dryup, weekly_volume_dryup",581,568,Stage 2,watchlist,weekly_watchlist,19.18,-13,-0.7699999999999996,False,False,False,False,False
BOROLTD.NS,Borosil Limited,"Furnishings, Fixtures & Appliances",Consumer Cyclical,False,Cash,1,Stage 2,Stage 2,Early Stage 2,0.72,"Price has moved above long-term structure, but the full moving-average stack is not clean yet.",,,2026-10-05,,watchlist,weekly_near_pivot,watchlist,12.13,70.28,38.3,0.0,12.13,70.28,38.3,28.87,15.96,111505443.41,"Stage 2, Early Stage 2, weekly_vcp_ok, weekly_volume_dryup, weekly_strong",227,213,Stage 2,watchlist,weekly_near_pivot,37.95,-14,0.3499999999999943,False,False,False,False,False
SAILIFE.NS,Sai Life Sciences Limited,Diagnostics & Research,Healthcare,False,Cash,1,Stage 2,Stage 2,Clean Stage 2,0.9,"Price is above rising key averages, weekly structure is supportive, and the stock is near its 52-week high.",,,2026-10-05,,watchlist,weekly_watchlist,watchlist,39.62,26.0,33.49,10.0,39.62,26.0,43.49,27.8,58.11,813865028.28,"Stage 2, Clean Stage 2, trend_template_ok, volume_dryup, weekly_volume_dryup",173,159,Stage 2,watchlist,weekly_watchlist,43.17,-14,0.3200000000000003,False,False,False,False,False
TEJASNET.NS,Tejas Networks Limited,Communication Equipment,Technology,False,Cash,1,Stage 2 Failed,Stage 1,Failed Stage 2,0.72,"This stock was recently Stage 2, but the latest structure no longer satisfies Stage 2 rules. It is kept as Stage 2 Failed until a fresh base/repair structure forms.",Recent Stage 2 break; public stage held as Stage 2 Failed.,2026-10-06,2026-09-25,,watchlist,weekly_watchlist,watchlist,14.45,41.8,26.76,10.0,14.45,41.8,36.76,-11.1,8.36,776452837.06,"Stage 1, Stage 1 - Base/Repair, weekly_vcp_ok, volume_dryup, weekly_volume_dryup, weekly_strong, stage1_not_actionable, stage1_needs_more_base | Stage 2 failed state applied from stage memory.",243,229,Stage 2 Failed,watchlist,weekly_watchlist,36.76,-14,0.0,False,False,False,False,False
GRASIM.NS,Grasim Industries Limited,Building Materials,Basic Materials,True,F&O,1,Stage 2 Failed,Stage 1,Failed Stage 2,0.72,"This stock was recently Stage 2, but the latest structure no longer satisfies Stage 2 rules. It is kept as Stage 2 Failed until a fresh base/repair structure forms.",Recent Stage 2 break; public stage held as Stage 2 Failed.,2026-10-06,2026-09-30,,watchlist,weekly_watchlist,watchlist,0.0,3.94,1.77,0.0,0.0,3.94,1.77,-2.06,9.43,2184616851.63,"Stage 1, Stage 1 - Base/Repair, volume_dryup, weekly_volume_dryup, stage1_not_actionable, stage1_needs_more_base | Stage 2 failed state applied from stage memory.",892,878,Stage 2 Failed,watchlist,weekly_watchlist,1.9,-14,-0.1299999999999999,False,False,False,False,False
ENGINERSIN.NS,Engineers India Limited,Engineering & Construction,Industrials,False,Cash,1,Stage 2,Stage 2,Extended Stage 2,0.78,"Advancing structure remains intact, but price is stretched versus key moving averages or far above the 52-week low.",,,2026-10-05,,watchlist,weekly_breakout,watchlist,60.1,65.0,62.31,0.0,60.1,65.0,62.31,36.44,46.03,1794883783.81,"Stage 2, Extended Stage 2, trend_template_ok, weekly_vcp_ok, weekly_volume_dryup, weekly_strong",33,19,Stage 2,watchlist,weekly_breakout,62.62,-14,-0.30999999999999517,False,False,False,False,False
GUJALKALI.NS,Gujarat Alkalies and Chemicals Limited,Chemicals,Basic Materials,False,Cash,1,Stage 2 Failed,Stage 1,Failed Stage 2,0.72,"This stock was recently Stage 2, but the latest structure no longer satisfies Stage 2 rules. It is kept as Stage 2 Failed until a fresh base/repair structure forms.",Recent Stage 2 break; public stage held as Stage 2 Failed.,2026-10-06,2026-09-25,,watchlist,weekly_watchlist,watchlist,16.29,9.09,13.05,5.0,16.29,9.09,18.05,11.62,-0.72,53248284.74,"Stage 1, Stage 1 - Base/Repair, volume_dryup, weekly_volume_dryup, stage1_not_actionable, stage1_needs_more_base | Stage 2 failed state applied from stage memory.",602,588,Stage 2 Failed,watchlist,weekly_watchlist,18.56,-14,-0.509999999999998,False,False,False,False,False
UNIMECH.NS,Unimech Aerospace and Manufacturing Limited,Aerospace & Defense,Industrials,False,Cash,1,Stage 2,Stage 2,Extended Stage 2,0.78,"Advancing structure remains intact, but price is stretched versus key moving averages or far above the 52-week low.",,,2026-10-05,,watchlist,weekly_breakout,watchlist,37.45,65.8,50.21,10.0,37.45,65.8,60.21,62.7,119.49,523007022.38,"Stage 2, Extended Stage 2, trend_template_ok, weekly_vcp_ok, weekly_strong",42,28,Stage 2,watchlist,weekly_breakout,60.76,-14,-0.5499999999999972,False,False,False,False,False
HOMEFIRST.NS,Home First Finance Company India Limited,Mortgage Finance,Financial Services,False,Cash,1,Stage 2 Failed,Stage 1,Failed Stage 2,0.72,"This stock was recently Stage 2, but the latest structure no longer satisfies Stage 2 rules. It is kept as Stage 2 Failed until a fresh base/repair structure forms.",Recent Stage 2 break; public stage held as Stage 2 Failed.,2026-10-06,2026-09-23,,watchlist,weekly_watchlist,watchlist,0.0,41.8,18.81,0.0,0.0,41.8,18.81,-4.46,3.44,298461118.47,"Stage 1, Stage 1 - Base/Repair, weekly_vcp_ok, weekly_strong, stage1_not_actionable, stage1_needs_more_base | Stage 2 failed state applied from stage memory.",568,554,Stage 2 Failed,watchlist,weekly_watchlist,19.51,-14,-0.7000000000000028,False,False,False,False,False
IOLCP.NS,IOL Chemicals and Pharmaceuticals Limited,Drug Manufacturers - Specialty & Generic,Healthcare,False,Cash,1,Stage 2,Stage 2,Extended Stage 2,0.78,"Advancing structure remains intact, but price is stretched versus key moving averages or far above the 52-week low.",,,2026-10-05,,watchlist,weekly_near_pivot,watchlist,39.01,73.8,54.67,10.0,39.01,73.8,64.67,30.26,157.49,672742913.99,"Stage 2, Extended Stage 2, trend_template_ok, weekly_vcp_ok, volume_dryup, weekly_volume_dryup, weekly_strong",18,4,Stage 2,watchlist,weekly_near_pivot,69.71,-14,-5.039999999999992,False,False,False,False,False
CARRARO.NS,Carraro India Limited,Auto Parts,Consumer Cyclical,False,Cash,1,Stage 2 Failed,Stage 1,Failed Stage 2,0.72,"This stock was recently Stage 2, but the latest structure no longer satisfies Stage 2 rules. It is kept as Stage 2 Failed until a fresh base/repair structure forms.",Recent Stage 2 break; public stage held as Stage 2 Failed.,2026-10-06,2026-09-25,,watchlist,weekly_watchlist,watchlist,16.02,45.11,29.11,5.0,16.02,45.11,34.11,-0.49,11.59,60152438.85,"Stage 1, Stage 1 - Base/Repair, weekly_vcp_ok, volume_dryup, weekly_strong, stage1_not_actionable, stage1_needs_more_base | Stage 2 failed state applied from stage memory.",271,256,Stage 2 Failed,watchlist,weekly_watchlist,33.49,-15,0.6199999999999974,False,False,False,False,False
ATHERENERG.NS,Ather Energy Limited,Auto Manufacturers,Consumer Cyclical,False,Cash,1,Stage 2,Stage 2,Early Stage 2,0.72,"Price has moved above long-term structure, but the full moving-average stack is not clean yet.",,,2026-10-05,,watchlist,weekly_forming,watchlist,15.05,63.8,36.99,2.0,15.05,63.8,38.99,22.59,60.11,5387822279.68,"Stage 2, Early Stage 2, weekly_vcp_ok, volume_dryup, weekly_volume_dryup, weekly_strong",221,206,Stage 2,watchlist,weekly_forming,38.61,-15,0.38000000000000256,False,False,False,False,False
AJANTPHARM.NS,Ajanta Pharma Limited,Drug Manufacturers - Specialty & Generic,Healthcare,False,Cash,1,Stage 2,Stage 2,Clean Stage 2,0.9,"Price is above rising key averages, weekly structure is supportive, and the stock is near its 52-week high.",,,2026-10-05,,watchlist,weekly_watchlist,watchlist,45.9,26.7,37.26,10.0,45.9,26.7,47.26,13.66,29.35,335113499.76,"Stage 2, Clean Stage 2, trend_template_ok",134,119,Stage 2,watchlist,weekly_watchlist,47.46,-15,-0.20000000000000284,False,False,False,False,False
RITES.NS,RITES Limited,Engineering & Construction,Industrials,False,Cash,1,Stage 4,Stage 4,Stage 4 - Weak/Declining,0.72,Price is below long-term support with weak trend evidence.,,,,,watchlist,weekly_watchlist,watchlist,0.0,35.8,16.11,0.0,0.0,35.8,16.11,-3.82,1.95,823523938.01,"Stage 4, Stage 4 - Weak/Declining, weekly_vcp_ok, weekly_strong, downtrend",661,646,Stage 4,watchlist,weekly_watchlist,16.41,-15,-0.3000000000000007,False,False,False,False,False
ASTRAZEN.NS,AstraZeneca Pharma India Limited,Drug Manufacturers - Specialty & Generic,Healthcare,False,Cash,1,Stage 4,Stage 4,Stage 4 - Confirmed Downtrend,0.86,Price is below a bearish moving-average stack with falling trend signals.,,,,,watchlist,weekly_watchlist,watchlist,6.41,36.9,20.13,10.0,6.41,36.9,30.13,-21.37,-30.31,55043814.67,"Stage 4, Stage 4 - Confirmed Downtrend, weekly_vcp_ok, weekly_strong, downtrend",309,294,Stage 4,watchlist,weekly_watchlist,30.49,-15,-0.35999999999999943,False,False,False,False,False
DCAL.NS,Dishman Carbogen Amcis Limited,Biotechnology,Healthcare,False,Cash,1,Stage 4,Stage 4,Stage 4 - Confirmed Downtrend,0.86,Price is below a bearish moving-average stack with falling trend signals.,,,,,watchlist,weekly_watchlist,watchlist,1.95,35.8,17.18,5.0,1.95,35.8,22.18,-15.73,-2.24,35410364.0,"Stage 4, Stage 4 - Confirmed Downtrend, weekly_vcp_ok, volume_dryup, weekly_volume_dryup, weekly_strong, downtrend",470,455,Stage 4,watchlist,weekly_watchlist,23.0,-15,-0.8200000000000003,False,False,False,False,False
ANANDRATHI.NS,Anand Rathi Wealth Limited,Asset Management,Financial Services,False,Cash,1,Stage 2,Stage 2,Early Stage 2,0.72,"Price has moved above long-term structure, but the full moving-average stack is not clean yet.",,,2026-10-05,,watchlist,weekly_watchlist,watchlist,15.01,32.36,22.82,0.0,15.01,32.36,22.82,6.85,20.79,789303426.26,"Stage 2, Early Stage 2",448,433,Stage 2,watchlist,weekly_watchlist,23.8,-15,-0.9800000000000004,False,False,False,False,False
IOC.NS,Indian Oil Corporation Limited,Oil & Gas Refining & Marketing,Energy,True,F&O,1,Stage 4,Stage 4,Stage 4 - Confirmed Downtrend,0.86,Price is below a bearish moving-average stack with falling trend signals.,,,,,watchlist,weekly_watchlist,watchlist,10.48,36.9,22.37,5.0,10.48,36.9,27.37,0.18,-5.05,1022871054.61,"Stage 4, Stage 4 - Confirmed Downtrend, weekly_vcp_ok, weekly_strong, downtrend",340,325,Stage 4,watchlist,weekly_watchlist,28.49,-15,-1.1199999999999974,False,False,False,False,False
SANGHVIMOV.NS,Sanghvi Movers Limited,Industrials,Industrials,False,Cash,1,Stage 2 Failed,Stage 3,Failed Stage 2,0.72,"This stock was recently Stage 2, but the latest structure no longer satisfies Stage 2 rules. It is kept as Stage 2 Failed until a fresh base/repair structure forms.",Recent Stage 2 break; public stage held as Stage 2 Failed.,2026-10-06,2026-09-18,,watchlist,weekly_watchlist,watchlist,18.14,3.78,11.68,0.0,18.14,3.78,11.68,-4.63,42.43,123874405.28,"Stage 3, Stage 3 - Transition, volume_dryup, distribution_risk | Stage 2 failed state applied from stage memory.",721,706,Stage 2 Failed,watchlist,weekly_watchlist,14.69,-15,-3.01,False,False,False,False,False
KSB.NS,Ksb Limited,Specialty Industrial Machinery,Industrials,False,Cash,1,Stage 1,Stage 1,Stage 1 - Base/Repair,0.7,Price is near long-term moving averages with no strong long-term downtrend signal.,,,2026-08-04,,watchlist,weekly_watchlist,watchlist,12.1,42.9,25.96,10.0,12.1,42.9,35.96,-8.62,-8.14,361111388.88,"Stage 1, Stage 1 - Base/Repair, weekly_vcp_ok, weekly_strong, stage1_not_actionable, stage1_needs_more_base",252,236,Stage 1,watchlist,weekly_watchlist,35.84,-16,0.11999999999999744,False,False,False,False,False
SAMBHV.NS,Sambhv Steel Tubes Limited,Steel,Basic Materials,False,Cash,1,Stage 2,Stage 2,Extended Stage 2,0.78,"Advancing structure remains intact, but price is stretched versus key moving averages or far above the 52-week low.",,,2026-10-05,,watchlist,weekly_watchlist,watchlist,60.1,24.8,44.22,5.0,60.1,24.8,49.22,41.33,41.37,1140499172.27,"Stage 2, Extended Stage 2, trend_template_ok, weekly_volume_dryup",118,102,Stage 2,watchlist,weekly_watchlist,49.22,-16,0.0,False,False,False,False,False
DEEPINDS.NS,Deep Industries Limited,Energy,Energy,False,Cash,1,Stage 2,Stage 2,Extended Stage 2,0.78,"Advancing structure remains intact, but price is stretched versus key moving averages or far above the 52-week low.",,,2026-10-05,,watchlist,weekly_watchlist,watchlist,39.62,24.8,32.95,5.0,39.62,24.8,37.95,66.21,63.64,227656058.46,"Stage 2, Extended Stage 2, trend_template_ok, volume_dryup, weekly_volume_dryup",230,214,Stage 2,watchlist,weekly_watchlist,37.95,-16,0.0,False,False,False,False,False
ELGIEQUIP.NS,Elgi Equipments Limited,Specialty Industrial Machinery,Industrials,False,Cash,1,Stage 2,Stage 2,Early Stage 2,0.72,"Price has moved above long-term structure, but the full moving-average stack is not clean yet.",,,2026-10-05,,watchlist,weekly_watchlist,watchlist,18.67,23.07,20.65,10.0,18.67,23.07,30.65,9.09,17.59,185742097.1,"Stage 2, Early Stage 2, volume_dryup, weekly_volume_dryup",307,291,Stage 2,watchlist,weekly_watchlist,30.71,-16,-0.060000000000002274,False,False,False,False,False
BLACKBUCK.NS,BLACKBUCK LIMITED,Software - Application,Technology,False,Cash,1,Stage 2,Stage 2,Early Stage 2,0.72,"Price has moved above long-term structure, but the full moving-average stack is not clean yet.",,,2026-10-05,,watchlist,weekly_near_pivot,watchlist,28.64,67.27,46.02,5.0,28.64,67.27,51.02,10.77,3.97,561752313.51,"Stage 2, Early Stage 2, weekly_vcp_ok, weekly_volume_dryup, weekly_strong",99,83,Stage 2,watchlist,weekly_near_pivot,51.32,-16,-0.29999999999999716,False,False,False,False,False
IPCALAB.NS,IPCA Laboratories Limited,Drug Manufacturers - Specialty & Generic,Healthcare,False,Cash,1,Stage 2,Stage 2,Clean Stage 2,0.9,"Price is above rising key averages, weekly structure is supportive, and the stock is near its 52-week high.",,,2026-10-05,,watchlist,weekly_watchlist,watchlist,50.39,29.78,41.12,10.0,50.39,29.78,51.12,14.9,34.9,480300690.42,"Stage 2, Clean Stage 2, trend_template_ok, volume_dryup, weekly_volume_dryup",97,81,Stage 2,watchlist,weekly_watchlist,51.84,-16,-0.720000000000006,False,False,False,False,False
NEULANDLAB.NS,Neuland Laboratories Limited,Drug Manufacturers - Specialty & Generic,Healthcare,False,Cash,1,Stage 2,Stage 2,Early Stage 2,0.72,"Price has moved above long-term structure, but the full moving-average stack is not clean yet.",,,2026-10-05,,watchlist,weekly_forming,watchlist,22.06,64.25,41.05,10.0,22.06,64.25,51.05,16.93,47.62,1144188407.25,"Stage 2, Early Stage 2, weekly_vcp_ok, volume_dryup, weekly_strong",98,82,Stage 2,watchlist,weekly_forming,51.82,-16,-0.7700000000000031,False,False,False,False,False
NIACL.NS,The New India Assurance Company Limited,Financial Services,Financial Services,False,Cash,1,Stage 2 Failed,Stage 1,Failed Stage 2,0.72,"This stock was recently Stage 2, but the latest structure no longer satisfies Stage 2 rules. It is kept as Stage 2 Failed until a fresh base/repair structure forms.",Recent Stage 2 break; public stage held as Stage 2 Failed.,2026-10-06,2026-09-25,,watchlist,weekly_watchlist,watchlist,0.0,2.0,0.9,0.0,0.0,2.0,0.9,-7.98,-4.77,938270546.91,"Stage 1, Stage 1 - Base/Repair, volume_dryup, weekly_volume_dryup, stage1_not_actionable, stage1_needs_more_base | Stage 2 failed state applied from stage memory.",895,879,Stage 2 Failed,watchlist,weekly_watchlist,1.8,-16,-0.9,False,False,False,False,False
KSL.NS,Kalyani Steels Limited,Steel,Basic Materials,False,Cash,1,Stage 2,Stage 2,Clean Stage 2,0.9,"Price is above rising key averages, weekly structure is supportive, and the stock is near its 52-week high.",,,2026-10-05,,watchlist,weekly_near_pivot,watchlist,37.66,71.08,52.7,5.0,37.66,71.08,57.7,6.79,46.02,158761231.38,"Stage 2, Clean Stage 2, trend_template_ok, weekly_vcp_ok, weekly_strong",53,37,Stage 2,watchlist,weekly_near_pivot,59.51,-16,-1.8099999999999952,False,False,False,False,False
FINCABLES.NS,Finolex Cables Limited,Electrical Equipment & Parts,Industrials,False,Cash,1,Stage 2,Stage 2,Extended Stage 2,0.78,"Advancing structure remains intact, but price is stretched versus key moving averages or far above the 52-week low.",,,2026-10-05,,watchlist,weekly_watchlist,watchlist,40.88,37.6,39.4,10.0,40.88,37.6,49.4,46.47,75.95,1569922992.03,"Stage 2, Extended Stage 2, trend_template_ok, volume_dryup, weekly_volume_dryup",116,99,Stage 2,watchlist,weekly_watchlist,49.4,-17,0.0,False,False,False,False,False
AJAXENGG.NS,Ajax Engineering Limited,Farm & Heavy Construction Machinery,Industrials,False,Cash,1,Stage 2,Stage 2,Stage 2,0.76,Advancing structure detected.,,,2026-10-05,,watchlist,weekly_near_pivot,watchlist,33.57,70.98,50.4,2.0,33.57,70.98,52.4,14.05,26.72,95951386.14,"Stage 2, Stage 2, weekly_vcp_ok, weekly_volume_dryup, weekly_strong",81,64,Stage 2,watchlist,weekly_near_pivot,53.61,-17,-1.2100000000000009,False,False,False,False,False
JTLIND.NS,JTL INDUSTRIES LIMITED,Steel,Basic Materials,False,Cash,1,Stage 2,Stage 2,Messy Stage 2,0.64,"Long-term structure is still constructive, but the short-term/weekly structure is not clean.",,,2026-10-05,,watchlist,weekly_forming,watchlist,36.5,62.36,48.14,5.0,36.5,62.36,53.14,13.1,32.46,227268295.8,"Stage 2, Messy Stage 2, trend_template_ok, weekly_vcp_ok, volume_dryup, weekly_volume_dryup, weekly_strong",78,61,Stage 2,watchlist,weekly_forming,54.46,-17,-1.3200000000000003,False,False,False,False,False
VGUARD.NS,V-Guard Industries Limited,Electrical Equipment & Parts,Industrials,False,Cash,1,Stage 2 Failed,Stage 4,Failed Stage 2,0.72,"This stock was recently Stage 2, but the latest structure no longer satisfies Stage 2 rules. It is kept as Stage 2 Failed until a fresh base/repair structure forms.",Recent Stage 2 break; public stage held as Stage 2 Failed.,2026-10-06,2026-09-21,,watchlist,weekly_watchlist,watchlist,11.32,35.8,22.34,10.0,11.32,35.8,32.34,5.11,-5.38,115383503.55,"Stage 4, Stage 4 - Weak/Declining, weekly_vcp_ok, volume_dryup, weekly_volume_dryup, weekly_strong, downtrend | Stage 2 failed state applied from stage memory.",289,271,Stage 2 Failed,watchlist,weekly_watchlist,32.34,-18,0.0,False,False,False,False,False
DCBBANK.NS,DCB Bank Limited,Banks - Regional,Financial Services,False,Cash,1,Stage 2,Stage 2,Early Stage 2,0.72,"Price has moved above long-term structure, but the full moving-average stack is not clean yet.",,,2026-10-05,,watchlist,weekly_near_pivot,watchlist,16.67,68.98,40.21,2.0,16.67,68.98,42.21,12.57,8.24,299209504.2,"Stage 2, Early Stage 2, weekly_vcp_ok, volume_dryup, weekly_volume_dryup, weekly_strong",183,165,Stage 2,watchlist,weekly_near_pivot,42.34,-18,-0.13000000000000256,False,False,False,False,False
RPTECH.NS,Rashi Peripherals Limited,Technology,Technology,False,Cash,1,Stage 2,Stage 2,Extended Stage 2,0.78,"Advancing structure remains intact, but price is stretched versus key moving averages or far above the 52-week low.",,,2026-10-05,,watchlist,weekly_watchlist,watchlist,40.94,37.6,39.44,10.0,40.94,37.6,49.44,27.88,138.13,345280567.39,"Stage 2, Extended Stage 2, trend_template_ok",115,97,Stage 2,watchlist,weekly_watchlist,49.61,-18,-0.1700000000000017,False,False,False,False,False
GAIL.NS,GAIL (India) Limited,Utilities,Utilities,True,F&O,1,Stage 2,Stage 2,Messy Stage 2,0.64,"Long-term structure is still constructive, but the short-term/weekly structure is not clean.",,,2026-10-05,,watchlist,weekly_near_pivot,watchlist,35.51,67.51,49.91,0.0,35.51,67.51,49.91,3.97,13.11,1056203820.93,"Stage 2, Messy Stage 2, daily_vcp_ok, weekly_vcp_ok, weekly_volume_dryup, weekly_strong",110,92,Stage 2,watchlist,weekly_near_pivot,50.14,-18,-0.23000000000000398,False,False,False,False,False
ORIENTELEC.NS,Orient Electric Limited,"Furnishings, Fixtures & Appliances",Consumer Cyclical,False,Cash,1,Stage 4,Stage 4,Stage 4 - Weak/Declining,0.72,Price is below long-term support with weak trend evidence.,,,2026-09-04,,watchlist,weekly_watchlist,watchlist,1.99,36.02,17.3,0.0,1.99,36.02,17.3,0.3,1.9,24459354.06,"Stage 4, Stage 4 - Weak/Declining, weekly_vcp_ok, volume_dryup, weekly_volume_dryup, weekly_strong, downtrend",613,595,Stage 4,watchlist,weekly_watchlist,18.35,-18,-1.0500000000000007,False,False,False,False,False
OLECTRA.NS,Olectra Greentech Limited,Farm & Heavy Construction Machinery,Industrials,False,Cash,1,Stage 4,Stage 4,Stage 4 - Weak/Declining,0.72,Price is below long-term support with weak trend evidence.,,,2026-08-13,,watchlist,weekly_watchlist,watchlist,6.95,0.0,3.82,2.0,6.95,0.0,5.82,-17.86,-8.21,441537941.34,"Stage 4, Stage 4 - Weak/Declining, weekly_volume_dryup, downtrend",810,792,Stage 4,watchlist,weekly_watchlist,7.06,-18,-1.2399999999999993,False,False,False,False,False
TFCILTD.NS,Tourism Finance Corporation of India Limited,Credit Services,Financial Services,False,Cash,1,Stage 2,Stage 2,Extended Stage 2,0.78,"Advancing structure remains intact, but price is stretched versus key moving averages or far above the 52-week low.",,,2026-10-05,,watchlist,weekly_watchlist,watchlist,36.25,30.4,33.62,0.0,36.25,30.4,33.62,92.77,104.83,1645758694.64,"Stage 2, Extended Stage 2, trend_template_ok, weekly_volume_dryup",274,255,Stage 2,watchlist,weekly_watchlist,33.62,-19,0.0,False,False,False,False,False
ARVIND.NS,Arvind Limited,Textile Manufacturing,Consumer Cyclical,False,Cash,1,Stage 2,Stage 2,Early Stage 2,0.72,"Price has moved above long-term structure, but the full moving-average stack is not clean yet.",,,2026-10-05,,watchlist,weekly_watchlist,watchlist,21.1,21.27,21.18,10.0,21.1,21.27,31.18,5.72,39.01,354396804.28,"Stage 2, Early Stage 2, volume_dryup, weekly_volume_dryup",299,280,Stage 2,watchlist,weekly_watchlist,31.66,-19,-0.4800000000000004,False,False,False,False,False
PATANJALI.NS,Patanjali Foods Limited,Packaged Foods,Consumer Defensive,True,F&O,1,Stage 4,Stage 4,Stage 4 - Weak/Declining,0.72,Price is below long-term support with weak trend evidence.,,,,,watchlist,weekly_watchlist,watchlist,12.17,0.0,6.69,2.0,12.17,0.0,8.69,-7.07,-19.45,2172022783.15,"Stage 4, Stage 4 - Weak/Declining, volume_dryup, weekly_volume_dryup, downtrend",769,750,Stage 4,watchlist,weekly_watchlist,10.04,-19,-1.3499999999999996,False,False,False,False,False
OBEROIRLTY.NS,Oberoi Realty Limited,Real Estate,Real Estate,True,F&O,1,Stage 2 Failed,Stage 3,Failed Stage 2,0.72,"This stock was recently Stage 2, but the latest structure no longer satisfies Stage 2 rules. It is kept as Stage 2 Failed until a fresh base/repair structure forms.",Recent Stage 2 break; public stage held as Stage 2 Failed.,2026-10-06,2026-09-28,,watchlist,weekly_watchlist,watchlist,0.0,0.0,0.0,2.0,0.0,0.0,2.0,-1.75,7.03,767487904.01,"Stage 3, Stage 3 - Distribution/Damage, weekly_volume_dryup, distribution_risk | Stage 2 failed state applied from stage memory.",868,849,Stage 2 Failed,watchlist,weekly_watchlist,3.54,-19,-1.54,False,False,False,False,False
TVSSRICHAK.NS,TVS Srichakra Limited,Auto Parts,Consumer Cyclical,False,Cash,1,Stage 2,Stage 2,Early Stage 2,0.72,"Price has moved above long-term structure, but the full moving-average stack is not clean yet.",,,2026-10-05,,watchlist,weekly_forming,watchlist,7.45,61.85,31.93,5.0,7.45,61.85,36.93,11.36,18.16,39553766.16,"Stage 2, Early Stage 2, weekly_vcp_ok, volume_dryup, weekly_volume_dryup, weekly_strong",240,220,Stage 2,watchlist,weekly_forming,37.39,-20,-0.46000000000000085,False,False,False,False,False
THYROCARE.NS,Thyrocare Technologies Limited,Diagnostics & Research,Healthcare,False,Cash,1,Stage 2,Stage 2,Early Stage 2,0.72,"Price has moved above long-term structure, but the full moving-average stack is not clean yet.",,,2026-10-05,,watchlist,weekly_watchlist,watchlist,18.52,19.49,18.96,10.0,18.52,19.49,28.96,3.56,35.35,121915805.54,"Stage 2, Early Stage 2, volume_dryup, weekly_volume_dryup",323,303,Stage 2,watchlist,weekly_watchlist,29.87,-20,-0.9100000000000001,False,False,False,False,False
IRFC.NS,Indian Railway Finance Corporation Limited,Credit Services,Financial Services,True,F&O,1,Stage 4,Stage 4,Stage 4 - Confirmed Downtrend,0.86,Price is below a bearish moving-average stack with falling trend signals.,,,,,watchlist,weekly_watchlist,watchlist,1.9,35.8,17.16,0.0,1.9,35.8,17.16,-9.61,-21.22,712647180.26,"Stage 4, Stage 4 - Confirmed Downtrend, weekly_vcp_ok, weekly_strong, downtrend",616,596,Stage 4,watchlist,weekly_watchlist,18.28,-20,-1.120000000000001,False,False,False,False,False
DEEDEV.NS,DEE Development Engineers Limited,Metal Fabrication,Industrials,False,Cash,1,Stage 2,Stage 2,Stage 2,0.76,Advancing structure detected.,,,2026-10-05,,watchlist,weekly_watchlist,watchlist,19.27,33.2,25.54,10.0,19.27,33.2,35.54,0.98,90.87,128275745.73,"Stage 2, Stage 2, volume_dryup, weekly_volume_dryup",258,237,Stage 2,watchlist,weekly_watchlist,35.65,-21,-0.10999999999999943,False,False,False,False,False
SOUTHBANK.NS,The South Indian Bank Limited,Banks - Regional,Financial Services,False,Cash,1,Stage 2,Stage 2,Clean Stage 2,0.9,"Price is above rising key averages, weekly structure is supportive, and the stock is near its 52-week high.",,,2026-10-05,,watchlist,weekly_watchlist,watchlist,39.2,31.8,35.87,2.0,39.2,31.8,37.87,8.74,25.24,607025792.9,"Stage 2, Clean Stage 2, trend_template_ok",232,211,Stage 2,watchlist,weekly_watchlist,38.08,-21,-0.21000000000000085,False,False,False,False,False
PAYTM.NS,One 97 Communications Limited,Software - Infrastructure,Technology,True,F&O,1,Stage 2,Stage 2,Clean Stage 2,0.9,"Price is above rising key averages, weekly structure is supportive, and the stock is near its 52-week high.",,,2026-10-05,,watchlist,weekly_breakout,watchlist,39.17,65.8,51.15,0.0,39.17,65.8,51.15,30.88,53.9,7045697106.21,"Stage 2, Clean Stage 2, trend_template_ok, weekly_vcp_ok, volume_dryup, weekly_volume_dryup, weekly_strong",96,75,Stage 2,watchlist,weekly_breakout,52.14,-21,-0.990000000000002,False,False,False,False,False
BECTORFOOD.NS,Mrs. Bectors Food Specialities Limited,Packaged Foods,Consumer Defensive,False,Cash,1,Stage 2 Failed,Not Sure,Failed Stage 2,0.72,"This stock was recently Stage 2, but the latest structure no longer satisfies Stage 2 rules. It is kept as Stage 2 Failed until a fresh base/repair structure forms.",Recent Stage 2 break; public stage held as Stage 2 Failed.,2026-10-06,2026-09-21,,watchlist,weekly_watchlist,watchlist,5.27,49.82,25.32,2.0,5.27,49.82,27.32,29.0,11.16,227390072.98,"Not Sure, Not Sure, weekly_vcp_ok, volume_dryup, weekly_volume_dryup, weekly_strong | Stage 2 failed state applied from stage memory.",342,321,Stage 2 Failed,watchlist,weekly_watchlist,28.8,-21,-1.4800000000000004,False,False,False,False,False
METROPOLIS.NS,Metropolis Healthcare Limited,Diagnostics & Research,Healthcare,False,Cash,1,Stage 2,Stage 2,Early Stage 2,0.72,"Price has moved above long-term structure, but the full moving-average stack is not clean yet.",,,2026-10-05,,watchlist,weekly_watchlist,watchlist,17.46,28.25,22.32,10.0,17.46,28.25,32.32,1.94,20.6,128793214.56,"Stage 2, Early Stage 2",290,268,Stage 2,watchlist,weekly_watchlist,32.8,-22,-0.4799999999999969,False,False,False,False,False
HBLENGINE.NS,HBL Engineering Limited,Electrical Equipment & Parts,Industrials,False,Cash,1,Not Sure,Not Sure,Not Sure,0.0,Stage rules did not identify a reliable structure.,No confident stage classification.,,2026-06-26,,watchlist,weekly_watchlist,watchlist,19.04,20.72,19.8,10.0,19.04,20.72,29.8,4.57,2.62,1610880200.16,"Not Sure, Not Sure, weekly_volume_dryup",311,289,Not Sure,watchlist,weekly_watchlist,30.86,-22,-1.0599999999999987,False,False,False,False,False
POCL.NS,Pondy Oxides & Chemicals Limited,Specialty Chemicals,Basic Materials,False,Cash,1,Stage 4,Stage 4,Stage 4 - Confirmed Downtrend,0.86,Price is below a bearish moving-average stack with falling trend signals.,,,2026-08-03,,watchlist,weekly_watchlist,watchlist,0.0,22.1,9.95,10.0,0.0,22.1,19.95,-16.09,-4.93,172628679.02,"Stage 4, Stage 4 - Confirmed Downtrend, weekly_vcp_ok, volume_dryup, weekly_volume_dryup, downtrend",543,521,Stage 4,watchlist,weekly_watchlist,21.11,-22,-1.1600000000000001,False,False,False,False,False
SEAMECLTD.NS,Seamec Limited,Marine Shipping,Industrials,False,Cash,1,Stage 2,Stage 2,Early Stage 2,0.72,"Price has moved above long-term structure, but the full moving-average stack is not clean yet.",,,2026-10-05,,watchlist,weekly_watchlist,watchlist,18.13,18.82,18.44,10.0,18.13,18.82,28.44,14.34,5.84,99253186.02,"Stage 2, Early Stage 2, volume_dryup, weekly_volume_dryup",329,307,Stage 2,watchlist,weekly_watchlist,29.66,-22,-1.2199999999999989,False,False,False,False,False
CIEINDIA.NS,CIE Automotive India Limited,Auto Parts,Consumer Cyclical,False,Cash,1,Stage 4,Stage 4,Stage 4 - Weak/Declining,0.72,Price is below long-term support with weak trend evidence.,,,2026-07-22,,watchlist,weekly_watchlist,watchlist,0.0,0.0,0.0,5.0,0.0,0.0,5.0,-13.74,-20.02,87773457.05,"Stage 4, Stage 4 - Weak/Declining, volume_dryup, weekly_volume_dryup, downtrend",821,799,Stage 4,watchlist,weekly_watchlist,6.8,-22,-1.7999999999999998,False,False,False,False,False
BOSCHLTD.NS,Bosch Limited,Auto Parts,Consumer Cyclical,True,F&O,1,Stage 2,Stage 2,Early Stage 2,0.72,"Price has moved above long-term structure, but the full moving-average stack is not clean yet.",,,2026-10-05,,watchlist,weekly_forming,watchlist,42.04,61.39,50.75,5.0,42.04,61.39,55.75,11.9,24.02,1110191067.0,"Stage 2, Early Stage 2, daily_vcp_ok, weekly_vcp_ok, volume_dryup, weekly_volume_dryup, weekly_strong",62,40,Stage 2,watchlist,weekly_forming,59.05,-22,-3.299999999999997,False,False,False,False,False
SCHAEFFLER.NS,Schaeffler India Limited,Auto Parts,Consumer Cyclical,False,Cash,1,Stage 1,Stage 1,Stage 1 - Base/Repair,0.7,Price is near long-term moving averages with no strong long-term downtrend signal.,,,2026-07-29,,watchlist,weekly_watchlist,watchlist,17.86,44.0,29.62,5.0,17.86,44.0,34.62,-1.0,-0.6,199652636.24,"Stage 1, Stage 1 - Base/Repair, weekly_vcp_ok, volume_dryup, weekly_strong, stage1_not_actionable, stage1_needs_more_base",266,243,Stage 1,watchlist,weekly_watchlist,34.79,-23,-0.1700000000000017,False,False,False,False,False
ARE&M.NS,Amara Raja Energy & Mobility Limited,Electrical Equipment & Parts,Industrials,False,Cash,1,Stage 4,Stage 4,Stage 4 - Weak/Declining,0.72,Price is below long-term support with weak trend evidence.,,,2026-08-28,,watchlist,weekly_watchlist,watchlist,9.2,35.8,21.17,10.0,9.2,35.8,31.17,-11.4,2.01,306706841.12,"Stage 4, Stage 4 - Weak/Declining, weekly_vcp_ok, volume_dryup, weekly_volume_dryup, weekly_strong, downtrend",300,277,Stage 4,watchlist,weekly_watchlist,31.71,-23,-0.5399999999999991,False,False,False,False,False
GRSE.NS,Garden Reach Shipbuilders & Engineers Limited,Aerospace & Defense,Industrials,False,Cash,1,Stage 4,Stage 4,Stage 4 - Weak/Declining,0.72,Price is below long-term support with weak trend evidence.,,,2026-07-08,,watchlist,weekly_watchlist,watchlist,10.71,35.8,22.0,10.0,10.71,35.8,32.0,-14.85,-14.17,735527733.87,"Stage 4, Stage 4 - Weak/Declining, weekly_vcp_ok, volume_dryup, weekly_volume_dryup, weekly_strong, downtrend",293,270,Stage 4,watchlist,weekly_watchlist,32.78,-23,-0.7800000000000011,False,False,False,False,False
MANKIND.NS,Mankind Pharma Limited,Drug Manufacturers - Specialty & Generic,Healthcare,True,F&O,1,Stage 2,Stage 2,Stage 2,0.76,Advancing structure detected.,,,2026-10-05,,watchlist,weekly_watchlist,watchlist,23.27,29.67,26.15,10.0,23.27,29.67,36.15,3.64,21.09,1353212545.52,"Stage 2, Stage 2",248,225,Stage 2,watchlist,weekly_watchlist,37.07,-23,-0.9200000000000017,False,False,False,False,False
MBAPL.NS,Madhya Bharat Agro Products Limited,Agricultural Inputs,Basic Materials,False,Cash,1,Stage 2,Stage 2,Clean Stage 2,0.9,"Price is above rising key averages, weekly structure is supportive, and the stock is near its 52-week high.",,,2026-10-05,,watchlist,weekly_watchlist,watchlist,39.88,31.6,36.15,0.0,39.88,31.6,36.15,33.2,60.34,144612538.61,"Stage 2, Clean Stage 2, trend_template_ok",247,224,Stage 2,watchlist,weekly_watchlist,37.08,-23,-0.9299999999999997,False,False,False,False,False
MANAPPURAM.NS,Manappuram Finance Limited,Credit Services,Financial Services,True,F&O,1,Stage 2 Failed,Stage 3,Failed Stage 2,0.72,"This stock was recently Stage 2, but the latest structure no longer satisfies Stage 2 rules. It is kept as Stage 2 Failed until a fresh base/repair structure forms.",Recent Stage 2 break; public stage held as Stage 2 Failed.,2026-10-06,2026-09-25,,watchlist,weekly_watchlist,watchlist,0.0,41.15,18.52,0.0,0.0,41.15,18.52,-4.22,17.71,1360656761.7,"Stage 3, Stage 3 - Distribution/Damage, weekly_vcp_ok, weekly_volume_dryup, weekly_strong, distribution_risk | Stage 2 failed state applied from stage memory.",578,555,Stage 2 Failed,watchlist,weekly_watchlist,19.48,-23,-0.9600000000000009,False,False,False,False,False
JWL.NS,Jupiter Wagons Limited,Industrials,Industrials,False,Cash,1,Stage 4,Stage 4,Stage 4 - Confirmed Downtrend,0.86,Price is below a bearish moving-average stack with falling trend signals.,,,,,watchlist,weekly_watchlist,watchlist,5.2,36.9,19.46,0.0,5.2,36.9,19.46,-7.89,-13.38,442032593.64,"Stage 4, Stage 4 - Confirmed Downtrend, weekly_vcp_ok, weekly_strong, downtrend",553,530,Stage 4,watchlist,weekly_watchlist,20.76,-23,-1.3000000000000007,False,False,False,False,False
POWERMECH.NS,Power Mech Projects Limited,Engineering & Construction,Industrials,False,Cash,1,Stage 3,Stage 3,Stage 3 - Distribution/Damage,0.76,"Prior strength exists, but short-term and/or weekly structure is deteriorating.",,,2026-07-29,,watchlist,weekly_watchlist,watchlist,9.53,6.3,8.08,0.0,9.53,6.3,8.08,-3.42,10.46,131894146.34,"Stage 3, Stage 3 - Distribution/Damage, distribution_risk",772,749,Stage 3,watchlist,weekly_watchlist,10.17,-23,-2.09,False,False,False,False,False
TEGA.NS,Tega Industries Limited,Specialty Industrial Machinery,Industrials,False,Cash,1,Stage 2,Stage 2,Extended Stage 2,0.78,"Advancing structure remains intact, but price is stretched versus key moving averages or far above the 52-week low.",,,2026-10-05,,watchlist,weekly_watchlist,watchlist,32.79,26.99,30.18,10.0,32.79,26.99,40.18,30.78,23.16,1852802304.16,"Stage 2, Extended Stage 2",204,180,Stage 2,watchlist,weekly_watchlist,40.92,-24,-0.740000000000002,False,False,False,False,False
ALKEM.NS,Alkem Laboratories Limited,Drug Manufacturers - Specialty & Generic,Healthcare,True,F&O,1,Stage 4,Stage 4,Stage 4 - Confirmed Downtrend,0.86,Price is below a bearish moving-average stack with falling trend signals.,,,2026-08-11,,watchlist,weekly_watchlist,watchlist,0.0,35.8,16.11,10.0,0.0,35.8,26.11,-1.51,-1.71,800134063.55,"Stage 4, Stage 4 - Confirmed Downtrend, weekly_vcp_ok, weekly_strong, downtrend",370,346,Stage 4,watchlist,weekly_watchlist,26.9,-24,-0.7899999999999991,False,False,False,False,False
KKCL.NS,Kewal Kiran Clothing Limited,Apparel Manufacturing,Consumer Cyclical,False,Cash,1,Stage 2 Failed,Stage 4,Failed Stage 2,0.72,"This stock was recently Stage 2, but the latest structure no longer satisfies Stage 2 rules. It is kept as Stage 2 Failed until a fresh base/repair structure forms.",Recent Stage 2 break; public stage held as Stage 2 Failed.,2026-10-06,2026-09-18,,watchlist,weekly_watchlist,watchlist,4.2,36.31,18.65,0.0,4.2,36.31,18.65,0.39,4.71,15279671.49,"Stage 4, Stage 4 - Weak/Declining, weekly_vcp_ok, volume_dryup, weekly_volume_dryup, weekly_strong, downtrend | Stage 2 failed state applied from stage memory.",572,548,Stage 2 Failed,watchlist,weekly_watchlist,19.83,-24,-1.1799999999999997,False,False,False,False,False
AADHARHFC.NS,Aadhar Housing Finance Limited,Mortgage Finance,Financial Services,False,Cash,1,Stage 4,Stage 4,Stage 4 - Weak/Declining,0.72,Price is below long-term support with weak trend evidence.,,,2026-08-13,,watchlist,weekly_watchlist,watchlist,5.28,36.9,19.51,0.0,5.28,36.9,19.51,-10.0,-4.35,165729945.62,"Stage 4, Stage 4 - Weak/Declining, weekly_vcp_ok, weekly_strong, downtrend",550,526,Stage 4,watchlist,weekly_watchlist,20.94,-24,-1.4299999999999997,False,False,False,False,False
CHOICEIN.NS,Choice International Limited,Capital Markets,Financial Services,False,Cash,1,Stage 4,Stage 4,Stage 4 - Weak/Declining,0.72,Price is below long-term support with weak trend evidence.,,,2026-08-24,,watchlist,weekly_watchlist,watchlist,0.0,35.8,16.11,0.0,0.0,35.8,16.11,-7.81,6.81,328520223.45,"Stage 4, Stage 4 - Weak/Declining, weekly_vcp_ok, weekly_strong, downtrend",659,634,Stage 4,watchlist,weekly_watchlist,16.72,-25,-0.6099999999999994,False,False,False,False,False
GLAXO.NS,GlaxoSmithKline Pharmaceuticals Limited,Drug Manufacturers - General,Healthcare,False,Cash,1,Stage 2,Stage 2,Early Stage 2,0.72,"Price has moved above long-term structure, but the full moving-average stack is not clean yet.",,,2026-10-05,,watchlist,weekly_forming,watchlist,17.21,61.44,37.11,5.0,17.21,61.44,42.11,17.52,18.85,198135727.34,"Stage 2, Early Stage 2, weekly_vcp_ok, volume_dryup, weekly_volume_dryup, weekly_strong",185,160,Stage 2,watchlist,weekly_forming,42.95,-25,-0.8400000000000034,False,False,False,False,False
PGIL.NS,Pearl Global Industries Limited,Apparel Manufacturing,Consumer Cyclical,False,Cash,1,Stage 2,Stage 2,Clean Stage 2,0.9,"Price is above rising key averages, weekly structure is supportive, and the stock is near its 52-week high.",,,2026-10-05,,watchlist,weekly_watchlist,watchlist,38.33,35.2,36.92,0.0,38.33,35.2,36.92,32.59,66.68,302311564.73,"Stage 2, Clean Stage 2, trend_template_ok, weekly_volume_dryup",241,216,Stage 2,watchlist,weekly_watchlist,37.81,-25,-0.8900000000000006,False,False,False,False,False
PGHL.NS,Procter & Gamble Health Limited,Drug Manufacturers - Specialty & Generic,Healthcare,False,Cash,1,Not Sure,Stage 4,Pending Stage 4,0.55,Blocked public stage jump Stage 1 -> Stage 4; waiting for intermediate/confirmed structure.,Blocked public stage jump Stage 1 -> Stage 4; waiting for intermediate/confirmed structure.,,2026-09-07,Stage 4,watchlist,weekly_watchlist,watchlist,0.0,0.0,0.0,10.0,0.0,0.0,10.0,-14.49,12.2,71151135.62,"Stage 4, Stage 4 - Weak/Declining, downtrend | Blocked public stage jump Stage 1 -> Stage 4; waiting for intermediate/confirmed structure.",752,727,Stage 1,watchlist,weekly_watchlist,12.87,-25,-2.869999999999999,False,False,False,False,False
BANKINDIA.NS,Bank of India,Banks - Regional,Financial Services,True,F&O,1,Stage 4,Stage 4,Stage 4 - Confirmed Downtrend,0.86,Price is below a bearish moving-average stack with falling trend signals.,,,2026-08-27,,watchlist,weekly_watchlist,watchlist,9.1,36.9,21.61,2.0,9.1,36.9,23.61,-4.16,-5.02,689969966.84,"Stage 4, Stage 4 - Confirmed Downtrend, weekly_vcp_ok, weekly_strong, downtrend",430,404,Stage 4,watchlist,weekly_watchlist,24.77,-26,-1.1600000000000001,False,False,False,False,False
DRREDDY.NS,Dr. Reddy's Laboratories Limited,Drug Manufacturers - Specialty & Generic,Healthcare,True,F&O,1,Stage 4,Stage 4,Stage 4 - Weak/Declining,0.72,Price is below long-term support with weak trend evidence.,,,2026-07-08,,watchlist,weekly_watchlist,watchlist,10.32,7.6,9.1,10.0,10.32,7.6,19.1,0.39,-0.51,2539657702.03,"Stage 4, Stage 4 - Weak/Declining, downtrend",564,538,Stage 4,watchlist,weekly_watchlist,20.41,-26,-1.3099999999999987,False,False,False,False,False
CANBK.NS,Canara Bank,Banks - Regional,Financial Services,True,F&O,1,Stage 4,Stage 4,Stage 4 - Confirmed Downtrend,0.86,Price is below a bearish moving-average stack with falling trend signals.,,,,,watchlist,weekly_watchlist,watchlist,9.3,36.9,21.72,2.0,9.3,36.9,23.72,-3.88,-11.46,1422169236.26,"Stage 4, Stage 4 - Confirmed Downtrend, weekly_vcp_ok, weekly_volume_dryup, weekly_strong, downtrend",425,399,Stage 4,watchlist,weekly_watchlist,25.05,-26,-1.3300000000000018,False,False,False,False,False
RHIM.NS,RHI MAGNESITA INDIA LIMITED,Metal Fabrication,Industrials,False,Cash,1,Stage 4,Stage 4,Stage 4 - Confirmed Downtrend,0.86,Price is below a bearish moving-average stack with falling trend signals.,,,,,watchlist,weekly_watchlist,watchlist,3.57,36.9,18.57,10.0,3.57,36.9,28.57,-1.99,-0.31,413193192.35,"Stage 4, Stage 4 - Confirmed Downtrend, weekly_vcp_ok, weekly_volume_dryup, weekly_strong, downtrend",328,302,Stage 4,watchlist,weekly_watchlist,29.91,-26,-1.3399999999999999,False,False,False,False,False
SKFINDIA.NS,SKF India Limited,Tools & Accessories,Industrials,False,Cash,1,Stage 4,Stage 4,Stage 4 - Weak/Declining,0.72,Price is below long-term support with weak trend evidence.,,,,,watchlist,weekly_watchlist,watchlist,12.2,22.1,16.66,2.0,12.2,22.1,18.66,-2.36,-5.83,83171972.04,"Stage 4, Stage 4 - Weak/Declining, weekly_vcp_ok, volume_dryup, weekly_volume_dryup, downtrend",571,545,Stage 4,watchlist,weekly_watchlist,20.04,-26,-1.379999999999999,False,False,False,False,False
63MOONS.NS,63 moons technologies limited,Software - Application,Technology,False,Cash,1,Stage 2,Stage 2,Early Stage 2,0.72,"Price has moved above long-term structure, but the full moving-average stack is not clean yet.",,,2026-10-05,,watchlist,weekly_watchlist,watchlist,40.53,22.42,32.38,5.0,40.53,22.42,37.38,22.79,45.42,371550427.39,"Stage 2, Early Stage 2, daily_vcp_ok, volume_dryup, weekly_volume_dryup",239,212,Stage 2,watchlist,weekly_watchlist,37.97,-27,-0.5899999999999963,False,False,False,False,False
CHOLAFIN.NS,Cholamandalam Investment and Finance Company Limited,Credit Services,Financial Services,True,F&O,1,Stage 2 Failed,Stage 1,Failed Stage 2,0.72,"This stock was recently Stage 2, but the latest structure no longer satisfies Stage 2 rules. It is kept as Stage 2 Failed until a fresh base/repair structure forms.",Recent Stage 2 break; public stage held as Stage 2 Failed.,2026-10-06,2026-09-23,,watchlist,weekly_watchlist,watchlist,12.1,42.9,25.96,0.0,12.1,42.9,25.96,-5.43,2.76,2694943174.65,"Stage 1, Stage 1 - Base/Repair, weekly_vcp_ok, weekly_strong, stage1_not_actionable, stage1_needs_more_base | Stage 2 failed state applied from stage memory.",381,354,Stage 2 Failed,watchlist,weekly_watchlist,26.6,-27,-0.6400000000000006,False,False,False,False,False
COROMANDEL.NS,Coromandel International Limited,Agricultural Inputs,Basic Materials,False,Cash,1,Stage 4,Stage 4,Stage 4 - Weak/Declining,0.72,Price is below long-term support with weak trend evidence.,,,,,watchlist,weekly_watchlist,watchlist,9.1,36.9,21.61,0.0,9.1,36.9,21.61,-6.5,-16.09,302545834.49,"Stage 4, Stage 4 - Weak/Declining, weekly_vcp_ok, weekly_strong, downtrend",488,461,Stage 4,watchlist,weekly_watchlist,22.7,-27,-1.0899999999999999,False,False,False,False,False
KAJARIACER.NS,Kajaria Ceramics Limited,Building Products & Equipment,Industrials,False,Cash,1,Stage 2,Stage 2,Stage 2,0.76,Advancing structure detected.,,,2026-10-05,,watchlist,weekly_near_pivot,watchlist,39.32,67.72,52.1,0.0,39.32,67.72,52.1,6.85,12.3,587117656.44,"Stage 2, Stage 2, weekly_vcp_ok, weekly_strong",84,57,Stage 2,watchlist,weekly_near_pivot,55.26,-27,-3.1599999999999966,False,False,False,False,False
HARSHA.NS,Harsha Engineers International Limited,Tools & Accessories,Industrials,False,Cash,1,Stage 2,Stage 2,Clean Stage 2,0.9,"Price is above rising key averages, weekly structure is supportive, and the stock is near its 52-week high.",,,2026-10-05,,watchlist,weekly_near_pivot,watchlist,53.58,69.62,60.8,2.0,53.58,69.62,62.8,15.08,31.13,81429558.29,"Stage 2, Clean Stage 2, trend_template_ok, weekly_vcp_ok, weekly_volume_dryup, weekly_strong",29,2,Stage 2,watchlist,weekly_breakout,74.53,-27,-11.730000000000004,False,False,False,False,False
IMAGICAA.NS,Imagicaaworld Entertainment Limited,Communication Services,Communication Services,False,Cash,1,Stage 2,Stage 2,Early Stage 2,0.72,"Price has moved above long-term structure, but the full moving-average stack is not clean yet.",,,2026-10-05,,watchlist,weekly_forming,watchlist,5.82,60.0,30.2,5.0,5.82,60.0,35.2,13.06,8.94,39982650.05,"Stage 2, Early Stage 2, weekly_vcp_ok, volume_dryup, weekly_volume_dryup, weekly_strong",262,234,Stage 2,watchlist,weekly_forming,36.14,-28,-0.9399999999999977,False,False,False,False,False
MAHSEAMLES.NS,Maharashtra Seamless Limited,Steel,Basic Materials,False,Cash,1,Stage 2,Stage 2,Clean Stage 2,0.9,"Price is above rising key averages, weekly structure is supportive, and the stock is near its 52-week high.",,,2026-10-05,,watchlist,weekly_watchlist,watchlist,35.13,31.45,33.47,5.0,35.13,31.45,38.47,20.97,11.56,289771675.82,"Stage 2, Clean Stage 2, trend_template_ok",226,198,Stage 2,watchlist,weekly_watchlist,39.56,-28,-1.0900000000000034,False,False,False,False,False
SUNPHARMA.NS,Sun Pharmaceutical Industries Limited,Drug Manufacturers - Specialty & Generic,Healthcare,True,F&O,1,Stage 1,Stage 1,Stage 1 - Base/Repair,0.7,Price is near long-term moving averages with no strong long-term downtrend signal.,,,2026-09-10,,watchlist,weekly_watchlist,watchlist,19.19,43.72,30.23,10.0,19.19,43.72,40.23,-2.16,10.32,2719390630.93,"Stage 1, Stage 1 - Base/Repair, weekly_vcp_ok, weekly_volume_dryup, weekly_strong, stage1_not_actionable, stage1_needs_more_base",202,174,Stage 1,watchlist,weekly_watchlist,41.35,-28,-1.1200000000000045,False,False,False,False,False
IONEXCHANG.NS,ION Exchange (India) Limited,Industrials,Industrials,False,Cash,1,Stage 2 Failed,Stage 3,Failed Stage 2,0.72,"This stock was recently Stage 2, but the latest structure no longer satisfies Stage 2 rules. It is kept as Stage 2 Failed until a fresh base/repair structure forms.",Recent Stage 2 break; public stage held as Stage 2 Failed.,2026-10-06,2026-09-30,,watchlist,weekly_watchlist,watchlist,0.0,2.41,1.08,0.0,0.0,2.41,1.08,-7.69,7.79,130831349.46,"Stage 3, Stage 3 - Transition, volume_dryup, weekly_volume_dryup, distribution_risk | Stage 2 failed state applied from stage memory.",893,865,Stage 2 Failed,watchlist,weekly_watchlist,2.38,-28,-1.2999999999999998,False,False,False,False,False
APLAPOLLO.NS,APL Apollo Tubes Limited,Steel,Basic Materials,True,F&O,1,Stage 2,Stage 2,Early Stage 2,0.72,"Price has moved above long-term structure, but the full moving-average stack is not clean yet.",,,2026-10-05,,watchlist,weekly_near_pivot,watchlist,16.52,70.01,40.59,5.0,16.52,70.01,45.59,25.59,5.47,1237404239.55,"Stage 2, Early Stage 2, weekly_vcp_ok, weekly_strong",153,125,Stage 2,watchlist,weekly_near_pivot,47.07,-28,-1.4799999999999969,False,False,False,False,False
HINDALCO.NS,Hindalco Industries Limited,Basic Materials,Basic Materials,True,F&O,1,Stage 2 Failed,Stage 1,Failed Stage 2,0.72,"This stock was recently Stage 2, but the latest structure no longer satisfies Stage 2 rules. It is kept as Stage 2 Failed until a fresh base/repair structure forms.",Recent Stage 2 break; public stage held as Stage 2 Failed.,2026-10-06,2026-09-23,,watchlist,weekly_watchlist,watchlist,8.82,2.0,5.75,0.0,8.82,2.0,5.75,1.85,-2.52,3483455311.0,"Stage 1, Stage 1 - Base/Repair, stage1_not_actionable, stage1_needs_more_base | Stage 2 failed state applied from stage memory.",811,783,Stage 2 Failed,watchlist,weekly_watchlist,7.84,-28,-2.09,False,False,False,False,False
KMEW.NS,Knowledge Marine & Engineering Works Limited,Marine Shipping,Industrials,False,Cash,1,Stage 2,Stage 2,Extended Stage 2,0.78,"Advancing structure remains intact, but price is stretched versus key moving averages or far above the 52-week low.",,,2026-10-05,,watchlist,weekly_watchlist,watchlist,65.95,30.4,49.95,10.0,65.95,30.4,59.95,37.36,85.1,388964418.98,"Stage 2, Extended Stage 2, trend_template_ok",43,15,Stage 2,watchlist,weekly_watchlist,64.21,-28,-4.259999999999991,False,False,False,False,False
SHILPAMED.NS,Shilpa Medicare Limited,Drug Manufacturers - Specialty & Generic,Healthcare,False,Cash,1,Stage 2,Stage 2,Extended Stage 2,0.78,"Advancing structure remains intact, but price is stretched versus key moving averages or far above the 52-week low.",,,2026-10-05,,watchlist,weekly_breakout,watchlist,39.88,65.8,51.54,10.0,39.88,65.8,61.54,77.28,156.58,870215679.63,"Stage 2, Extended Stage 2, trend_template_ok, weekly_vcp_ok, volume_dryup, weekly_volume_dryup, weekly_strong",36,8,Stage 2,watchlist,weekly_breakout,68.11,-28,-6.57,False,False,False,False,False
KTKBANK.NS,The Karnataka Bank Limited,Banks - Regional,Financial Services,False,Cash,1,Stage 2,Stage 2,Clean Stage 2,0.9,"Price is above rising key averages, weekly structure is supportive, and the stock is near its 52-week high.",,,2026-10-05,,watchlist,weekly_watchlist,watchlist,40.12,29.73,35.44,2.0,40.12,29.73,37.44,23.8,37.51,560120455.26,"Stage 2, Clean Stage 2, trend_template_ok, volume_dryup, weekly_volume_dryup",237,208,Stage 2,watchlist,weekly_watchlist,38.3,-29,-0.8599999999999994,False,False,False,False,False
RPEL.NS,Raghav Productivity Enhancers Limited,Chemicals,Basic Materials,False,Cash,1,Stage 2,Stage 2,Extended Stage 2,0.78,"Advancing structure remains intact, but price is stretched versus key moving averages or far above the 52-week low.",,,2026-10-05,,watchlist,weekly_watchlist,watchlist,38.7,30.4,34.97,5.0,38.7,30.4,39.97,47.04,171.18,185644717.42,"Stage 2, Extended Stage 2, trend_template_ok, volume_dryup",207,178,Stage 2,watchlist,weekly_watchlist,41.06,-29,-1.0900000000000034,False,False,False,False,False
THELEELA.NS,Leela Palaces Hotels & Resorts Limited,Lodging,Consumer Cyclical,False,Cash,1,Stage 2,Stage 2,Clean Stage 2,0.9,"Price is above rising key averages, weekly structure is supportive, and the stock is near its 52-week high.",,,2026-10-05,,watchlist,weekly_watchlist,watchlist,37.75,28.66,33.66,2.0,37.75,28.66,35.66,25.88,36.71,200894489.28,"Stage 2, Clean Stage 2, trend_template_ok",255,226,Stage 2,watchlist,weekly_watchlist,36.99,-29,-1.3300000000000054,False,False,False,False,False
RATNAMANI.NS,Ratnamani Metals & Tubes Limited,Steel,Basic Materials,False,Cash,1,Stage 2,Stage 2,Stage 2,0.76,Advancing structure detected.,,,2026-10-05,,watchlist,weekly_watchlist,watchlist,52.57,22.13,38.87,5.0,52.57,22.13,43.87,3.83,13.42,140719898.06,"Stage 2, Stage 2, trend_template_ok, volume_dryup, weekly_volume_dryup",169,140,Stage 2,watchlist,weekly_watchlist,45.44,-29,-1.5700000000000003,False,False,False,False,False
ESABINDIA.NS,Esab India Limited,Tools & Accessories,Industrials,False,Cash,1,Stage 1,Stage 1,Stage 1 - Unclear/Repair,0.58,Not enough evidence for Stage 2 or Stage 4; classified as repair/unclear structure.,,,2026-09-14,,watchlist,weekly_watchlist,watchlist,6.35,10.9,8.4,2.0,6.35,10.9,10.4,4.15,4.82,20064896.77,"Stage 1, Stage 1 - Unclear/Repair, volume_dryup, weekly_volume_dryup, stage1_not_actionable, stage1_needs_more_base",741,712,Stage 1,watchlist,weekly_watchlist,13.77,-29,-3.369999999999999,False,False,False,False,False
SANOFICONR.NS,Sanofi Consumer Healthcare India Limited,Drug Manufacturers - General,Healthcare,False,Cash,1,Stage 4,Stage 4,Stage 4 - Weak/Declining,0.72,Price is below long-term support with weak trend evidence.,,,2026-07-29,,watchlist,weekly_watchlist,watchlist,0.0,38.0,17.1,5.0,0.0,38.0,22.1,-13.05,-16.12,26991768.95,"Stage 4, Stage 4 - Weak/Declining, weekly_vcp_ok, weekly_strong, downtrend",472,441,Stage 4,watchlist,weekly_watchlist,23.35,-31,-1.25,False,False,False,False,False
GOODLUCK.NS,Goodluck India Limited,Steel,Basic Materials,False,Cash,1,Stage 2,Stage 2,Stage 2,0.76,Advancing structure detected.,,,2026-10-05,,watchlist,weekly_watchlist,watchlist,43.49,29.39,37.15,5.0,43.49,29.39,42.15,-1.07,34.96,255313352.41,"Stage 2, Stage 2, volume_dryup, weekly_volume_dryup",184,153,Stage 2,watchlist,weekly_watchlist,43.62,-31,-1.4699999999999989,False,False,False,False,False
TARC.NS,TARC Limited,Real Estate,Real Estate,False,Cash,1,Stage 4,Stage 4,Stage 4 - Weak/Declining,0.72,Price is below long-term support with weak trend evidence.,,,,,watchlist,weekly_watchlist,watchlist,9.43,36.15,21.45,2.0,9.43,36.15,23.45,4.49,-0.95,57590011.93,"Stage 4, Stage 4 - Weak/Declining, weekly_vcp_ok, volume_dryup, weekly_volume_dryup, weekly_strong, downtrend",433,402,Stage 4,watchlist,weekly_watchlist,24.95,-31,-1.5,False,False,False,False,False
INFY.NS,Infosys Limited,Information Technology Services,Technology,True,F&O,1,Stage 4,Stage 4,Stage 4 - Confirmed Downtrend,0.86,Price is below a bearish moving-average stack with falling trend signals.,,,,,watchlist,weekly_watchlist,watchlist,9.3,36.9,21.72,2.0,9.3,36.9,23.72,-0.44,-18.04,9568352515.39,"Stage 4, Stage 4 - Confirmed Downtrend, weekly_vcp_ok, weekly_strong, downtrend",424,393,Stage 4,watchlist,weekly_watchlist,25.25,-31,-1.5300000000000011,False,False,False,False,False
UNICHEMLAB.NS,Unichem Laboratories Limited,Drug Manufacturers - Specialty & Generic,Healthcare,False,Cash,1,Stage 2,Stage 2,Stage 2,0.76,Advancing structure detected.,,,2026-10-05,,watchlist,weekly_watchlist,watchlist,34.52,26.9,31.09,10.0,34.52,26.9,41.09,-11.12,64.11,167385666.6,"Stage 2, Stage 2",194,163,Stage 2,watchlist,weekly_watchlist,42.69,-31,-1.5999999999999943,False,False,False,False,False
SUPRIYA.NS,Supriya Lifescience Limited,Biotechnology,Healthcare,False,Cash,1,Stage 2,Stage 2,Stage 2,0.76,Advancing structure detected.,,,2026-10-05,,watchlist,weekly_watchlist,watchlist,51.77,27.77,40.97,5.0,51.77,27.77,45.97,9.38,44.31,282086217.09,"Stage 2, Stage 2, trend_template_ok",145,114,Stage 2,watchlist,weekly_watchlist,47.7,-31,-1.730000000000004,False,False,False,False,False
J&KBANK.NS,The Jammu & Kashmir Bank Limited,Banks - Regional,Financial Services,False,Cash,1,Stage 3,Stage 3,Stage 3 - Distribution/Damage,0.76,"Prior strength exists, but short-term and/or weekly structure is deteriorating.",,,2026-08-28,,watchlist,weekly_watchlist,watchlist,0.0,5.75,2.59,2.0,0.0,5.75,4.59,-12.54,14.05,275396725.99,"Stage 3, Stage 3 - Distribution/Damage, volume_dryup, weekly_volume_dryup, distribution_risk",833,802,Stage 3,watchlist,weekly_watchlist,6.58,-31,-1.9900000000000002,False,False,False,False,False
MUTHOOTMF.NS,Muthoot Microfin Limited,Credit Services,Financial Services,False,Cash,1,Stage 4,Stage 4,Stage 4,0.66,Declining structure detected.,,,2026-09-14,,watchlist,weekly_watchlist,watchlist,0.0,35.8,16.11,0.0,0.0,35.8,16.11,-11.31,6.23,30130627.28,"Stage 4, Stage 4, weekly_vcp_ok, volume_dryup, weekly_volume_dryup, weekly_strong, downtrend",680,648,Stage 4,watchlist,weekly_watchlist,16.26,-32,-0.15000000000000213,False,False,False,False,False
KIRLOSENG.NS,Kirloskar Oil Engines Limited,Specialty Industrial Machinery,Industrials,False,Cash,1,Stage 2,Stage 2,Stage 2,0.76,Advancing structure detected.,,,2026-10-05,,watchlist,weekly_watchlist,watchlist,15.53,31.33,22.64,10.0,15.53,31.33,32.64,-1.72,54.98,1634186289.91,"Stage 2, Stage 2",285,253,Stage 2,watchlist,weekly_watchlist,33.8,-32,-1.1599999999999966,False,False,False,False,False
SUDARSCHEM.NS,Sudarshan Chemical Industries Limited,Specialty Chemicals,Basic Materials,False,Cash,1,Stage 2,Stage 2,Clean Stage 2,0.9,"Price is above rising key averages, weekly structure is supportive, and the stock is near its 52-week high.",,,2026-10-05,,watchlist,weekly_watchlist,watchlist,40.38,22.4,32.29,10.0,40.38,22.4,42.29,36.71,56.18,239722841.35,"Stage 2, Clean Stage 2, trend_template_ok, volume_dryup, weekly_volume_dryup",181,149,Stage 2,watchlist,weekly_watchlist,44.02,-32,-1.730000000000004,False,False,False,False,False
PFOCUS.NS,Prime Focus Limited,Communication Services,Communication Services,False,Cash,1,Stage 2,Stage 2,Early Stage 2,0.72,"Price has moved above long-term structure, but the full moving-average stack is not clean yet.",,,2026-10-05,,watchlist,weekly_near_pivot,watchlist,28.89,66.42,45.78,5.0,28.89,66.42,50.78,18.66,-12.45,1055665702.86,"Stage 2, Early Stage 2, weekly_vcp_ok, weekly_strong",102,70,Stage 2,watchlist,weekly_near_pivot,52.73,-32,-1.9499999999999957,False,False,False,False,False
TBOTEK.NS,TBO Tek Limited,Consumer Cyclical,Consumer Cyclical,False,Cash,1,Stage 2,Stage 2,Early Stage 2,0.72,"Price has moved above long-term structure, but the full moving-average stack is not clean yet.",,,2026-10-05,,watchlist,weekly_watchlist,watchlist,33.17,28.6,31.11,2.0,33.17,28.6,33.11,17.74,44.29,265809014.98,"Stage 2, Early Stage 2, volume_dryup, weekly_volume_dryup",282,249,Stage 2,watchlist,weekly_watchlist,34.12,-33,-1.009999999999998,False,False,False,False,False
HNDFDS.NS,Hindustan Foods Limited,Conglomerates,Industrials,False,Cash,1,Stage 2,Stage 2,Early Stage 2,0.72,"Price has moved above long-term structure, but the full moving-average stack is not clean yet.",,,2026-10-05,,watchlist,weekly_forming,watchlist,9.21,62.09,33.01,2.0,9.21,62.09,35.01,14.44,17.44,48549941.26,"Stage 2, Early Stage 2, weekly_vcp_ok, volume_dryup, weekly_strong",264,230,Stage 2,watchlist,weekly_forming,36.67,-34,-1.6600000000000037,False,False,False,False,False
SANSERA.NS,Sansera Engineering Limited,Auto Parts,Consumer Cyclical,False,Cash,1,Stage 2,Stage 2,Extended Stage 2,0.78,"Advancing structure remains intact, but price is stretched versus key moving averages or far above the 52-week low.",,,2026-10-05,,watchlist,weekly_watchlist,watchlist,36.62,22.4,30.22,5.0,36.62,22.4,35.22,32.87,81.43,1422911098.51,"Stage 2, Extended Stage 2, trend_template_ok",261,227,Stage 2,watchlist,weekly_watchlist,36.98,-34,-1.759999999999998,False,False,False,False,False
MARUTI.NS,Maruti Suzuki India Limited,Auto Manufacturers,Consumer Cyclical,True,F&O,1,Stage 4,Stage 4,Stage 4 - Confirmed Downtrend,0.86,Price is below a bearish moving-average stack with falling trend signals.,,,,,watchlist,weekly_watchlist,watchlist,7.57,0.0,4.16,2.0,7.57,0.0,6.16,-9.84,-13.51,4753626127.6,"Stage 4, Stage 4 - Confirmed Downtrend, downtrend",804,770,Stage 4,watchlist,weekly_watchlist,8.91,-34,-2.75,False,False,False,False,False
RAMKY.NS,Ramky Infrastructure Limited,Engineering & Construction,Industrials,False,Cash,1,Stage 4,Stage 4,Stage 4 - Confirmed Downtrend,0.86,Price is below a bearish moving-average stack with falling trend signals.,,,,,watchlist,weekly_watchlist,watchlist,1.1,4.0,2.41,0.0,1.1,4.0,2.41,-21.12,-38.61,14778235.32,"Stage 4, Stage 4 - Confirmed Downtrend, downtrend",859,825,Stage 4,watchlist,weekly_watchlist,5.16,-34,-2.75,False,False,False,False,False
ASHOKLEY.NS,Ashok Leyland Limited,Farm & Heavy Construction Machinery,Industrials,True,F&O,1,Stage 1,Stage 1,Stage 1 - Base/Repair,0.7,Price is near long-term moving averages with no strong long-term downtrend signal.,,,2026-09-07,,watchlist,weekly_watchlist,watchlist,6.75,42.9,23.02,2.0,6.75,42.9,25.02,2.22,-8.31,1746795701.17,"Stage 1, Stage 1 - Base/Repair, weekly_vcp_ok, volume_dryup, weekly_volume_dryup, weekly_strong, stage1_not_actionable, stage1_needs_more_base",394,359,Stage 1,watchlist,weekly_watchlist,26.35,-35,-1.3300000000000018,False,False,False,False,False
JKIL.NS,J.Kumar Infraprojects Limited,Engineering & Construction,Industrials,False,Cash,1,Stage 4,Stage 4,Stage 4 - Confirmed Downtrend,0.86,Price is below a bearish moving-average stack with falling trend signals.,,,,,watchlist,weekly_watchlist,watchlist,3.01,36.9,18.26,0.0,3.01,36.9,18.26,-5.26,-3.09,23085324.21,"Stage 4, Stage 4 - Confirmed Downtrend, weekly_vcp_ok, volume_dryup, weekly_strong, downtrend",586,551,Stage 4,watchlist,weekly_watchlist,19.73,-35,-1.4699999999999989,False,False,False,False,False
FIEMIND.NS,Fiem Industries Limited,Auto Parts,Consumer Cyclical,False,Cash,1,Stage 4,Stage 4,Stage 4 - Confirmed Downtrend,0.86,Price is below a bearish moving-average stack with falling trend signals.,,,2026-08-17,,watchlist,weekly_watchlist,watchlist,8.35,36.9,21.2,5.0,8.35,36.9,26.2,-13.41,-17.5,120016494.5,"Stage 4, Stage 4 - Confirmed Downtrend, weekly_vcp_ok, volume_dryup, weekly_volume_dryup, weekly_strong, downtrend",365,330,Stage 4,watchlist,weekly_watchlist,27.8,-35,-1.6000000000000014,False,False,False,False,False
BOSCH-HCIL.NS,BOSCH HOME COMFORT INDIA LIMITED,"Furnishings, Fixtures & Appliances",Consumer Cyclical,False,Cash,1,Stage 2,Stage 2,Clean Stage 2,0.9,"Price is above rising key averages, weekly structure is supportive, and the stock is near its 52-week high.",,,2026-10-05,,watchlist,weekly_forming,watchlist,37.38,52.1,44.0,0.0,37.38,52.1,44.0,51.31,48.94,101217561.94,"Stage 2, Clean Stage 2, trend_template_ok, weekly_vcp_ok",168,132,Stage 2,watchlist,weekly_forming,46.75,-36,-2.75,False,False,False,False,False
INOXINDIA.NS,INOX India Limited,Specialty Industrial Machinery,Industrials,False,Cash,1,Stage 2,Stage 2,Messy Stage 2,0.64,"Long-term structure is still constructive, but the short-term/weekly structure is not clean.",,,2026-10-05,,forming_vcp,weekly_watchlist,watchlist,59.15,21.38,42.15,10.0,59.15,21.38,52.15,9.65,48.17,661161771.27,"Stage 2, Messy Stage 2, trend_template_ok, daily_vcp_ok, volume_dryup, weekly_volume_dryup",83,47,Stage 2,forming_vcp,weekly_watchlist,57.5,-36,-5.350000000000001,False,False,False,False,False
AMBUJACEM.NS,Ambuja Cements Limited,Building Materials,Basic Materials,True,F&O,1,Stage 4,Stage 4,Stage 4 - Confirmed Downtrend,0.86,Price is below a bearish moving-average stack with falling trend signals.,,,,,watchlist,weekly_watchlist,watchlist,9.52,35.8,21.35,0.0,9.52,35.8,21.35,-12.53,-16.77,557660015.4,"Stage 4, Stage 4 - Confirmed Downtrend, weekly_vcp_ok, volume_dryup, weekly_strong, downtrend",497,460,Stage 4,watchlist,weekly_watchlist,22.74,-37,-1.389999999999997,False,False,False,False,False
WELSPUNLIV.NS,Welspun Living Limited,Textile Manufacturing,Consumer Cyclical,False,Cash,1,Stage 2,Stage 2,Extended Stage 2,0.78,"Advancing structure remains intact, but price is stretched versus key moving averages or far above the 52-week low.",,,2026-10-05,,watchlist,weekly_watchlist,watchlist,36.91,31.6,34.52,10.0,36.91,31.6,44.52,47.77,94.63,1108071191.27,"Stage 2, Extended Stage 2, trend_template_ok",163,126,Stage 2,watchlist,weekly_watchlist,47.07,-37,-2.549999999999997,False,False,False,False,False
RECLTD.NS,REC Limited,Credit Services,Financial Services,True,F&O,1,Stage 4,Stage 4,Stage 4 - Confirmed Downtrend,0.86,Price is below a bearish moving-average stack with falling trend signals.,,,2026-08-07,,watchlist,weekly_watchlist,watchlist,8.2,35.8,20.62,0.0,8.2,35.8,20.62,-8.76,-11.32,1922269806.32,"Stage 4, Stage 4 - Confirmed Downtrend, weekly_vcp_ok, weekly_strong, downtrend",525,487,Stage 4,watchlist,weekly_watchlist,21.78,-38,-1.1600000000000001,False,False,False,False,False
DYNAMATECH.NS,Dynamatic Technologies Limited,Auto Parts,Consumer Cyclical,False,Cash,1,Stage 2,Stage 2,Extended Stage 2,0.78,"Advancing structure remains intact, but price is stretched versus key moving averages or far above the 52-week low.",,,2026-10-05,,watchlist,weekly_watchlist,watchlist,37.88,25.73,32.41,5.0,37.88,25.73,37.41,38.32,38.96,362487277.0,"Stage 2, Extended Stage 2, trend_template_ok",238,200,Stage 2,watchlist,weekly_watchlist,39.46,-38,-2.0500000000000043,False,False,False,False,False
APOLLOHOSP.NS,Apollo Hospitals Enterprise Limited,Medical Care Facilities,Healthcare,True,F&O,1,Stage 2 Failed,Stage 1,Failed Stage 2,0.72,"This stock was recently Stage 2, but the latest structure no longer satisfies Stage 2 rules. It is kept as Stage 2 Failed until a fresh base/repair structure forms.",Recent Stage 2 break; public stage held as Stage 2 Failed.,2026-10-06,2026-09-28,,watchlist,weekly_watchlist,watchlist,17.65,41.05,28.18,0.0,17.65,41.05,28.18,-5.74,6.25,4135779407.47,"Stage 1, Stage 1 - Base/Repair, weekly_vcp_ok, weekly_strong, stage1_not_actionable, stage1_needs_more_base | Stage 2 failed state applied from stage memory.",332,293,Stage 2 Failed,watchlist,weekly_watchlist,30.61,-39,-2.4299999999999997,False,False,False,False,False
JMFINANCIL.NS,JM Financial Limited,Capital Markets,Financial Services,False,Cash,1,Stage 4,Stage 4,Stage 4 - Weak/Declining,0.72,Price is below long-term support with weak trend evidence.,,,,,watchlist,weekly_watchlist,watchlist,5.87,32.13,17.69,0.0,5.87,32.13,17.69,4.14,-4.21,240985714.21,"Stage 4, Stage 4 - Weak/Declining, weekly_vcp_ok, volume_dryup, weekly_volume_dryup, weekly_strong, downtrend",606,566,Stage 4,watchlist,weekly_watchlist,19.26,-40,-1.5700000000000003,False,False,False,False,False
TVSMOTOR.NS,TVS Motor Company Limited,Auto Manufacturers,Consumer Cyclical,True,F&O,1,Stage 2,Stage 2,Early Stage 2,0.72,"Price has moved above long-term structure, but the full moving-average stack is not clean yet.",,,2026-10-05,,watchlist,weekly_forming,watchlist,18.22,59.98,37.01,2.0,18.22,59.98,39.01,14.51,7.33,2648057033.45,"Stage 2, Early Stage 2, weekly_vcp_ok, volume_dryup, weekly_volume_dryup, weekly_strong",219,179,Stage 2,watchlist,weekly_forming,41.04,-40,-2.030000000000001,False,False,False,False,False
AEGISLOG.NS,Aegis Logistics Limited,Oil & Gas Refining & Marketing,Energy,False,Cash,1,Stage 2,Stage 2,Extended Stage 2,0.78,"Advancing structure remains intact, but price is stretched versus key moving averages or far above the 52-week low.",,,2026-10-05,,watchlist,weekly_watchlist,watchlist,42.82,24.8,34.71,5.0,42.82,24.8,39.71,16.65,127.93,1316005012.67,"Stage 2, Extended Stage 2, trend_template_ok, volume_dryup, weekly_volume_dryup",212,172,Stage 2,watchlist,weekly_watchlist,41.83,-40,-2.1199999999999974,False,False,False,False,False
KARURVYSYA.NS,Karur Vysya Bank Limited,Banks - Regional,Financial Services,False,Cash,1,Stage 2,Stage 2,Early Stage 2,0.72,"Price has moved above long-term structure, but the full moving-average stack is not clean yet.",,,2026-10-05,,watchlist,weekly_forming,watchlist,15.2,60.75,35.7,2.0,15.2,60.75,37.7,11.85,17.67,534505255.48,"Stage 2, Early Stage 2, weekly_vcp_ok, weekly_strong",235,194,Stage 2,watchlist,weekly_forming,39.88,-41,-2.1799999999999997,False,False,False,False,False
MEDANTA.NS,Global Health Limited,Medical Care Facilities,Healthcare,False,Cash,1,Stage 2,Stage 2,Early Stage 2,0.72,"Price has moved above long-term structure, but the full moving-average stack is not clean yet.",,,2026-10-05,,watchlist,weekly_forming,watchlist,16.52,46.69,30.1,0.0,16.52,46.69,30.1,1.14,24.72,353346180.21,"Stage 2, Early Stage 2, weekly_vcp_ok, volume_dryup",310,269,Stage 2,watchlist,weekly_forming,32.79,-41,-2.6899999999999977,False,False,False,False,False
TECHM.NS,Tech Mahindra Limited,Information Technology Services,Technology,True,F&O,1,Stage 2,Stage 2,Early Stage 2,0.72,"Price has moved above long-term structure, but the full moving-average stack is not clean yet.",,,2026-10-05,,watchlist,weekly_forming,watchlist,13.24,59.44,34.03,2.0,13.24,59.44,36.03,8.05,8.37,2751361079.26,"Stage 2, Early Stage 2, weekly_vcp_ok, weekly_strong",251,209,Stage 2,watchlist,weekly_forming,38.28,-42,-2.25,False,False,False,False,False
PVRINOX.NS,PVR INOX Limited,Communication Services,Communication Services,False,Cash,1,Stage 2,Stage 2,Clean Stage 2,0.9,"Price is above rising key averages, weekly structure is supportive, and the stock is near its 52-week high.",,,2026-10-05,,watchlist,weekly_watchlist,watchlist,37.87,42.58,39.99,5.0,37.87,42.58,44.99,29.32,34.48,605341450.46,"Stage 2, Clean Stage 2, trend_template_ok, volume_dryup, weekly_volume_dryup",160,117,Stage 2,watchlist,weekly_forming,47.56,-43,-2.5700000000000003,False,False,False,False,False
INDOTECH.NS,Indo Tech Transformers Limited,Electrical Equipment & Parts,Industrials,False,Cash,1,Stage 2,Stage 2,Messy Stage 2,0.64,"Long-term structure is still constructive, but the short-term/weekly structure is not clean.",,,2026-10-05,,watchlist,weekly_watchlist,watchlist,16.25,36.2,25.23,10.0,16.25,36.2,35.23,11.49,154.08,60065275.19,"Stage 2, Messy Stage 2",260,217,Stage 2,watchlist,weekly_watchlist,37.8,-43,-2.5700000000000003,False,False,False,False,False
SBCL.NS,Shivalik Bimetal Controls Limited,Metal Fabrication,Industrials,False,Cash,1,Stage 2,Stage 2,Extended Stage 2,0.78,"Advancing structure remains intact, but price is stretched versus key moving averages or far above the 52-week low.",,,2026-10-05,,watchlist,weekly_watchlist,watchlist,40.0,22.4,32.08,10.0,40.0,22.4,42.08,56.25,127.38,274599812.73,"Stage 2, Extended Stage 2, trend_template_ok, volume_dryup, weekly_volume_dryup",186,143,Stage 2,watchlist,weekly_watchlist,44.78,-43,-2.700000000000003,False,False,False,False,False
TITAN.NS,Titan Company Limited,Luxury Goods,Consumer Cyclical,True,F&O,1,Stage 2 Failed,Stage 1,Failed Stage 2,0.72,"This stock was recently Stage 2, but the latest structure no longer satisfies Stage 2 rules. It is kept as Stage 2 Failed until a fresh base/repair structure forms.",Recent Stage 2 break; public stage held as Stage 2 Failed.,2026-10-06,2026-09-30,,watchlist,weekly_watchlist,watchlist,0.0,12.95,5.83,5.0,0.0,12.95,10.83,3.88,3.67,2916302320.46,"Stage 1, Stage 1 - Base/Repair, weekly_volume_dryup, stage1_not_actionable, stage1_needs_more_base | Stage 2 failed state applied from stage memory.",736,693,Stage 2 Failed,watchlist,weekly_watchlist,15.88,-43,-5.050000000000001,False,False,False,False,False
POLICYBZR.NS,PB Fintech Limited,Financial Services,Financial Services,True,F&O,1,Stage 2 Failed,Stage 4,Failed Stage 2,0.72,"This stock was recently Stage 2, but the latest structure no longer satisfies Stage 2 rules. It is kept as Stage 2 Failed until a fresh base/repair structure forms.",Recent Stage 2 break; public stage held as Stage 2 Failed.,2026-10-06,2026-09-23,,watchlist,weekly_watchlist,watchlist,8.82,36.9,21.46,0.0,8.82,36.9,21.46,-29.89,-27.94,9502144214.01,"Stage 4, Stage 4 - Weak/Declining, weekly_vcp_ok, weekly_strong, downtrend | Stage 2 failed state applied from stage memory.",494,449,Stage 2 Failed,watchlist,weekly_watchlist,23.19,-45,-1.7300000000000004,False,False,False,False,False
AXISCADES.NS,AXISCADES Technologies Limited,Engineering & Construction,Industrials,False,Cash,1,Stage 2,Stage 2,Extended Stage 2,0.78,"Advancing structure remains intact, but price is stretched versus key moving averages or far above the 52-week low.",,,2026-10-05,,watchlist,weekly_watchlist,watchlist,34.9,34.0,34.5,0.0,34.9,34.0,34.5,47.14,36.42,637785581.15,"Stage 2, Extended Stage 2",267,222,Stage 2,watchlist,weekly_watchlist,37.25,-45,-2.75,False,False,False,False,False
AEGISVOPAK.NS,Aegis Vopak Terminals Limited,Energy,Energy,False,Cash,1,Stage 2,Stage 2,Clean Stage 2,0.9,"Price is above rising key averages, weekly structure is supportive, and the stock is near its 52-week high.",,,2026-10-05,,watchlist,weekly_watchlist,watchlist,38.79,25.71,32.9,5.0,38.79,25.71,37.9,8.22,56.89,545936482.55,"Stage 2, Clean Stage 2, trend_template_ok, volume_dryup, weekly_volume_dryup",231,186,Stage 2,watchlist,weekly_watchlist,40.72,-45,-2.8200000000000003,False,False,False,False,False
SHYAMMETL.NS,Shyam Metalics and Energy Limited,Steel,Basic Materials,False,Cash,1,Stage 2,Stage 2,Clean Stage 2,0.9,"Price is above rising key averages, weekly structure is supportive, and the stock is near its 52-week high.",,,2026-10-05,,watchlist,weekly_watchlist,watchlist,52.08,30.35,42.3,5.0,52.08,30.35,47.3,13.2,28.31,568347200.07,"Stage 2, Clean Stage 2, trend_template_ok, weekly_volume_dryup",133,88,Stage 2,watchlist,weekly_watchlist,50.62,-45,-3.3200000000000003,False,False,False,False,False
LEMONTREE.NS,Lemon Tree Hotels Limited,Lodging,Consumer Cyclical,False,Cash,1,Stage 4,Stage 4,Stage 4 - Weak/Declining,0.72,Price is below long-term support with weak trend evidence.,,,,,watchlist,weekly_watchlist,watchlist,10.87,36.9,22.58,2.0,10.87,36.9,24.58,-2.37,-1.1,384480863.01,"Stage 4, Stage 4 - Weak/Declining, weekly_vcp_ok, weekly_strong, downtrend",404,358,Stage 4,watchlist,weekly_watchlist,26.36,-46,-1.7800000000000011,False,False,False,False,False
CSBBANK.NS,CSB Bank Limited,Banks - Regional,Financial Services,False,Cash,1,Stage 4,Stage 4,Stage 4 - Confirmed Downtrend,0.86,Price is below a bearish moving-average stack with falling trend signals.,,,,,watchlist,weekly_watchlist,watchlist,9.2,32.13,19.52,2.0,9.2,32.13,21.52,-8.24,-23.63,298102471.32,"Stage 4, Stage 4 - Confirmed Downtrend, weekly_vcp_ok, volume_dryup, weekly_volume_dryup, weekly_strong, downtrend",493,447,Stage 4,watchlist,weekly_watchlist,23.3,-46,-1.7800000000000011,False,False,False,False,False
GUFICBIO.NS,Gufic Biosciences Limited,Drug Manufacturers - Specialty & Generic,Healthcare,False,Cash,1,Stage 2,Stage 2,Clean Stage 2,0.9,"Price is above rising key averages, weekly structure is supportive, and the stock is near its 52-week high.",,,2026-10-05,,watchlist,weekly_watchlist,watchlist,29.06,28.87,28.97,10.0,29.06,28.87,38.97,17.22,43.47,42437749.9,"Stage 2, Clean Stage 2, trend_template_ok",222,176,Stage 2,watchlist,weekly_watchlist,41.32,-46,-2.3500000000000014,False,False,False,False,False
TDPOWERSYS.NS,TD Power Systems Limited,Specialty Industrial Machinery,Industrials,False,Cash,1,Stage 2,Stage 2,Extended Stage 2,0.78,"Advancing structure remains intact, but price is stretched versus key moving averages or far above the 52-week low.",,,2026-10-05,,watchlist,weekly_watchlist,watchlist,36.69,34.0,35.48,10.0,36.69,34.0,45.48,46.66,79.26,2438399824.94,"Stage 2, Extended Stage 2, trend_template_ok",155,109,Stage 2,watchlist,weekly_watchlist,48.29,-46,-2.8100000000000023,False,False,False,False,False
NCC.NS,NCC Limited,Engineering & Construction,Industrials,False,Cash,1,Stage 4,Stage 4,Stage 4 - Confirmed Downtrend,0.86,Price is below a bearish moving-average stack with falling trend signals.,,,,,watchlist,weekly_watchlist,watchlist,5.32,36.9,19.53,0.0,5.32,36.9,19.53,-5.87,-13.27,439868775.19,"Stage 4, Stage 4 - Confirmed Downtrend, weekly_vcp_ok, weekly_volume_dryup, weekly_strong, downtrend",549,501,Stage 4,watchlist,weekly_watchlist,21.41,-48,-1.879999999999999,False,False,False,False,False
FIVESTAR.NS,Five-Star Business Finance Limited,Credit Services,Financial Services,False,Cash,1,Stage 2 Failed,Not Sure,Failed Stage 2,0.72,"This stock was recently Stage 2, but the latest structure no longer satisfies Stage 2 rules. It is kept as Stage 2 Failed until a fresh base/repair structure forms.",Recent Stage 2 break; public stage held as Stage 2 Failed.,2026-10-06,2026-09-23,,watchlist,weekly_watchlist,watchlist,3.91,47.84,23.68,0.0,3.91,47.84,23.68,-0.89,21.28,355082842.89,"Not Sure, Not Sure, weekly_vcp_ok, weekly_volume_dryup, weekly_strong | Stage 2 failed state applied from stage memory.",427,379,Stage 2 Failed,watchlist,weekly_watchlist,25.91,-48,-2.2300000000000004,False,False,False,False,False
DATAPATTNS.NS,Data Patterns (India) Limited,Aerospace & Defense,Industrials,False,Cash,1,Stage 2,Stage 2,Early Stage 2,0.72,"Price has moved above long-term structure, but the full moving-average stack is not clean yet.",,,2026-10-05,,watchlist,weekly_watchlist,watchlist,16.57,20.58,18.37,10.0,16.57,20.58,28.37,5.2,32.61,2702419870.2,"Stage 2, Early Stage 2, volume_dryup, weekly_volume_dryup",330,282,Stage 2,watchlist,weekly_watchlist,31.45,-48,-3.0799999999999983,False,False,False,False,False
M&M.NS,Mahindra & Mahindra Limited,Auto Manufacturers,Consumer Cyclical,True,F&O,1,Stage 4,Stage 4,Stage 4 - Weak/Declining,0.72,Price is below long-term support with weak trend evidence.,,,,,watchlist,weekly_watchlist,watchlist,7.52,35.8,20.25,2.0,7.52,35.8,22.25,-4.14,-9.57,6320566071.26,"Stage 4, Stage 4 - Weak/Declining, weekly_vcp_ok, weekly_strong, downtrend",466,417,Stage 4,watchlist,weekly_watchlist,24.34,-49,-2.09,False,False,False,False,False
GODREJAGRO.NS,Godrej Agrovet Limited,Packaged Foods,Consumer Defensive,False,Cash,1,Stage 2,Stage 2,Clean Stage 2,0.9,"Price is above rising key averages, weekly structure is supportive, and the stock is near its 52-week high.",,,2026-10-05,,watchlist,weekly_breakout,watchlist,19.93,62.45,39.06,2.0,19.93,62.45,41.06,22.16,13.35,127163383.52,"Stage 2, Clean Stage 2, weekly_vcp_ok, volume_dryup, weekly_volume_dryup, weekly_strong",195,146,Stage 2,watchlist,weekly_breakout,44.42,-49,-3.3599999999999994,False,False,False,False,False
ZAGGLE.NS,Zaggle Prepaid Ocean Services Limited,Software - Infrastructure,Technology,False,Cash,1,Stage 4,Stage 4,Stage 4 - Confirmed Downtrend,0.86,Price is below a bearish moving-average stack with falling trend signals.,,,,,watchlist,weekly_watchlist,watchlist,0.0,36.9,16.61,0.0,0.0,36.9,16.61,-11.55,-30.81,160588081.1,"Stage 4, Stage 4 - Confirmed Downtrend, weekly_vcp_ok, volume_dryup, weekly_volume_dryup, weekly_strong, downtrend",637,586,Stage 4,watchlist,weekly_watchlist,18.61,-51,-2.0,False,False,False,False,False
KPITTECH.NS,KPIT Technologies Limited,Software - Infrastructure,Technology,True,F&O,1,Stage 4,Stage 4,Stage 4 - Confirmed Downtrend,0.86,Price is below a bearish moving-average stack with falling trend signals.,,,,,watchlist,weekly_watchlist,watchlist,0.0,35.8,16.11,0.0,0.0,35.8,16.11,-6.92,-29.17,808524345.86,"Stage 4, Stage 4 - Confirmed Downtrend, weekly_vcp_ok, volume_dryup, weekly_volume_dryup, weekly_strong, downtrend",656,605,Stage 4,watchlist,weekly_watchlist,18.11,-51,-2.0,False,False,False,False,False
TATASTEEL.NS,Tata Steel Limited,Steel,Basic Materials,True,F&O,1,Stage 1,Stage 1,Stage 1 - Unclear/Repair,0.58,Not enough evidence for Stage 2 or Stage 4; classified as repair/unclear structure.,,,2026-06-23,,watchlist,weekly_watchlist,watchlist,9.02,12.2,10.45,5.0,9.02,12.2,15.45,-1.91,-10.8,4426975376.04,"Stage 1, Stage 1 - Unclear/Repair, stage1_not_actionable, stage1_needs_more_base",687,635,Stage 1,watchlist,weekly_watchlist,16.69,-52,-1.240000000000002,False,False,False,False,False
JIOFIN.NS,Jio Financial Services Limited,Asset Management,Financial Services,True,F&O,1,Stage 4,Stage 4,Stage 4 - Confirmed Downtrend,0.86,Price is below a bearish moving-average stack with falling trend signals.,,,,,watchlist,weekly_watchlist,watchlist,9.72,36.9,21.95,0.0,9.72,36.9,21.95,-5.1,-7.27,2698078687.62,"Stage 4, Stage 4 - Confirmed Downtrend, weekly_vcp_ok, weekly_strong, downtrend",477,424,Stage 4,watchlist,weekly_watchlist,23.93,-53,-1.9800000000000004,False,False,False,False,False
LICHSGFIN.NS,LIC Housing Finance Limited,Mortgage Finance,Financial Services,True,F&O,1,Stage 2 Failed,Stage 1,Failed Stage 2,0.72,"This stock was recently Stage 2, but the latest structure no longer satisfies Stage 2 rules. It is kept as Stage 2 Failed until a fresh base/repair structure forms.",Recent Stage 2 break; public stage held as Stage 2 Failed.,2026-10-06,2026-09-30,,watchlist,weekly_watchlist,watchlist,9.45,28.1,17.84,0.0,9.45,28.1,17.84,-0.5,-2.84,1801033759.74,"Stage 1, Stage 1 - Base/Repair, weekly_vcp_ok, stage1_not_actionable, stage1_needs_more_base | Stage 2 failed state applied from stage memory.",603,549,Stage 2 Failed,watchlist,weekly_watchlist,19.81,-54,-1.9699999999999989,False,False,False,False,False
INDUSTOWER.NS,Indus Towers Limited,Telecom Services,Communication Services,True,F&O,1,Stage 4,Stage 4,Stage 4 - Weak/Declining,0.72,Price is below long-term support with weak trend evidence.,,,2026-05-26,,watchlist,weekly_watchlist,watchlist,5.84,35.8,19.32,0.0,5.84,35.8,19.32,4.04,-7.08,1851162475.19,"Stage 4, Stage 4 - Weak/Declining, weekly_vcp_ok, weekly_strong, downtrend",556,502,Stage 4,watchlist,weekly_watchlist,21.38,-54,-2.0599999999999987,False,False,False,False,False
DODLA.NS,Dodla Dairy Limited,Consumer Defensive,Consumer Defensive,False,Cash,1,Stage 4,Stage 4,Stage 4 - Confirmed Downtrend,0.86,Price is below a bearish moving-average stack with falling trend signals.,,,,,watchlist,weekly_watchlist,watchlist,0.0,36.9,16.61,0.0,0.0,36.9,16.61,-4.34,-2.88,23684447.47,"Stage 4, Stage 4 - Confirmed Downtrend, weekly_vcp_ok, volume_dryup, weekly_volume_dryup, weekly_strong, downtrend",634,580,Stage 4,watchlist,weekly_watchlist,18.74,-54,-2.129999999999999,False,False,False,False,False
FORCEMOT.NS,FORCE MOTORS LTD,Auto Manufacturers,Consumer Cyclical,True,F&O,1,Stage 4,Stage 4,Stage 4 - Confirmed Downtrend,0.86,Price is below a bearish moving-average stack with falling trend signals.,,,,,watchlist,weekly_watchlist,watchlist,10.38,36.9,22.31,2.0,10.38,36.9,24.31,-0.92,-23.3,1151508796.3,"Stage 4, Stage 4 - Confirmed Downtrend, weekly_vcp_ok, weekly_strong, downtrend",409,355,Stage 4,watchlist,weekly_watchlist,26.46,-54,-2.150000000000002,False,False,False,False,False
INNOVACAP.NS,Innova Captab Limited,Drug Manufacturers - Specialty & Generic,Healthcare,False,Cash,1,Stage 2,Stage 2,Stage 2,0.76,Advancing structure detected.,,,2026-10-05,,watchlist,weekly_watchlist,watchlist,34.87,23.6,29.8,10.0,34.87,23.6,39.8,19.87,68.55,157568928.47,"Stage 2, Stage 2, trend_template_ok",208,154,Stage 2,watchlist,weekly_watchlist,43.53,-54,-3.730000000000004,False,False,False,False,False
CARYSIL.NS,CARYSIL LIMITED,"Furnishings, Fixtures & Appliances",Consumer Cyclical,False,Cash,1,Stage 1,Stage 1,Stage 1 - Base/Repair,0.7,Price is near long-term moving averages with no strong long-term downtrend signal.,,,2026-09-14,,watchlist,weekly_watchlist,watchlist,4.96,1.16,3.25,0.0,4.96,1.16,3.25,-8.08,23.65,109902417.32,"Stage 1, Stage 1 - Base/Repair, stage1_not_actionable, stage1_needs_more_base",842,788,Stage 1,watchlist,weekly_watchlist,7.31,-54,-4.06,False,False,False,False,False
ESCORTS.NS,Escorts Kubota Limited,Farm & Heavy Construction Machinery,Industrials,False,Cash,1,Stage 4,Stage 4,Stage 4 - Confirmed Downtrend,0.86,Price is below a bearish moving-average stack with falling trend signals.,,,,,watchlist,weekly_watchlist,watchlist,6.84,35.8,19.87,2.0,6.84,35.8,21.87,0.21,-8.44,243123667.6,"Stage 4, Stage 4 - Confirmed Downtrend, weekly_vcp_ok, weekly_strong, downtrend",481,426,Stage 4,watchlist,weekly_watchlist,23.92,-55,-2.0500000000000007,False,False,False,False,False
JUBLCPL.NS,Jubilant Agri and Consumer Products Limited,Specialty Chemicals,Basic Materials,False,Cash,1,Stage 2 Failed,Stage 3,Failed Stage 2,0.72,"This stock was recently Stage 2, but the latest structure no longer satisfies Stage 2 rules. It is kept as Stage 2 Failed until a fresh base/repair structure forms.",Recent Stage 2 break; public stage held as Stage 2 Failed.,2026-10-06,2026-09-29,,watchlist,weekly_watchlist,watchlist,4.88,42.58,21.85,10.0,4.88,42.58,31.85,0.61,16.24,16827757.34,"Stage 3, Stage 3 - Transition, weekly_vcp_ok, volume_dryup, weekly_volume_dryup, weekly_strong, distribution_risk | Stage 2 failed state applied from stage memory.",294,239,Stage 2 Failed,watchlist,weekly_watchlist,35.16,-55,-3.309999999999995,False,False,False,False,False
GESHIP.NS,The Great Eastern Shipping Company Limited,Marine Shipping,Industrials,False,Cash,1,Stage 2,Stage 2,Early Stage 2,0.72,"Price has moved above long-term structure, but the full moving-average stack is not clean yet.",,,2026-10-05,,watchlist,weekly_watchlist,watchlist,38.65,17.53,29.15,10.0,38.65,17.53,39.15,13.65,17.64,1342970674.26,"Stage 2, Early Stage 2, weekly_volume_dryup",217,162,Stage 2,watchlist,weekly_watchlist,42.74,-55,-3.5900000000000034,False,False,False,False,False
MGL.NS,Mahanagar Gas Limited,Utilities,Utilities,False,Cash,1,Stage 2 Failed,Stage 4,Failed Stage 2,0.72,"This stock was recently Stage 2, but the latest structure no longer satisfies Stage 2 rules. It is kept as Stage 2 Failed until a fresh base/repair structure forms.",Recent Stage 2 break; public stage held as Stage 2 Failed.,2026-10-06,2026-09-23,,watchlist,weekly_watchlist,watchlist,10.69,35.92,22.04,0.0,10.69,35.92,22.04,-1.25,2.41,134785984.46,"Stage 4, Stage 4 - Weak/Declining, weekly_vcp_ok, volume_dryup, weekly_volume_dryup, weekly_strong, downtrend | Stage 2 failed state applied from stage memory.",474,418,Stage 2 Failed,watchlist,weekly_watchlist,24.27,-56,-2.2300000000000004,False,False,False,False,False
BEL.NS,Bharat Electronics Limited,Aerospace & Defense,Industrials,True,F&O,1,Not Sure,Stage 4,Pending Stage 4,0.55,Blocked public stage jump Stage 1 -> Stage 4; waiting for intermediate/confirmed structure.,Blocked public stage jump Stage 1 -> Stage 4; waiting for intermediate/confirmed structure.,,,Stage 4,watchlist,weekly_watchlist,watchlist,4.13,36.9,18.88,10.0,4.13,36.9,28.88,-1.86,-11.31,3465383380.68,"Stage 4, Stage 4 - Confirmed Downtrend, weekly_vcp_ok, volume_dryup, weekly_volume_dryup, weekly_strong, downtrend | Blocked public stage jump Stage 1 -> Stage 4; waiting for intermediate/confirmed structure.",324,266,Stage 1,watchlist,weekly_watchlist,32.99,-58,-4.110000000000003,False,False,False,False,False
SKYGOLD.NS,SKY GOLD AND DIAMONDS LIMITED,Luxury Goods,Consumer Cyclical,False,Cash,1,Stage 2,Stage 2,Extended Stage 2,0.78,"Advancing structure remains intact, but price is stretched versus key moving averages or far above the 52-week low.",,,2026-10-05,,watchlist,weekly_watchlist,watchlist,40.88,36.4,38.86,5.0,40.88,36.4,43.86,42.11,121.0,719438315.59,"Stage 2, Extended Stage 2, trend_template_ok",171,112,Stage 2,watchlist,weekly_watchlist,48.18,-59,-4.32,False,False,False,False,False
MAPMYINDIA.NS,C.E. Info Systems Limited,Software - Infrastructure,Technology,False,Cash,1,Stage 4,Stage 4,Stage 4 - Weak/Declining,0.72,Price is below long-term support with weak trend evidence.,,,,,watchlist,weekly_watchlist,watchlist,0.0,35.8,16.11,0.0,0.0,35.8,16.11,-12.36,-3.44,172605754.11,"Stage 4, Stage 4 - Weak/Declining, weekly_vcp_ok, volume_dryup, weekly_volume_dryup, weekly_strong, downtrend",673,613,Stage 4,watchlist,weekly_watchlist,18.11,-60,-2.0,False,False,False,False,False
TIIL.NS,Technocraft Industries (India) Limited,Tools & Accessories,Industrials,False,Cash,1,Stage 2,Stage 2,Early Stage 2,0.72,"Price has moved above long-term structure, but the full moving-average stack is not clean yet.",,,2026-10-05,,watchlist,weekly_forming,watchlist,16.11,63.01,37.21,2.0,16.11,63.01,39.21,18.34,22.74,91378902.97,"Stage 2, Early Stage 2, weekly_vcp_ok, volume_dryup, weekly_volume_dryup, weekly_strong",215,155,Stage 2,watchlist,weekly_forming,43.4,-60,-4.189999999999998,False,False,False,False,False
CUB.NS,City Union Bank Limited,Banks - Regional,Financial Services,False,Cash,1,Stage 2,Stage 2,Early Stage 2,0.72,"Price has moved above long-term structure, but the full moving-average stack is not clean yet.",,,2026-10-05,,watchlist,weekly_forming,watchlist,37.67,60.27,47.84,2.0,37.67,60.27,49.84,3.11,21.55,485088291.26,"Stage 2, Early Stage 2, weekly_vcp_ok, weekly_strong",111,51,Stage 2,watchlist,weekly_near_pivot,56.58,-60,-6.739999999999995,False,False,False,False,False
SANGAMIND.NS,Sangam (India) Limited,Textile Manufacturing,Consumer Cyclical,False,Cash,1,Stage 2,Stage 2,Stage 2,0.76,Advancing structure detected.,,,2026-10-05,,watchlist,weekly_watchlist,watchlist,10.38,24.53,16.75,10.0,10.38,24.53,26.75,21.72,43.63,32547335.57,"Stage 2, Stage 2",351,290,Stage 2,watchlist,weekly_watchlist,30.81,-61,-4.059999999999999,False,False,False,False,False
NIVABUPA.NS,Niva Bupa Health Insurance Company Limited,Insurance - Life,Financial Services,False,Cash,1,Stage 4,Stage 4,Stage 4 - Weak/Declining,0.72,Price is below long-term support with weak trend evidence.,,,2026-08-25,,watchlist,weekly_watchlist,watchlist,0.0,0.0,0.0,0.0,0.0,0.0,0.0,-6.08,5.07,109548664.47,"Stage 4, Stage 4 - Weak/Declining, downtrend",910,847,Not Sure,watchlist,weekly_watchlist,3.78,-63,-3.78,False,False,False,False,False
KALYANKJIL.NS,Kalyan Jewellers India Limited,Luxury Goods,Consumer Cyclical,True,F&O,1,Stage 2,Stage 2,Early Stage 2,0.72,"Price has moved above long-term structure, but the full moving-average stack is not clean yet.",,,2026-10-05,,watchlist,weekly_watchlist,watchlist,21.35,22.57,21.9,5.0,21.35,22.57,26.9,20.22,25.46,3358517468.48,"Stage 2, Early Stage 2, volume_dryup, weekly_volume_dryup",349,286,Stage 2,watchlist,weekly_watchlist,31.03,-63,-4.130000000000003,False,False,False,False,False
IIFLCAPS.NS,IIFL Capital Services Limited,Capital Markets,Financial Services,False,Cash,1,Stage 2,Stage 2,Early Stage 2,0.72,"Price has moved above long-term structure, but the full moving-average stack is not clean yet.",,,2026-10-05,,watchlist,weekly_near_pivot,watchlist,34.46,68.6,49.82,0.0,34.46,68.6,49.82,6.6,21.44,205785172.02,"Stage 2, Early Stage 2, weekly_vcp_ok, weekly_strong",112,49,Stage 2,watchlist,weekly_near_pivot,56.78,-63,-6.960000000000001,False,False,False,False,False
JSLL.NS,Jeena Sikho Lifecare Limited,Medical Care Facilities,Healthcare,False,Cash,1,Stage 4,Stage 4,Stage 4 - Confirmed Downtrend,0.86,Price is below a bearish moving-average stack with falling trend signals.,,,,,watchlist,weekly_watchlist,watchlist,10.41,22.1,15.67,0.0,10.41,22.1,15.67,-20.3,-31.83,246325601.57,"Stage 4, Stage 4 - Confirmed Downtrend, weekly_vcp_ok, downtrend",683,619,Stage 4,watchlist,weekly_watchlist,17.54,-64,-1.8699999999999992,False,False,False,False,False
SSWL.NS,Steel Strips Wheels Limited,Auto Parts,Consumer Cyclical,False,Cash,1,Stage 2,Stage 2,Extended Stage 2,0.78,"Advancing structure remains intact, but price is stretched versus key moving averages or far above the 52-week low.",,,2026-10-05,,watchlist,weekly_watchlist,watchlist,37.53,23.6,31.26,5.0,37.53,23.6,36.26,77.95,101.37,536760634.26,"Stage 2, Extended Stage 2, trend_template_ok",246,182,Stage 2,watchlist,weekly_watchlist,40.87,-64,-4.609999999999999,False,False,False,False,False
KDDL.NS,KDDL Limited,Luxury Goods,Consumer Cyclical,False,Cash,1,Stage 2,Stage 2,Clean Stage 2,0.9,"Price is above rising key averages, weekly structure is supportive, and the stock is near its 52-week high.",,,2026-10-05,,watchlist,weekly_watchlist,watchlist,38.93,35.2,37.25,5.0,38.93,35.2,42.25,30.42,76.27,143186406.81,"Stage 2, Clean Stage 2, trend_template_ok, weekly_volume_dryup",182,118,Stage 2,watchlist,weekly_watchlist,47.49,-64,-5.240000000000002,False,False,False,False,False
CASTROLIND.NS,Castrol India Limited,Oil & Gas Refining & Marketing,Energy,False,Cash,1,Stage 2,Stage 2,Clean Stage 2,0.9,"Price is above rising key averages, weekly structure is supportive, and the stock is near its 52-week high.",,,2026-10-05,,watchlist,weekly_breakout,watchlist,15.64,61.19,36.14,5.0,15.64,61.19,41.14,17.17,16.69,712347489.99,"Stage 2, Clean Stage 2, weekly_vcp_ok, weekly_volume_dryup, weekly_strong",193,129,Stage 2,watchlist,weekly_breakout,46.82,-64,-5.68,False,False,False,False,False
SJVN.NS,SJVN Limited,Utilities - Renewable,Utilities,False,Cash,1,Stage 4,Stage 4,Stage 4 - Confirmed Downtrend,0.86,Price is below a bearish moving-average stack with falling trend signals.,,,,,watchlist,weekly_watchlist,watchlist,6.7,36.9,20.29,0.0,6.7,36.9,20.29,-14.15,-19.75,166528570.97,"Stage 4, Stage 4 - Confirmed Downtrend, weekly_vcp_ok, weekly_strong, downtrend",534,469,Stage 4,watchlist,weekly_watchlist,22.35,-65,-2.0600000000000023,False,False,False,False,False
TVSHLTD.NS,TVS Holdings Limited,Auto Parts,Consumer Cyclical,False,Cash,1,Stage 4,Stage 4,Stage 4 - Confirmed Downtrend,0.86,Price is below a bearish moving-average stack with falling trend signals.,,,2026-08-13,,watchlist,weekly_watchlist,watchlist,4.07,38.0,19.34,5.0,4.07,38.0,24.34,-11.18,-14.46,115156119.8,"Stage 4, Stage 4 - Confirmed Downtrend, weekly_vcp_ok, weekly_strong, downtrend",408,342,Stage 4,watchlist,weekly_watchlist,27.09,-66,-2.75,False,False,False,False,False
NUVOCO.NS,Nuvoco Vistas Corporation Limited,Building Materials,Basic Materials,False,Cash,1,Stage 2 Failed,Stage 4,Failed Stage 2,0.72,"This stock was recently Stage 2, but the latest structure no longer satisfies Stage 2 rules. It is kept as Stage 2 Failed until a fresh base/repair structure forms.",Recent Stage 2 break; public stage held as Stage 2 Failed.,2026-10-06,2026-09-30,,watchlist,weekly_watchlist,watchlist,7.28,38.35,21.26,0.0,7.28,38.35,21.26,8.98,5.57,93945572.9,"Stage 4, Stage 4 - Weak/Declining, weekly_vcp_ok, weekly_strong, downtrend | Stage 2 failed state applied from stage memory.",501,434,Stage 2 Failed,watchlist,weekly_watchlist,23.78,-67,-2.5199999999999996,False,False,False,False,False
JUBLPHARMA.NS,Jubilant Pharmova Limited,Drug Manufacturers - Specialty & Generic,Healthcare,False,Cash,1,Stage 2,Stage 2,Early Stage 2,0.72,"Price has moved above long-term structure, but the full moving-average stack is not clean yet.",,,2026-10-05,,watchlist,weekly_watchlist,watchlist,12.86,20.12,16.13,10.0,12.86,20.12,26.13,7.22,13.96,317836520.87,"Stage 2, Early Stage 2",366,299,Stage 2,watchlist,weekly_watchlist,30.08,-67,-3.9499999999999993,False,False,False,False,False
ZYDUSLIFE.NS,Zydus Lifesciences Limited,Drug Manufacturers - Specialty & Generic,Healthcare,True,F&O,1,Stage 2,Stage 2,Stage 2,0.76,Advancing structure detected.,,,2026-10-05,,watchlist,weekly_watchlist,watchlist,16.07,35.24,24.7,10.0,16.07,35.24,34.7,4.76,27.62,1811123012.88,"Stage 2, Stage 2",265,197,Stage 2,watchlist,weekly_watchlist,39.61,-68,-4.909999999999997,False,False,False,False,False
SENCO.NS,Senco Gold Limited,Luxury Goods,Consumer Cyclical,False,Cash,1,Stage 2 Failed,Stage 4,Failed Stage 2,0.72,"This stock was recently Stage 2, but the latest structure no longer satisfies Stage 2 rules. It is kept as Stage 2 Failed until a fresh base/repair structure forms.",Recent Stage 2 break; public stage held as Stage 2 Failed.,2026-10-06,2026-09-23,,watchlist,weekly_watchlist,watchlist,0.0,0.0,0.0,5.0,0.0,0.0,5.0,-7.1,-0.27,218702012.23,"Stage 4, Stage 4, volume_dryup, weekly_volume_dryup, downtrend | Stage 2 failed state applied from stage memory.",824,756,Stage 2 Failed,watchlist,weekly_watchlist,10.0,-68,-5.0,False,False,False,False,False
BAJAJFINSV.NS,Bajaj Finserv Limited,Financial Services,Financial Services,True,F&O,1,Stage 4,Stage 4,Stage 4 - Weak/Declining,0.72,Price is below long-term support with weak trend evidence.,,,2026-09-04,,watchlist,weekly_watchlist,watchlist,4.57,35.8,18.62,0.0,4.57,35.8,18.62,-3.91,-1.09,1354717127.22,"Stage 4, Stage 4 - Weak/Declining, weekly_vcp_ok, weekly_strong, downtrend",573,503,Stage 4,watchlist,weekly_watchlist,21.37,-70,-2.75,False,False,False,False,False
AXISBANK.NS,Axis Bank Limited,Banks - Regional,Financial Services,True,F&O,1,Stage 4,Stage 4,Stage 4 - Weak/Declining,0.72,Price is below long-term support with weak trend evidence.,,,2026-07-17,,watchlist,weekly_watchlist,watchlist,0.0,22.1,9.95,2.0,0.0,22.1,11.95,-1.09,-6.89,6364210816.61,"Stage 4, Stage 4 - Weak/Declining, weekly_vcp_ok, downtrend",715,645,Stage 4,watchlist,weekly_watchlist,16.61,-70,-4.66,False,False,False,False,False
MARINE.NS,Marine Electricals (India) Limited,Electrical Equipment & Parts,Industrials,False,Cash,1,Stage 2,Stage 2,Extended Stage 2,0.78,"Advancing structure remains intact, but price is stretched versus key moving averages or far above the 52-week low.",,,2026-10-05,,watchlist,weekly_watchlist,watchlist,36.84,22.4,30.34,10.0,36.84,22.4,40.34,89.87,150.41,969472998.96,"Stage 2, Extended Stage 2, trend_template_ok",200,130,Stage 2,watchlist,weekly_watchlist,46.79,-70,-6.449999999999996,False,False,False,False,False
MAHSCOOTER.NS,Maharashtra Scooters Limited,Asset Management,Financial Services,False,Cash,1,Stage 2 Failed,Stage 4,Failed Stage 2,0.72,"This stock was recently Stage 2, but the latest structure no longer satisfies Stage 2 rules. It is kept as Stage 2 Failed until a fresh base/repair structure forms.",Recent Stage 2 break; public stage held as Stage 2 Failed.,2026-10-06,2026-09-24,,watchlist,weekly_watchlist,watchlist,5.26,36.9,19.5,0.0,5.26,36.9,19.5,1.3,-2.52,69259782.96,"Stage 4, Stage 4 - Weak/Declining, weekly_vcp_ok, weekly_strong, downtrend | Stage 2 failed state applied from stage memory.",551,480,Stage 2 Failed,watchlist,weekly_watchlist,21.91,-71,-2.41,False,False,False,False,False
MAXHEALTH.NS,Max Healthcare Institute Limited,Medical Care Facilities,Healthcare,True,F&O,1,Stage 2 Failed,Stage 4,Failed Stage 2,0.72,"This stock was recently Stage 2, but the latest structure no longer satisfies Stage 2 rules. It is kept as Stage 2 Failed until a fresh base/repair structure forms.",Recent Stage 2 break; public stage held as Stage 2 Failed.,2026-10-06,2026-09-24,,watchlist,weekly_watchlist,watchlist,9.2,36.9,21.66,0.0,9.2,36.9,21.66,-13.92,-4.16,2708601291.24,"Stage 4, Stage 4 - Confirmed Downtrend, weekly_vcp_ok, weekly_strong, downtrend | Stage 2 failed state applied from stage memory.",486,415,Stage 2 Failed,watchlist,weekly_watchlist,24.36,-71,-2.6999999999999993,False,False,False,False,False
SUNDARMFIN.NS,Sundaram Finance Limited,Credit Services,Financial Services,False,Cash,1,Not Sure,Stage 4,Pending Stage 4,0.55,Blocked public stage jump Stage 1 -> Stage 4; waiting for intermediate/confirmed structure.,Blocked public stage jump Stage 1 -> Stage 4; waiting for intermediate/confirmed structure.,,,Stage 4,watchlist,weekly_watchlist,watchlist,0.0,35.8,16.11,0.0,0.0,35.8,16.11,-0.33,-8.17,204220951.05,"Stage 4, Stage 4 - Weak/Declining, weekly_vcp_ok, volume_dryup, weekly_volume_dryup, weekly_strong, downtrend | Blocked public stage jump Stage 1 -> Stage 4; waiting for intermediate/confirmed structure.",651,577,Stage 1,watchlist,weekly_watchlist,18.81,-74,-2.6999999999999993,False,False,False,False,False
TCI.NS,Transport Corporation of India Limited,Industrials,Industrials,False,Cash,1,Stage 4,Stage 4,Stage 4 - Weak/Declining,0.72,Price is below long-term support with weak trend evidence.,,,,,watchlist,weekly_watchlist,watchlist,0.0,36.9,16.61,0.0,0.0,36.9,16.61,0.53,-11.37,308413645.09,"Stage 4, Stage 4 - Weak/Declining, weekly_vcp_ok, weekly_strong, downtrend",633,557,Stage 4,watchlist,weekly_watchlist,19.46,-76,-2.8500000000000014,False,False,False,False,False
IRCON.NS,Ircon International Limited,Engineering & Construction,Industrials,False,Cash,1,Stage 4,Stage 4,Stage 4 - Confirmed Downtrend,0.86,Price is below a bearish moving-average stack with falling trend signals.,,,,,watchlist,weekly_watchlist,watchlist,9.1,35.8,21.11,0.0,9.1,35.8,21.11,-11.44,-19.64,751998768.12,"Stage 4, Stage 4 - Confirmed Downtrend, weekly_vcp_ok, weekly_strong, downtrend",504,427,Stage 4,watchlist,weekly_watchlist,23.87,-77,-2.7600000000000016,False,False,False,False,False
ABREL.NS,Aditya Birla Real Estate Limited,Real Estate Services,Real Estate,False,Cash,1,Stage 4,Stage 4,Stage 4 - Weak/Declining,0.72,Price is below long-term support with weak trend evidence.,,,,,watchlist,weekly_watchlist,watchlist,7.2,35.8,20.07,0.0,7.2,35.8,20.07,-18.45,-19.82,239965677.08,"Stage 4, Stage 4 - Weak/Declining, weekly_vcp_ok, weekly_strong, downtrend",541,463,Stage 4,watchlist,weekly_watchlist,22.49,-78,-2.419999999999998,False,False,False,False,False
FINPIPE.NS,Finolex Industries Limited,Building Products & Equipment,Industrials,False,Cash,1,Stage 4,Stage 4,Stage 4 - Confirmed Downtrend,0.86,Price is below a bearish moving-average stack with falling trend signals.,,,,,watchlist,weekly_watchlist,watchlist,0.78,36.9,17.03,0.0,0.78,36.9,17.03,-2.43,-3.57,48388111.16,"Stage 4, Stage 4 - Confirmed Downtrend, weekly_vcp_ok, volume_dryup, weekly_volume_dryup, weekly_strong, downtrend",620,542,Stage 4,watchlist,weekly_watchlist,20.09,-78,-3.0599999999999987,False,False,False,False,False
RBLBANK.NS,RBL Bank Limited,Banks - Regional,Financial Services,True,F&O,1,Stage 2,Stage 2,Clean Stage 2,0.9,"Price is above rising key averages, weekly structure is supportive, and the stock is near its 52-week high.",,,2026-10-05,,watchlist,weekly_watchlist,watchlist,34.24,40.81,37.2,2.0,34.24,40.81,39.2,13.81,32.31,1360414229.32,"Stage 2, Clean Stage 2, trend_template_ok, weekly_volume_dryup",216,138,Stage 2,watchlist,weekly_watchlist,45.86,-78,-6.659999999999997,False,False,False,False,False
RAMRAT.NS,Ram Ratna Wires Limited,Electrical Equipment & Parts,Industrials,False,Cash,1,Stage 2,Stage 2,Extended Stage 2,0.78,"Advancing structure remains intact, but price is stretched versus key moving averages or far above the 52-week low.",,,2026-10-05,,watchlist,weekly_watchlist,watchlist,37.02,22.4,30.44,10.0,37.02,22.4,40.44,61.19,95.56,194493517.51,"Stage 2, Extended Stage 2, trend_template_ok",199,121,Stage 2,watchlist,weekly_watchlist,47.32,-78,-6.880000000000003,False,False,False,False,False
MPHASIS.NS,MphasiS Limited,Information Technology Services,Technology,True,F&O,1,Stage 4,Stage 4,Stage 4 - Weak/Declining,0.72,Price is below long-term support with weak trend evidence.,,,,,watchlist,weekly_watchlist,watchlist,7.8,37.75,21.28,2.0,7.8,37.75,23.28,6.25,2.25,1003950838.57,"Stage 4, Stage 4 - Weak/Declining, weekly_vcp_ok, weekly_strong, downtrend",441,362,Stage 4,watchlist,weekly_watchlist,26.25,-79,-2.969999999999999,False,False,False,False,False
NEWGEN.NS,Newgen Software Technologies Limited,Software - Infrastructure,Technology,False,Cash,1,Stage 4,Stage 4,Stage 4 - Weak/Declining,0.72,Price is below long-term support with weak trend evidence.,,,,,watchlist,weekly_watchlist,watchlist,7.57,36.9,20.77,0.0,7.57,36.9,20.77,-6.1,4.56,292210781.73,"Stage 4, Stage 4 - Weak/Declining, weekly_vcp_ok, volume_dryup, weekly_volume_dryup, weekly_strong, downtrend",522,442,Stage 4,watchlist,weekly_watchlist,23.34,-80,-2.5700000000000003,False,False,False,False,False
LLOYDSENGG.NS,LLOYDS ENGINEERING WORKS LIMITED,Specialty Industrial Machinery,Industrials,False,Cash,1,Stage 2,Stage 2,Extended Stage 2,0.78,"Advancing structure remains intact, but price is stretched versus key moving averages or far above the 52-week low.",,,2026-10-05,,watchlist,weekly_watchlist,watchlist,20.57,34.0,26.61,10.0,20.57,34.0,36.61,16.58,108.81,1260455898.56,"Stage 2, Extended Stage 2",245,164,Stage 2,watchlist,weekly_watchlist,42.35,-81,-5.740000000000002,False,False,False,False,False
BLUEDART.NS,Blue Dart Express Limited,Industrials,Industrials,False,Cash,1,Stage 4,Stage 4,Stage 4 - Confirmed Downtrend,0.86,Price is below a bearish moving-average stack with falling trend signals.,,,,,watchlist,weekly_watchlist,watchlist,4.63,36.9,19.15,0.0,4.63,36.9,19.15,-0.1,-8.72,61331668.56,"Stage 4, Stage 4 - Confirmed Downtrend, weekly_vcp_ok, volume_dryup, weekly_strong, downtrend",561,479,Stage 4,watchlist,weekly_watchlist,21.94,-82,-2.7900000000000027,False,False,False,False,False
GREAVESCOT.NS,Greaves Cotton Limited,Specialty Industrial Machinery,Industrials,False,Cash,1,Stage 3,Stage 3,Stage 3 - Transition,0.62,"The structure is transitioning after prior strength, but it is not yet a confirmed Stage 4 decline.",,,2026-08-18,,watchlist,weekly_watchlist,watchlist,17.32,9.71,13.9,10.0,17.32,9.71,23.9,-0.69,49.78,554732240.45,"Stage 3, Stage 3 - Transition, distribution_risk",419,337,Stage 3,watchlist,weekly_watchlist,27.41,-82,-3.5100000000000016,False,False,False,False,False
PRICOLLTD.NS,Pricol Limited,Auto Parts,Consumer Cyclical,False,Cash,1,Stage 2,Stage 2,Early Stage 2,0.72,"Price has moved above long-term structure, but the full moving-average stack is not clean yet.",,,2026-10-05,,watchlist,weekly_forming,watchlist,17.05,60.97,36.81,5.0,17.05,60.97,41.81,12.67,19.08,278192651.52,"Stage 2, Early Stage 2, weekly_vcp_ok, weekly_strong",187,104,Stage 2,watchlist,weekly_forming,48.95,-83,-7.140000000000001,False,False,False,False,False
ETHOSLTD.NS,Ethos Limited,Luxury Goods,Consumer Cyclical,False,Cash,1,Stage 3,Stage 3,Stage 3 - Transition,0.62,"The structure is transitioning after prior strength, but it is not yet a confirmed Stage 4 decline.",,,2026-09-14,,watchlist,weekly_watchlist,watchlist,0.0,41.5,18.68,5.0,0.0,41.5,23.68,8.38,8.63,124478628.87,"Stage 3, Stage 3 - Transition, weekly_vcp_ok, volume_dryup, weekly_volume_dryup, weekly_strong, distribution_risk",428,344,Stage 4,watchlist,weekly_watchlist,27.02,-84,-3.34,False,False,False,False,False
VSTTILLERS.NS,V.S.T Tillers Tractors Limited,Farm & Heavy Construction Machinery,Industrials,False,Cash,1,Stage 4,Stage 4,Stage 4 - Weak/Declining,0.72,Price is below long-term support with weak trend evidence.,,,,,watchlist,weekly_watchlist,watchlist,0.0,36.9,16.61,2.0,0.0,36.9,18.61,0.31,-12.79,50140097.94,"Stage 4, Stage 4 - Weak/Declining, weekly_vcp_ok, weekly_strong, downtrend",575,489,Stage 4,watchlist,weekly_watchlist,21.71,-86,-3.1000000000000014,False,False,False,False,False
NYKAA.NS,FSN E-Commerce Ventures Limited,Consumer Cyclical,Consumer Cyclical,True,F&O,1,Stage 2,Stage 2,Clean Stage 2,0.9,"Price is above rising key averages, weekly structure is supportive, and the stock is near its 52-week high.",,,2026-10-05,,watchlist,weekly_watchlist,watchlist,16.3,26.35,20.82,2.0,16.3,26.35,22.82,7.08,32.45,1439141588.25,"Stage 2, Clean Stage 2",450,364,Stage 2,watchlist,weekly_watchlist,26.2,-86,-3.379999999999999,False,False,False,False,False
GALAXYSURF.NS,Galaxy Surfactants Limited,Specialty Chemicals,Basic Materials,False,Cash,1,Stage 2,Stage 2,Clean Stage 2,0.9,"Price is above rising key averages, weekly structure is supportive, and the stock is near its 52-week high.",,,2026-10-05,,watchlist,weekly_watchlist,watchlist,42.62,31.59,37.66,10.0,42.62,31.59,47.66,28.67,39.23,125083547.65,"Stage 2, Clean Stage 2, trend_template_ok",131,45,Stage 2,watchlist,weekly_forming,57.95,-86,-10.290000000000006,False,False,False,False,False
AUTOAXLES.NS,Automotive Axles Limited,Auto Parts,Consumer Cyclical,False,Cash,1,Not Sure,Stage 4,Pending Stage 4,0.55,Blocked public stage jump Stage 1 -> Stage 4; waiting for intermediate/confirmed structure.,Blocked public stage jump Stage 1 -> Stage 4; waiting for intermediate/confirmed structure.,,2026-08-12,Stage 4,watchlist,weekly_watchlist,watchlist,0.0,35.8,16.11,5.0,0.0,35.8,21.11,-0.16,-0.48,10102540.45,"Stage 4, Stage 4 - Confirmed Downtrend, weekly_vcp_ok, volume_dryup, weekly_volume_dryup, weekly_strong, downtrend | Blocked public stage jump Stage 1 -> Stage 4; waiting for intermediate/confirmed structure.",512,422,Stage 1,watchlist,weekly_watchlist,24.13,-90,-3.0199999999999996,False,False,False,False,False
TMB.NS,Tamilnad Mercantile Bank Limited,Banks - Regional,Financial Services,False,Cash,1,Stage 2,Stage 2,Early Stage 2,0.72,"Price has moved above long-term structure, but the full moving-average stack is not clean yet.",,,2026-10-05,,watchlist,weekly_watchlist,watchlist,16.99,21.91,19.2,2.0,16.99,21.91,21.2,14.28,36.78,132732541.64,"Stage 2, Early Stage 2, weekly_volume_dryup",502,410,Stage 2,watchlist,weekly_watchlist,24.58,-92,-3.379999999999999,False,False,False,False,False
IREDA.NS,Indian Renewable Energy Development Agency Limited,Credit Services,Financial Services,True,F&O,1,Stage 4,Stage 4,Stage 4 - Confirmed Downtrend,0.86,Price is below a bearish moving-average stack with falling trend signals.,,,,,watchlist,weekly_watchlist,watchlist,0.0,22.1,9.95,0.0,0.0,22.1,9.95,-8.56,-10.21,511375472.46,"Stage 4, Stage 4 - Confirmed Downtrend, weekly_vcp_ok, weekly_volume_dryup, downtrend",757,663,Stage 4,watchlist,weekly_watchlist,16.11,-94,-6.16,False,False,False,False,False
LALPATHLAB.NS,Dr. Lal Path Labs Ltd.,Diagnostics & Research,Healthcare,False,Cash,1,Stage 2,Stage 2,Clean Stage 2,0.9,"Price is above rising key averages, weekly structure is supportive, and the stock is near its 52-week high.",,,2026-10-05,,watchlist,weekly_watchlist,watchlist,37.12,29.89,33.87,10.0,37.12,29.89,43.87,21.54,41.38,681228986.98,"Stage 2, Clean Stage 2, trend_template_ok",170,76,Stage 2,watchlist,weekly_watchlist,52.1,-94,-8.230000000000004,False,False,False,False,False
MINDACORP.NS,Minda Corporation Limited,Auto Parts,Consumer Cyclical,False,Cash,1,Stage 2,Stage 2,Messy Stage 2,0.64,"Long-term structure is still constructive, but the short-term/weekly structure is not clean.",,,2026-10-05,,watchlist,weekly_watchlist,watchlist,19.13,18.34,18.77,5.0,19.13,18.34,23.77,-1.76,29.21,123511840.17,"Stage 2, Messy Stage 2, volume_dryup, weekly_volume_dryup",422,327,Stage 2,watchlist,weekly_watchlist,28.03,-95,-4.260000000000002,False,False,False,False,False
VARROC.NS,Varroc Engineering Limited,Auto Parts,Consumer Cyclical,False,Cash,1,Stage 2,Stage 2,Early Stage 2,0.72,"Price has moved above long-term structure, but the full moving-average stack is not clean yet.",,,2026-10-05,,watchlist,weekly_forming,watchlist,26.4,65.8,44.13,5.0,26.4,65.8,49.13,28.01,55.89,276434976.13,"Stage 2, Early Stage 2, weekly_vcp_ok, volume_dryup, weekly_volume_dryup, weekly_strong",119,22,Stage 2,watchlist,weekly_near_pivot,62.16,-97,-13.029999999999994,False,False,False,False,False
THANGAMAYL.NS,Thangamayil Jewellery Limited,Luxury Goods,Consumer Cyclical,False,Cash,1,Stage 1,Stage 1,Stage 1 - Base/Repair,0.7,Price is near long-term moving averages with no strong long-term downtrend signal.,,,2026-08-28,,watchlist,weekly_watchlist,watchlist,11.7,0.8,6.8,5.0,11.7,0.8,11.8,-23.05,16.13,425692131.93,"Stage 1, Stage 1 - Base/Repair, volume_dryup, weekly_volume_dryup, stage1_not_actionable, stage1_needs_more_base",719,621,Stage 1,watchlist,weekly_watchlist,17.46,-98,-5.66,False,False,False,False,False
TEXRAIL.NS,Texmaco Rail & Engineering Limited,Industrials,Industrials,False,Cash,1,Stage 2,Stage 2,Early Stage 2,0.72,"Price has moved above long-term structure, but the full moving-average stack is not clean yet.",,,2026-10-05,,watchlist,weekly_forming,watchlist,30.18,61.88,44.45,0.0,30.18,61.88,44.45,6.13,23.66,439609705.94,"Stage 2, Early Stage 2, weekly_vcp_ok, weekly_strong",164,66,Stage 2,watchlist,weekly_near_pivot,53.16,-98,-8.709999999999994,False,False,False,False,False
BANCOINDIA.NS,Banco Products (I) Limited,Auto Parts,Consumer Cyclical,False,Cash,1,Stage 4,Stage 4,Stage 4 - Weak/Declining,0.72,Price is below long-term support with weak trend evidence.,,,2026-07-16,,watchlist,weekly_watchlist,watchlist,3.72,38.0,19.15,5.0,3.72,38.0,24.15,-5.84,4.24,48589335.97,"Stage 4, Stage 4 - Weak/Declining, weekly_vcp_ok, volume_dryup, weekly_volume_dryup, weekly_strong, downtrend",414,311,Stage 4,watchlist,weekly_watchlist,29.42,-103,-5.270000000000003,False,False,False,False,False
VAIBHAVGBL.NS,Vaibhav Global Limited,Luxury Goods,Consumer Cyclical,False,Cash,1,Stage 4,Stage 4,Stage 4 - Weak/Declining,0.72,Price is below long-term support with weak trend evidence.,,,2026-08-13,,watchlist,weekly_watchlist,watchlist,0.0,0.0,0.0,5.0,0.0,0.0,5.0,-15.72,-1.83,39843134.39,"Stage 4, Stage 4 - Weak/Declining, volume_dryup, weekly_volume_dryup, downtrend",826,723,Stage 4,watchlist,weekly_watchlist,12.97,-103,-7.970000000000001,False,False,False,False,False
LGBBROSLTD.NS,LG Balakrishnan & Bros Limited,Auto Parts,Consumer Cyclical,False,Cash,1,Stage 1,Stage 1,Stage 1 - Early Turn,0.66,The stock is improving from a repair/base area but has not confirmed a clean Stage 2 yet.,,,2026-09-03,,watchlist,weekly_watchlist,watchlist,5.58,21.08,12.55,5.0,5.58,21.08,17.55,12.52,-4.44,39964673.66,"Stage 1, Stage 1 - Early Turn, stage1_not_actionable, stage1_needs_more_base",610,505,Stage 1,watchlist,weekly_watchlist,21.33,-105,-3.7799999999999976,False,False,False,False,False
BALUFORGE.NS,Balu Forge Industries Limited,Metal Fabrication,Industrials,False,Cash,1,Stage 2 Failed,Stage 2,Failed Stage 2,0.7,Failed Stage 2 cooling period is still active; waiting for a fresh base or confirmed reclaim.,Failed Stage 2 hold period active.,,2026-09-21,,watchlist,weekly_watchlist,watchlist,14.97,17.87,16.28,10.0,14.97,17.87,26.28,17.96,16.77,294584959.18,"Stage 2, Early Stage 2, volume_dryup, weekly_volume_dryup | Failed Stage 2 hold period active.",362,252,Stage 2 Failed,watchlist,weekly_watchlist,33.83,-110,-7.549999999999997,False,False,False,False,False
EMCURE.NS,Emcure Pharmaceuticals Limited,Drug Manufacturers - Specialty & Generic,Healthcare,False,Cash,1,Stage 2,Stage 2,Early Stage 2,0.72,"Price has moved above long-term structure, but the full moving-average stack is not clean yet.",,,2026-10-05,,watchlist,weekly_watchlist,watchlist,29.67,28.23,29.02,10.0,29.67,28.23,39.02,11.08,21.18,413962611.13,"Stage 2, Early Stage 2, volume_dryup",218,106,Stage 2,watchlist,weekly_watchlist,48.7,-112,-9.68,False,False,False,False,False
IRCTC.NS,Indian Railway Catering And Tourism Corporation Limited,Consumer Cyclical,Consumer Cyclical,False,Cash,1,Stage 4,Stage 4,Stage 4 - Confirmed Downtrend,0.86,Price is below a bearish moving-average stack with falling trend signals.,,,,,watchlist,weekly_watchlist,watchlist,0.0,22.1,9.95,2.0,0.0,22.1,11.95,-4.9,-14.52,332065282.63,"Stage 4, Stage 4 - Confirmed Downtrend, weekly_vcp_ok, downtrend",716,602,Stage 4,watchlist,weekly_watchlist,18.11,-114,-6.16,False,False,False,False,False
ABBOTINDIA.NS,Abbott India Limited,Drug Manufacturers - Specialty & Generic,Healthcare,False,Cash,1,Stage 4,Stage 4,Stage 4 - Weak/Declining,0.72,Price is below long-term support with weak trend evidence.,,,2026-08-12,,watchlist,weekly_watchlist,watchlist,16.65,15.16,15.98,10.0,16.65,15.16,25.98,4.47,4.51,230999663.0,"Stage 4, Stage 4 - Weak/Declining, volume_dryup, weekly_volume_dryup, downtrend",380,264,Stage 3,watchlist,weekly_watchlist,33.14,-116,-7.16,False,False,False,False,False
GHCL.NS,GHCL Limited,Chemicals,Basic Materials,False,Cash,1,Stage 4,Stage 4,Stage 4 - Confirmed Downtrend,0.86,Price is below a bearish moving-average stack with falling trend signals.,,,,,watchlist,weekly_watchlist,watchlist,2.0,35.8,17.21,5.0,2.0,35.8,22.21,-1.61,-13.35,49684731.57,"Stage 4, Stage 4 - Confirmed Downtrend, weekly_vcp_ok, weekly_volume_dryup, weekly_strong, downtrend",468,349,Stage 4,watchlist,weekly_watchlist,26.62,-119,-4.41,False,False,False,False,False
GOLDIAM.NS,Goldiam International Limited,Luxury Goods,Consumer Cyclical,False,Cash,1,Stage 2 Failed,Stage 1,Failed Stage 2,0.72,"This stock was recently Stage 2, but the latest structure no longer satisfies Stage 2 rules. It is kept as Stage 2 Failed until a fresh base/repair structure forms.",Recent Stage 2 break; public stage held as Stage 2 Failed.,2026-10-06,2026-09-29,,watchlist,weekly_watchlist,watchlist,15.15,2.43,9.43,5.0,15.15,2.43,14.43,5.3,22.99,136753429.17,"Stage 1, Stage 1 - Base/Repair, volume_dryup, weekly_volume_dryup, stage1_not_actionable, stage1_needs_more_base | Stage 2 failed state applied from stage memory.",698,573,Stage 2 Failed,watchlist,weekly_watchlist,19.01,-125,-4.580000000000002,False,False,False,False,False
AZAD.NS,Azad Engineering Limited,Specialty Industrial Machinery,Industrials,False,Cash,1,Stage 2,Stage 2,Extended Stage 2,0.78,"Advancing structure remains intact, but price is stretched versus key moving averages or far above the 52-week low.",,,2026-10-05,,watchlist,weekly_watchlist,watchlist,39.6,32.8,36.54,10.0,39.6,32.8,46.54,28.15,76.73,2800604650.13,"Stage 2, Extended Stage 2, trend_template_ok",143,17,Stage 2,watchlist,weekly_near_pivot,63.21,-126,-16.67,False,False,False,False,False
MOTILALOFS.NS,Motilal Oswal Financial Services Limited,Capital Markets,Financial Services,True,F&O,1,Stage 2,Stage 2,Clean Stage 2,0.9,"Price is above rising key averages, weekly structure is supportive, and the stock is near its 52-week high.",,,2026-10-05,,watchlist,weekly_watchlist,watchlist,61.81,28.26,46.71,0.0,61.81,28.26,46.71,15.03,43.62,808963600.69,"Stage 2, Clean Stage 2, trend_template_ok",140,14,Stage 2,watchlist,weekly_near_pivot,64.96,-126,-18.249999999999993,False,False,False,False,False
MANYAVAR.NS,Vedant Fashions Limited,Apparel Manufacturing,Consumer Cyclical,False,Cash,1,Stage 2 Failed,Not Sure,Failed Stage 2,0.72,"This stock was recently Stage 2, but the latest structure no longer satisfies Stage 2 rules. It is kept as Stage 2 Failed until a fresh base/repair structure forms.",Recent Stage 2 break; public stage held as Stage 2 Failed.,2026-10-06,2026-10-05,,watchlist,weekly_watchlist,watchlist,27.45,48.25,36.81,0.0,27.45,48.25,36.81,35.24,33.23,171326759.17,"Not Sure, Not Sure, weekly_vcp_ok, volume_dryup, weekly_volume_dryup, weekly_strong | Stage 2 failed state applied from stage memory.",242,113,Stage 2,watchlist,weekly_forming,48.16,-129,-11.349999999999994,False,False,False,False,False
SETL.NS,Standard Engineering Technology Limited,Specialty Industrial Machinery,Industrials,False,Cash,1,Stage 2,Stage 2,Extended Stage 2,0.78,"Advancing structure remains intact, but price is stretched versus key moving averages or far above the 52-week low.",,,2026-10-05,,watchlist,weekly_watchlist,watchlist,41.25,28.4,35.47,10.0,41.25,28.4,45.47,51.96,222.92,345436072.14,"Stage 2, Extended Stage 2, trend_template_ok, volume_dryup, weekly_volume_dryup",156,27,Stage 2,watchlist,weekly_breakout,61.22,-129,-15.75,False,False,False,False,False
GALLANTT.NS,Gallantt Ispat Limited,Steel,Basic Materials,False,Cash,1,Stage 4,Stage 4,Stage 4 - Weak/Declining,0.72,Price is below long-term support with weak trend evidence.,,,2026-06-26,,watchlist,weekly_watchlist,watchlist,2.0,33.8,16.31,5.0,2.0,33.8,21.31,-15.1,-18.37,43819296.16,"Stage 4, Stage 4 - Weak/Declining, weekly_vcp_ok, weekly_volume_dryup, weekly_strong, downtrend",499,367,Stage 4,watchlist,weekly_watchlist,26.11,-132,-4.800000000000001,False,False,False,False,False
CHALET.NS,Chalet Hotels Limited,Lodging,Consumer Cyclical,False,Cash,1,Stage 2 Failed,Stage 4,Failed Stage 2,0.72,"This stock was recently Stage 2, but the latest structure no longer satisfies Stage 2 rules. It is kept as Stage 2 Failed until a fresh base/repair structure forms.",Recent Stage 2 break; public stage held as Stage 2 Failed.,2026-10-06,2026-09-29,,watchlist,weekly_watchlist,watchlist,6.38,33.32,18.5,2.0,6.38,33.32,20.5,4.64,7.19,145942994.11,"Stage 4, Stage 4 - Weak/Declining, weekly_vcp_ok, weekly_strong, downtrend | Stage 2 failed state applied from stage memory.",528,389,Stage 2 Failed,watchlist,weekly_watchlist,25.41,-139,-4.91,False,False,False,False,False
ADFFOODS.NS,ADF Foods Limited,Packaged Foods,Consumer Defensive,False,Cash,1,Stage 2,Stage 2,Stage 2,0.76,Advancing structure detected.,,,2026-10-05,,watchlist,weekly_watchlist,watchlist,15.23,28.69,21.29,2.0,15.23,28.69,23.29,-2.87,53.77,34273600.9,"Stage 2, Stage 2, volume_dryup",440,295,Stage 2,watchlist,weekly_watchlist,30.33,-145,-7.039999999999999,False,False,False,False,False
PNGJL.NS,P N Gadgil Jewellers Limited,Luxury Goods,Consumer Cyclical,False,Cash,1,Stage 4,Stage 4,Stage 4 - Weak/Declining,0.72,Price is below long-term support with weak trend evidence.,,,2026-09-08,,watchlist,weekly_watchlist,watchlist,0.0,35.8,16.11,5.0,0.0,35.8,21.11,5.89,-6.49,235762851.38,"Stage 4, Stage 4 - Weak/Declining, weekly_vcp_ok, volume_dryup, weekly_volume_dryup, weekly_strong, downtrend",506,357,Stage 4,watchlist,weekly_watchlist,26.38,-149,-5.27,False,False,False,False,False
TCPLPACK.NS,TCPL Packaging Limited,Consumer Cyclical,Consumer Cyclical,False,Cash,1,Stage 2,Stage 2,Clean Stage 2,0.9,"Price is above rising key averages, weekly structure is supportive, and the stock is near its 52-week high.",,,2026-10-05,,watchlist,weekly_watchlist,watchlist,50.2,26.0,39.31,2.0,50.2,26.0,41.31,42.77,63.55,32298000.07,"Stage 2, Clean Stage 2, trend_template_ok, volume_dryup, weekly_volume_dryup",191,41,Stage 2,watchlist,weekly_forming,58.87,-150,-17.559999999999995,False,False,False,False,False
LUMAXTECH.NS,Lumax Auto Technologies Limited,Auto Parts,Consumer Cyclical,False,Cash,1,Stage 2,Stage 2,Early Stage 2,0.72,"Price has moved above long-term structure, but the full moving-average stack is not clean yet.",,,2026-10-05,,watchlist,weekly_watchlist,watchlist,21.56,22.42,21.95,5.0,21.56,22.42,26.95,29.21,3.01,275418825.12,"Stage 2, Early Stage 2, volume_dryup, weekly_volume_dryup",347,196,Stage 2,watchlist,weekly_watchlist,39.77,-151,-12.820000000000004,False,False,False,False,False
GREENPLY.NS,Greenply Industries Limited,Basic Materials,Basic Materials,False,Cash,1,Stage 2,Stage 2,Stage 2,0.76,Advancing structure detected.,,,2026-10-05,,watchlist,weekly_watchlist,watchlist,17.2,28.92,22.47,0.0,17.2,28.92,22.47,6.17,47.05,70335390.49,"Stage 2, Stage 2",460,305,Stage 2,watchlist,weekly_watchlist,29.76,-155,-7.290000000000003,False,False,False,False,False
BANARISUG.NS,Bannari Amman Sugars Limited,Consumer Defensive,Consumer Defensive,False,Cash,1,Stage 4,Stage 4,Stage 4 - Confirmed Downtrend,0.86,Price is below a bearish moving-average stack with falling trend signals.,,,2026-09-08,,watchlist,weekly_watchlist,watchlist,0.0,0.0,0.0,0.0,0.0,0.0,0.0,1.27,-6.04,3865411.07,"Stage 4, Stage 4 - Confirmed Downtrend, volume_dryup, weekly_volume_dryup, downtrend",923,760,Stage 4,watchlist,weekly_watchlist,9.95,-163,-9.95,False,False,False,False,False
KIMS.NS,Krishna Institute of Medical Sciences Limited,Medical Care Facilities,Healthcare,False,Cash,1,Stage 2 Failed,Stage 4,Failed Stage 2,0.72,"This stock was recently Stage 2, but the latest structure no longer satisfies Stage 2 rules. It is kept as Stage 2 Failed until a fresh base/repair structure forms.",Recent Stage 2 break; public stage held as Stage 2 Failed.,2026-10-06,2026-09-24,,watchlist,weekly_watchlist,watchlist,10.37,31.4,19.83,0.0,10.37,31.4,19.83,-10.16,5.23,457754798.33,"Stage 4, Stage 4, weekly_vcp_ok, weekly_strong, downtrend | Stage 2 failed state applied from stage memory.",547,378,Stage 2 Failed,watchlist,weekly_watchlist,26.04,-169,-6.210000000000001,False,False,False,False,False
SUNTV.NS,Sun TV Network Limited,Communication Services,Communication Services,False,Cash,1,Stage 1,Stage 1,Stage 1 - Early Turn,0.66,The stock is improving from a repair/base area but has not confirmed a clean Stage 2 yet.,,,,,watchlist,weekly_watchlist,watchlist,0.0,10.82,4.87,5.0,0.0,10.82,9.87,32.55,7.61,1930044007.39,"Stage 1, Stage 1 - Early Turn, stage1_not_actionable, stage1_needs_more_base",758,582,Not Sure,watchlist,weekly_watchlist,18.67,-176,-8.800000000000002,False,False,False,False,False
TI.NS,Tilaknagar Industries Limited,Consumer Defensive,Consumer Defensive,False,Cash,1,Stage 2,Stage 2,Messy Stage 2,0.64,"Long-term structure is still constructive, but the short-term/weekly structure is not clean.",,,2026-10-05,,watchlist,weekly_watchlist,watchlist,42.0,21.23,32.65,0.0,42.0,21.23,32.65,27.42,28.91,499084427.62,"Stage 2, Messy Stage 2, trend_template_ok",284,108,Stage 2,watchlist,weekly_forming,48.57,-176,-15.920000000000002,False,False,False,False,False
SPARC.NS,Sun Pharma Advanced Research Company Limited,Drug Manufacturers - Specialty & Generic,Healthcare,False,Cash,1,Stage 3,Stage 3,Stage 3 - Distribution/Damage,0.76,"Prior strength exists, but short-term and/or weekly structure is deteriorating.",,,2026-08-07,,watchlist,weekly_watchlist,watchlist,6.81,6.91,6.86,10.0,6.81,6.91,16.86,-24.44,33.57,184556097.19,"Stage 3, Stage 3 - Distribution/Damage, distribution_risk",623,438,Not Sure,watchlist,weekly_watchlist,23.56,-185,-6.699999999999999,False,False,False,False,False
RSYSTEMS.NS,R Systems International Limited,Information Technology Services,Technology,False,Cash,1,Not Sure,Stage 4,Pending Stage 4,0.55,Blocked public stage jump Stage 1 -> Stage 4; waiting for intermediate/confirmed structure.,Blocked public stage jump Stage 1 -> Stage 4; waiting for intermediate/confirmed structure.,,,Stage 4,watchlist,weekly_watchlist,watchlist,7.59,36.81,20.74,2.0,7.59,36.81,22.74,12.21,-2.09,2099342267.6,"Stage 4, Stage 4 - Weak/Declining, weekly_vcp_ok, weekly_strong, downtrend | Blocked public stage jump Stage 1 -> Stage 4; waiting for intermediate/confirmed structure.",453,262,Stage 1,watchlist,weekly_watchlist,33.24,-191,-10.500000000000004,False,False,False,False,False
GLENMARK.NS,Glenmark Pharmaceuticals Limited,Drug Manufacturers - Specialty & Generic,Healthcare,True,F&O,1,Stage 2 Failed,Stage 1,Failed Stage 2,0.72,"This stock was recently Stage 2, but the latest structure no longer satisfies Stage 2 rules. It is kept as Stage 2 Failed until a fresh base/repair structure forms.",Recent Stage 2 break; public stage held as Stage 2 Failed.,2026-10-06,2026-10-05,,watchlist,weekly_watchlist,watchlist,0.0,45.23,20.35,10.0,0.0,45.23,30.35,5.96,6.32,1300064658.19,"Stage 1, Stage 1 - Base/Repair, weekly_vcp_ok, weekly_strong, stage1_not_actionable, stage1_needs_more_base | Stage 2 failed state applied from stage memory.",308,116,Stage 2,watchlist,weekly_forming,47.6,-192,-17.25,False,False,False,False,False
SONACOMS.NS,Sona BLW Precision Forgings Limited,Auto Parts,Consumer Cyclical,True,F&O,1,Stage 2,Stage 2,Clean Stage 2,0.9,"Price is above rising key averages, weekly structure is supportive, and the stock is near its 52-week high.",,,2026-10-05,,watchlist,weekly_watchlist,watchlist,37.5,32.06,35.05,5.0,37.5,32.06,40.05,27.28,45.29,1809002194.99,"Stage 2, Clean Stage 2, trend_template_ok, weekly_volume_dryup",206,13,Stage 2,watchlist,weekly_near_pivot,65.92,-193,-25.870000000000005,False,False,False,False,False
AARTIPHARM.NS,Aarti Pharmalabs Limited,Drug Manufacturers - Specialty & Generic,Healthcare,False,Cash,1,Stage 2,Stage 2,Early Stage 2,0.72,"Price has moved above long-term structure, but the full moving-average stack is not clean yet.",,,2026-10-05,,watchlist,weekly_watchlist,watchlist,23.1,26.0,24.41,10.0,23.1,26.0,34.41,42.39,42.14,733500400.56,"Stage 2, Early Stage 2, weekly_volume_dryup",268,73,Stage 2,watchlist,weekly_breakout,52.23,-195,-17.82,False,False,False,False,False
NIITMTS.NS,NIIT Learning Systems Limited,Consumer Defensive,Consumer Defensive,False,Cash,1,Stage 4,Stage 4,Stage 4 - Confirmed Downtrend,0.86,Price is below a bearish moving-average stack with falling trend signals.,,,,,watchlist,weekly_watchlist,watchlist,0.2,35.8,16.22,0.0,0.2,35.8,16.22,-9.52,-32.94,47953073.37,"Stage 4, Stage 4 - Confirmed Downtrend, weekly_vcp_ok, weekly_strong, downtrend",640,440,Stage 4,watchlist,weekly_watchlist,23.37,-200,-7.150000000000002,False,False,False,False,False
ASKAUTOLTD.NS,ASK Automotive Limited,Auto Parts,Consumer Cyclical,False,Cash,1,Stage 2,Stage 2,Early Stage 2,0.72,"Price has moved above long-term structure, but the full moving-average stack is not clean yet.",,,2026-10-05,,watchlist,weekly_watchlist,watchlist,40.65,26.4,34.24,5.0,40.65,26.4,39.24,32.14,39.88,198193031.84,"Stage 2, Early Stage 2, volume_dryup, weekly_volume_dryup",214,11,Stage 2,watchlist,weekly_forming,66.97,-203,-27.729999999999997,False,False,False,False,False
INOXWIND.NS,Inox Wind Limited,Specialty Industrial Machinery,Industrials,True,F&O,1,Stage 4,Stage 4,Stage 4 - Confirmed Downtrend,0.86,Price is below a bearish moving-average stack with falling trend signals.,,,,,watchlist,weekly_watchlist,watchlist,4.69,6.2,5.37,10.0,4.69,6.2,15.37,-12.21,-20.69,651890097.28,"Stage 4, Stage 4 - Confirmed Downtrend, volume_dryup, weekly_volume_dryup, downtrend",688,484,Stage 4,watchlist,weekly_watchlist,21.84,-204,-6.470000000000001,False,False,False,False,False
PHOENIXLTD.NS,The Phoenix Mills Limited,Real Estate,Real Estate,True,F&O,1,Stage 2,Stage 2,Messy Stage 2,0.64,"Long-term structure is still constructive, but the short-term/weekly structure is not clean.",,,2026-10-05,,watchlist,weekly_watchlist,watchlist,33.39,23.41,28.9,2.0,33.39,23.41,30.9,-5.04,11.14,780308970.09,"Stage 2, Messy Stage 2",303,96,Stage 2,watchlist,weekly_forming,49.65,-207,-18.75,False,False,False,False,False
LUMAXIND.NS,Lumax Industries Limited,Auto Parts,Consumer Cyclical,False,Cash,1,Stage 2 Failed,Stage 1,Failed Stage 2,0.72,"This stock was recently Stage 2, but the latest structure no longer satisfies Stage 2 rules. It is kept as Stage 2 Failed until a fresh base/repair structure forms.",Recent Stage 2 break; public stage held as Stage 2 Failed.,2026-10-06,2026-10-05,,watchlist,weekly_watchlist,watchlist,0.0,44.02,19.81,5.0,0.0,44.02,24.81,6.9,4.3,75358895.78,"Stage 1, Stage 1 - Base/Repair, weekly_vcp_ok, volume_dryup, weekly_volume_dryup, weekly_strong, stage1_not_actionable, stage1_needs_more_base | Stage 2 failed state applied from stage memory.",399,188,Stage 2,watchlist,weekly_forming,40.38,-211,-15.570000000000004,False,False,False,False,False
TORNTPHARM.NS,Torrent Pharmaceuticals Limited,Drug Manufacturers - Specialty & Generic,Healthcare,True,F&O,1,Stage 2 Failed,Stage 3,Failed Stage 2,0.72,"This stock was recently Stage 2, but the latest structure no longer satisfies Stage 2 rules. It is kept as Stage 2 Failed until a fresh base/repair structure forms.",Recent Stage 2 break; public stage held as Stage 2 Failed.,2026-10-06,2026-10-05,,watchlist,weekly_watchlist,watchlist,20.66,6.2,14.15,10.0,20.66,6.2,24.15,2.05,15.91,1681769414.52,"Stage 3, Stage 3 - Transition, distribution_risk | Stage 2 failed state applied from stage memory.",415,203,Stage 2,watchlist,weekly_watchlist,39.31,-212,-15.160000000000004,False,False,False,False,False
VRLLOG.NS,VRL Logistics Limited,Industrials,Industrials,False,Cash,1,Stage 2,Stage 2,Early Stage 2,0.72,"Price has moved above long-term structure, but the full moving-average stack is not clean yet.",,,2026-10-05,,watchlist,weekly_watchlist,watchlist,30.28,21.95,26.53,0.0,30.28,21.95,26.53,28.55,11.0,32292522.35,"Stage 2, Early Stage 2, volume_dryup, weekly_volume_dryup",359,136,Stage 2,watchlist,weekly_forming,46.35,-223,-19.82,False,False,False,False,False
GABRIEL.NS,Gabriel India Limited,Auto Parts,Consumer Cyclical,False,Cash,1,Stage 2,Stage 2,Early Stage 2,0.72,"Price has moved above long-term structure, but the full moving-average stack is not clean yet.",,,2026-10-05,,watchlist,weekly_watchlist,watchlist,17.39,25.08,20.85,5.0,17.39,25.08,25.85,12.73,46.06,925492349.53,"Stage 2, Early Stage 2, weekly_volume_dryup",383,156,Stage 2,watchlist,weekly_forming,43.31,-227,-17.46,False,False,False,False,False
CGCL.NS,Capri Global Capital Limited,Credit Services,Financial Services,False,Cash,1,Stage 2,Stage 2,Early Stage 2,0.72,"Price has moved above long-term structure, but the full moving-average stack is not clean yet.",,,2026-10-05,,watchlist,weekly_watchlist,watchlist,20.74,22.99,21.75,0.0,20.74,22.99,21.75,2.42,35.45,787258585.99,"Stage 2, Early Stage 2, volume_dryup, weekly_volume_dryup",484,254,Stage 2,watchlist,weekly_watchlist,33.69,-230,-11.939999999999998,False,False,False,False,False
KPIGREEN.NS,KPI Green Energy Limited,Utilities - Renewable,Utilities,False,Cash,1,Stage 4,Stage 4,Stage 4 - Confirmed Downtrend,0.86,Price is below a bearish moving-average stack with falling trend signals.,,,,,watchlist,weekly_watchlist,watchlist,0.0,0.8,0.36,0.0,0.0,0.8,0.36,-14.5,-20.73,1067826100.89,"Stage 4, Stage 4 - Confirmed Downtrend, weekly_volume_dryup, downtrend",902,670,Stage 4,watchlist,weekly_watchlist,16.11,-232,-15.75,False,False,False,False,False
VADILALIND.NS,Vadilal Industries Limited,Packaged Foods,Consumer Defensive,False,Cash,1,Stage 2,Stage 2,Early Stage 2,0.72,"Price has moved above long-term structure, but the full moving-average stack is not clean yet.",,,2026-10-05,,watchlist,weekly_watchlist,watchlist,22.5,26.0,24.08,2.0,22.5,26.0,26.08,20.57,65.08,111956084.5,"Stage 2, Early Stage 2, volume_dryup, weekly_volume_dryup",378,145,Stage 2,watchlist,weekly_forming,44.48,-233,-18.4,False,False,False,False,False
ADANIPORTS.NS,Adani Ports and Special Economic Zone Limited,Marine Shipping,Industrials,True,F&O,1,Stage 2 Failed,Stage 1,Failed Stage 2,0.72,"This stock was recently Stage 2, but the latest structure no longer satisfies Stage 2 rules. It is kept as Stage 2 Failed until a fresh base/repair structure forms.",Recent Stage 2 break; public stage held as Stage 2 Failed.,2026-10-06,2026-10-05,,watchlist,weekly_watchlist,watchlist,11.24,17.32,13.98,10.0,11.24,17.32,23.98,2.19,23.06,3541945225.17,"Stage 1, Stage 1 - Base/Repair, volume_dryup, weekly_volume_dryup, stage1_not_actionable, stage1_needs_more_base | Stage 2 failed state applied from stage memory.",416,181,Stage 2,watchlist,weekly_watchlist,40.88,-235,-16.900000000000002,False,False,False,False,False
RTNINDIA.NS,RattanIndia Enterprises Limited,Consumer Cyclical,Consumer Cyclical,False,Cash,1,Stage 4,Stage 4,Stage 4 - Confirmed Downtrend,0.86,Price is below a bearish moving-average stack with falling trend signals.,,,,,watchlist,weekly_watchlist,watchlist,0.2,4.0,1.91,2.0,0.2,4.0,3.91,-15.68,-19.55,41715881.35,"Stage 4, Stage 4 - Confirmed Downtrend, downtrend",836,597,Stage 4,watchlist,weekly_watchlist,18.22,-239,-14.309999999999999,False,False,False,False,False
PNCINFRA.NS,PNC Infratech Limited,Engineering & Construction,Industrials,False,Cash,1,Stage 4,Stage 4,Stage 4 - Confirmed Downtrend,0.86,Price is below a bearish moving-average stack with falling trend signals.,,,,,watchlist,weekly_watchlist,watchlist,0.0,0.0,0.0,0.0,0.0,0.0,0.0,-37.68,-23.81,319101558.13,"Stage 4, Stage 4 - Confirmed Downtrend, weekly_volume_dryup, downtrend",919,679,Stage 4,watchlist,weekly_watchlist,16.11,-240,-16.11,False,False,False,False,False
SHOPERSTOP.NS,Shoppers Stop Limited,Consumer Cyclical,Consumer Cyclical,False,Cash,1,Stage 2 Failed,Not Sure,Failed Stage 2,0.72,"This stock was recently Stage 2, but the latest structure no longer satisfies Stage 2 rules. It is kept as Stage 2 Failed until a fresh base/repair structure forms.",Recent Stage 2 break; public stage held as Stage 2 Failed.,2026-10-06,2026-10-05,,watchlist,weekly_watchlist,watchlist,26.0,10.6,19.07,2.0,26.0,10.6,21.07,22.6,35.44,165521295.92,"Not Sure, Not Sure, weekly_volume_dryup | Stage 2 failed state applied from stage memory.",514,273,Stage 2,watchlist,weekly_watchlist,32.07,-241,-11.0,False,False,False,False,False
BAJAJHLDNG.NS,Bajaj Holdings & Investment Limited,Asset Management,Financial Services,True,F&O,1,Stage 2 Failed,Stage 3,Failed Stage 2,0.72,"This stock was recently Stage 2, but the latest structure no longer satisfies Stage 2 rules. It is kept as Stage 2 Failed until a fresh base/repair structure forms.",Recent Stage 2 break; public stage held as Stage 2 Failed.,2026-10-06,2026-10-05,,watchlist,weekly_watchlist,watchlist,14.52,43.42,27.53,0.0,14.52,43.42,27.53,5.39,8.8,429677358.06,"Stage 3, Stage 3 - Transition, weekly_vcp_ok, weekly_strong, distribution_risk | Stage 2 failed state applied from stage memory.",339,98,Stage 2,watchlist,weekly_near_pivot,49.51,-241,-21.979999999999997,False,False,False,False,False
MPSLTD.NS,MPS Limited,Communication Services,Communication Services,False,Cash,1,Stage 2,Stage 2,Early Stage 2,0.72,"Price has moved above long-term structure, but the full moving-average stack is not clean yet.",,,2026-10-05,,watchlist,weekly_watchlist,watchlist,13.62,26.0,19.19,5.0,13.62,26.0,24.19,37.18,54.38,36759214.26,"Stage 2, Early Stage 2, volume_dryup, weekly_volume_dryup",412,168,Stage 2,watchlist,weekly_forming,42.03,-244,-17.84,False,False,False,False,False
EIHOTEL.NS,EIH Limited,Lodging,Consumer Cyclical,False,Cash,1,Stage 4,Stage 4,Stage 4 - Confirmed Downtrend,0.86,Price is below a bearish moving-average stack with falling trend signals.,,,,,watchlist,weekly_watchlist,watchlist,0.0,2.0,0.9,2.0,0.0,2.0,2.9,-3.77,-1.22,109529133.4,"Stage 4, Stage 4 - Confirmed Downtrend, downtrend",850,604,Stage 4,watchlist,weekly_watchlist,18.11,-246,-15.209999999999999,False,False,False,False,False
TATATECH.NS,Tata Technologies Limited,Information Technology Services,Technology,False,Cash,1,Stage 2 Failed,Stage 1,Failed Stage 2,0.72,"This stock was recently Stage 2, but the latest structure no longer satisfies Stage 2 rules. It is kept as Stage 2 Failed until a fresh base/repair structure forms.",Recent Stage 2 break; public stage held as Stage 2 Failed.,2026-10-06,2026-10-05,,watchlist,weekly_watchlist,watchlist,0.0,2.67,1.2,2.0,0.0,2.67,3.2,2.48,28.24,552815130.17,"Stage 1, Stage 1 - Base/Repair, volume_dryup, weekly_volume_dryup, stage1_not_actionable, stage1_needs_more_base | Stage 2 failed state applied from stage memory.",845,593,Stage 2,watchlist,weekly_watchlist,18.4,-252,-15.2,False,False,False,False,False
SBILIFE.NS,SBI Life Insurance Company Limited,Insurance - Life,Financial Services,True,F&O,1,Stage 4,Stage 4,Stage 4 - Confirmed Downtrend,0.86,Price is below a bearish moving-average stack with falling trend signals.,,,,,watchlist,weekly_watchlist,watchlist,0.0,0.0,0.0,0.0,0.0,0.0,0.0,0.7,-8.17,2048365195.7,"Stage 4, Stage 4 - Confirmed Downtrend, downtrend",906,651,Stage 4,watchlist,weekly_watchlist,16.11,-255,-16.11,False,False,False,False,False
SANOFI.NS,Sanofi India Limited,Drug Manufacturers - General,Healthcare,False,Cash,1,Stage 4,Stage 4,Stage 4 - Confirmed Downtrend,0.86,Price is below a bearish moving-average stack with falling trend signals.,,,,,watchlist,weekly_watchlist,watchlist,0.0,5.2,2.34,5.0,0.0,5.2,7.34,-5.8,-10.1,54267930.56,"Stage 4, Stage 4 - Confirmed Downtrend, weekly_volume_dryup, downtrend",779,517,Stage 4,watchlist,weekly_watchlist,21.11,-262,-13.77,False,False,False,False,False
SOBHA.NS,Sobha Limited,Real Estate,Real Estate,False,Cash,1,Stage 4,Stage 4,Stage 4 - Confirmed Downtrend,0.86,Price is below a bearish moving-average stack with falling trend signals.,,,,,watchlist,weekly_watchlist,watchlist,0.0,0.0,0.0,2.0,0.0,0.0,2.0,-14.03,-7.19,117329750.7,"Stage 4, Stage 4 - Confirmed Downtrend, downtrend",873,608,Stage 4,watchlist,weekly_watchlist,18.11,-265,-16.11,False,False,False,False,False
FIRSTCRY.NS,Brainbees Solutions Limited,Consumer Cyclical,Consumer Cyclical,False,Cash,1,Stage 4,Stage 4,Stage 4 - Confirmed Downtrend,0.86,Price is below a bearish moving-average stack with falling trend signals.,,,,,watchlist,weekly_watchlist,watchlist,0.0,0.0,0.0,2.0,0.0,0.0,2.0,-8.09,-26.27,1562922527.73,"Stage 4, Stage 4 - Confirmed Downtrend, weekly_volume_dryup, downtrend",875,609,Stage 4,watchlist,weekly_watchlist,18.11,-266,-16.11,False,False,False,False,False
JLHL.NS,Jupiter Life Line Hospitals Limited,Medical Care Facilities,Healthcare,False,Cash,1,Stage 2 Failed,Stage 4,Failed Stage 2,0.72,"This stock was recently Stage 2, but the latest structure no longer satisfies Stage 2 rules. It is kept as Stage 2 Failed until a fresh base/repair structure forms.",Recent Stage 2 break; public stage held as Stage 2 Failed.,2026-10-06,2026-09-18,,watchlist,weekly_watchlist,watchlist,0.0,0.0,0.0,0.0,0.0,0.0,0.0,-8.68,2.1,52178192.1,"Stage 4, Stage 4 - Weak/Declining, downtrend | Stage 2 failed state applied from stage memory.",914,647,Stage 2 Failed,watchlist,weekly_watchlist,16.34,-267,-16.34,False,False,False,False,False
FEDFINA.NS,Fedbank Financial Services Limited,Credit Services,Financial Services,False,Cash,1,Stage 2 Failed,Stage 1,Failed Stage 2,0.72,"This stock was recently Stage 2, but the latest structure no longer satisfies Stage 2 rules. It is kept as Stage 2 Failed until a fresh base/repair structure forms.",Recent Stage 2 break; public stage held as Stage 2 Failed.,2026-10-06,2026-10-05,,watchlist,weekly_watchlist,watchlist,0.0,45.63,20.53,0.0,0.0,45.63,20.53,2.19,6.15,121082529.92,"Stage 1, Stage 1 - Base/Repair, stage1_base_ready, weekly_vcp_ok, weekly_volume_dryup, weekly_strong, stage1_not_actionable | Stage 2 failed state applied from stage memory.",527,258,Stage 2,watchlist,weekly_forming,33.38,-269,-12.850000000000001,False,False,False,False,False
BIRLACORPN.NS,Birla Corporation Limited,Building Materials,Basic Materials,False,Cash,1,Stage 4,Stage 4,Stage 4 - Confirmed Downtrend,0.86,Price is below a bearish moving-average stack with falling trend signals.,,,,,watchlist,weekly_watchlist,watchlist,3.62,0.8,2.35,0.0,3.62,0.8,2.35,-8.85,-13.07,46981381.51,"Stage 4, Stage 4 - Confirmed Downtrend, downtrend",861,583,Stage 4,watchlist,weekly_watchlist,18.61,-278,-16.259999999999998,False,False,False,False,False
KSCL.NS,Kaveri Seed Company Limited,Agricultural Inputs,Basic Materials,False,Cash,1,Stage 4,Stage 4,Stage 4 - Confirmed Downtrend,0.86,Price is below a bearish moving-average stack with falling trend signals.,,,,,watchlist,weekly_watchlist,watchlist,8.2,4.0,6.31,0.0,8.2,4.0,6.31,-12.9,-21.77,1235066227.04,"Stage 4, Stage 4 - Confirmed Downtrend, weekly_volume_dryup, downtrend",800,511,Stage 4,watchlist,weekly_watchlist,21.12,-289,-14.810000000000002,False,False,False,False,False
AVANTEL.NS,Avantel Limited,Communication Equipment,Technology,False,Cash,1,Stage 1,Stage 1,Stage 1 - Base/Repair,0.7,Price is near long-term moving averages with no strong long-term downtrend signal.,,,2026-07-23,,watchlist,weekly_watchlist,watchlist,9.07,10.0,9.49,10.0,9.07,10.0,19.49,-11.52,1.22,293550011.77,"Stage 1, Stage 1 - Base/Repair, weekly_volume_dryup, stage1_not_actionable, stage1_needs_more_base",552,257,Stage 1,watchlist,weekly_watchlist,33.44,-295,-13.95,False,False,False,False,False
MHRIL.NS,Mahindra Holidays & Resorts India Limited,Consumer Cyclical,Consumer Cyclical,False,Cash,1,Stage 4,Stage 4,Stage 4 - Confirmed Downtrend,0.86,Price is below a bearish moving-average stack with falling trend signals.,,,,,watchlist,weekly_watchlist,watchlist,0.0,0.0,0.0,2.0,0.0,0.0,2.0,-10.48,-22.19,22729501.99,"Stage 4, Stage 4 - Confirmed Downtrend, volume_dryup, weekly_volume_dryup, downtrend",880,585,Stage 4,watchlist,weekly_watchlist,18.61,-295,-16.61,False,False,False,False,False
REFEX.NS,Refex Industries Limited,Energy,Energy,False,Cash,1,Stage 4,Stage 4,Stage 4 - Weak/Declining,0.72,Price is below long-term support with weak trend evidence.,,,2026-07-10,,watchlist,weekly_watchlist,watchlist,0.0,4.02,1.81,5.0,0.0,4.02,6.81,-18.21,18.45,173543626.81,"Stage 4, Stage 4 - Weak/Declining, volume_dryup, weekly_volume_dryup, downtrend",786,485,Stage 4,watchlist,weekly_watchlist,21.81,-301,-15.0,False,False,False,False,False
STYLAMIND.NS,Stylam Industries Limited,"Furnishings, Fixtures & Appliances",Consumer Cyclical,False,Cash,1,Stage 2 Failed,Stage 3,Failed Stage 2,0.72,"This stock was recently Stage 2, but the latest structure no longer satisfies Stage 2 rules. It is kept as Stage 2 Failed until a fresh base/repair structure forms.",Recent Stage 2 break; public stage held as Stage 2 Failed.,2026-10-06,2026-10-05,,watchlist,weekly_watchlist,watchlist,0.0,4.23,1.9,0.0,0.0,4.23,1.9,5.2,49.06,133308194.15,"Stage 3, Stage 3 - Transition, weekly_volume_dryup, distribution_risk | Stage 2 failed state applied from stage memory.",883,579,Stage 2,watchlist,weekly_watchlist,18.77,-304,-16.87,False,False,False,False,False
SUBROS.NS,Subros Limited,Auto Parts,Consumer Cyclical,False,Cash,1,Stage 4,Stage 4,Stage 4 - Confirmed Downtrend,0.86,Price is below a bearish moving-average stack with falling trend signals.,,,,,watchlist,weekly_watchlist,watchlist,0.0,0.0,0.0,5.0,0.0,0.0,5.0,-11.07,-7.75,25355783.43,"Stage 4, Stage 4 - Confirmed Downtrend, volume_dryup, weekly_volume_dryup, downtrend",825,519,Stage 4,watchlist,weekly_watchlist,21.11,-306,-16.11,False,False,False,False,False
KOLTEPATIL.NS,Kolte - Patil Developers Limited,Real Estate,Real Estate,False,Cash,1,Stage 2,Stage 2,Early Stage 2,0.72,"Price has moved above long-term structure, but the full moving-average stack is not clean yet.",,,2026-10-05,,watchlist,weekly_watchlist,watchlist,9.34,23.34,15.64,2.0,9.34,23.34,17.64,21.66,31.74,46999093.37,"Stage 2, Early Stage 2, volume_dryup, weekly_volume_dryup",608,298,Stage 2,watchlist,weekly_forming,30.1,-310,-12.46,False,False,False,False,False
PRIVISCL.NS,Privi Speciality Chemicals Limited,Specialty Chemicals,Basic Materials,False,Cash,1,Stage 2 Failed,Stage 1,Failed Stage 2,0.72,"This stock was recently Stage 2, but the latest structure no longer satisfies Stage 2 rules. It is kept as Stage 2 Failed until a fresh base/repair structure forms.",Recent Stage 2 break; public stage held as Stage 2 Failed.,2026-10-06,2026-10-05,,watchlist,weekly_watchlist,watchlist,2.01,20.51,10.34,10.0,2.01,20.51,20.34,3.7,21.38,436755555.47,"Stage 1, Stage 1 - Base/Repair, stage1_not_actionable, stage1_needs_more_base | Stage 2 failed state applied from stage memory.",531,221,Stage 2,watchlist,weekly_watchlist,37.3,-310,-16.959999999999997,False,False,False,False,False
PAGEIND.NS,Page Industries Limited,Apparel Manufacturing,Consumer Cyclical,True,F&O,1,Stage 3,Stage 3,Stage 3 - Transition,0.62,"The structure is transitioning after prior strength, but it is not yet a confirmed Stage 4 decline.",,,2026-08-06,,watchlist,weekly_watchlist,watchlist,13.62,8.87,11.48,0.0,13.62,8.87,11.48,1.55,7.15,837151958.25,"Stage 3, Stage 3 - Transition, distribution_risk",726,406,Stage 3,watchlist,weekly_watchlist,24.66,-320,-13.18,False,False,False,False,False
ARVSMART.NS,Arvind SmartSpaces Limited,Real Estate,Real Estate,False,Cash,1,Stage 2 Failed,Stage 1,Failed Stage 2,0.72,"This stock was recently Stage 2, but the latest structure no longer satisfies Stage 2 rules. It is kept as Stage 2 Failed until a fresh base/repair structure forms.",Recent Stage 2 break; public stage held as Stage 2 Failed.,2026-10-06,2026-09-25,,watchlist,weekly_watchlist,watchlist,0.0,0.41,0.18,2.0,0.0,0.41,2.18,4.1,3.97,258750365.59,"Stage 1, Stage 1 - Base/Repair, weekly_volume_dryup, stage1_not_actionable, stage1_needs_more_base | Stage 2 failed state applied from stage memory.",864,544,Stage 2 Failed,watchlist,weekly_watchlist,20.04,-320,-17.86,False,False,False,False,False
EMBDL.NS,Embassy Developments Limited,Real Estate,Real Estate,False,Cash,1,Stage 4,Stage 4,Stage 4 - Weak/Declining,0.72,Price is below long-term support with weak trend evidence.,,,,,watchlist,weekly_watchlist,watchlist,0.0,0.0,0.0,2.0,0.0,0.0,2.0,-8.82,15.02,140133941.52,"Stage 4, Stage 4 - Weak/Declining, volume_dryup, weekly_volume_dryup, downtrend",878,553,Stage 4,watchlist,weekly_watchlist,19.62,-325,-17.62,False,False,False,False,False
OFSS.NS,Oracle Financial Services Software Limited,Software - Infrastructure,Technology,True,F&O,1,Stage 2 Failed,Stage 1,Failed Stage 2,0.72,"This stock was recently Stage 2, but the latest structure no longer satisfies Stage 2 rules. It is kept as Stage 2 Failed until a fresh base/repair structure forms.",Recent Stage 2 break; public stage held as Stage 2 Failed.,2026-10-06,2026-10-05,,watchlist,weekly_watchlist,watchlist,0.0,10.19,4.59,0.0,0.0,10.19,4.59,-5.4,51.33,2302554912.5,"Stage 1, Stage 1 - Base/Repair, weekly_volume_dryup, stage1_not_actionable, stage1_needs_more_base | Stage 2 failed state applied from stage memory.",832,494,Stage 2,watchlist,weekly_watchlist,21.58,-338,-16.99,False,False,False,False,False
UJJIVANSFB.NS,Ujjivan Small Finance Bank Limited,Banks - Regional,Financial Services,False,Cash,1,Stage 2 Failed,Stage 3,Failed Stage 2,0.72,"This stock was recently Stage 2, but the latest structure no longer satisfies Stage 2 rules. It is kept as Stage 2 Failed until a fresh base/repair structure forms.",Recent Stage 2 break; public stage held as Stage 2 Failed.,2026-10-06,2026-10-05,,watchlist,weekly_watchlist,watchlist,0.0,0.0,0.0,2.0,0.0,0.0,2.0,4.51,8.95,732747235.14,"Stage 3, Stage 3 - Transition, distribution_risk | Stage 2 failed state applied from stage memory.",874,535,Stage 2,watchlist,weekly_watchlist,20.51,-339,-18.51,False,False,False,False,False
SHRIPISTON.NS,Shriram Pistons & Rings Limited,Auto Parts,Consumer Cyclical,False,Cash,1,Stage 2,Stage 2,Early Stage 2,0.72,"Price has moved above long-term structure, but the full moving-average stack is not clean yet.",,,2026-10-05,,watchlist,weekly_watchlist,watchlist,17.3,18.9,18.02,5.0,17.3,18.9,23.02,9.9,23.07,383845836.82,"Stage 2, Early Stage 2",445,105,Stage 2,watchlist,weekly_watchlist,48.78,-340,-25.76,False,False,False,False,False
SUPRAJIT.NS,Suprajit Engineering Limited,Auto Parts,Consumer Cyclical,False,Cash,1,Stage 2 Failed,Stage 3,Failed Stage 2,0.72,"This stock was recently Stage 2, but the latest structure no longer satisfies Stage 2 rules. It is kept as Stage 2 Failed until a fresh base/repair structure forms.",Recent Stage 2 break; public stage held as Stage 2 Failed.,2026-10-06,2026-10-05,,watchlist,weekly_watchlist,watchlist,0.0,9.23,4.15,5.0,0.0,9.23,9.15,0.79,11.52,44098048.7,"Stage 3, Stage 3 - Transition, volume_dryup, weekly_volume_dryup, distribution_risk | Stage 2 failed state applied from stage memory.",761,407,Stage 2,watchlist,weekly_watchlist,24.66,-354,-15.51,False,False,False,False,False
IDEAFORGE.NS,Ideaforge Technology Limited,Technology,Technology,False,Cash,1,Stage 3,Stage 3,Stage 3 - Distribution/Damage,0.76,"Prior strength exists, but short-term and/or weekly structure is deteriorating.",,,2026-08-21,,watchlist,weekly_watchlist,watchlist,2.09,6.75,4.19,10.0,2.09,6.75,14.19,-11.05,66.51,187184306.48,"Stage 3, Stage 3 - Distribution/Damage, volume_dryup, weekly_volume_dryup, distribution_risk",700,336,Stage 3,watchlist,weekly_watchlist,27.53,-364,-13.340000000000002,False,False,False,False,False
IIFL.NS,IIFL Finance Limited,Credit Services,Financial Services,False,Cash,1,Stage 2,Stage 2,Early Stage 2,0.72,"Price has moved above long-term structure, but the full moving-average stack is not clean yet.",,,2026-10-05,,watchlist,weekly_watchlist,watchlist,16.16,20.4,18.07,0.0,16.16,20.4,18.07,15.1,32.95,1286942825.1,"Stage 2, Early Stage 2, volume_dryup, weekly_volume_dryup",601,231,Stage 2,watchlist,weekly_forming,36.51,-370,-18.439999999999998,False,False,False,False,False
SENORES.NS,Senores Pharmaceuticals Limited,Drug Manufacturers - General,Healthcare,False,Cash,1,Stage 2 Failed,Stage 1,Failed Stage 2,0.72,"This stock was recently Stage 2, but the latest structure no longer satisfies Stage 2 rules. It is kept as Stage 2 Failed until a fresh base/repair structure forms.",Recent Stage 2 break; public stage held as Stage 2 Failed.,2026-10-06,2026-10-05,,watchlist,weekly_watchlist,watchlist,2.52,5.63,3.92,5.0,2.52,5.63,8.92,2.44,69.89,331768288.74,"Stage 1, Stage 1 - Unclear/Repair, stage1_not_actionable, stage1_needs_more_base | Stage 2 failed state applied from stage memory.",766,363,Stage 2,watchlist,weekly_watchlist,26.23,-403,-17.310000000000002,False,False,False,False,False
SJS.NS,S.J.S. Enterprises Limited,Auto Parts,Consumer Cyclical,False,Cash,1,Stage 2 Failed,Stage 1,Failed Stage 2,0.72,"This stock was recently Stage 2, but the latest structure no longer satisfies Stage 2 rules. It is kept as Stage 2 Failed until a fresh base/repair structure forms.",Recent Stage 2 break; public stage held as Stage 2 Failed.,2026-10-06,2026-10-05,,watchlist,weekly_watchlist,watchlist,0.0,2.69,1.21,5.0,0.0,2.69,6.21,-4.62,11.5,397764503.99,"Stage 1, Stage 1 - Base/Repair, stage1_not_actionable, stage1_needs_more_base | Stage 2 failed state applied from stage memory.",803,400,Stage 2,watchlist,weekly_watchlist,25.04,-403,-18.83,False,False,False,False,False
LLOYDSENT.NS,Lloyds Enterprises Limited,Steel,Basic Materials,False,Cash,1,Stage 2 Failed,Stage 3,Failed Stage 2,0.72,"This stock was recently Stage 2, but the latest structure no longer satisfies Stage 2 rules. It is kept as Stage 2 Failed until a fresh base/repair structure forms.",Recent Stage 2 break; public stage held as Stage 2 Failed.,2026-10-06,2026-10-05,,watchlist,weekly_watchlist,watchlist,3.31,12.23,7.32,5.0,3.31,12.23,12.32,5.46,36.82,233331452.34,"Stage 3, Stage 3 - Transition, weekly_volume_dryup, distribution_risk | Stage 2 failed state applied from stage memory.",712,272,Stage 2,watchlist,weekly_watchlist,32.18,-440,-19.86,False,False,False,False,False
COFORGE.NS,Coforge Limited,Information Technology Services,Technology,True,F&O,1,Stage 2 Failed,Stage 1,Failed Stage 2,0.72,"This stock was recently Stage 2, but the latest structure no longer satisfies Stage 2 rules. It is kept as Stage 2 Failed until a fresh base/repair structure forms.",Recent Stage 2 break; public stage held as Stage 2 Failed.,2026-10-06,2026-10-05,,watchlist,weekly_watchlist,watchlist,1.84,6.33,3.86,2.0,1.84,6.33,5.86,27.92,51.41,4522047358.37,"Stage 1, Stage 1 - Early Turn, volume_dryup, weekly_volume_dryup, stage1_not_actionable, stage1_needs_more_base | Stage 2 failed state applied from stage memory.",808,345,Stage 2,watchlist,weekly_watchlist,26.97,-463,-21.11,False,False,False,False,False
PRESTIGE.NS,Prestige Estates Projects Limited,Real Estate,Real Estate,True,F&O,1,Stage 4,Stage 4,Stage 4 - Weak/Declining,0.72,Price is below long-term support with weak trend evidence.,,,2026-08-31,,watchlist,weekly_watchlist,watchlist,0.0,2.29,1.03,2.0,0.0,2.29,3.03,-10.58,13.49,771480780.55,"Stage 4, Stage 4 - Weak/Declining, downtrend",849,386,Not Sure,watchlist,weekly_watchlist,25.49,-463,-22.459999999999997,False,False,False,False,False
WHIRLPOOL.NS,Whirlpool of India Limited,"Furnishings, Fixtures & Appliances",Consumer Cyclical,False,Cash,1,Stage 1,Stage 1,Stage 1 - Early Turn,0.66,The stock is improving from a repair/base area but has not confirmed a clean Stage 2 yet.,,,,,watchlist,weekly_watchlist,watchlist,0.0,1.74,0.78,0.0,0.0,1.74,0.78,14.42,7.03,2703558035.74,"Stage 1, Stage 1 - Early Turn, weekly_volume_dryup, stage1_not_actionable, stage1_needs_more_base",898,395,Not Sure,watchlist,weekly_watchlist,25.11,-503,-24.33,False,False,False,False,False
LODHA.NS,Lodha Developers Limited,Real Estate,Real Estate,True,F&O,1,Stage 2 Failed,Stage 3,Failed Stage 2,0.72,"This stock was recently Stage 2, but the latest structure no longer satisfies Stage 2 rules. It is kept as Stage 2 Failed until a fresh base/repair structure forms.",Recent Stage 2 break; public stage held as Stage 2 Failed.,2026-10-06,2026-10-05,,watchlist,weekly_watchlist,watchlist,0.0,1.49,0.67,2.0,0.0,1.49,2.67,0.22,38.71,2223168154.22,"Stage 3, Stage 3 - Distribution/Damage, distribution_risk | Stage 2 failed state applied from stage memory.",856,210,Stage 2,watchlist,weekly_forming,38.24,-646,-35.57,False,False,False,False,False
