ticker,Company Name,Industry,sector,industry_group,is_fo_stock,fo_category,Include,stage,stage_raw,stage_variant,stage_confidence,stage_reason,stage_state_reason,stage_failed_since,last_stage2_date,stage_pending_raw,rs_3m_pct,rs_6m_pct,avg_turnover_inr,volume_dryup_ratio,breakout_volume_ratio,weekly_volume_ratio,volume_is_drying_up,weekly_volume_is_drying_up,notes,daily_setup_bucket,daily_score,final_daily_score,daily_pivot,daily_breakout_distance_pct,daily_contraction_depths_pct,daily_contraction_durations,daily_contraction_score,daily_base_duration_days,current_rank
INDGN.NS,Indegene Limited,Healthcare,Healthcare,Healthcare,False,Cash,1,Stage 2,Stage 2,Clean Stage 2,0.9,"Price is above rising key averages, weekly structure is supportive, and the stock is near its 52-week high.",,,2026-09-25,,24.84,32.6,284430046.29,0.79,1.23,1.16,True,False,"Stage 2, Clean Stage 2, trend_template_ok, daily_vcp_ok, weekly_vcp_ok, volume_dryup, weekly_strong",near_pivot,71.58,72.58,615.5,-0.36,"[12.43, 4.22]","[22, 26]",0.9,61.0,1
VSSL.NS,Vardhman Special Steels Limited,Steel,Basic Materials,Basic Materials,False,Cash,1,Stage 2,Stage 2,Clean Stage 2,0.9,"Price is above rising key averages, weekly structure is supportive, and the stock is near its 52-week high.",,,2026-09-25,,53.98,86.18,225843007.1,0.48,0.25,0.25,True,True,"Stage 2, Clean Stage 2, trend_template_ok, weekly_vcp_ok, volume_dryup, weekly_volume_dryup, weekly_strong",watchlist,62.35,67.35,428.25,-4.79,"[14.76, 9.56, 9.43]","[9, 19, 15]",0.95,50.0,2
GRAPHITE.NS,Graphite India Limited,Electrical Equipment & Parts,Industrials,Industrials,False,Cash,1,Stage 2,Stage 2,Clean Stage 2,0.9,"Price is above rising key averages, weekly structure is supportive, and the stock is near its 52-week high.",,,2026-09-25,,33.74,28.92,3314744114.62,0.74,0.35,0.58,True,True,"Stage 2, Clean Stage 2, trend_template_ok, volume_dryup, weekly_volume_dryup",watchlist,61.84,66.84,875.88,-8.78,"[28.96, 9.35]","[39, 9]",0.9,74.0,3
ICIL.NS,Indo Count Industries Limited,Textile Manufacturing,Consumer Cyclical,Consumer Cyclical,False,Cash,1,Stage 2,Stage 2,Clean Stage 2,0.9,"Price is above rising key averages, weekly structure is supportive, and the stock is near its 52-week high.",,,2026-09-25,,5.31,80.84,259281048.25,0.46,0.16,0.6,True,True,"Stage 2, Clean Stage 2, trend_template_ok, volume_dryup, weekly_volume_dryup",watchlist,61.83,66.83,474.65,-7.26,"[19.63, 11.68]","[31, 21]",0.9,53.0,4
RPGLIFE.NS,RPG Life Sciences Limited,Drug Manufacturers - Specialty & Generic,Healthcare,Healthcare,False,Cash,1,Stage 2,Stage 2,Clean Stage 2,0.9,"Price is above rising key averages, weekly structure is supportive, and the stock is near its 52-week high.",,,2026-09-25,,29.78,57.59,96332324.23,2.1,1.89,3.01,False,False,"Stage 2, Clean Stage 2, trend_template_ok",watchlist,60.8,65.8,2967.08,-0.4,"[15.51, 13.15, 11.19]","[16, 11, 5]",0.95,41.0,5
SAMBHV.NS,Sambhv Steel Tubes Limited,Steel,Basic Materials,Basic Materials,False,Cash,1,Stage 2,Stage 2,Extended Stage 2,0.78,"Advancing structure remains intact, but price is stretched versus key moving averages or far above the 52-week low.",,,2026-09-25,,38.7,54.93,987535027.2,3.19,0.61,1.32,False,False,"Stage 2, Extended Stage 2, trend_template_ok",watchlist,60.1,65.1,161.91,-4.89,"[29.24, 11.51, 4.44]","[20, 7, 31]",0.95,92.0,6
BOSCHLTD.NS,Bosch Limited,Auto Parts,Consumer Cyclical,Consumer Cyclical,True,F&O,1,Stage 2,Stage 2,Clean Stage 2,0.9,"Price is above rising key averages, weekly structure is supportive, and the stock is near its 52-week high.",,,2026-09-25,,21.15,66.91,1379238565.25,0.57,0.46,0.44,True,True,"Stage 2, Clean Stage 2, trend_template_ok, daily_vcp_ok, weekly_vcp_ok, volume_dryup, weekly_volume_dryup, weekly_strong",forming_vcp,62.45,64.95,50087.5,-6.12,"[10.37, 6.72]","[10, 18]",0.9,58.0,7
OPTIEMUS.NS,Optiemus Infracom Limited,Technology,Technology,Technology,False,Cash,1,Stage 2,Stage 2,Extended Stage 2,0.78,"Advancing structure remains intact, but price is stretched versus key moving averages or far above the 52-week low.",,,2026-09-25,,65.63,162.82,1057373086.87,3.66,3.13,6.96,False,False,"Stage 2, Extended Stage 2, trend_template_ok",watchlist,59.83,64.83,611.02,32.56,"[18.85, 11.47]","[7, 13]",0.9,29.0,8
APARINDS.NS,Apar Industries Limited,Electrical Equipment & Parts,Industrials,Industrials,False,Cash,1,Stage 2,Stage 2,Clean Stage 2,0.9,"Price is above rising key averages, weekly structure is supportive, and the stock is near its 52-week high.",,,2026-09-25,,19.82,78.45,2208179830.59,0.92,0.97,0.82,False,True,"Stage 2, Clean Stage 2, trend_template_ok, weekly_volume_dryup",watchlist,59.49,64.49,18433.32,-6.35,"[22.59, 11.09]","[22, 14]",0.9,60.0,9
RATNAMANI.NS,Ratnamani Metals & Tubes Limited,Steel,Basic Materials,Basic Materials,False,Cash,1,Stage 2,Stage 2,Clean Stage 2,0.9,"Price is above rising key averages, weekly structure is supportive, and the stock is near its 52-week high.",,,2026-09-25,,16.21,24.61,145269716.74,0.38,0.17,0.27,True,True,"Stage 2, Clean Stage 2, trend_template_ok, volume_dryup, weekly_volume_dryup",watchlist,59.16,64.16,2898.77,-5.19,"[20.64, 8.03]","[19, 16]",0.9,47.0,10
SAIL.NS,Steel Authority of India Limited,Steel,Basic Materials,Basic Materials,True,F&O,1,Stage 2,Stage 2,Stage 2,0.76,Advancing structure detected.,,,2026-09-25,,14.67,20.97,2937961860.51,0.75,0.67,1.0,True,False,"Stage 2, Stage 2, trend_template_ok, daily_vcp_ok, volume_dryup",forming_vcp,58.65,63.65,201.31,-8.5,"[24.2, 5.34]","[42, 27]",0.9,80.0,11
KMEW.NS,Knowledge Marine & Engineering Works Limited,Marine Shipping,Industrials,Industrials,False,Cash,1,Stage 2,Stage 2,Extended Stage 2,0.78,"Advancing structure remains intact, but price is stretched versus key moving averages or far above the 52-week low.",,,2026-09-25,,31.13,83.66,249755766.82,1.0,0.49,0.8,False,True,"Stage 2, Extended Stage 2, trend_template_ok, weekly_volume_dryup",watchlist,61.01,63.51,3038.0,-5.3,"[22.91, 13.04, 9.04, 9.07]","[6, 6, 7, 35]",1.0,83.0,12
RAIN.NS,Rain Industries Limited,Specialty Chemicals,Basic Materials,Basic Materials,False,Cash,1,Stage 2,Stage 2,Stage 2,0.76,Advancing structure detected.,,,2026-09-25,,19.73,93.68,902462167.05,0.73,0.58,0.69,True,True,"Stage 2, Stage 2, trend_template_ok, volume_dryup, weekly_volume_dryup",watchlist,60.97,63.47,251.26,-14.25,"[16.12, 12.5]","[7, 17]",0.9,67.0,13
ACE.NS,Action Construction Equipment Limited,Farm & Heavy Construction Machinery,Industrials,Industrials,False,Cash,1,Stage 2,Stage 2,Clean Stage 2,0.9,"Price is above rising key averages, weekly structure is supportive, and the stock is near its 52-week high.",,,2026-09-25,,24.62,50.88,396110621.95,0.77,0.62,0.44,True,True,"Stage 2, Clean Stage 2, trend_template_ok, daily_vcp_ok, weekly_vcp_ok, volume_dryup, weekly_volume_dryup, weekly_strong",forming_vcp,62.43,63.43,1270.22,-4.51,"[11.44, 8.52, 6.54]","[12, 22, 20]",0.95,95.0,14
STLTECH.NS,Sterlite Technologies Limited,Communication Equipment,Technology,Technology,False,Cash,1,Stage 2,Stage 2,Extended Stage 2,0.78,"Advancing structure remains intact, but price is stretched versus key moving averages or far above the 52-week low.",,,2026-09-25,,51.81,366.38,1333914663.33,0.85,0.65,0.59,False,True,"Stage 2, Extended Stage 2, trend_template_ok, weekly_volume_dryup",watchlist,58.28,63.28,913.6,-9.66,"[27.4, 12.07]","[17, 6]",0.9,45.0,15
AARTIDRUGS.NS,Aarti Drugs Limited,Drug Manufacturers - Specialty & Generic,Healthcare,Healthcare,False,Cash,1,Stage 2,Stage 2,Stage 2,0.76,Advancing structure detected.,,,2026-09-25,,16.86,24.08,79794426.68,1.05,2.91,1.49,False,False,"Stage 2, Stage 2, trend_template_ok, weekly_vcp_ok, weekly_strong",watchlist,58.19,63.19,454.44,-5.46,"[11.52, 10.36, 7.06]","[8, 9, 23]",0.95,74.0,16
GLAND.NS,Gland Pharma Limited,Drug Manufacturers - Specialty & Generic,Healthcare,Healthcare,False,Cash,1,Stage 2,Stage 2,Clean Stage 2,0.9,"Price is above rising key averages, weekly structure is supportive, and the stock is near its 52-week high.",,,2026-09-25,,24.39,75.06,1716606044.58,0.55,0.44,0.29,True,True,"Stage 2, Clean Stage 2, trend_template_ok, volume_dryup, weekly_volume_dryup",watchlist,58.08,63.08,3042.0,-4.8,"[8.67, 8.21]","[7, 7]",0.9,23.0,17
ASKAUTOLTD.NS,ASK Automotive Limited,Auto Parts,Consumer Cyclical,Consumer Cyclical,False,Cash,1,Stage 2,Stage 2,Clean Stage 2,0.9,"Price is above rising key averages, weekly structure is supportive, and the stock is near its 52-week high.",,,2026-09-25,,48.42,51.79,165882265.27,0.38,1.38,0.34,True,True,"Stage 2, Clean Stage 2, trend_template_ok, weekly_vcp_ok, volume_dryup, weekly_volume_dryup, weekly_strong",watchlist,60.35,62.85,664.66,-2.15,"[12.92, 10.1]","[13, 12]",0.9,29.0,18
NRBBEARING.NS,NRB Bearing Limited,Auto Parts,Consumer Cyclical,Consumer Cyclical,False,Cash,1,Stage 2,Stage 2,Extended Stage 2,0.78,"Advancing structure remains intact, but price is stretched versus key moving averages or far above the 52-week low.",,,2026-09-25,,28.79,132.25,534978438.32,2.28,1.81,1.17,False,False,"Stage 2, Extended Stage 2, trend_template_ok",watchlist,60.3,62.8,519.91,4.15,"[18.22, 12.44]","[18, 11]",0.9,47.0,19
MAHLOG.NS,Mahindra Logistics Limited,Industrials,Industrials,Industrials,False,Cash,1,Stage 2,Stage 2,Clean Stage 2,0.9,"Price is above rising key averages, weekly structure is supportive, and the stock is near its 52-week high.",,,2026-09-25,,14.97,24.27,69486905.72,0.95,3.25,1.24,False,False,"Stage 2, Clean Stage 2, trend_template_ok",watchlist,62.65,62.65,432.66,-2.51,"[26.54, 7.93]","[34, 5]",0.9,103.0,20
FOSECOIND.NS,Foseco India Limited,Chemicals,Basic Materials,Basic Materials,False,Cash,1,Stage 2,Stage 2,Clean Stage 2,0.9,"Price is above rising key averages, weekly structure is supportive, and the stock is near its 52-week high.",,,2026-09-25,,25.18,39.24,238948967.25,2.85,0.47,0.69,False,True,"Stage 2, Clean Stage 2, trend_template_ok, weekly_vcp_ok, weekly_volume_dryup, weekly_strong",watchlist,60.1,62.6,7402.43,-14.92,"[17.14, 17.15, 8.72]","[14, 21, 28]",0.95,89.0,21
SPLPETRO.NS,Supreme Petrochem Limited,Specialty Chemicals,Basic Materials,Basic Materials,False,Cash,1,Stage 2,Stage 2,Clean Stage 2,0.9,"Price is above rising key averages, weekly structure is supportive, and the stock is near its 52-week high.",,,2026-09-25,,28.07,21.67,303801603.61,1.04,0.3,0.61,False,True,"Stage 2, Clean Stage 2, trend_template_ok, weekly_vcp_ok, weekly_volume_dryup, weekly_strong",watchlist,59.97,62.47,845.28,2.32,"[17.94, 12.97, 13.01, 6.51]","[40, 19, 10, 8]",1.0,100.0,22
UNICHEMLAB.NS,Unichem Laboratories Limited,Drug Manufacturers - Specialty & Generic,Healthcare,Healthcare,False,Cash,1,Stage 2,Stage 2,Stage 2,0.76,Advancing structure detected.,,,2026-09-25,,20.3,82.08,58727521.34,0.52,0.84,0.74,True,True,"Stage 2, Stage 2, trend_template_ok, volume_dryup, weekly_volume_dryup",watchlist,57.22,62.22,600.0,-10.6,"[29.82, 15.99, 15.81]","[21, 10, 7]",0.95,49.0,23
ENGINERSIN.NS,Engineers India Limited,Engineering & Construction,Industrials,Industrials,False,Cash,1,Stage 2,Stage 2,Extended Stage 2,0.78,"Advancing structure remains intact, but price is stretched versus key moving averages or far above the 52-week low.",,,2026-09-25,,40.23,60.07,2513715422.36,1.79,1.51,2.92,False,False,"Stage 2, Extended Stage 2, trend_template_ok, weekly_vcp_ok, weekly_strong",watchlist,62.15,62.15,287.79,9.07,"[20.22, 17.19, 12.45]","[11, 23, 11]",0.95,94.0,24
INOXINDIA.NS,INOX India Limited,Specialty Industrial Machinery,Industrials,Industrials,False,Cash,1,Stage 2,Stage 2,Messy Stage 2,0.64,"Long-term structure is still constructive, but the short-term/weekly structure is not clean.",,,2026-09-25,,12.66,67.56,716280031.77,0.97,0.47,0.74,False,True,"Stage 2, Messy Stage 2, trend_template_ok, weekly_volume_dryup",watchlist,56.91,61.91,2343.59,-12.48,"[14.8, 13.95, 6.48]","[10, 9, 6]",0.95,41.0,25
MANINDS.NS,Man Industries (India) Limited,Steel,Basic Materials,Basic Materials,False,Cash,1,Stage 2,Stage 2,Extended Stage 2,0.78,"Advancing structure remains intact, but price is stretched versus key moving averages or far above the 52-week low.",,,2026-09-25,,64.77,174.25,1803641066.25,1.6,0.76,2.35,False,False,"Stage 2, Extended Stage 2, trend_template_ok, weekly_vcp_ok, weekly_strong",watchlist,56.83,61.83,945.65,0.81,"[20.82, 18.62]","[8, 25]",0.9,45.0,26
CAPLIPOINT.NS,Caplin Point Laboratories Limited,Drug Manufacturers - Specialty & Generic,Healthcare,Healthcare,False,Cash,1,Stage 2,Stage 2,Clean Stage 2,0.9,"Price is above rising key averages, weekly structure is supportive, and the stock is near its 52-week high.",,,2026-09-25,,17.72,84.67,932355567.08,1.35,0.49,1.78,False,False,"Stage 2, Clean Stage 2, trend_template_ok",watchlist,56.83,61.83,2877.9,-0.83,"[9.77, 6.8]","[6, 25]",0.9,45.0,27
KTKBANK.NS,The Karnataka Bank Limited,Banks - Regional,Financial Services,Financial Services,False,Cash,1,Stage 2,Stage 2,Clean Stage 2,0.9,"Price is above rising key averages, weekly structure is supportive, and the stock is near its 52-week high.",,,2026-09-25,,27.28,45.96,624395712.72,0.73,0.45,0.74,True,True,"Stage 2, Clean Stage 2, trend_template_ok, daily_vcp_ok, volume_dryup, weekly_volume_dryup",forming_vcp,60.67,61.67,341.18,-5.67,"[13.29, 8.41, 7.74]","[10, 6, 17]",0.95,47.0,28
JKPAPER.NS,JK Paper Limited,Basic Materials,Basic Materials,Basic Materials,False,Cash,1,Stage 2,Stage 2,Messy Stage 2,0.64,"Long-term structure is still constructive, but the short-term/weekly structure is not clean.",,,2026-09-25,,20.72,23.19,260635187.31,0.61,0.33,0.29,True,True,"Stage 2, Messy Stage 2, trend_template_ok, weekly_vcp_ok, volume_dryup, weekly_volume_dryup, weekly_strong",watchlist,61.47,61.47,442.77,-10.08,"[15.47, 12.18]","[26, 15]",0.9,65.0,29
GNFC.NS,Gujarat Narmada Valley Fertilizers and Chemicals Limited,Chemicals,Basic Materials,Basic Materials,False,Cash,1,Stage 2,Stage 2,Clean Stage 2,0.9,"Price is above rising key averages, weekly structure is supportive, and the stock is near its 52-week high.",,,2026-09-25,,25.59,63.68,740232134.67,2.2,0.46,1.77,False,False,"Stage 2, Clean Stage 2, trend_template_ok",watchlist,58.95,61.45,597.98,3.79,"[20.11, 11.41]","[24, 21]",0.9,62.0,30
VOLTAMP.NS,Voltamp Transformers Limited,Electrical Equipment & Parts,Industrials,Industrials,False,Cash,1,Stage 2,Stage 2,Messy Stage 2,0.64,"Long-term structure is still constructive, but the short-term/weekly structure is not clean.",,,2026-09-25,,12.92,18.14,231602212.65,0.36,0.47,0.26,True,True,"Stage 2, Messy Stage 2, trend_template_ok, weekly_vcp_ok, volume_dryup, weekly_volume_dryup, weekly_strong",watchlist,56.21,61.21,11699.0,-10.14,"[30.42, 17.65, 11.18]","[11, 24, 8]",0.95,97.0,31
SYRMA.NS,Syrma SGS Technology Limited,Electronic Components,Technology,Technology,False,Cash,1,Stage 2,Stage 2,Extended Stage 2,0.78,"Advancing structure remains intact, but price is stretched versus key moving averages or far above the 52-week low.",,,2026-09-25,,30.13,121.8,4495556992.13,1.72,0.87,0.95,False,False,"Stage 2, Extended Stage 2, trend_template_ok, weekly_vcp_ok, weekly_strong",watchlist,55.7,60.7,1541.42,13.3,"[13.73, 9.65]","[11, 14]",0.9,36.0,32
AUROPHARMA.NS,Aurobindo Pharma Limited,Drug Manufacturers - Specialty & Generic,Healthcare,Healthcare,True,F&O,1,Stage 2,Stage 2,Clean Stage 2,0.9,"Price is above rising key averages, weekly structure is supportive, and the stock is near its 52-week high.",,,2026-09-25,,13.85,29.54,1195378549.32,0.88,0.85,0.88,False,True,"Stage 2, Clean Stage 2, trend_template_ok, daily_vcp_ok, weekly_vcp_ok, weekly_volume_dryup, weekly_strong",forming_vcp,55.69,60.69,1717.0,-1.14,"[8.97, 7.05, 7.62, 4.97]","[6, 6, 15, 8]",0.73,68.0,33
RAYMOND.NS,Raymond Limited,Specialty Industrial Machinery,Industrials,Industrials,False,Cash,1,Stage 2,Stage 2,Extended Stage 2,0.78,"Advancing structure remains intact, but price is stretched versus key moving averages or far above the 52-week low.",,,2026-09-25,,104.98,238.43,6509352881.07,2.42,1.07,1.7,False,False,"Stage 2, Extended Stage 2, trend_template_ok",watchlist,55.49,60.49,1123.96,4.98,"[11.54, 7.28]","[11, 5]",0.9,32.0,34
MOTILALOFS.NS,Motilal Oswal Financial Services Limited,Capital Markets,Financial Services,Financial Services,True,F&O,1,Stage 2,Stage 2,Clean Stage 2,0.9,"Price is above rising key averages, weekly structure is supportive, and the stock is near its 52-week high.",,,2026-09-25,,10.82,49.95,782410477.95,0.69,0.64,0.87,True,True,"Stage 2, Clean Stage 2, trend_template_ok, weekly_vcp_ok, volume_dryup, weekly_volume_dryup, weekly_strong",watchlist,60.06,60.06,1060.2,-4.58,"[15.63, 9.09]","[12, 6]",0.9,46.0,35
VENUSPIPES.NS,Venus Pipes & Tubes Limited,Steel,Basic Materials,Basic Materials,False,Cash,1,Stage 2,Stage 2,Extended Stage 2,0.78,"Advancing structure remains intact, but price is stretched versus key moving averages or far above the 52-week low.",,,2026-09-25,,24.76,118.08,731399320.62,2.1,0.97,0.8,False,True,"Stage 2, Extended Stage 2, trend_template_ok, weekly_volume_dryup",watchlist,54.83,59.83,2352.01,-9.33,"[17.87, 11.47]","[20, 5]",0.9,29.0,36
KPIL.NS,Kalpataru Projects International Limited,Engineering & Construction,Industrials,Industrials,False,Cash,1,Stage 2,Stage 2,Messy Stage 2,0.64,"Long-term structure is still constructive, but the short-term/weekly structure is not clean.",,,2026-09-25,,5.5,27.62,210510939.77,0.73,1.19,0.63,True,True,"Stage 2, Messy Stage 2, trend_template_ok, daily_vcp_ok, volume_dryup, weekly_volume_dryup",forming_vcp,59.58,59.58,1468.0,-6.29,"[14.28, 7.37]","[25, 9]",0.9,61.0,37
YATHARTH.NS,Yatharth Hospital & Trauma Care Services Limited,Medical Care Facilities,Healthcare,Healthcare,False,Cash,1,Stage 2,Stage 2,Clean Stage 2,0.9,"Price is above rising key averages, weekly structure is supportive, and the stock is near its 52-week high.",,,2026-09-25,,32.75,66.21,885650980.07,2.45,0.44,0.8,False,True,"Stage 2, Clean Stage 2, trend_template_ok, weekly_volume_dryup",watchlist,58.58,59.58,1186.07,-7.22,"[12.56, 7.72]","[16, 20]",0.9,59.0,38
JSWINFRA.NS,JSW Infrastructure Limited,Marine Shipping,Industrials,Industrials,False,Cash,1,Stage 2,Stage 2,Clean Stage 2,0.9,"Price is above rising key averages, weekly structure is supportive, and the stock is near its 52-week high.",,,2026-09-25,,11.59,47.25,1633051058.31,1.96,0.79,1.78,False,False,"Stage 2, Clean Stage 2, trend_template_ok",watchlist,56.96,59.46,355.62,-1.93,"[12.84, 8.65]","[13, 14]",0.9,47.0,39
SMSPHARMA.NS,SMS Pharmaceuticals Limited,Drug Manufacturers - General,Healthcare,Healthcare,False,Cash,1,Stage 2,Stage 2,Clean Stage 2,0.9,"Price is above rising key averages, weekly structure is supportive, and the stock is near its 52-week high.",,,2026-09-25,,15.86,20.03,672263143.25,1.91,0.36,1.12,False,False,"Stage 2, Clean Stage 2, trend_template_ok",watchlist,56.79,59.29,482.43,-4.2,"[13.58, 12.67]","[9, 57]",0.9,96.0,40
PCBL.NS,PCBL Chemical Limited,Specialty Chemicals,Basic Materials,Basic Materials,False,Cash,1,Stage 2,Stage 2,Stage 2,0.76,Advancing structure detected.,,,2026-09-25,,11.01,32.48,574893758.67,0.58,0.58,0.49,True,True,"Stage 2, Stage 2, trend_template_ok, daily_vcp_ok, volume_dryup, weekly_volume_dryup",forming_vcp,56.24,58.74,346.61,-4.06,"[16.46, 7.07]","[13, 20]",0.9,35.0,41
EDELWEISS.NS,Edelweiss Financial Services Limited,Financial Services,Financial Services,Financial Services,False,Cash,1,Stage 2,Stage 2,Clean Stage 2,0.9,"Price is above rising key averages, weekly structure is supportive, and the stock is near its 52-week high.",,,2026-09-25,,15.66,31.51,1404770304.95,1.33,0.78,1.39,False,False,"Stage 2, Clean Stage 2, trend_template_ok, weekly_vcp_ok, weekly_strong",watchlist,57.92,57.92,139.6,-2.97,"[19.79, 15.35]","[31, 25]",0.9,64.0,42
PAISALO.NS,Paisalo Digital Limited,Credit Services,Financial Services,Financial Services,False,Cash,1,Stage 2,Stage 2,Extended Stage 2,0.78,"Advancing structure remains intact, but price is stretched versus key moving averages or far above the 52-week low.",,,2026-09-25,,15.92,125.12,1637681944.28,1.58,2.6,1.38,False,False,"Stage 2, Extended Stage 2, trend_template_ok",watchlist,56.77,57.77,95.05,-16.25,"[13.22, 8.27]","[32, 7]",0.9,43.0,43
ACMESOLAR.NS,Acme Solar Holdings Limited,Utilities - Renewable,Utilities,Utilities,False,Cash,1,Stage 2,Stage 2,Clean Stage 2,0.9,"Price is above rising key averages, weekly structure is supportive, and the stock is near its 52-week high.",,,2026-09-25,,16.46,61.7,1209995840.81,1.67,0.68,1.09,False,False,"Stage 2, Clean Stage 2, trend_template_ok",watchlist,57.47,57.47,431.25,1.54,"[13.53, 7.48, 5.32]","[10, 9, 14]",0.95,43.0,44
SHYAMMETL.NS,Shyam Metalics and Energy Limited,Steel,Basic Materials,Basic Materials,False,Cash,1,Stage 2,Stage 2,Clean Stage 2,0.9,"Price is above rising key averages, weekly structure is supportive, and the stock is near its 52-week high.",,,2026-09-25,,16.65,37.68,565417930.05,1.54,0.74,1.12,False,False,"Stage 2, Clean Stage 2, trend_template_ok",watchlist,52.33,57.33,1112.94,-3.98,"[9.65, 10.62, 8.28]","[24, 19, 13]",0.55,74.0,45
APLLTD.NS,Alembic Pharmaceuticals Limited,Drug Manufacturers - Specialty & Generic,Healthcare,Healthcare,False,Cash,1,Stage 2,Stage 2,Early Stage 2,0.72,"Price has moved above long-term structure, but the full moving-average stack is not clean yet.",,,2026-09-25,,11.06,34.39,167564148.62,1.87,1.33,1.59,False,False,"Stage 2, Early Stage 2, weekly_vcp_ok, weekly_strong",watchlist,51.07,56.07,859.0,-0.54,"[11.3, 6.93]","[32, 17]",0.9,70.0,46
SHAREINDIA.NS,Share India Securities Limited,Capital Markets,Financial Services,Financial Services,False,Cash,1,Stage 2,Stage 2,Clean Stage 2,0.9,"Price is above rising key averages, weekly structure is supportive, and the stock is near its 52-week high.",,,2026-09-25,,54.24,62.59,1788582523.72,1.8,0.15,0.39,False,True,"Stage 2, Clean Stage 2, trend_template_ok, weekly_volume_dryup",watchlist,55.95,55.95,233.76,-11.83,"[15.1, 6.51]","[25, 7]",0.9,38.0,47
HARSHA.NS,Harsha Engineers International Limited,Tools & Accessories,Industrials,Industrials,False,Cash,1,Stage 2,Stage 2,Clean Stage 2,0.9,"Price is above rising key averages, weekly structure is supportive, and the stock is near its 52-week high.",,,2026-09-25,,17.51,42.33,83980147.69,1.19,1.07,1.06,False,False,"Stage 2, Clean Stage 2, trend_template_ok, weekly_vcp_ok, weekly_strong",watchlist,54.73,55.73,476.8,-2.36,"[9.91, 9.49]","[7, 13]",0.9,26.0,48
PFOCUS.NS,Prime Focus Limited,Communication Services,Communication Services,Communication Services,False,Cash,1,Stage 2,Stage 2,Stage 2,0.76,Advancing structure detected.,,,2026-09-25,,34.67,-2.57,883220131.35,2.72,1.87,3.0,False,False,"Stage 2, Stage 2, trend_template_ok, weekly_vcp_ok, weekly_strong",watchlist,53.2,55.7,325.47,-3.16,"[15.34, 11.79]","[13, 7]",0.9,25.0,49
WSTCSTPAPR.NS,West Coast Paper Mills Limited,Basic Materials,Basic Materials,Basic Materials,False,Cash,1,Stage 2,Stage 2,Clean Stage 2,0.9,"Price is above rising key averages, weekly structure is supportive, and the stock is near its 52-week high.",,,2026-09-25,,41.57,70.33,209000413.64,0.79,0.44,0.49,True,True,"Stage 2, Clean Stage 2, trend_template_ok, volume_dryup, weekly_volume_dryup",watchlist,55.02,55.02,778.36,-7.2,"[12.75, 9.06, 10.39]","[17, 5, 10]",0.55,64.0,50
LXCHEM.NS,Laxmi Organic Industries Limited,Specialty Chemicals,Basic Materials,Basic Materials,False,Cash,1,Stage 2,Stage 2,Stage 2,0.76,Advancing structure detected.,,,2026-09-25,,14.5,52.91,221391001.51,0.83,0.87,0.85,True,True,"Stage 2, Stage 2, trend_template_ok, volume_dryup, weekly_volume_dryup",watchlist,52.28,54.78,186.33,-4.75,"[20.51, 11.23]","[25, 6]",0.9,35.0,51
NAZARA.NS,Nazara Technologies Limited,Communication Services,Communication Services,Communication Services,False,Cash,1,Stage 2,Stage 2,Clean Stage 2,0.9,"Price is above rising key averages, weekly structure is supportive, and the stock is near its 52-week high.",,,2026-09-25,,29.48,63.87,492564701.18,0.66,1.4,0.74,True,True,"Stage 2, Clean Stage 2, trend_template_ok, weekly_vcp_ok, volume_dryup, weekly_volume_dryup, weekly_strong",watchlist,51.59,54.09,380.0,-0.09,[8.91],[13],0.0,13.0,52
BOSCH-HCIL.NS,BOSCH HOME COMFORT INDIA LIMITED,"Furnishings, Fixtures & Appliances",Consumer Cyclical,Consumer Cyclical,False,Cash,1,Stage 2,Stage 2,Clean Stage 2,0.9,"Price is above rising key averages, weekly structure is supportive, and the stock is near its 52-week high.",,,2026-09-25,,38.6,61.27,73165677.07,0.65,1.4,0.92,True,False,"Stage 2, Clean Stage 2, trend_template_ok, weekly_vcp_ok, volume_dryup",watchlist,52.45,52.45,1894.61,-4.87,[9.44],[19],0.0,19.0,53
CRISIL.NS,CRISIL Limited,Financial Services,Financial Services,Financial Services,False,Cash,1,Stage 2,Stage 2,Early Stage 2,0.72,"Price has moved above long-term structure, but the full moving-average stack is not clean yet.",,,2026-09-25,,19.31,25.6,269645426.27,0.94,2.66,0.98,False,False,"Stage 2, Early Stage 2, weekly_vcp_ok, weekly_strong",watchlist,52.29,52.29,4880.53,-4.71,"[10.43, 11.18, 9.29, 5.59]","[16, 12, 11, 6]",0.73,85.0,54
SONACOMS.NS,Sona BLW Precision Forgings Limited,Auto Parts,Consumer Cyclical,Consumer Cyclical,True,F&O,1,Stage 2,Stage 2,Clean Stage 2,0.9,"Price is above rising key averages, weekly structure is supportive, and the stock is near its 52-week high.",,,2026-09-25,,27.09,65.43,1596175391.62,1.16,1.9,1.18,False,False,"Stage 2, Clean Stage 2, trend_template_ok, weekly_vcp_ok, weekly_strong",watchlist,49.72,52.22,824.6,-2.03,[8.36],[9],0.0,9.0,55
TCPLPACK.NS,TCPL Packaging Limited,Consumer Cyclical,Consumer Cyclical,Consumer Cyclical,False,Cash,1,Stage 2,Stage 2,Clean Stage 2,0.9,"Price is above rising key averages, weekly structure is supportive, and the stock is near its 52-week high.",,,2026-09-25,,40.16,70.38,36895745.69,0.34,0.65,0.42,True,True,"Stage 2, Clean Stage 2, trend_template_ok, weekly_vcp_ok, volume_dryup, weekly_volume_dryup, weekly_strong",watchlist,50.2,51.2,4164.48,-4.24,"[14.08, 12.08]","[12, 7]",0.9,24.0,56
SUNFLAG.NS,Sunflag Iron And Steel Company Limited,Steel,Basic Materials,Basic Materials,False,Cash,1,Stage 2,Stage 2,Extended Stage 2,0.78,"Advancing structure remains intact, but price is stretched versus key moving averages or far above the 52-week low.",,,2026-09-25,,31.9,112.61,233717077.65,2.8,15.43,6.77,False,False,"Stage 2, Extended Stage 2",watchlist,46.2,51.2,426.71,5.27,"[19.49, 11.67]","[9, 41]",0.9,94.0,57
AJANTPHARM.NS,Ajanta Pharma Limited,Drug Manufacturers - Specialty & Generic,Healthcare,Healthcare,False,Cash,1,Stage 2,Stage 2,Messy Stage 2,0.64,"Long-term structure is still constructive, but the short-term/weekly structure is not clean.",,,2026-09-25,,11.45,29.71,270606547.47,1.05,1.29,0.71,False,True,"Stage 2, Messy Stage 2, trend_template_ok, weekly_volume_dryup",watchlist,45.64,50.64,3666.0,-3.84,[9.77],[11],0.0,11.0,58
APOLLOHOSP.NS,Apollo Hospitals Enterprise Limited,Medical Care Facilities,Healthcare,Healthcare,True,F&O,1,Stage 2,Stage 2,Stage 2,0.76,Advancing structure detected.,,,2026-09-25,,7.11,23.48,2494369523.35,1.01,1.52,1.27,False,False,"Stage 2, Stage 2, weekly_vcp_ok, weekly_strong",watchlist,49.45,50.45,9039.48,-1.99,"[7.43, 5.99]","[6, 6]",0.9,57.0,59
GOODLUCK.NS,Goodluck India Limited,Steel,Basic Materials,Basic Materials,False,Cash,1,Stage 2,Stage 2,Clean Stage 2,0.9,"Price is above rising key averages, weekly structure is supportive, and the stock is near its 52-week high.",,,2026-09-25,,10.35,52.28,302406560.99,0.71,0.42,0.72,True,True,"Stage 2, Clean Stage 2, volume_dryup, weekly_volume_dryup",watchlist,45.04,50.04,557.3,-6.33,"[14.92, 13.65, 13.01]","[6, 6, 5]",0.95,80.0,60
BLISSGVS.NS,Bliss GVS Pharma Limited,Drug Manufacturers - Specialty & Generic,Healthcare,Healthcare,False,Cash,1,Stage 2,Stage 2,Extended Stage 2,0.78,"Advancing structure remains intact, but price is stretched versus key moving averages or far above the 52-week low.",,,2026-09-25,,45.32,217.87,291149235.91,1.3,7.78,2.28,False,False,"Stage 2, Extended Stage 2, trend_template_ok",watchlist,44.88,49.88,728.22,1.29,[4.09],[39],0.0,39.0,61
BHEL.NS,Bharat Heavy Electricals Limited,Specialty Industrial Machinery,Industrials,Industrials,True,F&O,1,Stage 2,Stage 2,Early Stage 2,0.72,"Price has moved above long-term structure, but the full moving-average stack is not clean yet.",,,2026-09-25,,7.91,68.81,2507422427.91,0.92,1.19,0.83,False,True,"Stage 2, Early Stage 2, weekly_volume_dryup",watchlist,44.61,49.61,446.5,-7.75,"[13.49, 12.25, 11.42, 8.28]","[9, 13, 8, 12]",1.0,78.0,62
ROLEXRINGS.NS,Rolex Rings Limited,Metal Fabrication,Industrials,Industrials,False,Cash,1,Stage 2,Stage 2,Clean Stage 2,0.9,"Price is above rising key averages, weekly structure is supportive, and the stock is near its 52-week high.",,,2026-09-25,,34.27,65.92,319417928.34,0.59,1.74,0.98,True,False,"Stage 2, Clean Stage 2, trend_template_ok, volume_dryup",watchlist,44.22,49.22,189.73,1.96,[15.13],[18],0.0,18.0,63
TATVA.NS,Tatva Chintan Pharma Chem Limited,Specialty Chemicals,Basic Materials,Basic Materials,False,Cash,1,Stage 2,Stage 2,Clean Stage 2,0.9,"Price is above rising key averages, weekly structure is supportive, and the stock is near its 52-week high.",,,2026-09-25,,44.13,61.17,115608480.78,0.75,3.67,0.55,True,True,"Stage 2, Clean Stage 2, trend_template_ok, volume_dryup, weekly_volume_dryup",watchlist,46.51,49.01,1750.95,0.53,[17.21],[32],0.0,32.0,64
AGARWALEYE.NS,Dr. Agarwal's Health Care Limited,Healthcare,Healthcare,Healthcare,False,Cash,1,Stage 2,Stage 2,Early Stage 2,0.72,"Price has moved above long-term structure, but the full moving-average stack is not clean yet.",,,2026-09-25,,12.47,26.13,190126423.63,0.2,0.85,0.25,True,True,"Stage 2, Early Stage 2, weekly_vcp_ok, volume_dryup, weekly_volume_dryup, weekly_strong",watchlist,48.0,49.0,529.73,-4.93,"[13.78, 8.44]","[13, 6]",0.9,25.0,65
NOCIL.NS,NOCIL Limited,Specialty Chemicals,Basic Materials,Basic Materials,False,Cash,1,Stage 2,Stage 2,Stage 2,0.76,Advancing structure detected.,,,2026-09-25,,3.79,9.33,419312153.42,1.66,0.95,2.24,False,False,"Stage 2, Stage 2, trend_template_ok",watchlist,46.26,48.76,200.84,-12.78,"[21.62, 12.77]","[23, 9]",0.9,38.0,66
RPTECH.NS,Rashi Peripherals Limited,Technology,Technology,Technology,False,Cash,1,Stage 2,Stage 2,Extended Stage 2,0.78,"Advancing structure remains intact, but price is stretched versus key moving averages or far above the 52-week low.",,,2026-09-25,,16.24,145.19,247379691.18,0.58,0.53,0.68,True,True,"Stage 2, Extended Stage 2, trend_template_ok, volume_dryup, weekly_volume_dryup",watchlist,43.75,48.75,967.17,-8.6,[13.23],[38],0.0,38.0,67
SHANTIGEAR.NS,Shanthi Gears Limited,Specialty Industrial Machinery,Industrials,Industrials,False,Cash,1,Stage 2,Stage 2,Extended Stage 2,0.78,"Advancing structure remains intact, but price is stretched versus key moving averages or far above the 52-week low.",,,2026-09-25,,47.22,46.87,182718628.64,0.19,0.07,0.15,True,True,"Stage 2, Extended Stage 2, trend_template_ok, volume_dryup, weekly_volume_dryup",watchlist,43.67,48.67,744.3,-14.91,[14.92],[59],0.0,59.0,68
PETRONET.NS,Petronet LNG Limited,Oil & Gas Refining & Marketing,Energy,Energy,True,F&O,1,Stage 2,Stage 2,Early Stage 2,0.72,"Price has moved above long-term structure, but the full moving-average stack is not clean yet.",,,2026-09-25,,10.43,17.38,415677018.49,0.86,1.72,0.93,False,False,"Stage 2, Early Stage 2, weekly_vcp_ok, weekly_strong",watchlist,45.94,48.44,300.6,-3.58,"[8.13, 9.1, 7.44]","[13, 26, 12]",0.55,82.0,69
IIFLCAPS.NS,IIFL Capital Services Limited,Capital Markets,Financial Services,Financial Services,False,Cash,1,Stage 2,Stage 2,Early Stage 2,0.72,"Price has moved above long-term structure, but the full moving-average stack is not clean yet.",,,2026-09-25,,6.61,33.92,193562360.13,1.8,1.73,2.2,False,False,"Stage 2, Early Stage 2, weekly_vcp_ok, weekly_strong",watchlist,48.27,48.27,344.0,-0.09,"[8.63, 4.98]","[17, 22]",0.9,51.0,70
SHARDAMOTR.NS,Sharda Motor Industries Limited,Auto Parts,Consumer Cyclical,Consumer Cyclical,False,Cash,1,Stage 2,Stage 2,Early Stage 2,0.72,"Price has moved above long-term structure, but the full moving-average stack is not clean yet.",,,2026-09-25,,14.19,32.36,71974801.29,1.2,0.92,1.18,False,False,"Stage 2, Early Stage 2, weekly_vcp_ok, weekly_strong",watchlist,45.76,48.26,954.15,-0.95,"[17.26, 11.63, 11.1]","[24, 15, 17]",0.95,81.0,71
ABDL.NS,Allied Blenders and Distillers Limited,Consumer Defensive,Consumer Defensive,Consumer Defensive,False,Cash,1,Stage 2,Stage 2,Stage 2,0.76,Advancing structure detected.,,,2026-09-25,,12.61,75.36,731414491.1,2.98,2.33,5.15,False,False,"Stage 2, Stage 2",watchlist,48.0,48.0,712.95,1.47,"[15.81, 10.36, 10.79, 8.91]","[7, 29, 16, 11]",1.0,88.0,72
CENTUM.NS,Centum Electronics Limited,Electronic Components,Technology,Technology,False,Cash,1,Stage 2,Stage 2,Extended Stage 2,0.78,"Advancing structure remains intact, but price is stretched versus key moving averages or far above the 52-week low.",,,2026-09-25,,29.03,62.0,538574398.1,1.34,0.59,1.34,False,False,"Stage 2, Extended Stage 2, trend_template_ok",watchlist,42.62,47.62,4457.79,2.54,[12.23],[61],0.0,61.0,73
ROSSTECH.NS,Rossell Techsys Limited,Aerospace & Defense,Industrials,Industrials,False,Cash,1,Stage 2,Stage 2,Extended Stage 2,0.78,"Advancing structure remains intact, but price is stretched versus key moving averages or far above the 52-week low.",,,2026-09-25,,45.08,95.48,653382290.97,2.18,0.36,0.93,False,False,"Stage 2, Extended Stage 2, trend_template_ok",watchlist,42.25,47.25,1173.79,19.17,[16.19],[58],0.0,58.0,74
RKFORGE.NS,Ramkrishna Forgings Limited,Metal Fabrication,Industrials,Industrials,False,Cash,1,Stage 2,Stage 2,Messy Stage 2,0.64,"Long-term structure is still constructive, but the short-term/weekly structure is not clean.",,,2026-09-25,,27.39,42.26,414195704.87,0.36,1.16,0.37,True,True,"Stage 2, Messy Stage 2, trend_template_ok, weekly_vcp_ok, volume_dryup, weekly_volume_dryup, weekly_strong",watchlist,42.13,47.13,768.59,-8.52,[14.71],[20],0.0,20.0,75
PTCIL.NS,PTC Industries Limited,Metal Fabrication,Industrials,Industrials,False,Cash,1,Stage 2,Stage 2,Clean Stage 2,0.9,"Price is above rising key averages, weekly structure is supportive, and the stock is near its 52-week high.",,,2026-09-25,,29.11,49.51,664680800.75,0.52,0.19,0.32,True,True,"Stage 2, Clean Stage 2, trend_template_ok, weekly_vcp_ok, volume_dryup, weekly_volume_dryup, weekly_strong",watchlist,41.25,46.25,24167.22,-10.27,[15.12],[18],0.0,18.0,76
JYOTICNC.NS,Jyoti CNC Automation Limited,Specialty Industrial Machinery,Industrials,Industrials,False,Cash,1,Stage 2,Stage 2,Early Stage 2,0.72,"Price has moved above long-term structure, but the full moving-average stack is not clean yet.",,,2026-09-25,,39.26,37.48,1380377236.1,1.3,0.84,0.77,False,True,"Stage 2, Early Stage 2, weekly_vcp_ok, weekly_volume_dryup, weekly_strong",watchlist,41.2,46.2,1136.59,-7.96,"[26.31, 10.65]","[25, 16]",0.9,73.0,77
CUB.NS,City Union Bank Limited,Banks - Regional,Financial Services,Financial Services,False,Cash,1,Stage 2,Stage 2,Early Stage 2,0.72,"Price has moved above long-term structure, but the full moving-average stack is not clean yet.",,,2026-09-25,,5.2,23.13,509561346.51,0.72,2.05,0.9,True,True,"Stage 2, Early Stage 2, weekly_vcp_ok, volume_dryup, weekly_volume_dryup, weekly_strong",watchlist,45.09,46.09,249.29,-13.36,"[18.57, 12.6]","[29, 20]",0.9,70.0,78
VARROC.NS,Varroc Engineering Limited,Auto Parts,Consumer Cyclical,Consumer Cyclical,False,Cash,1,Stage 2,Stage 2,Clean Stage 2,0.9,"Price is above rising key averages, weekly structure is supportive, and the stock is near its 52-week high.",,,2026-09-25,,34.63,79.97,318384142.82,0.44,0.81,0.47,True,True,"Stage 2, Clean Stage 2, trend_template_ok, weekly_vcp_ok, volume_dryup, weekly_volume_dryup, weekly_strong",watchlist,43.55,46.05,913.8,-7.16,"[9.06, 9.83]","[7, 11]",0.1,22.0,79
TORNTPHARM.NS,Torrent Pharmaceuticals Limited,Drug Manufacturers - Specialty & Generic,Healthcare,Healthcare,True,F&O,1,Stage 2,Stage 2,Early Stage 2,0.72,"Price has moved above long-term structure, but the full moving-average stack is not clean yet.",,,2026-09-25,,9.56,24.62,1512225496.08,1.0,1.32,0.8,False,True,"Stage 2, Early Stage 2, weekly_volume_dryup",watchlist,40.8,45.8,5259.19,-7.42,"[6.73, 6.19, 6.13]","[16, 6, 12]",0.95,92.0,80
63MOONS.NS,63 moons technologies limited,Software - Application,Technology,Technology,False,Cash,1,Stage 2,Stage 2,Early Stage 2,0.72,"Price has moved above long-term structure, but the full moving-average stack is not clean yet.",,,2026-09-25,,29.14,67.8,450555620.59,0.49,0.37,0.68,True,True,"Stage 2, Early Stage 2, daily_vcp_ok, volume_dryup, weekly_volume_dryup",watchlist,43.29,45.79,955.73,-14.35,"[23.51, 4.98]","[28, 33]",0.9,92.0,81
GLAXO.NS,GlaxoSmithKline Pharmaceuticals Limited,Drug Manufacturers - General,Healthcare,Healthcare,False,Cash,1,Stage 2,Stage 2,Clean Stage 2,0.9,"Price is above rising key averages, weekly structure is supportive, and the stock is near its 52-week high.",,,2026-09-25,,25.0,30.75,226510017.69,0.82,3.16,1.22,True,False,"Stage 2, Clean Stage 2, trend_template_ok, weekly_vcp_ok, volume_dryup, weekly_strong",watchlist,43.03,45.53,3120.7,-7.19,[11.69],[13],0.0,13.0,82
SKYGOLD.NS,SKY GOLD AND DIAMONDS LIMITED,Luxury Goods,Consumer Cyclical,Consumer Cyclical,False,Cash,1,Stage 2,Stage 2,Extended Stage 2,0.78,"Advancing structure remains intact, but price is stretched versus key moving averages or far above the 52-week low.",,,2026-09-25,,45.2,136.62,622222161.22,0.64,1.26,0.68,True,True,"Stage 2, Extended Stage 2, trend_template_ok, volume_dryup, weekly_volume_dryup",watchlist,40.48,45.48,870.32,-8.43,[15.63],[7],0.0,7.0,83
NITINSPIN.NS,Nitin Spinners Limited,Textile Manufacturing,Consumer Cyclical,Consumer Cyclical,False,Cash,1,Stage 2,Stage 2,Messy Stage 2,0.64,"Long-term structure is still constructive, but the short-term/weekly structure is not clean.",,,2026-09-25,,12.47,61.12,67412771.03,0.39,0.14,0.21,True,True,"Stage 2, Messy Stage 2, trend_template_ok, volume_dryup, weekly_volume_dryup",watchlist,40.38,45.38,666.16,-10.46,[9.75],[11],0.0,11.0,84
FINCABLES.NS,Finolex Cables Limited,Electrical Equipment & Parts,Industrials,Industrials,False,Cash,1,Stage 2,Stage 2,Clean Stage 2,0.9,"Price is above rising key averages, weekly structure is supportive, and the stock is near its 52-week high.",,,2026-09-25,,30.63,80.05,1690000771.36,0.66,0.39,0.58,True,True,"Stage 2, Clean Stage 2, trend_template_ok, volume_dryup, weekly_volume_dryup",watchlist,40.32,45.32,1500.62,-6.17,[13.65],[15],0.0,15.0,85
GESHIP.NS,The Great Eastern Shipping Company Limited,Marine Shipping,Industrials,Industrials,False,Cash,1,Not Sure,Stage 2,Pending Stage 2,0.55,Stage 2 pending confirmation: needs 3 raw Stage 2 runs; current count 1.,Stage 2 pending confirmation: needs 3 raw Stage 2 runs; current count 1.,,2026-08-04,Stage 2,14.11,10.66,1282217295.16,1.03,3.77,1.21,False,False,"Stage 2, Early Stage 2 | Stage 2 pending confirmation: needs 3 raw Stage 2 runs; current count 1.",watchlist,42.68,45.18,1584.65,-3.23,"[24.28, 12.64]","[17, 24]",0.9,64.0,86
SBCL.NS,Shivalik Bimetal Controls Limited,Metal Fabrication,Industrials,Industrials,False,Cash,1,Stage 2,Stage 2,Extended Stage 2,0.78,"Advancing structure remains intact, but price is stretched versus key moving averages or far above the 52-week low.",,,2026-09-25,,50.86,173.48,353510524.91,0.45,0.55,0.32,True,True,"Stage 2, Extended Stage 2, trend_template_ok, volume_dryup, weekly_volume_dryup",watchlist,40.0,45.0,1217.83,-8.84,[21.27],[8],0.0,8.0,87
SHILPAMED.NS,Shilpa Medicare Limited,Drug Manufacturers - Specialty & Generic,Healthcare,Healthcare,False,Cash,1,Stage 2,Stage 2,Extended Stage 2,0.78,"Advancing structure remains intact, but price is stretched versus key moving averages or far above the 52-week low.",,,2026-09-25,,75.85,166.05,971156411.75,0.48,0.6,0.33,True,True,"Stage 2, Extended Stage 2, trend_template_ok, weekly_vcp_ok, volume_dryup, weekly_volume_dryup, weekly_strong",watchlist,39.88,44.88,1076.88,-4.79,[10.74],[7],0.0,7.0,88
EMCURE.NS,Emcure Pharmaceuticals Limited,Drug Manufacturers - Specialty & Generic,Healthcare,Healthcare,False,Cash,1,Stage 2,Stage 2,Messy Stage 2,0.64,"Long-term structure is still constructive, but the short-term/weekly structure is not clean.",,,2026-09-25,,9.15,27.07,390620120.99,1.64,0.22,0.23,False,True,"Stage 2, Messy Stage 2, trend_template_ok, weekly_volume_dryup",watchlist,39.8,44.8,2104.38,-8.39,"[9.93, 10.64]","[16, 11]",0.1,43.0,89
DYNAMATECH.NS,Dynamatic Technologies Limited,Auto Parts,Consumer Cyclical,Consumer Cyclical,False,Cash,1,Stage 2,Stage 2,Clean Stage 2,0.9,"Price is above rising key averages, weekly structure is supportive, and the stock is near its 52-week high.",,,2026-09-25,,31.24,42.31,265349400.55,1.43,2.32,1.94,False,False,"Stage 2, Clean Stage 2, trend_template_ok",watchlist,42.25,44.75,12321.52,6.63,[8.57],[18],0.0,18.0,90
CYIENTDLM.NS,Cyient DLM Limited,Electronic Components,Technology,Technology,False,Cash,1,Stage 2,Stage 2,Extended Stage 2,0.78,"Advancing structure remains intact, but price is stretched versus key moving averages or far above the 52-week low.",,,2026-09-25,,99.65,229.98,615823042.94,0.55,0.39,0.37,True,True,"Stage 2, Extended Stage 2, trend_template_ok, volume_dryup, weekly_volume_dryup",watchlist,39.75,44.75,1010.77,-9.18,[19.53],[6],0.0,6.0,91
GUFICBIO.NS,Gufic Biosciences Limited,Drug Manufacturers - Specialty & Generic,Healthcare,Healthcare,False,Cash,1,Stage 2,Stage 2,Messy Stage 2,0.64,"Long-term structure is still constructive, but the short-term/weekly structure is not clean.",,,2026-09-25,,11.74,47.91,53450561.1,0.61,0.48,0.6,True,True,"Stage 2, Messy Stage 2, trend_template_ok, volume_dryup, weekly_volume_dryup",watchlist,39.65,44.65,468.62,-10.29,[13.62],[6],0.0,6.0,92
RAMRAT.NS,Ram Ratna Wires Limited,Electrical Equipment & Parts,Industrials,Industrials,False,Cash,1,Stage 2,Stage 2,Extended Stage 2,0.78,"Advancing structure remains intact, but price is stretched versus key moving averages or far above the 52-week low.",,,2026-09-25,,45.7,91.28,163486814.01,0.69,0.57,0.91,True,False,"Stage 2, Extended Stage 2, trend_template_ok, volume_dryup",watchlist,39.59,44.59,603.5,-5.85,[16.99],[12],0.0,12.0,93
ELGIEQUIP.NS,Elgi Equipments Limited,Specialty Industrial Machinery,Industrials,Industrials,False,Cash,1,Stage 2,Stage 2,Early Stage 2,0.72,"Price has moved above long-term structure, but the full moving-average stack is not clean yet.",,,2026-09-25,,6.39,27.68,234160109.63,0.61,0.27,0.41,True,True,"Stage 2, Early Stage 2, daily_vcp_ok, volume_dryup, weekly_volume_dryup",watchlist,39.54,44.54,653.4,-8.35,"[11.61, 10.03, 6.83, 7.45]","[13, 15, 8, 6]",0.73,87.0,94
EMIL.NS,Electronics Mart India Limited,Consumer Cyclical,Consumer Cyclical,Consumer Cyclical,False,Cash,1,Stage 2,Stage 2,Extended Stage 2,0.78,"Advancing structure remains intact, but price is stretched versus key moving averages or far above the 52-week low.",,,2026-09-25,,46.0,105.94,654144260.83,0.59,1.6,0.52,True,True,"Stage 2, Extended Stage 2, trend_template_ok, volume_dryup, weekly_volume_dryup",watchlist,43.41,44.41,203.22,-5.08,[14.84],[16],0.0,16.0,95
JAMNAAUTO.NS,Jamna Auto Industries Limited,Auto Parts,Consumer Cyclical,Consumer Cyclical,False,Cash,1,Stage 2,Stage 2,Stage 2,0.76,Advancing structure detected.,,,2026-09-25,,6.44,24.04,384101912.53,1.47,1.67,2.1,False,False,"Stage 2, Stage 2, weekly_vcp_ok, weekly_strong",watchlist,41.84,44.34,147.43,-5.26,"[16.43, 14.97, 15.4]","[21, 9, 25]",0.95,92.0,96
WHEELS.NS,Wheels India Limited,Auto Parts,Consumer Cyclical,Consumer Cyclical,False,Cash,1,Stage 2,Stage 2,Extended Stage 2,0.78,"Advancing structure remains intact, but price is stretched versus key moving averages or far above the 52-week low.",,,2026-09-25,,48.18,142.13,1989156050.0,0.73,0.55,0.88,True,True,"Stage 2, Extended Stage 2, trend_template_ok, volume_dryup, weekly_volume_dryup",watchlist,41.74,44.24,2502.37,-7.14,[25.77],[32],0.0,32.0,97
JTLIND.NS,JTL INDUSTRIES LIMITED,Steel,Basic Materials,Basic Materials,False,Cash,1,Stage 2,Stage 2,Clean Stage 2,0.9,"Price is above rising key averages, weekly structure is supportive, and the stock is near its 52-week high.",,,2026-09-25,,14.92,78.67,298289607.22,0.95,1.61,1.06,False,False,"Stage 2, Clean Stage 2, trend_template_ok, weekly_vcp_ok, weekly_strong",watchlist,39.21,44.21,94.03,-6.55,[15.46],[10],0.0,10.0,98
SMLMAH.NS,SML Mahindra Limited,Auto Manufacturers,Consumer Cyclical,Consumer Cyclical,False,Cash,1,Stage 2,Stage 2,Extended Stage 2,0.78,"Advancing structure remains intact, but price is stretched versus key moving averages or far above the 52-week low.",,,2026-09-25,,68.68,63.65,692908307.83,0.3,0.65,0.3,True,True,"Stage 2, Extended Stage 2, trend_template_ok, weekly_vcp_ok, volume_dryup, weekly_volume_dryup, weekly_strong",watchlist,41.62,44.12,6898.5,-5.55,[15.18],[21],0.0,21.0,99
HIRECT.NS,Hind Rectifiers Limited,Electrical Equipment & Parts,Industrials,Industrials,False,Cash,1,Stage 2,Stage 2,Early Stage 2,0.72,"Price has moved above long-term structure, but the full moving-average stack is not clean yet.",,,2026-09-25,,7.48,70.32,66133788.19,0.44,0.6,0.36,True,True,"Stage 2, Early Stage 2, volume_dryup, weekly_volume_dryup",watchlist,39.1,44.1,1329.5,-11.29,"[16.3, 13.0]","[5, 17]",0.9,30.0,100
ALIVUS.NS,Alivus Life Sciences Limited,Drug Manufacturers - Specialty & Generic,Healthcare,Healthcare,False,Cash,1,Stage 2,Stage 2,Clean Stage 2,0.9,"Price is above rising key averages, weekly structure is supportive, and the stock is near its 52-week high.",,,2026-09-25,,21.59,38.71,209734373.22,0.75,0.52,0.43,True,True,"Stage 2, Clean Stage 2, trend_template_ok, weekly_vcp_ok, volume_dryup, weekly_volume_dryup, weekly_strong",watchlist,39.03,44.03,1491.09,-9.76,[11.48],[12],0.0,12.0,101
LAURUSLABS.NS,Laurus Labs Limited,Drug Manufacturers - Specialty & Generic,Healthcare,Healthcare,True,F&O,1,Stage 2,Stage 2,Extended Stage 2,0.78,"Advancing structure remains intact, but price is stretched versus key moving averages or far above the 52-week low.",,,2026-09-25,,36.7,95.25,3326934564.68,0.67,0.33,0.5,True,True,"Stage 2, Extended Stage 2, trend_template_ok, weekly_vcp_ok, volume_dryup, weekly_volume_dryup, weekly_strong",watchlist,38.97,43.97,1985.27,1.28,[5.42],[5],0.0,5.0,102
IPCALAB.NS,IPCA Laboratories Limited,Drug Manufacturers - Specialty & Generic,Healthcare,Healthcare,False,Cash,1,Stage 2,Stage 2,Clean Stage 2,0.9,"Price is above rising key averages, weekly structure is supportive, and the stock is near its 52-week high.",,,2026-09-25,,17.12,31.66,431691142.14,0.69,0.34,0.48,True,True,"Stage 2, Clean Stage 2, trend_template_ok, volume_dryup, weekly_volume_dryup",watchlist,38.97,43.97,2041.57,-5.99,[13.61],[16],0.0,16.0,103
PITTIENG.NS,Pitti Engineering Limited,Metal Fabrication,Industrials,Industrials,False,Cash,1,Stage 2,Stage 2,Clean Stage 2,0.9,"Price is above rising key averages, weekly structure is supportive, and the stock is near its 52-week high.",,,2026-09-25,,24.6,67.77,216391462.2,0.68,0.36,0.63,True,True,"Stage 2, Clean Stage 2, trend_template_ok, weekly_vcp_ok, volume_dryup, weekly_volume_dryup, weekly_strong",watchlist,38.94,43.94,1227.52,-7.39,[13.5],[6],0.0,6.0,104
PRICOLLTD.NS,Pricol Limited,Auto Parts,Consumer Cyclical,Consumer Cyclical,False,Cash,1,Stage 2,Stage 2,Messy Stage 2,0.64,"Long-term structure is still constructive, but the short-term/weekly structure is not clean.",,,2026-09-25,,26.5,44.39,210986515.51,0.47,0.6,0.44,True,True,"Stage 2, Messy Stage 2, trend_template_ok, weekly_vcp_ok, volume_dryup, weekly_volume_dryup, weekly_strong",watchlist,41.38,43.88,824.19,-8.63,[12.39],[19],0.0,19.0,105
LMW.NS,LMW Limited,Specialty Industrial Machinery,Industrials,Industrials,False,Cash,1,Stage 2,Stage 2,Early Stage 2,0.72,"Price has moved above long-term structure, but the full moving-average stack is not clean yet.",,,2026-09-25,,12.08,43.99,101484318.45,0.67,0.58,0.44,True,True,"Stage 2, Early Stage 2, daily_vcp_ok, weekly_vcp_ok, volume_dryup, weekly_volume_dryup, weekly_strong",watchlist,38.88,43.88,20170.76,-15.89,"[8.59, 5.08]","[13, 37]",0.9,62.0,106
SETL.NS,Standard Engineering Technology Limited,Specialty Industrial Machinery,Industrials,Industrials,False,Cash,1,Stage 2,Stage 2,Extended Stage 2,0.78,"Advancing structure remains intact, but price is stretched versus key moving averages or far above the 52-week low.",,,2026-09-25,,47.63,250.4,414759677.09,0.84,0.82,0.67,True,True,"Stage 2, Extended Stage 2, trend_template_ok, weekly_vcp_ok, volume_dryup, weekly_volume_dryup, weekly_strong",watchlist,38.87,43.87,468.97,-9.88,[15.41],[18],0.0,18.0,107
PRECWIRE.NS,Precision Wires India Limited,Electrical Equipment & Parts,Industrials,Industrials,False,Cash,1,Stage 2,Stage 2,Clean Stage 2,0.9,"Price is above rising key averages, weekly structure is supportive, and the stock is near its 52-week high.",,,2026-09-25,,23.87,62.7,298415838.18,0.77,0.53,0.72,True,True,"Stage 2, Clean Stage 2, trend_template_ok, volume_dryup, weekly_volume_dryup",watchlist,38.81,43.81,525.82,-8.59,[19.93],[12],0.0,12.0,108
AZAD.NS,Azad Engineering Limited,Specialty Industrial Machinery,Industrials,Industrials,False,Cash,1,Stage 2,Stage 2,Clean Stage 2,0.9,"Price is above rising key averages, weekly structure is supportive, and the stock is near its 52-week high.",,,2026-09-25,,36.41,78.4,940283982.42,0.78,0.95,0.6,True,True,"Stage 2, Clean Stage 2, trend_template_ok, weekly_vcp_ok, volume_dryup, weekly_volume_dryup, weekly_strong",watchlist,38.67,43.67,2942.2,-7.44,[13.16],[12],0.0,12.0,109
SAILIFE.NS,Sai Life Sciences Limited,Diagnostics & Research,Healthcare,Healthcare,False,Cash,1,Stage 2,Stage 2,Clean Stage 2,0.9,"Price is above rising key averages, weekly structure is supportive, and the stock is near its 52-week high.",,,2026-09-25,,32.96,67.14,1398130415.03,0.7,0.39,0.49,True,True,"Stage 2, Clean Stage 2, trend_template_ok, volume_dryup, weekly_volume_dryup",watchlist,38.66,43.66,1699.97,-6.89,[11.94],[5],0.0,5.0,110
SANATHAN.NS,Sanathan Textiles Limited,Textile Manufacturing,Consumer Cyclical,Consumer Cyclical,False,Cash,1,Stage 2,Stage 2,Clean Stage 2,0.9,"Price is above rising key averages, weekly structure is supportive, and the stock is near its 52-week high.",,,2026-09-25,,21.62,43.03,85957769.9,1.77,0.57,2.93,False,False,"Stage 2, Clean Stage 2, trend_template_ok, weekly_vcp_ok, weekly_strong",watchlist,38.62,43.62,493.56,4.86,[15.74],[29],0.0,29.0,111
SHRIPISTON.NS,Shriram Pistons & Rings Limited,Auto Parts,Consumer Cyclical,Consumer Cyclical,False,Cash,1,Stage 2,Stage 2,Clean Stage 2,0.9,"Price is above rising key averages, weekly structure is supportive, and the stock is near its 52-week high.",,,2026-09-25,,13.1,56.0,311608279.97,1.2,1.76,1.22,False,False,"Stage 2, Clean Stage 2, trend_template_ok",watchlist,41.06,43.56,4649.02,-0.08,[7.39],[24],0.0,24.0,112
SOUTHBANK.NS,The South Indian Bank Limited,Banks - Regional,Financial Services,Financial Services,False,Cash,1,Stage 2,Stage 2,Clean Stage 2,0.9,"Price is above rising key averages, weekly structure is supportive, and the stock is near its 52-week high.",,,2026-09-25,,12.96,35.95,617154449.58,1.62,1.46,2.22,False,False,"Stage 2, Clean Stage 2, trend_template_ok",watchlist,42.54,43.54,48.44,0.41,"[7.64, 8.05]","[23, 8]",0.1,40.0,113
KDDL.NS,KDDL Limited,Luxury Goods,Consumer Cyclical,Consumer Cyclical,False,Cash,1,Stage 2,Stage 2,Clean Stage 2,0.9,"Price is above rising key averages, weekly structure is supportive, and the stock is near its 52-week high.",,,2026-09-25,,27.69,88.27,143498172.86,0.92,0.84,1.33,False,False,"Stage 2, Clean Stage 2, trend_template_ok",watchlist,38.46,43.46,4055.66,-1.02,[9.42],[21],0.0,21.0,114
KSL.NS,Kalyani Steels Limited,Steel,Basic Materials,Basic Materials,False,Cash,1,Stage 2,Stage 2,Clean Stage 2,0.9,"Price is above rising key averages, weekly structure is supportive, and the stock is near its 52-week high.",,,2026-09-25,,14.32,56.17,159715005.69,1.7,0.87,2.06,False,False,"Stage 2, Clean Stage 2, trend_template_ok, weekly_vcp_ok, weekly_strong",watchlist,38.38,43.38,1002.8,-5.03,[16.0],[27],0.0,27.0,115
MARINE.NS,Marine Electricals (India) Limited,Electrical Equipment & Parts,Industrials,Industrials,False,Cash,1,Stage 2,Stage 2,Extended Stage 2,0.78,"Advancing structure remains intact, but price is stretched versus key moving averages or far above the 52-week low.",,,2026-09-25,,55.88,150.96,853116799.8,2.03,1.53,3.49,False,False,"Stage 2, Extended Stage 2, trend_template_ok",watchlist,38.26,43.26,450.46,-4.94,[21.58],[9],0.0,9.0,116
KRISHANA.NS,Krishana Phoschem Limited,Agricultural Inputs,Basic Materials,Basic Materials,False,Cash,1,Stage 2,Stage 2,Clean Stage 2,0.9,"Price is above rising key averages, weekly structure is supportive, and the stock is near its 52-week high.",,,2026-09-25,,35.74,75.25,108408880.85,0.58,0.83,0.51,True,True,"Stage 2, Clean Stage 2, trend_template_ok, volume_dryup, weekly_volume_dryup",watchlist,43.12,43.12,206.75,-9.83,[11.7],[33],0.0,33.0,117
WELSPUNLIV.NS,Welspun Living Limited,Textile Manufacturing,Consumer Cyclical,Consumer Cyclical,False,Cash,1,Stage 2,Stage 2,Extended Stage 2,0.78,"Advancing structure remains intact, but price is stretched versus key moving averages or far above the 52-week low.",,,2026-09-25,,41.82,98.94,950049565.48,0.78,0.6,0.94,True,False,"Stage 2, Extended Stage 2, trend_template_ok, volume_dryup",watchlist,38.11,43.11,216.38,5.35,[9.4],[7],0.0,7.0,118
INDHOTEL.NS,The Indian Hotels Company Limited,Lodging,Consumer Cyclical,Consumer Cyclical,True,F&O,1,Stage 2,Stage 2,Messy Stage 2,0.64,"Long-term structure is still constructive, but the short-term/weekly structure is not clean.",,,2026-09-25,,3.76,24.81,1153401607.81,1.13,1.78,0.94,False,False,"Stage 2, Messy Stage 2, weekly_vcp_ok, weekly_strong",watchlist,42.07,43.07,757.4,-6.13,"[6.29, 6.41, 4.22]","[8, 17, 12]",0.95,107.0,119
STYLEBAAZA.NS,Baazar Style Retail Limited,Consumer Cyclical,Consumer Cyclical,Consumer Cyclical,False,Cash,1,Stage 2,Stage 2,Stage 2,0.76,Advancing structure detected.,,,2026-09-25,,33.27,33.1,421345087.87,1.31,2.94,2.06,False,False,"Stage 2, Stage 2, trend_template_ok, weekly_vcp_ok",watchlist,41.99,42.99,447.88,-11.92,[19.02],[18],0.0,18.0,120
OIL.NS,Oil India Limited,Energy,Energy,Energy,True,F&O,1,Stage 2,Stage 2,Early Stage 2,0.72,"Price has moved above long-term structure, but the full moving-average stack is not clean yet.",,,2026-09-25,,16.71,-0.07,1051925240.77,0.64,0.82,0.53,True,True,"Stage 2, Early Stage 2, daily_vcp_ok, volume_dryup, weekly_volume_dryup",watchlist,40.45,42.95,515.35,-9.19,"[23.9, 5.85]","[30, 6]",0.9,74.0,121
CEIGALL.NS,Ceigall India Limited,Engineering & Construction,Industrials,Industrials,False,Cash,1,Stage 2,Stage 2,Clean Stage 2,0.9,"Price is above rising key averages, weekly structure is supportive, and the stock is near its 52-week high.",,,2026-09-25,,3.43,38.66,191850119.69,0.65,0.25,0.63,True,True,"Stage 2, Clean Stage 2, volume_dryup, weekly_volume_dryup",watchlist,42.94,42.94,405.87,-6.73,"[18.27, 13.49]","[8, 11]",0.9,72.0,122
HONASA.NS,Honasa Consumer Limited,Household & Personal Products,Consumer Defensive,Consumer Defensive,False,Cash,1,Stage 2,Stage 2,Early Stage 2,0.72,"Price has moved above long-term structure, but the full moving-average stack is not clean yet.",,,2026-09-25,,5.63,54.79,378600467.14,0.56,0.97,0.59,True,True,"Stage 2, Early Stage 2, volume_dryup, weekly_volume_dryup",watchlist,42.83,42.83,507.53,-8.17,"[11.0, 8.78]","[14, 7]",0.9,45.0,123
SEAMECLTD.NS,Seamec Limited,Marine Shipping,Industrials,Industrials,False,Cash,1,Stage 2,Stage 2,Clean Stage 2,0.9,"Price is above rising key averages, weekly structure is supportive, and the stock is near its 52-week high.",,,2026-09-25,,23.86,21.95,124767623.83,0.43,0.29,0.32,True,True,"Stage 2, Clean Stage 2, trend_template_ok, volume_dryup, weekly_volume_dryup",watchlist,40.33,42.83,1849.0,-8.91,[24.75],[22],0.0,22.0,124
MAHSEAMLES.NS,Maharashtra Seamless Limited,Steel,Basic Materials,Basic Materials,False,Cash,1,Stage 2,Stage 2,Clean Stage 2,0.9,"Price is above rising key averages, weekly structure is supportive, and the stock is near its 52-week high.",,,2026-09-25,,24.98,25.52,301280165.55,0.93,0.54,0.86,False,True,"Stage 2, Clean Stage 2, trend_template_ok, weekly_volume_dryup",watchlist,37.64,42.64,738.6,-3.28,[15.77],[23],0.0,23.0,125
STEELCAS.NS,Steelcast Limited,Steel,Basic Materials,Basic Materials,False,Cash,1,Stage 2,Stage 2,Clean Stage 2,0.9,"Price is above rising key averages, weekly structure is supportive, and the stock is near its 52-week high.",,,2026-09-25,,29.09,59.65,80958883.05,2.32,1.11,3.94,False,False,"Stage 2, Clean Stage 2, trend_template_ok",watchlist,37.55,42.55,364.64,1.68,[19.73],[17],0.0,17.0,126
CGCL.NS,Capri Global Capital Limited,Credit Services,Financial Services,Financial Services,False,Cash,1,Stage 2,Stage 2,Messy Stage 2,0.64,"Long-term structure is still constructive, but the short-term/weekly structure is not clean.",,,2026-09-25,,14.47,52.01,1084017071.01,0.61,0.33,0.41,True,True,"Stage 2, Messy Stage 2, trend_template_ok, volume_dryup, weekly_volume_dryup",watchlist,41.53,42.53,287.95,-13.56,[17.97],[30],0.0,30.0,127
LUMAXTECH.NS,Lumax Auto Technologies Limited,Auto Parts,Consumer Cyclical,Consumer Cyclical,False,Cash,1,Stage 2,Stage 2,Clean Stage 2,0.9,"Price is above rising key averages, weekly structure is supportive, and the stock is near its 52-week high.",,,2026-09-25,,38.98,28.57,277632683.23,0.52,0.54,0.49,True,True,"Stage 2, Clean Stage 2, trend_template_ok, volume_dryup, weekly_volume_dryup",watchlist,40.0,42.5,2152.46,-5.6,[11.87],[8],0.0,8.0,128
CARTRADE.NS,Cartrade Tech Limited,Consumer Cyclical,Consumer Cyclical,Consumer Cyclical,False,Cash,1,Stage 2,Stage 2,Early Stage 2,0.72,"Price has moved above long-term structure, but the full moving-average stack is not clean yet.",,,2026-09-25,,10.14,72.12,965129113.44,0.65,0.86,0.58,True,True,"Stage 2, Early Stage 2, weekly_vcp_ok, volume_dryup, weekly_volume_dryup, weekly_strong",watchlist,41.43,42.43,3257.69,-11.59,"[14.47, 12.6, 12.21]","[8, 12, 14]",0.95,46.0,129
MOTHERSON.NS,Samvardhana Motherson International Limited,Auto Parts,Consumer Cyclical,Consumer Cyclical,True,F&O,1,Stage 2,Stage 2,Messy Stage 2,0.64,"Long-term structure is still constructive, but the short-term/weekly structure is not clean.",,,2026-09-25,,15.31,54.54,1766042118.28,0.76,0.89,0.8,True,True,"Stage 2, Messy Stage 2, trend_template_ok, volume_dryup, weekly_volume_dryup",watchlist,39.88,42.38,170.98,-5.03,[9.74],[20],0.0,20.0,130
SOTL.NS,Savita Oil Technologies Limited,Specialty Chemicals,Basic Materials,Basic Materials,False,Cash,1,Stage 2,Stage 2,Extended Stage 2,0.78,"Advancing structure remains intact, but price is stretched versus key moving averages or far above the 52-week low.",,,2026-09-25,,41.42,126.17,896288746.76,0.24,0.2,0.25,True,True,"Stage 2, Extended Stage 2, trend_template_ok, volume_dryup, weekly_volume_dryup",watchlist,39.88,42.38,851.59,-17.88,[21.19],[7],0.0,7.0,131
JINDALSAW.NS,Jindal Saw Limited,Steel,Basic Materials,Basic Materials,False,Cash,1,Stage 2,Stage 2,Early Stage 2,0.72,"Price has moved above long-term structure, but the full moving-average stack is not clean yet.",,,2026-09-25,,10.15,47.57,539983197.24,0.73,0.4,0.51,True,True,"Stage 2, Early Stage 2, volume_dryup, weekly_volume_dryup",watchlist,37.38,42.38,320.31,-13.79,"[17.12, 8.67]","[5, 27]",0.9,38.0,132
TDPOWERSYS.NS,TD Power Systems Limited,Specialty Industrial Machinery,Industrials,Industrials,False,Cash,1,Stage 2,Stage 2,Messy Stage 2,0.64,"Long-term structure is still constructive, but the short-term/weekly structure is not clean.",,,2026-09-25,,26.47,69.67,1511167902.75,0.93,1.12,0.62,False,True,"Stage 2, Messy Stage 2, trend_template_ok, weekly_volume_dryup",watchlist,37.34,42.34,818.98,-11.84,[10.22],[12],0.0,12.0,133
STAR.NS,Strides Pharma Science Limited,Drug Manufacturers - Specialty & Generic,Healthcare,Healthcare,False,Cash,1,Stage 2,Stage 2,Clean Stage 2,0.9,"Price is above rising key averages, weekly structure is supportive, and the stock is near its 52-week high.",,,2026-09-25,,7.8,21.37,437024185.88,0.63,0.23,0.4,True,True,"Stage 2, Clean Stage 2, trend_template_ok, weekly_vcp_ok, volume_dryup, weekly_volume_dryup, weekly_strong",watchlist,37.23,42.23,1263.11,-8.84,[15.34],[13],0.0,13.0,134
VIJAYA.NS,Vijaya Diagnostic Centre Limited,Diagnostics & Research,Healthcare,Healthcare,False,Cash,1,Stage 2,Stage 2,Clean Stage 2,0.9,"Price is above rising key averages, weekly structure is supportive, and the stock is near its 52-week high.",,,2026-09-25,,12.67,69.86,211024527.94,0.85,0.77,0.71,True,True,"Stage 2, Clean Stage 2, trend_template_ok, volume_dryup, weekly_volume_dryup",watchlist,37.14,42.14,1578.57,-4.89,[12.43],[5],0.0,5.0,135
ARVIND.NS,Arvind Limited,Textile Manufacturing,Consumer Cyclical,Consumer Cyclical,False,Cash,1,Stage 2,Stage 2,Messy Stage 2,0.64,"Long-term structure is still constructive, but the short-term/weekly structure is not clean.",,,2026-09-25,,1.58,52.28,360364312.41,1.02,0.31,0.75,False,True,"Stage 2, Messy Stage 2, trend_template_ok, weekly_volume_dryup",watchlist,37.14,42.14,608.21,-10.62,[15.84],[22],0.0,22.0,136
NAVINFLUOR.NS,Navin Fluorine International Limited,Chemicals,Basic Materials,Basic Materials,False,Cash,1,Stage 2,Stage 2,Clean Stage 2,0.9,"Price is above rising key averages, weekly structure is supportive, and the stock is near its 52-week high.",,,2026-09-25,,15.38,45.57,1016388811.73,0.55,0.36,0.42,True,True,"Stage 2, Clean Stage 2, trend_template_ok, volume_dryup, weekly_volume_dryup",watchlist,39.62,42.12,8965.16,-5.94,[9.49],[5],0.0,5.0,137
DEEPINDS.NS,Deep Industries Limited,Energy,Energy,Energy,False,Cash,1,Stage 2,Stage 2,Extended Stage 2,0.78,"Advancing structure remains intact, but price is stretched versus key moving averages or far above the 52-week low.",,,2026-09-25,,74.99,77.93,386766741.24,0.5,0.33,0.45,True,True,"Stage 2, Extended Stage 2, trend_template_ok, volume_dryup, weekly_volume_dryup",watchlist,39.62,42.12,826.44,-7.07,[16.61],[5],0.0,5.0,138
MARKSANS.NS,Marksans Pharma Limited,Drug Manufacturers - General,Healthcare,Healthcare,False,Cash,1,Stage 2,Stage 2,Extended Stage 2,0.78,"Advancing structure remains intact, but price is stretched versus key moving averages or far above the 52-week low.",,,2026-09-25,,29.53,99.98,760789621.28,0.58,0.72,0.62,True,True,"Stage 2, Extended Stage 2, trend_template_ok, volume_dryup, weekly_volume_dryup",watchlist,39.62,42.12,350.56,-5.42,[13.96],[5],0.0,5.0,139
LALPATHLAB.NS,Dr. Lal Path Labs Ltd.,Diagnostics & Research,Healthcare,Healthcare,False,Cash,1,Stage 2,Stage 2,Clean Stage 2,0.9,"Price is above rising key averages, weekly structure is supportive, and the stock is near its 52-week high.",,,2026-09-25,,23.1,49.17,599940715.03,1.2,0.52,0.85,False,True,"Stage 2, Clean Stage 2, trend_template_ok, weekly_volume_dryup",watchlist,37.12,42.12,2042.17,-4.9,[6.7],[17],0.0,17.0,140
BELRISE.NS,Belrise Industries Limited,Auto Parts,Consumer Cyclical,Consumer Cyclical,False,Cash,1,Stage 2,Stage 2,Stage 2,0.76,Advancing structure detected.,,,2026-09-25,,9.73,32.89,752372989.58,0.98,1.13,0.89,False,True,"Stage 2, Stage 2, weekly_volume_dryup",watchlist,39.6,42.1,268.02,-7.24,"[12.77, 6.67]","[7, 8]",0.9,59.0,141
KRN.NS,KRN Heat Exchanger and Refrigeration Limited,Electronic Components,Technology,Technology,False,Cash,1,Stage 2,Stage 2,Early Stage 2,0.72,"Price has moved above long-term structure, but the full moving-average stack is not clean yet.",,,2026-09-25,,18.78,62.12,323843739.63,1.17,0.41,0.73,False,True,"Stage 2, Early Stage 2, weekly_vcp_ok, weekly_volume_dryup, weekly_strong",watchlist,37.1,42.1,1687.0,-17.76,"[29.69, 12.18, 10.71]","[16, 8, 23]",0.95,68.0,142
HFCL.NS,HFCL Limited,Communication Equipment,Technology,Technology,False,Cash,1,Stage 2,Stage 2,Extended Stage 2,0.78,"Advancing structure remains intact, but price is stretched versus key moving averages or far above the 52-week low.",,,2026-09-25,,5.85,189.64,1574524465.55,0.3,0.52,0.27,True,True,"Stage 2, Extended Stage 2, volume_dryup, weekly_volume_dryup",watchlist,37.08,42.08,256.46,-19.71,"[23.12, 17.74]","[5, 27]",0.9,39.0,143
GOLDIAM.NS,Goldiam International Limited,Luxury Goods,Consumer Cyclical,Consumer Cyclical,False,Cash,1,Stage 2,Stage 2,Messy Stage 2,0.64,"Long-term structure is still constructive, but the short-term/weekly structure is not clean.",,,2026-09-25,,-2.26,45.19,138232371.2,0.5,1.33,0.49,True,True,"Stage 2, Messy Stage 2, volume_dryup, weekly_volume_dryup",watchlist,36.93,41.93,398.9,-21.63,"[19.6, 9.77]","[14, 24]",0.9,41.0,144
ASAHIINDIA.NS,Asahi India Glass Limited,Auto Parts,Consumer Cyclical,Consumer Cyclical,False,Cash,1,Stage 2,Stage 2,Early Stage 2,0.72,"Price has moved above long-term structure, but the full moving-average stack is not clean yet.",,,2026-09-25,,10.35,16.12,130829962.63,0.71,0.71,0.83,True,True,"Stage 2, Early Stage 2, daily_vcp_ok, volume_dryup, weekly_volume_dryup",watchlist,39.39,41.89,996.74,-6.34,"[9.77, 5.94, 4.1]","[25, 22, 8]",0.95,100.0,145
INNOVACAP.NS,Innova Captab Limited,Drug Manufacturers - Specialty & Generic,Healthcare,Healthcare,False,Cash,1,Stage 2,Stage 2,Extended Stage 2,0.78,"Advancing structure remains intact, but price is stretched versus key moving averages or far above the 52-week low.",,,2026-09-25,,34.81,82.84,138489008.06,1.36,0.62,1.59,False,False,"Stage 2, Extended Stage 2, trend_template_ok",watchlist,36.88,41.88,1238.26,2.66,[10.6],[15],0.0,15.0,146
GRANULES.NS,Granules India Limited,Drug Manufacturers - Specialty & Generic,Healthcare,Healthcare,False,Cash,1,Stage 2,Stage 2,Early Stage 2,0.72,"Price has moved above long-term structure, but the full moving-average stack is not clean yet.",,,2026-09-25,,8.43,41.3,1273405479.86,0.96,0.4,0.47,False,True,"Stage 2, Early Stage 2, weekly_volume_dryup",watchlist,36.8,41.8,925.27,-7.98,"[10.34, 7.59]","[12, 18]",0.9,34.0,147
VISHNU.NS,Vishnu Chemicals Limited,Specialty Chemicals,Basic Materials,Basic Materials,False,Cash,1,Stage 2,Stage 2,Clean Stage 2,0.9,"Price is above rising key averages, weekly structure is supportive, and the stock is near its 52-week high.",,,2026-09-25,,15.32,38.76,110488138.32,0.49,0.29,0.36,True,True,"Stage 2, Clean Stage 2, trend_template_ok, volume_dryup, weekly_volume_dryup",watchlist,39.28,41.78,745.3,-7.16,[10.36],[7],0.0,7.0,148
GAIL.NS,GAIL (India) Limited,Utilities,Utilities,Utilities,True,F&O,1,Stage 2,Stage 2,Early Stage 2,0.72,"Price has moved above long-term structure, but the full moving-average stack is not clean yet.",,,2026-09-25,,4.34,24.29,981137864.71,0.69,1.91,0.81,True,True,"Stage 2, Early Stage 2, daily_vcp_ok, weekly_vcp_ok, volume_dryup, weekly_volume_dryup, weekly_strong",watchlist,41.76,41.76,182.17,-5.34,"[9.92, 6.28, 6.78, 4.84]","[10, 24, 5, 7]",0.73,93.0,149
KINGFA.NS,Kingfa Science & Technology (India) Limited,Specialty Chemicals,Basic Materials,Basic Materials,False,Cash,1,Stage 2,Stage 2,Clean Stage 2,0.9,"Price is above rising key averages, weekly structure is supportive, and the stock is near its 52-week high.",,,2026-09-25,,30.53,54.97,90225262.27,0.88,0.56,0.7,False,True,"Stage 2, Clean Stage 2, trend_template_ok, weekly_volume_dryup",watchlist,39.22,41.72,6336.29,0.75,[8.46],[24],0.0,24.0,150
SUPRIYA.NS,Supriya Lifescience Limited,Biotechnology,Healthcare,Healthcare,False,Cash,1,Stage 2,Stage 2,Stage 2,0.76,Advancing structure detected.,,,2026-09-25,,4.19,63.3,332962971.27,1.1,1.46,1.5,False,False,"Stage 2, Stage 2",watchlist,39.15,41.65,934.78,5.35,"[21.77, 22.14]","[13, 6]",0.9,33.0,151
PNBHOUSING.NS,PNB Housing Finance Limited,Mortgage Finance,Financial Services,Financial Services,True,F&O,1,Stage 2,Stage 2,Early Stage 2,0.72,"Price has moved above long-term structure, but the full moving-average stack is not clean yet.",,,2026-09-25,,8.69,41.66,1061079813.43,1.13,1.12,0.65,False,True,"Stage 2, Early Stage 2, weekly_vcp_ok, weekly_volume_dryup, weekly_strong",watchlist,41.63,41.63,1211.5,-10.44,"[14.03, 9.58, 7.11]","[11, 13, 5]",0.95,70.0,152
UNIMECH.NS,Unimech Aerospace and Manufacturing Limited,Aerospace & Defense,Industrials,Industrials,False,Cash,1,Stage 2,Stage 2,Extended Stage 2,0.78,"Advancing structure remains intact, but price is stretched versus key moving averages or far above the 52-week low.",,,2026-09-25,,42.7,125.58,485111715.71,1.38,0.59,1.35,False,False,"Stage 2, Extended Stage 2, trend_template_ok, weekly_vcp_ok, weekly_strong",watchlist,36.62,41.62,1871.47,-13.64,[8.6],[13],0.0,13.0,153
AKUMS.NS,Akums Drugs and Pharmaceuticals Limited,Drug Manufacturers - Specialty & Generic,Healthcare,Healthcare,False,Cash,1,Stage 2,Stage 2,Clean Stage 2,0.9,"Price is above rising key averages, weekly structure is supportive, and the stock is near its 52-week high.",,,2026-09-25,,31.19,64.15,254633375.89,0.91,0.46,0.7,False,True,"Stage 2, Clean Stage 2, trend_template_ok, weekly_vcp_ok, weekly_volume_dryup, weekly_strong",watchlist,36.52,41.52,796.55,0.43,[7.96],[5],0.0,5.0,154
GALAXYSURF.NS,Galaxy Surfactants Limited,Specialty Chemicals,Basic Materials,Basic Materials,False,Cash,1,Stage 2,Stage 2,Messy Stage 2,0.64,"Long-term structure is still constructive, but the short-term/weekly structure is not clean.",,,2026-09-25,,17.77,48.55,82706666.48,0.53,0.18,0.54,True,True,"Stage 2, Messy Stage 2, trend_template_ok, weekly_vcp_ok, volume_dryup, weekly_volume_dryup, weekly_strong",watchlist,38.96,41.46,2334.08,-6.14,[21.5],[21],0.0,21.0,155
AEGISVOPAK.NS,Aegis Vopak Terminals Limited,Energy,Energy,Energy,False,Cash,1,Stage 2,Stage 2,Clean Stage 2,0.9,"Price is above rising key averages, weekly structure is supportive, and the stock is near its 52-week high.",,,2026-09-25,,32.39,78.38,590931017.27,1.79,1.45,1.26,False,False,"Stage 2, Clean Stage 2, trend_template_ok",watchlist,38.91,41.41,321.51,-7.14,[15.74],[17],0.0,17.0,156
QUESS.NS,Quess Corp Limited,Industrials,Industrials,Industrials,False,Cash,1,Stage 2,Stage 2,Messy Stage 2,0.64,"Long-term structure is still constructive, but the short-term/weekly structure is not clean.",,,2026-09-25,,26.49,97.22,204674025.93,0.62,0.89,0.61,True,True,"Stage 2, Messy Stage 2, trend_template_ok, volume_dryup, weekly_volume_dryup",watchlist,41.39,41.39,389.43,-12.46,[6.41],[26],0.0,26.0,157
HAL.NS,Hindustan Aeronautics Limited,Aerospace & Defense,Industrials,Industrials,True,F&O,1,Stage 2,Stage 2,Early Stage 2,0.72,"Price has moved above long-term structure, but the full moving-average stack is not clean yet.",,,2026-09-25,,12.18,31.02,3747766702.17,0.71,1.06,0.58,True,True,"Stage 2, Early Stage 2, weekly_vcp_ok, volume_dryup, weekly_volume_dryup, weekly_strong",watchlist,36.38,41.38,5149.9,-8.0,"[14.22, 8.6, 9.45]","[21, 12, 5]",0.55,93.0,158
QPOWER.NS,Quality Power Electrical Equipments Limited,Electrical Equipment & Parts,Industrials,Industrials,False,Cash,1,Stage 2,Stage 2,Extended Stage 2,0.78,"Advancing structure remains intact, but price is stretched versus key moving averages or far above the 52-week low.",,,2026-09-25,,40.45,85.14,488414985.78,1.46,1.11,1.07,False,False,"Stage 2, Extended Stage 2, trend_template_ok, weekly_vcp_ok, weekly_strong",watchlist,36.3,41.3,1571.69,1.34,[17.73],[7],0.0,7.0,159
UFLEX.NS,UFLEX Limited,Consumer Cyclical,Consumer Cyclical,Consumer Cyclical,False,Cash,1,Stage 2,Stage 2,Clean Stage 2,0.9,"Price is above rising key averages, weekly structure is supportive, and the stock is near its 52-week high.",,,2026-09-25,,54.6,77.73,192651437.04,0.19,0.18,0.2,True,True,"Stage 2, Clean Stage 2, trend_template_ok, weekly_vcp_ok, volume_dryup, weekly_volume_dryup, weekly_strong",watchlist,40.25,41.25,724.77,-11.43,[15.96],[10],0.0,10.0,160
SAREGAMA.NS,Saregama India Limited,Communication Services,Communication Services,Communication Services,False,Cash,1,Stage 2,Stage 2,Early Stage 2,0.72,"Price has moved above long-term structure, but the full moving-average stack is not clean yet.",,,2026-09-25,,4.15,55.02,170432950.69,0.49,0.34,0.43,True,True,"Stage 2, Early Stage 2, daily_vcp_ok, volume_dryup, weekly_volume_dryup",watchlist,38.73,41.23,517.4,-5.37,"[17.32, 8.0]","[18, 5]",0.9,30.0,161
CARBORUNIV.NS,Carborundum Universal Limited,Conglomerates,Industrials,Industrials,False,Cash,1,Stage 2,Stage 2,Stage 2,0.76,Advancing structure detected.,,,2026-09-25,,14.66,48.72,725217745.29,2.86,0.48,3.1,False,False,"Stage 2, Stage 2",watchlist,41.2,41.2,1306.07,-4.46,"[14.85, 8.96]","[18, 41]",0.9,87.0,162
MBAPL.NS,Madhya Bharat Agro Products Limited,Agricultural Inputs,Basic Materials,Basic Materials,False,Cash,1,Stage 2,Stage 2,Extended Stage 2,0.78,"Advancing structure remains intact, but price is stretched versus key moving averages or far above the 52-week low.",,,2026-09-25,,43.12,59.25,146741570.15,0.82,0.66,0.55,True,True,"Stage 2, Extended Stage 2, trend_template_ok, volume_dryup, weekly_volume_dryup",watchlist,41.09,41.09,174.94,-4.65,[9.4],[34],0.0,34.0,163
LTFOODS.NS,LT Foods Limited,Packaged Foods,Consumer Defensive,Consumer Defensive,False,Cash,1,Stage 2,Stage 2,Early Stage 2,0.72,"Price has moved above long-term structure, but the full moving-average stack is not clean yet.",,,2026-09-25,,12.96,8.32,194319466.77,0.23,0.23,0.23,True,True,"Stage 2, Early Stage 2, daily_vcp_ok, weekly_vcp_ok, volume_dryup, weekly_volume_dryup, weekly_strong",watchlist,41.06,41.06,490.39,-16.7,"[17.24, 7.51, 6.55]","[28, 11, 12]",0.95,61.0,164
SSWL.NS,Steel Strips Wheels Limited,Auto Parts,Consumer Cyclical,Consumer Cyclical,False,Cash,1,Stage 2,Stage 2,Extended Stage 2,0.78,"Advancing structure remains intact, but price is stretched versus key moving averages or far above the 52-week low.",,,2026-09-25,,62.43,108.47,1008218889.35,0.87,0.69,0.97,False,False,"Stage 2, Extended Stage 2, trend_template_ok",watchlist,38.53,41.03,383.07,1.46,[12.35],[18],0.0,18.0,165
SUNDRMFAST.NS,Sundram Fasteners Limited,Auto Parts,Consumer Cyclical,Consumer Cyclical,False,Cash,1,Stage 2,Stage 2,Messy Stage 2,0.64,"Long-term structure is still constructive, but the short-term/weekly structure is not clean.",,,2026-09-25,,28.35,58.59,298691207.39,0.78,0.36,0.66,True,True,"Stage 2, Messy Stage 2, trend_template_ok, weekly_vcp_ok, volume_dryup, weekly_volume_dryup, weekly_strong",watchlist,38.41,40.91,1349.56,-13.56,[5.05],[10],0.0,10.0,166
THELEELA.NS,Leela Palaces Hotels & Resorts Limited,Lodging,Consumer Cyclical,Consumer Cyclical,False,Cash,1,Stage 2,Stage 2,Clean Stage 2,0.9,"Price is above rising key averages, weekly structure is supportive, and the stock is near its 52-week high.",,,2026-09-25,,19.28,36.02,184191292.36,0.39,0.77,0.52,True,True,"Stage 2, Clean Stage 2, trend_template_ok, volume_dryup, weekly_volume_dryup",watchlist,39.9,40.9,582.85,-6.0,[11.96],[11],0.0,11.0,167
WELCORP.NS,Welspun Corp Limited,Steel,Basic Materials,Basic Materials,False,Cash,1,Stage 2,Stage 2,Extended Stage 2,0.78,"Advancing structure remains intact, but price is stretched versus key moving averages or far above the 52-week low.",,,2026-09-25,,87.9,226.85,5732771356.29,1.16,0.47,0.83,False,True,"Stage 2, Extended Stage 2, trend_template_ok, weekly_vcp_ok, weekly_volume_dryup, weekly_strong",watchlist,35.88,40.88,2789.67,-1.79,[7.81],[7],0.0,7.0,168
AVALON.NS,Avalon Technologies Limited,Electronic Components,Technology,Technology,False,Cash,1,Stage 2,Stage 2,Extended Stage 2,0.78,"Advancing structure remains intact, but price is stretched versus key moving averages or far above the 52-week low.",,,2026-09-25,,33.48,148.64,1612396968.75,1.5,0.2,0.56,False,True,"Stage 2, Extended Stage 2, trend_template_ok, weekly_volume_dryup",watchlist,35.88,40.88,2622.58,-11.91,[18.32],[7],0.0,7.0,169
IOLCP.NS,IOL Chemicals and Pharmaceuticals Limited,Drug Manufacturers - Specialty & Generic,Healthcare,Healthcare,False,Cash,1,Stage 2,Stage 2,Extended Stage 2,0.78,"Advancing structure remains intact, but price is stretched versus key moving averages or far above the 52-week low.",,,2026-09-25,,35.7,156.22,849006841.18,0.99,0.34,0.69,False,True,"Stage 2, Extended Stage 2, trend_template_ok, weekly_vcp_ok, weekly_volume_dryup, weekly_strong",watchlist,35.87,40.87,219.42,-10.54,[20.77],[6],0.0,6.0,170
CHENNPETRO.NS,Chennai Petroleum Corporation Limited,Oil & Gas Refining & Marketing,Energy,Energy,False,Cash,1,Stage 2,Stage 2,Stage 2,0.76,Advancing structure detected.,,,2026-09-25,,34.68,44.62,2839737087.1,0.65,1.53,0.63,True,True,"Stage 2, Stage 2, trend_template_ok, volume_dryup, weekly_volume_dryup",watchlist,38.18,40.68,1680.44,-16.21,[11.05],[8],0.0,8.0,171
IONEXCHANG.NS,ION Exchange (India) Limited,Industrials,Industrials,Industrials,False,Cash,1,Stage 2,Stage 2,Clean Stage 2,0.9,"Price is above rising key averages, weekly structure is supportive, and the stock is near its 52-week high.",,,2026-09-25,,6.89,24.37,274839501.87,0.53,0.49,0.33,True,True,"Stage 2, Clean Stage 2, trend_template_ok, volume_dryup, weekly_volume_dryup",watchlist,40.63,40.63,461.81,-8.42,[25.52],[36],0.0,36.0,172
DIVISLAB.NS,Divi's Laboratories Limited,Drug Manufacturers - Specialty & Generic,Healthcare,Healthcare,True,F&O,1,Stage 2,Stage 2,Clean Stage 2,0.9,"Price is above rising key averages, weekly structure is supportive, and the stock is near its 52-week high.",,,2026-09-25,,48.61,64.61,4343445930.18,1.03,0.84,0.9,False,False,"Stage 2, Clean Stage 2, trend_template_ok, weekly_vcp_ok, weekly_strong",watchlist,35.62,40.62,9631.83,-0.85,[7.2],[5],0.0,5.0,173
WOCKPHARMA.NS,Wockhardt Limited,Drug Manufacturers - Specialty & Generic,Healthcare,Healthcare,False,Cash,1,Stage 2,Stage 2,Clean Stage 2,0.9,"Price is above rising key averages, weekly structure is supportive, and the stock is near its 52-week high.",,,2026-09-25,,17.29,74.31,2897989210.23,1.31,0.6,1.51,False,False,"Stage 2, Clean Stage 2, trend_template_ok, weekly_vcp_ok, weekly_strong",watchlist,35.62,40.62,2276.88,-3.92,[13.45],[5],0.0,5.0,174
PVRINOX.NS,PVR INOX Limited,Communication Services,Communication Services,Communication Services,False,Cash,1,Stage 2,Stage 2,Clean Stage 2,0.9,"Price is above rising key averages, weekly structure is supportive, and the stock is near its 52-week high.",,,2026-09-25,,29.42,32.25,873038652.45,0.81,0.6,0.75,True,True,"Stage 2, Clean Stage 2, trend_template_ok, weekly_vcp_ok, volume_dryup, weekly_volume_dryup",watchlist,38.0,40.5,1360.18,-9.94,[12.36],[9],0.0,9.0,175
AEROFLEX.NS,Aeroflex Industries Limited,Metal Fabrication,Industrials,Industrials,False,Cash,1,Stage 2,Stage 2,Extended Stage 2,0.78,"Advancing structure remains intact, but price is stretched versus key moving averages or far above the 52-week low.",,,2026-09-25,,12.52,105.54,705789982.79,0.99,0.5,0.57,False,True,"Stage 2, Extended Stage 2, trend_template_ok, weekly_volume_dryup",watchlist,35.32,40.32,585.17,-12.27,[21.79],[6],0.0,6.0,176
AIIL.NS,Authum Investment & Infrastructure Limited,Capital Markets,Financial Services,Financial Services,False,Cash,1,Stage 2,Stage 2,Early Stage 2,0.72,"Price has moved above long-term structure, but the full moving-average stack is not clean yet.",,,2026-09-25,,9.93,32.89,290006511.79,0.43,0.21,0.3,True,True,"Stage 2, Early Stage 2, volume_dryup, weekly_volume_dryup",watchlist,40.28,40.28,608.76,-9.94,"[17.45, 14.28, 13.24, 13.13]","[9, 23, 10, 9]",1.0,81.0,177
TFCILTD.NS,Tourism Finance Corporation of India Limited,Credit Services,Financial Services,Financial Services,False,Cash,1,Stage 2,Stage 2,Extended Stage 2,0.78,"Advancing structure remains intact, but price is stretched versus key moving averages or far above the 52-week low.",,,2026-09-25,,85.28,119.44,1523544256.07,0.96,1.66,1.23,False,False,"Stage 2, Extended Stage 2, trend_template_ok",watchlist,39.28,40.28,147.65,-5.4,[9.97],[10],0.0,10.0,178
DCBBANK.NS,DCB Bank Limited,Banks - Regional,Financial Services,Financial Services,False,Cash,1,Stage 2,Stage 2,Clean Stage 2,0.9,"Price is above rising key averages, weekly structure is supportive, and the stock is near its 52-week high.",,,2026-09-25,,12.33,28.68,363062404.66,0.5,0.55,0.6,True,True,"Stage 2, Clean Stage 2, trend_template_ok, weekly_vcp_ok, volume_dryup, weekly_volume_dryup, weekly_strong",watchlist,39.23,40.23,235.21,-11.8,[12.08],[17],0.0,17.0,179
AETHER.NS,Aether Industries Limited,Specialty Chemicals,Basic Materials,Basic Materials,False,Cash,1,Stage 2,Stage 2,Extended Stage 2,0.78,"Advancing structure remains intact, but price is stretched versus key moving averages or far above the 52-week low.",,,2026-09-25,,31.83,59.88,433741883.08,1.07,1.27,1.57,False,False,"Stage 2, Extended Stage 2, trend_template_ok",watchlist,37.72,40.22,1717.0,1.29,[9.57],[13],0.0,13.0,180
SANSERA.NS,Sansera Engineering Limited,Auto Parts,Consumer Cyclical,Consumer Cyclical,False,Cash,1,Stage 2,Stage 2,Extended Stage 2,0.78,"Advancing structure remains intact, but price is stretched versus key moving averages or far above the 52-week low.",,,2026-09-25,,43.68,111.08,1140624428.92,1.36,1.25,1.77,False,False,"Stage 2, Extended Stage 2, trend_template_ok",watchlist,37.63,40.13,4173.09,6.81,[7.59],[13],0.0,13.0,181
VADILALIND.NS,Vadilal Industries Limited,Packaged Foods,Consumer Defensive,Consumer Defensive,False,Cash,1,Stage 2,Stage 2,Messy Stage 2,0.64,"Long-term structure is still constructive, but the short-term/weekly structure is not clean.",,,2026-09-25,,25.3,71.82,125424113.49,0.65,0.28,0.62,True,True,"Stage 2, Messy Stage 2, trend_template_ok, weekly_vcp_ok, volume_dryup, weekly_volume_dryup, weekly_strong",watchlist,40.04,40.04,7974.38,-7.23,[15.42],[12],0.0,12.0,182
ENTERO.NS,Entero Healthcare Solutions Limited,Healthcare,Healthcare,Healthcare,False,Cash,1,Stage 2,Stage 2,Clean Stage 2,0.9,"Price is above rising key averages, weekly structure is supportive, and the stock is near its 52-week high.",,,2026-09-25,,55.6,45.72,454013328.07,1.02,0.49,0.65,False,True,"Stage 2, Clean Stage 2, trend_template_ok, weekly_vcp_ok, weekly_volume_dryup, weekly_strong",watchlist,39.0,40.0,1470.37,21.74,[15.73],[32],0.0,32.0,183
APCOTEXIND.NS,Apcotex Industries Limited,Specialty Chemicals,Basic Materials,Basic Materials,False,Cash,1,Stage 2,Stage 2,Early Stage 2,0.72,"Price has moved above long-term structure, but the full moving-average stack is not clean yet.",,,2026-09-25,,17.13,70.53,75359415.23,0.29,0.49,0.24,True,True,"Stage 2, Early Stage 2, volume_dryup, weekly_volume_dryup",watchlist,37.42,39.92,666.16,-12.03,"[17.68, 15.66]","[10, 8]",0.9,34.0,184
HERITGFOOD.NS,Heritage Foods Limited,Packaged Foods,Consumer Defensive,Consumer Defensive,False,Cash,1,Stage 2,Stage 2,Early Stage 2,0.72,"Price has moved above long-term structure, but the full moving-average stack is not clean yet.",,,2026-09-25,,26.15,32.11,362915348.68,0.72,0.33,0.42,True,True,"Stage 2, Early Stage 2, daily_vcp_ok, weekly_vcp_ok, volume_dryup, weekly_volume_dryup, weekly_strong",watchlist,39.73,39.73,429.9,-6.48,"[16.65, 10.13, 5.08]","[37, 9, 18]",0.95,96.0,185
HAPPYFORGE.NS,Happy Forgings Limited,Metal Fabrication,Industrials,Industrials,False,Cash,1,Stage 2,Stage 2,Extended Stage 2,0.78,"Advancing structure remains intact, but price is stretched versus key moving averages or far above the 52-week low.",,,2026-09-25,,34.9,70.67,153585564.36,0.74,0.85,0.68,True,True,"Stage 2, Extended Stage 2, daily_vcp_ok, weekly_vcp_ok, volume_dryup, weekly_volume_dryup, weekly_strong",watchlist,34.72,39.72,2474.32,-19.3,"[11.19, 7.55]","[15, 9]",0.9,31.0,186
REDINGTON.NS,Redington Limited,Information Technology Services,Technology,Technology,False,Cash,1,Stage 2,Stage 2,Extended Stage 2,0.78,"Advancing structure remains intact, but price is stretched versus key moving averages or far above the 52-week low.",,,2026-09-25,,53.29,107.99,2361844840.63,0.64,0.7,0.54,True,True,"Stage 2, Extended Stage 2, trend_template_ok, weekly_vcp_ok, volume_dryup, weekly_volume_dryup, weekly_strong",watchlist,39.37,39.37,403.96,0.22,[11.47],[6],0.0,6.0,187
DALMIASUG.NS,Dalmia Bharat Sugar and Industries Limited,Consumer Defensive,Consumer Defensive,Consumer Defensive,False,Cash,1,Stage 2,Stage 2,Early Stage 2,0.72,"Price has moved above long-term structure, but the full moving-average stack is not clean yet.",,,2026-09-25,,29.24,10.92,107505951.24,0.41,1.06,0.59,True,True,"Stage 2, Early Stage 2, volume_dryup, weekly_volume_dryup",watchlist,39.34,39.34,520.91,-20.37,"[21.24, 8.86, 8.88]","[16, 15, 10]",0.95,70.0,188
PRUDENT.NS,Prudent Corporate Advisory Services Limited,Asset Management,Financial Services,Financial Services,False,Cash,1,Stage 2,Stage 2,Early Stage 2,0.72,"Price has moved above long-term structure, but the full moving-average stack is not clean yet.",,,2026-09-25,,10.82,42.58,104317442.46,0.66,0.94,0.67,True,True,"Stage 2, Early Stage 2, weekly_vcp_ok, volume_dryup, weekly_volume_dryup, weekly_strong",watchlist,39.22,39.22,4112.68,-22.89,"[12.75, 10.36]","[22, 8]",0.9,56.0,189
ALKYLAMINE.NS,Alkyl Amines Chemicals Limited,Specialty Chemicals,Basic Materials,Basic Materials,False,Cash,1,Stage 2,Stage 2,Early Stage 2,0.72,"Price has moved above long-term structure, but the full moving-average stack is not clean yet.",,,2026-09-25,,3.57,39.48,109009475.11,0.38,0.43,0.26,True,True,"Stage 2, Early Stage 2, volume_dryup, weekly_volume_dryup",watchlist,36.64,39.14,2115.0,-14.9,"[16.29, 11.98, 12.06, 12.95]","[13, 6, 10, 30]",0.73,89.0,190
RADICO.NS,Radico Khaitan Limited,Consumer Defensive,Consumer Defensive,Consumer Defensive,False,Cash,1,Stage 2,Stage 2,Messy Stage 2,0.64,"Long-term structure is still constructive, but the short-term/weekly structure is not clean.",,,2026-09-25,,18.09,73.36,1019023890.71,0.82,0.52,0.75,True,True,"Stage 2, Messy Stage 2, trend_template_ok, volume_dryup, weekly_volume_dryup",watchlist,39.13,39.13,4567.78,-1.96,[9.44],[19],0.0,19.0,191
SKIPPER.NS,Skipper Limited,Engineering & Construction,Industrials,Industrials,False,Cash,1,Stage 2,Stage 2,Early Stage 2,0.72,"Price has moved above long-term structure, but the full moving-average stack is not clean yet.",,,2026-09-25,,-0.25,54.07,861388999.43,0.75,0.27,0.61,True,True,"Stage 2, Early Stage 2, daily_vcp_ok, volume_dryup, weekly_volume_dryup",watchlist,38.92,38.92,617.88,-13.31,"[15.13, 6.2]","[16, 19]",0.9,42.0,192
FMGOETZE.NS,Federal-Mogul Goetze (India) Limited.,Auto Parts,Consumer Cyclical,Consumer Cyclical,False,Cash,1,Stage 2,Stage 2,Stage 2,0.76,Advancing structure detected.,,,2026-09-25,,23.83,31.78,294448007.25,0.12,0.06,0.13,True,True,"Stage 2, Stage 2, trend_template_ok, weekly_vcp_ok, volume_dryup, weekly_volume_dryup, weekly_strong",watchlist,36.36,38.86,543.85,-15.67,[20.58],[9],0.0,9.0,193
NEOGEN.NS,Neogen Chemicals Limited,Specialty Chemicals,Basic Materials,Basic Materials,False,Cash,1,Stage 2,Stage 2,Clean Stage 2,0.9,"Price is above rising key averages, weekly structure is supportive, and the stock is near its 52-week high.",,,2026-09-25,,26.76,102.92,510075678.51,1.3,0.74,0.83,False,True,"Stage 2, Clean Stage 2, trend_template_ok, weekly_volume_dryup",watchlist,36.25,38.75,2504.07,-4.3,[17.23],[10],0.0,10.0,194
BALRAMCHIN.NS,Balrampur Chini Mills Limited,Consumer Defensive,Consumer Defensive,Consumer Defensive,False,Cash,1,Stage 2,Stage 2,Stage 2,0.76,Advancing structure detected.,,,2026-09-25,,25.12,41.36,1620430430.72,0.37,0.35,0.51,True,True,"Stage 2, Stage 2, trend_template_ok, weekly_vcp_ok, volume_dryup, weekly_volume_dryup, weekly_strong",watchlist,38.74,38.74,742.0,-8.26,[9.32],[8],0.0,8.0,195
RBA.NS,Restaurant Brands Asia Limited,Consumer Cyclical,Consumer Cyclical,Consumer Cyclical,False,Cash,1,Stage 2,Stage 2,Messy Stage 2,0.64,"Long-term structure is still constructive, but the short-term/weekly structure is not clean.",,,2026-09-25,,23.22,57.27,291451532.71,0.29,0.56,0.23,True,True,"Stage 2, Messy Stage 2, trend_template_ok, volume_dryup, weekly_volume_dryup",watchlist,37.68,38.68,111.34,-17.72,[22.38],[21],0.0,21.0,196
PHOENIXLTD.NS,The Phoenix Mills Limited,Real Estate,Real Estate,Real Estate,True,F&O,1,Stage 2,Stage 2,Stage 2,0.76,Advancing structure detected.,,,2026-09-25,,2.24,31.07,740218142.6,0.86,0.4,0.96,False,False,"Stage 2, Stage 2, daily_vcp_ok, weekly_vcp_ok, weekly_strong",watchlist,37.66,38.66,1968.39,-0.82,"[13.82, 7.53]","[21, 9]",0.9,46.0,197
RPEL.NS,Raghav Productivity Enhancers Limited,Chemicals,Basic Materials,Basic Materials,False,Cash,1,Stage 2,Stage 2,Extended Stage 2,0.78,"Advancing structure remains intact, but price is stretched versus key moving averages or far above the 52-week low.",,,2026-09-25,,36.69,174.83,213441749.35,1.08,0.43,0.55,False,True,"Stage 2, Extended Stage 2, trend_template_ok, weekly_volume_dryup",watchlist,36.0,38.5,1947.1,-12.49,[22.46],[8],0.0,8.0,198
MSTCLTD.NS,Mstc Limited,Conglomerates,Industrials,Industrials,False,Cash,1,Stage 2,Stage 2,Clean Stage 2,0.9,"Price is above rising key averages, weekly structure is supportive, and the stock is near its 52-week high.",,,2026-09-25,,8.49,78.68,213215340.41,0.75,0.36,0.74,True,True,"Stage 2, Clean Stage 2, trend_template_ok, volume_dryup, weekly_volume_dryup",watchlist,38.25,38.25,797.12,-10.88,[16.65],[6],0.0,6.0,199
WINDMACHIN.NS,Windsor Machines Limited,Specialty Industrial Machinery,Industrials,Industrials,False,Cash,1,Stage 2,Stage 2,Messy Stage 2,0.64,"Long-term structure is still constructive, but the short-term/weekly structure is not clean.",,,2026-09-25,,1.74,35.78,24660817.45,0.77,0.41,0.53,True,True,"Stage 2, Messy Stage 2, volume_dryup, weekly_volume_dryup",watchlist,33.25,38.25,344.5,-12.85,"[13.43, 12.94]","[53, 17]",0.9,80.0,200
JASH.NS,Jash Engineering Limited,Specialty Industrial Machinery,Industrials,Industrials,False,Cash,1,Stage 2,Stage 2,Clean Stage 2,0.9,"Price is above rising key averages, weekly structure is supportive, and the stock is near its 52-week high.",,,2026-09-25,,21.69,66.15,580082196.12,3.98,0.34,1.49,False,False,"Stage 2, Clean Stage 2",watchlist,33.15,38.15,527.86,11.54,"[17.07, 11.5, 12.67]","[5, 13, 15]",0.55,50.0,201
MANORAMA.NS,Manorama Industries Limited,Packaged Foods,Consumer Defensive,Consumer Defensive,False,Cash,1,Stage 2,Stage 2,Stage 2,0.76,Advancing structure detected.,,,2026-09-25,,23.11,55.23,442807552.32,0.27,0.21,0.23,True,True,"Stage 2, Stage 2, trend_template_ok, weekly_vcp_ok, volume_dryup, weekly_volume_dryup",watchlist,37.98,37.98,2152.44,-13.35,[12.13],[12],0.0,12.0,202
SUDARSCHEM.NS,Sudarshan Chemical Industries Limited,Specialty Chemicals,Basic Materials,Basic Materials,False,Cash,1,Stage 2,Stage 2,Stage 2,0.76,Advancing structure detected.,,,2026-09-25,,39.47,57.07,327788801.32,0.33,0.25,0.23,True,True,"Stage 2, Stage 2, trend_template_ok, volume_dryup, weekly_volume_dryup",watchlist,35.38,37.88,1349.36,-11.1,[14.77],[11],0.0,11.0,203
SOLARINDS.NS,Solar Industries India Limited,Specialty Chemicals,Basic Materials,Basic Materials,True,F&O,1,Stage 2,Stage 2,Early Stage 2,0.72,"Price has moved above long-term structure, but the full moving-average stack is not clean yet.",,,2026-09-25,,7.8,48.43,5167920809.25,2.0,0.75,1.23,False,False,"Stage 2, Early Stage 2",watchlist,35.0,37.5,22739.72,-15.79,"[10.82, 10.25, 7.09]","[13, 6, 10]",0.95,48.0,204
MANYAVAR.NS,Vedant Fashions Limited,Apparel Manufacturing,Consumer Cyclical,Consumer Cyclical,False,Cash,1,Stage 2,Stage 2,Early Stage 2,0.72,"Price has moved above long-term structure, but the full moving-average stack is not clean yet.",Stage 2 reclaimed after 3 confirmation runs.,,2026-09-25,,39.81,48.94,205566104.76,0.27,0.34,0.13,True,True,"Stage 2, Early Stage 2, weekly_vcp_ok, volume_dryup, weekly_volume_dryup, weekly_strong",watchlist,37.45,37.45,596.44,-9.25,"[18.04, 10.08]","[20, 17]",0.9,42.0,205
SHOPERSTOP.NS,Shoppers Stop Limited,Consumer Cyclical,Consumer Cyclical,Consumer Cyclical,False,Cash,1,Stage 2,Stage 2,Early Stage 2,0.72,"Price has moved above long-term structure, but the full moving-average stack is not clean yet.",Stage 2 confirmed with 3 raw confirmation runs.,,2026-09-25,,23.41,44.9,160157822.34,4.04,0.46,4.07,False,False,"Stage 2, Early Stage 2",watchlist,36.2,37.2,442.0,-4.57,"[10.31, 9.88]","[45, 41]",0.9,91.0,206
TEGA.NS,Tega Industries Limited,Specialty Industrial Machinery,Industrials,Industrials,False,Cash,1,Stage 2,Stage 2,Extended Stage 2,0.78,"Advancing structure remains intact, but price is stretched versus key moving averages or far above the 52-week low.",,,2026-09-25,,25.66,21.21,1641809883.45,2.8,0.42,1.27,False,False,"Stage 2, Extended Stage 2",watchlist,32.09,37.09,1895.11,6.14,"[14.0, 15.42, 14.44, 16.46]","[30, 24, 13, 9]",0.47,98.0,207
TI.NS,Tilaknagar Industries Limited,Consumer Defensive,Consumer Defensive,Consumer Defensive,False,Cash,1,Stage 2,Stage 2,Clean Stage 2,0.9,"Price is above rising key averages, weekly structure is supportive, and the stock is near its 52-week high.",,,2026-09-25,,28.95,34.66,423499807.83,1.09,0.69,1.09,False,False,"Stage 2, Clean Stage 2, trend_template_ok, weekly_vcp_ok, weekly_strong",watchlist,37.0,37.0,594.45,-5.52,[15.63],[16],0.0,16.0,208
CHALET.NS,Chalet Hotels Limited,Lodging,Consumer Cyclical,Consumer Cyclical,False,Cash,1,Stage 2,Stage 2,Early Stage 2,0.72,"Price has moved above long-term structure, but the full moving-average stack is not clean yet.",,,2026-09-25,,9.03,21.67,142365207.99,0.86,0.35,0.75,False,True,"Stage 2, Early Stage 2, daily_vcp_ok, weekly_vcp_ok, weekly_volume_dryup, weekly_strong",watchlist,35.95,36.95,940.52,-7.61,"[10.25, 11.07, 10.27, 4.59]","[15, 10, 10, 29]",0.73,105.0,209
MCX.NS,Multi Commodity Exchange of India Limited,Financial Services,Financial Services,Financial Services,True,F&O,1,Stage 2,Stage 2,Clean Stage 2,0.9,"Price is above rising key averages, weekly structure is supportive, and the stock is near its 52-week high.",,,2026-09-25,,17.02,36.17,6093439129.06,0.91,0.5,1.0,False,False,"Stage 2, Clean Stage 2, trend_template_ok, weekly_vcp_ok, weekly_strong",watchlist,36.77,36.77,3404.95,-4.15,[10.1],[12],0.0,12.0,210
MAXESTATES.NS,Max Estates Limited,Real Estate,Real Estate,Real Estate,False,Cash,1,Stage 2,Stage 2,Clean Stage 2,0.9,"Price is above rising key averages, weekly structure is supportive, and the stock is near its 52-week high.",,,2026-09-25,,40.23,87.47,136235068.13,1.23,0.28,1.58,False,False,"Stage 2, Clean Stage 2, trend_template_ok, weekly_vcp_ok, weekly_strong",watchlist,35.62,36.62,580.01,-1.41,[16.22],[5],0.0,5.0,211
RBLBANK.NS,RBL Bank Limited,Banks - Regional,Financial Services,Financial Services,True,F&O,1,Stage 2,Stage 2,Clean Stage 2,0.9,"Price is above rising key averages, weekly structure is supportive, and the stock is near its 52-week high.",,,2026-09-25,,19.89,37.82,1755148976.14,0.99,0.57,1.25,False,False,"Stage 2, Clean Stage 2, trend_template_ok",watchlist,35.5,36.5,421.14,-3.36,[5.82],[5],0.0,5.0,212
PGIL.NS,Pearl Global Industries Limited,Apparel Manufacturing,Consumer Cyclical,Consumer Cyclical,False,Cash,1,Stage 2,Stage 2,Clean Stage 2,0.9,"Price is above rising key averages, weekly structure is supportive, and the stock is near its 52-week high.",,,2026-09-25,,30.02,77.62,293600638.24,1.03,1.02,1.31,False,False,"Stage 2, Clean Stage 2, trend_template_ok",watchlist,36.34,36.34,1247.5,3.9,[10.13],[10],0.0,10.0,213
NORTHARC.NS,Northern Arc Capital Limited,Credit Services,Financial Services,Financial Services,False,Cash,1,Stage 2,Stage 2,Messy Stage 2,0.64,"Long-term structure is still constructive, but the short-term/weekly structure is not clean.",,,2026-09-25,,-1.05,34.55,375009530.54,0.64,0.4,0.43,True,True,"Stage 2, Messy Stage 2, volume_dryup, weekly_volume_dryup",watchlist,35.29,36.29,334.58,-13.0,"[16.32, 18.22, 10.69]","[5, 19, 12]",0.55,92.0,214
BEML.NS,BEML Limited,Conglomerates,Industrials,Industrials,False,Cash,1,Stage 2,Stage 2,Clean Stage 2,0.9,"Price is above rising key averages, weekly structure is supportive, and the stock is near its 52-week high.",,,2026-09-25,,12.6,37.81,967021571.54,0.85,0.5,0.45,False,True,"Stage 2, Clean Stage 2, trend_template_ok, weekly_vcp_ok, weekly_volume_dryup, weekly_strong",watchlist,36.25,36.25,2195.93,-9.15,[15.58],[6],0.0,6.0,215
WELENT.NS,Welspun Enterprises Limited,Engineering & Construction,Industrials,Industrials,False,Cash,1,Stage 2,Stage 2,Clean Stage 2,0.9,"Price is above rising key averages, weekly structure is supportive, and the stock is near its 52-week high.",,,2026-09-25,,28.13,73.94,706635781.37,1.62,0.62,0.56,False,True,"Stage 2, Clean Stage 2, trend_template_ok, weekly_volume_dryup",watchlist,36.0,36.0,843.37,-11.13,[12.1],[8],0.0,8.0,216
MAHABANK.NS,Bank of Maharashtra,Banks - Regional,Financial Services,Financial Services,False,Cash,1,Stage 2,Stage 2,Messy Stage 2,0.64,"Long-term structure is still constructive, but the short-term/weekly structure is not clean.",,,2026-09-25,,-6.09,30.73,1240327101.98,0.97,1.12,0.83,False,True,"Stage 2, Messy Stage 2, weekly_volume_dryup",watchlist,34.57,35.57,87.5,-7.6,"[17.44, 6.19, 4.69]","[19, 9, 24]",0.95,57.0,217
PREMEXPLN.NS,Premier Explosives Limited,Specialty Chemicals,Basic Materials,Basic Materials,False,Cash,1,Stage 2,Stage 2,Stage 2,0.76,Advancing structure detected.,,,2026-09-25,,-7.84,61.42,162964103.13,0.82,1.77,0.9,True,True,"Stage 2, Stage 2, volume_dryup, weekly_volume_dryup",watchlist,32.87,35.37,703.21,-3.72,[18.36],[53],0.0,53.0,218
PAYTM.NS,One 97 Communications Limited,Software - Infrastructure,Technology,Technology,True,F&O,1,Stage 2,Stage 2,Stage 2,0.76,Advancing structure detected.,,,2026-09-25,,39.92,64.86,7376798717.32,1.07,0.94,0.72,False,True,"Stage 2, Stage 2, trend_template_ok, weekly_vcp_ok, weekly_volume_dryup, weekly_strong",watchlist,34.05,35.05,1858.75,-11.99,[7.97],[5],0.0,5.0,219
GUJTHEM.NS,Gujarat Themis Biosyn Limited,Drug Manufacturers - Specialty & Generic,Healthcare,Healthcare,False,Cash,1,Stage 2,Stage 2,Early Stage 2,0.72,"Price has moved above long-term structure, but the full moving-average stack is not clean yet.",,,2026-09-25,,5.66,60.71,294220977.54,1.01,0.34,0.85,False,True,"Stage 2, Early Stage 2, weekly_volume_dryup",watchlist,29.9,34.9,470.11,-15.43,"[18.32, 16.25, 17.48]","[6, 16, 34]",0.55,65.0,220
TEXRAIL.NS,Texmaco Rail & Engineering Limited,Industrials,Industrials,Industrials,False,Cash,1,Stage 2,Stage 2,Early Stage 2,0.72,"Price has moved above long-term structure, but the full moving-average stack is not clean yet.",,,2026-09-25,,15.35,40.48,402664763.28,1.53,0.78,2.26,False,False,"Stage 2, Early Stage 2, weekly_vcp_ok, weekly_strong",watchlist,34.85,34.85,123.11,0.02,"[23.25, 13.47, 11.36, 12.92]","[13, 13, 11, 7]",0.73,89.0,221
BAJAJHLDNG.NS,Bajaj Holdings & Investment Limited,Asset Management,Financial Services,Financial Services,True,F&O,1,Stage 2,Stage 2,Early Stage 2,0.72,"Price has moved above long-term structure, but the full moving-average stack is not clean yet.",,,2026-09-25,,5.15,24.55,453159062.4,0.94,0.7,0.9,False,False,"Stage 2, Early Stage 2, weekly_vcp_ok, weekly_strong",watchlist,34.65,34.65,11589.72,-6.81,"[9.45, 9.68, 7.03]","[21, 6, 16]",0.95,77.0,222
ANANTRAJ.NS,Anant Raj Limited,Real Estate,Real Estate,Real Estate,False,Cash,1,Stage 2,Stage 2,Early Stage 2,0.72,"Price has moved above long-term structure, but the full moving-average stack is not clean yet.",,,2026-09-25,,18.37,37.06,1794920565.14,0.71,0.42,0.7,True,True,"Stage 2, Early Stage 2, volume_dryup, weekly_volume_dryup",watchlist,33.05,34.05,647.53,-6.11,"[11.96, 10.76]","[9, 8]",0.9,19.0,223
LICHSGFIN.NS,LIC Housing Finance Limited,Mortgage Finance,Financial Services,Financial Services,True,F&O,1,Stage 2,Stage 2,Clean Stage 2,0.9,"Price is above rising key averages, weekly structure is supportive, and the stock is near its 52-week high.",,,2026-09-25,,9.19,13.48,1891315788.58,1.07,0.83,0.82,False,True,"Stage 2, Clean Stage 2, weekly_vcp_ok, weekly_volume_dryup",watchlist,33.84,33.84,579.4,-2.63,"[11.08, 8.6]","[18, 8]",0.9,35.0,224
CRAFTSMAN.NS,Craftsman Automation Limited,Auto Parts,Consumer Cyclical,Consumer Cyclical,False,Cash,1,Stage 2,Stage 2,Early Stage 2,0.72,"Price has moved above long-term structure, but the full moving-average stack is not clean yet.",,,2026-09-25,,18.81,56.5,630034755.05,1.08,0.89,0.88,False,True,"Stage 2, Early Stage 2, weekly_volume_dryup",watchlist,31.26,33.76,10979.18,-4.05,[8.04],[43],0.0,43.0,225
HATSUN.NS,Hatsun Agro Product Limited,Packaged Foods,Consumer Defensive,Consumer Defensive,False,Cash,1,Stage 2,Stage 2,Stage 2,0.76,Advancing structure detected.,,,2026-09-25,,27.43,28.42,139318409.65,1.47,0.29,0.37,False,True,"Stage 2, Stage 2, trend_template_ok, weekly_vcp_ok, weekly_volume_dryup, weekly_strong",watchlist,33.63,33.63,1352.06,-17.21,[9.2],[10],0.0,10.0,226
KAJARIACER.NS,Kajaria Ceramics Limited,Building Products & Equipment,Industrials,Industrials,False,Cash,1,Stage 2,Stage 2,Messy Stage 2,0.64,"Long-term structure is still constructive, but the short-term/weekly structure is not clean.",,,2026-09-25,,4.43,22.79,251346085.28,0.67,0.6,0.81,True,True,"Stage 2, Messy Stage 2, weekly_vcp_ok, volume_dryup, weekly_volume_dryup, weekly_strong",watchlist,33.41,33.41,1269.12,-6.27,"[5.77, 6.04, 6.9, 7.49]","[6, 31, 9, 8]",0.47,74.0,227
AJAXENGG.NS,Ajax Engineering Limited,Farm & Heavy Construction Machinery,Industrials,Industrials,False,Cash,1,Stage 2,Stage 2,Early Stage 2,0.72,"Price has moved above long-term structure, but the full moving-average stack is not clean yet.",,,2026-09-25,,13.59,38.95,95336029.82,2.43,1.37,4.4,False,False,"Stage 2, Early Stage 2, weekly_vcp_ok, weekly_strong",watchlist,31.58,32.58,625.05,-5.62,"[15.5, 11.28, 12.08]","[30, 10, 10]",0.55,60.0,228
FINEORG.NS,Fine Organic Industries Limited,Specialty Chemicals,Basic Materials,Basic Materials,False,Cash,1,Stage 2,Stage 2,Messy Stage 2,0.64,"Long-term structure is still constructive, but the short-term/weekly structure is not clean.",,,2026-09-25,,3.7,25.58,109236948.02,0.79,1.41,0.73,True,True,"Stage 2, Messy Stage 2, weekly_vcp_ok, volume_dryup, weekly_volume_dryup, weekly_strong",watchlist,29.9,32.4,5393.18,-4.99,[13.22],[18],0.0,18.0,229
CASTROLIND.NS,Castrol India Limited,Oil & Gas Refining & Marketing,Energy,Energy,False,Cash,1,Stage 2,Stage 2,Clean Stage 2,0.9,"Price is above rising key averages, weekly structure is supportive, and the stock is near its 52-week high.",,,2026-09-25,,17.74,19.03,650052979.29,1.65,1.82,1.93,False,False,"Stage 2, Clean Stage 2, weekly_vcp_ok, weekly_strong",watchlist,29.22,31.72,198.2,1.43,[4.09],[10],0.0,10.0,230
BLACKBUCK.NS,BLACKBUCK LIMITED,Software - Application,Technology,Technology,False,Cash,1,Stage 2,Stage 2,Early Stage 2,0.72,"Price has moved above long-term structure, but the full moving-average stack is not clean yet.",,,2026-09-25,,14.29,7.1,512660809.54,1.48,0.55,1.27,False,False,"Stage 2, Early Stage 2, weekly_vcp_ok, weekly_strong",watchlist,28.96,31.46,643.02,-6.5,"[13.36, 11.19]","[12, 8]",0.9,37.0,231
VRLLOG.NS,VRL Logistics Limited,Industrials,Industrials,Industrials,False,Cash,1,Stage 2,Stage 2,Early Stage 2,0.72,"Price has moved above long-term structure, but the full moving-average stack is not clean yet.",,,2026-09-25,,25.36,23.87,34523527.87,0.27,0.99,0.24,True,True,"Stage 2, Early Stage 2, weekly_vcp_ok, volume_dryup, weekly_volume_dryup, weekly_strong",watchlist,31.25,31.25,305.43,-6.04,"[8.12, 7.87]","[10, 12]",0.9,25.0,232
AXISCADES.NS,AXISCADES Technologies Limited,Engineering & Construction,Industrials,Industrials,False,Cash,1,Stage 2,Stage 2,Early Stage 2,0.72,"Price has moved above long-term structure, but the full moving-average stack is not clean yet.",,,2026-09-25,,16.94,17.65,379383749.51,1.31,1.52,1.2,False,False,"Stage 2, Early Stage 2",watchlist,30.91,30.91,2142.74,-12.29,"[26.5, 30.24, 15.36]","[17, 44, 5]",0.55,92.0,233
STYLAMIND.NS,Stylam Industries Limited,"Furnishings, Fixtures & Appliances",Consumer Cyclical,Consumer Cyclical,False,Cash,1,Stage 2,Stage 2,Early Stage 2,0.72,"Price has moved above long-term structure, but the full moving-average stack is not clean yet.",,,2026-09-25,,5.55,53.02,139869880.43,0.55,1.21,0.74,True,True,"Stage 2, Early Stage 2, volume_dryup, weekly_volume_dryup",watchlist,30.87,30.87,3451.83,-4.94,[14.45],[11],0.0,11.0,234
POLYMED.NS,Poly Medicure Limited,Healthcare,Healthcare,Healthcare,False,Cash,1,Stage 2 Failed,Not Sure,Failed Stage 2,0.72,"This stock was recently Stage 2, but the latest structure no longer satisfies Stage 2 rules. It is kept as Stage 2 Failed until a fresh base/repair structure forms.",Recent Stage 2 break; public stage held as Stage 2 Failed.,2026-09-28,2026-09-25,,-0.22,25.18,242220267.87,0.64,1.58,0.66,True,True,"Not Sure, Not Sure, weekly_vcp_ok, volume_dryup, weekly_volume_dryup, weekly_strong | Stage 2 failed state applied from stage memory.",watchlist,29.56,30.56,1913.13,-14.45,"[23.98, 9.34, 5.22]","[15, 15, 23]",0.95,77.0,235
LLOYDSENGG.NS,LLOYDS ENGINEERING WORKS LIMITED,Specialty Industrial Machinery,Industrials,Industrials,False,Cash,1,Stage 2,Stage 2,Stage 2,0.76,Advancing structure detected.,,,2026-09-25,,20.67,130.9,835048304.98,1.38,2.42,2.37,False,False,"Stage 2, Stage 2",watchlist,25.38,30.38,94.79,1.25,[21.91],[27],0.0,27.0,236
BAJFINANCE.NS,Bajaj Finance Limited,Credit Services,Financial Services,Financial Services,True,F&O,1,Stage 2,Stage 2,Messy Stage 2,0.64,"Long-term structure is still constructive, but the short-term/weekly structure is not clean.",,,2026-09-25,,1.83,22.12,5967285203.37,0.96,1.5,1.13,False,False,"Stage 2, Messy Stage 2, weekly_vcp_ok, weekly_strong",watchlist,29.27,30.27,1108.19,-11.12,"[10.41, 9.27]","[5, 5]",0.9,18.0,237
HBLENGINE.NS,HBL Engineering Limited,Electrical Equipment & Parts,Industrials,Industrials,False,Cash,1,Not Sure,Not Sure,Not Sure,0.0,Stage rules did not identify a reliable structure.,No confident stage classification.,,2026-06-26,,0.61,20.14,2026974547.11,1.65,2.06,1.81,False,False,"Not Sure, Not Sure",watchlist,24.63,29.63,773.08,1.63,"[18.9, 10.87]","[21, 9]",0.9,49.0,238
PRIVISCL.NS,Privi Speciality Chemicals Limited,Specialty Chemicals,Basic Materials,Basic Materials,False,Cash,1,Stage 2,Stage 2,Stage 2,0.76,Advancing structure detected.,,,2026-09-25,,3.24,25.61,301790508.18,1.16,1.09,1.53,False,False,"Stage 2, Stage 2",watchlist,26.76,29.26,3605.6,-0.01,[11.46],[20],0.0,20.0,239
ABB.NS,ABB India Limited,Specialty Industrial Machinery,Industrials,Industrials,True,F&O,1,Stage 2,Stage 2,Early Stage 2,0.72,"Price has moved above long-term structure, but the full moving-average stack is not clean yet.",,,2026-09-25,,7.93,17.59,1224003470.85,0.78,1.29,0.63,True,True,"Stage 2, Early Stage 2, volume_dryup, weekly_volume_dryup",watchlist,24.21,29.21,7827.52,-10.92,"[10.59, 11.75]","[9, 23]",0.1,44.0,240
BALAMINES.NS,Balaji Amines Limited,Specialty Chemicals,Basic Materials,Basic Materials,False,Cash,1,Stage 2,Stage 2,Early Stage 2,0.72,"Price has moved above long-term structure, but the full moving-average stack is not clean yet.",,,2026-09-25,,2.11,105.42,494240139.7,0.65,0.37,0.67,True,True,"Stage 2, Early Stage 2, volume_dryup, weekly_volume_dryup",watchlist,26.17,28.67,2634.4,-18.24,"[17.61, 19.08, 20.87]","[7, 17, 7]",0.15,64.0,241
JUBLPHARMA.NS,Jubilant Pharmova Limited,Drug Manufacturers - Specialty & Generic,Healthcare,Healthcare,False,Cash,1,Stage 2,Stage 2,Early Stage 2,0.72,"Price has moved above long-term structure, but the full moving-average stack is not clean yet.",,,2026-09-25,,14.63,32.8,264135390.32,0.63,0.3,0.5,True,True,"Stage 2, Early Stage 2, volume_dryup, weekly_volume_dryup",watchlist,23.56,28.56,1093.76,-3.05,[14.75],[33],0.0,33.0,242
MANKIND.NS,Mankind Pharma Limited,Drug Manufacturers - Specialty & Generic,Healthcare,Healthcare,True,F&O,1,Stage 2,Stage 2,Stage 2,0.76,Advancing structure detected.,,,2026-09-25,,3.04,23.96,919644877.99,1.41,1.01,1.09,False,False,"Stage 2, Stage 2",watchlist,23.55,28.55,2642.0,-7.81,"[13.76, 14.67]","[8, 58]",0.1,81.0,243
ZYDUSLIFE.NS,Zydus Lifesciences Limited,Drug Manufacturers - Specialty & Generic,Healthcare,Healthcare,True,F&O,1,Stage 2,Stage 2,Stage 2,0.76,Advancing structure detected.,,,2026-09-25,,15.68,42.97,1594737678.1,1.13,3.08,1.5,False,False,"Stage 2, Stage 2",watchlist,23.49,28.49,1201.0,1.17,[9.42],[13],0.0,13.0,244
PPLPHARMA.NS,Piramal Pharma Limited,Drug Manufacturers - Specialty & Generic,Healthcare,Healthcare,False,Cash,1,Stage 2,Stage 2,Early Stage 2,0.72,"Price has moved above long-term structure, but the full moving-average stack is not clean yet.",,,2026-09-25,,27.86,47.56,866612938.56,0.57,0.68,0.56,True,True,"Stage 2, Early Stage 2, volume_dryup, weekly_volume_dryup",watchlist,23.25,28.25,232.34,-11.08,[9.76],[18],0.0,18.0,245
GREAVESCOT.NS,Greaves Cotton Limited,Specialty Industrial Machinery,Industrials,Industrials,False,Cash,1,Stage 3,Stage 3,Stage 3 - Transition,0.62,"The structure is transitioning after prior strength, but it is not yet a confirmed Stage 4 decline.",,,2026-08-18,,5.65,78.17,485740870.01,2.0,1.47,3.54,False,False,"Stage 3, Stage 3 - Transition, distribution_risk",watchlist,23.2,28.2,270.16,-14.72,"[11.9, 8.05]","[5, 72]",0.9,92.0,246
THYROCARE.NS,Thyrocare Technologies Limited,Diagnostics & Research,Healthcare,Healthcare,False,Cash,1,Stage 2,Stage 2,Early Stage 2,0.72,"Price has moved above long-term structure, but the full moving-average stack is not clean yet.",,,2026-09-25,,3.51,54.02,131012242.94,0.3,1.7,0.3,True,True,"Stage 2, Early Stage 2, volume_dryup, weekly_volume_dryup",watchlist,23.18,28.18,663.16,-17.32,[13.72],[37],0.0,37.0,247
KPRMILL.NS,K.P.R. Mill Limited,Textile Manufacturing,Consumer Cyclical,Consumer Cyclical,False,Cash,1,Stage 2 Failed,Stage 1,Failed Stage 2,0.72,"This stock was recently Stage 2, but the latest structure no longer satisfies Stage 2 rules. It is kept as Stage 2 Failed until a fresh base/repair structure forms.",Recent Stage 2 break; public stage held as Stage 2 Failed.,2026-09-28,2026-09-24,,-2.28,34.05,273230246.33,0.65,0.38,0.43,True,True,"Stage 1, Stage 1 - Base/Repair, volume_dryup, weekly_volume_dryup, stage1_not_actionable, stage1_needs_more_base | Stage 2 failed state applied from stage memory.",watchlist,22.83,27.83,1333.4,-17.41,"[9.42, 9.84]","[36, 11]",0.9,73.0,248
SUNPHARMA.NS,Sun Pharmaceutical Industries Limited,Drug Manufacturers - Specialty & Generic,Healthcare,Healthcare,True,F&O,1,Stage 2 Failed,Stage 3,Failed Stage 2,0.72,"This stock was recently Stage 2, but the latest structure no longer satisfies Stage 2 rules. It is kept as Stage 2 Failed until a fresh base/repair structure forms.",Recent Stage 2 break; public stage held as Stage 2 Failed.,2026-09-28,2026-09-10,,3.6,11.07,2695698622.77,0.82,0.64,0.58,True,True,"Stage 3, Stage 3 - Distribution/Damage, weekly_vcp_ok, volume_dryup, weekly_volume_dryup, weekly_strong, distribution_risk | Stage 2 failed state applied from stage memory.",watchlist,22.27,27.27,2050.48,-10.36,"[11.29, 8.34, 8.73, 7.9]","[17, 11, 12, 11]",1.0,119.0,249
LLOYDSENT.NS,Lloyds Enterprises Limited,Steel,Basic Materials,Basic Materials,False,Cash,1,Stage 2,Stage 2,Stage 2,0.76,Advancing structure detected.,Stage 2 reclaimed after 3 confirmation runs.,,2026-09-25,,8.69,70.09,201634490.15,1.09,0.9,1.47,False,False,"Stage 2, Stage 2",watchlist,22.25,27.25,84.7,-9.88,[21.35],[42],0.0,42.0,250
AARTIPHARM.NS,Aarti Pharmalabs Limited,Drug Manufacturers - Specialty & Generic,Healthcare,Healthcare,False,Cash,1,Stage 2,Stage 2,Early Stage 2,0.72,"Price has moved above long-term structure, but the full moving-average stack is not clean yet.",,,2026-09-25,,36.52,44.16,685637903.89,1.3,0.8,1.43,False,False,"Stage 2, Early Stage 2, weekly_vcp_ok, weekly_strong",watchlist,22.05,27.05,894.1,2.23,"[13.53, 14.29]","[8, 7]",0.1,26.0,251
MANINFRA.NS,Man Infraconstruction Limited,Engineering & Construction,Industrials,Industrials,False,Cash,1,Stage 2,Stage 2,Early Stage 2,0.72,"Price has moved above long-term structure, but the full moving-average stack is not clean yet.",,,2026-09-25,,25.61,52.24,327488998.95,0.95,1.72,1.09,False,False,"Stage 2, Early Stage 2",watchlist,26.53,26.53,131.23,-2.9,[6.89],[6],0.0,6.0,252
KALYANKJIL.NS,Kalyan Jewellers India Limited,Luxury Goods,Consumer Cyclical,Consumer Cyclical,True,F&O,1,Stage 2,Stage 2,Early Stage 2,0.72,"Price has moved above long-term structure, but the full moving-average stack is not clean yet.",,,2026-09-25,,51.02,45.86,3903931337.43,0.36,0.37,0.23,True,True,"Stage 2, Early Stage 2, volume_dryup, weekly_volume_dryup",watchlist,20.86,25.86,634.47,-11.11,[13.51],[5],0.0,5.0,253
TITAN.NS,Titan Company Limited,Luxury Goods,Consumer Cyclical,Consumer Cyclical,True,F&O,1,Stage 2,Stage 2,Early Stage 2,0.72,"Price has moved above long-term structure, but the full moving-average stack is not clean yet.",,,2026-09-25,,13.01,20.27,2693130064.85,0.93,1.2,1.0,False,False,"Stage 2, Early Stage 2",watchlist,20.84,25.84,5186.7,-7.08,[12.98],[40],0.0,40.0,254
METROPOLIS.NS,Metropolis Healthcare Limited,Diagnostics & Research,Healthcare,Healthcare,False,Cash,1,Stage 2,Stage 2,Early Stage 2,0.72,"Price has moved above long-term structure, but the full moving-average stack is not clean yet.",,,2026-09-25,,10.25,38.22,115597151.47,0.7,0.38,0.56,True,True,"Stage 2, Early Stage 2, volume_dryup, weekly_volume_dryup",watchlist,20.69,25.69,607.85,-5.85,[11.9],[15],0.0,15.0,255
NEULANDLAB.NS,Neuland Laboratories Limited,Drug Manufacturers - Specialty & Generic,Healthcare,Healthcare,False,Cash,1,Stage 2,Stage 2,Early Stage 2,0.72,"Price has moved above long-term structure, but the full moving-average stack is not clean yet.",,,2026-09-25,,18.23,75.02,954916685.25,0.66,0.43,0.57,True,True,"Stage 2, Early Stage 2, weekly_vcp_ok, volume_dryup, weekly_volume_dryup, weekly_strong",watchlist,20.49,25.49,24225.0,-11.5,[10.12],[6],0.0,6.0,256
GULFOILLUB.NS,Gulf Oil Lubricants India Limited,Specialty Chemicals,Basic Materials,Basic Materials,False,Cash,1,Stage 2,Stage 2,Early Stage 2,0.72,"Price has moved above long-term structure, but the full moving-average stack is not clean yet.",,,2026-09-25,,14.1,30.61,58691895.5,0.49,0.81,0.57,True,True,"Stage 2, Early Stage 2, volume_dryup, weekly_volume_dryup",watchlist,22.72,25.22,1144.24,-2.95,[15.61],[26],0.0,26.0,257
MRPL.NS,Mangalore Refinery and Petrochemicals Limited,Oil & Gas Refining & Marketing,Energy,Energy,False,Cash,1,Stage 2 Failed,Stage 3,Failed Stage 2,0.72,"This stock was recently Stage 2, but the latest structure no longer satisfies Stage 2 rules. It is kept as Stage 2 Failed until a fresh base/repair structure forms.",Recent Stage 2 break; public stage held as Stage 2 Failed.,2026-09-28,2026-09-14,,18.31,-4.52,1811000083.13,0.61,2.06,0.67,True,True,"Stage 3, Stage 3 - Distribution/Damage, weekly_vcp_ok, volume_dryup, weekly_volume_dryup, weekly_strong, distribution_risk | Stage 2 failed state applied from stage memory.",watchlist,22.66,25.16,192.24,-11.67,"[26.55, 15.74, 8.68]","[18, 17, 27]",0.95,91.0,258
CGPOWER.NS,CG Power and Industrial Solutions Limited,Electrical Equipment & Parts,Industrials,Industrials,True,F&O,1,Stage 2 Failed,Stage 1,Failed Stage 2,0.72,"This stock was recently Stage 2, but the latest structure no longer satisfies Stage 2 rules. It is kept as Stage 2 Failed until a fresh base/repair structure forms.",Recent Stage 2 break; public stage held as Stage 2 Failed.,2026-09-28,2026-09-25,,-4.73,29.45,2018913366.78,0.75,0.81,0.54,True,True,"Stage 1, Stage 1 - Base/Repair, volume_dryup, weekly_volume_dryup, stage1_not_actionable, stage1_needs_more_base | Stage 2 failed state applied from stage memory.",watchlist,19.76,24.76,980.9,-11.82,"[8.11, 6.83]","[58, 21]",0.9,92.0,259
FLUOROCHEM.NS,Gujarat Fluorochemicals Limited,Specialty Chemicals,Basic Materials,Basic Materials,False,Cash,1,Stage 2,Stage 2,Early Stage 2,0.72,"Price has moved above long-term structure, but the full moving-average stack is not clean yet.",,,2026-09-25,,17.04,41.06,563782172.47,0.55,0.25,0.23,True,True,"Stage 2, Early Stage 2, weekly_vcp_ok, volume_dryup, weekly_volume_dryup, weekly_strong",watchlist,22.19,24.69,4884.67,-9.03,[10.93],[11],0.0,11.0,260
TVSMOTOR.NS,TVS Motor Company Limited,Auto Manufacturers,Consumer Cyclical,Consumer Cyclical,True,F&O,1,Stage 2,Stage 2,Early Stage 2,0.72,"Price has moved above long-term structure, but the full moving-average stack is not clean yet.",,,2026-09-25,,18.01,23.0,2995547197.52,0.64,0.73,0.63,True,True,"Stage 2, Early Stage 2, weekly_vcp_ok, volume_dryup, weekly_volume_dryup, weekly_strong",watchlist,22.1,24.6,4492.35,-8.84,[10.57],[27],0.0,27.0,261
SIEMENS.NS,Siemens Limited,Specialty Industrial Machinery,Industrials,Industrials,True,F&O,1,Stage 2,Stage 2,Early Stage 2,0.72,"Price has moved above long-term structure, but the full moving-average stack is not clean yet.",,,2026-09-25,,11.35,27.95,985814435.34,0.74,0.59,0.49,True,True,"Stage 2, Early Stage 2, volume_dryup, weekly_volume_dryup",watchlist,19.49,24.49,4149.4,-8.77,[11.25],[16],0.0,16.0,262
BAJAJ-AUTO.NS,Bajaj Auto Limited,Auto Manufacturers,Consumer Cyclical,Consumer Cyclical,True,F&O,1,Stage 2,Stage 2,Early Stage 2,0.72,"Price has moved above long-term structure, but the full moving-average stack is not clean yet.",,,2026-09-25,,16.94,29.9,2275233396.6,0.65,1.2,0.55,True,True,"Stage 2, Early Stage 2, volume_dryup, weekly_volume_dryup",watchlist,21.89,24.39,12491.82,-11.75,[11.62],[22],0.0,22.0,263
ABBOTINDIA.NS,Abbott India Limited,Drug Manufacturers - Specialty & Generic,Healthcare,Healthcare,False,Cash,1,Not Sure,Stage 3,Pending Stage 3,0.55,Blocked public stage jump Stage 1 -> Stage 3; waiting for intermediate/confirmed structure.,Blocked public stage jump Stage 1 -> Stage 3; waiting for intermediate/confirmed structure.,,2026-08-12,Stage 3,12.21,5.56,214935260.5,0.96,0.65,0.47,False,True,"Stage 3, Stage 3 - Transition, weekly_volume_dryup, distribution_risk | Blocked public stage jump Stage 1 -> Stage 3; waiting for intermediate/confirmed structure.",watchlist,19.33,24.33,28635.0,-6.62,"[10.89, 11.12]","[31, 37]",0.9,84.0,264
UNIVCABLES.NS,Universal Cables Limited,Electrical Equipment & Parts,Industrials,Industrials,False,Cash,1,Stage 2,Stage 2,Early Stage 2,0.72,"Price has moved above long-term structure, but the full moving-average stack is not clean yet.",,,2026-09-25,,22.3,115.7,183423893.93,0.6,0.62,0.53,True,True,"Stage 2, Early Stage 2, volume_dryup, weekly_volume_dryup",watchlist,19.25,24.25,1738.04,-17.89,[24.59],[26],0.0,26.0,265
ELECON.NS,Elecon Engineering Company Limited,Specialty Industrial Machinery,Industrials,Industrials,False,Cash,1,Stage 3,Stage 3,Stage 3 - Transition,0.62,"The structure is transitioning after prior strength, but it is not yet a confirmed Stage 4 decline.",,,2026-07-06,,-5.95,26.47,1177996305.16,3.24,4.18,7.02,False,False,"Stage 3, Stage 3 - Transition, distribution_risk",watchlist,19.25,24.25,554.82,-13.35,"[28.32, 10.97]","[30, 29]",0.9,66.0,266
GLENMARK.NS,Glenmark Pharmaceuticals Limited,Drug Manufacturers - Specialty & Generic,Healthcare,Healthcare,True,F&O,1,Stage 2,Stage 2,Early Stage 2,0.72,"Price has moved above long-term structure, but the full moving-average stack is not clean yet.",,,2026-09-25,,11.12,13.55,1115219531.36,1.05,2.04,1.27,False,False,"Stage 2, Early Stage 2, weekly_vcp_ok, weekly_strong",watchlist,19.24,24.24,2539.51,-8.42,[9.02],[13],0.0,13.0,267
ADANIPORTS.NS,Adani Ports and Special Economic Zone Limited,Marine Shipping,Industrials,Industrials,True,F&O,1,Stage 2,Stage 2,Stage 2,0.76,Advancing structure detected.,Stage 2 confirmed with 3 raw confirmation runs.,,2026-09-25,,-2.3,29.37,3391764904.4,0.72,0.59,0.53,True,True,"Stage 2, Stage 2, volume_dryup, weekly_volume_dryup",watchlist,21.68,24.18,1827.19,-4.57,[15.76],[41],0.0,41.0,268
COHANCE.NS,Cohance Lifesciences Limited,Drug Manufacturers - Specialty & Generic,Healthcare,Healthcare,False,Cash,1,Not Sure,Not Sure,Not Sure,0.0,Stage rules did not identify a reliable structure.,No confident stage classification.,,,,5.26,49.79,549001178.65,1.29,0.44,0.58,False,True,"Not Sure, Not Sure, weekly_volume_dryup",watchlist,19.03,24.03,484.0,-6.34,"[14.2, 13.24, 14.01]","[11, 5, 19]",0.55,61.0,269
DIACABS.NS,Diamond Power Infrastructure Limited,Specialty Industrial Machinery,Industrials,Industrials,False,Cash,1,Stage 2,Stage 2,Extended Stage 2,0.78,"Advancing structure remains intact, but price is stretched versus key moving averages or far above the 52-week low.",,,2026-09-25,,66.43,172.77,325044375.94,0.28,0.63,0.21,True,True,"Stage 2, Extended Stage 2, volume_dryup, weekly_volume_dryup",watchlist,18.94,23.94,404.71,-16.17,[16.62],[16],0.0,16.0,270
ASTRAMICRO.NS,Astra Microwave Products Limited,Communication Equipment,Technology,Technology,False,Cash,1,Stage 2 Failed,Stage 3,Failed Stage 2,0.72,"This stock was recently Stage 2, but the latest structure no longer satisfies Stage 2 rules. It is kept as Stage 2 Failed until a fresh base/repair structure forms.",Recent Stage 2 break; public stage held as Stage 2 Failed.,2026-09-28,2026-09-15,,-6.22,69.41,496376616.93,0.58,0.39,0.46,True,True,"Stage 3, Stage 3 - Distribution/Damage, volume_dryup, weekly_volume_dryup, distribution_risk | Stage 2 failed state applied from stage memory.",watchlist,18.86,23.86,1797.6,-11.54,"[16.79, 14.2]","[23, 5]",0.9,33.0,271
MINDACORP.NS,Minda Corporation Limited,Auto Parts,Consumer Cyclical,Consumer Cyclical,False,Cash,1,Stage 2,Stage 2,Early Stage 2,0.72,"Price has moved above long-term structure, but the full moving-average stack is not clean yet.",,,2026-09-25,,0.13,33.3,101187300.96,0.31,0.44,0.26,True,True,"Stage 2, Early Stage 2, volume_dryup, weekly_volume_dryup",watchlist,21.22,23.72,765.35,-12.07,[13.94],[23],0.0,23.0,272
MEDANTA.NS,Global Health Limited,Medical Care Facilities,Healthcare,Healthcare,False,Cash,1,Stage 2,Stage 2,Early Stage 2,0.72,"Price has moved above long-term structure, but the full moving-average stack is not clean yet.",,,2026-09-25,,13.08,51.45,367814592.25,0.76,0.43,0.48,True,True,"Stage 2, Early Stage 2, weekly_vcp_ok, volume_dryup, weekly_volume_dryup",watchlist,22.67,23.67,1544.0,-7.16,[7.41],[26],0.0,26.0,273
PIDILITIND.NS,Pidilite Industries Limited,Specialty Chemicals,Basic Materials,Basic Materials,True,F&O,1,Stage 2 Failed,Stage 3,Failed Stage 2,0.72,"This stock was recently Stage 2, but the latest structure no longer satisfies Stage 2 rules. It is kept as Stage 2 Failed until a fresh base/repair structure forms.",Recent Stage 2 break; public stage held as Stage 2 Failed.,2026-09-28,2026-09-23,,-0.6,21.12,898765564.08,0.68,0.92,0.74,True,True,"Stage 3, Stage 3 - Transition, volume_dryup, weekly_volume_dryup, distribution_risk | Stage 2 failed state applied from stage memory.",watchlist,21.04,23.54,1707.5,-11.98,"[5.41, 5.2, 4.87]","[9, 6, 5]",0.95,59.0,274
BANSALWIRE.NS,Bansal Wire Industries Limited,Steel,Basic Materials,Basic Materials,False,Cash,1,Stage 2 Failed,Stage 1,Failed Stage 2,0.72,"This stock was recently Stage 2, but the latest structure no longer satisfies Stage 2 rules. It is kept as Stage 2 Failed until a fresh base/repair structure forms.",Recent Stage 2 break; public stage held as Stage 2 Failed.,2026-09-28,2026-09-25,,-2.65,28.2,29837781.13,0.81,4.43,1.17,True,False,"Stage 1, Stage 1 - Unclear/Repair, stage1_base_ready, volume_dryup, stage1_not_actionable | Stage 2 failed state applied from stage memory.",watchlist,18.53,23.53,352.47,-9.89,"[13.22, 10.25]","[25, 67]",0.9,94.0,275
ORCHPHARMA.NS,Orchid Pharma Limited,Drug Manufacturers - Specialty & Generic,Healthcare,Healthcare,False,Cash,1,Stage 2,Stage 2,Stage 2,0.76,Advancing structure detected.,,,2026-09-25,,9.61,97.64,122061463.42,1.93,0.53,1.86,False,False,"Stage 2, Stage 2",watchlist,18.5,23.5,1145.5,-10.66,[18.47],[12],0.0,12.0,276
ETERNAL.NS,ETERNAL LIMITED,Consumer Cyclical,Consumer Cyclical,Consumer Cyclical,True,F&O,1,Stage 2,Stage 2,Early Stage 2,0.72,"Price has moved above long-term structure, but the full moving-average stack is not clean yet.",,,2026-09-25,,23.43,45.08,5711948722.86,0.61,0.66,0.64,True,True,"Stage 2, Early Stage 2, weekly_vcp_ok, volume_dryup, weekly_volume_dryup, weekly_strong",watchlist,22.4,23.4,333.53,-0.77,[6.65],[12],0.0,12.0,277
APLAPOLLO.NS,APL Apollo Tubes Limited,Steel,Basic Materials,Basic Materials,True,F&O,1,Stage 2,Stage 2,Early Stage 2,0.72,"Price has moved above long-term structure, but the full moving-average stack is not clean yet.",,,2026-09-25,,28.43,18.38,1318820905.06,0.85,0.53,0.65,False,True,"Stage 2, Early Stage 2, weekly_vcp_ok, weekly_volume_dryup, weekly_strong",watchlist,18.14,23.14,2274.93,-3.43,[10.16],[8],0.0,8.0,278
RRKABEL.NS,R R Kabel Limited,Electrical Equipment & Parts,Industrials,Industrials,False,Cash,1,Stage 2,Stage 2,Early Stage 2,0.72,"Price has moved above long-term structure, but the full moving-average stack is not clean yet.",,,2026-09-25,,7.88,87.17,1362824716.92,0.45,0.27,0.42,True,True,"Stage 2, Early Stage 2, volume_dryup, weekly_volume_dryup",watchlist,18.12,23.12,2987.12,-17.65,[21.57],[17],0.0,17.0,279
TBOTEK.NS,TBO Tek Limited,Consumer Cyclical,Consumer Cyclical,Consumer Cyclical,False,Cash,1,Stage 2,Stage 2,Early Stage 2,0.72,"Price has moved above long-term structure, but the full moving-average stack is not clean yet.",,,2026-09-25,,14.55,53.53,276252897.72,0.71,0.29,0.88,True,True,"Stage 2, Early Stage 2, volume_dryup, weekly_volume_dryup",watchlist,21.94,22.94,1748.0,-5.33,[10.76],[16],0.0,16.0,280
MIDHANI.NS,Mishra Dhatu Nigam Limited,Steel,Basic Materials,Basic Materials,False,Cash,1,Stage 2,Stage 2,Early Stage 2,0.72,"Price has moved above long-term structure, but the full moving-average stack is not clean yet.",,,2026-09-25,,2.15,44.89,1383866627.05,0.53,0.6,0.3,True,True,"Stage 2, Early Stage 2, volume_dryup, weekly_volume_dryup",watchlist,17.93,22.93,481.79,-13.66,[19.68],[6],0.0,6.0,281
TMB.NS,Tamilnad Mercantile Bank Limited,Banks - Regional,Financial Services,Financial Services,False,Cash,1,Stage 2,Stage 2,Early Stage 2,0.72,"Price has moved above long-term structure, but the full moving-average stack is not clean yet.",,,2026-09-25,,20.61,42.72,128530243.22,0.46,1.01,0.44,True,True,"Stage 2, Early Stage 2, volume_dryup, weekly_volume_dryup",watchlist,21.8,22.8,955.87,-9.85,[9.87],[6],0.0,6.0,282
GMMPFAUDLR.NS,GMM Pfaudler Limited,Specialty Industrial Machinery,Industrials,Industrials,False,Cash,1,Stage 2,Stage 2,Extended Stage 2,0.78,"Advancing structure remains intact, but price is stretched versus key moving averages or far above the 52-week low.",,,2026-09-25,,97.2,76.4,762274362.56,1.31,0.45,0.63,False,True,"Stage 2, Extended Stage 2, weekly_vcp_ok, weekly_volume_dryup, weekly_strong",watchlist,17.75,22.75,1536.28,-3.66,[9.12],[6],0.0,6.0,283
BRIGADE.NS,Brigade Enterprises Limited,Real Estate,Real Estate,Real Estate,False,Cash,1,Stage 2 Failed,Not Sure,Failed Stage 2,0.72,"This stock was recently Stage 2, but the latest structure no longer satisfies Stage 2 rules. It is kept as Stage 2 Failed until a fresh base/repair structure forms.",Recent Stage 2 break; public stage held as Stage 2 Failed.,2026-09-28,2026-09-23,,22.0,15.88,429729204.32,0.48,0.27,0.38,True,True,"Not Sure, Not Sure, weekly_vcp_ok, volume_dryup, weekly_volume_dryup, weekly_strong | Stage 2 failed state applied from stage memory.",watchlist,21.69,22.69,736.29,-20.7,"[15.45, 17.27, 10.8]","[48, 9, 10]",0.55,82.0,284
JINDALSTEL.NS,JINDAL STEEL LIMITED,Steel,Basic Materials,Basic Materials,True,F&O,1,Stage 2 Failed,Stage 1,Failed Stage 2,0.72,"This stock was recently Stage 2, but the latest structure no longer satisfies Stage 2 rules. It is kept as Stage 2 Failed until a fresh base/repair structure forms.",Recent Stage 2 break; public stage held as Stage 2 Failed.,2026-09-28,2026-09-25,,14.48,2.59,761004882.25,0.91,0.96,0.88,False,True,"Stage 1, Stage 1 - Early Turn, weekly_vcp_ok, weekly_volume_dryup, weekly_strong, stage1_not_actionable, stage1_needs_more_base | Stage 2 failed state applied from stage memory.",watchlist,17.42,22.42,1284.35,-11.27,"[22.67, 11.57]","[59, 11]",0.9,103.0,285
SUVEN.NS,Suven Life Sciences Limited,Drug Manufacturers - Specialty & Generic,Healthcare,Healthcare,False,Cash,1,Stage 2,Stage 2,Early Stage 2,0.72,"Price has moved above long-term structure, but the full moving-average stack is not clean yet.",,,2026-09-25,,13.06,105.89,186864741.69,0.57,0.51,0.39,True,True,"Stage 2, Early Stage 2, volume_dryup, weekly_volume_dryup",watchlist,17.38,22.38,404.06,-20.39,[21.7],[11],0.0,11.0,286
PARAS.NS,Paras Defence and Space Technologies Limited,Aerospace & Defense,Industrials,Industrials,False,Cash,1,Stage 2,Stage 2,Early Stage 2,0.72,"Price has moved above long-term structure, but the full moving-average stack is not clean yet.",,,2026-09-25,,3.03,109.31,1301609699.24,0.68,0.48,0.48,True,True,"Stage 2, Early Stage 2, volume_dryup, weekly_volume_dryup",watchlist,17.15,22.15,1583.91,-16.98,[19.94],[6],0.0,6.0,287
GRWRHITECH.NS,Garware Hi-Tech Films Limited,Specialty Chemicals,Basic Materials,Basic Materials,False,Cash,1,Stage 2,Stage 2,Messy Stage 2,0.64,"Long-term structure is still constructive, but the short-term/weekly structure is not clean.",,,2026-09-25,,1.23,82.24,371524980.54,0.84,0.58,0.99,True,False,"Stage 2, Messy Stage 2, weekly_vcp_ok, volume_dryup, weekly_strong",watchlist,19.57,22.07,7442.48,-10.6,[7.44],[8],0.0,8.0,288
NETWEB.NS,Netweb Technologies India Limited,Technology,Technology,Technology,False,Cash,1,Stage 2,Stage 2,Early Stage 2,0.72,"Price has moved above long-term structure, but the full moving-average stack is not clean yet.",,,2026-09-25,,8.13,47.09,5615226173.45,0.66,0.4,0.43,True,True,"Stage 2, Early Stage 2, volume_dryup, weekly_volume_dryup",watchlist,17.05,22.05,5823.17,-21.58,[24.51],[17],0.0,17.0,289
CYIENT.NS,Cyient Limited,Conglomerates,Industrials,Industrials,False,Cash,1,Stage 2,Stage 2,Early Stage 2,0.72,"Price has moved above long-term structure, but the full moving-average stack is not clean yet.",,,2026-09-25,,28.17,36.73,488021527.86,0.43,0.19,0.35,True,True,"Stage 2, Early Stage 2, weekly_vcp_ok, volume_dryup, weekly_volume_dryup, weekly_strong",watchlist,21.96,21.96,1221.13,-11.37,[15.48],[11],0.0,11.0,290
SCHAEFFLER.NS,Schaeffler India Limited,Auto Parts,Consumer Cyclical,Consumer Cyclical,False,Cash,1,Not Sure,Stage 1,Pending Stage 1,0.55,Blocked public stage jump Stage 3 -> Stage 1; waiting for intermediate/confirmed structure.,Blocked public stage jump Stage 3 -> Stage 1; waiting for intermediate/confirmed structure.,,2026-07-29,Stage 1,1.42,8.2,189884449.44,0.95,0.42,0.56,False,True,"Stage 1, Stage 1 - Base/Repair, weekly_vcp_ok, weekly_volume_dryup, weekly_strong, stage1_not_actionable, stage1_needs_more_base | Blocked public stage jump Stage 3 -> Stage 1; waiting for intermediate/confirmed structure.",watchlist,19.42,21.92,4436.75,-10.85,"[12.56, 10.31, 9.01, 9.31]","[15, 12, 13, 26]",1.0,102.0,291
JSWSTEEL.NS,JSW Steel Limited,Steel,Basic Materials,Basic Materials,True,F&O,1,Stage 2,Stage 2,Early Stage 2,0.72,"Price has moved above long-term structure, but the full moving-average stack is not clean yet.",,,2026-09-25,,8.99,13.65,1584496352.38,0.82,0.81,0.67,True,True,"Stage 2, Early Stage 2, weekly_vcp_ok, volume_dryup, weekly_volume_dryup, weekly_strong",watchlist,16.81,21.81,1351.0,-6.43,[9.18],[14],0.0,14.0,292
EMUDHRA.NS,eMudhra Limited,Software - Application,Technology,Technology,False,Cash,1,Stage 2,Stage 2,Extended Stage 2,0.78,"Advancing structure remains intact, but price is stretched versus key moving averages or far above the 52-week low.",,,2026-09-25,,53.69,67.81,1430243420.42,4.31,0.29,0.81,False,True,"Stage 2, Extended Stage 2, weekly_vcp_ok, weekly_volume_dryup, weekly_strong",watchlist,19.25,21.75,681.6,-4.75,[13.45],[18],0.0,18.0,293
WHIRLPOOL.NS,Whirlpool of India Limited,"Furnishings, Fixtures & Appliances",Consumer Cyclical,Consumer Cyclical,False,Cash,1,Not Sure,Not Sure,Not Sure,0.0,Stage rules did not identify a reliable structure.,No confident stage classification.,,,,18.84,15.54,2438011569.78,3.72,2.1,7.46,False,False,"Not Sure, Not Sure, weekly_vcp_ok, weekly_strong",watchlist,21.72,21.72,855.09,7.25,"[25.81, 9.55, 10.7]","[33, 16, 10]",0.55,81.0,294
AEGISLOG.NS,Aegis Logistics Limited,Oil & Gas Refining & Marketing,Energy,Energy,False,Cash,1,Stage 2,Stage 2,Early Stage 2,0.72,"Price has moved above long-term structure, but the full moving-average stack is not clean yet.",,,2026-09-25,,4.59,125.43,1271747441.07,0.99,0.4,0.71,False,True,"Stage 2, Early Stage 2, weekly_volume_dryup",watchlist,19.14,21.64,1531.38,-14.58,"[17.11, 18.56]","[5, 7]",0.1,18.0,295
DEEDEV.NS,DEE Development Engineers Limited,Metal Fabrication,Industrials,Industrials,False,Cash,1,Stage 2,Stage 2,Stage 2,0.76,Advancing structure detected.,,,2026-09-25,,-2.33,120.43,163556794.43,1.02,0.45,0.74,False,True,"Stage 2, Stage 2, weekly_volume_dryup",watchlist,16.63,21.63,710.07,-7.69,[18.51],[6],0.0,6.0,296
JUSTDIAL.NS,Just Dial Limited,Communication Services,Communication Services,Communication Services,False,Cash,1,Stage 2 Failed,Stage 3,Failed Stage 2,0.72,"This stock was recently Stage 2, but the latest structure no longer satisfies Stage 2 rules. It is kept as Stage 2 Failed until a fresh base/repair structure forms.",Recent Stage 2 break; public stage held as Stage 2 Failed.,2026-09-28,2026-09-23,,23.74,30.12,95892415.34,0.34,0.27,0.25,True,True,"Stage 3, Stage 3 - Transition, volume_dryup, weekly_volume_dryup, distribution_risk | Stage 2 failed state applied from stage memory.",watchlist,19.09,21.59,779.11,-15.42,"[23.98, 11.87]","[31, 11]",0.9,44.0,297
SENORES.NS,Senores Pharmaceuticals Limited,Drug Manufacturers - General,Healthcare,Healthcare,False,Cash,1,Stage 2,Stage 2,Early Stage 2,0.72,"Price has moved above long-term structure, but the full moving-average stack is not clean yet.",,,2026-09-25,,6.26,74.63,308854390.46,0.89,0.56,0.8,False,True,"Stage 2, Early Stage 2, weekly_volume_dryup",watchlist,18.98,21.48,1601.8,-15.61,[5.9],[30],0.0,30.0,298
NMDC.NS,NMDC Limited,Steel,Basic Materials,Basic Materials,True,F&O,1,Stage 1,Stage 1,Stage 1 - Unclear/Repair,0.58,Not enough evidence for Stage 2 or Stage 4; classified as repair/unclear structure.,,,2026-09-02,,-4.41,1.43,938785021.58,0.73,1.65,0.79,True,True,"Stage 1, Stage 1 - Unclear/Repair, volume_dryup, weekly_volume_dryup, stage1_not_actionable, stage1_needs_more_base",watchlist,16.48,21.48,92.13,-15.96,"[6.89, 7.04]","[9, 7]",0.9,78.0,299
KIMS.NS,Krishna Institute of Medical Sciences Limited,Medical Care Facilities,Healthcare,Healthcare,False,Cash,1,Stage 2 Failed,Stage 3,Failed Stage 2,0.72,"This stock was recently Stage 2, but the latest structure no longer satisfies Stage 2 rules. It is kept as Stage 2 Failed until a fresh base/repair structure forms.",Recent Stage 2 break; public stage held as Stage 2 Failed.,2026-09-28,2026-09-24,,-3.42,24.64,335952983.93,0.9,0.69,0.51,False,True,"Stage 3, Stage 3 - Distribution/Damage, weekly_vcp_ok, weekly_volume_dryup, weekly_strong, distribution_risk | Stage 2 failed state applied from stage memory.",watchlist,20.33,21.33,859.5,-10.83,"[8.31, 7.73]","[18, 62]",0.9,82.0,300
DRREDDY.NS,Dr. Reddy's Laboratories Limited,Drug Manufacturers - Specialty & Generic,Healthcare,Healthcare,True,F&O,1,Stage 4,Stage 4,Stage 4 - Weak/Declining,0.72,Price is below long-term support with weak trend evidence.,,,2026-07-08,,-3.59,3.2,1652515424.92,1.16,2.52,1.2,False,False,"Stage 4, Stage 4 - Weak/Declining, downtrend",watchlist,16.27,21.27,1208.1,1.07,"[21.69, 6.46]","[18, 21]",0.9,54.0,301
DATAPATTNS.NS,Data Patterns (India) Limited,Aerospace & Defense,Industrials,Industrials,False,Cash,1,Stage 2,Stage 2,Early Stage 2,0.72,"Price has moved above long-term structure, but the full moving-average stack is not clean yet.",,,2026-09-25,,-2.85,42.54,2785762803.68,0.61,0.41,0.35,True,True,"Stage 2, Early Stage 2, volume_dryup, weekly_volume_dryup",watchlist,16.2,21.2,5008.7,-14.61,[17.2],[5],0.0,5.0,302
MTARTECH.NS,Mtar Technologies Limited,Specialty Industrial Machinery,Industrials,Industrials,False,Cash,1,Stage 2,Stage 2,Stage 2,0.76,Advancing structure detected.,,,2026-09-25,,0.67,100.02,761037008.05,0.67,1.04,0.67,True,True,"Stage 2, Stage 2, volume_dryup, weekly_volume_dryup",watchlist,16.05,21.05,7958.9,-11.14,[16.93],[5],0.0,5.0,303
KARURVYSYA.NS,Karur Vysya Bank Limited,Banks - Regional,Financial Services,Financial Services,False,Cash,1,Stage 2,Stage 2,Early Stage 2,0.72,"Price has moved above long-term structure, but the full moving-average stack is not clean yet.",,,2026-09-25,,15.07,20.81,481355038.5,0.47,0.53,0.36,True,True,"Stage 2, Early Stage 2, weekly_vcp_ok, volume_dryup, weekly_volume_dryup, weekly_strong",watchlist,19.84,20.84,358.95,-10.64,[7.16],[10],0.0,10.0,304
SARDAEN.NS,Sarda Energy & Minerals Limited,Steel,Basic Materials,Basic Materials,False,Cash,1,Stage 1,Stage 1,Stage 1 - Base/Repair,0.7,Price is near long-term moving averages with no strong long-term downtrend signal.,,,2026-05-25,,7.28,-1.98,330572727.25,0.38,1.02,0.31,True,True,"Stage 1, Stage 1 - Base/Repair, volume_dryup, weekly_volume_dryup, stage1_not_actionable, stage1_needs_more_base",watchlist,15.81,20.81,555.97,-9.83,"[18.75, 12.56]","[23, 48]",0.9,76.0,305
ENDURANCE.NS,Endurance Technologies Limited,Auto Parts,Consumer Cyclical,Consumer Cyclical,False,Cash,1,Stage 2,Stage 2,Early Stage 2,0.72,"Price has moved above long-term structure, but the full moving-average stack is not clean yet.",,,2026-09-25,,6.93,22.67,222900558.63,0.72,0.79,0.64,True,True,"Stage 2, Early Stage 2, weekly_vcp_ok, volume_dryup, weekly_volume_dryup, weekly_strong",watchlist,18.16,20.66,3077.38,-12.25,[15.95],[18],0.0,18.0,306
SJS.NS,S.J.S. Enterprises Limited,Auto Parts,Consumer Cyclical,Consumer Cyclical,False,Cash,1,Stage 2,Stage 2,Early Stage 2,0.72,"Price has moved above long-term structure, but the full moving-average stack is not clean yet.",,,2026-09-25,,6.67,45.0,352820632.59,1.13,0.4,0.41,False,True,"Stage 2, Early Stage 2, weekly_volume_dryup",watchlist,18.08,20.58,2587.42,-12.59,[13.45],[29],0.0,29.0,307
ZYDUSWELL.NS,Zydus Wellness Limited,Packaged Foods,Consumer Defensive,Consumer Defensive,False,Cash,1,Stage 3,Stage 3,Stage 3 - Distribution/Damage,0.76,"Prior strength exists, but short-term and/or weekly structure is deteriorating.",,,2026-09-04,,-6.5,20.86,313626553.76,0.48,0.34,0.27,True,True,"Stage 3, Stage 3 - Distribution/Damage, volume_dryup, weekly_volume_dryup, distribution_risk",watchlist,20.57,20.57,611.85,-14.29,"[13.63, 11.44, 8.31]","[9, 10, 54]",0.95,94.0,308
USHAMART.NS,Usha Martin Limited,Steel,Basic Materials,Basic Materials,False,Cash,1,Stage 2,Stage 2,Clean Stage 2,0.9,"Price is above rising key averages, weekly structure is supportive, and the stock is near its 52-week high.",,,2026-09-25,,6.98,28.46,654301101.2,1.67,0.42,1.44,False,False,"Stage 2, Clean Stage 2, weekly_vcp_ok, weekly_strong",watchlist,15.54,20.54,543.55,-6.54,[12.31],[8],0.0,8.0,309
GODREJAGRO.NS,Godrej Agrovet Limited,Packaged Foods,Consumer Defensive,Consumer Defensive,False,Cash,1,Stage 2,Stage 2,Clean Stage 2,0.9,"Price is above rising key averages, weekly structure is supportive, and the stock is near its 52-week high.",,,2026-09-25,,23.28,17.23,580267228.14,0.4,0.14,0.5,True,True,"Stage 2, Clean Stage 2, weekly_vcp_ok, volume_dryup, weekly_volume_dryup, weekly_strong",watchlist,20.43,20.43,696.82,-7.8,[9.42],[11],0.0,11.0,310
NYKAA.NS,FSN E-Commerce Ventures Limited,Consumer Cyclical,Consumer Cyclical,Consumer Cyclical,True,F&O,1,Stage 2,Stage 2,Early Stage 2,0.72,"Price has moved above long-term structure, but the full moving-average stack is not clean yet.",,,2026-09-25,,8.77,34.59,1237136109.58,0.72,0.89,0.59,True,True,"Stage 2, Early Stage 2, volume_dryup, weekly_volume_dryup",watchlist,19.4,20.4,349.55,-6.88,[7.96],[10],0.0,10.0,311
RAYMONDREL.NS,Raymond Realty Limited,Real Estate,Real Estate,Real Estate,False,Cash,1,Stage 2,Stage 2,Stage 2,0.76,Advancing structure detected.,,,2026-09-25,,11.81,66.43,1756460859.4,3.76,0.95,6.92,False,False,"Stage 2, Stage 2",watchlist,19.38,20.38,616.08,9.23,[28.67],[19],0.0,19.0,312
SANGAMIND.NS,Sangam (India) Limited,Textile Manufacturing,Consumer Cyclical,Consumer Cyclical,False,Cash,1,Stage 2,Stage 2,Clean Stage 2,0.9,"Price is above rising key averages, weekly structure is supportive, and the stock is near its 52-week high.",,,2026-09-25,,21.21,54.57,26305844.68,1.36,2.39,2.41,False,False,"Stage 2, Clean Stage 2",watchlist,15.38,20.38,610.57,3.07,[9.38],[11],0.0,11.0,313
DEVYANI.NS,Devyani International Limited,Consumer Cyclical,Consumer Cyclical,Consumer Cyclical,False,Cash,1,Stage 2,Stage 2,Early Stage 2,0.72,"Price has moved above long-term structure, but the full moving-average stack is not clean yet.",,,2026-09-25,,19.79,38.2,220663388.15,0.42,1.54,0.4,True,True,"Stage 2, Early Stage 2, weekly_vcp_ok, volume_dryup, weekly_volume_dryup, weekly_strong",watchlist,19.31,20.31,156.22,-16.09,[14.24],[11],0.0,11.0,314
VMART.NS,V-Mart Retail Limited,Consumer Cyclical,Consumer Cyclical,Consumer Cyclical,False,Cash,1,Stage 2,Stage 2,Early Stage 2,0.72,"Price has moved above long-term structure, but the full moving-average stack is not clean yet.",,,2026-09-25,,2.25,61.1,58167099.84,0.7,0.63,0.67,True,True,"Stage 2, Early Stage 2, volume_dryup, weekly_volume_dryup",watchlist,19.24,20.24,868.9,-11.79,[17.09],[17],0.0,17.0,315
IDFCFIRSTB.NS,IDFC First Bank Limited,Banks - Regional,Financial Services,Financial Services,True,F&O,1,Stage 2,Stage 2,Early Stage 2,0.72,"Price has moved above long-term structure, but the full moving-average stack is not clean yet.",,,2026-09-25,,6.7,36.41,1797519973.13,1.28,1.19,1.52,False,False,"Stage 2, Early Stage 2, weekly_vcp_ok, weekly_strong",watchlist,19.21,20.21,88.1,-8.57,[6.78],[25],0.0,25.0,316
SANGHVIMOV.NS,Sanghvi Movers Limited,Industrials,Industrials,Industrials,False,Cash,1,Stage 2 Failed,Stage 3,Failed Stage 2,0.72,"This stock was recently Stage 2, but the latest structure no longer satisfies Stage 2 rules. It is kept as Stage 2 Failed until a fresh base/repair structure forms.",Recent Stage 2 break; public stage held as Stage 2 Failed.,2026-09-28,2026-09-18,,3.31,57.87,103658792.49,0.65,0.61,0.56,True,True,"Stage 3, Stage 3 - Distribution/Damage, volume_dryup, weekly_volume_dryup, distribution_risk | Stage 2 failed state applied from stage memory.",watchlist,20.15,20.15,526.06,-15.54,"[16.82, 16.25]","[16, 8]",0.9,49.0,317
PNB.NS,Punjab National Bank,Banks - Regional,Financial Services,Financial Services,True,F&O,1,Stage 2 Failed,Stage 3,Failed Stage 2,0.72,"This stock was recently Stage 2, but the latest structure no longer satisfies Stage 2 rules. It is kept as Stage 2 Failed until a fresh base/repair structure forms.",Recent Stage 2 break; public stage held as Stage 2 Failed.,2026-09-28,2026-09-08,,10.43,13.16,1428691836.78,0.97,1.21,0.73,False,True,"Stage 3, Stage 3 - Distribution/Damage, weekly_vcp_ok, weekly_volume_dryup, weekly_strong, distribution_risk | Stage 2 failed state applied from stage memory.",watchlist,19.14,20.14,119.5,-5.77,"[14.79, 8.85, 5.31]","[18, 14, 13]",0.95,93.0,318
EXIDEIND.NS,Exide Industries Limited,Auto Parts,Consumer Cyclical,Consumer Cyclical,True,F&O,1,Stage 2,Stage 2,Early Stage 2,0.72,"Price has moved above long-term structure, but the full moving-average stack is not clean yet.",,,2026-09-25,,3.76,40.51,857450449.15,0.55,0.43,0.46,True,True,"Stage 2, Early Stage 2, volume_dryup, weekly_volume_dryup",watchlist,17.55,20.05,458.7,-10.24,[18.39],[25],0.0,25.0,319
TEJASNET.NS,Tejas Networks Limited,Communication Equipment,Technology,Technology,False,Cash,1,Stage 2 Failed,Stage 1,Failed Stage 2,0.72,"This stock was recently Stage 2, but the latest structure no longer satisfies Stage 2 rules. It is kept as Stage 2 Failed until a fresh base/repair structure forms.",Recent Stage 2 break; public stage held as Stage 2 Failed.,2026-09-28,2026-09-25,,-13.37,19.4,1941965743.61,0.47,0.25,0.32,True,True,"Stage 1, Stage 1 - Base/Repair, weekly_vcp_ok, volume_dryup, weekly_volume_dryup, weekly_strong, stage1_not_actionable, stage1_needs_more_base | Stage 2 failed state applied from stage memory.",watchlist,15.05,20.05,623.89,-21.28,"[22.46, 8.67]","[36, 10]",0.9,58.0,320
HNDFDS.NS,Hindustan Foods Limited,Conglomerates,Industrials,Industrials,False,Cash,1,Stage 2,Stage 2,Early Stage 2,0.72,"Price has moved above long-term structure, but the full moving-average stack is not clean yet.",,,2026-09-25,,12.47,24.19,53716876.54,0.58,0.47,0.41,True,True,"Stage 2, Early Stage 2, weekly_vcp_ok, volume_dryup, weekly_volume_dryup, weekly_strong",watchlist,19.92,19.92,673.18,-10.55,[11.68],[10],0.0,10.0,321
ANANDRATHI.NS,Anand Rathi Wealth Limited,Asset Management,Financial Services,Financial Services,False,Cash,1,Stage 2,Stage 2,Early Stage 2,0.72,"Price has moved above long-term structure, but the full moving-average stack is not clean yet.",,,2026-09-25,,12.97,36.31,588294728.11,1.48,1.67,1.64,False,False,"Stage 2, Early Stage 2",watchlist,19.87,19.87,2268.4,-5.39,[8.0],[10],0.0,10.0,322
ARVSMART.NS,Arvind SmartSpaces Limited,Real Estate,Real Estate,Real Estate,False,Cash,1,Stage 2 Failed,Stage 1,Failed Stage 2,0.72,"This stock was recently Stage 2, but the latest structure no longer satisfies Stage 2 rules. It is kept as Stage 2 Failed until a fresh base/repair structure forms.",Recent Stage 2 break; public stage held as Stage 2 Failed.,2026-09-28,2026-09-25,,8.52,19.14,255687785.15,2.11,0.62,3.95,False,False,"Stage 1, Stage 1 - Base/Repair, weekly_vcp_ok, weekly_strong, stage1_not_actionable, stage1_needs_more_base | Stage 2 failed state applied from stage memory.",watchlist,18.79,19.79,706.64,-12.86,"[9.86, 9.91, 6.67]","[45, 9, 7]",0.95,73.0,323
GABRIEL.NS,Gabriel India Limited,Auto Parts,Consumer Cyclical,Consumer Cyclical,False,Cash,1,Stage 2,Stage 2,Early Stage 2,0.72,"Price has moved above long-term structure, but the full moving-average stack is not clean yet.",,,2026-09-25,,13.95,56.47,952573419.48,1.92,0.23,3.05,False,False,"Stage 2, Early Stage 2, weekly_vcp_ok, weekly_strong",watchlist,17.28,19.78,1599.49,-15.65,[16.39],[41],0.0,41.0,324
BBOX.NS,Black Box Limited,Software - Application,Technology,Technology,False,Cash,1,Stage 3,Stage 3,Stage 3 - Transition,0.62,"The structure is transitioning after prior strength, but it is not yet a confirmed Stage 4 decline.",,,2026-07-21,,-15.56,68.42,456221713.67,1.44,1.26,1.18,False,False,"Stage 3, Stage 3 - Transition, distribution_risk",watchlist,17.26,19.76,842.83,-7.08,"[33.5, 15.71]","[39, 14]",0.9,54.0,325
UJJIVANSFB.NS,Ujjivan Small Finance Bank Limited,Banks - Regional,Financial Services,Financial Services,False,Cash,1,Stage 2,Stage 2,Early Stage 2,0.72,"Price has moved above long-term structure, but the full moving-average stack is not clean yet.",,,2026-09-25,,7.86,16.1,845642100.72,0.59,1.23,0.83,True,True,"Stage 2, Early Stage 2, volume_dryup, weekly_volume_dryup",watchlist,18.74,19.74,74.07,-14.82,[16.22],[27],0.0,27.0,326
THANGAMAYL.NS,Thangamayil Jewellery Limited,Luxury Goods,Consumer Cyclical,Consumer Cyclical,False,Cash,1,Not Sure,Stage 1,Pending Stage 1,0.55,Blocked public stage jump Stage 3 -> Stage 1; waiting for intermediate/confirmed structure.,Blocked public stage jump Stage 3 -> Stage 1; waiting for intermediate/confirmed structure.,,2026-08-28,Stage 1,-15.32,44.07,432599561.95,0.53,0.42,0.3,True,True,"Stage 1, Stage 1 - Base/Repair, volume_dryup, weekly_volume_dryup, stage1_not_actionable, stage1_needs_more_base | Blocked public stage jump Stage 3 -> Stage 1; waiting for intermediate/confirmed structure.",watchlist,14.57,19.57,5732.51,-12.58,"[37.94, 16.41]","[6, 17]",0.9,36.0,327
AGI.NS,AGI Greenpac Limited,Consumer Cyclical,Consumer Cyclical,Consumer Cyclical,False,Cash,1,Stage 2,Stage 2,Early Stage 2,0.72,"Price has moved above long-term structure, but the full moving-average stack is not clean yet.",,,2026-09-25,,20.7,63.76,165955719.49,1.37,0.63,1.16,False,False,"Stage 2, Early Stage 2, weekly_vcp_ok, weekly_strong",watchlist,18.5,19.5,852.49,-5.59,[12.25],[12],0.0,12.0,328
MOSCHIP.NS,Moschip Technologies Limited,Technology,Technology,Technology,False,Cash,1,Stage 1,Stage 1,Stage 1 - Unclear/Repair,0.58,Not enough evidence for Stage 2 or Stage 4; classified as repair/unclear structure.,,,2026-08-28,,1.12,22.55,292224649.48,0.66,0.5,0.4,True,True,"Stage 1, Stage 1 - Unclear/Repair, volume_dryup, weekly_volume_dryup, stage1_not_actionable, stage1_needs_more_base",watchlist,14.48,19.48,224.39,-10.78,"[21.26, 8.76]","[9, 24]",0.9,44.0,329
UNITDSPR.NS,United Spirits Limited,Consumer Defensive,Consumer Defensive,Consumer Defensive,True,F&O,1,Stage 2,Stage 2,Early Stage 2,0.72,"Price has moved above long-term structure, but the full moving-average stack is not clean yet.",,,2026-09-25,,8.96,19.05,656233642.58,0.67,0.65,0.61,True,True,"Stage 2, Early Stage 2, weekly_vcp_ok, volume_dryup, weekly_volume_dryup",watchlist,19.31,19.31,1566.14,-9.62,[12.49],[18],0.0,18.0,330
HSCL.NS,Himadri Speciality Chemical Limited,Specialty Chemicals,Basic Materials,Basic Materials,False,Cash,1,Stage 2 Failed,Stage 3,Failed Stage 2,0.72,"This stock was recently Stage 2, but the latest structure no longer satisfies Stage 2 rules. It is kept as Stage 2 Failed until a fresh base/repair structure forms.",Recent Stage 2 break; public stage held as Stage 2 Failed.,2026-09-28,2026-09-14,,6.21,51.95,2207880772.93,0.45,0.23,0.25,True,True,"Stage 3, Stage 3 - Transition, weekly_vcp_ok, volume_dryup, weekly_volume_dryup, weekly_strong, distribution_risk | Stage 2 failed state applied from stage memory.",watchlist,16.77,19.27,692.8,-3.3,"[18.19, 7.93]","[5, 6]",0.9,22.0,331
TVSSRICHAK.NS,TVS Srichakra Limited,Auto Parts,Consumer Cyclical,Consumer Cyclical,False,Cash,1,Stage 2,Stage 2,Early Stage 2,0.72,"Price has moved above long-term structure, but the full moving-average stack is not clean yet.",,,2026-09-25,,9.64,32.44,63359178.34,0.26,0.12,0.21,True,True,"Stage 2, Early Stage 2, weekly_vcp_ok, volume_dryup, weekly_volume_dryup, weekly_strong",watchlist,16.71,19.21,5727.88,-21.6,[11.49],[20],0.0,20.0,332
CEMPRO.NS,Cemindia Projects Limited,Engineering & Construction,Industrials,Industrials,False,Cash,1,Stage 2 Failed,Stage 1,Failed Stage 2,0.72,"This stock was recently Stage 2, but the latest structure no longer satisfies Stage 2 rules. It is kept as Stage 2 Failed until a fresh base/repair structure forms.",Recent Stage 2 break; public stage held as Stage 2 Failed.,2026-09-28,2026-09-23,,-9.35,129.87,290300334.96,0.56,0.52,0.45,True,True,"Stage 1, Stage 1 - Unclear/Repair, volume_dryup, weekly_volume_dryup, stage1_not_actionable, stage1_needs_more_base | Stage 2 failed state applied from stage memory.",watchlist,19.1,19.1,1363.7,-10.21,"[30.04, 11.55, 11.73]","[14, 10, 6]",0.95,40.0,333
HEG.NS,HEG Limited,Electrical Equipment & Parts,Industrials,Industrials,False,Cash,1,Stage 4,Stage 4,Stage 4 - Weak/Declining,0.72,Price is below long-term support with weak trend evidence.,,,2026-09-04,,-47.86,-54.18,688174214.02,0.72,1.76,0.75,True,True,"Stage 4, Stage 4 - Weak/Declining, volume_dryup, weekly_volume_dryup, downtrend",watchlist,14.09,19.09,753.9,-67.59,"[14.41, 7.92]","[51, 15]",0.9,71.0,334
KOLTEPATIL.NS,Kolte - Patil Developers Limited,Real Estate,Real Estate,Real Estate,False,Cash,1,Stage 2,Stage 2,Early Stage 2,0.72,"Price has moved above long-term structure, but the full moving-average stack is not clean yet.",,,2026-09-25,,20.19,45.22,50769815.18,0.15,0.15,0.12,True,True,"Stage 2, Early Stage 2, weekly_vcp_ok, volume_dryup, weekly_volume_dryup",watchlist,18.0,19.0,485.75,-12.38,[23.22],[16],0.0,16.0,335
MAITHANALL.NS,Maithan Alloys Limited,Steel,Basic Materials,Basic Materials,False,Cash,1,Stage 2 Failed,Stage 1,Failed Stage 2,0.72,"This stock was recently Stage 2, but the latest structure no longer satisfies Stage 2 rules. It is kept as Stage 2 Failed until a fresh base/repair structure forms.",Recent Stage 2 break; public stage held as Stage 2 Failed.,2026-09-28,2026-09-23,,-1.87,7.52,173997246.59,0.87,0.44,0.81,False,True,"Stage 1, Stage 1 - Base/Repair, weekly_volume_dryup, stage1_not_actionable, stage1_needs_more_base | Stage 2 failed state applied from stage memory.",watchlist,13.98,18.98,1202.9,-21.94,"[10.61, 8.56, 4.82]","[12, 15, 16]",0.95,83.0,336
SHAILY.NS,Shaily Engineering Plastics Limited,Specialty Chemicals,Basic Materials,Basic Materials,False,Cash,1,Stage 2,Stage 2,Early Stage 2,0.72,"Price has moved above long-term structure, but the full moving-average stack is not clean yet.",,,2026-09-25,,8.36,48.0,533282662.71,1.08,0.81,0.69,False,True,"Stage 2, Early Stage 2, weekly_volume_dryup",watchlist,16.44,18.94,3490.71,-13.1,[12.95],[16],0.0,16.0,337
INDOTECH.NS,Indo Tech Transformers Limited,Electrical Equipment & Parts,Industrials,Industrials,False,Cash,1,Stage 2,Stage 2,Early Stage 2,0.72,"Price has moved above long-term structure, but the full moving-average stack is not clean yet.",,,2026-09-25,,2.92,153.3,53545234.71,0.91,0.62,0.7,False,True,"Stage 2, Early Stage 2, weekly_volume_dryup",watchlist,13.9,18.9,4025.1,-22.15,[10.7],[8],0.0,8.0,338
KIRLOSIND.NS,Kirloskar Industries Limited,Metal Fabrication,Industrials,Industrials,False,Cash,1,Stage 2 Failed,Stage 3,Failed Stage 2,0.72,"This stock was recently Stage 2, but the latest structure no longer satisfies Stage 2 rules. It is kept as Stage 2 Failed until a fresh base/repair structure forms.",Recent Stage 2 break; public stage held as Stage 2 Failed.,2026-09-28,2026-09-14,,-8.67,34.33,149289734.84,0.55,0.12,0.25,True,True,"Stage 3, Stage 3 - Distribution/Damage, volume_dryup, weekly_volume_dryup, distribution_risk | Stage 2 failed state applied from stage memory.",watchlist,13.77,18.77,4062.1,-13.33,"[12.59, 12.42]","[11, 7]",0.9,24.0,339
MAYURUNIQ.NS,Mayur Uniquoters Ltd,Textile Manufacturing,Consumer Cyclical,Consumer Cyclical,False,Cash,1,Stage 3,Stage 3,Stage 3 - Distribution/Damage,0.76,"Prior strength exists, but short-term and/or weekly structure is deteriorating.",,,2026-08-21,,-13.13,41.68,84839324.08,1.03,0.64,0.86,False,True,"Stage 3, Stage 3 - Distribution/Damage, weekly_volume_dryup, distribution_risk",watchlist,13.71,18.71,832.83,-13.9,"[16.04, 13.83, 11.79]","[10, 17, 12]",0.95,46.0,340
IKS.NS,Inventurus Knowledge Solutions Limited,Healthcare,Healthcare,Healthcare,False,Cash,1,Stage 2 Failed,Stage 3,Failed Stage 2,0.72,"This stock was recently Stage 2, but the latest structure no longer satisfies Stage 2 rules. It is kept as Stage 2 Failed until a fresh base/repair structure forms.",Recent Stage 2 break; public stage held as Stage 2 Failed.,2026-09-28,2026-09-25,,1.34,33.94,395497027.92,1.83,0.72,2.49,False,False,"Stage 3, Stage 3 - Distribution/Damage, weekly_vcp_ok, weekly_strong, distribution_risk | Stage 2 failed state applied from stage memory.",watchlist,17.48,18.48,1910.74,-7.45,"[10.09, 8.75]","[10, 10]",0.9,38.0,341
GPPL.NS,Gujarat Pipavav Port Limited,Marine Shipping,Industrials,Industrials,False,Cash,1,Stage 1,Stage 1,Stage 1 - Early Turn,0.66,The stock is improving from a repair/base area but has not confirmed a clean Stage 2 yet.,,,,,12.3,15.43,235288116.05,0.79,0.45,0.54,True,True,"Stage 1, Stage 1 - Early Turn, weekly_vcp_ok, volume_dryup, weekly_volume_dryup, stage1_not_actionable, stage1_needs_more_base",watchlist,15.93,18.43,168.82,-5.3,"[7.93, 6.31]","[29, 10]",0.9,62.0,342
RSYSTEMS.NS,R Systems International Limited,Information Technology Services,Technology,Technology,False,Cash,1,Not Sure,Stage 1,Pending Stage 1,0.55,Blocked public stage jump Stage 4 -> Stage 1; waiting for intermediate/confirmed structure.,Blocked public stage jump Stage 4 -> Stage 1; waiting for intermediate/confirmed structure.,,,Stage 1,28.06,10.08,884753818.27,4.23,368.94,48.7,False,False,"Stage 1, Stage 1 - Early Turn, weekly_vcp_ok, weekly_strong, stage1_not_actionable, stage1_needs_more_base | Blocked public stage jump Stage 4 -> Stage 1; waiting for intermediate/confirmed structure.",watchlist,18.39,18.39,283.9,-3.06,"[23.17, 16.9]","[13, 16]",0.9,51.0,343
SPARC.NS,Sun Pharma Advanced Research Company Limited,Drug Manufacturers - Specialty & Generic,Healthcare,Healthcare,False,Cash,1,Stage 3,Stage 3,Stage 3 - Transition,0.62,"The structure is transitioning after prior strength, but it is not yet a confirmed Stage 4 decline.",,,2026-08-07,,-10.13,65.77,194785801.23,1.08,1.42,1.46,False,False,"Stage 3, Stage 3 - Transition, distribution_risk",watchlist,13.14,18.14,289.51,-29.93,"[13.08, 13.88, 13.29]","[7, 8, 13]",0.55,64.0,344
PDSL.NS,PDS Limited,Industrials,Industrials,Industrials,False,Cash,1,Stage 2 Failed,Not Sure,Failed Stage 2,0.72,"This stock was recently Stage 2, but the latest structure no longer satisfies Stage 2 rules. It is kept as Stage 2 Failed until a fresh base/repair structure forms.",Recent Stage 2 break; public stage held as Stage 2 Failed.,2026-09-28,2026-09-23,,2.02,36.45,40578690.33,0.68,0.94,0.6,True,True,"Not Sure, Not Sure, volume_dryup, weekly_volume_dryup | Stage 2 failed state applied from stage memory.",watchlist,18.1,18.1,389.68,-10.31,"[18.3, 16.41]","[12, 26]",0.9,45.0,345
TIIL.NS,Technocraft Industries (India) Limited,Tools & Accessories,Industrials,Industrials,False,Cash,1,Stage 2,Stage 2,Early Stage 2,0.72,"Price has moved above long-term structure, but the full moving-average stack is not clean yet.",,,2026-09-25,,21.48,33.27,103102465.62,0.65,0.38,0.69,True,True,"Stage 2, Early Stage 2, weekly_vcp_ok, volume_dryup, weekly_volume_dryup, weekly_strong",watchlist,17.0,18.0,3571.54,-17.98,[8.33],[16],0.0,16.0,346
CARRARO.NS,Carraro India Limited,Auto Parts,Consumer Cyclical,Consumer Cyclical,False,Cash,1,Stage 2 Failed,Stage 1,Failed Stage 2,0.72,"This stock was recently Stage 2, but the latest structure no longer satisfies Stage 2 rules. It is kept as Stage 2 Failed until a fresh base/repair structure forms.",Recent Stage 2 break; public stage held as Stage 2 Failed.,2026-09-28,2026-09-25,,1.39,15.74,55861868.22,0.92,0.47,0.77,False,True,"Stage 1, Stage 1 - Base/Repair, weekly_vcp_ok, weekly_volume_dryup, weekly_strong, stage1_not_actionable, stage1_needs_more_base | Stage 2 failed state applied from stage memory.",watchlist,15.49,17.99,572.58,-8.54,"[14.74, 7.64]","[11, 29]",0.9,61.0,347
ASIANPAINT.NS,Asian Paints Limited,Specialty Chemicals,Basic Materials,Basic Materials,True,F&O,1,Stage 4,Stage 4,Stage 4 - Weak/Declining,0.72,Price is below long-term support with weak trend evidence.,,,2026-08-20,,-6.72,14.8,1269757086.39,0.75,2.11,0.72,True,True,"Stage 4, Stage 4 - Weak/Declining, weekly_vcp_ok, volume_dryup, weekly_volume_dryup, weekly_strong, downtrend",watchlist,15.49,17.99,2869.01,-15.65,"[7.61, 6.35]","[7, 31]",0.9,60.0,348
OLAELEC.NS,Ola Electric Mobility Limited,Auto Manufacturers,Consumer Cyclical,Consumer Cyclical,False,Cash,1,Not Sure,Not Sure,Not Sure,0.0,Stage rules did not identify a reliable structure.,No confident stage classification.,,,,-11.7,35.85,3759078359.15,1.99,1.08,3.34,False,False,"Not Sure, Not Sure",watchlist,15.49,17.99,42.6,-11.13,"[18.76, 21.39, 15.38]","[14, 15, 14]",0.55,55.0,349
SIGNATURE.NS,Signatureglobal (India) Limited,Real Estate,Real Estate,Real Estate,False,Cash,1,Stage 4,Stage 4,Stage 4 - Confirmed Downtrend,0.86,Price is below a bearish moving-average stack with falling trend signals.,,,,,8.33,11.52,257874339.03,1.69,6.87,2.6,False,False,"Stage 4, Stage 4 - Confirmed Downtrend, weekly_vcp_ok, downtrend",watchlist,16.98,17.98,899.57,-13.25,"[16.48, 15.92, 9.86, 8.28]","[20, 7, 20, 7]",1.0,76.0,350
OFSS.NS,Oracle Financial Services Software Limited,Software - Infrastructure,Technology,Technology,True,F&O,1,Stage 2,Stage 2,Early Stage 2,0.72,"Price has moved above long-term structure, but the full moving-average stack is not clean yet.",,,2026-09-25,,3.41,61.13,2467049780.5,0.87,0.88,0.84,False,True,"Stage 2, Early Stage 2, weekly_volume_dryup",watchlist,16.81,17.81,12561.94,-14.03,[5.52],[19],0.0,19.0,351
IIFL.NS,IIFL Finance Limited,Credit Services,Financial Services,Financial Services,False,Cash,1,Stage 2,Stage 2,Early Stage 2,0.72,"Price has moved above long-term structure, but the full moving-average stack is not clean yet.",,,2026-09-25,,20.42,39.8,1618569715.46,0.68,0.42,0.64,True,True,"Stage 2, Early Stage 2, weekly_vcp_ok, volume_dryup, weekly_volume_dryup, weekly_strong",watchlist,16.8,17.8,706.23,-15.3,[16.04],[6],0.0,6.0,352
CUPID.NS,Cupid Limited,Household & Personal Products,Consumer Defensive,Consumer Defensive,False,Cash,1,Stage 2,Stage 2,Extended Stage 2,0.78,"Advancing structure remains intact, but price is stretched versus key moving averages or far above the 52-week low.",,,2026-09-25,,42.82,204.41,4841095633.54,1.04,0.6,1.19,False,False,"Stage 2, Extended Stage 2",watchlist,17.7,17.7,291.9,-9.39,[16.58],[8],0.0,8.0,353
GUJALKALI.NS,Gujarat Alkalies and Chemicals Limited,Chemicals,Basic Materials,Basic Materials,False,Cash,1,Stage 2 Failed,Stage 1,Failed Stage 2,0.72,"This stock was recently Stage 2, but the latest structure no longer satisfies Stage 2 rules. It is kept as Stage 2 Failed until a fresh base/repair structure forms.",Recent Stage 2 break; public stage held as Stage 2 Failed.,2026-09-28,2026-09-25,,6.71,5.42,73929605.99,0.73,0.42,0.36,True,True,"Stage 1, Stage 1 - Base/Repair, volume_dryup, weekly_volume_dryup, stage1_not_actionable, stage1_needs_more_base | Stage 2 failed state applied from stage memory.",watchlist,15.1,17.6,741.33,-18.23,"[13.63, 8.83]","[79, 12]",0.9,102.0,354
TANLA.NS,Tanla Platforms Limited,Software - Application,Technology,Technology,False,Cash,1,Stage 4,Stage 4,Stage 4 - Weak/Declining,0.72,Price is below long-term support with weak trend evidence.,,,2026-08-21,,-1.62,21.21,194381199.32,0.34,1.6,0.34,True,True,"Stage 4, Stage 4 - Weak/Declining, volume_dryup, weekly_volume_dryup, downtrend",watchlist,15.07,17.57,646.73,-23.11,"[18.51, 8.76, 4.19]","[7, 7, 16]",0.95,45.0,355
ATHERENERG.NS,Ather Energy Limited,Auto Manufacturers,Consumer Cyclical,Consumer Cyclical,False,Cash,1,Stage 2,Stage 2,Extended Stage 2,0.78,"Advancing structure remains intact, but price is stretched versus key moving averages or far above the 52-week low.",,,2026-09-25,,32.39,93.15,6571230485.89,0.78,0.69,0.8,True,True,"Stage 2, Extended Stage 2, weekly_vcp_ok, volume_dryup, weekly_volume_dryup, weekly_strong",watchlist,14.93,17.43,1747.05,-16.72,[10.02],[6],0.0,6.0,356
AMBER.NS,Amber Enterprises India Limited,"Furnishings, Fixtures & Appliances",Consumer Cyclical,Consumer Cyclical,True,F&O,1,Stage 1,Stage 1,Stage 1 - Base/Repair,0.7,Price is near long-term moving averages with no strong long-term downtrend signal.,,,2026-07-20,,-0.48,13.54,758138026.8,0.46,0.67,0.41,True,True,"Stage 1, Stage 1 - Base/Repair, weekly_vcp_ok, volume_dryup, weekly_volume_dryup, weekly_strong, stage1_not_actionable, stage1_needs_more_base",watchlist,17.41,17.41,8218.0,-14.94,"[22.69, 14.13, 12.41]","[9, 19, 13]",0.95,94.0,357
SHAKTIPUMP.NS,Shakti Pumps (India) Limited,Specialty Industrial Machinery,Industrials,Industrials,False,Cash,1,Stage 4,Stage 4,Stage 4 - Confirmed Downtrend,0.86,Price is below a bearish moving-average stack with falling trend signals.,,,,,-13.77,-3.75,535220141.43,0.67,0.48,0.51,True,True,"Stage 4, Stage 4 - Confirmed Downtrend, weekly_vcp_ok, volume_dryup, weekly_volume_dryup, weekly_strong, downtrend",watchlist,12.38,17.38,621.79,-25.19,"[19.29, 17.51, 11.74]","[7, 16, 18]",0.95,94.0,358
INDIANB.NS,Indian Bank,Banks - Regional,Financial Services,Financial Services,True,F&O,1,Stage 2 Failed,Stage 1,Failed Stage 2,0.72,"This stock was recently Stage 2, but the latest structure no longer satisfies Stage 2 rules. It is kept as Stage 2 Failed until a fresh base/repair structure forms.",Recent Stage 2 break; public stage held as Stage 2 Failed.,2026-09-28,2026-09-07,,3.55,-3.48,819968813.22,0.67,0.82,0.64,True,True,"Stage 1, Stage 1 - Base/Repair, weekly_vcp_ok, volume_dryup, weekly_volume_dryup, weekly_strong, stage1_not_actionable, stage1_needs_more_base | Stage 2 failed state applied from stage memory.",watchlist,16.3,17.3,906.84,-11.51,"[19.94, 13.07, 6.9, 4.62]","[20, 14, 10, 7]",1.0,93.0,359
PTC.NS,PTC India Limited,Utilities,Utilities,Utilities,False,Cash,1,Stage 1,Stage 1,Stage 1 - Base/Repair,0.7,Price is near long-term moving averages with no strong long-term downtrend signal.,,,2026-07-06,,3.61,7.97,185519271.82,0.59,0.74,0.48,True,True,"Stage 1, Stage 1 - Base/Repair, weekly_vcp_ok, volume_dryup, weekly_volume_dryup, weekly_strong, stage1_not_actionable, stage1_needs_more_base",watchlist,17.26,17.26,181.42,-14.63,"[21.15, 16.98, 17.03]","[17, 28, 16]",0.95,82.0,360
KSB.NS,Ksb Limited,Specialty Industrial Machinery,Industrials,Industrials,False,Cash,1,Stage 1,Stage 1,Stage 1 - Base/Repair,0.7,Price is near long-term moving averages with no strong long-term downtrend signal.,,,2026-08-04,,-10.21,-1.69,116430099.63,0.9,0.37,0.83,False,True,"Stage 1, Stage 1 - Base/Repair, weekly_vcp_ok, weekly_volume_dryup, weekly_strong, stage1_not_actionable, stage1_needs_more_base",watchlist,12.23,17.23,973.85,-17.72,"[26.7, 20.18]","[25, 28]",0.9,74.0,361
VTL.NS,Vardhman Textiles Limited,Textile Manufacturing,Consumer Cyclical,Consumer Cyclical,False,Cash,1,Stage 4,Stage 4,Stage 4 - Weak/Declining,0.72,Price is below long-term support with weak trend evidence.,,,2026-08-14,,-12.0,3.85,998004055.5,0.53,0.23,0.72,True,True,"Stage 4, Stage 4 - Weak/Declining, volume_dryup, weekly_volume_dryup, downtrend",watchlist,12.2,17.2,683.41,-20.9,"[11.86, 12.03]","[17, 22]",0.9,83.0,362
EPL.NS,EPL Limited,Consumer Cyclical,Consumer Cyclical,Consumer Cyclical,False,Cash,1,Stage 2,Stage 2,Early Stage 2,0.72,"Price has moved above long-term structure, but the full moving-average stack is not clean yet.",,,2026-09-25,,6.89,12.21,2336263644.52,0.37,0.16,0.25,True,True,"Stage 2, Early Stage 2, weekly_vcp_ok, volume_dryup, weekly_volume_dryup, weekly_strong",watchlist,16.17,17.17,274.51,-14.39,[16.8],[18],0.0,18.0,363
GRASIM.NS,Grasim Industries Limited,Building Materials,Basic Materials,Basic Materials,True,F&O,1,Stage 2,Stage 2,Early Stage 2,0.72,"Price has moved above long-term structure, but the full moving-average stack is not clean yet.",,,2026-09-25,,4.81,25.49,2679031905.48,0.79,0.77,0.72,True,True,"Stage 2, Early Stage 2, volume_dryup, weekly_volume_dryup",watchlist,17.12,17.12,3371.0,-6.56,[5.09],[8],0.0,8.0,364
WABAG.NS,VA Tech Wabag Limited,Engineering & Construction,Industrials,Industrials,False,Cash,1,Stage 2,Stage 2,Messy Stage 2,0.64,"Long-term structure is still constructive, but the short-term/weekly structure is not clean.",,,2026-09-25,,-4.4,62.15,1373045250.08,0.79,0.3,0.55,True,True,"Stage 2, Messy Stage 2, volume_dryup, weekly_volume_dryup",watchlist,17.1,17.1,2323.06,-14.89,[17.44],[11],0.0,11.0,365
GARFIBRES.NS,Garware Technical Fibres Limited,Textile Manufacturing,Consumer Cyclical,Consumer Cyclical,False,Cash,1,Stage 2,Stage 2,Early Stage 2,0.72,"Price has moved above long-term structure, but the full moving-average stack is not clean yet.",,,2026-09-25,,12.18,31.52,36445594.41,0.62,0.56,0.46,True,True,"Stage 2, Early Stage 2, volume_dryup, weekly_volume_dryup",watchlist,12.0,17.0,852.0,-9.29,[14.4],[7],0.0,7.0,366
ENRIN.NS,Siemens Energy India Limited,Utilities - Renewable,Utilities,Utilities,False,Cash,1,Stage 3,Stage 3,Stage 3 - Distribution/Damage,0.76,"Prior strength exists, but short-term and/or weekly structure is deteriorating.",,,,,-5.05,24.35,1099260619.97,0.68,0.8,0.68,True,True,"Stage 3, Stage 3 - Distribution/Damage, volume_dryup, weekly_volume_dryup, distribution_risk",watchlist,16.99,16.99,3741.54,-14.77,"[21.35, 20.54]","[27, 28]",0.9,61.0,367
LODHA.NS,Lodha Developers Limited,Real Estate,Real Estate,Real Estate,True,F&O,1,Stage 2,Stage 2,Early Stage 2,0.72,"Price has moved above long-term structure, but the full moving-average stack is not clean yet.",,,2026-09-25,,16.52,63.31,1773172302.93,0.81,0.78,0.55,True,True,"Stage 2, Early Stage 2, weekly_vcp_ok, volume_dryup, weekly_volume_dryup, weekly_strong",watchlist,15.96,16.96,1309.19,-14.67,[19.85],[15],0.0,15.0,368
LUMAXIND.NS,Lumax Industries Limited,Auto Parts,Consumer Cyclical,Consumer Cyclical,False,Cash,1,Stage 2,Stage 2,Early Stage 2,0.72,"Price has moved above long-term structure, but the full moving-average stack is not clean yet.",,,2026-09-25,,11.61,21.51,100862554.1,0.42,0.57,0.36,True,True,"Stage 2, Early Stage 2, weekly_vcp_ok, volume_dryup, weekly_volume_dryup, weekly_strong",watchlist,14.43,16.93,6621.07,-14.27,[10.24],[5],0.0,5.0,369
NPST.NS,Network People Services Technologies Limited,Software - Application,Technology,Technology,False,Cash,1,Stage 2,Stage 2,Early Stage 2,0.72,"Price has moved above long-term structure, but the full moving-average stack is not clean yet.",,,2026-09-25,,1.65,48.67,414769406.63,3.46,0.65,0.7,False,True,"Stage 2, Early Stage 2, weekly_volume_dryup",watchlist,14.41,16.91,1934.34,-15.47,[20.66],[27],0.0,27.0,370
BANKINDIA.NS,Bank of India,Banks - Regional,Financial Services,Financial Services,True,F&O,1,Not Sure,Stage 4,Pending Stage 4,0.55,Blocked public stage jump Stage 1 -> Stage 4; waiting for intermediate/confirmed structure.,Blocked public stage jump Stage 1 -> Stage 4; waiting for intermediate/confirmed structure.,,2026-08-27,Stage 4,-5.22,-1.28,642453375.1,0.78,2.14,0.71,True,True,"Stage 4, Stage 4 - Confirmed Downtrend, weekly_vcp_ok, volume_dryup, weekly_volume_dryup, weekly_strong, downtrend | Blocked public stage jump Stage 1 -> Stage 4; waiting for intermediate/confirmed structure.",watchlist,15.86,16.86,149.33,-12.95,"[11.56, 11.25, 9.18]","[20, 17, 5]",0.95,69.0,371
GAEL.NS,Gujarat Ambuja Exports Limited,Packaged Foods,Consumer Defensive,Consumer Defensive,False,Cash,1,Stage 2,Stage 2,Early Stage 2,0.72,"Price has moved above long-term structure, but the full moving-average stack is not clean yet.",,,2026-09-25,,2.33,16.8,99209410.12,0.43,0.4,0.4,True,True,"Stage 2, Early Stage 2, volume_dryup, weekly_volume_dryup",watchlist,16.83,16.83,184.98,-13.25,[17.34],[18],0.0,18.0,372
ACUTAAS.NS,Acutaas Chemicals Limited,Specialty Chemicals,Basic Materials,Basic Materials,False,Cash,1,Stage 2 Failed,Stage 1,Failed Stage 2,0.72,"This stock was recently Stage 2, but the latest structure no longer satisfies Stage 2 rules. It is kept as Stage 2 Failed until a fresh base/repair structure forms.",Recent Stage 2 break; public stage held as Stage 2 Failed.,2026-09-28,2026-09-25,,-7.76,54.7,984866495.92,0.95,0.68,0.97,False,False,"Stage 1, Stage 1 - Base/Repair, stage1_not_actionable, stage1_needs_more_base | Stage 2 failed state applied from stage memory.",watchlist,14.33,16.83,3509.9,-8.42,"[18.24, 8.23]","[9, 11]",0.9,31.0,373
WESTLIFE.NS,WESTLIFE FOODWORLD LIMITED,Consumer Cyclical,Consumer Cyclical,Consumer Cyclical,False,Cash,1,Stage 2,Stage 2,Early Stage 2,0.72,"Price has moved above long-term structure, but the full moving-average stack is not clean yet.",,,2026-09-25,,19.44,28.41,289801617.39,0.59,0.24,1.0,True,False,"Stage 2, Early Stage 2, volume_dryup",watchlist,15.79,16.79,603.4,-3.9,[13.64],[8],0.0,8.0,374
VGUARD.NS,V-Guard Industries Limited,Electrical Equipment & Parts,Industrials,Industrials,False,Cash,1,Stage 2 Failed,Stage 4,Failed Stage 2,0.72,"This stock was recently Stage 2, but the latest structure no longer satisfies Stage 2 rules. It is kept as Stage 2 Failed until a fresh base/repair structure forms.",Recent Stage 2 break; public stage held as Stage 2 Failed.,2026-09-28,2026-09-21,,4.26,0.04,139368186.94,0.24,0.72,0.2,True,True,"Stage 4, Stage 4 - Weak/Declining, weekly_vcp_ok, volume_dryup, weekly_volume_dryup, weekly_strong, downtrend | Stage 2 failed state applied from stage memory.",watchlist,11.76,16.76,350.26,-12.28,"[14.45, 8.65]","[26, 25]",0.9,57.0,375
NESTLEIND.NS,Nestle India Limited,Packaged Foods,Consumer Defensive,Consumer Defensive,True,F&O,1,Stage 2 Failed,Stage 1,Failed Stage 2,0.72,"This stock was recently Stage 2, but the latest structure no longer satisfies Stage 2 rules. It is kept as Stage 2 Failed until a fresh base/repair structure forms.",Recent Stage 2 break; public stage held as Stage 2 Failed.,2026-09-28,2026-09-21,,-1.38,15.79,1500579176.03,0.65,0.55,0.38,True,True,"Stage 1, Stage 1 - Base/Repair, volume_dryup, weekly_volume_dryup, stage1_not_actionable, stage1_needs_more_base | Stage 2 failed state applied from stage memory.",watchlist,16.67,16.67,1555.72,-13.48,"[8.68, 4.79]","[16, 8]",0.9,49.0,376
TECHM.NS,Tech Mahindra Limited,Information Technology Services,Technology,Technology,True,F&O,1,Not Sure,Stage 2,Pending Stage 2,0.55,Stage 2 pending confirmation: needs 3 raw Stage 2 runs; current count 1.,Stage 2 pending confirmation: needs 3 raw Stage 2 runs; current count 1.,,2026-09-04,Stage 2,16.43,12.02,2481356213.43,0.75,0.72,0.52,True,True,"Stage 2, Early Stage 2, weekly_vcp_ok, volume_dryup, weekly_volume_dryup, weekly_strong | Stage 2 pending confirmation: needs 3 raw Stage 2 runs; current count 1.",watchlist,16.53,16.53,1649.0,-6.48,[9.16],[6],0.0,6.0,377
GOKULAGRO.NS,Gokul Agro Resources Limited,Packaged Foods,Consumer Defensive,Consumer Defensive,False,Cash,1,Stage 2,Stage 2,Early Stage 2,0.72,"Price has moved above long-term structure, but the full moving-average stack is not clean yet.",,,2026-09-25,,7.25,14.03,75442032.1,0.58,0.37,0.78,True,True,"Stage 2, Early Stage 2, volume_dryup, weekly_volume_dryup",watchlist,16.49,16.49,260.25,-16.94,[12.04],[31],0.0,31.0,378
ADANIPOWER.NS,Adani Power Limited,Utilities,Utilities,Utilities,True,F&O,1,Stage 3,Stage 3,Stage 3 - Distribution/Damage,0.76,"Prior strength exists, but short-term and/or weekly structure is deteriorating.",,,2026-08-03,,-7.55,24.87,3387749304.48,0.84,1.19,0.97,True,False,"Stage 3, Stage 3 - Distribution/Damage, volume_dryup, distribution_risk",watchlist,16.33,16.33,229.34,-14.48,"[15.5, 13.51]","[9, 34]",0.9,66.0,379
PARADEEP.NS,Paradeep Phosphates Limited,Agricultural Inputs,Basic Materials,Basic Materials,False,Cash,1,Stage 2,Stage 2,Early Stage 2,0.72,"Price has moved above long-term structure, but the full moving-average stack is not clean yet.",,,2026-09-25,,17.15,38.55,386067671.89,0.22,0.39,0.17,True,True,"Stage 2, Early Stage 2, weekly_vcp_ok, volume_dryup, weekly_volume_dryup, weekly_strong",watchlist,16.32,16.32,166.72,-6.61,[12.91],[6],0.0,6.0,380
BOROLTD.NS,Borosil Limited,"Furnishings, Fixtures & Appliances",Consumer Cyclical,Consumer Cyclical,False,Cash,1,Not Sure,Stage 2,Pending Stage 2,0.55,Stage 2 pending confirmation: needs 3 raw Stage 2 runs; current count 1.,Stage 2 pending confirmation: needs 3 raw Stage 2 runs; current count 1.,,,Stage 2,19.33,19.56,92697856.43,0.65,1.56,1.16,True,False,"Stage 2, Early Stage 2, weekly_vcp_ok, volume_dryup, weekly_strong | Stage 2 pending confirmation: needs 3 raw Stage 2 runs; current count 1.",watchlist,16.26,16.26,289.51,-3.01,[18.95],[5],0.0,5.0,381
GMDCLTD.NS,Gujarat Mineral Development Corporation Limited,Energy,Energy,Energy,False,Cash,1,Stage 4,Stage 4,Stage 4 - Weak/Declining,0.72,Price is below long-term support with weak trend evidence.,,,2026-06-24,,-7.65,-6.53,518059333.25,0.63,0.8,0.58,True,True,"Stage 4, Stage 4 - Weak/Declining, volume_dryup, weekly_volume_dryup, downtrend",watchlist,13.73,16.23,697.48,-25.12,"[19.03, 19.27, 11.8, 9.94]","[21, 24, 20, 5]",1.0,88.0,382
LUPIN.NS,Lupin Limited,Drug Manufacturers - Specialty & Generic,Healthcare,Healthcare,True,F&O,1,Not Sure,Stage 4,Pending Stage 4,0.55,Blocked public stage jump Stage 1 -> Stage 4; waiting for intermediate/confirmed structure.,Blocked public stage jump Stage 1 -> Stage 4; waiting for intermediate/confirmed structure.,,2026-08-10,Stage 4,-8.34,-6.43,1367934987.09,0.71,0.77,0.62,True,True,"Stage 4, Stage 4 - Weak/Declining, volume_dryup, weekly_volume_dryup, downtrend | Blocked public stage jump Stage 1 -> Stage 4; waiting for intermediate/confirmed structure.",watchlist,11.1,16.1,2523.7,-18.29,"[10.99, 11.19]","[18, 73]",0.9,94.0,383
OBEROIRLTY.NS,Oberoi Realty Limited,Real Estate,Real Estate,Real Estate,True,F&O,1,Stage 2,Stage 2,Stage 2,0.76,Advancing structure detected.,,,2026-09-25,,3.35,26.66,836919583.52,1.26,0.69,1.09,False,False,"Stage 2, Stage 2",watchlist,15.0,16.0,1936.18,-5.48,[14.11],[8],0.0,8.0,384
FEDERALBNK.NS,The Federal Bank  Limited,Banks - Regional,Financial Services,Financial Services,True,F&O,1,Stage 2,Stage 2,Early Stage 2,0.72,"Price has moved above long-term structure, but the full moving-average stack is not clean yet.",,,2026-09-25,,3.63,25.06,1723291820.08,1.22,1.52,1.22,False,False,"Stage 2, Early Stage 2, weekly_vcp_ok, weekly_strong",watchlist,14.95,15.95,357.57,-9.11,[8.15],[10],0.0,10.0,385
KRBL.NS,KRBL Limited,Packaged Foods,Consumer Defensive,Consumer Defensive,False,Cash,1,Stage 2,Stage 2,Early Stage 2,0.72,"Price has moved above long-term structure, but the full moving-average stack is not clean yet.",,,2026-09-25,,7.04,30.16,170240723.38,0.58,0.38,0.59,True,True,"Stage 2, Early Stage 2, weekly_vcp_ok, volume_dryup, weekly_volume_dryup, weekly_strong",watchlist,15.93,15.93,448.43,-14.6,[13.74],[5],0.0,5.0,386
GPIL.NS,Godawari Power And Ispat limited,Steel,Basic Materials,Basic Materials,False,Cash,1,Stage 4,Stage 4,Stage 4 - Weak/Declining,0.72,Price is below long-term support with weak trend evidence.,,,2026-06-23,,-6.82,-15.94,332006647.89,0.82,0.84,0.74,True,True,"Stage 4, Stage 4 - Weak/Declining, volume_dryup, weekly_volume_dryup, downtrend",watchlist,10.93,15.93,256.0,-11.93,"[27.95, 9.76, 7.42]","[48, 10, 11]",0.95,75.0,387
MPSLTD.NS,MPS Limited,Communication Services,Communication Services,Communication Services,False,Cash,1,Stage 2,Stage 2,Early Stage 2,0.72,"Price has moved above long-term structure, but the full moving-average stack is not clean yet.",,,2026-09-25,,45.62,64.0,32955434.14,0.13,0.49,0.09,True,True,"Stage 2, Early Stage 2, weekly_vcp_ok, volume_dryup, weekly_volume_dryup, weekly_strong",watchlist,13.41,15.91,2811.61,-6.4,[11.89],[5],0.0,5.0,388
SAGILITY.NS,SAGILITY LIMITED,Healthcare,Healthcare,Healthcare,False,Cash,1,Not Sure,Stage 4,Pending Stage 4,0.55,Blocked public stage jump Stage 1 -> Stage 4; waiting for intermediate/confirmed structure.,Blocked public stage jump Stage 1 -> Stage 4; waiting for intermediate/confirmed structure.,,,Stage 4,10.68,6.62,570961533.26,0.54,0.4,0.36,True,True,"Stage 4, Stage 4 - Weak/Declining, weekly_vcp_ok, volume_dryup, weekly_volume_dryup, weekly_strong, downtrend | Blocked public stage jump Stage 1 -> Stage 4; waiting for intermediate/confirmed structure.",watchlist,14.83,15.83,47.57,-8.67,"[15.15, 9.46, 8.46]","[29, 14, 9]",0.95,89.0,389
NHPC.NS,NHPC Limited,Utilities - Renewable,Utilities,Utilities,True,F&O,1,Stage 1,Stage 1,Stage 1 - Base/Repair,0.7,Price is near long-term moving averages with no strong long-term downtrend signal.,,,,,-2.2,1.43,747756660.38,0.87,0.6,0.66,False,True,"Stage 1, Stage 1 - Base/Repair, weekly_vcp_ok, weekly_volume_dryup, weekly_strong, stage1_not_actionable, stage1_needs_more_base",watchlist,15.82,15.82,82.77,-10.0,"[12.58, 12.33, 9.69]","[13, 9, 41]",0.95,88.0,390
JSFB.NS,Jana Small Finance Bank Limited,Banks - Regional,Financial Services,Financial Services,False,Cash,1,Stage 2,Stage 2,Early Stage 2,0.72,"Price has moved above long-term structure, but the full moving-average stack is not clean yet.",,,2026-09-25,,11.81,37.43,456693579.98,1.18,1.35,1.45,False,False,"Stage 2, Early Stage 2",watchlist,14.81,15.81,608.01,-17.9,[21.34],[17],0.0,17.0,391
SBFC.NS,SBFC Finance Limited,Credit Services,Financial Services,Financial Services,False,Cash,1,Stage 2 Failed,Stage 4,Failed Stage 2,0.72,"This stock was recently Stage 2, but the latest structure no longer satisfies Stage 2 rules. It is kept as Stage 2 Failed until a fresh base/repair structure forms.",Recent Stage 2 break; public stage held as Stage 2 Failed.,2026-09-28,2026-09-14,,0.39,7.4,149157944.31,0.47,0.42,0.49,True,True,"Stage 4, Stage 4 - Weak/Declining, weekly_vcp_ok, volume_dryup, weekly_volume_dryup, weekly_strong, downtrend | Stage 2 failed state applied from stage memory.",watchlist,14.78,15.78,104.39,-16.83,"[11.99, 8.24, 6.34, 4.42]","[6, 5, 16, 13]",1.0,77.0,392
HONAUT.NS,Honeywell Automation India Limited,Electrical Equipment & Parts,Industrials,Industrials,False,Cash,1,Stage 3,Stage 3,Stage 3 - Distribution/Damage,0.76,"Prior strength exists, but short-term and/or weekly structure is deteriorating.",,,2026-09-04,,-9.28,31.23,123189478.25,0.78,0.67,0.5,True,True,"Stage 3, Stage 3 - Distribution/Damage, weekly_vcp_ok, volume_dryup, weekly_volume_dryup, weekly_strong, distribution_risk",watchlist,10.75,15.75,37255.08,-9.13,"[7.82, 6.26]","[5, 6]",0.9,17.0,393
PURVA.NS,Puravankara Limited,Real Estate,Real Estate,Real Estate,False,Cash,1,Stage 4,Stage 4,Stage 4 - Weak/Declining,0.72,Price is below long-term support with weak trend evidence.,,,,,2.68,21.73,254155495.11,0.31,0.05,0.15,True,True,"Stage 4, Stage 4 - Weak/Declining, weekly_vcp_ok, volume_dryup, weekly_volume_dryup, downtrend",watchlist,14.64,15.64,262.26,-19.93,"[20.77, 11.88]","[17, 64]",0.9,86.0,394
POLYPLEX.NS,Polyplex Corporation Limited,Specialty Chemicals,Basic Materials,Basic Materials,False,Cash,1,Stage 2,Stage 2,Early Stage 2,0.72,"Price has moved above long-term structure, but the full moving-average stack is not clean yet.",,,2026-09-25,,12.45,36.25,48784674.16,0.41,0.56,0.3,True,True,"Stage 2, Early Stage 2, volume_dryup, weekly_volume_dryup",watchlist,13.03,15.53,1265.14,-15.97,[10.09],[37],0.0,37.0,395
NH.NS,Narayana Hrudayalaya Ltd.,Medical Care Facilities,Healthcare,Healthcare,False,Cash,1,Stage 2 Failed,Stage 4,Failed Stage 2,0.72,"This stock was recently Stage 2, but the latest structure no longer satisfies Stage 2 rules. It is kept as Stage 2 Failed until a fresh base/repair structure forms.",Recent Stage 2 break; public stage held as Stage 2 Failed.,2026-09-28,2026-09-23,,-3.05,14.51,327042579.17,0.59,0.68,0.36,True,True,"Stage 4, Stage 4 - Weak/Declining, volume_dryup, weekly_volume_dryup, downtrend | Stage 2 failed state applied from stage memory.",watchlist,14.46,15.46,2096.56,-13.19,"[12.91, 7.11]","[33, 11]",0.9,53.0,396
ONGC.NS,Oil & Natural Gas Corporation Limited,Energy,Energy,Energy,True,F&O,1,Stage 1,Stage 1,Stage 1 - Unclear/Repair,0.58,Not enough evidence for Stage 2 or Stage 4; classified as repair/unclear structure.,,,2026-06-08,,2.99,-17.32,2273438654.53,0.83,0.91,0.73,True,True,"Stage 1, Stage 1 - Unclear/Repair, weekly_vcp_ok, volume_dryup, weekly_volume_dryup, weekly_strong, stage1_not_actionable, stage1_needs_more_base",watchlist,12.92,15.42,253.57,-9.29,"[25.35, 9.21]","[32, 24]",0.9,73.0,397
GRSE.NS,Garden Reach Shipbuilders & Engineers Limited,Aerospace & Defense,Industrials,Industrials,False,Cash,1,Stage 4,Stage 4,Stage 4 - Weak/Declining,0.72,Price is below long-term support with weak trend evidence.,,,2026-07-08,,-13.64,2.1,735321359.31,0.81,1.07,0.8,True,True,"Stage 4, Stage 4 - Weak/Declining, weekly_vcp_ok, volume_dryup, weekly_volume_dryup, weekly_strong, downtrend",watchlist,10.39,15.39,2931.42,-23.41,"[24.23, 7.25]","[31, 6]",0.9,71.0,398
GALLANTT.NS,Gallantt Ispat Limited,Steel,Basic Materials,Basic Materials,False,Cash,1,Stage 4,Stage 4,Stage 4 - Weak/Declining,0.72,Price is below long-term support with weak trend evidence.,,,2026-06-26,,-15.69,-0.87,52526887.54,0.87,0.43,1.08,False,False,"Stage 4, Stage 4 - Weak/Declining, weekly_vcp_ok, weekly_strong, downtrend",watchlist,10.38,15.38,725.6,-26.05,"[34.06, 29.42, 12.66]","[20, 8, 8]",0.95,68.0,399
HUBTOWN.NS,Hubtown Limited,Real Estate,Real Estate,Real Estate,False,Cash,1,Stage 4,Stage 4,Stage 4 - Confirmed Downtrend,0.86,Price is below a bearish moving-average stack with falling trend signals.,,,,,-16.1,-7.31,71355064.66,0.67,1.49,0.59,True,True,"Stage 4, Stage 4 - Confirmed Downtrend, weekly_vcp_ok, volume_dryup, weekly_volume_dryup, weekly_strong, downtrend",watchlist,14.37,15.37,219.28,-23.44,"[22.18, 20.7, 13.89]","[23, 33, 9]",0.95,82.0,400
ELECTCAST.NS,Electrosteel Castings Limited,Building Products & Equipment,Industrials,Industrials,False,Cash,1,Stage 2 Failed,Stage 1,Failed Stage 2,0.72,"This stock was recently Stage 2, but the latest structure no longer satisfies Stage 2 rules. It is kept as Stage 2 Failed until a fresh base/repair structure forms.",Recent Stage 2 break; public stage held as Stage 2 Failed.,2026-09-28,2026-09-14,,-1.23,-6.14,201597094.57,1.43,8.58,2.65,False,False,"Stage 1, Stage 1 - Base/Repair, weekly_vcp_ok, stage1_not_actionable, stage1_needs_more_base | Stage 2 failed state applied from stage memory.",watchlist,15.32,15.32,87.93,-17.72,"[28.05, 18.91]","[26, 24]",0.9,57.0,401
CONCORDBIO.NS,Concord Biotech Limited,Biotechnology,Healthcare,Healthcare,False,Cash,1,Stage 2,Stage 2,Early Stage 2,0.72,"Price has moved above long-term structure, but the full moving-average stack is not clean yet.",,,2026-09-25,,14.04,38.93,238858618.79,1.1,0.62,1.02,False,False,"Stage 2, Early Stage 2",watchlist,12.7,15.2,1594.79,-12.67,[12.59],[11],0.0,11.0,402
TATASTEEL.NS,Tata Steel Limited,Steel,Basic Materials,Basic Materials,True,F&O,1,Stage 1,Stage 1,Stage 1 - Base/Repair,0.7,Price is near long-term moving averages with no strong long-term downtrend signal.,,,2026-06-23,,4.38,0.2,4702657312.68,0.95,0.51,0.84,False,True,"Stage 1, Stage 1 - Base/Repair, weekly_volume_dryup, stage1_not_actionable, stage1_needs_more_base",watchlist,10.11,15.11,214.91,-13.31,"[15.99, 6.26, 7.05, 5.24]","[33, 10, 6, 14]",0.73,88.0,403
ASTERDM.NS,Aster DM Healthcare Limited,Medical Care Facilities,Healthcare,Healthcare,False,Cash,1,Stage 2 Failed,Stage 3,Failed Stage 2,0.72,"This stock was recently Stage 2, but the latest structure no longer satisfies Stage 2 rules. It is kept as Stage 2 Failed until a fresh base/repair structure forms.",Recent Stage 2 break; public stage held as Stage 2 Failed.,2026-09-28,2026-09-15,,-0.41,15.82,793499138.56,0.34,0.13,0.34,True,True,"Stage 3, Stage 3 - Distribution/Damage, weekly_vcp_ok, volume_dryup, weekly_volume_dryup, weekly_strong, distribution_risk | Stage 2 failed state applied from stage memory.",watchlist,14.05,15.05,800.2,-6.6,"[16.53, 8.73]","[10, 7]",0.9,27.0,404
CHOLAFIN.NS,Cholamandalam Investment and Finance Company Limited,Credit Services,Financial Services,Financial Services,True,F&O,1,Stage 2 Failed,Stage 1,Failed Stage 2,0.72,"This stock was recently Stage 2, but the latest structure no longer satisfies Stage 2 rules. It is kept as Stage 2 Failed until a fresh base/repair structure forms.",Recent Stage 2 break; public stage held as Stage 2 Failed.,2026-09-28,2026-09-23,,-3.49,22.79,2567214062.52,1.26,0.97,1.49,False,False,"Stage 1, Stage 1 - Base/Repair, weekly_vcp_ok, weekly_strong, stage1_not_actionable, stage1_needs_more_base | Stage 2 failed state applied from stage memory.",watchlist,14.03,15.03,1952.5,-16.3,"[16.73, 11.41, 7.87]","[19, 13, 5]",0.95,84.0,405
ARE&M.NS,Amara Raja Energy & Mobility Limited,Electrical Equipment & Parts,Industrials,Industrials,False,Cash,1,Stage 4,Stage 4,Stage 4 - Weak/Declining,0.72,Price is below long-term support with weak trend evidence.,,,2026-08-28,,-4.53,9.34,334016320.96,0.55,0.91,0.48,True,True,"Stage 4, Stage 4 - Weak/Declining, weekly_vcp_ok, volume_dryup, weekly_volume_dryup, weekly_strong, downtrend",watchlist,9.68,14.68,1019.08,-23.96,"[17.14, 14.13, 6.48, 7.06]","[17, 9, 5, 6]",0.73,68.0,406
CANBK.NS,Canara Bank,Banks - Regional,Financial Services,Financial Services,True,F&O,1,Stage 4,Stage 4,Stage 4 - Confirmed Downtrend,0.86,Price is below a bearish moving-average stack with falling trend signals.,,,,,0.38,0.36,1367824847.82,0.74,1.47,0.73,True,True,"Stage 4, Stage 4 - Confirmed Downtrend, weekly_vcp_ok, volume_dryup, weekly_volume_dryup, weekly_strong, downtrend",watchlist,13.65,14.65,133.11,-9.36,"[15.81, 11.61, 6.45]","[20, 14, 10]",0.95,67.0,407
TATATECH.NS,Tata Technologies Limited,Information Technology Services,Technology,Technology,False,Cash,1,Stage 2,Stage 2,Early Stage 2,0.72,"Price has moved above long-term structure, but the full moving-average stack is not clean yet.",,,2026-09-25,,4.35,34.93,700944668.42,0.66,0.88,0.49,True,True,"Stage 2, Early Stage 2, volume_dryup, weekly_volume_dryup",watchlist,14.62,14.62,851.49,-16.96,[11.94],[10],0.0,10.0,408
HINDPETRO.NS,Hindustan Petroleum Corporation Limited,Oil & Gas Refining & Marketing,Energy,Energy,True,F&O,1,Stage 4,Stage 4,Stage 4 - Weak/Declining,0.72,Price is below long-term support with weak trend evidence.,,,,,-4.77,12.72,1299768396.01,0.71,1.05,0.76,True,True,"Stage 4, Stage 4 - Weak/Declining, weekly_vcp_ok, volume_dryup, weekly_volume_dryup, weekly_strong, downtrend",watchlist,12.09,14.59,400.12,-14.41,"[12.47, 10.9]","[13, 12]",0.9,79.0,409
AVANTEL.NS,Avantel Limited,Communication Equipment,Technology,Technology,False,Cash,1,Not Sure,Stage 1,Pending Stage 1,0.55,Blocked public stage jump Stage 4 -> Stage 1; waiting for intermediate/confirmed structure.,Blocked public stage jump Stage 4 -> Stage 1; waiting for intermediate/confirmed structure.,,2026-07-23,Stage 1,-10.88,15.29,280470770.65,2.37,0.57,3.8,False,False,"Stage 1, Stage 1 - Base/Repair, weekly_vcp_ok, weekly_strong, stage1_not_actionable, stage1_needs_more_base | Blocked public stage jump Stage 4 -> Stage 1; waiting for intermediate/confirmed structure.",watchlist,9.52,14.52,167.49,-9.62,"[20.06, 16.13]","[13, 19]",0.9,47.0,410
SBICARD.NS,SBI Cards and Payment Services Limited,Credit Services,Financial Services,Financial Services,True,F&O,1,Stage 4,Stage 4,Stage 4 - Weak/Declining,0.72,Price is below long-term support with weak trend evidence.,,,,,2.86,-5.14,1135803998.5,0.65,0.51,0.46,True,True,"Stage 4, Stage 4 - Weak/Declining, weekly_vcp_ok, volume_dryup, weekly_volume_dryup, weekly_strong, downtrend",watchlist,13.48,14.48,675.78,-12.55,"[12.61, 11.47, 9.22, 9.52]","[20, 12, 10, 12]",1.0,87.0,411
FUSION.NS,Fusion Finance Limited,Credit Services,Financial Services,Financial Services,False,Cash,1,Stage 2 Failed,Stage 4,Failed Stage 2,0.72,"This stock was recently Stage 2, but the latest structure no longer satisfies Stage 2 rules. It is kept as Stage 2 Failed until a fresh base/repair structure forms.",Recent Stage 2 break; public stage held as Stage 2 Failed.,2026-09-28,2026-09-14,,-15.37,18.76,96915078.59,0.58,0.5,0.46,True,True,"Stage 4, Stage 4, weekly_vcp_ok, volume_dryup, weekly_volume_dryup, weekly_strong, downtrend | Stage 2 failed state applied from stage memory.",watchlist,13.44,14.44,243.43,-29.37,"[27.59, 18.84, 15.79]","[25, 13, 5]",0.95,73.0,412
FORCEMOT.NS,FORCE MOTORS LTD,Auto Manufacturers,Consumer Cyclical,Consumer Cyclical,True,F&O,1,Stage 4,Stage 4,Stage 4 - Confirmed Downtrend,0.86,Price is below a bearish moving-average stack with falling trend signals.,,,,,-6.35,-16.57,1196028927.33,0.72,0.98,0.71,True,True,"Stage 4, Stage 4 - Confirmed Downtrend, weekly_vcp_ok, volume_dryup, weekly_volume_dryup, weekly_strong, downtrend",watchlist,11.91,14.41,21040.14,-18.73,"[27.22, 11.45, 11.82]","[41, 32, 12]",0.95,98.0,413
BANCOINDIA.NS,Banco Products (I) Limited,Auto Parts,Consumer Cyclical,Consumer Cyclical,False,Cash,1,Stage 4,Stage 4,Stage 4 - Weak/Declining,0.72,Price is below long-term support with weak trend evidence.,,,2026-07-16,,-6.35,13.79,51446085.48,0.66,0.72,0.47,True,True,"Stage 4, Stage 4 - Weak/Declining, weekly_vcp_ok, volume_dryup, weekly_volume_dryup, weekly_strong, downtrend",watchlist,11.89,14.39,685.96,-13.38,"[17.06, 12.82, 9.78]","[15, 7, 5]",0.95,53.0,414
BAYERCROP.NS,Bayer Cropscience Limited,Agricultural Inputs,Basic Materials,Basic Materials,False,Cash,1,Stage 4,Stage 4,Stage 4 - Confirmed Downtrend,0.86,Price is below a bearish moving-average stack with falling trend signals.,,,,,-5.3,-19.52,100615564.12,1.46,2.43,1.57,False,False,"Stage 4, Stage 4 - Confirmed Downtrend, downtrend",watchlist,14.1,14.1,4499.76,-18.4,"[15.48, 14.01, 5.26]","[22, 23, 28]",0.95,87.0,415
TIMETECHNO.NS,Time Technoplast Limited,Consumer Cyclical,Consumer Cyclical,Consumer Cyclical,False,Cash,1,Stage 3,Stage 3,Stage 3 - Distribution/Damage,0.76,"Prior strength exists, but short-term and/or weekly structure is deteriorating.",,,2026-08-20,,5.81,11.84,433393783.6,0.9,1.4,0.86,False,True,"Stage 3, Stage 3 - Distribution/Damage, weekly_vcp_ok, weekly_volume_dryup, weekly_strong, distribution_risk",watchlist,12.98,13.98,210.71,-12.94,"[17.44, 11.17]","[15, 11]",0.9,35.0,416
LTTS.NS,L&T Technology Services Limited,Information Technology Services,Technology,Technology,False,Cash,1,Stage 4,Stage 4,Stage 4 - Weak/Declining,0.72,Price is below long-term support with weak trend evidence.,,,,,6.52,-0.72,152715657.54,0.56,0.47,0.4,True,True,"Stage 4, Stage 4 - Weak/Declining, weekly_vcp_ok, volume_dryup, weekly_volume_dryup, weekly_strong, downtrend",watchlist,13.68,13.68,3708.0,-13.39,"[17.16, 13.55, 5.67]","[21, 10, 21]",0.95,70.0,417
SUNTV.NS,Sun TV Network Limited,Communication Services,Communication Services,Communication Services,False,Cash,1,Stage 4,Stage 4,Stage 4 - Weak/Declining,0.72,Price is below long-term support with weak trend evidence.,,,,,7.12,-9.51,459745430.02,2.0,1.73,3.43,False,False,"Stage 4, Stage 4 - Weak/Declining, downtrend",watchlist,11.12,13.62,525.56,-1.08,"[25.94, 9.07]","[39, 19]",0.9,83.0,418
ABSLAMC.NS,Aditya Birla Sun Life AMC Limited,Asset Management,Financial Services,Financial Services,False,Cash,1,Stage 2 Failed,Stage 3,Failed Stage 2,0.72,"This stock was recently Stage 2, but the latest structure no longer satisfies Stage 2 rules. It is kept as Stage 2 Failed until a fresh base/repair structure forms.",Recent Stage 2 break; public stage held as Stage 2 Failed.,2026-09-28,2026-09-18,,-9.91,12.65,214570460.34,0.64,0.72,0.42,True,True,"Stage 3, Stage 3 - Distribution/Damage, volume_dryup, weekly_volume_dryup, distribution_risk | Stage 2 failed state applied from stage memory.",watchlist,13.47,13.47,1118.85,-11.72,"[18.55, 5.23]","[23, 5]",0.9,43.0,419
BOMDYEING.NS,Bombay Dyeing & Mfg Company Limited,Textile Manufacturing,Consumer Cyclical,Consumer Cyclical,False,Cash,1,Stage 4,Stage 4,Stage 4 - Confirmed Downtrend,0.86,Price is below a bearish moving-average stack with falling trend signals.,,,,,-13.3,6.94,52218946.92,0.67,0.28,0.5,True,True,"Stage 4, Stage 4 - Confirmed Downtrend, volume_dryup, weekly_volume_dryup, downtrend",watchlist,8.46,13.46,140.77,-23.71,"[16.08, 16.38, 12.97, 13.86]","[6, 24, 13, 14]",0.73,93.0,420
JKTYRE.NS,JK Tyre & Industries Limited,Auto Parts,Consumer Cyclical,Consumer Cyclical,False,Cash,1,Stage 4,Stage 4,Stage 4 - Confirmed Downtrend,0.86,Price is below a bearish moving-average stack with falling trend signals.,,,,,-12.97,-10.02,145828894.11,0.83,0.94,0.9,True,False,"Stage 4, Stage 4 - Confirmed Downtrend, weekly_vcp_ok, volume_dryup, weekly_strong, downtrend",watchlist,10.82,13.32,422.0,-19.95,"[18.98, 16.95, 10.73]","[23, 11, 13]",0.95,70.0,421
GREENPLY.NS,Greenply Industries Limited,Basic Materials,Basic Materials,Basic Materials,False,Cash,1,Stage 2,Stage 2,Messy Stage 2,0.64,"Long-term structure is still constructive, but the short-term/weekly structure is not clean.",,,2026-09-25,,-4.01,46.14,59441832.5,1.15,1.53,1.51,False,False,"Stage 2, Messy Stage 2",watchlist,13.21,13.21,313.05,-10.64,[12.0],[7],0.0,7.0,422
LEMONTREE.NS,Lemon Tree Hotels Limited,Lodging,Consumer Cyclical,Consumer Cyclical,False,Cash,1,Stage 4,Stage 4,Stage 4 - Confirmed Downtrend,0.86,Price is below a bearish moving-average stack with falling trend signals.,,,,,-7.64,-1.83,233370728.54,0.79,0.97,0.74,True,True,"Stage 4, Stage 4 - Confirmed Downtrend, weekly_vcp_ok, volume_dryup, weekly_volume_dryup, weekly_strong, downtrend",watchlist,12.13,13.13,122.65,-15.35,"[16.73, 15.15, 12.26, 12.79]","[19, 9, 13, 30]",1.0,106.0,423
360ONE.NS,360 ONE WAM LIMITED,Asset Management,Financial Services,Financial Services,True,F&O,1,Stage 2 Failed,Stage 4,Failed Stage 2,0.72,"This stock was recently Stage 2, but the latest structure no longer satisfies Stage 2 rules. It is kept as Stage 2 Failed until a fresh base/repair structure forms.",Recent Stage 2 break; public stage held as Stage 2 Failed.,2026-09-28,2026-09-08,,2.77,14.81,978078516.33,1.1,0.67,1.49,False,False,"Stage 4, Stage 4 - Weak/Declining, downtrend | Stage 2 failed state applied from stage memory.",watchlist,13.12,13.12,1225.04,-14.7,"[10.35, 9.13, 8.97, 7.71]","[7, 24, 12, 13]",1.0,68.0,424
JSLL.NS,Jeena Sikho Lifecare Limited,Medical Care Facilities,Healthcare,Healthcare,False,Cash,1,Stage 4,Stage 4,Stage 4 - Confirmed Downtrend,0.86,Price is below a bearish moving-average stack with falling trend signals.,,,,,-6.74,-14.27,209195235.11,0.61,0.63,0.6,True,True,"Stage 4, Stage 4 - Confirmed Downtrend, weekly_vcp_ok, volume_dryup, weekly_volume_dryup, downtrend",watchlist,12.12,13.12,614.14,-18.28,"[27.43, 20.78]","[36, 28]",0.9,74.0,425
BASF.NS,BASF India Limited,Specialty Chemicals,Basic Materials,Basic Materials,False,Cash,1,Stage 2 Failed,Stage 4,Failed Stage 2,0.72,"This stock was recently Stage 2, but the latest structure no longer satisfies Stage 2 rules. It is kept as Stage 2 Failed until a fresh base/repair structure forms.",Recent Stage 2 break; public stage held as Stage 2 Failed.,2026-09-28,2026-09-08,,1.86,8.55,71241094.71,0.47,0.81,0.3,True,True,"Stage 4, Stage 4 - Weak/Declining, weekly_vcp_ok, volume_dryup, weekly_volume_dryup, weekly_strong, downtrend | Stage 2 failed state applied from stage memory.",watchlist,10.62,13.12,4257.44,-17.89,"[20.72, 11.25]","[24, 11]",0.9,43.0,426
BLS.NS,BLS International Services Limited,Industrials,Industrials,Industrials,False,Cash,1,Stage 4,Stage 4,Stage 4 - Confirmed Downtrend,0.86,Price is below a bearish moving-average stack with falling trend signals.,,,,,-7.16,-15.14,175788864.9,0.41,0.22,0.29,True,True,"Stage 4, Stage 4 - Confirmed Downtrend, weekly_vcp_ok, volume_dryup, weekly_volume_dryup, weekly_strong, downtrend",watchlist,13.1,13.1,282.08,-21.58,"[17.43, 18.15, 17.54]","[6, 24, 10]",0.95,81.0,427
DALBHARAT.NS,Dalmia Bharat Limited,Building Materials,Basic Materials,Basic Materials,True,F&O,1,Stage 4,Stage 4,Stage 4 - Confirmed Downtrend,0.86,Price is below a bearish moving-average stack with falling trend signals.,,,,,-0.4,-6.02,150963174.92,0.5,0.4,0.39,True,True,"Stage 4, Stage 4 - Confirmed Downtrend, weekly_vcp_ok, volume_dryup, weekly_volume_dryup, weekly_strong, downtrend",watchlist,13.1,13.1,1928.37,-14.35,"[16.56, 12.98, 11.44]","[10, 13, 33]",0.95,91.0,428
SYMPHONY.NS,Symphony Limited,"Furnishings, Fixtures & Appliances",Consumer Cyclical,Consumer Cyclical,False,Cash,1,Stage 4,Stage 4,Stage 4 - Confirmed Downtrend,0.86,Price is below a bearish moving-average stack with falling trend signals.,,,,,-9.41,-16.58,190683774.15,0.36,0.82,0.39,True,True,"Stage 4, Stage 4 - Confirmed Downtrend, weekly_vcp_ok, volume_dryup, weekly_volume_dryup, weekly_strong, downtrend",watchlist,13.1,13.1,789.53,-25.79,"[26.64, 19.48, 13.92]","[32, 21, 6]",0.95,101.0,429
V2RETAIL.NS,V2 Retail Limited,Consumer Cyclical,Consumer Cyclical,Consumer Cyclical,False,Cash,1,Stage 2 Failed,Stage 4,Failed Stage 2,0.72,"This stock was recently Stage 2, but the latest structure no longer satisfies Stage 2 rules. It is kept as Stage 2 Failed until a fresh base/repair structure forms.",Recent Stage 2 break; public stage held as Stage 2 Failed.,2026-09-28,2026-09-09,,-2.98,12.43,184445060.72,0.8,0.76,0.65,True,True,"Stage 4, Stage 4 - Weak/Declining, weekly_vcp_ok, volume_dryup, weekly_volume_dryup, weekly_strong, downtrend | Stage 2 failed state applied from stage memory.",watchlist,12.03,13.03,249.36,-15.29,"[17.45, 13.35, 9.3]","[5, 7, 7]",0.95,74.0,430
TMPV.NS,Tata Motors Passenger Vehicles Limited,Auto Manufacturers,Consumer Cyclical,Consumer Cyclical,True,F&O,1,Stage 4,Stage 4,Stage 4 - Confirmed Downtrend,0.86,Price is below a bearish moving-average stack with falling trend signals.,,,,,-13.45,-4.08,2824454341.5,1.4,1.58,1.29,False,False,"Stage 4, Stage 4 - Confirmed Downtrend, downtrend",watchlist,10.52,13.02,353.2,-20.23,"[21.31, 16.05]","[29, 27]",0.9,64.0,431
TRITURBINE.NS,Triveni Turbine Limited,Specialty Industrial Machinery,Industrials,Industrials,False,Cash,1,Stage 4,Stage 4,Stage 4 - Weak/Declining,0.72,Price is below long-term support with weak trend evidence.,,,2026-08-06,,-11.63,22.43,250607630.65,0.83,0.61,0.48,True,True,"Stage 4, Stage 4 - Weak/Declining, volume_dryup, weekly_volume_dryup, downtrend",watchlist,7.97,12.97,747.72,-26.22,"[19.04, 20.56, 14.23, 11.61]","[9, 15, 8, 14]",0.73,78.0,432
MRF.NS,MRF Limited,Auto Parts,Consumer Cyclical,Consumer Cyclical,False,Cash,1,Stage 4,Stage 4,Stage 4 - Confirmed Downtrend,0.86,Price is below a bearish moving-average stack with falling trend signals.,,,,,-1.27,0.08,412130518.75,0.87,0.45,0.56,False,True,"Stage 4, Stage 4 - Confirmed Downtrend, weekly_vcp_ok, weekly_volume_dryup, weekly_strong, downtrend",watchlist,10.45,12.95,138990.64,-11.2,"[13.35, 6.63, 4.41]","[31, 8, 8]",0.95,83.0,433
PAGEIND.NS,Page Industries Limited,Apparel Manufacturing,Consumer Cyclical,Consumer Cyclical,True,F&O,1,Stage 3,Stage 3,Stage 3 - Transition,0.62,"The structure is transitioning after prior strength, but it is not yet a confirmed Stage 4 decline.",,,2026-08-06,,-6.97,18.31,680498417.0,0.81,0.69,0.8,True,True,"Stage 3, Stage 3 - Transition, weekly_vcp_ok, volume_dryup, weekly_volume_dryup, weekly_strong, distribution_risk",watchlist,12.9,12.9,36603.94,2.45,"[15.14, 6.95]","[19, 6]",0.9,34.0,434
SUPRAJIT.NS,Suprajit Engineering Limited,Auto Parts,Consumer Cyclical,Consumer Cyclical,False,Cash,1,Stage 2,Stage 2,Early Stage 2,0.72,"Price has moved above long-term structure, but the full moving-average stack is not clean yet.",,,2026-09-25,,9.24,23.61,44517572.25,0.87,0.47,0.39,False,True,"Stage 2, Early Stage 2, weekly_volume_dryup",watchlist,10.36,12.86,509.7,-5.12,[16.52],[22],0.0,22.0,435
JIOFIN.NS,Jio Financial Services Limited,Asset Management,Financial Services,Financial Services,True,F&O,1,Stage 4,Stage 4,Stage 4 - Weak/Declining,0.72,Price is below long-term support with weak trend evidence.,,,,,-2.7,-1.43,2491971372.41,0.77,1.77,0.75,True,True,"Stage 4, Stage 4 - Weak/Declining, weekly_vcp_ok, volume_dryup, weekly_volume_dryup, weekly_strong, downtrend",watchlist,12.77,12.77,268.04,-17.74,"[11.59, 7.4, 7.23]","[13, 9, 13]",0.95,50.0,436
IOC.NS,Indian Oil Corporation Limited,Oil & Gas Refining & Marketing,Energy,Energy,True,F&O,1,Stage 4,Stage 4,Stage 4 - Confirmed Downtrend,0.86,Price is below a bearish moving-average stack with falling trend signals.,,,,,0.08,2.54,977785027.38,1.05,0.74,0.93,False,False,"Stage 4, Stage 4 - Confirmed Downtrend, weekly_vcp_ok, weekly_strong, downtrend",watchlist,10.26,12.76,147.98,-9.91,"[12.01, 9.15, 7.99, 6.7]","[19, 9, 17, 15]",1.0,106.0,437
FEDFINA.NS,Fedbank Financial Services Limited,Credit Services,Financial Services,Financial Services,False,Cash,1,Stage 2,Stage 2,Early Stage 2,0.72,"Price has moved above long-term structure, but the full moving-average stack is not clean yet.",,,2026-09-25,,5.85,17.66,134397846.42,0.94,1.37,1.15,False,False,"Stage 2, Early Stage 2, weekly_vcp_ok, weekly_strong",watchlist,11.72,12.72,169.3,-10.97,[15.48],[7],0.0,7.0,438
GMRP&UI.NS,GMR Power and Urban Infra Limited,Energy,Energy,Energy,False,Cash,1,Stage 4,Stage 4,Stage 4 - Weak/Declining,0.72,Price is below long-term support with weak trend evidence.,,,,,6.86,5.4,153979643.3,1.44,1.45,2.13,False,False,"Stage 4, Stage 4 - Weak/Declining, weekly_vcp_ok, weekly_strong, downtrend",watchlist,10.11,12.61,103.18,-1.24,"[15.63, 10.4]","[45, 7]",0.9,55.0,439
INDIASHLTR.NS,India Shelter Finance Corporation Limited,Mortgage Finance,Financial Services,Financial Services,False,Cash,1,Stage 4,Stage 4,Stage 4 - Confirmed Downtrend,0.86,Price is below a bearish moving-average stack with falling trend signals.,,,,,-9.76,-10.84,55089357.05,0.59,1.1,0.61,True,True,"Stage 4, Stage 4 - Confirmed Downtrend, volume_dryup, weekly_volume_dryup, downtrend",watchlist,12.6,12.6,829.25,-21.94,"[15.73, 9.95]","[26, 8]",0.9,85.0,440
NATIONALUM.NS,National Aluminium Company Limited,Basic Materials,Basic Materials,Basic Materials,True,F&O,1,Not Sure,Stage 4,Pending Stage 4,0.55,Blocked public stage jump Stage 1 -> Stage 4; waiting for intermediate/confirmed structure.,Blocked public stage jump Stage 1 -> Stage 4; waiting for intermediate/confirmed structure.,,2026-08-31,Stage 4,10.41,-10.23,1599848514.31,0.65,1.53,0.68,True,True,"Stage 4, Stage 4 - Weak/Declining, weekly_vcp_ok, volume_dryup, weekly_volume_dryup, weekly_strong, downtrend | Blocked public stage jump Stage 1 -> Stage 4; waiting for intermediate/confirmed structure.",watchlist,12.58,12.58,421.87,-17.27,"[21.23, 9.91]","[30, 10]",0.9,54.0,441
MAXHEALTH.NS,Max Healthcare Institute Limited,Medical Care Facilities,Healthcare,Healthcare,True,F&O,1,Stage 2 Failed,Stage 4,Failed Stage 2,0.72,"This stock was recently Stage 2, but the latest structure no longer satisfies Stage 2 rules. It is kept as Stage 2 Failed until a fresh base/repair structure forms.",Recent Stage 2 break; public stage held as Stage 2 Failed.,2026-09-28,2026-09-24,,-6.03,8.32,1908693488.85,0.98,1.48,1.04,False,False,"Stage 4, Stage 4 - Weak/Declining, weekly_vcp_ok, weekly_strong, downtrend | Stage 2 failed state applied from stage memory.",watchlist,11.45,12.45,1169.94,-14.52,"[17.21, 13.7, 6.53]","[8, 18, 5]",0.95,77.0,442
GLOBUSSPR.NS,Globus Spirits Limited,Consumer Defensive,Consumer Defensive,Consumer Defensive,False,Cash,1,Stage 4,Stage 4,Stage 4 - Confirmed Downtrend,0.86,Price is below a bearish moving-average stack with falling trend signals.,,,,,-5.92,-0.99,69299114.42,0.67,0.45,0.6,True,True,"Stage 4, Stage 4 - Confirmed Downtrend, volume_dryup, weekly_volume_dryup, downtrend",watchlist,12.43,12.43,1003.39,-18.36,"[28.25, 15.46, 12.05]","[28, 5, 8]",0.95,96.0,443
NAUKRI.NS,Info Edge (India) Limited,Communication Services,Communication Services,Communication Services,True,F&O,1,Stage 2 Failed,Not Sure,Failed Stage 2,0.72,"This stock was recently Stage 2, but the latest structure no longer satisfies Stage 2 rules. It is kept as Stage 2 Failed until a fresh base/repair structure forms.",Recent Stage 2 break; public stage held as Stage 2 Failed.,2026-09-28,2026-09-23,,31.7,29.92,1748350521.91,0.85,0.8,0.95,True,False,"Not Sure, Not Sure, weekly_vcp_ok, volume_dryup, weekly_strong | Stage 2 failed state applied from stage memory.",watchlist,9.76,12.26,1390.1,-9.8,[6.96],[10],0.0,10.0,444
SBIN.NS,State Bank of India,Banks - Regional,Financial Services,Financial Services,True,F&O,1,Stage 4,Stage 4,Stage 4 - Confirmed Downtrend,0.86,Price is below a bearish moving-average stack with falling trend signals.,,,2026-08-31,,-3.41,-1.58,7366332605.61,0.86,1.41,0.86,False,True,"Stage 4, Stage 4 - Confirmed Downtrend, weekly_vcp_ok, weekly_volume_dryup, weekly_strong, downtrend",watchlist,11.23,12.23,1126.47,-14.6,"[15.19, 8.66]","[20, 53]",0.9,106.0,445
PRAJIND.NS,Praj Industries Limited,Engineering & Construction,Industrials,Industrials,False,Cash,1,Stage 1,Stage 1,Stage 1 - Unclear/Repair,0.58,Not enough evidence for Stage 2 or Stage 4; classified as repair/unclear structure.,,,2026-08-31,,-7.22,-3.3,129387426.43,0.45,0.43,0.42,True,True,"Stage 1, Stage 1 - Unclear/Repair, weekly_vcp_ok, volume_dryup, weekly_volume_dryup, weekly_strong, stage1_not_actionable, stage1_needs_more_base",watchlist,12.2,12.2,396.36,-21.3,"[16.64, 19.02, 18.23, 14.74]","[17, 13, 16, 17]",0.73,104.0,446
DOMS.NS,DOMS Industries Limited,Industrials,Industrials,Industrials,False,Cash,1,Stage 4,Stage 4,Stage 4 - Confirmed Downtrend,0.86,Price is below a bearish moving-average stack with falling trend signals.,,,,,-5.34,-8.55,89129218.32,0.52,0.92,0.53,True,True,"Stage 4, Stage 4 - Confirmed Downtrend, weekly_vcp_ok, volume_dryup, weekly_volume_dryup, weekly_strong, downtrend",watchlist,12.2,12.2,2399.02,-14.69,"[15.33, 6.14]","[35, 16]",0.9,91.0,447
MOIL.NS,MOIL Limited,Basic Materials,Basic Materials,Basic Materials,False,Cash,1,Stage 4,Stage 4,Stage 4 - Confirmed Downtrend,0.86,Price is below a bearish moving-average stack with falling trend signals.,,,,,-7.54,-15.19,134586502.14,0.34,0.63,0.31,True,True,"Stage 4, Stage 4 - Confirmed Downtrend, weekly_vcp_ok, volume_dryup, weekly_volume_dryup, weekly_strong, downtrend",watchlist,12.2,12.2,310.95,-22.16,"[23.56, 23.13]","[63, 34]",0.9,101.0,448
ASHOKA.NS,Ashoka Buildcon Limited,Engineering & Construction,Industrials,Industrials,False,Cash,1,Stage 4,Stage 4,Stage 4 - Confirmed Downtrend,0.86,Price is below a bearish moving-average stack with falling trend signals.,,,,,-11.67,0.69,130328014.2,0.2,0.13,0.15,True,True,"Stage 4, Stage 4 - Confirmed Downtrend, volume_dryup, weekly_volume_dryup, downtrend",watchlist,12.2,12.2,133.33,-17.37,"[20.79, 16.77]","[45, 12]",0.9,67.0,449
TARC.NS,TARC Limited,Real Estate,Real Estate,Real Estate,False,Cash,1,Stage 4,Stage 4,Stage 4 - Weak/Declining,0.72,Price is below long-term support with weak trend evidence.,,,,,5.65,15.65,71733049.64,0.41,0.37,0.32,True,True,"Stage 4, Stage 4 - Weak/Declining, weekly_vcp_ok, volume_dryup, weekly_volume_dryup, weekly_strong, downtrend",watchlist,11.2,12.2,136.49,-7.3,"[19.17, 16.9]","[10, 23]",0.9,39.0,450
BATAINDIA.NS,Bata India Limited,Consumer Cyclical,Consumer Cyclical,Consumer Cyclical,False,Cash,1,Stage 4,Stage 4,Stage 4 - Weak/Declining,0.72,Price is below long-term support with weak trend evidence.,,,,,-1.19,1.86,98525349.21,0.55,0.52,0.27,True,True,"Stage 4, Stage 4 - Weak/Declining, weekly_vcp_ok, volume_dryup, weekly_volume_dryup, weekly_strong, downtrend",watchlist,11.14,12.14,743.76,-16.01,"[16.43, 17.23]","[33, 14]",0.9,55.0,451
BEL.NS,Bharat Electronics Limited,Aerospace & Defense,Industrials,Industrials,True,F&O,1,Stage 1,Stage 1,Stage 1 - Unclear/Repair,0.58,Not enough evidence for Stage 2 or Stage 4; classified as repair/unclear structure.,,,,,-1.89,-6.18,3698599840.99,0.88,1.26,0.73,False,True,"Stage 1, Stage 1 - Unclear/Repair, weekly_vcp_ok, weekly_volume_dryup, weekly_strong, stage1_not_actionable, stage1_needs_more_base",watchlist,7.13,12.13,434.41,-11.26,"[10.09, 11.1, 8.15]","[21, 17, 6]",0.55,93.0,452
TIPSMUSIC.NS,Tips Music Limited,Communication Services,Communication Services,Communication Services,False,Cash,1,Stage 3,Stage 3,Stage 3 - Distribution/Damage,0.76,"Prior strength exists, but short-term and/or weekly structure is deteriorating.",,,2026-08-18,,2.19,26.64,157209847.74,0.46,0.94,0.39,True,True,"Stage 3, Stage 3 - Distribution/Damage, volume_dryup, weekly_volume_dryup, distribution_risk",watchlist,9.56,12.06,742.3,-11.44,"[10.87, 11.58]","[14, 42]",0.1,63.0,453
POLICYBZR.NS,PB Fintech Limited,Financial Services,Financial Services,Financial Services,True,F&O,1,Stage 2 Failed,Stage 4,Failed Stage 2,0.72,"This stock was recently Stage 2, but the latest structure no longer satisfies Stage 2 rules. It is kept as Stage 2 Failed until a fresh base/repair structure forms.",Recent Stage 2 break; public stage held as Stage 2 Failed.,2026-09-28,2026-09-23,,-26.45,-17.06,6773101543.05,3.43,3.08,6.49,False,False,"Stage 4, Stage 4 - Weak/Declining, weekly_vcp_ok, weekly_strong, downtrend | Stage 2 failed state applied from stage memory.",watchlist,11.97,11.97,1850.23,-37.78,"[19.9, 9.69, 7.39]","[14, 9, 6]",0.95,47.0,454
JBMA.NS,JBM Auto Limited,Auto Parts,Consumer Cyclical,Consumer Cyclical,False,Cash,1,Stage 4,Stage 4,Stage 4 - Weak/Declining,0.72,Price is below long-term support with weak trend evidence.,,,2026-08-06,,-14.61,4.06,156302300.72,0.45,0.19,0.51,True,True,"Stage 4, Stage 4 - Weak/Declining, volume_dryup, weekly_volume_dryup, downtrend",watchlist,9.45,11.95,688.05,-17.0,"[12.95, 10.87]","[24, 14]",0.9,42.0,455
MGL.NS,Mahanagar Gas Limited,Utilities,Utilities,Utilities,False,Cash,1,Stage 2 Failed,Stage 4,Failed Stage 2,0.72,"This stock was recently Stage 2, but the latest structure no longer satisfies Stage 2 rules. It is kept as Stage 2 Failed until a fresh base/repair structure forms.",Recent Stage 2 break; public stage held as Stage 2 Failed.,2026-09-28,2026-09-23,,-1.68,15.21,145027290.2,0.5,0.64,0.63,True,True,"Stage 4, Stage 4 - Weak/Declining, weekly_vcp_ok, volume_dryup, weekly_volume_dryup, weekly_strong, downtrend | Stage 2 failed state applied from stage memory.",watchlist,11.93,11.93,1173.2,-10.6,"[14.98, 8.46]","[23, 22]",0.9,51.0,456
LGBBROSLTD.NS,LG Balakrishnan & Bros Limited,Auto Parts,Consumer Cyclical,Consumer Cyclical,False,Cash,1,Stage 1,Stage 1,Stage 1 - Early Turn,0.66,The stock is improving from a repair/base area but has not confirmed a clean Stage 2 yet.,,,2026-09-03,,13.84,4.97,43320196.08,0.95,1.14,0.85,False,True,"Stage 1, Stage 1 - Early Turn, weekly_volume_dryup, stage1_not_actionable, stage1_needs_more_base",watchlist,9.43,11.93,1819.68,-4.9,"[20.78, 7.68, 4.51]","[43, 22, 9]",0.95,112.0,457
AVANTIFEED.NS,Avanti Feeds Limited,Packaged Foods,Consumer Defensive,Consumer Defensive,False,Cash,1,Stage 4,Stage 4,Stage 4 - Weak/Declining,0.72,Price is below long-term support with weak trend evidence.,,,2026-06-03,,-15.74,-35.97,217985952.23,0.63,0.54,0.55,True,True,"Stage 4, Stage 4 - Weak/Declining, volume_dryup, weekly_volume_dryup, downtrend",watchlist,11.91,11.91,1081.45,-31.43,"[43.15, 21.12]","[56, 18]",0.9,81.0,458
NLCINDIA.NS,NLC India Limited,Utilities,Utilities,Utilities,False,Cash,1,Stage 4,Stage 4,Stage 4 - Weak/Declining,0.72,Price is below long-term support with weak trend evidence.,,,2026-07-17,,-13.33,-5.52,388278004.73,0.81,0.48,0.48,True,True,"Stage 4, Stage 4 - Weak/Declining, volume_dryup, weekly_volume_dryup, downtrend",watchlist,11.88,11.88,362.29,-29.15,"[21.33, 14.95, 14.43, 9.92]","[20, 24, 8, 5]",1.0,89.0,459
PARAGMILK.NS,Parag Milk Foods Limited,Packaged Foods,Consumer Defensive,Consumer Defensive,False,Cash,1,Stage 2 Failed,Stage 1,Failed Stage 2,0.72,"This stock was recently Stage 2, but the latest structure no longer satisfies Stage 2 rules. It is kept as Stage 2 Failed until a fresh base/repair structure forms.",Recent Stage 2 break; public stage held as Stage 2 Failed.,2026-09-28,2026-09-22,,23.12,44.93,554322305.37,1.71,1.21,2.03,False,False,"Stage 1, Stage 1 - Early Turn, stage1_not_actionable, stage1_needs_more_base | Stage 2 failed state applied from stage memory.",watchlist,11.68,11.68,263.19,4.47,"[13.18, 13.55]","[21, 9]",0.9,37.0,460
HIKAL.NS,Hikal Limited,Drug Manufacturers - Specialty & Generic,Healthcare,Healthcare,False,Cash,1,Stage 2 Failed,Stage 1,Failed Stage 2,0.72,"This stock was recently Stage 2, but the latest structure no longer satisfies Stage 2 rules. It is kept as Stage 2 Failed until a fresh base/repair structure forms.",Recent Stage 2 break; public stage held as Stage 2 Failed.,2026-09-28,2026-09-23,,-1.14,32.2,900786100.81,0.53,0.24,0.57,True,True,"Stage 1, Stage 1 - Base/Repair, stage1_base_ready, volume_dryup, weekly_volume_dryup, stage1_not_actionable | Stage 2 failed state applied from stage memory.",watchlist,6.68,11.68,257.45,-18.9,"[17.72, 18.72, 20.69]","[9, 17, 7]",0.15,47.0,461
RAILTEL.NS,Railtel Corporation Of India Limited,Telecom Services,Communication Services,Communication Services,False,Cash,1,Stage 4,Stage 4,Stage 4 - Confirmed Downtrend,0.86,Price is below a bearish moving-average stack with falling trend signals.,,,,,-13.39,-0.12,130127521.1,0.74,0.48,0.59,True,True,"Stage 4, Stage 4 - Confirmed Downtrend, weekly_vcp_ok, volume_dryup, weekly_volume_dryup, weekly_strong, downtrend",watchlist,11.65,11.65,329.06,-22.16,"[16.72, 16.14, 16.67]","[25, 43, 20]",0.95,94.0,462
TATACHEM.NS,Tata Chemicals Limited,Chemicals,Basic Materials,Basic Materials,False,Cash,1,Stage 4,Stage 4,Stage 4 - Confirmed Downtrend,0.86,Price is below a bearish moving-average stack with falling trend signals.,,,,,-1.76,2.17,2532233834.42,3.69,0.93,0.8,False,True,"Stage 4, Stage 4 - Confirmed Downtrend, weekly_vcp_ok, weekly_volume_dryup, weekly_strong, downtrend",watchlist,9.14,11.64,833.46,-23.04,"[15.3, 13.55, 11.08]","[12, 9, 10]",0.95,96.0,463
RECLTD.NS,REC Limited,Credit Services,Financial Services,Financial Services,True,F&O,1,Stage 4,Stage 4,Stage 4 - Confirmed Downtrend,0.86,Price is below a bearish moving-average stack with falling trend signals.,,,2026-08-07,,-11.53,-2.88,1372548577.25,0.91,1.32,1.02,False,False,"Stage 4, Stage 4 - Confirmed Downtrend, weekly_vcp_ok, weekly_strong, downtrend",watchlist,10.37,11.37,375.67,-19.28,"[17.15, 15.3]","[30, 43]",0.9,96.0,464
GICRE.NS,General Insurance Corporation of India,Financial Services,Financial Services,Financial Services,False,Cash,1,Stage 4,Stage 4,Stage 4 - Weak/Declining,0.72,Price is below long-term support with weak trend evidence.,,,2026-06-15,,0.2,-7.39,341479226.38,0.59,0.48,0.48,True,True,"Stage 4, Stage 4 - Weak/Declining, volume_dryup, weekly_volume_dryup, downtrend",watchlist,11.32,11.32,363.08,-9.3,"[13.76, 4.79]","[15, 7]",0.9,57.0,465
MAHLIFE.NS,Mahindra Lifespace Developers Limited,Real Estate,Real Estate,Real Estate,False,Cash,1,Stage 3,Stage 3,Stage 3 - Distribution/Damage,0.76,"Prior strength exists, but short-term and/or weekly structure is deteriorating.",,,2026-08-31,,3.59,17.0,32584184.09,0.51,1.28,0.49,True,True,"Stage 3, Stage 3 - Distribution/Damage, volume_dryup, weekly_volume_dryup, distribution_risk",watchlist,10.3,11.3,408.71,-11.16,"[11.26, 8.56, 8.49, 9.12]","[11, 13, 9, 5]",0.73,114.0,466
CHOLAHLDNG.NS,Cholamandalam Financial Holdings Limited,Credit Services,Financial Services,Financial Services,False,Cash,1,Stage 4,Stage 4,Stage 4 - Confirmed Downtrend,0.86,Price is below a bearish moving-average stack with falling trend signals.,,,,,-12.41,1.87,230165036.81,1.26,1.29,1.46,False,False,"Stage 4, Stage 4 - Confirmed Downtrend, weekly_vcp_ok, downtrend",watchlist,10.28,11.28,1723.05,-19.31,"[22.75, 13.44, 13.33]","[20, 14, 18]",0.95,82.0,467
NUVOCO.NS,Nuvoco Vistas Corporation Limited,Building Materials,Basic Materials,Basic Materials,False,Cash,1,Stage 4,Stage 4,Stage 4 - Weak/Declining,0.72,Price is below long-term support with weak trend evidence.,,,,,8.29,13.51,134742947.57,0.67,0.66,0.58,True,True,"Stage 4, Stage 4 - Weak/Declining, weekly_vcp_ok, volume_dryup, weekly_volume_dryup, weekly_strong, downtrend",watchlist,11.26,11.26,357.6,-8.88,"[22.04, 13.2]","[34, 8]",0.9,45.0,468
TECHNOE.NS,Techno Electric & Engineering Company Limited,Engineering & Construction,Industrials,Industrials,False,Cash,1,Stage 4,Stage 4,Stage 4 - Weak/Declining,0.72,Price is below long-term support with weak trend evidence.,,,,,-3.85,-3.5,128728094.17,0.79,0.66,0.5,True,True,"Stage 4, Stage 4 - Weak/Declining, volume_dryup, weekly_volume_dryup, downtrend",watchlist,11.22,11.22,1108.9,-11.46,"[28.93, 14.25, 9.48]","[13, 33, 13]",0.95,82.0,469
ABREL.NS,Aditya Birla Real Estate Limited,Real Estate Services,Real Estate,Real Estate,False,Cash,1,Stage 4,Stage 4,Stage 4 - Weak/Declining,0.72,Price is below long-term support with weak trend evidence.,,,,,-11.08,6.54,206125808.9,1.2,1.75,1.62,False,False,"Stage 4, Stage 4 - Weak/Declining, weekly_vcp_ok, weekly_strong, downtrend",watchlist,10.19,11.19,1486.0,-19.82,"[27.72, 7.23]","[25, 5]",0.9,56.0,470
EMBDL.NS,Embassy Developments Limited,Real Estate,Real Estate,Real Estate,False,Cash,1,Stage 4,Stage 4,Stage 4 - Weak/Declining,0.72,Price is below long-term support with weak trend evidence.,,,,,-6.82,31.06,157505301.51,1.26,0.56,1.25,False,False,"Stage 4, Stage 4 - Weak/Declining, weekly_vcp_ok, weekly_strong, downtrend",watchlist,10.12,11.12,69.72,-19.64,"[27.13, 11.04]","[14, 37]",0.9,60.0,471
SOBHA.NS,Sobha Limited,Real Estate,Real Estate,Real Estate,False,Cash,1,Stage 4,Stage 4,Stage 4 - Confirmed Downtrend,0.86,Price is below a bearish moving-average stack with falling trend signals.,,,,,-9.6,8.04,92626095.04,0.51,0.65,0.45,True,True,"Stage 4, Stage 4 - Confirmed Downtrend, weekly_vcp_ok, volume_dryup, weekly_volume_dryup, weekly_strong, downtrend",watchlist,10.1,11.1,1392.43,-12.48,"[14.32, 12.75, 6.11]","[9, 11, 6]",0.95,40.0,472
TIMKEN.NS,Timken India Limited,Tools & Accessories,Industrials,Industrials,False,Cash,1,Stage 1,Stage 1,Stage 1 - Base/Repair,0.7,Price is near long-term moving averages with no strong long-term downtrend signal.,,,2026-07-06,,-3.8,-2.66,119275330.87,1.18,0.52,0.88,False,True,"Stage 1, Stage 1 - Base/Repair, weekly_volume_dryup, stage1_not_actionable, stage1_needs_more_base",watchlist,10.07,11.07,3396.33,-6.35,"[18.23, 9.46]","[34, 11]",0.9,55.0,473
HCLTECH.NS,HCL Technologies Limited,Information Technology Services,Technology,Technology,True,F&O,1,Stage 4,Stage 4,Stage 4 - Weak/Declining,0.72,Price is below long-term support with weak trend evidence.,,,,,22.48,-5.77,2915326332.63,1.04,1.06,0.84,False,True,"Stage 4, Stage 4 - Weak/Declining, weekly_volume_dryup, downtrend",watchlist,11.02,11.02,1379.8,-9.22,"[23.76, 18.06, 12.6]","[21, 21, 8]",0.95,107.0,474
CENTRALBK.NS,Central Bank of India,Banks - Regional,Financial Services,Financial Services,False,Cash,1,Stage 4,Stage 4,Stage 4 - Confirmed Downtrend,0.86,Price is below a bearish moving-average stack with falling trend signals.,,,,,-0.92,-4.35,216037820.79,1.48,0.63,0.53,False,True,"Stage 4, Stage 4 - Confirmed Downtrend, weekly_vcp_ok, weekly_volume_dryup, weekly_strong, downtrend",watchlist,10.0,11.0,34.48,-11.28,"[19.65, 9.77, 8.35, 5.8]","[29, 15, 5, 20]",1.0,95.0,475
SKFINDIA.NS,SKF India Limited,Tools & Accessories,Industrials,Industrials,False,Cash,1,Stage 4,Stage 4,Stage 4 - Confirmed Downtrend,0.86,Price is below a bearish moving-average stack with falling trend signals.,,,,,-2.59,3.21,74578266.52,0.83,0.6,0.45,True,True,"Stage 4, Stage 4 - Confirmed Downtrend, weekly_vcp_ok, volume_dryup, weekly_volume_dryup, downtrend",watchlist,10.0,11.0,1719.9,-12.1,"[13.76, 13.33]","[27, 24]",0.9,67.0,476
MARUTI.NS,Maruti Suzuki India Limited,Auto Manufacturers,Consumer Cyclical,Consumer Cyclical,True,F&O,1,Stage 4,Stage 4,Stage 4 - Confirmed Downtrend,0.86,Price is below a bearish moving-average stack with falling trend signals.,,,,,-10.36,-1.72,4783041211.95,0.91,0.89,0.79,False,True,"Stage 4, Stage 4 - Confirmed Downtrend, weekly_volume_dryup, downtrend",watchlist,8.49,10.99,14452.85,-16.92,"[8.75, 5.47]","[12, 29]",0.9,59.0,477
CDSL.NS,Central Depository Services (India) Limited,Capital Markets,Financial Services,Financial Services,True,F&O,1,Stage 2 Failed,Stage 4,Failed Stage 2,0.72,"This stock was recently Stage 2, but the latest structure no longer satisfies Stage 2 rules. It is kept as Stage 2 Failed until a fresh base/repair structure forms.",Recent Stage 2 break; public stage held as Stage 2 Failed.,2026-09-28,2026-09-18,,1.4,11.91,1486978299.27,0.95,0.86,0.78,False,True,"Stage 4, Stage 4 - Weak/Declining, weekly_vcp_ok, weekly_volume_dryup, weekly_strong, downtrend | Stage 2 failed state applied from stage memory.",watchlist,10.98,10.98,1445.0,-10.8,"[17.73, 6.8, 5.73]","[20, 9, 31]",0.95,107.0,478
CEATLTD.NS,CEAT Limited,Auto Parts,Consumer Cyclical,Consumer Cyclical,False,Cash,1,Stage 4,Stage 4,Stage 4 - Weak/Declining,0.72,Price is below long-term support with weak trend evidence.,,,2026-08-05,,-7.97,0.47,181792586.73,0.84,1.17,0.55,True,True,"Stage 4, Stage 4 - Weak/Declining, weekly_vcp_ok, volume_dryup, weekly_volume_dryup, weekly_strong, downtrend",watchlist,8.48,10.98,3831.49,-14.53,"[16.98, 15.26]","[9, 26]",0.9,48.0,479
NESCO.NS,Nesco Limited,Conglomerates,Industrials,Industrials,False,Cash,1,Stage 4,Stage 4,Stage 4 - Weak/Declining,0.72,Price is below long-term support with weak trend evidence.,,,2026-05-25,,3.03,7.07,57166682.72,0.93,2.09,1.06,False,False,"Stage 4, Stage 4 - Weak/Declining, weekly_vcp_ok, weekly_strong, downtrend",watchlist,10.96,10.96,1140.0,-4.7,"[14.63, 7.31]","[15, 19]",0.9,38.0,480
APOLLOTYRE.NS,Apollo Tyres Limited,Auto Parts,Consumer Cyclical,Consumer Cyclical,False,Cash,1,Stage 4,Stage 4,Stage 4 - Weak/Declining,0.72,Price is below long-term support with weak trend evidence.,,,,,-9.08,-2.05,259376170.63,1.2,0.54,0.66,False,True,"Stage 4, Stage 4 - Weak/Declining, weekly_vcp_ok, weekly_volume_dryup, weekly_strong, downtrend",watchlist,8.35,10.85,468.22,-16.79,"[6.88, 6.34, 5.64]","[9, 27, 7]",0.95,58.0,481
LTM.NS,LTM Limited,Information Technology Services,Technology,Technology,True,F&O,1,Stage 4,Stage 4,Stage 4 - Weak/Declining,0.72,Price is below long-term support with weak trend evidence.,,,,,16.26,-1.41,1617295265.65,1.02,1.04,1.14,False,False,"Stage 4, Stage 4 - Weak/Declining, weekly_vcp_ok, weekly_strong, downtrend",watchlist,10.74,10.74,4720.4,-13.33,"[18.33, 19.08, 7.69]","[17, 20, 8]",0.95,67.0,482
VOLTAS.NS,Voltas Limited,"Furnishings, Fixtures & Appliances",Consumer Cyclical,Consumer Cyclical,True,F&O,1,Stage 4,Stage 4,Stage 4 - Confirmed Downtrend,0.86,Price is below a bearish moving-average stack with falling trend signals.,,,,,-6.91,-5.54,746228913.16,0.86,1.11,0.99,False,False,"Stage 4, Stage 4 - Confirmed Downtrend, weekly_vcp_ok, weekly_strong, downtrend",watchlist,10.7,10.7,1405.46,-19.21,"[22.06, 11.68, 7.98]","[13, 12, 6]",0.95,62.0,483
POWERMECH.NS,Power Mech Projects Limited,Engineering & Construction,Industrials,Industrials,False,Cash,1,Stage 4,Stage 4,Stage 4,0.66,Declining structure detected.,,,2026-07-29,,-8.53,27.21,106911464.16,0.57,0.52,0.42,True,True,"Stage 4, Stage 4, volume_dryup, weekly_volume_dryup, downtrend",watchlist,10.69,10.69,2603.04,-9.17,"[16.53, 11.83]","[19, 12]",0.9,37.0,484
BANDHANBNK.NS,Bandhan Bank Limited,Banks - Regional,Financial Services,Financial Services,True,F&O,1,Stage 1,Stage 1,Stage 1 - Base/Repair,0.7,Price is near long-term moving averages with no strong long-term downtrend signal.,,,2026-07-21,,-5.88,27.01,2281002498.74,1.14,0.86,1.45,False,False,"Stage 1, Stage 1 - Base/Repair, stage1_not_actionable, stage1_needs_more_base",watchlist,9.69,10.69,181.06,-0.03,"[26.64, 9.36]","[7, 18]",0.9,35.0,485
HINDZINC.NS,Hindustan Zinc Limited,Basic Materials,Basic Materials,Basic Materials,True,F&O,1,Stage 2 Failed,Stage 1,Failed Stage 2,0.72,"This stock was recently Stage 2, but the latest structure no longer satisfies Stage 2 rules. It is kept as Stage 2 Failed until a fresh base/repair structure forms.",Recent Stage 2 break; public stage held as Stage 2 Failed.,2026-09-28,2026-09-25,,13.48,15.39,2512613690.43,0.71,0.67,0.69,True,True,"Stage 1, Stage 1 - Base/Repair, weekly_vcp_ok, volume_dryup, weekly_volume_dryup, weekly_strong, stage1_not_actionable, stage1_needs_more_base | Stage 2 failed state applied from stage memory.",watchlist,10.67,10.67,661.0,-13.31,"[24.08, 9.8, 11.25]","[46, 7, 14]",0.55,88.0,486
CONCOR.NS,Container Corporation of India Limited,Industrials,Industrials,Industrials,True,F&O,1,Stage 2 Failed,Stage 4,Failed Stage 2,0.72,"This stock was recently Stage 2, but the latest structure no longer satisfies Stage 2 rules. It is kept as Stage 2 Failed until a fresh base/repair structure forms.",Recent Stage 2 break; public stage held as Stage 2 Failed.,2026-09-28,2026-09-18,,-0.17,5.22,558280909.21,0.8,0.74,1.02,True,False,"Stage 4, Stage 4 - Weak/Declining, weekly_vcp_ok, volume_dryup, weekly_strong, downtrend | Stage 2 failed state applied from stage memory.",watchlist,10.67,10.67,543.57,-17.21,"[18.54, 9.32]","[24, 9]",0.9,79.0,487
FIEMIND.NS,Fiem Industries Limited,Auto Parts,Consumer Cyclical,Consumer Cyclical,False,Cash,1,Stage 4,Stage 4,Stage 4 - Weak/Declining,0.72,Price is below long-term support with weak trend evidence.,,,2026-08-17,,-8.27,0.95,118082440.27,0.74,0.56,0.7,True,True,"Stage 4, Stage 4 - Weak/Declining, weekly_vcp_ok, volume_dryup, weekly_volume_dryup, weekly_strong, downtrend",watchlist,8.15,10.65,2679.48,-28.12,"[10.54, 10.97]","[8, 16]",0.9,43.0,488
JSWENERGY.NS,JSW Energy Limited,Utilities,Utilities,Utilities,True,F&O,1,Stage 4,Stage 4,Stage 4 - Weak/Declining,0.72,Price is below long-term support with weak trend evidence.,,,2026-08-27,,-7.34,3.39,929326427.28,0.94,0.86,0.84,False,True,"Stage 4, Stage 4 - Weak/Declining, weekly_vcp_ok, weekly_volume_dryup, weekly_strong, downtrend",watchlist,10.64,10.64,616.33,-19.69,"[13.74, 10.88, 10.22, 10.73]","[12, 9, 7, 30]",1.0,91.0,489
IGL.NS,Indraprastha Gas Limited,Utilities,Utilities,Utilities,False,Cash,1,Stage 4,Stage 4,Stage 4 - Confirmed Downtrend,0.86,Price is below a bearish moving-average stack with falling trend signals.,,,,,-2.83,0.3,230867589.56,0.85,0.56,0.79,False,True,"Stage 4, Stage 4 - Confirmed Downtrend, weekly_volume_dryup, downtrend",watchlist,10.58,10.58,175.91,-18.46,"[12.94, 7.25, 6.71]","[7, 6, 17]",0.95,80.0,490
VBL.NS,Varun Beverages Limited,Consumer Defensive,Consumer Defensive,Consumer Defensive,True,F&O,1,Stage 4,Stage 4,Stage 4 - Confirmed Downtrend,0.86,Price is below a bearish moving-average stack with falling trend signals.,,,2026-07-10,,-10.59,9.13,2200306284.26,0.73,0.76,0.75,True,True,"Stage 4, Stage 4 - Confirmed Downtrend, volume_dryup, weekly_volume_dryup, downtrend",watchlist,10.45,10.45,470.3,-8.57,"[23.89, 11.54]","[29, 10]",0.9,60.0,491
IFCI.NS,IFCI Limited,Credit Services,Financial Services,Financial Services,False,Cash,1,Stage 2 Failed,Stage 1,Failed Stage 2,0.72,"This stock was recently Stage 2, but the latest structure no longer satisfies Stage 2 rules. It is kept as Stage 2 Failed until a fresh base/repair structure forms.",Recent Stage 2 break; public stage held as Stage 2 Failed.,2026-09-28,2026-09-23,,-3.04,36.79,11658591780.54,1.11,0.33,0.84,False,True,"Stage 1, Stage 1 - Base/Repair, weekly_volume_dryup, stage1_not_actionable, stage1_needs_more_base | Stage 2 failed state applied from stage memory.",watchlist,9.45,10.45,107.69,-34.49,"[14.43, 8.19]","[12, 7]",0.9,23.0,492
PFIZER.NS,Pfizer Limited,Drug Manufacturers - General,Healthcare,Healthcare,False,Cash,1,Stage 4,Stage 4,Stage 4 - Confirmed Downtrend,0.86,Price is below a bearish moving-average stack with falling trend signals.,,,2026-08-28,,-4.06,-14.65,215867858.85,0.47,0.35,0.33,True,True,"Stage 4, Stage 4 - Confirmed Downtrend, weekly_vcp_ok, volume_dryup, weekly_volume_dryup, weekly_strong, downtrend",watchlist,7.95,10.45,5038.8,-21.25,"[12.68, 7.39]","[14, 15]",0.9,30.0,493
MPHASIS.NS,MphasiS Limited,Information Technology Services,Technology,Technology,True,F&O,1,Stage 4,Stage 4,Stage 4 - Weak/Declining,0.72,Price is below long-term support with weak trend evidence.,,,,,7.43,6.22,934045502.64,0.79,0.8,0.56,True,True,"Stage 4, Stage 4 - Weak/Declining, weekly_vcp_ok, volume_dryup, weekly_volume_dryup, weekly_strong, downtrend",watchlist,10.41,10.41,2556.9,-12.49,"[16.76, 12.73]","[22, 21]",0.9,54.0,494
IRCON.NS,Ircon International Limited,Engineering & Construction,Industrials,Industrials,False,Cash,1,Stage 4,Stage 4,Stage 4 - Confirmed Downtrend,0.86,Price is below a bearish moving-average stack with falling trend signals.,,,,,-17.66,-14.58,179716150.78,1.47,1.32,1.48,False,False,"Stage 4, Stage 4 - Confirmed Downtrend, weekly_vcp_ok, weekly_strong, downtrend",watchlist,10.4,10.4,136.82,-24.54,"[20.92, 13.57, 9.02]","[25, 26, 6]",0.95,70.0,495
AWL.NS,AWL Agri Business Limited,Packaged Foods,Consumer Defensive,Consumer Defensive,False,Cash,1,Stage 4,Stage 4,Stage 4 - Weak/Declining,0.72,Price is below long-term support with weak trend evidence.,,,,,3.31,1.11,305350338.71,0.59,0.25,0.57,True,True,"Stage 4, Stage 4 - Weak/Declining, weekly_vcp_ok, volume_dryup, weekly_volume_dryup, weekly_strong, downtrend",watchlist,10.39,10.39,205.18,-11.95,"[9.31, 7.22]","[9, 8]",0.9,46.0,496
MSUMI.NS,Motherson Sumi Wiring India Limited,Auto Parts,Consumer Cyclical,Consumer Cyclical,False,Cash,1,Stage 4,Stage 4,Stage 4 - Confirmed Downtrend,0.86,Price is below a bearish moving-average stack with falling trend signals.,,,,,-9.76,-2.5,390277060.97,1.42,1.42,1.2,False,False,"Stage 4, Stage 4 - Confirmed Downtrend, weekly_vcp_ok, weekly_strong, downtrend",watchlist,7.89,10.39,42.07,-17.29,"[16.39, 6.82]","[25, 8]",0.9,48.0,497
HINDALCO.NS,Hindalco Industries Limited,Basic Materials,Basic Materials,Basic Materials,True,F&O,1,Stage 2 Failed,Stage 1,Failed Stage 2,0.72,"This stock was recently Stage 2, but the latest structure no longer satisfies Stage 2 rules. It is kept as Stage 2 Failed until a fresh base/repair structure forms.",Recent Stage 2 break; public stage held as Stage 2 Failed.,2026-09-28,2026-09-23,,6.34,7.13,3153310098.62,0.97,1.05,0.93,False,False,"Stage 1, Stage 1 - Base/Repair, stage1_not_actionable, stage1_needs_more_base | Stage 2 failed state applied from stage memory.",watchlist,10.28,10.28,1089.85,-12.29,"[20.28, 6.3]","[23, 10]",0.9,42.0,498
IMAGICAA.NS,Imagicaaworld Entertainment Limited,Communication Services,Communication Services,Communication Services,False,Cash,1,Stage 2,Stage 2,Early Stage 2,0.72,"Price has moved above long-term structure, but the full moving-average stack is not clean yet.",,,2026-09-25,,11.49,28.25,47544429.69,0.52,0.14,0.31,True,True,"Stage 2, Early Stage 2, weekly_vcp_ok, volume_dryup, weekly_volume_dryup, weekly_strong",watchlist,7.78,10.28,62.11,-17.42,[20.56],[13],0.0,13.0,499
SANOFICONR.NS,Sanofi Consumer Healthcare India Limited,Drug Manufacturers - General,Healthcare,Healthcare,False,Cash,1,Stage 4,Stage 4,Stage 4 - Weak/Declining,0.72,Price is below long-term support with weak trend evidence.,,,2026-07-29,,-8.6,-8.73,19368218.44,0.58,2.02,0.58,True,True,"Stage 4, Stage 4 - Weak/Declining, weekly_vcp_ok, volume_dryup, weekly_volume_dryup, weekly_strong, downtrend",watchlist,7.77,10.27,4935.62,-19.44,"[7.28, 4.8]","[29, 24]",0.9,60.0,500
RAMCOCEM.NS,The Ramco Cements Limited,Building Materials,Basic Materials,Basic Materials,False,Cash,1,Stage 4,Stage 4,Stage 4 - Confirmed Downtrend,0.86,Price is below a bearish moving-average stack with falling trend signals.,,,,,-3.56,-7.55,175172219.94,0.88,0.29,0.83,False,True,"Stage 4, Stage 4 - Confirmed Downtrend, weekly_vcp_ok, weekly_volume_dryup, weekly_strong, downtrend",watchlist,10.26,10.26,988.33,-14.13,"[11.5, 11.66, 6.31]","[11, 12, 17]",0.95,71.0,501
DABUR.NS,Dabur India Limited,Household & Personal Products,Consumer Defensive,Consumer Defensive,True,F&O,1,Stage 4,Stage 4,Stage 4 - Confirmed Downtrend,0.86,Price is below a bearish moving-average stack with falling trend signals.,,,,,-7.48,-4.09,800754463.52,1.24,1.51,0.73,False,True,"Stage 4, Stage 4 - Confirmed Downtrend, weekly_volume_dryup, downtrend",watchlist,10.24,10.24,450.95,-14.46,"[15.47, 15.97]","[19, 31]",0.9,88.0,502
NEWGEN.NS,Newgen Software Technologies Limited,Software - Infrastructure,Technology,Technology,False,Cash,1,Stage 4,Stage 4,Stage 4 - Weak/Declining,0.72,Price is below long-term support with weak trend evidence.,,,,,4.86,11.2,331811415.35,0.42,0.33,0.3,True,True,"Stage 4, Stage 4 - Weak/Declining, weekly_vcp_ok, volume_dryup, weekly_volume_dryup, weekly_strong, downtrend",watchlist,9.18,10.18,576.91,-17.77,"[17.2, 11.41]","[9, 15]",0.9,27.0,503
NAVA.NS,NAVA LIMITED,Conglomerates,Industrials,Industrials,False,Cash,1,Stage 4,Stage 4,Stage 4 - Weak/Declining,0.72,Price is below long-term support with weak trend evidence.,,,2026-06-04,,-5.86,0.83,124469829.11,1.05,1.03,0.98,False,False,"Stage 4, Stage 4 - Weak/Declining, weekly_vcp_ok, weekly_strong, downtrend",watchlist,10.11,10.11,634.99,-13.86,"[23.73, 12.93, 8.91, 8.95]","[23, 16, 5, 12]",1.0,91.0,504
CAMPUS.NS,Campus Activewear Limited,Consumer Cyclical,Consumer Cyclical,Consumer Cyclical,False,Cash,1,Stage 4,Stage 4,Stage 4 - Confirmed Downtrend,0.86,Price is below a bearish moving-average stack with falling trend signals.,,,,,-4.16,-5.36,71740215.52,0.61,0.77,0.46,True,True,"Stage 4, Stage 4 - Confirmed Downtrend, volume_dryup, weekly_volume_dryup, downtrend",watchlist,9.11,10.11,258.73,-18.43,"[10.93, 11.44, 12.5, 7.6]","[24, 12, 25, 9]",0.73,89.0,505
VIPIND.NS,VIP Industries Limited,Consumer Cyclical,Consumer Cyclical,Consumer Cyclical,False,Cash,1,Stage 4,Stage 4,Stage 4 - Weak/Declining,0.72,Price is below long-term support with weak trend evidence.,,,,,-0.53,-4.16,100417600.1,1.14,0.3,0.72,False,True,"Stage 4, Stage 4 - Weak/Declining, weekly_vcp_ok, weekly_volume_dryup, weekly_strong, downtrend",watchlist,9.1,10.1,345.6,-14.28,"[16.32, 16.52, 11.97]","[7, 39, 7]",0.95,94.0,506
MEDIASSIST.NS,Medi Assist Healthcare Services Limited,Healthcare,Healthcare,Healthcare,False,Cash,1,Stage 4,Stage 4,Stage 4 - Confirmed Downtrend,0.86,Price is below a bearish moving-average stack with falling trend signals.,,,,,-12.53,-0.09,85316966.75,1.66,0.89,2.21,False,False,"Stage 4, Stage 4 - Confirmed Downtrend, weekly_vcp_ok, weekly_strong, downtrend",watchlist,9.1,10.1,381.62,-19.36,"[14.92, 15.64, 12.88]","[9, 19, 15]",0.95,69.0,507
INTELLECT.NS,Intellect Design Arena Limited,Software - Application,Technology,Technology,False,Cash,1,Stage 4,Stage 4,Stage 4 - Confirmed Downtrend,0.86,Price is below a bearish moving-average stack with falling trend signals.,,,,,-10.48,-0.82,215054503.67,0.78,0.7,0.85,True,True,"Stage 4, Stage 4 - Confirmed Downtrend, weekly_vcp_ok, volume_dryup, weekly_volume_dryup, weekly_strong, downtrend",watchlist,7.54,10.04,765.74,-17.52,"[13.35, 11.89]","[20, 20]",0.9,41.0,508
INFY.NS,Infosys Limited,Information Technology Services,Technology,Technology,True,F&O,1,Stage 4,Stage 4,Stage 4 - Weak/Declining,0.72,Price is below long-term support with weak trend evidence.,,,,,1.48,-18.95,9100336804.68,0.92,1.03,0.78,False,True,"Stage 4, Stage 4 - Weak/Declining, weekly_vcp_ok, weekly_volume_dryup, weekly_strong, downtrend",watchlist,10.03,10.03,1254.0,-20.0,"[20.91, 21.52, 11.2]","[25, 21, 6]",0.95,109.0,509
SMARTWORKS.NS,Smartworks Coworking Spaces Limited,Real Estate Services,Real Estate,Real Estate,False,Cash,1,Not Sure,Stage 2,Pending Stage 2,0.55,Stage 2 pending confirmation: needs 3 raw Stage 2 runs; current count 1.,Stage 2 pending confirmation: needs 3 raw Stage 2 runs; current count 1.,,,Stage 2,11.46,38.73,39043912.8,0.58,0.42,0.34,True,True,"Stage 2, Early Stage 2, volume_dryup, weekly_volume_dryup | Stage 2 pending confirmation: needs 3 raw Stage 2 runs; current count 1.",watchlist,9.02,10.02,567.9,-9.9,[11.38],[16],0.0,16.0,510
JUBLCPL.NS,Jubilant Agri and Consumer Products Limited,Specialty Chemicals,Basic Materials,Basic Materials,False,Cash,1,Stage 2,Stage 2,Early Stage 2,0.72,"Price has moved above long-term structure, but the full moving-average stack is not clean yet.",,,2026-09-25,,11.81,29.53,23129964.89,0.51,0.41,0.51,True,True,"Stage 2, Early Stage 2, weekly_vcp_ok, volume_dryup, weekly_volume_dryup, weekly_strong",watchlist,7.51,10.01,2374.05,-10.81,[17.16],[11],0.0,11.0,511
SWIGGY.NS,Swiggy Limited,Consumer Cyclical,Consumer Cyclical,Consumer Cyclical,True,F&O,1,Stage 4,Stage 4,Stage 4 - Weak/Declining,0.72,Price is below long-term support with weak trend evidence.,,,,,7.92,-4.77,7217149331.3,0.73,0.53,0.8,True,True,"Stage 4, Stage 4 - Weak/Declining, weekly_vcp_ok, volume_dryup, weekly_volume_dryup, weekly_strong, downtrend",watchlist,8.99,9.99,305.53,-16.21,"[14.81, 11.56, 10.8]","[10, 9, 6]",0.95,39.0,512
M&M.NS,Mahindra & Mahindra Limited,Auto Manufacturers,Consumer Cyclical,Consumer Cyclical,True,F&O,1,Stage 4,Stage 4,Stage 4 - Weak/Declining,0.72,Price is below long-term support with weak trend evidence.,,,,,0.41,2.75,5713408686.41,1.0,1.18,1.0,False,False,"Stage 4, Stage 4 - Weak/Declining, weekly_vcp_ok, weekly_strong, downtrend",watchlist,7.37,9.87,3540.79,-15.41,"[14.67, 4.28]","[25, 6]",0.9,49.0,513
GODIGIT.NS,Go Digit General Insurance Limited,Financial Services,Financial Services,Financial Services,False,Cash,1,Stage 4,Stage 4,Stage 4 - Weak/Declining,0.72,Price is below long-term support with weak trend evidence.,,,,,-10.86,-15.68,210615546.24,1.8,8.57,2.59,False,False,"Stage 4, Stage 4 - Weak/Declining, downtrend",watchlist,9.82,9.82,266.01,-1.04,"[26.66, 13.7]","[21, 10]",0.9,37.0,514
LICI.NS,Life Insurance Corporation Of India,Insurance - Life,Financial Services,Financial Services,True,F&O,1,Stage 4,Stage 4,Stage 4 - Weak/Declining,0.72,Price is below long-term support with weak trend evidence.,,,2026-08-03,,-2.17,13.86,2620941987.4,0.71,0.63,0.72,True,True,"Stage 4, Stage 4 - Weak/Declining, volume_dryup, weekly_volume_dryup, downtrend",watchlist,9.68,9.68,448.38,-10.65,"[9.38, 8.63, 9.73]","[19, 12, 16]",0.55,109.0,515
RHIM.NS,RHI MAGNESITA INDIA LIMITED,Metal Fabrication,Industrials,Industrials,False,Cash,1,Stage 4,Stage 4,Stage 4 - Weak/Declining,0.72,Price is below long-term support with weak trend evidence.,,,,,1.63,9.13,391514474.8,2.34,0.56,4.49,False,False,"Stage 4, Stage 4 - Weak/Declining, weekly_vcp_ok, weekly_strong, downtrend",watchlist,4.65,9.65,384.99,0.42,"[16.55, 6.36]","[17, 5]",0.9,27.0,516
RELIANCE.NS,Reliance Industries Limited,Oil & Gas Refining & Marketing,Energy,Energy,True,F&O,1,Stage 4,Stage 4,Stage 4 - Confirmed Downtrend,0.86,Price is below a bearish moving-average stack with falling trend signals.,,,,,-3.02,-8.65,13587409629.61,1.07,1.29,1.1,False,False,"Stage 4, Stage 4 - Confirmed Downtrend, weekly_vcp_ok, downtrend",watchlist,7.1,9.6,1337.34,-10.45,"[14.55, 5.45]","[27, 12]",0.9,46.0,517
ORIENTCEM.NS,Orient Cement Limited,Building Materials,Basic Materials,Basic Materials,False,Cash,1,Stage 4,Stage 4,Stage 4 - Confirmed Downtrend,0.86,Price is below a bearish moving-average stack with falling trend signals.,,,,,-7.35,-6.36,60533331.46,2.21,1.2,1.04,False,False,"Stage 4, Stage 4 - Confirmed Downtrend, weekly_vcp_ok, weekly_strong, downtrend",watchlist,9.52,9.52,143.99,-17.06,"[13.29, 11.29, 6.09]","[12, 9, 29]",0.95,61.0,518
LTF.NS,L&T Finance Limited,Credit Services,Financial Services,Financial Services,True,F&O,1,Stage 2 Failed,Stage 1,Failed Stage 2,0.72,"This stock was recently Stage 2, but the latest structure no longer satisfies Stage 2 rules. It is kept as Stage 2 Failed until a fresh base/repair structure forms.",Recent Stage 2 break; public stage held as Stage 2 Failed.,2026-09-28,2026-09-22,,-5.81,20.31,1632823493.68,1.42,1.06,2.2,False,False,"Stage 1, Stage 1 - Base/Repair, stage1_not_actionable, stage1_needs_more_base | Stage 2 failed state applied from stage memory.",watchlist,8.52,9.52,327.72,-14.3,"[12.24, 6.81]","[13, 8]",0.9,29.0,519
COROMANDEL.NS,Coromandel International Limited,Agricultural Inputs,Basic Materials,Basic Materials,False,Cash,1,Stage 4,Stage 4,Stage 4 - Weak/Declining,0.72,Price is below long-term support with weak trend evidence.,,,,,-0.15,3.46,211242119.9,1.1,0.44,1.1,False,False,"Stage 4, Stage 4 - Weak/Declining, weekly_vcp_ok, weekly_strong, downtrend",watchlist,9.43,9.43,2129.9,-10.84,"[22.36, 8.68, 6.94]","[40, 9, 7]",0.95,74.0,520
NBCC.NS,NBCC (India) Limited,Engineering & Construction,Industrials,Industrials,True,F&O,1,Stage 4,Stage 4,Stage 4 - Confirmed Downtrend,0.86,Price is below a bearish moving-average stack with falling trend signals.,,,2026-07-02,,-16.53,-0.54,359654050.96,0.92,1.08,0.9,False,False,"Stage 4, Stage 4 - Confirmed Downtrend, downtrend",watchlist,9.33,9.33,101.94,-21.32,"[20.07, 17.21]","[26, 29]",0.9,64.0,521
BALUFORGE.NS,Balu Forge Industries Limited,Metal Fabrication,Industrials,Industrials,False,Cash,1,Stage 2 Failed,Not Sure,Failed Stage 2,0.72,"This stock was recently Stage 2, but the latest structure no longer satisfies Stage 2 rules. It is kept as Stage 2 Failed until a fresh base/repair structure forms.",Recent Stage 2 break; public stage held as Stage 2 Failed.,2026-09-28,2026-09-21,,10.44,17.49,554045841.51,0.41,0.17,0.31,True,True,"Not Sure, Not Sure, weekly_vcp_ok, volume_dryup, weekly_volume_dryup, weekly_strong | Stage 2 failed state applied from stage memory.",watchlist,4.29,9.29,650.94,-23.94,[27.69],[12],0.0,12.0,522
AMBUJACEM.NS,Ambuja Cements Limited,Building Materials,Basic Materials,Basic Materials,True,F&O,1,Stage 4,Stage 4,Stage 4 - Confirmed Downtrend,0.86,Price is below a bearish moving-average stack with falling trend signals.,,,,,-7.62,-7.84,444729396.37,0.62,0.98,0.54,True,True,"Stage 4, Stage 4 - Confirmed Downtrend, weekly_vcp_ok, volume_dryup, weekly_volume_dryup, weekly_strong, downtrend",watchlist,9.28,9.28,451.29,-17.05,"[12.38, 6.65]","[11, 14]",0.9,42.0,523
SRF.NS,SRF Limited,Conglomerates,Industrials,Industrials,True,F&O,1,Stage 4,Stage 4,Stage 4 - Confirmed Downtrend,0.86,Price is below a bearish moving-average stack with falling trend signals.,,,,,-5.72,5.57,494865705.42,0.61,0.87,0.3,True,True,"Stage 4, Stage 4 - Confirmed Downtrend, volume_dryup, weekly_volume_dryup, downtrend",watchlist,9.26,9.26,2663.0,-6.44,"[13.98, 7.69]","[15, 9]",0.9,41.0,524
SAFARI.NS,Safari Industries (India) Limited,Consumer Cyclical,Consumer Cyclical,Consumer Cyclical,False,Cash,1,Stage 4,Stage 4,Stage 4 - Confirmed Downtrend,0.86,Price is below a bearish moving-average stack with falling trend signals.,,,,,-5.06,3.93,59221353.6,1.12,0.69,0.83,False,True,"Stage 4, Stage 4 - Confirmed Downtrend, weekly_vcp_ok, weekly_volume_dryup, weekly_strong, downtrend",watchlist,8.2,9.2,1700.81,-14.56,"[17.58, 6.26]","[12, 76]",0.9,89.0,525
KIOCL.NS,KIOCL Limited,Steel,Basic Materials,Basic Materials,False,Cash,1,Not Sure,Stage 4,Pending Stage 4,0.55,Blocked public stage jump Stage 1 -> Stage 4; waiting for intermediate/confirmed structure.,Blocked public stage jump Stage 1 -> Stage 4; waiting for intermediate/confirmed structure.,,,Stage 4,-9.27,-1.16,27647898.98,0.44,0.98,0.35,True,True,"Stage 4, Stage 4 - Weak/Declining, weekly_vcp_ok, volume_dryup, weekly_volume_dryup, weekly_strong, downtrend | Blocked public stage jump Stage 1 -> Stage 4; waiting for intermediate/confirmed structure.",watchlist,4.2,9.2,411.42,-19.55,"[19.52, 18.39]","[26, 11]",0.9,64.0,526
EPIGRAL.NS,Epigral Limited,Chemicals,Basic Materials,Basic Materials,False,Cash,1,Stage 4,Stage 4,Stage 4 - Weak/Declining,0.72,Price is below long-term support with weak trend evidence.,,,,,2.72,22.22,39912670.4,0.33,0.45,0.34,True,True,"Stage 4, Stage 4 - Weak/Declining, weekly_vcp_ok, volume_dryup, weekly_volume_dryup, weekly_strong, downtrend",watchlist,6.69,9.19,1267.01,-18.08,"[30.49, 13.13]","[49, 18]",0.9,77.0,527
APTUS.NS,Aptus Value Housing Finance India Limited,Mortgage Finance,Financial Services,Financial Services,False,Cash,1,Stage 4,Stage 4,Stage 4 - Weak/Declining,0.72,Price is below long-term support with weak trend evidence.,,,2026-07-30,,-12.71,22.45,371956856.67,1.56,0.47,1.63,False,False,"Stage 4, Stage 4 - Weak/Declining, weekly_vcp_ok, weekly_strong, downtrend",watchlist,9.17,9.17,309.54,-23.28,"[14.83, 11.33]","[23, 45]",0.9,72.0,528
UTIAMC.NS,UTI Asset Management Company Limited,Asset Management,Financial Services,Financial Services,False,Cash,1,Stage 4,Stage 4,Stage 4 - Confirmed Downtrend,0.86,Price is below a bearish moving-average stack with falling trend signals.,,,,,3.54,1.08,101724628.26,0.56,0.6,0.45,True,True,"Stage 4, Stage 4 - Confirmed Downtrend, weekly_vcp_ok, volume_dryup, weekly_volume_dryup, weekly_strong, downtrend",watchlist,9.16,9.16,925.57,-3.42,"[12.01, 6.37]","[9, 14]",0.9,36.0,529
COFORGE.NS,Coforge Limited,Information Technology Services,Technology,Technology,True,F&O,1,Stage 2 Failed,Not Sure,Failed Stage 2,0.72,"This stock was recently Stage 2, but the latest structure no longer satisfies Stage 2 rules. It is kept as Stage 2 Failed until a fresh base/repair structure forms.",Recent Stage 2 break; public stage held as Stage 2 Failed.,2026-09-28,2026-09-25,,28.35,48.72,4186421341.52,0.73,0.48,0.43,True,True,"Not Sure, Not Sure, volume_dryup, weekly_volume_dryup | Stage 2 failed state applied from stage memory.",watchlist,9.16,9.16,2024.74,-12.43,[15.05],[12],0.0,12.0,530
AWFIS.NS,Awfis Space Solutions Limited,Industrials,Industrials,Industrials,False,Cash,1,Stage 4,Stage 4,Stage 4 - Confirmed Downtrend,0.86,Price is below a bearish moving-average stack with falling trend signals.,,,,,-13.02,-0.89,484573717.85,1.0,0.32,0.64,False,True,"Stage 4, Stage 4 - Confirmed Downtrend, weekly_vcp_ok, weekly_volume_dryup, weekly_strong, downtrend",watchlist,9.14,9.14,321.9,-22.27,"[33.63, 16.11, 14.23]","[12, 17, 14]",0.95,78.0,531
DELHIVERY.NS,Delhivery Limited,Industrials,Industrials,Industrials,True,F&O,1,Stage 4,Stage 4,Stage 4 - Weak/Declining,0.72,Price is below long-term support with weak trend evidence.,,,2026-09-04,,-14.88,-2.14,993311963.61,1.14,2.23,1.19,False,False,"Stage 4, Stage 4 - Weak/Declining, weekly_vcp_ok, weekly_strong, downtrend",watchlist,9.12,9.12,472.78,-13.81,"[12.57, 10.64]","[10, 17]",0.9,32.0,532
BRITANNIA.NS,Britannia Industries Limited,Packaged Foods,Consumer Defensive,Consumer Defensive,True,F&O,1,Stage 4,Stage 4,Stage 4 - Confirmed Downtrend,0.86,Price is below a bearish moving-average stack with falling trend signals.,,,,,-1.91,-5.92,1144495364.17,0.8,1.24,0.7,True,True,"Stage 4, Stage 4 - Confirmed Downtrend, volume_dryup, weekly_volume_dryup, downtrend",watchlist,9.11,9.11,5699.46,-13.76,"[14.54, 4.52]","[20, 5]",0.9,48.0,533
JSWHL.NS,JSW Holdings Limited,Conglomerates,Industrials,Industrials,False,Cash,1,Stage 4,Stage 4,Stage 4 - Confirmed Downtrend,0.86,Price is below a bearish moving-average stack with falling trend signals.,,,,,-3.52,-4.0,79743179.65,1.65,0.23,0.35,False,True,"Stage 4, Stage 4 - Confirmed Downtrend, weekly_vcp_ok, weekly_volume_dryup, weekly_strong, downtrend",watchlist,9.1,9.1,12477.8,-11.64,"[20.25, 11.21, 11.65]","[28, 13, 10]",0.95,64.0,534
DMART.NS,Avenue Supermarts Limited,Consumer Defensive,Consumer Defensive,Consumer Defensive,True,F&O,1,Stage 4,Stage 4,Stage 4 - Weak/Declining,0.72,Price is below long-term support with weak trend evidence.,,,2026-05-18,,-4.05,-10.55,1480612409.92,1.0,0.82,0.82,False,True,"Stage 4, Stage 4 - Weak/Declining, weekly_volume_dryup, downtrend",watchlist,9.1,9.1,4437.15,-14.28,"[14.84, 12.25, 10.95]","[40, 15, 20]",0.95,105.0,535
BHARTIARTL.NS,Bharti Airtel Limited,Telecom Services,Communication Services,Communication Services,True,F&O,1,Stage 4,Stage 4,Stage 4 - Weak/Declining,0.72,Price is below long-term support with weak trend evidence.,,,2026-08-21,,0.77,2.48,9479461025.31,0.95,0.84,0.72,False,True,"Stage 4, Stage 4 - Weak/Declining, weekly_vcp_ok, weekly_volume_dryup, weekly_strong, downtrend",watchlist,9.05,9.05,2031.0,-12.78,"[9.48, 4.82]","[18, 49]",0.9,75.0,536
CHAMBLFERT.NS,Chambal Fertilizers & Chemicals Limited,Agricultural Inputs,Basic Materials,Basic Materials,False,Cash,1,Stage 4,Stage 4,Stage 4 - Confirmed Downtrend,0.86,Price is below a bearish moving-average stack with falling trend signals.,,,2026-07-03,,-6.0,-4.0,199967488.93,0.92,0.72,0.91,False,False,"Stage 4, Stage 4 - Confirmed Downtrend, downtrend",watchlist,9.02,9.02,477.12,-12.3,"[14.6, 12.73]","[28, 29]",0.9,66.0,537
INOXWIND.NS,Inox Wind Limited,Specialty Industrial Machinery,Industrials,Industrials,True,F&O,1,Stage 4,Stage 4,Stage 4 - Confirmed Downtrend,0.86,Price is below a bearish moving-average stack with falling trend signals.,,,,,-14.86,-7.23,902189434.74,0.8,0.47,0.89,True,True,"Stage 4, Stage 4 - Confirmed Downtrend, weekly_vcp_ok, volume_dryup, weekly_volume_dryup, downtrend",watchlist,3.95,8.95,94.87,-24.1,"[16.49, 18.56, 16.19]","[6, 12, 22]",0.55,83.0,538
UBL.NS,United Breweries Limited,Consumer Defensive,Consumer Defensive,Consumer Defensive,False,Cash,1,Stage 4,Stage 4,Stage 4 - Confirmed Downtrend,0.86,Price is below a bearish moving-average stack with falling trend signals.,,,,,-4.56,-15.18,182804694.44,0.84,0.33,0.72,True,True,"Stage 4, Stage 4 - Confirmed Downtrend, volume_dryup, weekly_volume_dryup, downtrend",watchlist,8.9,8.9,1456.2,-16.4,"[17.34, 4.23]","[31, 17]",0.9,57.0,539
INDIGOPNTS.NS,Indigo Paints Limited,Specialty Chemicals,Basic Materials,Basic Materials,False,Cash,1,Stage 2 Failed,Not Sure,Failed Stage 2,0.72,"This stock was recently Stage 2, but the latest structure no longer satisfies Stage 2 rules. It is kept as Stage 2 Failed until a fresh base/repair structure forms.",Recent Stage 2 break; public stage held as Stage 2 Failed.,2026-09-28,2026-09-25,,8.6,47.48,66752057.62,0.45,0.71,0.39,True,True,"Not Sure, Not Sure, volume_dryup, weekly_volume_dryup | Stage 2 failed state applied from stage memory.",watchlist,6.36,8.86,1209.0,-8.19,[13.38],[6],0.0,6.0,540
ADVENZYMES.NS,Advanced Enzyme Technologies Limited,Specialty Chemicals,Basic Materials,Basic Materials,False,Cash,1,Stage 4,Stage 4,Stage 4 - Weak/Declining,0.72,Price is below long-term support with weak trend evidence.,,,2026-07-13,,-4.17,6.61,61040545.27,0.85,0.83,0.78,True,True,"Stage 4, Stage 4 - Weak/Declining, volume_dryup, weekly_volume_dryup, downtrend",watchlist,6.32,8.82,311.04,-8.97,"[23.13, 12.85]","[5, 19]",0.9,35.0,541
ESCORTS.NS,Escorts Kubota Limited,Farm & Heavy Construction Machinery,Industrials,Industrials,False,Cash,1,Stage 4,Stage 4,Stage 4 - Confirmed Downtrend,0.86,Price is below a bearish moving-average stack with falling trend signals.,,,,,-0.92,-0.28,204361514.82,0.97,1.48,1.21,False,False,"Stage 4, Stage 4 - Confirmed Downtrend, weekly_vcp_ok, weekly_strong, downtrend",watchlist,7.78,8.78,3173.1,-13.63,"[11.26, 4.47]","[5, 13]",0.9,43.0,542
HCG.NS,Healthcare Global Enterprises Limited,Medical Care Facilities,Healthcare,Healthcare,False,Cash,1,Stage 2 Failed,Not Sure,Failed Stage 2,0.72,"This stock was recently Stage 2, but the latest structure no longer satisfies Stage 2 rules. It is kept as Stage 2 Failed until a fresh base/repair structure forms.",Recent Stage 2 break; public stage held as Stage 2 Failed.,2026-09-28,2026-09-22,,11.61,33.24,93917763.36,0.83,0.41,0.42,True,True,"Not Sure, Not Sure, volume_dryup, weekly_volume_dryup | Stage 2 failed state applied from stage memory.",watchlist,7.74,8.74,776.36,-10.97,[16.78],[12],0.0,12.0,543
ADANIENT.NS,Adani Enterprises Limited,Energy,Energy,Energy,True,F&O,1,Stage 2 Failed,Stage 1,Failed Stage 2,0.72,"This stock was recently Stage 2, but the latest structure no longer satisfies Stage 2 rules. It is kept as Stage 2 Failed until a fresh base/repair structure forms.",Recent Stage 2 break; public stage held as Stage 2 Failed.,2026-09-28,2026-09-09,,-5.8,56.68,4207074819.19,0.69,0.74,0.62,True,True,"Stage 1, Stage 1 - Base/Repair, volume_dryup, weekly_volume_dryup, stage1_not_actionable, stage1_needs_more_base | Stage 2 failed state applied from stage memory.",watchlist,6.21,8.71,3245.0,-12.76,[7.45],[63],0.0,63.0,544
ASHOKLEY.NS,Ashok Leyland Limited,Farm & Heavy Construction Machinery,Industrials,Industrials,True,F&O,1,Stage 2 Failed,Stage 1,Failed Stage 2,0.72,"This stock was recently Stage 2, but the latest structure no longer satisfies Stage 2 rules. It is kept as Stage 2 Failed until a fresh base/repair structure forms.",Recent Stage 2 break; public stage held as Stage 2 Failed.,2026-09-28,2026-09-07,,-0.67,8.61,1822057270.26,0.71,1.02,0.59,True,True,"Stage 1, Stage 1 - Base/Repair, weekly_vcp_ok, volume_dryup, weekly_volume_dryup, weekly_strong, stage1_not_actionable, stage1_needs_more_base | Stage 2 failed state applied from stage memory.",watchlist,7.63,8.63,182.7,-15.04,"[13.91, 15.33, 11.91]","[7, 13, 15]",0.55,56.0,545
HUDCO.NS,Housing & Urban Development Corporation Limited,Credit Services,Financial Services,Financial Services,False,Cash,1,Stage 4,Stage 4,Stage 4 - Confirmed Downtrend,0.86,Price is below a bearish moving-average stack with falling trend signals.,,,2026-07-06,,-12.18,4.11,290073157.03,0.95,0.93,0.95,False,False,"Stage 4, Stage 4 - Confirmed Downtrend, weekly_vcp_ok, weekly_strong, downtrend",watchlist,7.61,8.61,203.53,-17.13,"[16.3, 11.98]","[6, 14]",0.9,55.0,546
INDUSTOWER.NS,Indus Towers Limited,Telecom Services,Communication Services,Communication Services,True,F&O,1,Stage 4,Stage 4,Stage 4 - Weak/Declining,0.72,Price is below long-term support with weak trend evidence.,,,2026-05-26,,2.45,-9.82,1561758779.18,0.85,1.48,0.92,False,False,"Stage 4, Stage 4 - Weak/Declining, weekly_vcp_ok, weekly_strong, downtrend",watchlist,8.6,8.6,390.85,-7.89,"[10.48, 5.32]","[11, 11]",0.9,40.0,547
SAPPHIRE.NS,Sapphire Foods India Limited,Consumer Cyclical,Consumer Cyclical,Consumer Cyclical,False,Cash,1,Stage 2 Failed,Not Sure,Failed Stage 2,0.72,"This stock was recently Stage 2, but the latest structure no longer satisfies Stage 2 rules. It is kept as Stage 2 Failed until a fresh base/repair structure forms.",Recent Stage 2 break; public stage held as Stage 2 Failed.,2026-09-28,2026-09-23,,22.3,42.99,153435568.34,0.38,0.42,0.24,True,True,"Not Sure, Not Sure, weekly_vcp_ok, volume_dryup, weekly_volume_dryup, weekly_strong | Stage 2 failed state applied from stage memory.",watchlist,7.5,8.5,259.23,-16.41,[15.25],[12],0.0,12.0,548
DREDGECORP.NS,Dredging Corporation of India Limited,Engineering & Construction,Industrials,Industrials,False,Cash,1,Stage 2 Failed,Stage 1,Failed Stage 2,0.72,"This stock was recently Stage 2, but the latest structure no longer satisfies Stage 2 rules. It is kept as Stage 2 Failed until a fresh base/repair structure forms.",Recent Stage 2 break; public stage held as Stage 2 Failed.,2026-09-28,2026-09-14,,-9.68,13.73,74601399.59,0.5,1.25,0.67,True,True,"Stage 1, Stage 1 - Unclear/Repair, volume_dryup, weekly_volume_dryup, stage1_not_actionable, stage1_needs_more_base | Stage 2 failed state applied from stage memory.",watchlist,8.43,8.43,1206.11,-21.95,"[19.47, 22.39, 11.52]","[6, 23, 7]",0.55,49.0,549
EMAMILTD.NS,Emami Limited,Household & Personal Products,Consumer Defensive,Consumer Defensive,False,Cash,1,Stage 4,Stage 4,Stage 4 - Confirmed Downtrend,0.86,Price is below a bearish moving-average stack with falling trend signals.,,,,,-1.64,-0.14,946077742.58,2.08,1.01,1.65,False,False,"Stage 4, Stage 4 - Confirmed Downtrend, weekly_vcp_ok, weekly_strong, downtrend",watchlist,8.24,8.24,435.0,-10.63,"[21.09, 10.45]","[32, 22]",0.9,73.0,550
PATANJALI.NS,Patanjali Foods Limited,Packaged Foods,Consumer Defensive,Consumer Defensive,True,F&O,1,Stage 4,Stage 4,Stage 4 - Weak/Declining,0.72,Price is below long-term support with weak trend evidence.,,,,,0.25,-13.18,1994456736.08,1.92,0.82,1.2,False,False,"Stage 4, Stage 4 - Weak/Declining, downtrend",watchlist,8.2,8.2,432.97,-9.74,"[31.29, 7.56]","[41, 30]",0.9,85.0,551
JISLJALEQS.NS,Jain Irrigation Systems Limited,Conglomerates,Industrials,Industrials,False,Cash,1,Stage 4,Stage 4,Stage 4 - Confirmed Downtrend,0.86,Price is below a bearish moving-average stack with falling trend signals.,,,,,-12.64,0.22,158215720.17,1.19,0.93,0.95,False,False,"Stage 4, Stage 4 - Confirmed Downtrend, downtrend",watchlist,8.2,8.2,37.96,-23.91,"[22.6, 19.41]","[19, 10]",0.9,72.0,552
VINATIORGA.NS,Vinati Organics Limited,Specialty Chemicals,Basic Materials,Basic Materials,False,Cash,1,Stage 4,Stage 4,Stage 4 - Confirmed Downtrend,0.86,Price is below a bearish moving-average stack with falling trend signals.,,,,,-2.66,-6.14,73938994.65,1.2,0.53,1.13,False,False,"Stage 4, Stage 4 - Confirmed Downtrend, weekly_vcp_ok, weekly_strong, downtrend",watchlist,5.7,8.2,1375.67,-13.42,"[10.46, 7.76]","[16, 9]",0.9,44.0,553
JAIBALAJI.NS,Jai Balaji Industries Limited,Steel,Basic Materials,Basic Materials,False,Cash,1,Stage 4,Stage 4,Stage 4 - Confirmed Downtrend,0.86,Price is below a bearish moving-average stack with falling trend signals.,,,,,-1.22,11.97,45645103.96,0.78,0.43,0.63,True,True,"Stage 4, Stage 4 - Confirmed Downtrend, volume_dryup, weekly_volume_dryup, downtrend",watchlist,3.09,8.09,74.2,-14.41,"[23.79, 16.88]","[28, 22]",0.9,61.0,554
BAJAJFINSV.NS,Bajaj Finserv Limited,Financial Services,Financial Services,Financial Services,True,F&O,1,Stage 4,Stage 4,Stage 4 - Weak/Declining,0.72,Price is below long-term support with weak trend evidence.,,,2026-09-04,,-0.48,9.13,1199430587.26,0.74,0.85,0.94,True,False,"Stage 4, Stage 4 - Weak/Declining, weekly_vcp_ok, volume_dryup, weekly_strong, downtrend",watchlist,8.03,8.03,2036.06,-13.95,"[9.74, 5.13]","[9, 5]",0.9,35.0,555
THOMASCOOK.NS,Thomas Cook  (India)  Limited,Consumer Cyclical,Consumer Cyclical,Consumer Cyclical,False,Cash,1,Stage 4,Stage 4,Stage 4 - Weak/Declining,0.72,Price is below long-term support with weak trend evidence.,,,,,1.54,9.51,75854184.83,0.29,0.17,0.18,True,True,"Stage 4, Stage 4 - Weak/Declining, weekly_vcp_ok, volume_dryup, weekly_volume_dryup, weekly_strong, downtrend",watchlist,7.01,8.01,120.53,-15.23,"[17.03, 12.7, 13.48]","[26, 11, 7]",0.55,64.0,556
TCS.NS,Tata Consultancy Services Limited,Information Technology Services,Technology,Technology,True,F&O,1,Stage 4,Stage 4,Stage 4 - Weak/Declining,0.72,Price is below long-term support with weak trend evidence.,,,,,5.78,-11.63,6214657443.45,1.12,0.91,0.88,False,True,"Stage 4, Stage 4 - Weak/Declining, weekly_volume_dryup, downtrend",watchlist,7.95,7.95,2495.0,-17.01,"[19.56, 10.06]","[21, 20]",0.9,62.0,557
OLECTRA.NS,Olectra Greentech Limited,Farm & Heavy Construction Machinery,Industrials,Industrials,False,Cash,1,Stage 4,Stage 4,Stage 4 - Weak/Declining,0.72,Price is below long-term support with weak trend evidence.,,,2026-08-13,,-18.53,17.38,457943559.49,1.26,0.87,1.88,False,False,"Stage 4, Stage 4 - Weak/Declining, downtrend",watchlist,6.95,7.95,1422.77,-17.5,"[16.63, 15.67]","[16, 15]",0.9,54.0,558
FIRSTCRY.NS,Brainbees Solutions Limited,Consumer Cyclical,Consumer Cyclical,Consumer Cyclical,False,Cash,1,Stage 4,Stage 4,Stage 4 - Confirmed Downtrend,0.86,Price is below a bearish moving-average stack with falling trend signals.,,,,,-13.26,-15.4,1594675260.9,3.78,7.32,5.21,False,False,"Stage 4, Stage 4 - Confirmed Downtrend, weekly_vcp_ok, weekly_strong, downtrend",watchlist,6.9,7.9,238.37,-22.51,"[19.86, 13.87, 14.87]","[28, 8, 6]",0.55,66.0,559
UPL.NS,UPL Limited,Agricultural Inputs,Basic Materials,Basic Materials,True,F&O,1,Stage 4,Stage 4,Stage 4 - Confirmed Downtrend,0.86,Price is below a bearish moving-average stack with falling trend signals.,,,,,-0.66,-4.18,1219899916.18,1.19,0.74,1.08,False,False,"Stage 4, Stage 4 - Confirmed Downtrend, weekly_vcp_ok, weekly_strong, downtrend",watchlist,7.82,7.82,625.05,-12.09,"[14.88, 10.38]","[26, 12]",0.9,61.0,560
ECLERX.NS,eClerx Services Limited,Information Technology Services,Technology,Technology,False,Cash,1,Stage 2 Failed,Not Sure,Failed Stage 2,0.72,"This stock was recently Stage 2, but the latest structure no longer satisfies Stage 2 rules. It is kept as Stage 2 Failed until a fresh base/repair structure forms.",Recent Stage 2 break; public stage held as Stage 2 Failed.,2026-09-28,2026-09-23,,35.72,27.85,314735453.22,0.73,1.52,0.59,True,True,"Not Sure, Not Sure, volume_dryup, weekly_volume_dryup | Stage 2 failed state applied from stage memory.",watchlist,7.81,7.81,2065.61,-12.07,[13.12],[8],0.0,8.0,561
BLUEJET.NS,Blue Jet Healthcare Limited,Biotechnology,Healthcare,Healthcare,False,Cash,1,Stage 2 Failed,Stage 3,Failed Stage 2,0.72,"This stock was recently Stage 2, but the latest structure no longer satisfies Stage 2 rules. It is kept as Stage 2 Failed until a fresh base/repair structure forms.",Recent Stage 2 break; public stage held as Stage 2 Failed.,2026-09-28,2026-09-25,,3.39,58.54,233025678.17,0.65,0.41,0.54,True,True,"Stage 3, Stage 3 - Transition, volume_dryup, weekly_volume_dryup, distribution_risk | Stage 2 failed state applied from stage memory.",watchlist,5.28,7.78,647.58,-13.94,"[10.52, 11.49]","[10, 17]",0.1,48.0,562
CMSINFO.NS,CMS Info Systems Limited,Industrials,Industrials,Industrials,False,Cash,1,Stage 4,Stage 4,Stage 4 - Confirmed Downtrend,0.86,Price is below a bearish moving-average stack with falling trend signals.,,,,,-11.23,-15.79,205180064.62,1.33,0.42,0.55,False,True,"Stage 4, Stage 4 - Confirmed Downtrend, weekly_vcp_ok, weekly_volume_dryup, weekly_strong, downtrend",watchlist,7.7,7.7,285.34,-20.09,"[16.85, 12.03]","[12, 9]",0.9,60.0,563
INTERARCH.NS,Interarch Building Solutions Limited,Engineering & Construction,Industrials,Industrials,False,Cash,1,Stage 4,Stage 4,Stage 4 - Confirmed Downtrend,0.86,Price is below a bearish moving-average stack with falling trend signals.,,,,,-4.86,-1.06,79788809.76,0.92,1.75,1.19,False,False,"Stage 4, Stage 4 - Confirmed Downtrend, downtrend",watchlist,7.69,7.69,1788.0,-4.57,"[13.18, 9.12]","[14, 5]",0.9,30.0,564
INDIACEM.NS,The India Cements Limited,Building Materials,Basic Materials,Basic Materials,False,Cash,1,Stage 4,Stage 4,Stage 4 - Confirmed Downtrend,0.86,Price is below a bearish moving-average stack with falling trend signals.,,,,,-13.27,-10.71,57233246.32,1.43,1.02,0.69,False,True,"Stage 4, Stage 4 - Confirmed Downtrend, weekly_volume_dryup, downtrend",watchlist,7.69,7.69,417.13,-25.11,"[18.07, 10.78, 8.39]","[5, 11, 17]",0.95,52.0,565
ITCHOTELS.NS,ITC Hotels Limited,Consumer Cyclical,Consumer Cyclical,Consumer Cyclical,False,Cash,1,Stage 4,Stage 4,Stage 4 - Weak/Declining,0.72,Price is below long-term support with weak trend evidence.,,,,,-5.29,10.04,255501464.42,1.06,0.93,1.04,False,False,"Stage 4, Stage 4 - Weak/Declining, downtrend",watchlist,6.67,7.67,173.3,-8.5,"[15.74, 13.38]","[10, 27]",0.9,48.0,566
ABFRL.NS,Aditya Birla Fashion and Retail Limited,Apparel Manufacturing,Consumer Cyclical,Consumer Cyclical,False,Cash,1,Stage 4,Stage 4,Stage 4 - Confirmed Downtrend,0.86,Price is below a bearish moving-average stack with falling trend signals.,,,,,-17.99,-15.21,214630979.44,0.8,0.89,0.69,True,True,"Stage 4, Stage 4 - Confirmed Downtrend, weekly_vcp_ok, volume_dryup, weekly_volume_dryup, weekly_strong, downtrend",watchlist,7.65,7.65,64.21,-25.89,"[15.8, 11.92]","[13, 26]",0.9,44.0,567
CHEMPLASTS.NS,Chemplast Sanmar Limited,Chemicals,Basic Materials,Basic Materials,False,Cash,1,Stage 4,Stage 4,Stage 4 - Weak/Declining,0.72,Price is below long-term support with weak trend evidence.,,,,,-2.8,-21.33,302328660.49,1.24,0.3,1.95,False,False,"Stage 4, Stage 4 - Weak/Declining, downtrend",watchlist,5.07,7.57,197.29,-0.72,"[22.26, 18.25]","[13, 7]",0.9,39.0,568
BANKBARODA.NS,Bank of Baroda,Banks - Regional,Financial Services,Financial Services,True,F&O,1,Stage 4,Stage 4,Stage 4 - Confirmed Downtrend,0.86,Price is below a bearish moving-average stack with falling trend signals.,,,2026-06-26,,-7.48,-3.63,1569479860.77,0.69,1.03,0.59,True,True,"Stage 4, Stage 4 - Confirmed Downtrend, volume_dryup, weekly_volume_dryup, downtrend",watchlist,6.56,7.56,244.59,-6.99,"[16.78, 7.22]","[11, 5]",0.9,25.0,569
UNOMINDA.NS,UNO Minda Limited,Auto Parts,Consumer Cyclical,Consumer Cyclical,True,F&O,1,Stage 2 Failed,Not Sure,Failed Stage 2,0.72,"This stock was recently Stage 2, but the latest structure no longer satisfies Stage 2 rules. It is kept as Stage 2 Failed until a fresh base/repair structure forms.",Recent Stage 2 break; public stage held as Stage 2 Failed.,2026-09-28,2026-09-22,,9.74,16.83,732206251.59,0.79,0.95,0.66,True,True,"Not Sure, Not Sure, weekly_vcp_ok, volume_dryup, weekly_volume_dryup | Stage 2 failed state applied from stage memory.",watchlist,5.06,7.56,1309.79,-10.44,[10.68],[26],0.0,26.0,570
JWL.NS,Jupiter Wagons Limited,Industrials,Industrials,Industrials,False,Cash,1,Stage 4,Stage 4,Stage 4 - Confirmed Downtrend,0.86,Price is below a bearish moving-average stack with falling trend signals.,,,,,-11.49,-11.14,153878231.22,0.77,0.98,0.75,True,True,"Stage 4, Stage 4 - Confirmed Downtrend, weekly_vcp_ok, volume_dryup, weekly_volume_dryup, weekly_strong, downtrend",watchlist,7.52,7.52,286.5,-22.43,"[15.04, 14.6, 15.45, 12.07]","[7, 11, 26, 25]",0.73,84.0,571
NTPCGREEN.NS,NTPC Green Energy Limited,Utilities - Renewable,Utilities,Utilities,False,Cash,1,Stage 4,Stage 4,Stage 4 - Weak/Declining,0.72,Price is below long-term support with weak trend evidence.,,,2026-06-15,,0.69,-2.9,254781815.44,0.76,0.68,0.99,True,False,"Stage 4, Stage 4 - Weak/Declining, weekly_vcp_ok, volume_dryup, downtrend",watchlist,7.51,7.51,93.85,-1.75,"[10.14, 8.71]","[6, 26]",0.9,39.0,572
MASFIN.NS,MAS Financial Services Limited,Credit Services,Financial Services,Financial Services,False,Cash,1,Stage 4,Stage 4,Stage 4 - Confirmed Downtrend,0.86,Price is below a bearish moving-average stack with falling trend signals.,,,2026-07-13,,-7.1,-3.08,61203827.52,1.0,0.81,0.92,False,False,"Stage 4, Stage 4 - Confirmed Downtrend, downtrend",watchlist,6.51,7.51,329.93,-15.41,"[16.34, 10.31, 5.78]","[14, 9, 8]",0.95,43.0,573
IDEAFORGE.NS,Ideaforge Technology Limited,Technology,Technology,Technology,False,Cash,1,Stage 3,Stage 3,Stage 3 - Distribution/Damage,0.76,"Prior strength exists, but short-term and/or weekly structure is deteriorating.",,,2026-08-21,,-10.32,83.08,183596947.89,0.74,0.35,0.69,True,True,"Stage 3, Stage 3 - Distribution/Damage, weekly_vcp_ok, volume_dryup, weekly_volume_dryup, distribution_risk",watchlist,2.5,7.5,948.61,-24.48,[26.84],[47],0.0,47.0,574
TATACONSUM.NS,TATA CONSUMER PRODUCTS LIMITED,Packaged Foods,Consumer Defensive,Consumer Defensive,True,F&O,1,Stage 4,Stage 4,Stage 4 - Confirmed Downtrend,0.86,Price is below a bearish moving-average stack with falling trend signals.,,,2026-06-04,,-8.19,-4.83,1079704349.71,0.99,1.2,0.75,False,True,"Stage 4, Stage 4 - Confirmed Downtrend, weekly_volume_dryup, downtrend",watchlist,7.43,7.43,1123.4,-14.55,"[14.02, 6.27]","[20, 17]",0.9,51.0,575
AXISBANK.NS,Axis Bank Limited,Banks - Regional,Financial Services,Financial Services,True,F&O,1,Not Sure,Stage 4,Pending Stage 4,0.55,Blocked public stage jump Stage 1 -> Stage 4; waiting for intermediate/confirmed structure.,Blocked public stage jump Stage 1 -> Stage 4; waiting for intermediate/confirmed structure.,,2026-07-17,Stage 4,-6.03,3.34,5726997427.29,0.98,1.05,0.95,False,False,"Stage 4, Stage 4 - Confirmed Downtrend, weekly_vcp_ok, downtrend | Blocked public stage jump Stage 1 -> Stage 4; waiting for intermediate/confirmed structure.",watchlist,6.42,7.42,1302.28,-7.09,"[13.47, 4.98]","[21, 9]",0.9,36.0,576
GRMOVER.NS,GRM Overseas Limited,Packaged Foods,Consumer Defensive,Consumer Defensive,False,Cash,1,Stage 4,Stage 4,Stage 4 - Confirmed Downtrend,0.86,Price is below a bearish moving-average stack with falling trend signals.,,,2026-05-26,,-9.9,-46.28,89232455.35,0.97,0.96,0.94,False,False,"Stage 4, Stage 4 - Confirmed Downtrend, weekly_vcp_ok, weekly_strong, downtrend",watchlist,7.14,7.14,96.66,-17.22,"[53.33, 16.3]","[18, 18]",0.9,53.0,577
FINPIPE.NS,Finolex Industries Limited,Building Products & Equipment,Industrials,Industrials,False,Cash,1,Stage 4,Stage 4,Stage 4 - Confirmed Downtrend,0.86,Price is below a bearish moving-average stack with falling trend signals.,,,,,-7.37,-0.72,57480998.2,0.81,0.67,0.79,True,True,"Stage 4, Stage 4 - Confirmed Downtrend, weekly_vcp_ok, volume_dryup, weekly_volume_dryup, weekly_strong, downtrend",watchlist,7.12,7.12,183.65,-17.45,"[16.17, 15.33, 8.72, 9.5]","[11, 23, 8, 17]",0.73,80.0,578
ESABINDIA.NS,Esab India Limited,Tools & Accessories,Industrials,Industrials,False,Cash,1,Stage 2 Failed,Stage 1,Failed Stage 2,0.72,"This stock was recently Stage 2, but the latest structure no longer satisfies Stage 2 rules. It is kept as Stage 2 Failed until a fresh base/repair structure forms.",Recent Stage 2 break; public stage held as Stage 2 Failed.,2026-09-28,2026-09-14,,0.39,10.69,24691121.38,0.65,0.44,0.55,True,True,"Stage 1, Stage 1 - Base/Repair, volume_dryup, weekly_volume_dryup, stage1_not_actionable, stage1_needs_more_base | Stage 2 failed state applied from stage memory.",watchlist,6.08,7.08,6482.32,-14.87,"[22.58, 5.51]","[14, 20]",0.9,50.0,579
KIRLOSBROS.NS,Kirloskar Brothers Limited,Specialty Industrial Machinery,Industrials,Industrials,False,Cash,1,Stage 2 Failed,Stage 3,Failed Stage 2,0.72,"This stock was recently Stage 2, but the latest structure no longer satisfies Stage 2 rules. It is kept as Stage 2 Failed until a fresh base/repair structure forms.",Recent Stage 2 break; public stage held as Stage 2 Failed.,2026-09-28,2026-09-14,,-4.24,26.12,50960498.72,0.61,0.83,0.43,True,True,"Stage 3, Stage 3 - Distribution/Damage, volume_dryup, weekly_volume_dryup, distribution_risk | Stage 2 failed state applied from stage memory.",watchlist,2.08,7.08,2184.72,-20.71,[4.39],[94],0.0,94.0,580
SJVN.NS,SJVN Limited,Utilities - Renewable,Utilities,Utilities,False,Cash,1,Stage 4,Stage 4,Stage 4 - Confirmed Downtrend,0.86,Price is below a bearish moving-average stack with falling trend signals.,,,,,-10.3,-6.59,140843325.22,1.18,1.06,1.15,False,False,"Stage 4, Stage 4 - Confirmed Downtrend, weekly_vcp_ok, weekly_strong, downtrend",watchlist,6.93,6.93,70.18,-12.99,"[11.5, 8.93]","[24, 22]",0.9,52.0,581
SUNTECK.NS,Sunteck Realty Limited,Real Estate,Real Estate,Real Estate,False,Cash,1,Stage 4,Stage 4,Stage 4 - Confirmed Downtrend,0.86,Price is below a bearish moving-average stack with falling trend signals.,,,,,-10.7,-6.2,31929522.44,0.5,1.21,0.39,True,True,"Stage 4, Stage 4 - Confirmed Downtrend, weekly_vcp_ok, volume_dryup, weekly_volume_dryup, weekly_strong, downtrend",watchlist,5.92,6.92,356.81,-22.44,"[28.74, 15.67, 15.0]","[36, 12, 16]",0.95,105.0,582
CARYSIL.NS,CARYSIL LIMITED,"Furnishings, Fixtures & Appliances",Consumer Cyclical,Consumer Cyclical,False,Cash,1,Stage 2 Failed,Stage 1,Failed Stage 2,0.72,"This stock was recently Stage 2, but the latest structure no longer satisfies Stage 2 rules. It is kept as Stage 2 Failed until a fresh base/repair structure forms.",Recent Stage 2 break; public stage held as Stage 2 Failed.,2026-09-28,2026-09-14,,-6.9,32.69,96561344.17,0.92,0.88,0.85,False,True,"Stage 1, Stage 1 - Base/Repair, weekly_volume_dryup, stage1_not_actionable, stage1_needs_more_base | Stage 2 failed state applied from stage memory.",watchlist,6.83,6.83,1271.94,-18.37,"[13.21, 14.58, 13.97]","[14, 7, 15]",0.55,52.0,583
TIRUMALCHM.NS,Thirumalai Chemicals Limited,Specialty Chemicals,Basic Materials,Basic Materials,False,Cash,1,Stage 4,Stage 4,Stage 4 - Confirmed Downtrend,0.86,Price is below a bearish moving-average stack with falling trend signals.,,,,,-10.56,-8.68,74221718.52,0.98,0.62,1.3,False,False,"Stage 4, Stage 4 - Confirmed Downtrend, weekly_vcp_ok, weekly_strong, downtrend",watchlist,4.27,6.77,166.68,-6.98,"[24.07, 8.29]","[11, 12]",0.9,31.0,584
APOLLO.NS,Apollo Micro Systems Limited,Aerospace & Defense,Industrials,Industrials,False,Cash,1,Stage 2 Failed,Stage 1,Failed Stage 2,0.72,"This stock was recently Stage 2, but the latest structure no longer satisfies Stage 2 rules. It is kept as Stage 2 Failed until a fresh base/repair structure forms.",Recent Stage 2 break; public stage held as Stage 2 Failed.,2026-09-28,2026-09-22,,-1.95,109.51,3107855118.01,1.42,1.78,1.29,False,False,"Stage 1, Stage 1 - Unclear/Repair, stage1_not_actionable, stage1_needs_more_base | Stage 2 failed state applied from stage memory.",watchlist,1.76,6.76,427.69,-4.53,[15.55],[5],0.0,5.0,585
ISGEC.NS,Isgec Heavy Engineering Limited,Specialty Industrial Machinery,Industrials,Industrials,False,Cash,1,Not Sure,Not Sure,Not Sure,0.0,Stage rules did not identify a reliable structure.,No confident stage classification.,,2026-05-28,,1.73,0.46,73885183.64,1.73,1.13,1.59,False,False,"Not Sure, Not Sure",watchlist,1.75,6.75,825.11,7.43,[26.87],[40],0.0,40.0,586
BBL.NS,Bharat Bijlee Limited,Electrical Equipment & Parts,Industrials,Industrials,False,Cash,1,Stage 4,Stage 4,Stage 4 - Confirmed Downtrend,0.86,Price is below a bearish moving-average stack with falling trend signals.,,,,,-18.6,-3.0,41555982.54,0.7,0.72,0.68,True,True,"Stage 4, Stage 4 - Confirmed Downtrend, weekly_vcp_ok, volume_dryup, weekly_volume_dryup, weekly_strong, downtrend",watchlist,1.72,6.72,2605.55,-18.93,"[24.71, 12.48]","[14, 11]",0.9,52.0,587
RAYMONDLSL.NS,Raymond Lifestyle Limited,Apparel Manufacturing,Consumer Cyclical,Consumer Cyclical,False,Cash,1,Stage 4,Stage 4,Stage 4 - Confirmed Downtrend,0.86,Price is below a bearish moving-average stack with falling trend signals.,,,,,-8.83,-11.31,264316464.1,1.28,0.71,1.64,False,False,"Stage 4, Stage 4 - Confirmed Downtrend, weekly_vcp_ok, downtrend",watchlist,6.7,6.7,769.35,-12.65,"[19.72, 18.3]","[30, 20]",0.9,52.0,588
HDFCAMC.NS,HDFC Asset Management Company Limited,Asset Management,Financial Services,Financial Services,True,F&O,1,Stage 4,Stage 4,Stage 4 - Confirmed Downtrend,0.86,Price is below a bearish moving-average stack with falling trend signals.,,,2026-07-15,,-11.47,2.43,1422841032.4,0.83,1.27,0.76,True,True,"Stage 4, Stage 4 - Confirmed Downtrend, weekly_vcp_ok, volume_dryup, weekly_volume_dryup, weekly_strong, downtrend",watchlist,6.65,6.65,2460.5,-6.43,"[13.03, 6.6]","[14, 9]",0.9,29.0,589
POWERGRID.NS,Power Grid Corporation of India Limited,Utilities,Utilities,Utilities,True,F&O,1,Stage 1,Stage 1,Stage 1 - Unclear/Repair,0.58,Not enough evidence for Stage 2 or Stage 4; classified as repair/unclear structure.,,,2026-07-23,,-3.61,-7.01,2307060323.17,1.03,1.22,0.91,False,False,"Stage 1, Stage 1 - Unclear/Repair, weekly_vcp_ok, weekly_strong, stage1_not_actionable, stage1_needs_more_base",watchlist,6.57,6.57,275.95,-5.11,"[10.48, 5.16]","[11, 7]",0.9,20.0,590
TVSHLTD.NS,TVS Holdings Limited,Auto Parts,Consumer Cyclical,Consumer Cyclical,False,Cash,1,Stage 4,Stage 4,Stage 4 - Confirmed Downtrend,0.86,Price is below a bearish moving-average stack with falling trend signals.,,,2026-08-13,,-4.44,-8.1,102835334.2,1.01,0.48,0.51,False,True,"Stage 4, Stage 4 - Confirmed Downtrend, weekly_vcp_ok, weekly_volume_dryup, weekly_strong, downtrend",watchlist,4.07,6.57,14194.8,-12.39,"[12.37, 4.73]","[9, 10]",0.9,31.0,591
GHCL.NS,GHCL Limited,Chemicals,Basic Materials,Basic Materials,False,Cash,1,Stage 4,Stage 4,Stage 4 - Confirmed Downtrend,0.86,Price is below a bearish moving-average stack with falling trend signals.,,,,,-0.79,-4.9,39540411.17,0.82,0.86,0.91,True,False,"Stage 4, Stage 4 - Confirmed Downtrend, weekly_vcp_ok, volume_dryup, weekly_strong, downtrend",watchlist,3.77,6.27,458.0,-10.35,"[19.58, 11.71, 6.66, 5.12]","[12, 8, 15, 25]",1.0,75.0,592
KALPATARU.NS,Kalpataru Limited,Real Estate,Real Estate,Real Estate,False,Cash,1,Stage 4,Stage 4,Stage 4 - Confirmed Downtrend,0.86,Price is below a bearish moving-average stack with falling trend signals.,,,,,-4.63,2.59,15433655.92,0.59,1.26,0.87,True,True,"Stage 4, Stage 4 - Confirmed Downtrend, volume_dryup, weekly_volume_dryup, downtrend",watchlist,5.26,6.26,315.35,-12.54,"[22.47, 20.58]","[28, 34]",0.9,66.0,593
CSBBANK.NS,CSB Bank Limited,Banks - Regional,Financial Services,Financial Services,False,Cash,1,Stage 4,Stage 4,Stage 4 - Confirmed Downtrend,0.86,Price is below a bearish moving-average stack with falling trend signals.,,,,,-2.79,-10.02,306639799.99,1.96,0.39,0.43,False,True,"Stage 4, Stage 4 - Confirmed Downtrend, weekly_vcp_ok, weekly_volume_dryup, weekly_strong, downtrend",watchlist,5.2,6.2,377.95,-14.34,"[17.68, 16.03, 16.89, 17.03]","[7, 10, 24, 13]",0.73,96.0,594
ASTRAZEN.NS,AstraZeneca Pharma India Limited,Drug Manufacturers - Specialty & Generic,Healthcare,Healthcare,False,Cash,1,Stage 4,Stage 4,Stage 4 - Confirmed Downtrend,0.86,Price is below a bearish moving-average stack with falling trend signals.,,,,,-18.36,-17.15,37132174.3,0.61,1.01,0.5,True,True,"Stage 4, Stage 4 - Confirmed Downtrend, weekly_vcp_ok, volume_dryup, weekly_volume_dryup, weekly_strong, downtrend",watchlist,1.12,6.12,8760.24,-28.31,"[10.0, 10.7, 10.06, 6.87]","[14, 12, 13, 9]",0.73,72.0,595
NCC.NS,NCC Limited,Engineering & Construction,Industrials,Industrials,False,Cash,1,Stage 4,Stage 4,Stage 4 - Confirmed Downtrend,0.86,Price is below a bearish moving-average stack with falling trend signals.,,,,,-7.03,-4.38,286030393.78,0.92,0.59,0.8,False,True,"Stage 4, Stage 4 - Confirmed Downtrend, weekly_vcp_ok, weekly_volume_dryup, weekly_strong, downtrend",watchlist,6.1,6.1,153.86,-15.32,"[16.75, 6.07]","[24, 7]",0.9,41.0,596
RUSTOMJEE.NS,Keystone Realtors Limited,Real Estate,Real Estate,Real Estate,False,Cash,1,Stage 4,Stage 4,Stage 4 - Confirmed Downtrend,0.86,Price is below a bearish moving-average stack with falling trend signals.,,,,,-11.51,-3.31,37535711.16,0.4,0.56,0.61,True,True,"Stage 4, Stage 4 - Confirmed Downtrend, volume_dryup, weekly_volume_dryup, downtrend",watchlist,5.1,6.1,446.93,-19.47,"[15.47, 15.59, 13.89]","[25, 13, 12]",0.95,91.0,597
NSIL.NS,Nalwa Sons Investments Limited,Asset Management,Financial Services,Financial Services,False,Cash,1,Stage 4,Stage 4,Stage 4 - Weak/Declining,0.72,Price is below long-term support with weak trend evidence.,,,,,3.77,8.29,11095094.45,1.05,3.6,1.48,False,False,"Stage 4, Stage 4 - Weak/Declining, weekly_vcp_ok, weekly_strong, downtrend",watchlist,6.03,6.03,5840.2,-7.56,"[10.12, 8.88]","[12, 26]",0.9,61.0,598
DBL.NS,Dilip Buildcon Limited,Engineering & Construction,Industrials,Industrials,False,Cash,1,Stage 4,Stage 4,Stage 4 - Confirmed Downtrend,0.86,Price is below a bearish moving-average stack with falling trend signals.,,,,,-1.62,2.58,214282980.88,0.41,0.69,0.22,True,True,"Stage 4, Stage 4 - Confirmed Downtrend, weekly_vcp_ok, volume_dryup, weekly_volume_dryup, weekly_strong, downtrend",watchlist,6.0,6.0,473.52,-14.07,"[17.29, 18.63, 17.84]","[16, 23, 23]",0.55,85.0,599
BAJAJHFL.NS,Bajaj Housing Finance Limited,Mortgage Finance,Financial Services,Financial Services,False,Cash,1,Stage 4,Stage 4,Stage 4 - Confirmed Downtrend,0.86,Price is below a bearish moving-average stack with falling trend signals.,,,,,-1.81,8.05,241185479.35,1.04,1.04,1.02,False,False,"Stage 4, Stage 4 - Confirmed Downtrend, weekly_vcp_ok, downtrend",watchlist,5.97,5.97,94.16,-12.37,"[12.04, 5.89, 5.35, 5.89]","[14, 11, 9, 9]",0.73,91.0,600
CELLO.NS,Cello World Limited,"Furnishings, Fixtures & Appliances",Consumer Cyclical,Consumer Cyclical,False,Cash,1,Stage 4,Stage 4,Stage 4 - Confirmed Downtrend,0.86,Price is below a bearish moving-average stack with falling trend signals.,,,,,-4.38,-13.59,106936804.74,0.42,0.8,0.58,True,True,"Stage 4, Stage 4 - Confirmed Downtrend, weekly_vcp_ok, volume_dryup, weekly_volume_dryup, weekly_strong, downtrend",watchlist,5.9,5.9,409.52,-18.78,"[17.5, 10.84, 12.32]","[30, 15, 6]",0.55,70.0,601
KERNEX.NS,Kernex Microsystems (India) Limited,Software - Application,Technology,Technology,False,Cash,1,Stage 1,Stage 1,Stage 1 - Base/Repair,0.7,Price is near long-term moving averages with no strong long-term downtrend signal.,,,2026-08-24,,-23.16,81.07,352074797.26,0.4,0.54,0.34,True,True,"Stage 1, Stage 1 - Base/Repair, volume_dryup, weekly_volume_dryup, stage1_not_actionable, stage1_needs_more_base",watchlist,3.29,5.79,2584.51,-33.69,[34.85],[52],0.0,52.0,602
WIPRO.NS,Wipro Limited,Information Technology Services,Technology,Technology,True,F&O,1,Stage 4,Stage 4,Stage 4 - Confirmed Downtrend,0.86,Price is below a bearish moving-average stack with falling trend signals.,,,,,-0.98,-13.91,1662510360.43,1.06,1.11,0.95,False,False,"Stage 4, Stage 4 - Confirmed Downtrend, downtrend",watchlist,5.65,5.65,184.53,-12.45,"[19.91, 4.27]","[24, 8]",0.9,40.0,603
VEEDOL.NS,Veedol Corporation Limited,Specialty Chemicals,Basic Materials,Basic Materials,False,Cash,1,Stage 2 Failed,Stage 4,Failed Stage 2,0.72,"This stock was recently Stage 2, but the latest structure no longer satisfies Stage 2 rules. It is kept as Stage 2 Failed until a fresh base/repair structure forms.",Recent Stage 2 break; public stage held as Stage 2 Failed.,2026-09-28,2026-09-08,,0.02,8.8,11946880.22,0.83,1.23,0.8,True,True,"Stage 4, Stage 4 - Weak/Declining, weekly_vcp_ok, volume_dryup, weekly_volume_dryup, downtrend | Stage 2 failed state applied from stage memory.",watchlist,3.12,5.62,1566.74,-12.93,"[8.64, 7.93]","[6, 39]",0.9,59.0,604
DIXON.NS,Dixon Technologies (India) Limited,Technology,Technology,Technology,True,F&O,1,Stage 2 Failed,Stage 3,Failed Stage 2,0.72,"This stock was recently Stage 2, but the latest structure no longer satisfies Stage 2 rules. It is kept as Stage 2 Failed until a fresh base/repair structure forms.",Recent Stage 2 break; public stage held as Stage 2 Failed.,2026-09-28,2026-09-08,,15.43,39.86,4350435277.03,0.98,1.64,0.93,False,False,"Stage 3, Stage 3 - Transition, weekly_vcp_ok, weekly_strong, distribution_risk | Stage 2 failed state applied from stage memory.",watchlist,0.37,5.37,15014.7,-9.16,[11.92],[33],0.0,33.0,605
ABLBL.NS,Aditya Birla Lifestyle Brands Limited,Consumer Cyclical,Consumer Cyclical,Consumer Cyclical,False,Cash,1,Stage 4,Stage 4,Stage 4 - Confirmed Downtrend,0.86,Price is below a bearish moving-average stack with falling trend signals.,,,,,-15.97,-14.74,51112033.58,0.92,0.56,0.84,False,True,"Stage 4, Stage 4 - Confirmed Downtrend, weekly_vcp_ok, weekly_volume_dryup, weekly_strong, downtrend",watchlist,4.35,5.35,87.55,-11.86,"[9.33, 8.14]","[15, 9]",0.9,27.0,606
PRINCEPIPE.NS,Prince Pipes And Fittings Limited,Building Products & Equipment,Industrials,Industrials,False,Cash,1,Stage 2 Failed,Stage 4,Failed Stage 2,0.72,"This stock was recently Stage 2, but the latest structure no longer satisfies Stage 2 rules. It is kept as Stage 2 Failed until a fresh base/repair structure forms.",Recent Stage 2 break; public stage held as Stage 2 Failed.,2026-09-28,2026-09-10,,-2.63,18.1,37915150.57,0.59,0.62,0.43,True,True,"Stage 4, Stage 4 - Weak/Declining, weekly_vcp_ok, volume_dryup, weekly_volume_dryup, weekly_strong, downtrend | Stage 2 failed state applied from stage memory.",watchlist,5.25,5.25,302.47,-14.78,"[16.72, 16.61]","[22, 14]",0.9,60.0,607
HDFCLIFE.NS,HDFC Life Insurance Company Limited,Insurance - Life,Financial Services,Financial Services,True,F&O,1,Stage 4,Stage 4,Stage 4 - Confirmed Downtrend,0.86,Price is below a bearish moving-average stack with falling trend signals.,,,,,-1.85,-3.5,2356989744.82,1.51,0.6,1.57,False,False,"Stage 4, Stage 4 - Confirmed Downtrend, weekly_vcp_ok, weekly_strong, downtrend",watchlist,5.2,5.2,606.06,-12.29,"[12.99, 8.93, 9.78, 9.72]","[12, 12, 13, 11]",0.73,77.0,608
TCI.NS,Transport Corporation of India Limited,Industrials,Industrials,Industrials,False,Cash,1,Stage 4,Stage 4,Stage 4 - Confirmed Downtrend,0.86,Price is below a bearish moving-average stack with falling trend signals.,,,,,-2.51,-14.49,280493390.54,4.19,0.6,8.25,False,False,"Stage 4, Stage 4 - Confirmed Downtrend, weekly_vcp_ok, weekly_strong, downtrend",watchlist,5.2,5.2,961.87,-10.09,"[14.86, 12.14, 5.94, 6.33]","[13, 7, 15, 12]",0.73,78.0,609
GREENPANEL.NS,Greenpanel Industries Limited,Basic Materials,Basic Materials,Basic Materials,False,Cash,1,Stage 4,Stage 4,Stage 4 - Confirmed Downtrend,0.86,Price is below a bearish moving-average stack with falling trend signals.,,,,,-11.01,-9.99,76363877.17,1.51,0.28,0.9,False,True,"Stage 4, Stage 4 - Confirmed Downtrend, weekly_vcp_ok, weekly_volume_dryup, weekly_strong, downtrend",watchlist,5.2,5.2,208.87,-23.78,"[25.87, 10.15, 9.54, 10.54]","[11, 8, 9, 7]",0.73,96.0,610
ACC.NS,ACC Limited,Building Materials,Basic Materials,Basic Materials,False,Cash,1,Stage 4,Stage 4,Stage 4 - Confirmed Downtrend,0.86,Price is below a bearish moving-average stack with falling trend signals.,,,,,-5.05,-5.69,139059817.88,0.82,1.33,0.55,True,True,"Stage 4, Stage 4 - Confirmed Downtrend, weekly_vcp_ok, volume_dryup, weekly_volume_dryup, weekly_strong, downtrend",watchlist,5.06,5.06,1413.9,-14.17,"[8.74, 9.52, 6.62]","[15, 9, 14]",0.55,64.0,611
HAPPSTMNDS.NS,Happiest Minds Technologies Limited,Information Technology Services,Technology,Technology,False,Cash,1,Stage 4,Stage 4,Stage 4 - Weak/Declining,0.72,Price is below long-term support with weak trend evidence.,,,,,-6.78,-18.86,624144107.42,0.34,0.17,0.28,True,True,"Stage 4, Stage 4 - Weak/Declining, volume_dryup, weekly_volume_dryup, downtrend",watchlist,5.02,5.02,458.1,-32.95,"[13.94, 15.06, 14.93]","[6, 22, 9]",0.55,57.0,612
JSL.NS,Jindal Stainless Limited,Steel,Basic Materials,Basic Materials,False,Cash,1,Stage 1,Stage 1,Stage 1 - Early Turn,0.66,The stock is improving from a repair/base area but has not confirmed a clean Stage 2 yet.,,,,,13.4,6.58,975123929.18,1.67,1.34,1.52,False,False,"Stage 1, Stage 1 - Early Turn, stage1_base_ready, weekly_vcp_ok, weekly_strong, stage1_not_actionable",watchlist,0.0,5.0,795.39,-6.25,[9.95],[5],0.0,5.0,613
INGERRAND.NS,Ingersoll Rand (India) Limited,Specialty Industrial Machinery,Industrials,Industrials,False,Cash,1,Stage 2 Failed,Stage 1,Failed Stage 2,0.72,"This stock was recently Stage 2, but the latest structure no longer satisfies Stage 2 rules. It is kept as Stage 2 Failed until a fresh base/repair structure forms.",Recent Stage 2 break; public stage held as Stage 2 Failed.,2026-09-28,2026-09-16,,0.11,18.61,105604654.35,0.88,0.38,0.71,False,True,"Stage 1, Stage 1 - Base/Repair, weekly_vcp_ok, weekly_volume_dryup, weekly_strong, stage1_not_actionable, stage1_needs_more_base | Stage 2 failed state applied from stage memory.",watchlist,0.0,5.0,4963.67,-14.85,[6.55],[54],0.0,54.0,614
JAYNECOIND.NS,Jayaswal Neco Industries Limited,Steel,Basic Materials,Basic Materials,False,Cash,1,Stage 2 Failed,Stage 1,Failed Stage 2,0.72,"This stock was recently Stage 2, but the latest structure no longer satisfies Stage 2 rules. It is kept as Stage 2 Failed until a fresh base/repair structure forms.",Recent Stage 2 break; public stage held as Stage 2 Failed.,2026-09-28,2026-09-23,,2.51,13.64,459226325.71,0.4,0.41,0.3,True,True,"Stage 1, Stage 1 - Base/Repair, weekly_vcp_ok, volume_dryup, weekly_volume_dryup, weekly_strong, stage1_not_actionable, stage1_needs_more_base | Stage 2 failed state applied from stage memory.",watchlist,0.0,5.0,105.35,-16.49,[18.97],[8],0.0,8.0,615
ETHOSLTD.NS,Ethos Limited,Luxury Goods,Consumer Cyclical,Consumer Cyclical,False,Cash,1,Stage 2 Failed,Stage 4,Failed Stage 2,0.72,"This stock was recently Stage 2, but the latest structure no longer satisfies Stage 2 rules. It is kept as Stage 2 Failed until a fresh base/repair structure forms.",Recent Stage 2 break; public stage held as Stage 2 Failed.,2026-09-28,2026-09-14,,7.18,17.6,111197121.68,0.48,0.47,0.63,True,True,"Stage 4, Stage 4 - Weak/Declining, weekly_vcp_ok, volume_dryup, weekly_volume_dryup, weekly_strong, downtrend | Stage 2 failed state applied from stage memory.",watchlist,0.0,5.0,2936.6,-14.25,[13.73],[10],0.0,10.0,616
SUNCLAY.NS,Sundaram Clayton Limited,Metal Fabrication,Industrials,Industrials,False,Cash,1,Stage 4,Stage 4,Stage 4 - Weak/Declining,0.72,Price is below long-term support with weak trend evidence.,,,,,-4.47,0.63,6230319.08,0.73,2.44,0.83,True,True,"Stage 4, Stage 4 - Weak/Declining, weekly_vcp_ok, volume_dryup, weekly_volume_dryup, weekly_strong, downtrend",watchlist,0.0,5.0,1352.36,-9.06,[11.24],[12],0.0,12.0,617
GRAVITA.NS,Gravita India Limited,Metal Fabrication,Industrials,Industrials,False,Cash,1,Stage 2 Failed,Stage 4,Failed Stage 2,0.72,"This stock was recently Stage 2, but the latest structure no longer satisfies Stage 2 rules. It is kept as Stage 2 Failed until a fresh base/repair structure forms.",Recent Stage 2 break; public stage held as Stage 2 Failed.,2026-09-28,2026-09-10,,-7.46,16.18,310091080.2,1.03,0.89,1.15,False,False,"Stage 4, Stage 4 - Weak/Declining, weekly_vcp_ok, weekly_strong, downtrend | Stage 2 failed state applied from stage memory.",watchlist,0.0,5.0,1861.75,-20.75,[15.78],[13],0.0,13.0,618
PNGJL.NS,P N Gadgil Jewellers Limited,Luxury Goods,Consumer Cyclical,Consumer Cyclical,False,Cash,1,Stage 2 Failed,Stage 4,Failed Stage 2,0.72,"This stock was recently Stage 2, but the latest structure no longer satisfies Stage 2 rules. It is kept as Stage 2 Failed until a fresh base/repair structure forms.",Recent Stage 2 break; public stage held as Stage 2 Failed.,2026-09-28,2026-09-08,,9.59,5.13,287060740.36,0.62,1.66,0.75,True,True,"Stage 4, Stage 4 - Weak/Declining, weekly_vcp_ok, volume_dryup, weekly_volume_dryup, weekly_strong, downtrend | Stage 2 failed state applied from stage memory.",watchlist,0.0,5.0,635.81,-7.94,[21.46],[25],0.0,25.0,619
MAZDOCK.NS,Mazagon Dock Shipbuilders Limited,Aerospace & Defense,Industrials,Industrials,True,F&O,1,Stage 2 Failed,Stage 4,Failed Stage 2,0.72,"This stock was recently Stage 2, but the latest structure no longer satisfies Stage 2 rules. It is kept as Stage 2 Failed until a fresh base/repair structure forms.",Recent Stage 2 break; public stage held as Stage 2 Failed.,2026-09-28,2026-09-08,,-11.06,-3.16,1316358776.33,0.92,1.01,0.68,False,True,"Stage 4, Stage 4 - Weak/Declining, weekly_vcp_ok, weekly_volume_dryup, weekly_strong, downtrend | Stage 2 failed state applied from stage memory.",watchlist,0.0,5.0,2661.45,-19.67,[11.63],[30],0.0,30.0,620
COCHINSHIP.NS,Cochin Shipyard Limited,Aerospace & Defense,Industrials,Industrials,True,F&O,1,Stage 4,Stage 4,Stage 4 - Confirmed Downtrend,0.86,Price is below a bearish moving-average stack with falling trend signals.,,,,,-7.32,3.47,1469477471.22,0.87,0.43,0.52,False,True,"Stage 4, Stage 4 - Confirmed Downtrend, weekly_vcp_ok, weekly_volume_dryup, weekly_strong, downtrend",watchlist,0.0,5.0,1576.13,-15.68,[16.01],[24],0.0,24.0,621
ERIS.NS,Eris Lifesciences Limited,Drug Manufacturers - Specialty & Generic,Healthcare,Healthcare,False,Cash,1,Stage 4,Stage 4,Stage 4 - Confirmed Downtrend,0.86,Price is below a bearish moving-average stack with falling trend signals.,,,,,-9.56,-2.88,66474562.72,0.67,0.52,0.53,True,True,"Stage 4, Stage 4 - Confirmed Downtrend, weekly_vcp_ok, volume_dryup, weekly_volume_dryup, weekly_strong, downtrend",watchlist,0.0,5.0,1412.47,-12.47,[14.98],[50],0.0,50.0,622
PGEL.NS,PG Electroplast Limited,Electronic Components,Technology,Technology,True,F&O,1,Stage 2 Failed,Stage 4,Failed Stage 2,0.72,"This stock was recently Stage 2, but the latest structure no longer satisfies Stage 2 rules. It is kept as Stage 2 Failed until a fresh base/repair structure forms.",Recent Stage 2 break; public stage held as Stage 2 Failed.,2026-09-28,2026-09-07,,-4.49,13.87,442173811.69,0.46,0.55,0.43,True,True,"Stage 4, Stage 4 - Weak/Declining, weekly_vcp_ok, volume_dryup, weekly_volume_dryup, weekly_strong, downtrend | Stage 2 failed state applied from stage memory.",watchlist,0.0,5.0,605.47,-16.26,[11.03],[6],0.0,6.0,623
ORISSAMINE.NS,The Orissa Minerals Development Company Limited,Steel,Basic Materials,Basic Materials,False,Cash,1,Stage 4,Stage 4,Stage 4 - Weak/Declining,0.72,Price is below long-term support with weak trend evidence.,,,,,-2.59,11.02,29302418.1,0.31,0.47,0.21,True,True,"Stage 4, Stage 4 - Weak/Declining, weekly_vcp_ok, volume_dryup, weekly_volume_dryup, weekly_strong, downtrend",watchlist,0.0,5.0,4058.09,-9.62,[19.06],[27],0.0,27.0,624
SIYSIL.NS,Siyaram Silk Mills Limited,Textile Manufacturing,Consumer Cyclical,Consumer Cyclical,False,Cash,1,Stage 4,Stage 4,Stage 4 - Weak/Declining,0.72,Price is below long-term support with weak trend evidence.,,,2026-08-20,,-10.05,15.0,16138575.38,0.55,0.35,0.36,True,True,"Stage 4, Stage 4 - Weak/Declining, weekly_vcp_ok, volume_dryup, weekly_volume_dryup, weekly_strong, downtrend",watchlist,0.0,5.0,570.25,-6.47,[23.09],[22],0.0,22.0,625
CUMMINSIND.NS,Cummins India Limited,Specialty Industrial Machinery,Industrials,Industrials,True,F&O,1,Stage 4,Stage 4,Stage 4 - Weak/Declining,0.72,Price is below long-term support with weak trend evidence.,,,2026-08-11,,-7.14,7.61,1740063316.58,0.79,1.19,0.74,True,True,"Stage 4, Stage 4 - Weak/Declining, weekly_vcp_ok, volume_dryup, weekly_volume_dryup, weekly_strong, downtrend",watchlist,0.0,5.0,5692.78,-14.72,[4.62],[64],0.0,64.0,626
ALKEM.NS,Alkem Laboratories Limited,Drug Manufacturers - Specialty & Generic,Healthcare,Healthcare,True,F&O,1,Stage 4,Stage 4,Stage 4 - Confirmed Downtrend,0.86,Price is below a bearish moving-average stack with falling trend signals.,,,2026-08-11,,-0.64,0.86,736893734.73,1.35,0.76,0.83,False,True,"Stage 4, Stage 4 - Confirmed Downtrend, weekly_vcp_ok, weekly_volume_dryup, weekly_strong, downtrend",watchlist,0.0,5.0,5882.27,-12.02,[10.8],[89],0.0,89.0,627
HAVELLS.NS,Havells India Limited,Electrical Equipment & Parts,Industrials,Industrials,True,F&O,1,Stage 4,Stage 4,Stage 4 - Confirmed Downtrend,0.86,Price is below a bearish moving-average stack with falling trend signals.,,,,,-3.46,-5.38,862445403.63,0.7,0.97,0.5,True,True,"Stage 4, Stage 4 - Confirmed Downtrend, weekly_vcp_ok, volume_dryup, weekly_volume_dryup, weekly_strong, downtrend",watchlist,0.0,5.0,1301.37,-16.63,[17.79],[21],0.0,21.0,628
AIAENG.NS,AIA Engineering Limited,Specialty Industrial Machinery,Industrials,Industrials,False,Cash,1,Stage 4,Stage 4,Stage 4,0.66,Declining structure detected.,,,2026-08-28,,-17.72,8.29,261715478.76,1.42,0.55,1.46,False,False,"Stage 4, Stage 4, weekly_vcp_ok, weekly_strong, downtrend",watchlist,0.0,5.0,4526.72,-15.14,[22.38],[25],0.0,25.0,629
SYNGENE.NS,Syngene International Limited,Diagnostics & Research,Healthcare,Healthcare,False,Cash,1,Stage 4,Stage 4,Stage 4 - Confirmed Downtrend,0.86,Price is below a bearish moving-average stack with falling trend signals.,,,,,-9.42,-1.33,236350507.62,0.78,0.44,0.27,True,True,"Stage 4, Stage 4 - Confirmed Downtrend, weekly_vcp_ok, volume_dryup, weekly_volume_dryup, weekly_strong, downtrend",watchlist,0.0,5.0,450.74,-16.58,"[16.66, 18.86]","[24, 33]",0.1,65.0,630
SANDUMA.NS,Sandur Manganese & Iron Ores Limited,Steel,Basic Materials,Basic Materials,False,Cash,1,Stage 4,Stage 4,Stage 4 - Confirmed Downtrend,0.86,Price is below a bearish moving-average stack with falling trend signals.,,,2026-06-22,,-7.01,1.67,92591691.19,0.82,1.05,0.69,True,True,"Stage 4, Stage 4 - Confirmed Downtrend, weekly_vcp_ok, volume_dryup, weekly_volume_dryup, weekly_strong, downtrend",watchlist,0.0,5.0,213.82,-15.11,[16.51],[14],0.0,14.0,631
VESUVIUS.NS,Vesuvius India Limited,Specialty Industrial Machinery,Industrials,Industrials,False,Cash,1,Stage 4,Stage 4,Stage 4 - Confirmed Downtrend,0.86,Price is below a bearish moving-average stack with falling trend signals.,,,,,-13.57,-13.44,27705241.53,1.14,1.18,1.08,False,False,"Stage 4, Stage 4 - Confirmed Downtrend, weekly_vcp_ok, weekly_strong, downtrend",watchlist,0.0,5.0,466.62,-17.41,"[12.66, 13.28]","[16, 14]",0.9,42.0,632
SURYAROSNI.NS,Surya Roshni Limited,Steel,Basic Materials,Basic Materials,False,Cash,1,Stage 4,Stage 4,Stage 4 - Confirmed Downtrend,0.86,Price is below a bearish moving-average stack with falling trend signals.,,,2026-07-10,,-8.48,4.68,87913110.54,0.77,1.18,0.88,True,True,"Stage 4, Stage 4 - Confirmed Downtrend, weekly_vcp_ok, volume_dryup, weekly_volume_dryup, weekly_strong, downtrend",watchlist,0.0,5.0,222.67,-1.15,[19.11],[28],0.0,28.0,633
ANUP.NS,The Anup Engineering Limited,Specialty Industrial Machinery,Industrials,Industrials,False,Cash,1,Stage 4,Stage 4,Stage 4 - Confirmed Downtrend,0.86,Price is below a bearish moving-average stack with falling trend signals.,,,2026-07-24,,-22.46,-2.73,36903444.38,0.71,0.9,0.81,True,True,"Stage 4, Stage 4 - Confirmed Downtrend, weekly_vcp_ok, volume_dryup, weekly_volume_dryup, weekly_strong, downtrend",watchlist,0.0,5.0,1915.93,-14.82,[30.66],[29],0.0,29.0,634
BDL.NS,Bharat Dynamics Limited,Aerospace & Defense,Industrials,Industrials,True,F&O,1,Stage 4,Stage 4,Stage 4 - Confirmed Downtrend,0.86,Price is below a bearish moving-average stack with falling trend signals.,,,,,-14.36,-3.67,1205583918.79,0.81,1.03,0.84,True,True,"Stage 4, Stage 4 - Confirmed Downtrend, weekly_vcp_ok, volume_dryup, weekly_volume_dryup, weekly_strong, downtrend",watchlist,0.0,5.0,1395.67,-20.11,[23.3],[22],0.0,22.0,635
KIRLOSENG.NS,Kirloskar Oil Engines Limited,Specialty Industrial Machinery,Industrials,Industrials,False,Cash,1,Stage 2 Failed,Stage 1,Failed Stage 2,0.72,"This stock was recently Stage 2, but the latest structure no longer satisfies Stage 2 rules. It is kept as Stage 2 Failed until a fresh base/repair structure forms.",Recent Stage 2 break; public stage held as Stage 2 Failed.,2026-09-28,2026-09-24,,-2.46,57.31,917126106.74,0.95,0.98,0.69,False,True,"Stage 1, Stage 1 - Unclear/Repair, weekly_volume_dryup, stage1_not_actionable, stage1_needs_more_base | Stage 2 failed state applied from stage memory.",watchlist,0.0,5.0,2317.1,-7.59,[16.53],[5],0.0,5.0,636
VIYASH.NS,Viyash Scientific Limited,Drug Manufacturers - Specialty & Generic,Healthcare,Healthcare,False,Cash,1,Stage 2 Failed,Stage 1,Failed Stage 2,0.72,"This stock was recently Stage 2, but the latest structure no longer satisfies Stage 2 rules. It is kept as Stage 2 Failed until a fresh base/repair structure forms.",Recent Stage 2 break; public stage held as Stage 2 Failed.,2026-09-28,2026-09-22,,-12.49,27.94,684224530.47,0.51,0.19,0.43,True,True,"Stage 1, Stage 1 - Base/Repair, volume_dryup, weekly_volume_dryup, stage1_not_actionable, stage1_needs_more_base | Stage 2 failed state applied from stage memory.",watchlist,0.0,5.0,280.49,-14.08,[15.41],[16],0.0,16.0,637
NSLNISP.NS,NMDC Steel Limited,Steel,Basic Materials,Basic Materials,False,Cash,1,Stage 2 Failed,Stage 1,Failed Stage 2,0.72,"This stock was recently Stage 2, but the latest structure no longer satisfies Stage 2 rules. It is kept as Stage 2 Failed until a fresh base/repair structure forms.",Recent Stage 2 break; public stage held as Stage 2 Failed.,2026-09-28,2026-09-23,,0.21,19.91,204684531.39,0.61,0.74,0.67,True,True,"Stage 1, Stage 1 - Base/Repair, volume_dryup, weekly_volume_dryup, stage1_not_actionable, stage1_needs_more_base | Stage 2 failed state applied from stage memory.",watchlist,0.0,5.0,49.49,-15.57,[18.56],[13],0.0,13.0,638
CIPLA.NS,Cipla Limited,Drug Manufacturers - Specialty & Generic,Healthcare,Healthcare,True,F&O,1,Stage 3,Stage 3,Stage 3 - Distribution/Damage,0.76,"Prior strength exists, but short-term and/or weekly structure is deteriorating.",,,2026-08-24,,0.14,19.39,1246926146.58,0.98,0.85,0.94,False,False,"Stage 3, Stage 3 - Distribution/Damage, distribution_risk",watchlist,0.0,5.0,1488.1,-7.02,[9.85],[35],0.0,35.0,639
GENUSPOWER.NS,Genus Power Infrastructures Limited,Electrical Equipment & Parts,Industrials,Industrials,False,Cash,1,Stage 2 Failed,Stage 1,Failed Stage 2,0.72,"This stock was recently Stage 2, but the latest structure no longer satisfies Stage 2 rules. It is kept as Stage 2 Failed until a fresh base/repair structure forms.",Recent Stage 2 break; public stage held as Stage 2 Failed.,2026-09-28,2026-09-25,,-0.93,28.4,550754411.4,0.71,0.47,0.62,True,True,"Stage 1, Stage 1 - Base/Repair, volume_dryup, weekly_volume_dryup, stage1_not_actionable, stage1_needs_more_base | Stage 2 failed state applied from stage memory.",watchlist,0.0,5.0,352.92,-16.68,[17.68],[13],0.0,13.0,640
VAIBHAVGBL.NS,Vaibhav Global Limited,Luxury Goods,Consumer Cyclical,Consumer Cyclical,False,Cash,1,Stage 4,Stage 4,Stage 4 - Weak/Declining,0.72,Price is below long-term support with weak trend evidence.,,,2026-08-13,,-8.69,17.59,43841678.78,0.54,1.38,0.58,True,True,"Stage 4, Stage 4 - Weak/Declining, volume_dryup, weekly_volume_dryup, downtrend",watchlist,0.0,5.0,232.91,-14.25,[11.21],[8],0.0,8.0,641
GANECOS.NS,Ganesha Ecosphere Limited,Textile Manufacturing,Consumer Cyclical,Consumer Cyclical,False,Cash,1,Stage 2 Failed,Stage 3,Failed Stage 2,0.72,"This stock was recently Stage 2, but the latest structure no longer satisfies Stage 2 rules. It is kept as Stage 2 Failed until a fresh base/repair structure forms.",Recent Stage 2 break; public stage held as Stage 2 Failed.,2026-09-28,2026-09-24,,16.51,2.31,105322538.38,0.88,0.49,0.48,False,True,"Stage 3, Stage 3 - Transition, weekly_volume_dryup, distribution_risk | Stage 2 failed state applied from stage memory.",watchlist,0.0,5.0,1064.26,-4.23,[19.4],[15],0.0,15.0,642
PGHL.NS,Procter & Gamble Health Limited,Drug Manufacturers - Specialty & Generic,Healthcare,Healthcare,False,Cash,1,Stage 2 Failed,Stage 1,Failed Stage 2,0.72,"This stock was recently Stage 2, but the latest structure no longer satisfies Stage 2 rules. It is kept as Stage 2 Failed until a fresh base/repair structure forms.",Recent Stage 2 break; public stage held as Stage 2 Failed.,2026-09-28,2026-09-07,,-10.69,15.41,41910100.3,0.66,1.06,0.7,True,True,"Stage 1, Stage 1 - Unclear/Repair, volume_dryup, weekly_volume_dryup, stage1_not_actionable, stage1_needs_more_base | Stage 2 failed state applied from stage memory.",watchlist,0.0,5.0,5883.58,-8.23,[23.38],[42],0.0,42.0,643
LLOYDSME.NS,Lloyds Metals And Energy Limited,Steel,Basic Materials,Basic Materials,False,Cash,1,Stage 2 Failed,Stage 3,Failed Stage 2,0.72,"This stock was recently Stage 2, but the latest structure no longer satisfies Stage 2 rules. It is kept as Stage 2 Failed until a fresh base/repair structure forms.",Recent Stage 2 break; public stage held as Stage 2 Failed.,2026-09-28,2026-09-25,,6.45,34.61,581539105.95,0.8,0.89,0.89,True,True,"Stage 3, Stage 3 - Transition, volume_dryup, weekly_volume_dryup, distribution_risk | Stage 2 failed state applied from stage memory.",watchlist,0.0,5.0,1862.65,-1.41,[18.07],[26],0.0,26.0,644
ZENTEC.NS,Zen Technologies Limited,Aerospace & Defense,Industrials,Industrials,False,Cash,1,Stage 2 Failed,Stage 1,Failed Stage 2,0.72,"This stock was recently Stage 2, but the latest structure no longer satisfies Stage 2 rules. It is kept as Stage 2 Failed until a fresh base/repair structure forms.",Recent Stage 2 break; public stage held as Stage 2 Failed.,2026-09-28,2026-09-08,,-2.2,22.48,488444127.39,0.61,0.44,0.5,True,True,"Stage 1, Stage 1 - Base/Repair, volume_dryup, weekly_volume_dryup, stage1_not_actionable, stage1_needs_more_base | Stage 2 failed state applied from stage memory.",watchlist,0.0,5.0,1869.67,-12.13,[22.37],[20],0.0,20.0,645
FDC.NS,FDC Limited,Drug Manufacturers - Specialty & Generic,Healthcare,Healthcare,False,Cash,1,Stage 4,Stage 4,Stage 4 - Confirmed Downtrend,0.86,Price is below a bearish moving-average stack with falling trend signals.,,,2026-07-31,,-15.77,6.92,51357056.35,0.85,0.99,0.61,False,True,"Stage 4, Stage 4 - Confirmed Downtrend, weekly_volume_dryup, downtrend",watchlist,0.0,5.0,366.24,-6.18,[22.64],[22],0.0,22.0,646
POWERINDIA.NS,Hitachi Energy India Limited,Electrical Equipment & Parts,Industrials,Industrials,True,F&O,1,Stage 2 Failed,Stage 1,Failed Stage 2,0.72,"This stock was recently Stage 2, but the latest structure no longer satisfies Stage 2 rules. It is kept as Stage 2 Failed until a fresh base/repair structure forms.",Recent Stage 2 break; public stage held as Stage 2 Failed.,2026-09-28,2026-09-18,,-5.28,21.77,2758669790.75,0.83,0.76,0.77,True,True,"Stage 1, Stage 1 - Base/Repair, volume_dryup, weekly_volume_dryup, stage1_not_actionable, stage1_needs_more_base | Stage 2 failed state applied from stage memory.",watchlist,0.0,5.0,32757.22,-7.62,[18.96],[26],0.0,26.0,647
POLYCAB.NS,Polycab India Limited,Electrical Equipment & Parts,Industrials,Industrials,True,F&O,1,Stage 1,Stage 1,Stage 1 - Base/Repair,0.7,Price is near long-term moving averages with no strong long-term downtrend signal.,,,2026-08-31,,-9.88,21.91,3185257714.72,0.84,0.78,0.79,True,True,"Stage 1, Stage 1 - Base/Repair, volume_dryup, weekly_volume_dryup, stage1_not_actionable, stage1_needs_more_base",watchlist,0.0,5.0,9649.36,-15.11,"[13.18, 14.08]","[20, 22]",0.1,62.0,648
KAYNES.NS,Kaynes Technology India Limited,Electronic Components,Technology,Technology,True,F&O,1,Stage 1,Stage 1,Stage 1 - Early Turn,0.66,The stock is improving from a repair/base area but has not confirmed a clean Stage 2 yet.,,,,,20.92,5.65,3650692576.57,1.0,0.89,1.21,False,False,"Stage 1, Stage 1 - Early Turn, stage1_not_actionable, stage1_needs_more_base",watchlist,0.0,5.0,4125.11,-11.32,[16.91],[30],0.0,30.0,649
NATCOPHARM.NS,Natco Pharma Limited,Drug Manufacturers - Specialty & Generic,Healthcare,Healthcare,False,Cash,1,Stage 4,Stage 4,Stage 4 - Weak/Declining,0.72,Price is below long-term support with weak trend evidence.,,,2026-05-29,,-6.08,-16.97,338884833.5,1.18,1.25,1.26,False,False,"Stage 4, Stage 4 - Weak/Declining, downtrend",watchlist,0.0,5.0,916.05,-9.55,[16.84],[23],0.0,23.0,650
TARIL.NS,Transformers And Rectifiers (India) Limited,Electrical Equipment & Parts,Industrials,Industrials,False,Cash,1,Not Sure,Stage 4,Pending Stage 4,0.55,Blocked public stage jump Stage 1 -> Stage 4; waiting for intermediate/confirmed structure.,Blocked public stage jump Stage 1 -> Stage 4; waiting for intermediate/confirmed structure.,,,Stage 4,-19.12,1.38,244324010.45,0.62,0.45,0.55,True,True,"Stage 4, Stage 4 - Weak/Declining, volume_dryup, weekly_volume_dryup, downtrend | Blocked public stage jump Stage 1 -> Stage 4; waiting for intermediate/confirmed structure.",watchlist,0.0,5.0,327.23,-17.35,[23.66],[44],0.0,44.0,651
GVT&D.NS,GE Vernova T&D India Limited,Specialty Industrial Machinery,Industrials,Industrials,False,Cash,1,Stage 2 Failed,Stage 3,Failed Stage 2,0.72,"This stock was recently Stage 2, but the latest structure no longer satisfies Stage 2 rules. It is kept as Stage 2 Failed until a fresh base/repair structure forms.",Recent Stage 2 break; public stage held as Stage 2 Failed.,2026-09-28,2026-09-23,,-7.53,12.49,3466770097.67,0.59,0.47,0.47,True,True,"Stage 3, Stage 3 - Distribution/Damage, volume_dryup, weekly_volume_dryup, distribution_risk | Stage 2 failed state applied from stage memory.",watchlist,0.0,5.0,4833.44,-13.04,[14.0],[5],0.0,5.0,652
KEI.NS,KEI Industries Limited,Electrical Equipment & Parts,Industrials,Industrials,True,F&O,1,Stage 1,Stage 1,Stage 1 - Unclear/Repair,0.58,Not enough evidence for Stage 2 or Stage 4; classified as repair/unclear structure.,,,2026-09-03,,-9.31,13.82,3036607947.75,0.64,0.42,0.61,True,True,"Stage 1, Stage 1 - Unclear/Repair, volume_dryup, weekly_volume_dryup, stage1_not_actionable, stage1_needs_more_base",watchlist,0.0,5.0,5750.35,-21.47,[24.61],[18],0.0,18.0,653
SUZLON.NS,Suzlon Energy Limited,Specialty Industrial Machinery,Industrials,Industrials,True,F&O,1,Stage 4,Stage 4,Stage 4 - Weak/Declining,0.72,Price is below long-term support with weak trend evidence.,,,2026-07-13,,-26.12,-0.49,2168188483.72,1.13,1.44,1.45,False,False,"Stage 4, Stage 4 - Weak/Declining, downtrend",watchlist,0.0,5.0,59.41,-33.25,[20.89],[65],0.0,65.0,654
ITI.NS,ITI Limited,Communication Equipment,Technology,Technology,False,Cash,1,Stage 4,Stage 4,Stage 4 - Confirmed Downtrend,0.86,Price is below a bearish moving-average stack with falling trend signals.,,,2026-07-02,,-12.88,-1.29,37092685.53,0.65,0.82,0.73,True,True,"Stage 4, Stage 4 - Confirmed Downtrend, volume_dryup, weekly_volume_dryup, downtrend",watchlist,0.0,5.0,296.42,-17.08,[16.68],[28],0.0,28.0,655
KIRLPNU.NS,Kirloskar Pneumatic Company Limited,Specialty Industrial Machinery,Industrials,Industrials,False,Cash,1,Stage 4,Stage 4,Stage 4 - Weak/Declining,0.72,Price is below long-term support with weak trend evidence.,,,2026-07-22,,-26.75,27.84,102745213.58,0.45,0.37,0.25,True,True,"Stage 4, Stage 4 - Weak/Declining, volume_dryup, weekly_volume_dryup, downtrend",watchlist,0.0,5.0,774.15,-12.34,[12.45],[7],0.0,7.0,656
SENCO.NS,Senco Gold Limited,Luxury Goods,Consumer Cyclical,Consumer Cyclical,False,Cash,1,Stage 2 Failed,Stage 4,Failed Stage 2,0.72,"This stock was recently Stage 2, but the latest structure no longer satisfies Stage 2 rules. It is kept as Stage 2 Failed until a fresh base/repair structure forms.",Recent Stage 2 break; public stage held as Stage 2 Failed.,2026-09-28,2026-09-23,,1.32,12.79,255919467.11,0.46,3.18,0.66,True,True,"Stage 4, Stage 4, volume_dryup, weekly_volume_dryup, downtrend | Stage 2 failed state applied from stage memory.",watchlist,0.0,5.0,378.41,-15.89,[23.48],[17],0.0,17.0,657
OSWALPUMPS.NS,Oswal Pumps Limited,Electrical Equipment & Parts,Industrials,Industrials,False,Cash,1,Stage 4,Stage 4,Stage 4 - Confirmed Downtrend,0.86,Price is below a bearish moving-average stack with falling trend signals.,,,,,-30.64,-11.45,143466393.38,0.77,0.47,1.09,True,False,"Stage 4, Stage 4 - Confirmed Downtrend, volume_dryup, downtrend",watchlist,0.0,5.0,294.11,-8.69,[40.52],[59],0.0,59.0,658
PRAKASH.NS,Prakash Industries Limited,Steel,Basic Materials,Basic Materials,False,Cash,1,Stage 4,Stage 4,Stage 4 - Weak/Declining,0.72,Price is below long-term support with weak trend evidence.,,,,,-10.43,-2.12,55598697.19,1.22,1.23,1.36,False,False,"Stage 4, Stage 4 - Weak/Declining, downtrend",watchlist,0.0,5.0,128.16,-9.74,[21.06],[28],0.0,28.0,659
BECTORFOOD.NS,Mrs. Bectors Food Specialities Limited,Packaged Foods,Consumer Defensive,Consumer Defensive,False,Cash,1,Stage 2 Failed,Not Sure,Failed Stage 2,0.72,"This stock was recently Stage 2, but the latest structure no longer satisfies Stage 2 rules. It is kept as Stage 2 Failed until a fresh base/repair structure forms.",Recent Stage 2 break; public stage held as Stage 2 Failed.,2026-09-28,2026-09-21,,22.83,14.39,260574453.46,0.38,0.36,0.15,True,True,"Not Sure, Not Sure, weekly_vcp_ok, volume_dryup, weekly_volume_dryup, weekly_strong | Stage 2 failed state applied from stage memory.",watchlist,4.97,4.97,247.44,-14.52,[16.43],[10],0.0,10.0,660
JMFINANCIL.NS,JM Financial Limited,Capital Markets,Financial Services,Financial Services,False,Cash,1,Stage 4,Stage 4,Stage 4 - Weak/Declining,0.72,Price is below long-term support with weak trend evidence.,,,,,2.0,8.1,302480642.81,0.81,0.89,0.67,True,True,"Stage 4, Stage 4 - Weak/Declining, weekly_vcp_ok, volume_dryup, weekly_volume_dryup, weekly_strong, downtrend",watchlist,4.85,4.85,136.3,-8.11,"[22.21, 11.66, 13.39]","[17, 20, 8]",0.55,93.0,661
PGHH.NS,Procter & Gamble Hygiene and Health Care Limited,Household & Personal Products,Consumer Defensive,Consumer Defensive,False,Cash,1,Stage 4,Stage 4,Stage 4 - Confirmed Downtrend,0.86,Price is below a bearish moving-average stack with falling trend signals.,,,,,-16.79,-26.61,141779414.82,1.37,1.42,1.55,False,False,"Stage 4, Stage 4 - Confirmed Downtrend, downtrend",watchlist,4.77,4.77,8161.04,-15.59,"[14.47, 7.35]","[14, 5]",0.9,23.0,662
JINDALPOLY.NS,Jindal Poly Films Limited,Consumer Cyclical,Consumer Cyclical,Consumer Cyclical,False,Cash,1,Stage 1,Stage 1,Stage 1 - Early Turn,0.66,The stock is improving from a repair/base area but has not confirmed a clean Stage 2 yet.,,,,,15.14,-9.74,46116686.81,2.46,0.22,0.36,False,True,"Stage 1, Stage 1 - Early Turn, weekly_vcp_ok, weekly_volume_dryup, weekly_strong, stage1_not_actionable, stage1_needs_more_base",watchlist,3.64,4.64,801.4,-15.19,"[21.81, 17.38, 10.45]","[12, 19, 14]",0.95,56.0,663
AADHARHFC.NS,Aadhar Housing Finance Limited,Mortgage Finance,Financial Services,Financial Services,False,Cash,1,Stage 4,Stage 4,Stage 4 - Weak/Declining,0.72,Price is below long-term support with weak trend evidence.,,,2026-08-13,,-13.33,1.77,155034719.12,1.27,0.45,0.8,False,True,"Stage 4, Stage 4 - Weak/Declining, weekly_vcp_ok, weekly_volume_dryup, weekly_strong, downtrend",watchlist,4.57,4.57,488.0,-10.46,"[13.48, 11.3]","[18, 12]",0.9,35.0,664
JSWDULUX.NS,JSW Dulux Limited,Specialty Chemicals,Basic Materials,Basic Materials,False,Cash,1,Stage 2 Failed,Not Sure,Failed Stage 2,0.72,"This stock was recently Stage 2, but the latest structure no longer satisfies Stage 2 rules. It is kept as Stage 2 Failed until a fresh base/repair structure forms.",Recent Stage 2 break; public stage held as Stage 2 Failed.,2026-09-28,2026-09-25,,3.86,9.86,87662233.29,1.55,1.02,2.13,False,False,"Not Sure, Not Sure | Stage 2 failed state applied from stage memory.",watchlist,1.9,4.4,3244.17,-2.29,[6.1],[7],0.0,7.0,665
WONDERLA.NS,Wonderla Holidays Limited,Consumer Cyclical,Consumer Cyclical,Consumer Cyclical,False,Cash,1,Stage 2 Failed,Stage 1,Failed Stage 2,0.72,"This stock was recently Stage 2, but the latest structure no longer satisfies Stage 2 rules. It is kept as Stage 2 Failed until a fresh base/repair structure forms.",Recent Stage 2 break; public stage held as Stage 2 Failed.,2026-09-28,2026-09-25,,7.1,-0.63,27354936.35,0.42,0.41,0.36,True,True,"Stage 1, Stage 1 - Early Turn, weekly_vcp_ok, volume_dryup, weekly_volume_dryup, weekly_strong, stage1_not_actionable, stage1_needs_more_base | Stage 2 failed state applied from stage memory.",watchlist,3.35,4.35,555.97,-9.07,"[11.41, 9.17]","[7, 10]",0.9,28.0,666
GRINDWELL.NS,Grindwell Norton Limited,Building Products & Equipment,Industrials,Industrials,False,Cash,1,Stage 2 Failed,Stage 1,Failed Stage 2,0.72,"This stock was recently Stage 2, but the latest structure no longer satisfies Stage 2 rules. It is kept as Stage 2 Failed until a fresh base/repair structure forms.",Recent Stage 2 break; public stage held as Stage 2 Failed.,2026-09-28,2026-09-21,,-5.79,40.04,47066474.2,0.98,0.92,0.79,False,True,"Stage 1, Stage 1 - Base/Repair, weekly_volume_dryup, stage1_not_actionable, stage1_needs_more_base | Stage 2 failed state applied from stage memory.",watchlist,4.19,4.19,2197.84,-12.72,"[20.53, 17.34]","[7, 22]",0.9,43.0,667
PARKHOTELS.NS,Apeejay Surrendra Park Hotels Limited,Lodging,Consumer Cyclical,Consumer Cyclical,False,Cash,1,Stage 4,Stage 4,Stage 4 - Confirmed Downtrend,0.86,Price is below a bearish moving-average stack with falling trend signals.,,,,,-7.65,-0.49,15769293.49,1.33,3.06,1.85,False,False,"Stage 4, Stage 4 - Confirmed Downtrend, weekly_vcp_ok, weekly_strong, downtrend",watchlist,3.1,4.1,127.23,-18.59,"[13.71, 11.48, 6.94]","[8, 12, 7]",0.95,40.0,668
POONAWALLA.NS,Poonawalla Fincorp Limited,Credit Services,Financial Services,Financial Services,False,Cash,1,Stage 2 Failed,Not Sure,Failed Stage 2,0.72,"This stock was recently Stage 2, but the latest structure no longer satisfies Stage 2 rules. It is kept as Stage 2 Failed until a fresh base/repair structure forms.",Recent Stage 2 break; public stage held as Stage 2 Failed.,2026-09-28,2026-09-23,,2.53,15.44,558579655.73,1.45,1.01,0.99,False,False,"Not Sure, Not Sure, weekly_vcp_ok | Stage 2 failed state applied from stage memory.",watchlist,3.09,4.09,512.8,-13.19,[12.45],[42],0.0,42.0,669
JKIL.NS,J.Kumar Infraprojects Limited,Engineering & Construction,Industrials,Industrials,False,Cash,1,Stage 4,Stage 4,Stage 4 - Confirmed Downtrend,0.86,Price is below a bearish moving-average stack with falling trend signals.,,,,,0.11,4.63,20333589.47,0.76,0.73,0.7,True,True,"Stage 4, Stage 4 - Confirmed Downtrend, weekly_vcp_ok, volume_dryup, weekly_volume_dryup, weekly_strong, downtrend",watchlist,4.0,4.0,515.48,-10.52,"[14.22, 12.86, 8.47]","[19, 14, 32]",0.95,75.0,670
ABCAPITAL.NS,Aditya Birla Capital Limited,Financial Services,Financial Services,Financial Services,True,F&O,1,Stage 2 Failed,Stage 3,Failed Stage 2,0.72,"This stock was recently Stage 2, but the latest structure no longer satisfies Stage 2 rules. It is kept as Stage 2 Failed until a fresh base/repair structure forms.",Recent Stage 2 break; public stage held as Stage 2 Failed.,2026-09-28,2026-09-24,,2.5,30.57,965195975.59,0.81,0.66,0.81,True,True,"Stage 3, Stage 3 - Transition, weekly_vcp_ok, volume_dryup, weekly_volume_dryup, weekly_strong, distribution_risk | Stage 2 failed state applied from stage memory.",watchlist,3.98,3.98,417.18,-8.26,"[8.57, 9.23]","[11, 15]",0.1,32.0,671
CHOICEIN.NS,Choice International Limited,Capital Markets,Financial Services,Financial Services,False,Cash,1,Not Sure,Not Sure,Not Sure,0.0,Stage rules did not identify a reliable structure.,No confident stage classification.,,2026-08-24,,2.12,20.48,287168530.06,0.99,1.08,0.67,False,True,"Not Sure, Not Sure, weekly_vcp_ok, weekly_volume_dryup, weekly_strong",watchlist,3.94,3.94,794.39,-4.72,[6.81],[10],0.0,10.0,672
RATEGAIN.NS,Rategain Travel Technologies Limited,Software - Application,Technology,Technology,False,Cash,1,Stage 2 Failed,Stage 1,Failed Stage 2,0.72,"This stock was recently Stage 2, but the latest structure no longer satisfies Stage 2 rules. It is kept as Stage 2 Failed until a fresh base/repair structure forms.",Recent Stage 2 break; public stage held as Stage 2 Failed.,2026-09-28,2026-09-21,,-7.22,70.18,265090786.46,0.56,0.51,0.47,True,True,"Stage 1, Stage 1 - Unclear/Repair, volume_dryup, weekly_volume_dryup, stage1_not_actionable, stage1_needs_more_base | Stage 2 failed state applied from stage memory.",watchlist,1.43,3.93,1010.77,-18.01,"[14.7, 16.32]","[7, 5]",0.1,21.0,673
CERA.NS,Cera Sanitaryware Limited,Building Products & Equipment,Industrials,Industrials,False,Cash,1,Stage 4,Stage 4,Stage 4,0.66,Declining structure detected.,,,2026-08-28,,-13.73,14.63,40228550.8,1.06,4.12,1.38,False,False,"Stage 4, Stage 4, downtrend",watchlist,3.91,3.91,6493.5,-19.98,"[13.56, 9.54]","[19, 14]",0.9,53.0,674
COALINDIA.NS,Coal India Limited,Energy,Energy,Energy,True,F&O,1,Stage 1,Stage 1,Stage 1 - Base/Repair,0.7,Price is near long-term moving averages with no strong long-term downtrend signal.,,,2026-07-03,,3.89,-1.26,3824730319.72,0.78,0.58,0.91,True,False,"Stage 1, Stage 1 - Base/Repair, volume_dryup, stage1_not_actionable, stage1_needs_more_base",watchlist,1.3,3.8,437.06,-3.33,[17.21],[55],0.0,55.0,675
IRFC.NS,Indian Railway Finance Corporation Limited,Credit Services,Financial Services,Financial Services,True,F&O,1,Stage 4,Stage 4,Stage 4 - Confirmed Downtrend,0.86,Price is below a bearish moving-average stack with falling trend signals.,,,,,-8.41,-12.21,559966715.71,1.03,1.2,0.82,False,True,"Stage 4, Stage 4 - Confirmed Downtrend, weekly_vcp_ok, weekly_volume_dryup, weekly_strong, downtrend",watchlist,2.7,3.7,101.32,-22.47,"[13.92, 15.0, 13.97]","[25, 24, 32]",0.55,94.0,676
DLF.NS,DLF Limited,Real Estate,Real Estate,Real Estate,True,F&O,1,Stage 2 Failed,Not Sure,Failed Stage 2,0.72,"This stock was recently Stage 2, but the latest structure no longer satisfies Stage 2 rules. It is kept as Stage 2 Failed until a fresh base/repair structure forms.",Recent Stage 2 break; public stage held as Stage 2 Failed.,2026-09-28,2026-09-25,,7.18,30.91,2423519061.73,1.0,0.81,1.14,False,False,"Not Sure, Not Sure | Stage 2 failed state applied from stage memory.",watchlist,2.5,3.5,691.61,-4.06,[11.51],[12],0.0,12.0,677
KKCL.NS,Kewal Kiran Clothing Limited,Apparel Manufacturing,Consumer Cyclical,Consumer Cyclical,False,Cash,1,Stage 2 Failed,Stage 4,Failed Stage 2,0.72,"This stock was recently Stage 2, but the latest structure no longer satisfies Stage 2 rules. It is kept as Stage 2 Failed until a fresh base/repair structure forms.",Recent Stage 2 break; public stage held as Stage 2 Failed.,2026-09-28,2026-09-18,,-2.44,7.53,14590364.45,0.72,0.81,0.64,True,True,"Stage 4, Stage 4 - Weak/Declining, weekly_vcp_ok, volume_dryup, weekly_volume_dryup, weekly_strong, downtrend | Stage 2 failed state applied from stage memory.",watchlist,3.48,3.48,569.04,-18.78,"[13.58, 4.73]","[39, 40]",0.9,95.0,678
NTPC.NS,NTPC Limited,Utilities,Utilities,Utilities,True,F&O,1,Stage 4,Stage 4,Stage 4 - Weak/Declining,0.72,Price is below long-term support with weak trend evidence.,,,2026-06-08,,-4.3,-7.5,2341199956.03,0.88,0.79,0.87,False,True,"Stage 4, Stage 4 - Weak/Declining, weekly_volume_dryup, downtrend",watchlist,3.14,3.14,357.62,-10.21,"[13.93, 7.85, 8.36]","[13, 18, 25]",0.55,68.0,679
INOXGREEN.NS,Inox Green Energy Services Limited,Utilities - Renewable,Utilities,Utilities,False,Cash,1,Stage 4,Stage 4,Stage 4 - Weak/Declining,0.72,Price is below long-term support with weak trend evidence.,,,2026-07-07,,-9.9,19.84,218245152.92,1.05,1.01,1.21,False,False,"Stage 4, Stage 4 - Weak/Declining, downtrend",watchlist,2.93,2.93,209.9,-19.01,"[16.47, 18.55, 16.02]","[17, 5, 13]",0.55,83.0,680
ORIENTELEC.NS,Orient Electric Limited,"Furnishings, Fixtures & Appliances",Consumer Cyclical,Consumer Cyclical,False,Cash,1,Stage 4,Stage 4,Stage 4 - Weak/Declining,0.72,Price is below long-term support with weak trend evidence.,,,2026-09-04,,-5.63,2.59,21448594.08,0.15,1.29,0.17,True,True,"Stage 4, Stage 4 - Weak/Declining, weekly_vcp_ok, volume_dryup, weekly_volume_dryup, weekly_strong, downtrend",watchlist,2.87,2.87,194.34,-17.67,"[14.33, 10.21]","[25, 16]",0.9,44.0,681
CARERATING.NS,CARE Ratings Limited,Financial Services,Financial Services,Financial Services,False,Cash,1,Stage 2 Failed,Stage 3,Failed Stage 2,0.72,"This stock was recently Stage 2, but the latest structure no longer satisfies Stage 2 rules. It is kept as Stage 2 Failed until a fresh base/repair structure forms.",Recent Stage 2 break; public stage held as Stage 2 Failed.,2026-09-28,2026-09-23,,2.71,12.02,98524951.24,0.75,0.78,0.95,True,False,"Stage 3, Stage 3 - Transition, volume_dryup, distribution_risk | Stage 2 failed state applied from stage memory.",watchlist,2.56,2.56,1812.17,-10.14,"[10.51, 11.4]","[14, 7]",0.1,30.0,682
AHLUCONT.NS,Ahluwalia Contracts (India) Limited,Engineering & Construction,Industrials,Industrials,False,Cash,1,Stage 4,Stage 4,Stage 4 - Confirmed Downtrend,0.86,Price is below a bearish moving-average stack with falling trend signals.,,,,,-27.96,-15.2,37999530.1,0.71,0.26,0.48,True,True,"Stage 4, Stage 4 - Confirmed Downtrend, weekly_vcp_ok, volume_dryup, weekly_volume_dryup, weekly_strong, downtrend",watchlist,2.5,2.5,885.48,-35.36,"[15.34, 5.82]","[10, 40]",0.9,59.0,683
KIRIINDUS.NS,Kiri Industries Limited,Specialty Chemicals,Basic Materials,Basic Materials,False,Cash,1,Stage 2 Failed,Stage 1,Failed Stage 2,0.72,"This stock was recently Stage 2, but the latest structure no longer satisfies Stage 2 rules. It is kept as Stage 2 Failed until a fresh base/repair structure forms.",Recent Stage 2 break; public stage held as Stage 2 Failed.,2026-09-28,2026-09-25,,47.5,46.74,828677286.8,0.66,0.36,0.79,True,True,"Stage 1, Stage 1 - Early Turn, weekly_vcp_ok, volume_dryup, weekly_volume_dryup, weekly_strong, stage1_not_actionable, stage1_needs_more_base | Stage 2 failed state applied from stage memory.",watchlist,0.0,2.5,605.01,-10.42,[18.54],[7],0.0,7.0,684
ELLEN.NS,Ellenbarrie Industrial Gases Limited,Chemicals,Basic Materials,Basic Materials,False,Cash,1,Stage 1,Stage 1,Stage 1 - Early Turn,0.66,The stock is improving from a repair/base area but has not confirmed a clean Stage 2 yet.,,,,,41.99,78.47,383595470.24,1.24,0.58,1.05,False,False,"Stage 1, Stage 1 - Early Turn, weekly_vcp_ok, weekly_strong, stage1_not_actionable, stage1_needs_more_base",watchlist,0.0,2.5,391.28,-8.24,[10.35],[13],0.0,13.0,685
DEEPAKNTR.NS,Deepak Nitrite Limited,Chemicals,Basic Materials,Basic Materials,False,Cash,1,Stage 2 Failed,Stage 1,Failed Stage 2,0.72,"This stock was recently Stage 2, but the latest structure no longer satisfies Stage 2 rules. It is kept as Stage 2 Failed until a fresh base/repair structure forms.",Recent Stage 2 break; public stage held as Stage 2 Failed.,2026-09-28,2026-09-23,,4.18,17.47,451565358.32,0.52,0.33,0.3,True,True,"Stage 1, Stage 1 - Base/Repair, weekly_vcp_ok, volume_dryup, weekly_volume_dryup, weekly_strong, stage1_not_actionable, stage1_needs_more_base | Stage 2 failed state applied from stage memory.",watchlist,0.0,2.5,1820.0,-14.79,[8.48],[7],0.0,7.0,686
EICHERMOT.NS,Eicher Motors Limited,Auto Manufacturers,Consumer Cyclical,Consumer Cyclical,True,F&O,1,Stage 2 Failed,Stage 1,Failed Stage 2,0.72,"This stock was recently Stage 2, but the latest structure no longer satisfies Stage 2 rules. It is kept as Stage 2 Failed until a fresh base/repair structure forms.",Recent Stage 2 break; public stage held as Stage 2 Failed.,2026-09-28,2026-09-23,,5.64,11.88,2974381902.65,0.71,1.14,0.68,True,True,"Stage 1, Stage 1 - Base/Repair, weekly_vcp_ok, volume_dryup, weekly_volume_dryup, weekly_strong, stage1_not_actionable, stage1_needs_more_base | Stage 2 failed state applied from stage memory.",watchlist,0.0,2.5,8140.49,-11.39,[8.05],[12],0.0,12.0,687
AUTOAXLES.NS,Automotive Axles Limited,Auto Parts,Consumer Cyclical,Consumer Cyclical,False,Cash,1,Stage 1,Stage 1,Stage 1 - Base/Repair,0.7,Price is near long-term moving averages with no strong long-term downtrend signal.,,,2026-08-12,,1.8,8.11,10624722.22,0.62,0.63,0.87,True,True,"Stage 1, Stage 1 - Base/Repair, weekly_vcp_ok, volume_dryup, weekly_volume_dryup, weekly_strong, stage1_not_actionable, stage1_needs_more_base",watchlist,0.0,2.5,1977.76,-14.59,[11.35],[41],0.0,41.0,688
HEROMOTOCO.NS,Hero MotoCorp Limited,Auto Manufacturers,Consumer Cyclical,Consumer Cyclical,True,F&O,1,Stage 2 Failed,Stage 3,Failed Stage 2,0.72,"This stock was recently Stage 2, but the latest structure no longer satisfies Stage 2 rules. It is kept as Stage 2 Failed until a fresh base/repair structure forms.",Recent Stage 2 break; public stage held as Stage 2 Failed.,2026-09-28,2026-09-08,,17.48,11.39,2865979441.65,0.72,0.68,0.58,True,True,"Stage 3, Stage 3 - Distribution/Damage, weekly_vcp_ok, volume_dryup, weekly_volume_dryup, weekly_strong, distribution_risk | Stage 2 failed state applied from stage memory.",watchlist,0.0,2.5,5668.9,-4.92,[12.99],[25],0.0,25.0,689
AFFLE.NS,Affle 3i Limited,Communication Services,Communication Services,Communication Services,False,Cash,1,Stage 2 Failed,Stage 3,Failed Stage 2,0.72,"This stock was recently Stage 2, but the latest structure no longer satisfies Stage 2 rules. It is kept as Stage 2 Failed until a fresh base/repair structure forms.",Recent Stage 2 break; public stage held as Stage 2 Failed.,2026-09-28,2026-09-07,,11.29,11.18,590069632.1,0.38,0.34,0.27,True,True,"Stage 3, Stage 3 - Transition, weekly_vcp_ok, volume_dryup, weekly_volume_dryup, weekly_strong, distribution_risk | Stage 2 failed state applied from stage memory.",watchlist,0.0,2.5,1751.26,-11.58,[13.42],[19],0.0,19.0,690
ATUL.NS,Atul Limited,Specialty Chemicals,Basic Materials,Basic Materials,False,Cash,1,Stage 1,Stage 1,Stage 1 - Unclear/Repair,0.58,Not enough evidence for Stage 2 or Stage 4; classified as repair/unclear structure.,,,2026-07-03,,-1.83,-2.12,159699675.93,0.56,0.83,0.66,True,True,"Stage 1, Stage 1 - Unclear/Repair, weekly_vcp_ok, volume_dryup, weekly_volume_dryup, weekly_strong, stage1_not_actionable, stage1_needs_more_base",watchlist,0.0,2.5,6642.5,-9.81,[13.08],[11],0.0,11.0,691
XPROINDIA.NS,Xpro India Limited,Specialty Chemicals,Basic Materials,Basic Materials,False,Cash,1,Stage 2 Failed,Stage 1,Failed Stage 2,0.72,"This stock was recently Stage 2, but the latest structure no longer satisfies Stage 2 rules. It is kept as Stage 2 Failed until a fresh base/repair structure forms.",Recent Stage 2 break; public stage held as Stage 2 Failed.,2026-09-28,2026-09-25,,-18.83,12.75,199682796.11,0.41,0.32,0.49,True,True,"Stage 1, Stage 1 - Base/Repair, weekly_vcp_ok, volume_dryup, weekly_volume_dryup, weekly_strong, stage1_not_actionable, stage1_needs_more_base | Stage 2 failed state applied from stage memory.",watchlist,0.0,2.5,1520.0,-24.86,[16.41],[56],0.0,56.0,692
SCI.NS,Shipping Corporation Of India Limited,Marine Shipping,Industrials,Industrials,False,Cash,1,Stage 2 Failed,Stage 1,Failed Stage 2,0.72,"This stock was recently Stage 2, but the latest structure no longer satisfies Stage 2 rules. It is kept as Stage 2 Failed until a fresh base/repair structure forms.",Recent Stage 2 break; public stage held as Stage 2 Failed.,2026-09-28,2026-09-10,,-4.97,21.7,443499902.05,0.62,0.78,0.48,True,True,"Stage 1, Stage 1 - Base/Repair, weekly_vcp_ok, volume_dryup, weekly_volume_dryup, weekly_strong, stage1_not_actionable, stage1_needs_more_base | Stage 2 failed state applied from stage memory.",watchlist,0.0,2.5,302.67,-10.12,[13.17],[13],0.0,13.0,693
ONESOURCE.NS,Onesource Specialty Pharma Limited,Biotechnology,Healthcare,Healthcare,False,Cash,1,Stage 2 Failed,Stage 4,Failed Stage 2,0.72,"This stock was recently Stage 2, but the latest structure no longer satisfies Stage 2 rules. It is kept as Stage 2 Failed until a fresh base/repair structure forms.",Recent Stage 2 break; public stage held as Stage 2 Failed.,2026-09-28,2026-09-16,,-2.11,13.74,580784609.04,0.95,0.94,0.67,False,True,"Stage 4, Stage 4 - Weak/Declining, weekly_vcp_ok, weekly_volume_dryup, weekly_strong, downtrend | Stage 2 failed state applied from stage memory.",watchlist,0.0,2.5,1657.5,-5.53,[15.79],[20],0.0,20.0,694
REFEX.NS,Refex Industries Limited,Energy,Energy,Energy,False,Cash,1,Stage 4,Stage 4,Stage 4,0.66,Declining structure detected.,,,2026-07-10,,-18.98,38.82,169373912.44,1.85,0.4,0.51,False,True,"Stage 4, Stage 4, weekly_vcp_ok, weekly_volume_dryup, weekly_strong, downtrend",watchlist,0.0,2.5,370.86,-25.63,[5.74],[99],0.0,99.0,695
JUBLINGREA.NS,Jubilant Ingrevia Limited,Specialty Chemicals,Basic Materials,Basic Materials,False,Cash,1,Stage 2 Failed,Stage 4,Failed Stage 2,0.72,"This stock was recently Stage 2, but the latest structure no longer satisfies Stage 2 rules. It is kept as Stage 2 Failed until a fresh base/repair structure forms.",Recent Stage 2 break; public stage held as Stage 2 Failed.,2026-09-28,2026-09-09,,3.05,15.7,188923742.85,0.91,2.34,0.98,False,False,"Stage 4, Stage 4 - Weak/Declining, weekly_vcp_ok, weekly_strong, downtrend | Stage 2 failed state applied from stage memory.",watchlist,0.0,2.5,793.72,-17.5,[19.87],[48],0.0,48.0,696
DDEVPLSTIK.NS,Ddev Plastiks Industries Limited,Specialty Chemicals,Basic Materials,Basic Materials,False,Cash,1,Stage 4,Stage 4,Stage 4 - Weak/Declining,0.72,Price is below long-term support with weak trend evidence.,,,2026-07-28,,-4.33,20.2,22317909.66,0.51,0.77,0.52,True,True,"Stage 4, Stage 4 - Weak/Declining, weekly_vcp_ok, volume_dryup, weekly_volume_dryup, weekly_strong, downtrend",watchlist,0.0,2.5,292.17,-13.54,[22.03],[28],0.0,28.0,697
BIOCON.NS,Biocon Limited,Biotechnology,Healthcare,Healthcare,True,F&O,1,Stage 4,Stage 4,Stage 4 - Weak/Declining,0.72,Price is below long-term support with weak trend evidence.,,,2026-08-14,,-5.23,8.72,1214891443.84,0.93,0.77,0.73,False,True,"Stage 4, Stage 4 - Weak/Declining, weekly_vcp_ok, weekly_volume_dryup, weekly_strong, downtrend",watchlist,0.0,2.5,422.34,-11.23,"[7.86, 8.52]","[9, 12]",0.1,32.0,698
RESPONIND.NS,Responsive Industries Limited,Specialty Chemicals,Basic Materials,Basic Materials,False,Cash,1,Stage 4,Stage 4,Stage 4 - Confirmed Downtrend,0.86,Price is below a bearish moving-average stack with falling trend signals.,,,2026-07-20,,-14.76,27.03,525374893.05,0.43,0.32,0.5,True,True,"Stage 4, Stage 4 - Confirmed Downtrend, weekly_vcp_ok, volume_dryup, weekly_volume_dryup, weekly_strong, downtrend",watchlist,0.0,2.5,241.18,-33.0,[12.77],[102],0.0,102.0,699
INDIAMART.NS,Indiamart Intermesh Limited,Communication Services,Communication Services,Communication Services,False,Cash,1,Stage 4,Stage 4,Stage 4 - Confirmed Downtrend,0.86,Price is below a bearish moving-average stack with falling trend signals.,,,,,-8.6,-14.32,182855230.01,1.2,0.3,0.41,False,True,"Stage 4, Stage 4 - Confirmed Downtrend, weekly_vcp_ok, weekly_volume_dryup, weekly_strong, downtrend",watchlist,0.0,2.5,1825.0,-10.3,"[12.06, 12.97]","[8, 27]",0.1,46.0,700
CLEAN.NS,Clean Science and Technology Limited,Specialty Chemicals,Basic Materials,Basic Materials,False,Cash,1,Not Sure,Stage 4,Pending Stage 4,0.55,Blocked public stage jump Stage 1 -> Stage 4; waiting for intermediate/confirmed structure.,Blocked public stage jump Stage 1 -> Stage 4; waiting for intermediate/confirmed structure.,,,Stage 4,6.15,12.83,303244637.61,0.71,0.59,0.48,True,True,"Stage 4, Stage 4 - Weak/Declining, weekly_vcp_ok, volume_dryup, weekly_volume_dryup, weekly_strong, downtrend | Blocked public stage jump Stage 1 -> Stage 4; waiting for intermediate/confirmed structure.",watchlist,0.0,2.5,872.85,-10.44,[11.56],[9],0.0,9.0,701
DCAL.NS,Dishman Carbogen Amcis Limited,Biotechnology,Healthcare,Healthcare,False,Cash,1,Stage 4,Stage 4,Stage 4 - Weak/Declining,0.72,Price is below long-term support with weak trend evidence.,,,,,-7.4,14.66,36875371.4,0.87,0.23,0.32,False,True,"Stage 4, Stage 4 - Weak/Declining, weekly_vcp_ok, weekly_volume_dryup, weekly_strong, downtrend",watchlist,0.0,2.5,201.0,-18.27,"[25.47, 13.89]","[19, 13]",0.9,46.0,702
SWARAJENG.NS,Swaraj Engines Limited,Auto Parts,Consumer Cyclical,Consumer Cyclical,False,Cash,1,Stage 4,Stage 4,Stage 4 - Weak/Declining,0.72,Price is below long-term support with weak trend evidence.,,,2026-07-06,,-5.94,8.95,28838186.79,0.93,1.78,0.68,False,True,"Stage 4, Stage 4 - Weak/Declining, weekly_vcp_ok, weekly_volume_dryup, weekly_strong, downtrend",watchlist,0.0,2.5,3699.0,-3.96,[12.64],[44],0.0,44.0,703
KANSAINER.NS,Kansai Nerolac Paints Limited,Specialty Chemicals,Basic Materials,Basic Materials,False,Cash,1,Stage 4,Stage 4,Stage 4 - Confirmed Downtrend,0.86,Price is below a bearish moving-average stack with falling trend signals.,,,,,-11.4,4.56,56479880.7,0.66,0.6,0.47,True,True,"Stage 4, Stage 4 - Confirmed Downtrend, weekly_vcp_ok, volume_dryup, weekly_volume_dryup, weekly_strong, downtrend",watchlist,0.0,2.5,208.41,-14.84,[11.74],[15],0.0,15.0,704
ANURAS.NS,Anupam Rasayan India Limited,Specialty Chemicals,Basic Materials,Basic Materials,False,Cash,1,Stage 4,Stage 4,Stage 4 - Confirmed Downtrend,0.86,Price is below a bearish moving-average stack with falling trend signals.,,,2026-06-18,,-1.58,-4.62,682543931.73,2.53,0.39,1.07,False,False,"Stage 4, Stage 4 - Confirmed Downtrend, weekly_vcp_ok, weekly_strong, downtrend",watchlist,0.0,2.5,1272.28,-6.7,[12.41],[16],0.0,16.0,705
ZEEL.NS,Zee Entertainment Enterprises Limited,Communication Services,Communication Services,Communication Services,False,Cash,1,Stage 4,Stage 4,Stage 4 - Weak/Declining,0.72,Price is below long-term support with weak trend evidence.,,,2026-08-21,,-21.8,7.92,1429471436.28,0.56,0.46,0.42,True,True,"Stage 4, Stage 4 - Weak/Declining, weekly_vcp_ok, volume_dryup, weekly_volume_dryup, weekly_strong, downtrend",watchlist,0.0,2.5,108.24,-29.32,[23.29],[7],0.0,7.0,706
SANOFI.NS,Sanofi India Limited,Drug Manufacturers - General,Healthcare,Healthcare,False,Cash,1,Stage 4,Stage 4,Stage 4 - Confirmed Downtrend,0.86,Price is below a bearish moving-average stack with falling trend signals.,,,,,-5.56,-1.4,55827455.64,1.1,0.77,1.49,False,False,"Stage 4, Stage 4 - Confirmed Downtrend, weekly_vcp_ok, weekly_strong, downtrend",watchlist,0.0,2.5,3225.64,-3.79,[14.23],[30],0.0,30.0,707
SUBROS.NS,Subros Limited,Auto Parts,Consumer Cyclical,Consumer Cyclical,False,Cash,1,Stage 4,Stage 4,Stage 4 - Confirmed Downtrend,0.86,Price is below a bearish moving-average stack with falling trend signals.,,,,,-12.03,5.44,24703394.0,0.78,1.08,0.73,True,True,"Stage 4, Stage 4 - Confirmed Downtrend, weekly_vcp_ok, volume_dryup, weekly_volume_dryup, weekly_strong, downtrend",watchlist,0.0,2.5,744.8,-5.97,[20.75],[30],0.0,30.0,708
AURIONPRO.NS,Aurionpro Solutions Limited,Software - Application,Technology,Technology,False,Cash,1,Stage 4,Stage 4,Stage 4 - Confirmed Downtrend,0.86,Price is below a bearish moving-average stack with falling trend signals.,,,,,-22.3,-14.49,92076099.21,0.7,0.75,0.63,True,True,"Stage 4, Stage 4 - Confirmed Downtrend, weekly_vcp_ok, volume_dryup, weekly_volume_dryup, weekly_strong, downtrend",watchlist,0.0,2.5,892.96,-28.05,[28.88],[56],0.0,56.0,709
POCL.NS,Pondy Oxides & Chemicals Limited,Specialty Chemicals,Basic Materials,Basic Materials,False,Cash,1,Stage 4,Stage 4,Stage 4 - Confirmed Downtrend,0.86,Price is below a bearish moving-average stack with falling trend signals.,,,2026-08-03,,-13.12,7.05,183201137.1,1.02,0.72,0.79,False,True,"Stage 4, Stage 4 - Confirmed Downtrend, weekly_vcp_ok, weekly_volume_dryup, weekly_strong, downtrend",watchlist,0.0,2.5,516.62,-12.38,[17.09],[15],0.0,15.0,710
DBCORP.NS,D.B.Corp Limited,Communication Services,Communication Services,Communication Services,False,Cash,1,Stage 4,Stage 4,Stage 4 - Confirmed Downtrend,0.86,Price is below a bearish moving-average stack with falling trend signals.,,,,,-3.87,-2.84,11560155.16,0.7,0.64,0.5,True,True,"Stage 4, Stage 4 - Confirmed Downtrend, weekly_vcp_ok, volume_dryup, weekly_volume_dryup, weekly_strong, downtrend",watchlist,0.0,2.5,215.81,-17.26,"[18.77, 10.25]","[23, 11]",0.9,36.0,711
JTEKTINDIA.NS,Jtekt India Limited,Auto Parts,Consumer Cyclical,Consumer Cyclical,False,Cash,1,Stage 4,Stage 4,Stage 4 - Confirmed Downtrend,0.86,Price is below a bearish moving-average stack with falling trend signals.,,,,,-17.77,-5.85,17479537.82,0.61,0.37,0.53,True,True,"Stage 4, Stage 4 - Confirmed Downtrend, weekly_vcp_ok, volume_dryup, weekly_volume_dryup, weekly_strong, downtrend",watchlist,0.0,2.5,144.15,-19.38,"[19.09, 20.27]","[17, 27]",0.1,55.0,712
BALKRISIND.NS,Balkrishna Industries Limited,Auto Parts,Consumer Cyclical,Consumer Cyclical,False,Cash,1,Stage 2 Failed,Stage 4,Failed Stage 2,0.72,"This stock was recently Stage 2, but the latest structure no longer satisfies Stage 2 rules. It is kept as Stage 2 Failed until a fresh base/repair structure forms.",Recent Stage 2 break; public stage held as Stage 2 Failed.,2026-09-28,2026-09-07,,2.02,3.84,576763547.38,0.31,0.13,0.15,True,True,"Stage 4, Stage 4 - Weak/Declining, weekly_vcp_ok, volume_dryup, weekly_volume_dryup, weekly_strong, downtrend | Stage 2 failed state applied from stage memory.",watchlist,0.0,2.5,2389.17,-9.85,[17.9],[30],0.0,30.0,713
ROSSARI.NS,Rossari Biotech Limited,Specialty Chemicals,Basic Materials,Basic Materials,False,Cash,1,Stage 4,Stage 4,Stage 4 - Confirmed Downtrend,0.86,Price is below a bearish moving-average stack with falling trend signals.,,,,,-10.75,5.23,30603338.65,0.76,0.45,0.83,True,True,"Stage 4, Stage 4 - Confirmed Downtrend, weekly_vcp_ok, volume_dryup, weekly_volume_dryup, downtrend",watchlist,0.0,2.5,529.53,-16.83,[18.97],[19],0.0,19.0,714
ZOTA.NS,Zota Health Care LImited,Biotechnology,Healthcare,Healthcare,False,Cash,1,Stage 3,Stage 3,Stage 3 - Transition,0.62,"The structure is transitioning after prior strength, but it is not yet a confirmed Stage 4 decline.",,,2026-07-13,,-2.9,21.43,154348970.71,2.04,0.39,2.71,False,False,"Stage 3, Stage 3 - Transition, distribution_risk",watchlist,0.0,2.5,1440.52,-8.21,[21.93],[21],0.0,21.0,715
LINDEINDIA.NS,Linde India Limited,Specialty Chemicals,Basic Materials,Basic Materials,False,Cash,1,Stage 1,Stage 1,Stage 1 - Unclear/Repair,0.58,Not enough evidence for Stage 2 or Stage 4; classified as repair/unclear structure.,,,2026-08-10,,-8.65,-12.75,136056143.7,0.8,1.62,0.84,True,True,"Stage 1, Stage 1 - Unclear/Repair, volume_dryup, weekly_volume_dryup, stage1_not_actionable, stage1_needs_more_base",watchlist,0.0,2.5,6501.86,-4.78,[17.55],[31],0.0,31.0,716
HYUNDAI.NS,Hyundai Motor India Limited,Auto Manufacturers,Consumer Cyclical,Consumer Cyclical,True,F&O,1,Stage 2 Failed,Stage 3,Failed Stage 2,0.72,"This stock was recently Stage 2, but the latest structure no longer satisfies Stage 2 rules. It is kept as Stage 2 Failed until a fresh base/repair structure forms.",Recent Stage 2 break; public stage held as Stage 2 Failed.,2026-09-28,2026-09-21,,11.24,23.22,1316672096.09,0.85,0.82,0.89,True,True,"Stage 3, Stage 3 - Distribution/Damage, volume_dryup, weekly_volume_dryup, distribution_risk | Stage 2 failed state applied from stage memory.",watchlist,0.0,2.5,2284.99,-10.25,[7.83],[14],0.0,14.0,717
SANDHAR.NS,Sandhar Technologies Limited,Auto Parts,Consumer Cyclical,Consumer Cyclical,False,Cash,1,Stage 2 Failed,Stage 1,Failed Stage 2,0.72,"This stock was recently Stage 2, but the latest structure no longer satisfies Stage 2 rules. It is kept as Stage 2 Failed until a fresh base/repair structure forms.",Recent Stage 2 break; public stage held as Stage 2 Failed.,2026-09-28,2026-09-22,,-15.1,28.03,76626215.61,0.61,0.78,0.51,True,True,"Stage 1, Stage 1 - Base/Repair, volume_dryup, weekly_volume_dryup, stage1_not_actionable, stage1_needs_more_base | Stage 2 failed state applied from stage memory.",watchlist,0.0,2.5,701.63,-17.83,[22.27],[16],0.0,16.0,718
CIEINDIA.NS,CIE Automotive India Limited,Auto Parts,Consumer Cyclical,Consumer Cyclical,False,Cash,1,Stage 4,Stage 4,Stage 4 - Weak/Declining,0.72,Price is below long-term support with weak trend evidence.,,,2026-07-22,,-14.04,-12.27,95280866.84,0.62,0.69,0.6,True,True,"Stage 4, Stage 4 - Weak/Declining, volume_dryup, weekly_volume_dryup, downtrend",watchlist,0.0,2.5,398.8,-3.87,[13.26],[25],0.0,25.0,719
ACI.NS,Archean Chemical Industries Limited,Chemicals,Basic Materials,Basic Materials,False,Cash,1,Stage 4,Stage 4,Stage 4 - Confirmed Downtrend,0.86,Price is below a bearish moving-average stack with falling trend signals.,,,,,-4.1,-14.67,200639991.37,0.73,0.46,0.61,True,True,"Stage 4, Stage 4 - Confirmed Downtrend, volume_dryup, weekly_volume_dryup, downtrend",watchlist,0.0,2.5,523.82,-7.84,[13.16],[7],0.0,7.0,720
AARTIIND.NS,Aarti Industries Limited,Specialty Chemicals,Basic Materials,Basic Materials,False,Cash,1,Stage 2 Failed,Stage 3,Failed Stage 2,0.72,"This stock was recently Stage 2, but the latest structure no longer satisfies Stage 2 rules. It is kept as Stage 2 Failed until a fresh base/repair structure forms.",Recent Stage 2 break; public stage held as Stage 2 Failed.,2026-09-28,2026-09-25,,4.17,19.1,258946477.78,0.43,0.39,0.32,True,True,"Stage 3, Stage 3 - Transition, volume_dryup, weekly_volume_dryup, distribution_risk | Stage 2 failed state applied from stage memory.",watchlist,0.0,2.5,551.62,-13.6,[16.54],[16],0.0,16.0,721
BHARATFORG.NS,Bharat Forge Limited,Auto Parts,Consumer Cyclical,Consumer Cyclical,True,F&O,1,Stage 3,Stage 3,Stage 3 - Distribution/Damage,0.76,"Prior strength exists, but short-term and/or weekly structure is deteriorating.",,,2026-09-03,,-3.55,21.76,1802268235.69,0.78,0.65,0.81,True,True,"Stage 3, Stage 3 - Distribution/Damage, volume_dryup, weekly_volume_dryup, distribution_risk",watchlist,0.0,2.5,2108.58,-7.19,[12.09],[12],0.0,12.0,722
STYRENIX.NS,Styrenix Performance Materials Limited,Chemicals,Basic Materials,Basic Materials,False,Cash,1,Stage 1,Stage 1,Stage 1 - Base/Repair,0.7,Price is near long-term moving averages with no strong long-term downtrend signal.,,,2026-08-19,,-7.02,14.72,62838272.06,0.36,0.67,0.3,True,True,"Stage 1, Stage 1 - Base/Repair, volume_dryup, weekly_volume_dryup, stage1_not_actionable, stage1_needs_more_base",watchlist,0.0,2.5,2173.8,-6.32,[25.19],[19],0.0,19.0,723
ZFCVINDIA.NS,ZF Commercial Vehicle Control Systems India Limited,Auto Parts,Consumer Cyclical,Consumer Cyclical,False,Cash,1,Stage 2 Failed,Stage 1,Failed Stage 2,0.72,"This stock was recently Stage 2, but the latest structure no longer satisfies Stage 2 rules. It is kept as Stage 2 Failed until a fresh base/repair structure forms.",Recent Stage 2 break; public stage held as Stage 2 Failed.,2026-09-28,2026-09-16,,1.15,2.59,223895641.42,1.06,0.88,1.07,False,False,"Stage 1, Stage 1 - Base/Repair, stage1_not_actionable, stage1_needs_more_base | Stage 2 failed state applied from stage memory.",watchlist,0.0,2.5,3044.05,-23.37,[8.2],[79],0.0,79.0,724
BPCL.NS,Bharat Petroleum Corporation Limited,Oil & Gas Refining & Marketing,Energy,Energy,True,F&O,1,Stage 4,Stage 4,Stage 4 - Weak/Declining,0.72,Price is below long-term support with weak trend evidence.,,,,,2.46,10.92,1309178625.27,0.89,0.61,0.81,False,True,"Stage 4, Stage 4 - Weak/Declining, weekly_volume_dryup, downtrend",watchlist,0.0,2.5,326.92,-7.55,[9.3],[12],0.0,12.0,725
BERGEPAINT.NS,Berger Paints (I) Limited,Specialty Chemicals,Basic Materials,Basic Materials,False,Cash,1,Stage 4,Stage 4,Stage 4 - Weak/Declining,0.72,Price is below long-term support with weak trend evidence.,,,2026-08-28,,-7.28,10.31,166600909.51,1.2,1.06,0.99,False,False,"Stage 4, Stage 4 - Weak/Declining, downtrend",watchlist,0.0,2.5,463.81,-2.36,[13.46],[16],0.0,16.0,726
TATAELXSI.NS,Tata Elxsi Limited,Software - Application,Technology,Technology,True,F&O,1,Stage 4,Stage 4,Stage 4 - Confirmed Downtrend,0.86,Price is below a bearish moving-average stack with falling trend signals.,,,,,-7.97,-21.16,684018489.47,0.99,0.83,0.93,False,False,"Stage 4, Stage 4 - Confirmed Downtrend, downtrend",watchlist,0.0,2.5,3863.75,-17.41,[21.47],[55],0.0,55.0,727
DEEPAKFERT.NS,Deepak Fertilizers and Petrochemicals Corporation Limited,Chemicals,Basic Materials,Basic Materials,False,Cash,1,Stage 3,Stage 3,Stage 3 - Distribution/Damage,0.76,"Prior strength exists, but short-term and/or weekly structure is deteriorating.",,,2026-08-28,,-13.2,39.22,297558976.64,0.64,0.46,0.69,True,True,"Stage 3, Stage 3 - Distribution/Damage, volume_dryup, weekly_volume_dryup, distribution_risk",watchlist,0.0,2.5,1510.64,-10.6,[23.99],[31],0.0,31.0,728
KFINTECH.NS,Kfin Technologies Limited,Software - Application,Technology,Technology,True,F&O,1,Stage 4,Stage 4,Stage 4 - Weak/Declining,0.72,Price is below long-term support with weak trend evidence.,,,,,8.21,1.36,456844736.55,0.5,0.47,0.46,True,True,"Stage 4, Stage 4 - Weak/Declining, volume_dryup, weekly_volume_dryup, downtrend",watchlist,0.0,2.5,994.14,-11.07,[12.08],[18],0.0,18.0,729
INDIAGLYCO.NS,India Glycols Limited,Chemicals,Basic Materials,Basic Materials,False,Cash,1,Stage 4,Stage 4,Stage 4 - Confirmed Downtrend,0.86,Price is below a bearish moving-average stack with falling trend signals.,,,2026-09-01,,-67.23,-64.49,242281488.96,2.74,1.86,4.2,False,False,"Stage 4, Stage 4 - Confirmed Downtrend, downtrend",watchlist,0.0,2.5,1221.13,-75.64,[82.2],[6],0.0,6.0,730
NAVNETEDUL.NS,Navneet Education Limited,Communication Services,Communication Services,Communication Services,False,Cash,1,Stage 4,Stage 4,Stage 4 - Confirmed Downtrend,0.86,Price is below a bearish moving-average stack with falling trend signals.,,,2026-07-21,,-12.88,-3.29,13691255.16,0.61,0.91,0.71,True,True,"Stage 4, Stage 4 - Confirmed Downtrend, volume_dryup, weekly_volume_dryup, downtrend",watchlist,0.0,2.5,138.75,-12.27,[14.91],[37],0.0,37.0,731
SIS.NS,SIS LIMITED,Industrials,Industrials,Industrials,False,Cash,1,Stage 3,Stage 3,Stage 3 - Distribution/Damage,0.76,"Prior strength exists, but short-term and/or weekly structure is deteriorating.",,,2026-09-04,,-2.24,39.42,171163972.88,1.63,6.44,2.08,False,False,"Stage 3, Stage 3 - Distribution/Damage, distribution_risk",watchlist,2.25,2.25,441.0,-10.61,[7.63],[10],0.0,10.0,732
AVL.NS,Aditya Vision Limited,Consumer Cyclical,Consumer Cyclical,Consumer Cyclical,False,Cash,1,Stage 2 Failed,Stage 1,Failed Stage 2,0.72,"This stock was recently Stage 2, but the latest structure no longer satisfies Stage 2 rules. It is kept as Stage 2 Failed until a fresh base/repair structure forms.",Recent Stage 2 break; public stage held as Stage 2 Failed.,2026-09-28,2026-09-25,,-1.76,31.96,125904203.54,0.63,0.39,0.4,True,True,"Stage 1, Stage 1 - Base/Repair, volume_dryup, weekly_volume_dryup, stage1_not_actionable, stage1_needs_more_base | Stage 2 failed state applied from stage memory.",watchlist,1.21,2.21,642.0,-7.3,[13.95],[26],0.0,26.0,733
ATGL.NS,Adani Total Gas Limited,Utilities,Utilities,Utilities,False,Cash,1,Stage 4,Stage 4,Stage 4 - Weak/Declining,0.72,Price is below long-term support with weak trend evidence.,,,2026-08-10,,-13.85,16.6,1748123280.12,2.9,0.27,0.47,False,True,"Stage 4, Stage 4 - Weak/Declining, weekly_volume_dryup, downtrend",watchlist,2.18,2.18,750.0,-20.74,"[19.68, 14.25, 16.21]","[14, 12, 19]",0.55,77.0,734
ADANIGREEN.NS,Adani Green Energy Limited,Utilities - Renewable,Utilities,Utilities,True,F&O,1,Stage 1,Stage 1,Stage 1 - Base/Repair,0.7,Price is near long-term moving averages with no strong long-term downtrend signal.,,,2026-08-28,,-15.48,46.53,1717157548.66,0.69,1.37,0.73,True,True,"Stage 1, Stage 1 - Base/Repair, volume_dryup, weekly_volume_dryup, stage1_not_actionable, stage1_needs_more_base",watchlist,2.06,2.06,1634.36,-24.44,[21.36],[59],0.0,59.0,735
INDIGO.NS,InterGlobe Aviation Limited,Industrials,Industrials,Industrials,True,F&O,1,Not Sure,Not Sure,Not Sure,0.0,Stage rules did not identify a reliable structure.,No confident stage classification.,,2026-08-31,,-5.36,18.85,3081252499.8,0.91,0.95,0.87,False,True,"Not Sure, Not Sure, weekly_volume_dryup",watchlist,2.04,2.04,5289.24,-7.84,[14.64],[30],0.0,30.0,736
NIVABUPA.NS,Niva Bupa Health Insurance Company Limited,Insurance - Life,Financial Services,Financial Services,False,Cash,1,Not Sure,Not Sure,Not Sure,0.0,Stage rules did not identify a reliable structure.,No confident stage classification.,,2026-08-25,,-7.12,6.92,59594329.42,0.93,1.22,0.9,False,True,"Not Sure, Not Sure, weekly_volume_dryup",watchlist,2.02,2.02,84.05,-9.9,[14.27],[30],0.0,30.0,737
CESC.NS,CESC Limited,Utilities,Utilities,Utilities,False,Cash,1,Stage 4,Stage 4,Stage 4 - Weak/Declining,0.72,Price is below long-term support with weak trend evidence.,,,2026-08-18,,-11.92,-5.59,259300712.75,1.07,0.74,0.89,False,True,"Stage 4, Stage 4 - Weak/Declining, weekly_volume_dryup, downtrend",watchlist,1.9,1.9,171.22,-20.46,"[12.45, 10.34, 11.1]","[11, 17, 31]",0.55,70.0,738
SFL.NS,Sheela Foam Limited,"Furnishings, Fixtures & Appliances",Consumer Cyclical,Consumer Cyclical,False,Cash,1,Stage 3,Stage 3,Stage 3 - Distribution/Damage,0.76,"Prior strength exists, but short-term and/or weekly structure is deteriorating.",,,2026-08-31,,-12.31,28.6,196474770.23,0.55,0.47,0.53,True,True,"Stage 3, Stage 3 - Distribution/Damage, volume_dryup, weekly_volume_dryup, distribution_risk",watchlist,1.63,1.63,832.45,-24.4,[4.61],[71],0.0,71.0,739
INDOSTAR.NS,IndoStar Capital Finance Limited,Credit Services,Financial Services,Financial Services,False,Cash,1,Stage 2 Failed,Stage 4,Failed Stage 2,0.72,"This stock was recently Stage 2, but the latest structure no longer satisfies Stage 2 rules. It is kept as Stage 2 Failed until a fresh base/repair structure forms.",Recent Stage 2 break; public stage held as Stage 2 Failed.,2026-09-28,2026-09-21,,-13.94,10.04,22135604.29,0.51,0.36,0.42,True,True,"Stage 4, Stage 4, weekly_vcp_ok, volume_dryup, weekly_volume_dryup, weekly_strong, downtrend | Stage 2 failed state applied from stage memory.",watchlist,0.57,1.57,264.79,-20.37,"[18.42, 7.89]","[19, 5]",0.9,35.0,740
DHANUKA.NS,Dhanuka Agritech Limited,Agricultural Inputs,Basic Materials,Basic Materials,False,Cash,1,Stage 4,Stage 4,Stage 4 - Confirmed Downtrend,0.86,Price is below a bearish moving-average stack with falling trend signals.,,,,,-7.05,3.66,20497826.22,0.65,1.6,0.6,True,True,"Stage 4, Stage 4 - Confirmed Downtrend, volume_dryup, weekly_volume_dryup, downtrend",watchlist,1.41,1.41,1031.8,-7.5,"[9.26, 9.59]","[15, 7]",0.9,26.0,741
VENTIVE.NS,Ventive Hospitality Limited,Lodging,Consumer Cyclical,Consumer Cyclical,False,Cash,1,Stage 4,Stage 4,Stage 4 - Confirmed Downtrend,0.86,Price is below a bearish moving-average stack with falling trend signals.,,,,,-6.02,-0.91,19531361.81,1.28,0.9,1.23,False,False,"Stage 4, Stage 4 - Confirmed Downtrend, weekly_vcp_ok, weekly_strong, downtrend",watchlist,0.2,1.2,683.89,-18.28,"[13.88, 13.96]","[22, 24]",0.9,73.0,742
DODLA.NS,Dodla Dairy Limited,Consumer Defensive,Consumer Defensive,Consumer Defensive,False,Cash,1,Stage 4,Stage 4,Stage 4 - Confirmed Downtrend,0.86,Price is below a bearish moving-average stack with falling trend signals.,,,,,-4.22,6.58,24687264.91,0.7,1.09,0.78,True,True,"Stage 4, Stage 4 - Confirmed Downtrend, weekly_vcp_ok, volume_dryup, weekly_volume_dryup, weekly_strong, downtrend",watchlist,1.1,1.1,1162.03,-13.2,"[13.23, 7.1]","[15, 25]",0.9,42.0,743
GRINFRA.NS,G R Infraprojects Limited,Engineering & Construction,Industrials,Industrials,False,Cash,1,Stage 4,Stage 4,Stage 4 - Confirmed Downtrend,0.86,Price is below a bearish moving-average stack with falling trend signals.,,,,,-8.91,-3.07,23849570.2,1.2,0.5,0.84,False,True,"Stage 4, Stage 4 - Confirmed Downtrend, weekly_vcp_ok, weekly_volume_dryup, weekly_strong, downtrend",watchlist,1.1,1.1,950.46,-15.9,"[17.36, 10.53, 8.16]","[24, 9, 14]",0.95,65.0,744
RAMKY.NS,Ramky Infrastructure Limited,Engineering & Construction,Industrials,Industrials,False,Cash,1,Stage 4,Stage 4,Stage 4 - Confirmed Downtrend,0.86,Price is below a bearish moving-average stack with falling trend signals.,,,,,-19.48,-30.42,12340130.66,1.04,0.58,1.08,False,False,"Stage 4, Stage 4 - Confirmed Downtrend, downtrend",watchlist,1.1,1.1,419.42,-26.98,"[18.98, 14.39, 12.62]","[13, 11, 13]",0.95,66.0,745
NIITMTS.NS,NIIT Learning Systems Limited,Consumer Defensive,Consumer Defensive,Consumer Defensive,False,Cash,1,Stage 4,Stage 4,Stage 4 - Confirmed Downtrend,0.86,Price is below a bearish moving-average stack with falling trend signals.,,,,,-5.67,-21.86,45424154.52,0.91,0.63,0.66,False,True,"Stage 4, Stage 4 - Confirmed Downtrend, weekly_vcp_ok, weekly_volume_dryup, weekly_strong, downtrend",watchlist,1.07,1.07,269.22,-23.71,"[41.41, 8.85]","[28, 55]",0.9,99.0,746
MAHSCOOTER.NS,Maharashtra Scooters Limited,Asset Management,Financial Services,Financial Services,False,Cash,1,Stage 2 Failed,Stage 4,Failed Stage 2,0.72,"This stock was recently Stage 2, but the latest structure no longer satisfies Stage 2 rules. It is kept as Stage 2 Failed until a fresh base/repair structure forms.",Recent Stage 2 break; public stage held as Stage 2 Failed.,2026-09-28,2026-09-24,,7.39,19.44,43906281.14,0.89,0.61,0.75,False,True,"Stage 4, Stage 4 - Weak/Declining, weekly_vcp_ok, weekly_volume_dryup, weekly_strong, downtrend | Stage 2 failed state applied from stage memory.",watchlist,1.03,1.03,13960.39,-8.28,"[11.73, 8.13, 7.96, 8.76]","[12, 13, 15, 10]",0.73,79.0,747
KOTAKBANK.NS,Kotak Mahindra Bank Limited,Banks - Regional,Financial Services,Financial Services,True,F&O,1,Stage 2 Failed,Stage 3,Failed Stage 2,0.72,"This stock was recently Stage 2, but the latest structure no longer satisfies Stage 2 rules. It is kept as Stage 2 Failed until a fresh base/repair structure forms.",Recent Stage 2 break; public stage held as Stage 2 Failed.,2026-09-28,2026-09-25,,5.84,14.62,4256679509.5,1.04,1.29,0.99,False,False,"Stage 3, Stage 3 - Distribution/Damage, weekly_vcp_ok, weekly_strong, distribution_risk | Stage 2 failed state applied from stage memory.",watchlist,0.0,1.0,429.85,-6.58,[4.63],[8],0.0,8.0,748
FIVESTAR.NS,Five-Star Business Finance Limited,Credit Services,Financial Services,Financial Services,False,Cash,1,Stage 2 Failed,Stage 3,Failed Stage 2,0.72,"This stock was recently Stage 2, but the latest structure no longer satisfies Stage 2 rules. It is kept as Stage 2 Failed until a fresh base/repair structure forms.",Recent Stage 2 break; public stage held as Stage 2 Failed.,2026-09-28,2026-09-23,,0.75,46.75,332682910.81,1.13,0.61,1.34,False,False,"Stage 3, Stage 3 - Transition, weekly_vcp_ok, weekly_strong, distribution_risk | Stage 2 failed state applied from stage memory.",watchlist,0.0,1.0,572.53,-9.46,[6.93],[47],0.0,47.0,749
JUBLFOOD.NS,Jubilant Foodworks Limited,Consumer Cyclical,Consumer Cyclical,Consumer Cyclical,True,F&O,1,Stage 1,Stage 1,Stage 1 - Early Turn,0.66,The stock is improving from a repair/base area but has not confirmed a clean Stage 2 yet.,,,,,16.33,9.76,435795746.37,0.54,1.03,0.44,True,True,"Stage 1, Stage 1 - Early Turn, weekly_vcp_ok, volume_dryup, weekly_volume_dryup, weekly_strong, stage1_not_actionable, stage1_needs_more_base",watchlist,0.0,1.0,528.77,-9.47,[12.55],[14],0.0,14.0,750
M&MFIN.NS,Mahindra & Mahindra Financial Services Limited,Credit Services,Financial Services,Financial Services,False,Cash,1,Stage 2 Failed,Stage 1,Failed Stage 2,0.72,"This stock was recently Stage 2, but the latest structure no longer satisfies Stage 2 rules. It is kept as Stage 2 Failed until a fresh base/repair structure forms.",Recent Stage 2 break; public stage held as Stage 2 Failed.,2026-09-28,2026-09-22,,11.78,21.22,614956921.48,0.38,0.44,0.34,True,True,"Stage 1, Stage 1 - Base/Repair, weekly_vcp_ok, volume_dryup, weekly_volume_dryup, weekly_strong, stage1_not_actionable, stage1_needs_more_base | Stage 2 failed state applied from stage memory.",watchlist,0.0,1.0,390.08,-14.95,[19.55],[24],0.0,24.0,751
AUBANK.NS,AU Small Finance Bank Limited,Banks - Regional,Financial Services,Financial Services,True,F&O,1,Stage 2 Failed,Stage 1,Failed Stage 2,0.72,"This stock was recently Stage 2, but the latest structure no longer satisfies Stage 2 rules. It is kept as Stage 2 Failed until a fresh base/repair structure forms.",Recent Stage 2 break; public stage held as Stage 2 Failed.,2026-09-28,2026-09-25,,-0.64,17.0,1183577763.16,0.92,0.99,1.21,False,False,"Stage 1, Stage 1 - Base/Repair, weekly_vcp_ok, weekly_strong, stage1_not_actionable, stage1_needs_more_base | Stage 2 failed state applied from stage memory.",watchlist,0.0,1.0,1146.1,-13.16,[11.96],[13],0.0,13.0,752
SHRIRAMFIN.NS,Shriram Finance Limited,Credit Services,Financial Services,Financial Services,True,F&O,1,Stage 2 Failed,Stage 1,Failed Stage 2,0.72,"This stock was recently Stage 2, but the latest structure no longer satisfies Stage 2 rules. It is kept as Stage 2 Failed until a fresh base/repair structure forms.",Recent Stage 2 break; public stage held as Stage 2 Failed.,2026-09-28,2026-09-10,,-2.85,12.38,4033151856.13,0.95,1.37,0.82,False,True,"Stage 1, Stage 1 - Base/Repair, weekly_vcp_ok, weekly_volume_dryup, weekly_strong, stage1_not_actionable, stage1_needs_more_base | Stage 2 failed state applied from stage memory.",watchlist,0.0,1.0,1144.0,-14.66,[8.68],[13],0.0,13.0,753
EQUITASBNK.NS,Equitas Small Finance Bank Limited,Banks - Regional,Financial Services,Financial Services,False,Cash,1,Stage 1,Stage 1,Stage 1 - Base/Repair,0.7,Price is near long-term moving averages with no strong long-term downtrend signal.,,,2026-08-31,,-9.65,23.95,116818835.27,0.95,1.35,1.12,False,False,"Stage 1, Stage 1 - Base/Repair, weekly_vcp_ok, weekly_strong, stage1_not_actionable, stage1_needs_more_base",watchlist,0.0,1.0,74.98,-11.95,[15.84],[10],0.0,10.0,754
ICICIBANK.NS,ICICI Bank Limited,Banks - Regional,Financial Services,Financial Services,True,F&O,1,Stage 2 Failed,Stage 1,Failed Stage 2,0.72,"This stock was recently Stage 2, but the latest structure no longer satisfies Stage 2 rules. It is kept as Stage 2 Failed until a fresh base/repair structure forms.",Recent Stage 2 break; public stage held as Stage 2 Failed.,2026-09-28,2026-09-17,,-1.11,10.25,11441517023.53,0.81,0.76,0.75,True,True,"Stage 1, Stage 1 - Base/Repair, weekly_vcp_ok, volume_dryup, weekly_volume_dryup, weekly_strong, stage1_not_actionable, stage1_needs_more_base | Stage 2 failed state applied from stage memory.",watchlist,0.0,1.0,1456.54,-10.61,[5.19],[22],0.0,22.0,755
MANAPPURAM.NS,Manappuram Finance Limited,Credit Services,Financial Services,Financial Services,True,F&O,1,Stage 2 Failed,Stage 3,Failed Stage 2,0.72,"This stock was recently Stage 2, but the latest structure no longer satisfies Stage 2 rules. It is kept as Stage 2 Failed until a fresh base/repair structure forms.",Recent Stage 2 break; public stage held as Stage 2 Failed.,2026-09-28,2026-09-25,,2.26,25.17,1309739699.05,0.68,1.9,0.83,True,True,"Stage 3, Stage 3 - Transition, weekly_vcp_ok, volume_dryup, weekly_volume_dryup, weekly_strong, distribution_risk | Stage 2 failed state applied from stage memory.",watchlist,0.0,1.0,373.2,-16.13,[11.58],[14],0.0,14.0,756
SUNDARMFIN.NS,Sundaram Finance Limited,Credit Services,Financial Services,Financial Services,False,Cash,1,Stage 1,Stage 1,Stage 1 - Base/Repair,0.7,Price is near long-term moving averages with no strong long-term downtrend signal.,,,,,2.66,0.91,199606253.79,1.12,0.64,0.95,False,False,"Stage 1, Stage 1 - Base/Repair, weekly_vcp_ok, weekly_strong, stage1_not_actionable, stage1_needs_more_base",watchlist,0.0,1.0,4877.78,-8.7,[11.35],[7],0.0,7.0,757
UNIONBANK.NS,Union Bank of India,Banks - Regional,Financial Services,Financial Services,True,F&O,1,Stage 2 Failed,Stage 3,Failed Stage 2,0.72,"This stock was recently Stage 2, but the latest structure no longer satisfies Stage 2 rules. It is kept as Stage 2 Failed until a fresh base/repair structure forms.",Recent Stage 2 break; public stage held as Stage 2 Failed.,2026-09-28,2026-09-25,,6.52,5.07,1262232917.83,0.61,1.13,0.58,True,True,"Stage 3, Stage 3 - Distribution/Damage, weekly_vcp_ok, volume_dryup, weekly_volume_dryup, weekly_strong, distribution_risk | Stage 2 failed state applied from stage memory.",watchlist,0.0,1.0,192.33,-10.7,[9.15],[14],0.0,14.0,758
GANESHHOU.NS,GANESH HOUSING LIMITED,Real Estate,Real Estate,Real Estate,False,Cash,1,Stage 4,Stage 4,Stage 4 - Weak/Declining,0.72,Price is below long-term support with weak trend evidence.,,,2026-08-27,,-1.97,32.89,20315949.33,0.62,1.13,0.67,True,True,"Stage 4, Stage 4 - Weak/Declining, weekly_vcp_ok, volume_dryup, weekly_volume_dryup, weekly_strong, downtrend",watchlist,0.0,1.0,844.9,-14.95,[18.11],[12],0.0,12.0,759
JUNIPER.NS,Juniper Hotels Limited,Lodging,Consumer Cyclical,Consumer Cyclical,False,Cash,1,Stage 1,Stage 1,Stage 1 - Early Turn,0.66,The stock is improving from a repair/base area but has not confirmed a clean Stage 2 yet.,,,,,12.92,7.65,44297294.06,0.62,0.51,0.33,True,True,"Stage 1, Stage 1 - Early Turn, weekly_vcp_ok, volume_dryup, weekly_volume_dryup, stage1_not_actionable, stage1_needs_more_base",watchlist,0.0,1.0,234.4,-8.38,[13.25],[7],0.0,7.0,760
PRESTIGE.NS,Prestige Estates Projects Limited,Real Estate,Real Estate,Real Estate,True,F&O,1,Stage 4,Stage 4,Stage 4 - Weak/Declining,0.72,Price is below long-term support with weak trend evidence.,,,2026-08-31,,-6.93,30.09,698715229.08,0.82,1.25,0.72,True,True,"Stage 4, Stage 4 - Weak/Declining, weekly_vcp_ok, volume_dryup, weekly_volume_dryup, weekly_strong, downtrend",watchlist,0.0,1.0,1651.84,-10.96,[14.67],[18],0.0,18.0,761
GODREJPROP.NS,Godrej Properties Limited,Real Estate,Real Estate,Real Estate,True,F&O,1,Stage 4,Stage 4,Stage 4 - Weak/Declining,0.72,Price is below long-term support with weak trend evidence.,,,2026-08-28,,-9.67,13.5,1197861702.45,0.84,0.67,0.6,True,True,"Stage 4, Stage 4 - Weak/Declining, weekly_vcp_ok, volume_dryup, weekly_volume_dryup, weekly_strong, downtrend",watchlist,0.0,1.0,2098.67,-20.44,[21.36],[14],0.0,14.0,762
MHRIL.NS,Mahindra Holidays & Resorts India Limited,Consumer Cyclical,Consumer Cyclical,Consumer Cyclical,False,Cash,1,Stage 4,Stage 4,Stage 4 - Confirmed Downtrend,0.86,Price is below a bearish moving-average stack with falling trend signals.,,,,,-12.35,-18.34,25050216.64,0.81,1.71,0.69,True,True,"Stage 4, Stage 4 - Confirmed Downtrend, weekly_vcp_ok, volume_dryup, weekly_volume_dryup, weekly_strong, downtrend",watchlist,0.0,1.0,226.04,-13.33,[20.5],[30],0.0,30.0,763
ZAGGLE.NS,Zaggle Prepaid Ocean Services Limited,Software - Infrastructure,Technology,Technology,False,Cash,1,Stage 4,Stage 4,Stage 4 - Confirmed Downtrend,0.86,Price is below a bearish moving-average stack with falling trend signals.,,,,,-12.05,-23.01,168321767.95,0.29,0.14,0.25,True,True,"Stage 4, Stage 4 - Confirmed Downtrend, weekly_vcp_ok, volume_dryup, weekly_volume_dryup, weekly_strong, downtrend",watchlist,0.0,1.0,204.31,-14.08,[26.96],[9],0.0,9.0,764
MARATHON.NS,Marathon Nextgen Realty Limited,Real Estate,Real Estate,Real Estate,False,Cash,1,Stage 4,Stage 4,Stage 4 - Weak/Declining,0.72,Price is below long-term support with weak trend evidence.,,,,,-0.76,-1.9,59293442.97,0.24,0.22,0.17,True,True,"Stage 4, Stage 4 - Weak/Declining, weekly_vcp_ok, volume_dryup, weekly_volume_dryup, weekly_strong, downtrend",watchlist,0.0,1.0,467.09,-15.9,[16.86],[11],0.0,11.0,765
MUTHOOTMF.NS,Muthoot Microfin Limited,Credit Services,Financial Services,Financial Services,False,Cash,1,Stage 2 Failed,Stage 4,Failed Stage 2,0.72,"This stock was recently Stage 2, but the latest structure no longer satisfies Stage 2 rules. It is kept as Stage 2 Failed until a fresh base/repair structure forms.",Recent Stage 2 break; public stage held as Stage 2 Failed.,2026-09-28,2026-09-14,,-12.22,21.14,43312816.45,0.39,0.52,0.37,True,True,"Stage 4, Stage 4, weekly_vcp_ok, volume_dryup, weekly_volume_dryup, weekly_strong, downtrend | Stage 2 failed state applied from stage memory.",watchlist,0.0,1.0,221.39,-19.22,[21.19],[17],0.0,17.0,766
JLHL.NS,Jupiter Life Line Hospitals Limited,Medical Care Facilities,Healthcare,Healthcare,False,Cash,1,Stage 2 Failed,Stage 4,Failed Stage 2,0.72,"This stock was recently Stage 2, but the latest structure no longer satisfies Stage 2 rules. It is kept as Stage 2 Failed until a fresh base/repair structure forms.",Recent Stage 2 break; public stage held as Stage 2 Failed.,2026-09-28,2026-09-18,,-4.12,9.67,27036611.76,0.75,1.46,0.7,True,True,"Stage 4, Stage 4 - Weak/Declining, weekly_vcp_ok, volume_dryup, weekly_volume_dryup, weekly_strong, downtrend | Stage 2 failed state applied from stage memory.",watchlist,0.0,1.0,313.5,-15.84,[11.26],[8],0.0,8.0,767
MAPMYINDIA.NS,C.E. Info Systems Limited,Software - Infrastructure,Technology,Technology,False,Cash,1,Stage 4,Stage 4,Stage 4 - Weak/Declining,0.72,Price is below long-term support with weak trend evidence.,,,,,0.11,2.85,172246408.57,0.94,0.4,1.44,False,False,"Stage 4, Stage 4 - Weak/Declining, weekly_vcp_ok, weekly_strong, downtrend",watchlist,0.0,1.0,1034.81,-16.3,[16.71],[6],0.0,6.0,768
EIHOTEL.NS,EIH Limited,Lodging,Consumer Cyclical,Consumer Cyclical,False,Cash,1,Stage 4,Stage 4,Stage 4 - Confirmed Downtrend,0.86,Price is below a bearish moving-average stack with falling trend signals.,,,,,-3.86,5.12,89666601.62,1.41,0.57,0.48,False,True,"Stage 4, Stage 4 - Confirmed Downtrend, weekly_vcp_ok, weekly_volume_dryup, weekly_strong, downtrend",watchlist,0.0,1.0,321.71,-8.27,[8.98],[16],0.0,16.0,769
MUTHOOTFIN.NS,Muthoot Finance Limited,Credit Services,Financial Services,Financial Services,True,F&O,1,Stage 4,Stage 4,Stage 4 - Confirmed Downtrend,0.86,Price is below a bearish moving-average stack with falling trend signals.,,,,,-1.33,-10.18,1704888276.9,0.59,1.02,0.57,True,True,"Stage 4, Stage 4 - Confirmed Downtrend, weekly_vcp_ok, volume_dryup, weekly_volume_dryup, weekly_strong, downtrend",watchlist,0.0,1.0,3252.18,-15.13,[16.15],[13],0.0,13.0,770
FORTIS.NS,Fortis Healthcare Limited,Medical Care Facilities,Healthcare,Healthcare,True,F&O,1,Stage 4,Stage 4,Stage 4 - Weak/Declining,0.72,Price is below long-term support with weak trend evidence.,,,2026-07-29,,-9.59,7.69,947696640.65,1.11,2.47,1.3,False,False,"Stage 4, Stage 4 - Weak/Declining, weekly_vcp_ok, weekly_strong, downtrend",watchlist,0.0,1.0,943.55,-11.95,[10.26],[7],0.0,7.0,771
IRCTC.NS,Indian Railway Catering And Tourism Corporation Limited,Consumer Cyclical,Consumer Cyclical,Consumer Cyclical,False,Cash,1,Stage 4,Stage 4,Stage 4 - Confirmed Downtrend,0.86,Price is below a bearish moving-average stack with falling trend signals.,,,,,-5.21,-9.04,291658967.15,0.92,0.54,0.65,False,True,"Stage 4, Stage 4 - Confirmed Downtrend, weekly_vcp_ok, weekly_volume_dryup, weekly_strong, downtrend",watchlist,0.0,1.0,492.84,-7.98,[15.28],[27],0.0,27.0,772
IREDA.NS,Indian Renewable Energy Development Agency Limited,Credit Services,Financial Services,Financial Services,True,F&O,1,Stage 4,Stage 4,Stage 4 - Confirmed Downtrend,0.86,Price is below a bearish moving-average stack with falling trend signals.,,,,,-5.0,2.82,488160997.12,1.2,4.34,1.73,False,False,"Stage 4, Stage 4 - Confirmed Downtrend, weekly_vcp_ok, weekly_strong, downtrend",watchlist,0.0,1.0,120.55,-4.75,[10.75],[16],0.0,16.0,773
METROBRAND.NS,Metro Brands Limited,Consumer Cyclical,Consumer Cyclical,Consumer Cyclical,False,Cash,1,Stage 4,Stage 4,Stage 4 - Confirmed Downtrend,0.86,Price is below a bearish moving-average stack with falling trend signals.,,,,,-9.13,-2.3,97171928.55,1.92,0.31,0.84,False,True,"Stage 4, Stage 4 - Confirmed Downtrend, weekly_vcp_ok, weekly_volume_dryup, weekly_strong, downtrend",watchlist,0.0,1.0,1044.2,-16.19,[16.76],[49],0.0,49.0,774
CREDITACC.NS,CREDITACCESS GRAMEEN LIMITED,Credit Services,Financial Services,Financial Services,False,Cash,1,Stage 2 Failed,Stage 4,Failed Stage 2,0.72,"This stock was recently Stage 2, but the latest structure no longer satisfies Stage 2 rules. It is kept as Stage 2 Failed until a fresh base/repair structure forms.",Recent Stage 2 break; public stage held as Stage 2 Failed.,2026-09-28,2026-09-14,,-13.56,8.82,241594287.26,0.5,0.88,0.47,True,True,"Stage 4, Stage 4, weekly_vcp_ok, volume_dryup, weekly_volume_dryup, weekly_strong, downtrend | Stage 2 failed state applied from stage memory.",watchlist,0.0,1.0,1470.57,-14.65,[17.47],[22],0.0,22.0,775
KPITTECH.NS,KPIT Technologies Limited,Software - Infrastructure,Technology,Technology,True,F&O,1,Stage 4,Stage 4,Stage 4 - Confirmed Downtrend,0.86,Price is below a bearish moving-average stack with falling trend signals.,,,,,-3.04,-24.08,756934635.98,0.62,0.6,0.44,True,True,"Stage 4, Stage 4 - Confirmed Downtrend, weekly_vcp_ok, volume_dryup, weekly_volume_dryup, weekly_strong, downtrend",watchlist,0.0,1.0,614.52,-17.17,[34.26],[31],0.0,31.0,776
TRAVELFOOD.NS,Travel Food Services Limited,Consumer Cyclical,Consumer Cyclical,Consumer Cyclical,False,Cash,1,Stage 4,Stage 4,Stage 4 - Weak/Declining,0.72,Price is below long-term support with weak trend evidence.,,,,,-4.39,-3.02,38266887.85,0.36,0.41,0.37,True,True,"Stage 4, Stage 4 - Weak/Declining, weekly_vcp_ok, volume_dryup, weekly_volume_dryup, weekly_strong, downtrend",watchlist,0.0,1.0,1407.75,-14.54,[15.31],[14],0.0,14.0,777
DBREALTY.NS,Valor Estate Limited,Real Estate,Real Estate,Real Estate,False,Cash,1,Stage 4,Stage 4,Stage 4 - Confirmed Downtrend,0.86,Price is below a bearish moving-average stack with falling trend signals.,,,,,-11.49,8.62,96541764.44,1.19,0.3,1.17,False,False,"Stage 4, Stage 4 - Confirmed Downtrend, weekly_vcp_ok, weekly_strong, downtrend",watchlist,0.0,1.0,111.57,-13.71,[19.42],[8],0.0,8.0,778
RELAXO.NS,Relaxo Footwears Limited,Consumer Cyclical,Consumer Cyclical,Consumer Cyclical,False,Cash,1,Stage 4,Stage 4,Stage 4 - Weak/Declining,0.72,Price is below long-term support with weak trend evidence.,,,2026-08-17,,-22.38,15.16,79337355.54,1.07,0.47,0.3,False,True,"Stage 4, Stage 4 - Weak/Declining, weekly_vcp_ok, weekly_volume_dryup, weekly_strong, downtrend",watchlist,0.0,1.0,348.73,-16.63,[14.62],[14],0.0,14.0,779
RTNINDIA.NS,RattanIndia Enterprises Limited,Consumer Cyclical,Consumer Cyclical,Consumer Cyclical,False,Cash,1,Stage 4,Stage 4,Stage 4 - Confirmed Downtrend,0.86,Price is below a bearish moving-average stack with falling trend signals.,,,,,-18.17,-6.74,45125041.06,1.07,0.59,0.75,False,True,"Stage 4, Stage 4 - Confirmed Downtrend, weekly_vcp_ok, weekly_volume_dryup, weekly_strong, downtrend",watchlist,0.0,1.0,33.83,-22.55,"[25.71, 15.61]","[36, 11]",0.9,55.0,780
VSTTILLERS.NS,V.S.T Tillers Tractors Limited,Farm & Heavy Construction Machinery,Industrials,Industrials,False,Cash,1,Stage 4,Stage 4,Stage 4 - Confirmed Downtrend,0.86,Price is below a bearish moving-average stack with falling trend signals.,,,,,-0.04,-10.78,41116669.9,1.27,1.8,1.45,False,False,"Stage 4, Stage 4 - Confirmed Downtrend, weekly_vcp_ok, weekly_strong, downtrend",watchlist,0.0,1.0,4459.6,-3.42,[15.59],[23],0.0,23.0,781
VMM.NS,Vishal Mega Mart Limited,Consumer Cyclical,Consumer Cyclical,Consumer Cyclical,True,F&O,1,Stage 4,Stage 4,Stage 4 - Confirmed Downtrend,0.86,Price is below a bearish moving-average stack with falling trend signals.,,,,,-11.89,-4.3,1018645825.53,0.83,0.61,1.06,True,False,"Stage 4, Stage 4 - Confirmed Downtrend, weekly_vcp_ok, volume_dryup, weekly_strong, downtrend",watchlist,0.0,1.0,115.6,-12.8,[14.3],[17],0.0,17.0,782
PFC.NS,Power Finance Corporation Limited,Credit Services,Financial Services,Financial Services,True,F&O,1,Stage 4,Stage 4,Stage 4 - Weak/Declining,0.72,Price is below long-term support with weak trend evidence.,,,2026-07-01,,-16.6,-14.04,2875312054.6,1.06,1.19,1.13,False,False,"Stage 4, Stage 4 - Weak/Declining, weekly_vcp_ok, weekly_strong, downtrend",watchlist,0.0,1.0,365.83,-9.8,[20.81],[20],0.0,20.0,783
HDBFS.NS,HDB Financial Services Limited,Credit Services,Financial Services,Financial Services,False,Cash,1,Stage 4,Stage 4,Stage 4 - Weak/Declining,0.72,Price is below long-term support with weak trend evidence.,,,,,-8.78,12.74,330195346.28,0.71,0.45,0.46,True,True,"Stage 4, Stage 4 - Weak/Declining, weekly_vcp_ok, volume_dryup, weekly_volume_dryup, downtrend",watchlist,0.0,1.0,705.0,-9.59,[16.47],[17],0.0,17.0,784
REDTAPE.NS,Redtape Limited,Consumer Cyclical,Consumer Cyclical,Consumer Cyclical,False,Cash,1,Stage 4,Stage 4,Stage 4 - Weak/Declining,0.72,Price is below long-term support with weak trend evidence.,,,2026-08-07,,-6.27,8.86,260718625.63,3.55,0.22,0.55,False,True,"Stage 4, Stage 4 - Weak/Declining, weekly_vcp_ok, weekly_volume_dryup, downtrend",watchlist,0.0,1.0,132.98,-9.78,[23.83],[24],0.0,24.0,785
ITDC.NS,India Tourism Development Corporation Limited,Lodging,Consumer Cyclical,Consumer Cyclical,False,Cash,1,Stage 2 Failed,Stage 1,Failed Stage 2,0.72,"This stock was recently Stage 2, but the latest structure no longer satisfies Stage 2 rules. It is kept as Stage 2 Failed until a fresh base/repair structure forms.",Recent Stage 2 break; public stage held as Stage 2 Failed.,2026-09-28,2026-09-25,,17.33,70.49,554076411.86,0.83,0.1,1.1,True,False,"Stage 1, Stage 1 - Unclear/Repair, volume_dryup, stage1_not_actionable, stage1_needs_more_base | Stage 2 failed state applied from stage memory.",watchlist,0.0,1.0,733.45,-9.67,[17.68],[20],0.0,20.0,786
INDUSINDBK.NS,IndusInd Bank Limited,Banks - Regional,Financial Services,Financial Services,True,F&O,1,Stage 2 Failed,Stage 1,Failed Stage 2,0.72,"This stock was recently Stage 2, but the latest structure no longer satisfies Stage 2 rules. It is kept as Stage 2 Failed until a fresh base/repair structure forms.",Recent Stage 2 break; public stage held as Stage 2 Failed.,2026-09-28,2026-09-23,,1.52,19.27,1989611034.67,1.46,1.06,1.38,False,False,"Stage 1, Stage 1 - Base/Repair, stage1_not_actionable, stage1_needs_more_base | Stage 2 failed state applied from stage memory.",watchlist,0.0,1.0,1039.82,-12.51,[7.2],[41],0.0,41.0,787
ASHIANA.NS,Ashiana Housing Limited,Real Estate,Real Estate,Real Estate,False,Cash,1,Not Sure,Stage 3,Pending Stage 3,0.55,Blocked public stage jump Stage 1 -> Stage 3; waiting for intermediate/confirmed structure.,Blocked public stage jump Stage 1 -> Stage 3; waiting for intermediate/confirmed structure.,,2026-08-31,Stage 3,6.53,29.83,34198631.26,0.67,0.46,0.29,True,True,"Stage 3, Stage 3 - Transition, volume_dryup, weekly_volume_dryup, distribution_risk | Blocked public stage jump Stage 1 -> Stage 3; waiting for intermediate/confirmed structure.",watchlist,0.0,1.0,435.05,-10.63,[5.67],[114],0.0,114.0,788
MEDPLUS.NS,Medplus Health Services Limited,Healthcare,Healthcare,Healthcare,False,Cash,1,Stage 4,Stage 4,Stage 4 - Confirmed Downtrend,0.86,Price is below a bearish moving-average stack with falling trend signals.,,,2026-06-18,,-14.96,-18.87,65032757.65,0.38,0.74,0.37,True,True,"Stage 4, Stage 4 - Confirmed Downtrend, volume_dryup, weekly_volume_dryup, downtrend",watchlist,0.0,1.0,909.35,-28.19,[36.9],[84],0.0,84.0,789
J&KBANK.NS,The Jammu & Kashmir Bank Limited,Banks - Regional,Financial Services,Financial Services,False,Cash,1,Stage 3,Stage 3,Stage 3 - Distribution/Damage,0.76,"Prior strength exists, but short-term and/or weekly structure is deteriorating.",,,2026-08-28,,-8.53,27.52,266767378.09,0.58,0.74,0.32,True,True,"Stage 3, Stage 3 - Distribution/Damage, volume_dryup, weekly_volume_dryup, distribution_risk",watchlist,0.0,1.0,182.61,-22.1,[29.22],[45],0.0,45.0,790
IDBI.NS,IDBI Bank Limited,Banks - Regional,Financial Services,Financial Services,False,Cash,1,Stage 4,Stage 4,Stage 4 - Weak/Declining,0.72,Price is below long-term support with weak trend evidence.,,,,,5.08,23.59,1319966611.96,1.25,0.89,0.85,False,True,"Stage 4, Stage 4 - Weak/Declining, weekly_volume_dryup, downtrend",watchlist,0.0,1.0,96.42,-12.48,[17.87],[9],0.0,9.0,791
HEMIPROP.NS,Hemisphere Properties India Limited,Real Estate,Real Estate,Real Estate,False,Cash,1,Stage 4,Stage 4,Stage 4 - Confirmed Downtrend,0.86,Price is below a bearish moving-average stack with falling trend signals.,,,2026-07-03,,-12.13,0.57,29705508.1,0.85,1.45,0.84,True,True,"Stage 4, Stage 4 - Confirmed Downtrend, volume_dryup, weekly_volume_dryup, downtrend",watchlist,0.0,1.0,134.11,-13.54,[18.84],[32],0.0,32.0,792
HDFCBANK.NS,HDFC Bank Limited,Banks - Regional,Financial Services,Financial Services,True,F&O,1,Stage 4,Stage 4,Stage 4 - Confirmed Downtrend,0.86,Price is below a bearish moving-average stack with falling trend signals.,,,,,-4.55,-0.4,19972377921.66,1.08,0.79,0.9,False,False,"Stage 4, Stage 4 - Confirmed Downtrend, downtrend",watchlist,0.0,1.0,844.48,-14.85,"[6.81, 7.4, 7.82]","[5, 10, 9]",0.15,91.0,793
TRENT.NS,Trent Limited,Consumer Cyclical,Consumer Cyclical,Consumer Cyclical,True,F&O,1,Stage 4,Stage 4,Stage 4 - Weak/Declining,0.72,Price is below long-term support with weak trend evidence.,,,,,-15.75,13.36,1804254536.09,0.86,1.02,0.93,False,False,"Stage 4, Stage 4 - Weak/Declining, downtrend",watchlist,0.0,1.0,2852.88,-7.95,[16.58],[15],0.0,15.0,794
RAINBOW.NS,Rainbow Childrens Medicare Limited,Medical Care Facilities,Healthcare,Healthcare,False,Cash,1,Stage 2 Failed,Stage 3,Failed Stage 2,0.72,"This stock was recently Stage 2, but the latest structure no longer satisfies Stage 2 rules. It is kept as Stage 2 Failed until a fresh base/repair structure forms.",Recent Stage 2 break; public stage held as Stage 2 Failed.,2026-09-28,2026-09-18,,1.84,19.33,166769769.37,1.4,1.37,2.02,False,False,"Stage 3, Stage 3 - Transition, distribution_risk | Stage 2 failed state applied from stage memory.",watchlist,0.0,1.0,1505.0,-8.8,[12.46],[15],0.0,15.0,795
IXIGO.NS,Le Travenues Technology Limited,Consumer Cyclical,Consumer Cyclical,Consumer Cyclical,False,Cash,1,Stage 4,Stage 4,Stage 4 - Confirmed Downtrend,0.86,Price is below a bearish moving-average stack with falling trend signals.,,,,,-23.45,-4.66,228476197.46,1.2,0.65,0.96,False,False,"Stage 4, Stage 4 - Confirmed Downtrend, downtrend",watchlist,0.0,1.0,171.72,-9.69,[24.88],[19],0.0,19.0,796
AGIIL.NS,Agi Infra Limited,Real Estate,Real Estate,Real Estate,False,Cash,1,Stage 4,Stage 4,Stage 4 - Weak/Declining,0.72,Price is below long-term support with weak trend evidence.,,,2026-07-10,,-18.88,-6.36,469106791.39,1.3,2.28,2.0,False,False,"Stage 4, Stage 4 - Weak/Declining, downtrend",watchlist,0.0,1.0,310.51,-12.53,[17.54],[17],0.0,17.0,797
INDRAMEDCO.NS,Indraprastha Medical Corporation Limited,Medical Care Facilities,Healthcare,Healthcare,False,Cash,1,Stage 4,Stage 4,Stage 4 - Confirmed Downtrend,0.86,Price is below a bearish moving-average stack with falling trend signals.,,,,,-1.52,-6.65,73021865.01,0.65,1.14,0.76,True,True,"Stage 4, Stage 4 - Confirmed Downtrend, volume_dryup, weekly_volume_dryup, downtrend",watchlist,0.0,1.0,359.19,0.23,[15.23],[25],0.0,25.0,798
SAMHI.NS,Samhi Hotels Limited,Lodging,Consumer Cyclical,Consumer Cyclical,False,Cash,1,Stage 4,Stage 4,Stage 4 - Weak/Declining,0.72,Price is below long-term support with weak trend evidence.,,,,,-9.39,12.08,280831746.07,1.13,1.07,0.55,False,True,"Stage 4, Stage 4 - Weak/Declining, weekly_volume_dryup, downtrend",watchlist,0.0,1.0,172.5,-12.95,[20.6],[26],0.0,26.0,799
BIRLACORPN.NS,Birla Corporation Limited,Building Materials,Basic Materials,Basic Materials,False,Cash,1,Stage 4,Stage 4,Stage 4 - Confirmed Downtrend,0.86,Price is below a bearish moving-average stack with falling trend signals.,,,,,-8.27,-2.21,41796845.07,0.73,0.58,0.5,True,True,"Stage 4, Stage 4 - Confirmed Downtrend, weekly_vcp_ok, volume_dryup, weekly_volume_dryup, weekly_strong, downtrend",watchlist,0.52,0.52,919.61,-8.75,"[16.39, 13.95]","[9, 27]",0.9,45.0,800
BAJAJCON.NS,Bajaj Consumer Care Limited,Household & Personal Products,Consumer Defensive,Consumer Defensive,False,Cash,1,Stage 3,Stage 3,Stage 3 - Distribution/Damage,0.76,"Prior strength exists, but short-term and/or weekly structure is deteriorating.",,,2026-08-07,,-16.45,35.44,421560346.83,0.75,0.48,0.63,True,True,"Stage 3, Stage 3 - Distribution/Damage, volume_dryup, weekly_volume_dryup, distribution_risk",watchlist,0.37,0.37,693.21,-30.75,[9.86],[93],0.0,93.0,801
PICCADIL.NS,Piccadily Agro Industries Limited,Consumer Defensive,Consumer Defensive,Consumer Defensive,False,Cash,1,Not Sure,Stage 1,Pending Stage 1,0.55,Blocked public stage jump Stage 3 -> Stage 1; waiting for intermediate/confirmed structure.,Blocked public stage jump Stage 3 -> Stage 1; waiting for intermediate/confirmed structure.,,,Stage 1,1.47,13.82,94833753.36,0.48,0.38,0.46,True,True,"Stage 1, Stage 1 - Base/Repair, weekly_vcp_ok, volume_dryup, weekly_volume_dryup, weekly_strong, stage1_not_actionable, stage1_needs_more_base | Blocked public stage jump Stage 3 -> Stage 1; waiting for intermediate/confirmed structure.",watchlist,0.0,0.0,723.06,-16.95,[29.36],[26],0.0,26.0,802
HOMEFIRST.NS,Home First Finance Company India Limited,Mortgage Finance,Financial Services,Financial Services,False,Cash,1,Stage 2 Failed,Stage 1,Failed Stage 2,0.72,"This stock was recently Stage 2, but the latest structure no longer satisfies Stage 2 rules. It is kept as Stage 2 Failed until a fresh base/repair structure forms.",Recent Stage 2 break; public stage held as Stage 2 Failed.,2026-09-28,2026-09-23,,-3.81,17.9,313641893.6,1.57,0.93,1.29,False,False,"Stage 1, Stage 1 - Base/Repair, weekly_vcp_ok, weekly_strong, stage1_not_actionable, stage1_needs_more_base | Stage 2 failed state applied from stage memory.",watchlist,0.0,0.0,1276.13,-14.27,[10.37],[15],0.0,15.0,803
IGIL.NS,International Gemological Institute Limited,Basic Materials,Basic Materials,Basic Materials,False,Cash,1,Stage 1,Stage 1,Stage 1 - Base/Repair,0.7,Price is near long-term moving averages with no strong long-term downtrend signal.,,,2026-07-07,,-4.79,3.89,175071336.05,1.04,0.62,0.89,False,True,"Stage 1, Stage 1 - Base/Repair, weekly_vcp_ok, weekly_volume_dryup, weekly_strong, stage1_not_actionable, stage1_needs_more_base",watchlist,0.0,0.0,350.11,-7.7,[16.7],[29],0.0,29.0,804
HINDCOPPER.NS,Hindustan Copper Limited,Basic Materials,Basic Materials,Basic Materials,False,Cash,1,Stage 1,Stage 1,Stage 1 - Unclear/Repair,0.58,Not enough evidence for Stage 2 or Stage 4; classified as repair/unclear structure.,,,2026-08-24,,2.37,-0.52,3994203176.68,0.57,0.48,0.54,True,True,"Stage 1, Stage 1 - Unclear/Repair, weekly_vcp_ok, volume_dryup, weekly_volume_dryup, weekly_strong, stage1_not_actionable, stage1_needs_more_base",watchlist,0.0,0.0,585.56,-18.09,[12.05],[5],0.0,5.0,805
RELIGARE.NS,Religare Enterprises Limited,Insurance - Life,Financial Services,Financial Services,False,Cash,1,Stage 2 Failed,Stage 1,Failed Stage 2,0.72,"This stock was recently Stage 2, but the latest structure no longer satisfies Stage 2 rules. It is kept as Stage 2 Failed until a fresh base/repair structure forms.",Recent Stage 2 break; public stage held as Stage 2 Failed.,2026-09-28,2026-09-23,,-5.68,6.92,210462472.13,0.54,0.2,0.52,True,True,"Stage 1, Stage 1 - Base/Repair, weekly_vcp_ok, volume_dryup, weekly_volume_dryup, weekly_strong, stage1_not_actionable, stage1_needs_more_base | Stage 2 failed state applied from stage memory.",watchlist,0.0,0.0,262.05,-10.58,[14.81],[14],0.0,14.0,806
ASTRAL.NS,Astral Limited,Building Products & Equipment,Industrials,Industrials,True,F&O,1,Stage 1,Stage 1,Stage 1 - Unclear/Repair,0.58,Not enough evidence for Stage 2 or Stage 4; classified as repair/unclear structure.,,,2026-06-22,,5.8,-9.38,866264624.6,0.52,0.26,0.37,True,True,"Stage 1, Stage 1 - Unclear/Repair, weekly_vcp_ok, volume_dryup, weekly_volume_dryup, weekly_strong, stage1_not_actionable, stage1_needs_more_base",watchlist,0.0,0.0,1583.77,-13.47,[17.16],[15],0.0,15.0,807
RPSGVENT.NS,RPSG VENTURES LIMITED,Information Technology Services,Technology,Technology,False,Cash,1,Stage 2 Failed,Stage 3,Failed Stage 2,0.72,"This stock was recently Stage 2, but the latest structure no longer satisfies Stage 2 rules. It is kept as Stage 2 Failed until a fresh base/repair structure forms.",Recent Stage 2 break; public stage held as Stage 2 Failed.,2026-09-28,2026-09-09,,5.11,-8.81,25602823.47,0.83,1.88,0.98,True,False,"Stage 3, Stage 3 - Distribution/Damage, weekly_vcp_ok, volume_dryup, weekly_strong, distribution_risk | Stage 2 failed state applied from stage memory.",watchlist,0.0,0.0,971.2,-13.3,[14.37],[45],0.0,45.0,808
MARICO.NS,Marico Limited,Household & Personal Products,Consumer Defensive,Consumer Defensive,True,F&O,1,Stage 3,Stage 3,Stage 3 - Distribution/Damage,0.76,"Prior strength exists, but short-term and/or weekly structure is deteriorating.",,,2026-09-01,,0.55,9.56,1288667038.72,0.93,0.69,0.52,False,True,"Stage 3, Stage 3 - Distribution/Damage, weekly_vcp_ok, weekly_volume_dryup, weekly_strong, distribution_risk",watchlist,0.0,0.0,868.87,-6.4,[11.01],[33],0.0,33.0,809
SONATSOFTW.NS,Sonata Software Limited,Information Technology Services,Technology,Technology,False,Cash,1,Stage 4,Stage 4,Stage 4 - Weak/Declining,0.72,Price is below long-term support with weak trend evidence.,,,,,6.99,22.56,318864698.49,0.94,0.23,0.33,False,True,"Stage 4, Stage 4 - Weak/Declining, weekly_vcp_ok, weekly_volume_dryup, weekly_strong, downtrend",watchlist,0.0,0.0,292.46,-6.3,[28.01],[27],0.0,27.0,810
TATAINVEST.NS,Tata Investment Corporation Limited,Asset Management,Financial Services,Financial Services,False,Cash,1,Stage 4,Stage 4,Stage 4 - Weak/Declining,0.72,Price is below long-term support with weak trend evidence.,,,,,1.65,13.25,1666448619.96,3.29,0.3,0.38,False,True,"Stage 4, Stage 4 - Weak/Declining, weekly_vcp_ok, weekly_volume_dryup, weekly_strong, downtrend",watchlist,0.0,0.0,751.81,-14.28,[13.81],[20],0.0,20.0,811
BHARTIHEXA.NS,Bharti Hexacom Limited,Telecom Services,Communication Services,Communication Services,False,Cash,1,Stage 4,Stage 4,Stage 4 - Weak/Declining,0.72,Price is below long-term support with weak trend evidence.,,,,,5.22,-2.03,118204699.1,0.73,1.06,0.47,True,True,"Stage 4, Stage 4 - Weak/Declining, weekly_vcp_ok, volume_dryup, weekly_volume_dryup, weekly_strong, downtrend",watchlist,0.0,0.0,1619.73,-11.93,[10.97],[9],0.0,9.0,812
PILANIINVS.NS,Pilani Investment and Industries Corporation Limited,Asset Management,Financial Services,Financial Services,False,Cash,1,Stage 4,Stage 4,Stage 4 - Confirmed Downtrend,0.86,Price is below a bearish moving-average stack with falling trend signals.,,,,,-3.9,-1.34,9704972.4,0.92,0.64,0.59,False,True,"Stage 4, Stage 4 - Confirmed Downtrend, weekly_vcp_ok, weekly_volume_dryup, weekly_strong, downtrend",watchlist,0.0,0.0,4459.79,-10.37,[6.42],[12],0.0,12.0,813
BLUESTARCO.NS,Blue Star Limited,Building Products & Equipment,Industrials,Industrials,True,F&O,1,Stage 4,Stage 4,Stage 4 - Weak/Declining,0.72,Price is below long-term support with weak trend evidence.,,,,,4.11,5.85,957486698.33,1.11,2.94,1.19,False,False,"Stage 4, Stage 4 - Weak/Declining, weekly_vcp_ok, weekly_strong, downtrend",watchlist,0.0,0.0,1580.0,-0.29,[17.57],[26],0.0,26.0,814
MASTEK.NS,Mastek Limited,Information Technology Services,Technology,Technology,False,Cash,1,Stage 4,Stage 4,Stage 4 - Weak/Declining,0.72,Price is below long-term support with weak trend evidence.,,,,,2.36,6.29,187369648.59,0.46,0.14,0.33,True,True,"Stage 4, Stage 4 - Weak/Declining, weekly_vcp_ok, volume_dryup, weekly_volume_dryup, weekly_strong, downtrend",watchlist,0.0,0.0,1920.98,-19.0,[17.4],[20],0.0,20.0,815
BLUEDART.NS,Blue Dart Express Limited,Industrials,Industrials,Industrials,False,Cash,1,Stage 4,Stage 4,Stage 4 - Weak/Declining,0.72,Price is below long-term support with weak trend evidence.,,,,,2.16,-0.55,41562469.55,0.28,0.75,0.24,True,True,"Stage 4, Stage 4 - Weak/Declining, weekly_vcp_ok, volume_dryup, weekly_volume_dryup, weekly_strong, downtrend",watchlist,0.0,0.0,5755.05,-17.47,"[17.05, 6.29, 6.61]","[34, 9, 9]",0.55,68.0,816
SAMMAANCAP.NS,Sammaan Capital Limited,Mortgage Finance,Financial Services,Financial Services,True,F&O,1,Stage 4,Stage 4,Stage 4 - Weak/Declining,0.72,Price is below long-term support with weak trend evidence.,,,2026-08-13,,-15.09,-3.27,713021213.3,0.59,0.46,0.51,True,True,"Stage 4, Stage 4 - Weak/Declining, weekly_vcp_ok, volume_dryup, weekly_volume_dryup, weekly_strong, downtrend",watchlist,0.0,0.0,161.28,-13.93,[14.62],[28],0.0,28.0,817
SWANCORP.NS,SWAN CORP LIMITED,Conglomerates,Industrials,Industrials,False,Cash,1,Stage 4,Stage 4,Stage 4 - Confirmed Downtrend,0.86,Price is below a bearish moving-average stack with falling trend signals.,,,,,-2.12,-5.48,1129632287.6,0.56,0.19,0.35,True,True,"Stage 4, Stage 4 - Confirmed Downtrend, weekly_vcp_ok, volume_dryup, weekly_volume_dryup, weekly_strong, downtrend",watchlist,0.0,0.0,317.04,-8.62,[18.69],[47],0.0,47.0,818
SHARDACROP.NS,Sharda Cropchem Limited,Agricultural Inputs,Basic Materials,Basic Materials,False,Cash,1,Stage 4,Stage 4,Stage 4 - Confirmed Downtrend,0.86,Price is below a bearish moving-average stack with falling trend signals.,,,,,-12.14,-14.88,77422195.86,0.69,1.06,0.6,True,True,"Stage 4, Stage 4 - Confirmed Downtrend, weekly_vcp_ok, volume_dryup, weekly_volume_dryup, weekly_strong, downtrend",watchlist,0.0,0.0,803.7,-9.28,[18.31],[27],0.0,27.0,819
EUREKAFORB.NS,Eureka Forbes Limited,"Furnishings, Fixtures & Appliances",Consumer Cyclical,Consumer Cyclical,False,Cash,1,Stage 4,Stage 4,Stage 4 - Confirmed Downtrend,0.86,Price is below a bearish moving-average stack with falling trend signals.,,,,,-19.76,-19.77,60422374.61,1.16,0.77,1.08,False,False,"Stage 4, Stage 4 - Confirmed Downtrend, weekly_vcp_ok, weekly_strong, downtrend",watchlist,0.0,0.0,441.07,-18.09,[15.18],[14],0.0,14.0,820
IMFA.NS,Indian Metals & Ferro Alloys Limited,Basic Materials,Basic Materials,Basic Materials,False,Cash,1,Stage 4,Stage 4,Stage 4 - Weak/Declining,0.72,Price is below long-term support with weak trend evidence.,,,2026-08-24,,-5.49,-1.17,109168594.53,0.58,0.6,0.46,True,True,"Stage 4, Stage 4 - Weak/Declining, weekly_vcp_ok, volume_dryup, weekly_volume_dryup, weekly_strong, downtrend",watchlist,0.0,0.0,1484.59,-18.64,[22.17],[29],0.0,29.0,821
JKLAKSHMI.NS,JK Lakshmi Cement Limited,Building Materials,Basic Materials,Basic Materials,False,Cash,1,Stage 4,Stage 4,Stage 4 - Confirmed Downtrend,0.86,Price is below a bearish moving-average stack with falling trend signals.,,,,,-7.33,-12.65,62372267.6,0.49,0.96,0.37,True,True,"Stage 4, Stage 4 - Confirmed Downtrend, weekly_vcp_ok, volume_dryup, weekly_volume_dryup, weekly_strong, downtrend",watchlist,0.0,0.0,535.94,-7.68,[20.39],[24],0.0,24.0,822
KSCL.NS,Kaveri Seed Company Limited,Agricultural Inputs,Basic Materials,Basic Materials,False,Cash,1,Stage 4,Stage 4,Stage 4 - Weak/Declining,0.72,Price is below long-term support with weak trend evidence.,,,,,-10.72,-5.47,1210229009.57,4.32,0.98,8.79,False,False,"Stage 4, Stage 4 - Weak/Declining, weekly_vcp_ok, weekly_strong, downtrend",watchlist,0.0,0.0,810.37,-5.04,[24.24],[36],0.0,36.0,823
HEIDELBERG.NS,HeidelbergCement India Limited,Building Materials,Basic Materials,Basic Materials,False,Cash,1,Stage 4,Stage 4,Stage 4 - Weak/Declining,0.72,Price is below long-term support with weak trend evidence.,,,,,-5.7,-3.67,33449084.6,1.3,1.03,1.29,False,False,"Stage 4, Stage 4 - Weak/Declining, weekly_vcp_ok, weekly_strong, downtrend",watchlist,0.0,0.0,155.58,-15.51,"[12.59, 7.2]","[13, 17]",0.9,47.0,824
ULTRACEMCO.NS,UltraTech Cement Limited,Building Materials,Basic Materials,Basic Materials,True,F&O,1,Stage 4,Stage 4,Stage 4 - Weak/Declining,0.72,Price is below long-term support with weak trend evidence.,,,2026-08-28,,2.63,8.19,2777673650.35,1.04,1.35,1.03,False,False,"Stage 4, Stage 4 - Weak/Declining, weekly_vcp_ok, weekly_strong, downtrend",watchlist,0.0,0.0,11840.68,-6.89,[9.99],[15],0.0,15.0,825
GSFC.NS,Gujarat State Fertilizers & Chemicals Limited,Agricultural Inputs,Basic Materials,Basic Materials,False,Cash,1,Stage 4,Stage 4,Stage 4 - Weak/Declining,0.72,Price is below long-term support with weak trend evidence.,,,,,3.62,6.25,157189612.55,1.03,0.62,0.87,False,True,"Stage 4, Stage 4 - Weak/Declining, weekly_vcp_ok, weekly_volume_dryup, weekly_strong, downtrend",watchlist,0.0,0.0,160.96,-4.92,[8.42],[8],0.0,8.0,826
HEXT.NS,Hexaware Technologies Limited,Information Technology Services,Technology,Technology,False,Cash,1,Stage 4,Stage 4,Stage 4 - Weak/Declining,0.72,Price is below long-term support with weak trend evidence.,,,,,-6.77,14.54,160709945.86,0.31,0.49,0.26,True,True,"Stage 4, Stage 4 - Weak/Declining, weekly_vcp_ok, volume_dryup, weekly_volume_dryup, weekly_strong, downtrend",watchlist,0.0,0.0,566.84,-13.69,[15.14],[21],0.0,21.0,827
BALMLAWRIE.NS,Balmer Lawrie & Company Limited,Conglomerates,Industrials,Industrials,False,Cash,1,Stage 2 Failed,Stage 4,Failed Stage 2,0.72,"This stock was recently Stage 2, but the latest structure no longer satisfies Stage 2 rules. It is kept as Stage 2 Failed until a fresh base/repair structure forms.",Recent Stage 2 break; public stage held as Stage 2 Failed.,2026-09-28,2026-09-07,,-3.52,6.85,22616139.22,0.83,0.36,0.72,True,True,"Stage 4, Stage 4 - Weak/Declining, weekly_vcp_ok, volume_dryup, weekly_volume_dryup, weekly_strong, downtrend | Stage 2 failed state applied from stage memory.",watchlist,0.0,0.0,178.35,-8.9,[9.74],[14],0.0,14.0,828
SBILIFE.NS,SBI Life Insurance Company Limited,Insurance - Life,Financial Services,Financial Services,True,F&O,1,Stage 4,Stage 4,Stage 4 - Confirmed Downtrend,0.86,Price is below a bearish moving-average stack with falling trend signals.,,,,,1.95,-0.33,1694184723.58,1.3,1.45,1.46,False,False,"Stage 4, Stage 4 - Confirmed Downtrend, weekly_vcp_ok, weekly_strong, downtrend",watchlist,0.0,0.0,1804.85,-4.25,[13.69],[31],0.0,31.0,829
RITES.NS,RITES Limited,Engineering & Construction,Industrials,Industrials,False,Cash,1,Stage 4,Stage 4,Stage 4 - Weak/Declining,0.72,Price is below long-term support with weak trend evidence.,,,,,-6.01,7.07,66477230.38,0.77,0.92,0.8,True,True,"Stage 4, Stage 4 - Weak/Declining, weekly_vcp_ok, volume_dryup, weekly_volume_dryup, weekly_strong, downtrend",watchlist,0.0,0.0,220.43,-11.03,[14.04],[13],0.0,13.0,830
GODFRYPHLP.NS,Godfrey Phillips India Limited,Consumer Defensive,Consumer Defensive,Consumer Defensive,True,F&O,1,Stage 4,Stage 4,Stage 4 - Confirmed Downtrend,0.86,Price is below a bearish moving-average stack with falling trend signals.,,,,,-4.64,4.87,302890156.63,0.44,1.53,0.37,True,True,"Stage 4, Stage 4 - Confirmed Downtrend, weekly_vcp_ok, volume_dryup, weekly_volume_dryup, weekly_strong, downtrend",watchlist,0.0,0.0,2456.63,-21.38,[12.12],[121],0.0,121.0,831
HINDUNILVR.NS,Hindustan Unilever Limited,Household & Personal Products,Consumer Defensive,Consumer Defensive,True,F&O,1,Stage 4,Stage 4,Stage 4 - Confirmed Downtrend,0.86,Price is below a bearish moving-average stack with falling trend signals.,,,,,-9.13,-5.01,2392146498.44,0.86,1.58,0.8,False,True,"Stage 4, Stage 4 - Confirmed Downtrend, weekly_vcp_ok, weekly_volume_dryup, weekly_strong, downtrend",watchlist,0.0,0.0,2055.49,-7.76,[12.96],[33],0.0,33.0,832
TATAPOWER.NS,Tata Power Company Limited,Utilities,Utilities,Utilities,True,F&O,1,Stage 4,Stage 4,Stage 4 - Weak/Declining,0.72,Price is below long-term support with weak trend evidence.,,,2026-06-23,,1.25,-3.16,1333297456.76,0.72,0.68,0.56,True,True,"Stage 4, Stage 4 - Weak/Declining, weekly_vcp_ok, volume_dryup, weekly_volume_dryup, weekly_strong, downtrend",watchlist,0.0,0.0,377.65,-4.17,[11.12],[11],0.0,11.0,833
GMRAIRPORT.NS,GMR AIRPORTS LIMITED,Industrials,Industrials,Industrials,True,F&O,1,Stage 4,Stage 4,Stage 4 - Weak/Declining,0.72,Price is below long-term support with weak trend evidence.,,,2026-08-19,,-10.14,8.87,1050956455.32,1.07,0.51,0.77,False,True,"Stage 4, Stage 4 - Weak/Declining, weekly_vcp_ok, weekly_volume_dryup, weekly_strong, downtrend",watchlist,0.0,0.0,115.84,-18.21,[8.01],[110],0.0,110.0,834
SHREECEM.NS,SHREE CEMENT LIMITED,Building Materials,Basic Materials,Basic Materials,True,F&O,1,Stage 4,Stage 4,Stage 4 - Confirmed Downtrend,0.86,Price is below a bearish moving-average stack with falling trend signals.,,,2026-08-10,,-10.12,-1.62,394610999.25,0.9,0.74,0.55,False,True,"Stage 4, Stage 4 - Confirmed Downtrend, weekly_vcp_ok, weekly_volume_dryup, weekly_strong, downtrend",watchlist,0.0,0.0,27598.21,-19.67,[20.6],[41],0.0,41.0,835
ICICIPRULI.NS,ICICI Prudential Life Insurance Company Limited,Insurance - Life,Financial Services,Financial Services,True,F&O,1,Stage 4,Stage 4,Stage 4 - Confirmed Downtrend,0.86,Price is below a bearish moving-average stack with falling trend signals.,,,,,-2.41,-6.31,740503235.41,1.25,0.91,1.52,False,False,"Stage 4, Stage 4 - Confirmed Downtrend, weekly_vcp_ok, weekly_strong, downtrend",watchlist,0.0,0.0,526.67,-12.91,[12.84],[28],0.0,28.0,836
RVNL.NS,Rail Vikas Nigam Limited,Engineering & Construction,Industrials,Industrials,True,F&O,1,Stage 4,Stage 4,Stage 4 - Confirmed Downtrend,0.86,Price is below a bearish moving-average stack with falling trend signals.,,,,,-9.03,-19.72,912417512.49,0.99,0.59,0.67,False,True,"Stage 4, Stage 4 - Confirmed Downtrend, weekly_vcp_ok, weekly_volume_dryup, weekly_strong, downtrend",watchlist,0.0,0.0,231.78,-12.53,[17.32],[28],0.0,28.0,837
MFSL.NS,Max Financial Services Limited,Insurance - Life,Financial Services,Financial Services,True,F&O,1,Stage 4,Stage 4,Stage 4 - Confirmed Downtrend,0.86,Price is below a bearish moving-average stack with falling trend signals.,,,2026-06-23,,-5.67,0.88,1790552487.18,2.13,0.46,3.42,False,False,"Stage 4, Stage 4 - Confirmed Downtrend, weekly_vcp_ok, weekly_strong, downtrend",watchlist,0.0,0.0,1604.9,-10.03,[11.7],[21],0.0,21.0,838
CENTURYPLY.NS,Century Plyboards (India) Limited,Basic Materials,Basic Materials,Basic Materials,False,Cash,1,Stage 4,Stage 4,Stage 4 - Weak/Declining,0.72,Price is below long-term support with weak trend evidence.,,,2026-08-11,,-4.89,-3.64,48219792.68,1.36,0.86,1.18,False,False,"Stage 4, Stage 4 - Weak/Declining, weekly_vcp_ok, weekly_strong, downtrend",watchlist,0.0,0.0,780.31,-12.98,[9.43],[29],0.0,29.0,839
BIKAJI.NS,Bikaji Foods International Limited,Packaged Foods,Consumer Defensive,Consumer Defensive,False,Cash,1,Stage 4,Stage 4,Stage 4 - Confirmed Downtrend,0.86,Price is below a bearish moving-average stack with falling trend signals.,,,,,-9.58,-7.79,217268827.47,2.41,0.19,4.37,False,False,"Stage 4, Stage 4 - Confirmed Downtrend, weekly_vcp_ok, weekly_strong, downtrend",watchlist,0.0,0.0,637.01,-12.42,[16.22],[14],0.0,14.0,840
CANFINHOME.NS,Can Fin Homes Limited,Mortgage Finance,Financial Services,Financial Services,False,Cash,1,Stage 4,Stage 4,Stage 4 - Confirmed Downtrend,0.86,Price is below a bearish moving-average stack with falling trend signals.,,,2026-07-17,,-10.55,-7.26,199979362.63,1.16,0.42,1.0,False,False,"Stage 4, Stage 4 - Confirmed Downtrend, weekly_vcp_ok, weekly_strong, downtrend",watchlist,0.0,0.0,853.84,-13.61,[15.08],[9],0.0,9.0,841
BSOFT.NS,BIRLASOFT LIMITED,Information Technology Services,Technology,Technology,False,Cash,1,Stage 4,Stage 4,Stage 4 - Weak/Declining,0.72,Price is below long-term support with weak trend evidence.,,,,,2.75,-23.52,410579475.92,1.06,0.78,0.46,False,True,"Stage 4, Stage 4 - Weak/Declining, weekly_vcp_ok, weekly_volume_dryup, weekly_strong, downtrend",watchlist,0.0,0.0,314.55,-13.77,[17.16],[26],0.0,26.0,842
STARCEMENT.NS,Star Cement Limited,Building Materials,Basic Materials,Basic Materials,False,Cash,1,Stage 4,Stage 4,Stage 4 - Confirmed Downtrend,0.86,Price is below a bearish moving-average stack with falling trend signals.,,,,,-7.35,-9.57,33455253.28,0.65,0.38,0.36,True,True,"Stage 4, Stage 4 - Confirmed Downtrend, weekly_vcp_ok, volume_dryup, weekly_volume_dryup, weekly_strong, downtrend",watchlist,0.0,0.0,203.91,-10.54,[15.4],[30],0.0,30.0,843
KPIGREEN.NS,KPI Green Energy Limited,Utilities - Renewable,Utilities,Utilities,False,Cash,1,Stage 4,Stage 4,Stage 4 - Weak/Declining,0.72,Price is below long-term support with weak trend evidence.,,,,,-6.01,-5.34,934125797.02,2.6,4.65,3.26,False,False,"Stage 4, Stage 4 - Weak/Declining, weekly_vcp_ok, weekly_strong, downtrend",watchlist,0.0,0.0,323.81,10.36,[35.25],[44],0.0,44.0,844
TTML.NS,Tata Teleservices (Maharashtra) Limited,Telecom Services,Communication Services,Communication Services,False,Cash,1,Stage 4,Stage 4,Stage 4 - Confirmed Downtrend,0.86,Price is below a bearish moving-average stack with falling trend signals.,,,,,-10.87,1.79,195138900.63,2.16,25.78,5.95,False,False,"Stage 4, Stage 4 - Confirmed Downtrend, weekly_vcp_ok, weekly_strong, downtrend",watchlist,0.0,0.0,40.57,-10.8,[10.46],[5],0.0,5.0,845
BORORENEW.NS,BOROSIL RENEWABLES LIMITED,Solar,Technology,Technology,False,Cash,1,Stage 4,Stage 4,Stage 4 - Weak/Declining,0.72,Price is below long-term support with weak trend evidence.,,,2026-08-04,,-22.24,11.31,200743581.55,1.18,0.72,0.82,False,True,"Stage 4, Stage 4 - Weak/Declining, weekly_vcp_ok, weekly_volume_dryup, weekly_strong, downtrend",watchlist,0.0,0.0,671.07,-32.61,"[15.53, 16.64]","[17, 14]",0.1,83.0,846
TRANSRAILL.NS,Transrail Lighting Limited,Engineering & Construction,Industrials,Industrials,False,Cash,1,Stage 4,Stage 4,Stage 4 - Confirmed Downtrend,0.86,Price is below a bearish moving-average stack with falling trend signals.,,,,,-7.91,-4.65,995005981.59,3.66,0.3,7.05,False,False,"Stage 4, Stage 4 - Confirmed Downtrend, weekly_vcp_ok, weekly_strong, downtrend",watchlist,0.0,0.0,477.35,-5.8,[15.92],[17],0.0,17.0,847
RCF.NS,Rashtriya Chemicals and Fertilizers Limited,Agricultural Inputs,Basic Materials,Basic Materials,False,Cash,1,Stage 4,Stage 4,Stage 4 - Confirmed Downtrend,0.86,Price is below a bearish moving-average stack with falling trend signals.,,,,,-11.03,-0.89,110924048.84,0.84,1.32,0.89,True,True,"Stage 4, Stage 4 - Confirmed Downtrend, weekly_vcp_ok, volume_dryup, weekly_volume_dryup, weekly_strong, downtrend",watchlist,0.0,0.0,127.2,-13.56,[16.55],[16],0.0,16.0,848
ASHAPURMIN.NS,Ashapura Minechem Limited,Basic Materials,Basic Materials,Basic Materials,False,Cash,1,Stage 4,Stage 4,Stage 4 - Confirmed Downtrend,0.86,Price is below a bearish moving-average stack with falling trend signals.,,,2026-08-07,,-18.81,5.29,162663699.42,0.65,0.87,0.68,True,True,"Stage 4, Stage 4 - Confirmed Downtrend, weekly_vcp_ok, volume_dryup, weekly_volume_dryup, weekly_strong, downtrend",watchlist,0.0,0.0,573.49,-12.36,[20.85],[26],0.0,26.0,849
ARVINDFASN.NS,Arvind Fashions Limited,Apparel Manufacturing,Consumer Cyclical,Consumer Cyclical,False,Cash,1,Stage 4,Stage 4,Stage 4 - Confirmed Downtrend,0.86,Price is below a bearish moving-average stack with falling trend signals.,,,,,-6.6,3.19,83619957.17,0.66,0.46,0.68,True,True,"Stage 4, Stage 4 - Confirmed Downtrend, weekly_vcp_ok, volume_dryup, weekly_volume_dryup, weekly_strong, downtrend",watchlist,0.0,0.0,463.81,-10.79,[11.72],[33],0.0,33.0,850
PNCINFRA.NS,PNC Infratech Limited,Engineering & Construction,Industrials,Industrials,False,Cash,1,Stage 4,Stage 4,Stage 4 - Confirmed Downtrend,0.86,Price is below a bearish moving-average stack with falling trend signals.,,,,,-39.01,-21.98,310765947.99,3.2,1.24,1.2,False,False,"Stage 4, Stage 4 - Confirmed Downtrend, weekly_vcp_ok, weekly_strong, downtrend",watchlist,0.0,0.0,260.33,-49.58,[54.88],[43],0.0,43.0,851
GREENLAM.NS,Greenlam Industries Limited,"Furnishings, Fixtures & Appliances",Consumer Cyclical,Consumer Cyclical,False,Cash,1,Stage 4,Stage 4,Stage 4 - Weak/Declining,0.72,Price is below long-term support with weak trend evidence.,,,2026-08-27,,-10.83,1.96,10556572.98,0.35,1.58,0.35,True,True,"Stage 4, Stage 4 - Weak/Declining, weekly_vcp_ok, volume_dryup, weekly_volume_dryup, weekly_strong, downtrend",watchlist,0.0,0.0,238.74,-8.89,[12.67],[14],0.0,14.0,852
ICRA.NS,ICRA Limited,Financial Services,Financial Services,Financial Services,False,Cash,1,Stage 4,Stage 4,Stage 4 - Confirmed Downtrend,0.86,Price is below a bearish moving-average stack with falling trend signals.,,,,,-12.19,-11.22,122563033.88,0.76,0.64,0.87,True,True,"Stage 4, Stage 4 - Confirmed Downtrend, weekly_vcp_ok, volume_dryup, weekly_volume_dryup, weekly_strong, downtrend",watchlist,0.0,0.0,5182.75,-16.83,[12.58],[27],0.0,27.0,853
SWSOLAR.NS,Sterling and Wilson Renewable Energy Limited,Solar,Technology,Technology,False,Cash,1,Stage 4,Stage 4,Stage 4 - Confirmed Downtrend,0.86,Price is below a bearish moving-average stack with falling trend signals.,,,,,-25.76,5.45,199070374.73,1.59,0.92,1.91,False,False,"Stage 4, Stage 4 - Confirmed Downtrend, weekly_vcp_ok, weekly_strong, downtrend",watchlist,0.0,0.0,203.74,-16.2,[23.27],[23],0.0,23.0,854
WEBELSOLAR.NS,Websol Energy System Limited,Solar,Technology,Technology,False,Cash,1,Stage 4,Stage 4,Stage 4 - Weak/Declining,0.72,Price is below long-term support with weak trend evidence.,,,,,-26.93,-3.47,141407174.35,0.82,0.56,0.81,True,True,"Stage 4, Stage 4 - Weak/Declining, weekly_vcp_ok, volume_dryup, weekly_volume_dryup, weekly_strong, downtrend",watchlist,0.0,0.0,79.68,-9.95,[31.32],[32],0.0,32.0,855
GOPAL.NS,Gopal Snacks Limited,Packaged Foods,Consumer Defensive,Consumer Defensive,False,Cash,1,Stage 4,Stage 4,Stage 4 - Confirmed Downtrend,0.86,Price is below a bearish moving-average stack with falling trend signals.,,,,,-2.56,-1.61,29950494.06,0.78,0.58,0.98,True,False,"Stage 4, Stage 4 - Confirmed Downtrend, weekly_vcp_ok, volume_dryup, weekly_strong, downtrend",watchlist,0.0,0.0,294.0,-13.33,[15.65],[19],0.0,19.0,856
HGINFRA.NS,H.G. Infra Engineering Limited,Engineering & Construction,Industrials,Industrials,False,Cash,1,Stage 4,Stage 4,Stage 4 - Confirmed Downtrend,0.86,Price is below a bearish moving-average stack with falling trend signals.,,,,,-15.82,-5.25,341562724.99,3.32,0.2,6.49,False,False,"Stage 4, Stage 4 - Confirmed Downtrend, weekly_vcp_ok, weekly_strong, downtrend",watchlist,0.0,0.0,495.87,-10.35,[18.37],[15],0.0,15.0,857
ROUTE.NS,ROUTE MOBILE LIMITED,Telecom Services,Communication Services,Communication Services,False,Cash,1,Stage 4,Stage 4,Stage 4 - Weak/Declining,0.72,Price is below long-term support with weak trend evidence.,,,,,-10.47,2.12,109320803.74,0.38,0.6,0.34,True,True,"Stage 4, Stage 4 - Weak/Declining, weekly_vcp_ok, volume_dryup, weekly_volume_dryup, weekly_strong, downtrend",watchlist,0.0,0.0,535.34,-15.3,[24.28],[23],0.0,23.0,858
KITEX.NS,Kitex Garments Limited,Apparel Manufacturing,Consumer Cyclical,Consumer Cyclical,False,Cash,1,Stage 4,Stage 4,Stage 4 - Confirmed Downtrend,0.86,Price is below a bearish moving-average stack with falling trend signals.,,,,,-22.66,-22.85,42844363.07,0.9,0.65,1.04,False,False,"Stage 4, Stage 4 - Confirmed Downtrend, weekly_vcp_ok, weekly_strong, downtrend",watchlist,0.0,0.0,148.83,-21.97,[29.19],[41],0.0,41.0,859
GATEWAY.NS,Gateway Distriparks Limited,Industrials,Industrials,Industrials,False,Cash,1,Stage 4,Stage 4,Stage 4 - Confirmed Downtrend,0.86,Price is below a bearish moving-average stack with falling trend signals.,,,2026-07-15,,-8.55,-0.11,30495054.99,0.48,0.85,0.47,True,True,"Stage 4, Stage 4 - Confirmed Downtrend, weekly_vcp_ok, volume_dryup, weekly_volume_dryup, weekly_strong, downtrend",watchlist,0.0,0.0,55.29,-6.16,[13.13],[30],0.0,30.0,860
POKARNA.NS,Pokarna Limited,Building Products & Equipment,Industrials,Industrials,False,Cash,1,Stage 4,Stage 4,Stage 4 - Weak/Declining,0.72,Price is below long-term support with weak trend evidence.,,,2026-08-18,,-24.78,-15.19,107260957.42,0.6,0.35,0.44,True,True,"Stage 4, Stage 4 - Weak/Declining, weekly_vcp_ok, volume_dryup, weekly_volume_dryup, weekly_strong, downtrend",watchlist,0.0,0.0,993.24,-27.7,[20.76],[24],0.0,24.0,861
ITC.NS,ITC Limited,Consumer Defensive,Consumer Defensive,Consumer Defensive,True,F&O,1,Stage 4,Stage 4,Stage 4 - Confirmed Downtrend,0.86,Price is below a bearish moving-average stack with falling trend signals.,,,,,-3.41,-4.72,3060298887.09,0.77,0.62,0.61,True,True,"Stage 4, Stage 4 - Confirmed Downtrend, weekly_vcp_ok, volume_dryup, weekly_volume_dryup, weekly_strong, downtrend",watchlist,0.0,0.0,274.43,-3.36,[12.66],[20],0.0,20.0,862
DATAMATICS.NS,Datamatics Global Services Limited,Information Technology Services,Technology,Technology,False,Cash,1,Stage 2 Failed,Stage 3,Failed Stage 2,0.72,"This stock was recently Stage 2, but the latest structure no longer satisfies Stage 2 rules. It is kept as Stage 2 Failed until a fresh base/repair structure forms.",Recent Stage 2 break; public stage held as Stage 2 Failed.,2026-09-28,2026-09-25,,0.55,14.15,116499692.03,1.93,1.02,1.1,False,False,"Stage 3, Stage 3 - Distribution/Damage, weekly_vcp_ok, distribution_risk | Stage 2 failed state applied from stage memory.",watchlist,0.0,0.0,859.0,-8.71,[19.29],[18],0.0,18.0,863
BANARISUG.NS,Bannari Amman Sugars Limited,Consumer Defensive,Consumer Defensive,Consumer Defensive,False,Cash,1,Stage 2 Failed,Stage 4,Failed Stage 2,0.72,"This stock was recently Stage 2, but the latest structure no longer satisfies Stage 2 rules. It is kept as Stage 2 Failed until a fresh base/repair structure forms.",Recent Stage 2 break; public stage held as Stage 2 Failed.,2026-09-28,2026-09-08,,3.04,-4.71,5800322.15,0.4,0.38,0.43,True,True,"Stage 4, Stage 4 - Weak/Declining, weekly_vcp_ok, volume_dryup, weekly_volume_dryup, downtrend | Stage 2 failed state applied from stage memory.",watchlist,0.0,0.0,4329.67,-21.85,[26.04],[18],0.0,18.0,864
TSFINV.NS,TSF INVESTMENTS LIMITED,Asset Management,Financial Services,Financial Services,False,Cash,1,Not Sure,Not Sure,Not Sure,0.0,Stage rules did not identify a reliable structure.,No confident stage classification.,,,,2.21,26.44,34973534.83,1.29,0.71,1.13,False,False,"Not Sure, Not Sure",watchlist,0.0,0.0,428.25,1.51,"[13.9, 15.76]","[8, 19]",0.1,35.0,865
SUPREMEIND.NS,Supreme Industries Limited,Building Products & Equipment,Industrials,Industrials,True,F&O,1,Stage 1,Stage 1,Stage 1 - Base/Repair,0.7,Price is near long-term moving averages with no strong long-term downtrend signal.,,,,,11.95,-0.97,546588645.4,0.86,1.09,0.72,False,True,"Stage 1, Stage 1 - Base/Repair, weekly_volume_dryup, stage1_not_actionable, stage1_needs_more_base",watchlist,0.0,0.0,3716.49,-5.83,[11.86],[13],0.0,13.0,866
DCMSHRIRAM.NS,DCM Shriram Limited,Conglomerates,Industrials,Industrials,False,Cash,1,Stage 4,Stage 4,Stage 4 - Confirmed Downtrend,0.86,Price is below a bearish moving-average stack with falling trend signals.,,,,,-1.91,-13.94,51360486.03,0.3,0.63,0.25,True,True,"Stage 4, Stage 4 - Confirmed Downtrend, volume_dryup, weekly_volume_dryup, downtrend",watchlist,0.0,0.0,1121.46,-15.77,[18.08],[11],0.0,11.0,867
ADFFOODS.NS,ADF Foods Limited,Packaged Foods,Consumer Defensive,Consumer Defensive,False,Cash,1,Stage 2 Failed,Stage 3,Failed Stage 2,0.72,"This stock was recently Stage 2, but the latest structure no longer satisfies Stage 2 rules. It is kept as Stage 2 Failed until a fresh base/repair structure forms.",Recent Stage 2 break; public stage held as Stage 2 Failed.,2026-09-28,2026-09-24,,-10.64,52.4,26290722.88,0.59,0.31,0.39,True,True,"Stage 3, Stage 3 - Distribution/Damage, volume_dryup, weekly_volume_dryup, distribution_risk | Stage 2 failed state applied from stage memory.",watchlist,0.0,0.0,286.2,-6.85,[11.03],[5],0.0,5.0,868
SUMICHEM.NS,Sumitomo Chemical India Limited,Agricultural Inputs,Basic Materials,Basic Materials,False,Cash,1,Stage 2 Failed,Stage 1,Failed Stage 2,0.72,"This stock was recently Stage 2, but the latest structure no longer satisfies Stage 2 rules. It is kept as Stage 2 Failed until a fresh base/repair structure forms.",Recent Stage 2 break; public stage held as Stage 2 Failed.,2026-09-28,2026-09-23,,3.65,15.69,124818195.11,0.77,0.9,0.66,True,True,"Stage 1, Stage 1 - Base/Repair, volume_dryup, weekly_volume_dryup, stage1_not_actionable, stage1_needs_more_base | Stage 2 failed state applied from stage memory.",watchlist,0.0,0.0,566.95,-23.49,[14.92],[10],0.0,10.0,869
STARHEALTH.NS,Star Health and Allied Insurance Company Limited,Insurance - Life,Financial Services,Financial Services,False,Cash,1,Stage 2 Failed,Stage 3,Failed Stage 2,0.72,"This stock was recently Stage 2, but the latest structure no longer satisfies Stage 2 rules. It is kept as Stage 2 Failed until a fresh base/repair structure forms.",Recent Stage 2 break; public stage held as Stage 2 Failed.,2026-09-28,2026-09-15,,-1.01,19.84,561552828.43,2.55,0.49,3.71,False,False,"Stage 3, Stage 3 - Distribution/Damage, distribution_risk | Stage 2 failed state applied from stage memory.",watchlist,0.0,0.0,588.0,-6.04,[11.45],[7],0.0,7.0,870
IFBIND.NS,IFB Industries Limited,"Furnishings, Fixtures & Appliances",Consumer Cyclical,Consumer Cyclical,False,Cash,1,Stage 4,Stage 4,Stage 4 - Weak/Declining,0.72,Price is below long-term support with weak trend evidence.,,,,,-0.79,29.93,39771902.17,0.62,0.94,0.65,True,True,"Stage 4, Stage 4 - Weak/Declining, volume_dryup, weekly_volume_dryup, downtrend",watchlist,0.0,0.0,1339.94,-9.38,[13.63],[8],0.0,8.0,871
EIEL.NS,Enviro Infra Engineers Limited,Engineering & Construction,Industrials,Industrials,False,Cash,1,Stage 4,Stage 4,Stage 4 - Weak/Declining,0.72,Price is below long-term support with weak trend evidence.,,,2026-08-10,,-10.4,17.06,320446685.35,0.58,0.34,0.44,True,True,"Stage 4, Stage 4 - Weak/Declining, volume_dryup, weekly_volume_dryup, downtrend",watchlist,0.0,0.0,216.12,-10.7,[17.85],[21],0.0,21.0,872
JKCEMENT.NS,JK Cement Limited,Building Materials,Basic Materials,Basic Materials,False,Cash,1,Stage 4,Stage 4,Stage 4 - Confirmed Downtrend,0.86,Price is below a bearish moving-average stack with falling trend signals.,,,,,-4.28,-0.81,214712067.12,0.92,0.38,0.7,False,True,"Stage 4, Stage 4 - Confirmed Downtrend, weekly_volume_dryup, downtrend",watchlist,0.0,0.0,5790.0,-13.76,"[16.89, 18.09]","[15, 53]",0.1,83.0,873
IEX.NS,Indian Energy Exchange Limited,Capital Markets,Financial Services,Financial Services,True,F&O,1,Stage 4,Stage 4,Stage 4 - Confirmed Downtrend,0.86,Price is below a bearish moving-average stack with falling trend signals.,,,,,-4.73,-3.03,392036015.55,0.68,0.67,0.61,True,True,"Stage 4, Stage 4 - Confirmed Downtrend, volume_dryup, weekly_volume_dryup, downtrend",watchlist,0.0,0.0,135.0,-17.52,[14.22],[61],0.0,61.0,874
NIACL.NS,The New India Assurance Company Limited,Financial Services,Financial Services,Financial Services,False,Cash,1,Stage 2 Failed,Stage 1,Failed Stage 2,0.72,"This stock was recently Stage 2, but the latest structure no longer satisfies Stage 2 rules. It is kept as Stage 2 Failed until a fresh base/repair structure forms.",Recent Stage 2 break; public stage held as Stage 2 Failed.,2026-09-28,2026-09-25,,-3.65,41.22,2682845100.82,0.93,0.18,0.36,False,True,"Stage 1, Stage 1 - Base/Repair, weekly_volume_dryup, stage1_not_actionable, stage1_needs_more_base | Stage 2 failed state applied from stage memory.",watchlist,0.0,0.0,243.02,-30.11,[25.19],[27],0.0,27.0,875
CCL.NS,CCL Products (India) Limited,Packaged Foods,Consumer Defensive,Consumer Defensive,False,Cash,1,Stage 1,Stage 1,Stage 1 - Base/Repair,0.7,Price is near long-term moving averages with no strong long-term downtrend signal.,,,2026-09-03,,-7.7,-3.1,145827767.28,0.93,0.53,1.12,False,False,"Stage 1, Stage 1 - Base/Repair, stage1_not_actionable, stage1_needs_more_base",watchlist,0.0,0.0,1240.92,-16.87,[13.71],[58],0.0,58.0,876
TATACOMM.NS,Tata Communications Limited,Telecom Services,Communication Services,Communication Services,False,Cash,1,Stage 2 Failed,Stage 4,Failed Stage 2,0.72,"This stock was recently Stage 2, but the latest structure no longer satisfies Stage 2 rules. It is kept as Stage 2 Failed until a fresh base/repair structure forms.",Recent Stage 2 break; public stage held as Stage 2 Failed.,2026-09-28,2026-09-18,,-9.48,22.66,403729214.75,0.86,0.58,0.49,False,True,"Stage 4, Stage 4 - Weak/Declining, weekly_volume_dryup, downtrend | Stage 2 failed state applied from stage memory.",watchlist,0.0,0.0,1831.5,-9.62,[22.27],[47],0.0,47.0,877
PREMIERENE.NS,Premier Energies Limited,Solar,Technology,Technology,True,F&O,1,Stage 1,Stage 1,Stage 1 - Unclear/Repair,0.58,Not enough evidence for Stage 2 or Stage 4; classified as repair/unclear structure.,,,2026-08-14,,-8.62,1.09,986000503.66,1.33,0.91,0.85,False,True,"Stage 1, Stage 1 - Unclear/Repair, weekly_volume_dryup, stage1_not_actionable, stage1_needs_more_base",watchlist,0.0,0.0,1074.28,-15.66,[13.81],[14],0.0,14.0,878
WAAREEENER.NS,Waaree Energies Limited,Solar,Technology,Technology,True,F&O,1,Stage 4,Stage 4,Stage 4 - Weak/Declining,0.72,Price is below long-term support with weak trend evidence.,,,,,-9.57,-17.73,1444663727.78,0.98,1.09,0.91,False,False,"Stage 4, Stage 4 - Weak/Declining, downtrend",watchlist,0.0,0.0,2729.63,-10.06,[18.9],[28],0.0,28.0,879
TORNTPOWER.NS,Torrent Power Limited,Utilities,Utilities,Utilities,False,Cash,1,Stage 4,Stage 4,Stage 4 - Weak/Declining,0.72,Price is below long-term support with weak trend evidence.,,,2026-06-24,,-6.16,-4.55,524838825.93,0.61,0.23,0.31,True,True,"Stage 4, Stage 4 - Weak/Declining, volume_dryup, weekly_volume_dryup, downtrend",watchlist,0.0,0.0,1329.47,-6.94,[18.66],[35],0.0,35.0,880
WAAREERTL.NS,Waaree Renewable Technologies Limited,Utilities - Renewable,Utilities,Utilities,False,Cash,1,Stage 4,Stage 4,Stage 4 - Weak/Declining,0.72,Price is below long-term support with weak trend evidence.,,,2026-07-22,,-14.68,-1.05,99478356.96,1.08,0.73,1.24,False,False,"Stage 4, Stage 4 - Weak/Declining, downtrend",watchlist,0.0,0.0,896.27,-7.83,[13.1],[6],0.0,6.0,881
JYOTHYLAB.NS,Jyothy Labs Limited,Household & Personal Products,Consumer Defensive,Consumer Defensive,False,Cash,1,Stage 4,Stage 4,Stage 4 - Weak/Declining,0.72,Price is below long-term support with weak trend evidence.,,,,,2.91,-4.96,187863836.81,0.38,0.3,0.27,True,True,"Stage 4, Stage 4 - Weak/Declining, volume_dryup, weekly_volume_dryup, downtrend",watchlist,0.0,0.0,215.88,-12.14,[8.96],[10],0.0,10.0,882
VSTIND.NS,VST Industries Limited,Consumer Defensive,Consumer Defensive,Consumer Defensive,False,Cash,1,Stage 4,Stage 4,Stage 4 - Confirmed Downtrend,0.86,Price is below a bearish moving-average stack with falling trend signals.,,,2026-07-10,,-13.34,1.21,21805154.97,0.7,0.82,0.63,True,True,"Stage 4, Stage 4 - Confirmed Downtrend, volume_dryup, weekly_volume_dryup, downtrend",watchlist,0.0,0.0,236.31,-13.67,[22.58],[52],0.0,52.0,883
CRIZAC.NS,Crizac Limited,Consumer Defensive,Consumer Defensive,Consumer Defensive,False,Cash,1,Stage 4,Stage 4,Stage 4 - Confirmed Downtrend,0.86,Price is below a bearish moving-average stack with falling trend signals.,,,,,-6.36,-6.19,61752293.88,0.81,0.32,1.04,True,False,"Stage 4, Stage 4 - Confirmed Downtrend, volume_dryup, downtrend",watchlist,0.0,0.0,192.34,-7.9,[21.98],[24],0.0,24.0,884
FLAIR.NS,Flair Writing Industries Limited,Industrials,Industrials,Industrials,False,Cash,1,Stage 4,Stage 4,Stage 4 - Confirmed Downtrend,0.86,Price is below a bearish moving-average stack with falling trend signals.,,,2026-05-21,,-6.85,-18.17,24302639.4,0.64,0.53,0.78,True,True,"Stage 4, Stage 4 - Confirmed Downtrend, volume_dryup, weekly_volume_dryup, downtrend",watchlist,0.0,0.0,254.69,-7.71,[12.12],[22],0.0,22.0,885
NUVAMA.NS,Nuvama Wealth Management Limited,Asset Management,Financial Services,Financial Services,True,F&O,1,Stage 2 Failed,Stage 1,Failed Stage 2,0.72,"This stock was recently Stage 2, but the latest structure no longer satisfies Stage 2 rules. It is kept as Stage 2 Failed until a fresh base/repair structure forms.",Recent Stage 2 break; public stage held as Stage 2 Failed.,2026-09-28,2026-09-16,,-4.71,47.22,567928592.77,0.7,1.76,0.86,True,True,"Stage 1, Stage 1 - Base/Repair, volume_dryup, weekly_volume_dryup, stage1_not_actionable, stage1_needs_more_base | Stage 2 failed state applied from stage memory.",watchlist,0.0,0.0,1907.23,-13.98,[20.82],[21],0.0,21.0,886
ANGELONE.NS,Angel One Limited,Capital Markets,Financial Services,Financial Services,True,F&O,1,Stage 2 Failed,Stage 4,Failed Stage 2,0.72,"This stock was recently Stage 2, but the latest structure no longer satisfies Stage 2 rules. It is kept as Stage 2 Failed until a fresh base/repair structure forms.",Recent Stage 2 break; public stage held as Stage 2 Failed.,2026-09-28,2026-09-23,,-13.99,18.54,1480172803.38,0.61,0.87,0.58,True,True,"Stage 4, Stage 4 - Weak/Declining, volume_dryup, weekly_volume_dryup, downtrend | Stage 2 failed state applied from stage memory.",watchlist,0.0,0.0,310.0,-9.94,[22.29],[34],0.0,34.0,887
TITAGARH.NS,TITAGARH RAIL SYSTEMS LIMITED,Industrials,Industrials,Industrials,False,Cash,1,Stage 2 Failed,Stage 3,Failed Stage 2,0.72,"This stock was recently Stage 2, but the latest structure no longer satisfies Stage 2 rules. It is kept as Stage 2 Failed until a fresh base/repair structure forms.",Recent Stage 2 break; public stage held as Stage 2 Failed.,2026-09-28,2026-09-21,,-2.13,35.55,557699843.78,0.95,0.98,0.78,False,True,"Stage 3, Stage 3 - Distribution/Damage, weekly_volume_dryup, distribution_risk | Stage 2 failed state applied from stage memory.",watchlist,0.0,0.0,905.3,-9.57,[12.75],[5],0.0,5.0,888
KEC.NS,KEC International Limited,Engineering & Construction,Industrials,Industrials,False,Cash,1,Stage 4,Stage 4,Stage 4 - Confirmed Downtrend,0.86,Price is below a bearish moving-average stack with falling trend signals.,,,,,-18.22,-23.12,421947303.44,1.14,0.3,0.72,False,True,"Stage 4, Stage 4 - Confirmed Downtrend, weekly_volume_dryup, downtrend",watchlist,0.0,0.0,442.17,-11.67,[19.29],[26],0.0,26.0,889
LUXIND.NS,Lux Industries Limited,Apparel Manufacturing,Consumer Cyclical,Consumer Cyclical,False,Cash,1,Stage 4,Stage 4,Stage 4 - Weak/Declining,0.72,Price is below long-term support with weak trend evidence.,,,2026-06-09,,-3.89,25.87,59858126.96,2.63,0.6,1.13,False,False,"Stage 4, Stage 4 - Weak/Declining, downtrend",watchlist,0.0,0.0,1247.9,-9.88,[16.92],[15],0.0,15.0,890
GODREJIND.NS,Godrej Industries Limited,Conglomerates,Industrials,Industrials,False,Cash,1,Stage 2 Failed,Stage 3,Failed Stage 2,0.72,"This stock was recently Stage 2, but the latest structure no longer satisfies Stage 2 rules. It is kept as Stage 2 Failed until a fresh base/repair structure forms.",Recent Stage 2 break; public stage held as Stage 2 Failed.,2026-09-28,2026-09-16,,-6.09,30.08,120275457.47,1.08,1.06,0.88,False,True,"Stage 3, Stage 3 - Distribution/Damage, weekly_volume_dryup, distribution_risk | Stage 2 failed state applied from stage memory.",watchlist,0.0,0.0,1252.19,-14.06,[22.03],[34],0.0,34.0,891
CROMPTON.NS,Crompton Greaves Consumer Electricals Limited,"Furnishings, Fixtures & Appliances",Consumer Cyclical,Consumer Cyclical,True,F&O,1,Stage 4,Stage 4,Stage 4 - Weak/Declining,0.72,Price is below long-term support with weak trend evidence.,,,2026-08-06,,-14.12,-2.26,515384015.56,0.59,0.76,0.62,True,True,"Stage 4, Stage 4 - Weak/Declining, volume_dryup, weekly_volume_dryup, downtrend",watchlist,0.0,0.0,259.45,-15.67,[12.72],[8],0.0,8.0,892
ZENSARTECH.NS,Zensar Technologies Limited,Information Technology Services,Technology,Technology,False,Cash,1,Stage 4,Stage 4,Stage 4 - Confirmed Downtrend,0.86,Price is below a bearish moving-average stack with falling trend signals.,,,,,0.82,-15.47,1545317133.37,2.85,0.98,0.56,False,True,"Stage 4, Stage 4 - Confirmed Downtrend, weekly_volume_dryup, downtrend",watchlist,0.0,0.0,497.27,-12.18,[23.88],[32],0.0,32.0,893
BHAGCHEM.NS,Bhagiradha Chemicals & Industries Limited,Agricultural Inputs,Basic Materials,Basic Materials,False,Cash,1,Stage 2 Failed,Stage 1,Failed Stage 2,0.72,"This stock was recently Stage 2, but the latest structure no longer satisfies Stage 2 rules. It is kept as Stage 2 Failed until a fresh base/repair structure forms.",Recent Stage 2 break; public stage held as Stage 2 Failed.,2026-09-28,2026-09-15,,-11.33,42.95,18437698.23,0.79,0.84,0.75,True,True,"Stage 1, Stage 1 - Base/Repair, volume_dryup, weekly_volume_dryup, stage1_not_actionable, stage1_needs_more_base | Stage 2 failed state applied from stage memory.",watchlist,0.0,0.0,291.81,-17.38,[14.35],[22],0.0,22.0,894
LT.NS,Larsen & Toubro Limited,Engineering & Construction,Industrials,Industrials,True,F&O,1,Stage 2 Failed,Stage 1,Failed Stage 2,0.72,"This stock was recently Stage 2, but the latest structure no longer satisfies Stage 2 rules. It is kept as Stage 2 Failed until a fresh base/repair structure forms.",Recent Stage 2 break; public stage held as Stage 2 Failed.,2026-09-28,2026-09-07,,-2.11,7.52,5215105610.21,0.99,1.05,0.9,False,False,"Stage 1, Stage 1 - Unclear/Repair, stage1_not_actionable, stage1_needs_more_base | Stage 2 failed state applied from stage memory.",watchlist,0.0,0.0,4132.52,-8.86,[12.93],[21],0.0,21.0,895
FACT.NS,Fertilizers and Chemicals Travancore Limited,Agricultural Inputs,Basic Materials,Basic Materials,False,Cash,1,Stage 4,Stage 4,Stage 4 - Weak/Declining,0.72,Price is below long-term support with weak trend evidence.,,,2026-06-26,,-7.4,1.45,140164195.49,0.25,0.05,0.11,True,True,"Stage 4, Stage 4 - Weak/Declining, volume_dryup, weekly_volume_dryup, downtrend",watchlist,0.0,0.0,921.61,-16.72,[19.56],[16],0.0,16.0,896
THERMAX.NS,Thermax Limited,Conglomerates,Industrials,Industrials,False,Cash,1,Not Sure,Stage 4,Pending Stage 4,0.55,Blocked public stage jump Stage 1 -> Stage 4; waiting for intermediate/confirmed structure.,Blocked public stage jump Stage 1 -> Stage 4; waiting for intermediate/confirmed structure.,,2026-08-05,Stage 4,-25.75,5.42,498007814.01,0.65,0.68,0.5,True,True,"Stage 4, Stage 4 - Weak/Declining, volume_dryup, weekly_volume_dryup, downtrend | Blocked public stage jump Stage 1 -> Stage 4; waiting for intermediate/confirmed structure.",watchlist,0.0,0.0,4036.95,-16.12,[26.92],[8],0.0,8.0,897
AFCONS.NS,Afcons Infrastructure Limited,Engineering & Construction,Industrials,Industrials,False,Cash,1,Stage 4,Stage 4,Stage 4 - Confirmed Downtrend,0.86,Price is below a bearish moving-average stack with falling trend signals.,,,,,-14.3,-8.42,762401105.63,2.7,0.36,0.46,False,True,"Stage 4, Stage 4 - Confirmed Downtrend, weekly_volume_dryup, downtrend",watchlist,0.0,0.0,305.08,-17.51,[24.7],[44],0.0,44.0,898
NAM-INDIA.NS,Nippon Life India Asset Management Limited,Asset Management,Financial Services,Financial Services,True,F&O,1,Stage 2 Failed,Stage 3,Failed Stage 2,0.72,"This stock was recently Stage 2, but the latest structure no longer satisfies Stage 2 rules. It is kept as Stage 2 Failed until a fresh base/repair structure forms.",Recent Stage 2 break; public stage held as Stage 2 Failed.,2026-09-28,2026-09-18,,-4.73,35.51,1195557386.51,0.83,0.79,0.69,True,True,"Stage 3, Stage 3 - Distribution/Damage, volume_dryup, weekly_volume_dryup, distribution_risk | Stage 2 failed state applied from stage memory.",watchlist,0.0,0.0,1271.72,-13.98,[9.67],[7],0.0,7.0,899
3MINDIA.NS,3M India Limited,Conglomerates,Industrials,Industrials,False,Cash,1,Stage 4,Stage 4,Stage 4 - Weak/Declining,0.72,Price is below long-term support with weak trend evidence.,,,2026-08-28,,6.49,14.8,136072536.5,1.54,0.35,0.79,False,True,"Stage 4, Stage 4 - Weak/Declining, weekly_volume_dryup, downtrend",watchlist,0.0,0.0,35095.0,-4.79,[15.55],[21],0.0,21.0,900
ADANIENSOL.NS,Adani Energy Solutions Limited,Utilities,Utilities,Utilities,True,F&O,1,Stage 2 Failed,Stage 3,Failed Stage 2,0.72,"This stock was recently Stage 2, but the latest structure no longer satisfies Stage 2 rules. It is kept as Stage 2 Failed until a fresh base/repair structure forms.",Recent Stage 2 break; public stage held as Stage 2 Failed.,2026-09-28,2026-09-07,,-12.17,39.04,2574396558.7,0.51,0.38,0.52,True,True,"Stage 3, Stage 3 - Distribution/Damage, volume_dryup, weekly_volume_dryup, distribution_risk | Stage 2 failed state applied from stage memory.",watchlist,0.0,0.0,1639.86,-21.46,[17.65],[5],0.0,5.0,901
BSE.NS,BSE Limited,Financial Services,Financial Services,Financial Services,True,F&O,1,Stage 4,Stage 4,Stage 4 - Weak/Declining,0.72,Price is below long-term support with weak trend evidence.,,,2026-07-24,,-13.91,11.17,13048048772.22,0.98,0.9,1.03,False,False,"Stage 4, Stage 4 - Weak/Declining, downtrend",watchlist,0.0,0.0,3874.27,-20.05,[25.6],[55],0.0,55.0,902
VEDL.NS,Vedanta Limited,Basic Materials,Basic Materials,Basic Materials,True,F&O,1,Stage 4,Stage 4,Stage 4 - Confirmed Downtrend,0.86,Price is below a bearish moving-average stack with falling trend signals.,,,,,-1.09,-60.08,1728315428.72,0.67,0.8,0.67,True,True,"Stage 4, Stage 4 - Confirmed Downtrend, volume_dryup, weekly_volume_dryup, downtrend",watchlist,0.0,0.0,291.51,-11.15,[13.23],[14],0.0,14.0,903
GODREJCP.NS,Godrej Consumer Products Limited,Household & Personal Products,Consumer Defensive,Consumer Defensive,True,F&O,1,Stage 4,Stage 4,Stage 4 - Confirmed Downtrend,0.86,Price is below a bearish moving-average stack with falling trend signals.,,,,,-13.87,-9.57,1155639579.12,0.54,0.91,0.38,True,True,"Stage 4, Stage 4 - Confirmed Downtrend, volume_dryup, weekly_volume_dryup, downtrend",watchlist,0.0,0.0,949.66,-8.6,[21.83],[26],0.0,26.0,904
ICICIGI.NS,ICICI Lombard General Insurance Company Limited,Financial Services,Financial Services,Financial Services,True,F&O,1,Stage 4,Stage 4,Stage 4 - Confirmed Downtrend,0.86,Price is below a bearish moving-average stack with falling trend signals.,,,,,-7.44,-6.22,1145318362.67,1.1,0.49,1.2,False,False,"Stage 4, Stage 4 - Confirmed Downtrend, downtrend",watchlist,0.0,0.0,1652.89,-6.83,[19.64],[29],0.0,29.0,905
PERSISTENT.NS,Persistent Systems Limited,Information Technology Services,Technology,Technology,True,F&O,1,Stage 4,Stage 4,Stage 4 - Weak/Declining,0.72,Price is below long-term support with weak trend evidence.,,,2026-08-17,,21.84,4.54,2279254739.62,0.8,0.75,0.7,True,True,"Stage 4, Stage 4 - Weak/Declining, volume_dryup, weekly_volume_dryup, downtrend",watchlist,0.0,0.0,5920.34,-10.0,[24.37],[20],0.0,20.0,906
COLPAL.NS,Colgate Palmolive (India) Limited,Household & Personal Products,Consumer Defensive,Consumer Defensive,True,F&O,1,Stage 4,Stage 4,Stage 4 - Confirmed Downtrend,0.86,Price is below a bearish moving-average stack with falling trend signals.,,,,,-5.35,4.34,785610145.87,1.34,1.01,0.79,False,True,"Stage 4, Stage 4 - Confirmed Downtrend, weekly_volume_dryup, downtrend",watchlist,0.0,0.0,1917.8,-3.75,[19.49],[32],0.0,32.0,907
TIINDIA.NS,Tube Investments of India Limited,Conglomerates,Industrials,Industrials,True,F&O,1,Stage 4,Stage 4,Stage 4 - Weak/Declining,0.72,Price is below long-term support with weak trend evidence.,,,2026-08-28,,-15.29,-1.91,462715454.47,0.47,0.67,0.36,True,True,"Stage 4, Stage 4 - Weak/Declining, volume_dryup, weekly_volume_dryup, downtrend",watchlist,0.0,0.0,2642.42,-6.94,[20.08],[26],0.0,26.0,908
PIIND.NS,PI Industries Limited,Agricultural Inputs,Basic Materials,Basic Materials,True,F&O,1,Stage 4,Stage 4,Stage 4 - Confirmed Downtrend,0.86,Price is below a bearish moving-average stack with falling trend signals.,,,,,-4.52,-13.46,631012987.6,1.04,0.44,1.19,False,False,"Stage 4, Stage 4 - Confirmed Downtrend, downtrend",watchlist,0.0,0.0,2536.5,-7.39,[22.71],[29],0.0,29.0,909
GILLETTE.NS,Gillette India Limited,Household & Personal Products,Consumer Defensive,Consumer Defensive,False,Cash,1,Stage 4,Stage 4,Stage 4 - Confirmed Downtrend,0.86,Price is below a bearish moving-average stack with falling trend signals.,,,,,-3.2,-5.49,140294196.65,1.41,0.57,1.03,False,False,"Stage 4, Stage 4 - Confirmed Downtrend, downtrend",watchlist,0.0,0.0,7577.24,-8.6,[8.34],[35],0.0,35.0,910
CAMS.NS,Computer Age Management Services Limited,Information Technology Services,Technology,Technology,True,F&O,1,Stage 4,Stage 4,Stage 4 - Weak/Declining,0.72,Price is below long-term support with weak trend evidence.,,,2026-08-31,,-7.52,7.77,728234257.06,0.88,0.69,0.8,False,True,"Stage 4, Stage 4 - Weak/Declining, weekly_volume_dryup, downtrend",watchlist,0.0,0.0,787.78,-12.21,[13.4],[8],0.0,8.0,911
FSL.NS,Firstsource Solutions Limited,Information Technology Services,Technology,Technology,False,Cash,1,Stage 4,Stage 4,Stage 4 - Weak/Declining,0.72,Price is below long-term support with weak trend evidence.,,,,,12.33,19.81,688371585.22,1.15,0.2,0.11,False,True,"Stage 4, Stage 4 - Weak/Declining, weekly_volume_dryup, downtrend",watchlist,0.0,0.0,292.51,-12.48,[27.86],[27],0.0,27.0,912
EIDPARRY.NS,EID Parry India Limited,Agricultural Inputs,Basic Materials,Basic Materials,False,Cash,1,Stage 4,Stage 4,Stage 4 - Confirmed Downtrend,0.86,Price is below a bearish moving-average stack with falling trend signals.,,,,,1.19,-10.97,240978123.88,0.58,0.52,0.47,True,True,"Stage 4, Stage 4 - Confirmed Downtrend, volume_dryup, weekly_volume_dryup, downtrend",watchlist,0.0,0.0,866.91,-18.51,[23.6],[40],0.0,40.0,913
AAVAS.NS,Aavas Financiers Limited,Mortgage Finance,Financial Services,Financial Services,False,Cash,1,Stage 4,Stage 4,Stage 4 - Confirmed Downtrend,0.86,Price is below a bearish moving-average stack with falling trend signals.,,,,,-9.62,14.89,122916896.24,0.85,0.76,0.83,True,True,"Stage 4, Stage 4 - Confirmed Downtrend, volume_dryup, weekly_volume_dryup, downtrend",watchlist,0.0,0.0,1544.9,-16.99,[15.93],[94],0.0,94.0,914
BBTC.NS,The Bombay Burmah Trading Corporation Limited,Packaged Foods,Consumer Defensive,Consumer Defensive,False,Cash,1,Stage 4,Stage 4,Stage 4 - Confirmed Downtrend,0.86,Price is below a bearish moving-average stack with falling trend signals.,,,,,-2.92,3.06,275713595.92,0.73,0.05,0.1,True,True,"Stage 4, Stage 4 - Confirmed Downtrend, volume_dryup, weekly_volume_dryup, downtrend",watchlist,0.0,0.0,1641.87,-13.78,[15.01],[13],0.0,13.0,915
MMTC.NS,MMTC Limited,Conglomerates,Industrials,Industrials,False,Cash,1,Stage 4,Stage 4,Stage 4 - Confirmed Downtrend,0.86,Price is below a bearish moving-average stack with falling trend signals.,,,2026-07-13,,-11.65,4.14,81782689.19,0.44,0.34,0.51,True,True,"Stage 4, Stage 4 - Confirmed Downtrend, volume_dryup, weekly_volume_dryup, downtrend",watchlist,0.0,0.0,67.7,-16.69,[23.55],[31],0.0,31.0,916
TRIVENI.NS,Triveni Engineering & Industries Limited,Consumer Defensive,Consumer Defensive,Consumer Defensive,False,Cash,1,Stage 4,Stage 4,Stage 4 - Confirmed Downtrend,0.86,Price is below a bearish moving-average stack with falling trend signals.,,,2026-07-21,,-41.0,-35.74,198600004.62,0.78,0.51,0.6,True,True,"Stage 4, Stage 4 - Confirmed Downtrend, volume_dryup, weekly_volume_dryup, downtrend",watchlist,0.0,0.0,314.06,-22.82,[55.1],[13],0.0,13.0,917
TTKPRESTIG.NS,TTK Prestige Limited,"Furnishings, Fixtures & Appliances",Consumer Cyclical,Consumer Cyclical,False,Cash,1,Stage 4,Stage 4,Stage 4 - Weak/Declining,0.72,Price is below long-term support with weak trend evidence.,,,2026-08-18,,-14.49,19.36,29998525.75,0.16,0.46,0.1,True,True,"Stage 4, Stage 4 - Weak/Declining, volume_dryup, weekly_volume_dryup, downtrend",watchlist,0.0,0.0,615.78,-16.55,[21.14],[16],0.0,16.0,918
PRSMJOHNSN.NS,Prism Johnson Limited,Building Materials,Basic Materials,Basic Materials,False,Cash,1,Stage 4,Stage 4,Stage 4 - Weak/Declining,0.72,Price is below long-term support with weak trend evidence.,,,,,4.44,-5.39,36668335.93,0.13,0.13,0.09,True,True,"Stage 4, Stage 4 - Weak/Declining, volume_dryup, weekly_volume_dryup, downtrend",watchlist,0.0,0.0,118.48,-2.81,[21.82],[35],0.0,35.0,919
LATENTVIEW.NS,Latent View Analytics Limited,Industrials,Industrials,Industrials,False,Cash,1,Stage 4,Stage 4,Stage 4 - Confirmed Downtrend,0.86,Price is below a bearish moving-average stack with falling trend signals.,,,,,-8.28,-20.33,117114839.39,0.82,0.32,0.42,True,True,"Stage 4, Stage 4 - Confirmed Downtrend, volume_dryup, weekly_volume_dryup, downtrend",watchlist,0.0,0.0,325.37,-25.75,"[14.32, 15.73, 16.78]","[20, 7, 9]",0.15,54.0,920
GOKEX.NS,Gokaldas Exports Limited,Apparel Manufacturing,Consumer Cyclical,Consumer Cyclical,False,Cash,1,Stage 4,Stage 4,Stage 4 - Weak/Declining,0.72,Price is below long-term support with weak trend evidence.,,,2026-08-20,,-18.27,12.79,188380067.32,1.27,2.61,1.31,False,False,"Stage 4, Stage 4 - Weak/Declining, downtrend",watchlist,0.0,0.0,824.89,-18.55,[17.18],[29],0.0,29.0,921
RALLIS.NS,Rallis India Limited,Agricultural Inputs,Basic Materials,Basic Materials,False,Cash,1,Stage 4,Stage 4,Stage 4 - Confirmed Downtrend,0.86,Price is below a bearish moving-average stack with falling trend signals.,,,,,-7.15,-11.76,100011640.78,0.61,0.79,0.47,True,True,"Stage 4, Stage 4 - Confirmed Downtrend, volume_dryup, weekly_volume_dryup, downtrend",watchlist,0.0,0.0,216.2,-7.76,[20.61],[45],0.0,45.0,922
BAJAJELEC.NS,Bajaj Electricals Limited,"Furnishings, Fixtures & Appliances",Consumer Cyclical,Consumer Cyclical,False,Cash,1,Stage 4,Stage 4,Stage 4 - Weak/Declining,0.72,Price is below long-term support with weak trend evidence.,,,,,1.25,-6.84,33964014.01,0.21,0.72,0.2,True,True,"Stage 4, Stage 4 - Weak/Declining, volume_dryup, weekly_volume_dryup, downtrend",watchlist,0.0,0.0,346.76,-9.26,[21.45],[19],0.0,19.0,923
NACLIND.NS,NACL Industries Limited,Agricultural Inputs,Basic Materials,Basic Materials,False,Cash,1,Stage 4,Stage 4,Stage 4 - Weak/Declining,0.72,Price is below long-term support with weak trend evidence.,,,2026-07-13,,-31.31,1.09,73401899.32,0.87,0.78,1.02,False,False,"Stage 4, Stage 4 - Weak/Declining, downtrend",watchlist,0.0,0.0,185.73,-26.49,[30.88],[33],0.0,33.0,924
NFL.NS,National Fertilizers Limited,Agricultural Inputs,Basic Materials,Basic Materials,False,Cash,1,Stage 4,Stage 4,Stage 4 - Confirmed Downtrend,0.86,Price is below a bearish moving-average stack with falling trend signals.,,,,,-6.24,-1.49,29915369.26,0.74,0.72,0.73,True,True,"Stage 4, Stage 4 - Confirmed Downtrend, volume_dryup, weekly_volume_dryup, downtrend",watchlist,0.0,0.0,74.38,-11.59,[13.57],[24],0.0,24.0,925
INDOTHAI.NS,Indo Thai Securities Limited,Capital Markets,Financial Services,Financial Services,False,Cash,1,Stage 4,Stage 4,Stage 4 - Confirmed Downtrend,0.86,Price is below a bearish moving-average stack with falling trend signals.,,,,,-82.63,-87.42,123677283.68,0.77,0.22,0.63,True,True,"Stage 4, Stage 4 - Confirmed Downtrend, volume_dryup, weekly_volume_dryup, downtrend",watchlist,0.0,0.0,45.57,-33.27,[85.54],[28],0.0,28.0,926
KNRCON.NS,KNR Constructions Limited,Engineering & Construction,Industrials,Industrials,False,Cash,1,Stage 4,Stage 4,Stage 4 - Confirmed Downtrend,0.86,Price is below a bearish moving-average stack with falling trend signals.,,,,,-5.87,-0.6,196757822.35,1.07,0.37,0.62,False,True,"Stage 4, Stage 4 - Confirmed Downtrend, weekly_volume_dryup, downtrend",watchlist,0.0,0.0,134.41,-12.66,[20.85],[17],0.0,17.0,927
PSPPROJECT.NS,PSP Projects Limited,Engineering & Construction,Industrials,Industrials,False,Cash,1,Stage 4,Stage 4,Stage 4 - Weak/Declining,0.72,Price is below long-term support with weak trend evidence.,,,2026-09-03,,-19.58,27.54,43519789.39,0.9,1.62,1.09,False,False,"Stage 4, Stage 4 - Weak/Declining, downtrend",watchlist,0.0,0.0,961.98,-19.01,[6.45],[50],0.0,50.0,928
KPEL.NS,K.P. Energy Limited,Engineering & Construction,Industrials,Industrials,False,Cash,1,Stage 4,Stage 4,Stage 4 - Confirmed Downtrend,0.86,Price is below a bearish moving-average stack with falling trend signals.,,,,,-30.47,-19.14,76610242.35,1.02,1.0,0.96,False,False,"Stage 4, Stage 4 - Confirmed Downtrend, downtrend",watchlist,0.0,0.0,273.18,-19.27,[36.53],[30],0.0,30.0,929
NITCO.NS,Nitco Limited,Building Products & Equipment,Industrials,Industrials,False,Cash,1,Stage 4,Stage 4,Stage 4 - Weak/Declining,0.72,Price is below long-term support with weak trend evidence.,,,2026-08-04,,-22.77,1.31,43751862.26,0.54,0.19,0.49,True,True,"Stage 4, Stage 4 - Weak/Declining, volume_dryup, weekly_volume_dryup, downtrend",watchlist,0.0,0.0,109.44,-22.69,[23.8],[16],0.0,16.0,930
