ticker,Company Name,Industry,sector,industry_group,is_fo_stock,fo_category,Include,stage,stage_raw,stage_variant,stage_confidence,stage_reason,stage_state_reason,stage_failed_since,last_stage2_date,stage_pending_raw,rs_3m_pct,rs_6m_pct,avg_turnover_inr,volume_dryup_ratio,breakout_volume_ratio,weekly_volume_ratio,volume_is_drying_up,weekly_volume_is_drying_up,notes,weekly_setup_bucket,weekly_score,final_weekly_score,weekly_pivot,weekly_breakout_distance_pct,weekly_contraction_depths_pct,weekly_contraction_durations,weekly_contraction_score,weekly_base_duration_weeks,weekly_vcp_quality,current_rank
APARINDS.NS,Apar Industries Limited,Electrical Equipment & Parts,Industrials,Industrials,False,Cash,1,Stage 2,Stage 2,Extended Stage 2,0.78,"Advancing structure remains intact, but price is stretched versus key moving averages or far above the 52-week low.",,,2026-10-05,,33.23,63.49,2200942157.11,0.73,0.76,0.6,True,True,"Stage 2, Extended Stage 2, trend_template_ok, weekly_vcp_ok, volume_dryup, weekly_volume_dryup, weekly_strong",weekly_near_pivot,73.8,78.8,18433.32,-2.26,"[22.59, 12.97]","[4, 5]",0.9,12.0,strong,1
DIVISLAB.NS,Divi's Laboratories Limited,Drug Manufacturers - Specialty & Generic,Healthcare,Healthcare,True,F&O,1,Stage 2,Stage 2,Clean Stage 2,0.9,"Price is above rising key averages, weekly structure is supportive, and the stock is near its 52-week high.",,,2026-10-05,,44.91,57.62,4219750672.7,0.92,0.95,0.82,False,True,"Stage 2, Clean Stage 2, trend_template_ok, weekly_vcp_ok, weekly_volume_dryup, weekly_strong",weekly_near_pivot,73.8,78.8,9740.0,-1.95,"[16.86, 7.43]","[7, 3]",0.9,16.0,strong,2
JYOTICNC.NS,Jyoti CNC Automation Limited,Specialty Industrial Machinery,Industrials,Industrials,False,Cash,1,Stage 2,Stage 2,Early Stage 2,0.72,"Price has moved above long-term structure, but the full moving-average stack is not clean yet.",,,2026-10-05,,39.35,54.37,1111412731.25,0.51,0.5,0.32,True,True,"Stage 2, Early Stage 2, weekly_vcp_ok, volume_dryup, weekly_volume_dryup, weekly_strong",weekly_near_pivot,73.8,78.8,1136.59,-5.59,"[33.0, 31.35]","[11, 8]",0.9,22.0,strong,3
PTCIL.NS,PTC Industries Limited,Metal Fabrication,Industrials,Industrials,False,Cash,1,Stage 2,Stage 2,Clean Stage 2,0.9,"Price is above rising key averages, weekly structure is supportive, and the stock is near its 52-week high.",,,2026-10-05,,37.89,50.93,459536581.75,0.44,0.64,0.57,True,True,"Stage 2, Clean Stage 2, trend_template_ok, weekly_vcp_ok, volume_dryup, weekly_volume_dryup, weekly_strong",weekly_near_pivot,73.8,78.8,24167.22,-4.31,"[23.08, 15.12]","[7, 4]",0.9,20.0,strong,4
ROLEXRINGS.NS,Rolex Rings Limited,Metal Fabrication,Industrials,Industrials,False,Cash,1,Stage 2,Stage 2,Clean Stage 2,0.9,"Price is above rising key averages, weekly structure is supportive, and the stock is near its 52-week high.",,,2026-10-05,,36.38,43.62,394167118.13,0.79,1.31,0.64,True,True,"Stage 2, Clean Stage 2, trend_template_ok, weekly_vcp_ok, volume_dryup, weekly_volume_dryup, weekly_strong",weekly_near_pivot,73.8,78.8,189.73,-0.82,"[23.3, 15.13]","[6, 4]",0.9,21.0,strong,5
IOLCP.NS,IOL Chemicals and Pharmaceuticals Limited,Drug Manufacturers - Specialty & Generic,Healthcare,Healthcare,False,Cash,1,Stage 2,Stage 2,Extended Stage 2,0.78,"Advancing structure remains intact, but price is stretched versus key moving averages or far above the 52-week low.",,,2026-10-05,,30.26,157.49,672742913.99,0.67,0.87,0.73,True,True,"Stage 2, Extended Stage 2, trend_template_ok, weekly_vcp_ok, volume_dryup, weekly_volume_dryup, weekly_strong",weekly_near_pivot,73.8,78.8,219.42,-2.06,"[33.22, 18.34]","[11, 5]",0.9,18.0,strong,6
MTARTECH.NS,Mtar Technologies Limited,Specialty Industrial Machinery,Industrials,Industrials,False,Cash,1,Stage 2,Stage 2,Clean Stage 2,0.9,"Price is above rising key averages, weekly structure is supportive, and the stock is near its 52-week high.",,,2026-10-05,,15.87,85.76,933463378.38,1.07,0.83,1.45,False,False,"Stage 2, Clean Stage 2, trend_template_ok, weekly_vcp_ok, weekly_strong",weekly_near_pivot,73.8,78.8,7958.9,-3.02,"[40.39, 10.67]","[6, 5]",0.9,13.0,strong,7
AKUMS.NS,Akums Drugs and Pharmaceuticals Limited,Drug Manufacturers - Specialty & Generic,Healthcare,Healthcare,False,Cash,1,Stage 2,Stage 2,Clean Stage 2,0.9,"Price is above rising key averages, weekly structure is supportive, and the stock is near its 52-week high.",,,2026-10-05,,20.69,59.48,202907176.68,0.53,0.43,0.37,True,True,"Stage 2, Clean Stage 2, trend_template_ok, weekly_vcp_ok, volume_dryup, weekly_volume_dryup, weekly_strong",weekly_near_pivot,73.0,78.0,840.27,-3.05,"[14.59, 14.82]","[3, 4]",0.9,11.0,strong,8
WOCKPHARMA.NS,Wockhardt Limited,Drug Manufacturers - Specialty & Generic,Healthcare,Healthcare,False,Cash,1,Stage 2,Stage 2,Clean Stage 2,0.9,"Price is above rising key averages, weekly structure is supportive, and the stock is near its 52-week high.",,,2026-10-05,,24.83,60.49,2174273330.35,1.1,0.78,0.7,False,True,"Stage 2, Clean Stage 2, trend_template_ok, weekly_vcp_ok, weekly_volume_dryup, weekly_strong",weekly_near_pivot,73.0,78.0,2364.13,-7.94,"[26.0, 12.25]","[6, 2]",0.9,11.0,strong,9
FLUOROCHEM.NS,Gujarat Fluorochemicals Limited,Specialty Chemicals,Basic Materials,Basic Materials,False,Cash,1,Stage 2,Stage 2,Early Stage 2,0.72,"Price has moved above long-term structure, but the full moving-average stack is not clean yet.",,,2026-10-05,,20.84,37.85,461882040.2,0.47,1.58,0.66,True,True,"Stage 2, Early Stage 2, weekly_vcp_ok, volume_dryup, weekly_volume_dryup, weekly_strong",weekly_near_pivot,72.77,77.77,4955.62,-7.64,"[21.41, 18.75, 11.01]","[4, 7, 5]",0.95,23.0,strong,10
LAURUSLABS.NS,Laurus Labs Limited,Drug Manufacturers - Specialty & Generic,Healthcare,Healthcare,True,F&O,1,Stage 2,Stage 2,Extended Stage 2,0.78,"Advancing structure remains intact, but price is stretched versus key moving averages or far above the 52-week low.",,,2026-10-05,,37.94,89.48,3118172577.28,0.58,0.77,0.49,True,True,"Stage 2, Extended Stage 2, trend_template_ok, weekly_vcp_ok, volume_dryup, weekly_volume_dryup, weekly_strong",weekly_near_pivot,71.8,76.8,2058.9,-0.43,"[19.55, 15.16]","[4, 3]",0.9,10.0,strong,11
SANATHAN.NS,Sanathan Textiles Limited,Textile Manufacturing,Consumer Cyclical,Consumer Cyclical,False,Cash,1,Stage 2,Stage 2,Clean Stage 2,0.9,"Price is above rising key averages, weekly structure is supportive, and the stock is near its 52-week high.",,,2026-10-05,,23.15,20.49,85232143.76,1.81,0.32,0.78,False,True,"Stage 2, Clean Stage 2, trend_template_ok, weekly_vcp_ok, weekly_volume_dryup, weekly_strong",weekly_breakout,71.26,76.26,512.9,2.49,"[27.48, 19.54, 16.98]","[8, 5, 3]",0.95,30.0,strong,12
FINEORG.NS,Fine Organic Industries Limited,Specialty Chemicals,Basic Materials,Basic Materials,False,Cash,1,Stage 2,Stage 2,Clean Stage 2,0.9,"Price is above rising key averages, weekly structure is supportive, and the stock is near its 52-week high.",,,2026-10-05,,18.4,21.85,119846329.9,0.84,3.38,1.1,True,False,"Stage 2, Clean Stage 2, trend_template_ok, weekly_vcp_ok, volume_dryup, weekly_strong",weekly_breakout,70.92,75.92,5400.59,2.53,"[22.16, 14.01, 13.22]","[4, 6, 3]",0.95,21.0,strong,13
AARTIDRUGS.NS,Aarti Drugs Limited,Drug Manufacturers - Specialty & Generic,Healthcare,Healthcare,False,Cash,1,Stage 2,Stage 2,Stage 2,0.76,Advancing structure detected.,,,2026-10-05,,13.09,21.59,79673604.08,1.28,0.75,1.18,False,False,"Stage 2, Stage 2, trend_template_ok, weekly_vcp_ok, weekly_strong",weekly_near_pivot,70.37,75.37,454.44,-5.64,"[29.49, 24.05, 7.06]","[5, 8, 5]",0.95,40.0,strong,14
SMLMAH.NS,SML Mahindra Limited,Auto Manufacturers,Consumer Cyclical,Consumer Cyclical,False,Cash,1,Stage 2,Stage 2,Extended Stage 2,0.78,"Advancing structure remains intact, but price is stretched versus key moving averages or far above the 52-week low.",,,2026-10-05,,55.0,49.51,379372750.43,0.29,0.62,0.28,True,True,"Stage 2, Extended Stage 2, trend_template_ok, weekly_vcp_ok, volume_dryup, weekly_volume_dryup, weekly_strong",weekly_breakout,73.8,74.8,5998.38,2.29,"[32.4, 22.39]","[4, 5]",0.9,13.0,strong,15
ALIVUS.NS,Alivus Life Sciences Limited,Drug Manufacturers - Specialty & Generic,Healthcare,Healthcare,False,Cash,1,Stage 2,Stage 2,Clean Stage 2,0.9,"Price is above rising key averages, weekly structure is supportive, and the stock is near its 52-week high.",,,2026-10-05,,24.36,33.59,163419511.44,0.62,0.99,0.66,True,True,"Stage 2, Clean Stage 2, trend_template_ok, weekly_vcp_ok, volume_dryup, weekly_volume_dryup, weekly_strong",weekly_near_pivot,69.59,74.59,1491.09,-7.18,"[13.24, 9.03]","[4, 2]",0.9,10.0,strong,16
STEELCAS.NS,Steelcast Limited,Steel,Basic Materials,Basic Materials,False,Cash,1,Stage 2,Stage 2,Clean Stage 2,0.9,"Price is above rising key averages, weekly structure is supportive, and the stock is near its 52-week high.",,,2026-10-05,,25.89,36.65,90275002.94,2.32,0.44,1.1,False,False,"Stage 2, Clean Stage 2, trend_template_ok, weekly_vcp_ok, weekly_strong",weekly_breakout,72.05,74.55,364.64,1.36,"[19.44, 14.8]","[5, 12]",0.9,20.0,strong,17
SIEMENS.NS,Siemens Limited,Specialty Industrial Machinery,Industrials,Industrials,True,F&O,1,Stage 2,Stage 2,Early Stage 2,0.72,"Price has moved above long-term structure, but the full moving-average stack is not clean yet.",,,2026-10-05,,15.4,16.67,867583897.1,0.53,0.83,0.49,True,True,"Stage 2, Early Stage 2, weekly_vcp_ok, volume_dryup, weekly_volume_dryup, weekly_strong",weekly_near_pivot,69.01,74.01,4156.66,-7.28,"[13.69, 11.25]","[6, 3]",0.9,16.0,strong,18
REDINGTON.NS,Redington Limited,Information Technology Services,Technology,Technology,False,Cash,1,Stage 2,Stage 2,Extended Stage 2,0.78,"Advancing structure remains intact, but price is stretched versus key moving averages or far above the 52-week low.",,,2026-10-05,,49.32,90.55,2169377457.73,0.46,0.36,0.46,True,True,"Stage 2, Extended Stage 2, trend_template_ok, weekly_vcp_ok, volume_dryup, weekly_volume_dryup, weekly_strong",weekly_near_pivot,73.0,74.0,420.23,-3.46,"[33.11, 14.19]","[5, 4]",0.9,11.0,strong,19
MIDHANI.NS,Mishra Dhatu Nigam Limited,Steel,Basic Materials,Basic Materials,False,Cash,1,Stage 2,Stage 2,Clean Stage 2,0.9,"Price is above rising key averages, weekly structure is supportive, and the stock is near its 52-week high.",,,2026-10-05,,16.14,40.06,610870689.12,0.44,0.94,0.57,True,True,"Stage 2, Clean Stage 2, weekly_vcp_ok, volume_dryup, weekly_volume_dryup, weekly_strong",weekly_near_pivot,71.42,73.92,481.79,-4.03,"[15.0, 15.14]","[6, 5]",0.9,14.0,strong,20
HAL.NS,Hindustan Aeronautics Limited,Aerospace & Defense,Industrials,Industrials,True,F&O,1,Stage 2,Stage 2,Early Stage 2,0.72,"Price has moved above long-term structure, but the full moving-average stack is not clean yet.",,,2026-10-05,,11.71,18.54,3321612428.85,0.72,1.31,0.75,True,True,"Stage 2, Early Stage 2, weekly_vcp_ok, volume_dryup, weekly_volume_dryup, weekly_strong",weekly_near_pivot,68.82,73.82,5149.9,-6.48,"[24.88, 14.22]","[9, 5]",0.9,19.0,strong,21
SHARDAMOTR.NS,Sharda Motor Industries Limited,Auto Parts,Consumer Cyclical,Consumer Cyclical,False,Cash,1,Stage 2,Stage 2,Early Stage 2,0.72,"Price has moved above long-term structure, but the full moving-average stack is not clean yet.",,,2026-10-05,,14.97,16.13,75163844.48,0.81,0.41,0.49,True,True,"Stage 2, Early Stage 2, weekly_vcp_ok, volume_dryup, weekly_volume_dryup, weekly_strong",weekly_near_pivot,71.11,73.61,954.15,-2.68,"[31.15, 17.62, 11.63, 11.1]","[8, 3, 3, 4]",1.0,30.0,strong,22
KSL.NS,Kalyani Steels Limited,Steel,Basic Materials,Basic Materials,False,Cash,1,Stage 2,Stage 2,Clean Stage 2,0.9,"Price is above rising key averages, weekly structure is supportive, and the stock is near its 52-week high.",,,2026-10-05,,6.79,46.02,158761231.38,1.4,0.44,0.96,False,False,"Stage 2, Clean Stage 2, trend_template_ok, weekly_vcp_ok, weekly_strong",weekly_near_pivot,71.08,73.58,973.09,-3.11,"[15.79, 16.0]","[5, 5]",0.9,15.0,strong,23
JSWINFRA.NS,JSW Infrastructure Limited,Marine Shipping,Industrials,Industrials,False,Cash,1,Stage 2,Stage 2,Clean Stage 2,0.9,"Price is above rising key averages, weekly structure is supportive, and the stock is near its 52-week high.",,,2026-10-05,,14.63,40.06,1646130965.2,0.8,0.61,0.6,True,True,"Stage 2, Clean Stage 2, trend_template_ok, weekly_vcp_ok, volume_dryup, weekly_volume_dryup, weekly_strong",weekly_near_pivot,68.07,73.07,376.16,-3.48,"[12.84, 10.45]","[2, 5]",0.9,9.0,strong,24
PETRONET.NS,Petronet LNG Limited,Oil & Gas Refining & Marketing,Energy,Energy,True,F&O,1,Stage 2 Failed,Stage 2,Failed Stage 2,0.7,Failed Stage 2 cooling period is still active; waiting for a fresh base or confirmed reclaim.,Failed Stage 2 hold period active.,,2026-09-28,,11.97,11.99,522908443.51,1.26,3.08,1.76,False,False,"Stage 2, Early Stage 2, weekly_vcp_ok, weekly_strong | Failed Stage 2 hold period active.",weekly_near_pivot,70.4,72.9,301.13,-1.2,"[27.9, 9.27, 9.1, 7.44]","[4, 2, 5, 2]",1.0,29.0,strong,25
CLEAN.NS,Clean Science and Technology Limited,Specialty Chemicals,Basic Materials,Basic Materials,False,Cash,1,Not Sure,Stage 2,Pending Stage 2,0.55,Stage 2 pending confirmation: needs 3 raw Stage 2 runs; current count 1.,Stage 2 pending confirmation: needs 3 raw Stage 2 runs; current count 1.,,,Stage 2,12.82,15.01,249630539.07,0.57,0.92,0.69,True,True,"Stage 2, Early Stage 2, weekly_vcp_ok, volume_dryup, weekly_volume_dryup, weekly_strong | Stage 2 pending confirmation: needs 3 raw Stage 2 runs; current count 1.",weekly_near_pivot,67.78,72.78,873.3,-5.74,"[18.7, 16.26]","[2, 4]",0.9,11.0,strong,26
ETERNAL.NS,ETERNAL LIMITED,Consumer Cyclical,Consumer Cyclical,Consumer Cyclical,True,F&O,1,Stage 2,Stage 2,Early Stage 2,0.72,"Price has moved above long-term structure, but the full moving-average stack is not clean yet.",,,2026-10-05,,18.22,40.11,6487970984.15,0.81,0.93,0.81,True,True,"Stage 2, Early Stage 2, weekly_vcp_ok, volume_dryup, weekly_volume_dryup, weekly_strong",weekly_near_pivot,71.63,72.63,333.53,-1.36,"[31.1, 11.98]","[5, 3]",0.9,14.0,strong,27
APLAPOLLO.NS,APL Apollo Tubes Limited,Steel,Basic Materials,Basic Materials,True,F&O,1,Stage 2,Stage 2,Early Stage 2,0.72,"Price has moved above long-term structure, but the full moving-average stack is not clean yet.",,,2026-10-05,,25.59,5.47,1237404239.55,0.86,0.48,1.14,False,False,"Stage 2, Early Stage 2, weekly_vcp_ok, weekly_strong",weekly_near_pivot,70.01,72.51,2276.22,-5.46,"[20.31, 20.11, 10.16]","[7, 6, 2]",0.95,31.0,strong,28
BEML.NS,BEML Limited,Conglomerates,Industrials,Industrials,False,Cash,1,Stage 2,Stage 2,Clean Stage 2,0.9,"Price is above rising key averages, weekly structure is supportive, and the stock is near its 52-week high.",,,2026-10-05,,17.74,27.71,732978543.03,0.45,0.5,0.46,True,True,"Stage 2, Clean Stage 2, trend_template_ok, weekly_vcp_ok, volume_dryup, weekly_volume_dryup, weekly_strong",weekly_breakout,71.45,72.45,2026.03,0.8,"[29.57, 17.53, 11.74]","[14, 4, 3]",0.95,32.0,strong,29
STAR.NS,Strides Pharma Science Limited,Drug Manufacturers - Specialty & Generic,Healthcare,Healthcare,False,Cash,1,Stage 2,Stage 2,Stage 2,0.76,Advancing structure detected.,,,2026-10-05,,6.28,10.22,304290937.94,0.5,0.41,0.61,True,True,"Stage 2, Stage 2, trend_template_ok, weekly_vcp_ok, volume_dryup, weekly_volume_dryup, weekly_strong",weekly_near_pivot,67.45,72.45,1146.44,-5.04,"[21.57, 18.62]","[4, 8]",0.9,14.0,strong,30
JAMNAAUTO.NS,Jamna Auto Industries Limited,Auto Parts,Consumer Cyclical,Consumer Cyclical,False,Cash,1,Stage 2,Stage 2,Early Stage 2,0.72,"Price has moved above long-term structure, but the full moving-average stack is not clean yet.",,,2026-10-05,,11.82,17.75,426847453.56,1.49,2.57,1.04,False,False,"Stage 2, Early Stage 2, weekly_vcp_ok, weekly_strong",weekly_near_pivot,69.86,72.36,147.43,-2.18,"[27.12, 18.77, 16.75]","[6, 2, 8]",0.95,27.0,strong,31
AJAXENGG.NS,Ajax Engineering Limited,Farm & Heavy Construction Machinery,Industrials,Industrials,False,Cash,1,Stage 2,Stage 2,Stage 2,0.76,Advancing structure detected.,,,2026-10-05,,14.05,26.72,95951386.14,2.4,0.39,0.67,False,True,"Stage 2, Stage 2, weekly_vcp_ok, weekly_volume_dryup, weekly_strong",weekly_near_pivot,70.98,71.98,626.14,-6.44,"[41.77, 15.5, 12.73]","[19, 6, 5]",0.95,39.0,strong,32
GMMPFAUDLR.NS,GMM Pfaudler Limited,Specialty Industrial Machinery,Industrials,Industrials,False,Cash,1,Stage 2,Stage 2,Extended Stage 2,0.78,"Advancing structure remains intact, but price is stretched versus key moving averages or far above the 52-week low.",,,2026-10-05,,91.27,57.32,687647182.33,0.6,0.51,0.61,True,True,"Stage 2, Extended Stage 2, weekly_vcp_ok, volume_dryup, weekly_volume_dryup, weekly_strong",weekly_breakout,66.9,71.9,944.31,50.98,"[24.54, 22.12, 9.63]","[8, 5, 3]",0.95,23.0,strong,33
KIRIINDUS.NS,Kiri Industries Limited,Specialty Chemicals,Basic Materials,Basic Materials,False,Cash,1,Stage 2,Stage 2,Early Stage 2,0.72,"Price has moved above long-term structure, but the full moving-average stack is not clean yet.",,,2026-10-05,,50.09,41.56,392206444.89,0.56,0.57,0.36,True,True,"Stage 2, Early Stage 2, weekly_vcp_ok, volume_dryup, weekly_volume_dryup, weekly_strong",weekly_breakout,66.9,71.9,439.77,28.27,"[47.05, 14.34, 12.26]","[17, 2, 4]",0.95,31.0,strong,34
AUROPHARMA.NS,Aurobindo Pharma Limited,Drug Manufacturers - Specialty & Generic,Healthcare,Healthcare,True,F&O,1,Stage 2,Stage 2,Clean Stage 2,0.9,"Price is above rising key averages, weekly structure is supportive, and the stock is near its 52-week high.",,,2026-10-05,,12.82,27.18,1269579492.57,0.95,1.3,0.96,False,False,"Stage 2, Clean Stage 2, trend_template_ok, weekly_vcp_ok, weekly_strong",weekly_near_pivot,66.6,71.6,1740.0,-2.71,"[10.26, 7.62]","[4, 3]",0.9,9.0,strong,35
USHAMART.NS,Usha Martin Limited,Steel,Basic Materials,Basic Materials,False,Cash,1,Stage 2,Stage 2,Clean Stage 2,0.9,"Price is above rising key averages, weekly structure is supportive, and the stock is near its 52-week high.",,,2026-10-05,,6.69,20.46,507795813.31,0.85,0.82,0.76,False,True,"Stage 2, Clean Stage 2, weekly_vcp_ok, weekly_volume_dryup, weekly_strong",weekly_near_pivot,68.51,71.01,529.3,-2.38,"[12.8, 11.26]","[3, 7]",0.9,15.0,strong,36
KINGFA.NS,Kingfa Science & Technology (India) Limited,Specialty Chemicals,Basic Materials,Basic Materials,False,Cash,1,Stage 2,Stage 2,Clean Stage 2,0.9,"Price is above rising key averages, weekly structure is supportive, and the stock is near its 52-week high.",,,2026-10-05,,42.69,62.79,108889491.53,0.83,1.74,1.01,True,False,"Stage 2, Clean Stage 2, trend_template_ok, weekly_vcp_ok, volume_dryup, weekly_strong",weekly_breakout,65.8,70.8,6189.54,12.0,"[14.18, 8.46]","[9, 5]",0.9,16.0,strong,37
SHILPAMED.NS,Shilpa Medicare Limited,Drug Manufacturers - Specialty & Generic,Healthcare,Healthcare,False,Cash,1,Stage 2,Stage 2,Extended Stage 2,0.78,"Advancing structure remains intact, but price is stretched versus key moving averages or far above the 52-week low.",,,2026-10-05,,77.28,156.58,870215679.63,0.39,0.51,0.46,True,True,"Stage 2, Extended Stage 2, trend_template_ok, weekly_vcp_ok, volume_dryup, weekly_volume_dryup, weekly_strong",weekly_breakout,65.8,70.8,650.73,65.0,"[37.47, 12.14]","[11, 5]",0.9,18.0,strong,38
HAPPYFORGE.NS,Happy Forgings Limited,Metal Fabrication,Industrials,Industrials,False,Cash,1,Stage 2,Stage 2,Extended Stage 2,0.78,"Advancing structure remains intact, but price is stretched versus key moving averages or far above the 52-week low.",,,2026-10-05,,30.68,54.57,168214613.78,0.85,2.27,0.92,False,False,"Stage 2, Extended Stage 2, daily_vcp_ok, weekly_vcp_ok, weekly_strong",weekly_forming,65.8,70.8,2474.32,-19.6,"[17.15, 11.19]","[5, 3]",0.9,15.0,strong,39
UNIMECH.NS,Unimech Aerospace and Manufacturing Limited,Aerospace & Defense,Industrials,Industrials,False,Cash,1,Stage 2,Stage 2,Extended Stage 2,0.78,"Advancing structure remains intact, but price is stretched versus key moving averages or far above the 52-week low.",,,2026-10-05,,62.7,119.49,523007022.38,0.92,1.01,0.96,False,False,"Stage 2, Extended Stage 2, trend_template_ok, weekly_vcp_ok, weekly_strong",weekly_breakout,65.8,70.8,1557.72,20.25,"[33.3, 18.87]","[7, 3]",0.9,14.0,strong,40
QPOWER.NS,Quality Power Electrical Equipments Limited,Electrical Equipment & Parts,Industrials,Industrials,False,Cash,1,Stage 2,Stage 2,Extended Stage 2,0.78,"Advancing structure remains intact, but price is stretched versus key moving averages or far above the 52-week low.",,,2026-10-05,,47.56,72.36,492631384.78,1.05,1.0,1.19,False,False,"Stage 2, Extended Stage 2, trend_template_ok, weekly_vcp_ok, weekly_strong",weekly_breakout,65.8,70.8,1571.69,4.91,"[32.68, 20.58]","[3, 6]",0.9,13.0,strong,41
GRWRHITECH.NS,Garware Hi-Tech Films Limited,Specialty Chemicals,Basic Materials,Basic Materials,False,Cash,1,Stage 2 Failed,Stage 2,Failed Stage 2,0.7,Failed Stage 2 cooling period is still active; waiting for a fresh base or confirmed reclaim.,Failed Stage 2 hold period active.,,2026-09-30,,7.43,91.58,351977833.84,0.94,1.46,0.94,False,False,"Stage 2, Stage 2, weekly_vcp_ok, weekly_strong | Failed Stage 2 hold period active.",weekly_forming,65.8,70.8,7989.44,-11.1,"[37.06, 27.8]","[9, 8]",0.9,19.0,strong,42
PARAS.NS,Paras Defence and Space Technologies Limited,Aerospace & Defense,Industrials,Industrials,False,Cash,1,Stage 2,Stage 2,Early Stage 2,0.72,"Price has moved above long-term structure, but the full moving-average stack is not clean yet.",,,2026-10-05,,13.46,95.22,1127114466.8,0.5,0.69,0.52,True,True,"Stage 2, Early Stage 2, weekly_vcp_ok, volume_dryup, weekly_volume_dryup, weekly_strong",weekly_forming,65.8,70.8,1583.91,-16.45,"[20.14, 20.96]","[5, 4]",0.9,13.0,strong,43
EDELWEISS.NS,Edelweiss Financial Services Limited,Financial Services,Financial Services,Financial Services,False,Cash,1,Stage 2,Stage 2,Clean Stage 2,0.9,"Price is above rising key averages, weekly structure is supportive, and the stock is near its 52-week high.",,,2026-10-05,,18.69,19.47,1017547367.82,0.85,0.3,0.64,False,True,"Stage 2, Clean Stage 2, trend_template_ok, weekly_vcp_ok, weekly_volume_dryup, weekly_strong",weekly_breakout,70.72,70.72,132.66,2.16,"[24.24, 19.79, 15.35]","[6, 6, 5]",0.95,23.0,strong,44
HARSHA.NS,Harsha Engineers International Limited,Tools & Accessories,Industrials,Industrials,False,Cash,1,Stage 2,Stage 2,Clean Stage 2,0.9,"Price is above rising key averages, weekly structure is supportive, and the stock is near its 52-week high.",,,2026-10-05,,15.08,31.13,81429558.29,0.95,0.44,0.88,False,True,"Stage 2, Clean Stage 2, trend_template_ok, weekly_vcp_ok, weekly_volume_dryup, weekly_strong",weekly_near_pivot,69.62,70.62,471.77,-1.51,"[17.91, 12.1]","[4, 5]",0.9,11.0,strong,45
PARADEEP.NS,Paradeep Phosphates Limited,Agricultural Inputs,Basic Materials,Basic Materials,False,Cash,1,Stage 2,Stage 2,Early Stage 2,0.72,"Price has moved above long-term structure, but the full moving-average stack is not clean yet.",,,2026-10-05,,15.13,31.5,322384607.18,0.2,0.34,0.22,True,True,"Stage 2, Early Stage 2, weekly_vcp_ok, volume_dryup, weekly_volume_dryup, weekly_strong",weekly_near_pivot,70.46,70.46,166.79,-6.01,"[41.52, 16.7]","[10, 4]",0.9,20.0,strong,46
KOTAKBANK.NS,Kotak Mahindra Bank Limited,Banks - Regional,Financial Services,Financial Services,True,F&O,1,Stage 2 Failed,Stage 2,Failed Stage 2,0.7,Failed Stage 2 cooling period is still active; waiting for a fresh base or confirmed reclaim.,Failed Stage 2 hold period active.,,2026-09-29,,19.35,16.35,7669448343.97,1.86,2.47,3.08,False,False,"Stage 2, Early Stage 2, weekly_vcp_ok, weekly_strong | Failed Stage 2 hold period active.",weekly_breakout,69.37,70.37,429.85,0.48,"[20.56, 10.97]","[7, 2]",0.9,21.0,strong,47
BOROLTD.NS,Borosil Limited,"Furnishings, Fixtures & Appliances",Consumer Cyclical,Consumer Cyclical,False,Cash,1,Stage 2,Stage 2,Early Stage 2,0.72,"Price has moved above long-term structure, but the full moving-average stack is not clean yet.",,,2026-10-05,,28.87,15.96,111505443.41,0.9,0.2,0.78,False,True,"Stage 2, Early Stage 2, weekly_vcp_ok, weekly_volume_dryup, weekly_strong",weekly_near_pivot,70.28,70.28,289.51,-0.92,"[41.19, 20.06]","[20, 5]",0.9,28.0,strong,48
JKPAPER.NS,JK Paper Limited,Basic Materials,Basic Materials,Basic Materials,False,Cash,1,Stage 2,Stage 2,Early Stage 2,0.72,"Price has moved above long-term structure, but the full moving-average stack is not clean yet.",,,2026-10-05,,16.39,16.23,170570625.37,0.51,0.6,0.53,True,True,"Stage 2, Early Stage 2, weekly_vcp_ok, volume_dryup, weekly_volume_dryup, weekly_strong",weekly_near_pivot,70.16,70.16,423.31,-7.05,"[20.4, 15.47, 12.18]","[7, 5, 3]",0.95,27.0,strong,49
DCBBANK.NS,DCB Bank Limited,Banks - Regional,Financial Services,Financial Services,False,Cash,1,Stage 2,Stage 2,Early Stage 2,0.72,"Price has moved above long-term structure, but the full moving-average stack is not clean yet.",,,2026-10-05,,12.57,8.24,299209504.2,0.58,0.67,0.48,True,True,"Stage 2, Early Stage 2, weekly_vcp_ok, volume_dryup, weekly_volume_dryup, weekly_strong",weekly_near_pivot,68.98,69.98,204.55,-1.84,"[22.46, 17.92, 7.5]","[9, 5, 7]",0.95,29.0,strong,50
BLACKBUCK.NS,BLACKBUCK LIMITED,Software - Application,Technology,Technology,False,Cash,1,Stage 2,Stage 2,Early Stage 2,0.72,"Price has moved above long-term structure, but the full moving-average stack is not clean yet.",,,2026-10-05,,10.77,3.97,561752313.51,0.97,0.7,0.73,False,True,"Stage 2, Early Stage 2, weekly_vcp_ok, weekly_volume_dryup, weekly_strong",weekly_near_pivot,67.27,69.77,643.02,-7.31,"[21.14, 11.6]","[9, 6]",0.9,19.0,strong,51
CRISIL.NS,CRISIL Limited,Financial Services,Financial Services,Financial Services,False,Cash,1,Stage 2,Stage 2,Early Stage 2,0.72,"Price has moved above long-term structure, but the full moving-average stack is not clean yet.",,,2026-10-05,,21.73,16.66,195167994.14,0.87,0.19,0.58,False,True,"Stage 2, Early Stage 2, daily_vcp_ok, weekly_vcp_ok, weekly_volume_dryup, weekly_strong",weekly_near_pivot,69.64,69.64,4880.53,-7.32,"[23.79, 15.26]","[8, 7]",0.9,18.0,strong,52
PITTIENG.NS,Pitti Engineering Limited,Metal Fabrication,Industrials,Industrials,False,Cash,1,Stage 2,Stage 2,Clean Stage 2,0.9,"Price is above rising key averages, weekly structure is supportive, and the stock is near its 52-week high.",,,2026-10-05,,26.29,41.55,205011462.09,0.48,0.35,0.34,True,True,"Stage 2, Clean Stage 2, trend_template_ok, weekly_vcp_ok, volume_dryup, weekly_volume_dryup, weekly_strong",weekly_forming,64.58,69.58,1227.52,-8.6,"[29.17, 12.23]","[7, 11]",0.9,23.0,strong,53
MCX.NS,Multi Commodity Exchange of India Limited,Financial Services,Financial Services,Financial Services,True,F&O,1,Stage 2,Stage 2,Clean Stage 2,0.9,"Price is above rising key averages, weekly structure is supportive, and the stock is near its 52-week high.",,,2026-10-05,,24.39,20.81,5571461050.97,0.86,0.83,0.64,False,True,"Stage 2, Clean Stage 2, trend_template_ok, weekly_vcp_ok, weekly_volume_dryup, weekly_strong",weekly_near_pivot,69.52,69.52,3487.49,-5.09,"[22.21, 15.55]","[3, 5]",0.9,11.0,strong,54
VSSL.NS,Vardhman Special Steels Limited,Steel,Basic Materials,Basic Materials,False,Cash,1,Stage 2,Stage 2,Clean Stage 2,0.9,"Price is above rising key averages, weekly structure is supportive, and the stock is near its 52-week high.",,,2026-10-05,,50.52,68.8,225693856.48,0.29,0.1,0.29,True,True,"Stage 2, Clean Stage 2, trend_template_ok, weekly_vcp_ok, volume_dryup, weekly_volume_dryup, weekly_strong",weekly_breakout,66.9,69.4,303.84,28.28,"[32.11, 15.1, 9.43]","[15, 6, 3]",0.95,29.0,strong,55
ENTERO.NS,Entero Healthcare Solutions Limited,Healthcare,Healthcare,Healthcare,False,Cash,1,Stage 2,Stage 2,Clean Stage 2,0.9,"Price is above rising key averages, weekly structure is supportive, and the stock is near its 52-week high.",,,2026-10-05,,51.47,49.11,390538939.17,0.49,0.17,0.36,True,True,"Stage 2, Clean Stage 2, trend_template_ok, weekly_vcp_ok, volume_dryup, weekly_volume_dryup, weekly_strong",weekly_breakout,66.9,69.4,1392.43,23.64,"[21.55, 18.87, 16.97]","[7, 4, 10]",0.95,32.0,strong,56
NEULANDLAB.NS,Neuland Laboratories Limited,Drug Manufacturers - Specialty & Generic,Healthcare,Healthcare,False,Cash,1,Stage 2,Stage 2,Early Stage 2,0.72,"Price has moved above long-term structure, but the full moving-average stack is not clean yet.",,,2026-10-05,,16.93,47.62,1144188407.25,0.72,1.39,0.93,True,False,"Stage 2, Early Stage 2, weekly_vcp_ok, volume_dryup, weekly_strong",weekly_forming,64.25,69.25,24225.0,-9.58,"[36.97, 18.84]","[11, 6]",0.9,19.0,strong,57
KRN.NS,KRN Heat Exchanger and Refrigeration Limited,Electronic Components,Technology,Technology,False,Cash,1,Stage 2,Stage 2,Messy Stage 2,0.64,"Long-term structure is still constructive, but the short-term/weekly structure is not clean.",,,2026-10-05,,23.43,40.1,275937832.48,0.77,0.49,0.66,True,True,"Stage 2, Messy Stage 2, trend_template_ok, weekly_vcp_ok, volume_dryup, weekly_volume_dryup, weekly_strong",weekly_forming,64.15,69.15,1689.95,-13.47,"[29.69, 11.88]","[3, 6]",0.9,13.0,strong,58
DLF.NS,DLF Limited,Real Estate,Real Estate,Real Estate,True,F&O,1,Stage 2 Failed,Stage 2,Failed Stage 2,0.7,Failed Stage 2 cooling period is still active; waiting for a fresh base or confirmed reclaim.,Failed Stage 2 hold period active.,,2026-09-30,,2.98,19.5,2683648654.62,1.11,1.1,1.12,False,False,"Stage 2, Stage 2, weekly_vcp_ok, weekly_strong | Failed Stage 2 hold period active.",weekly_near_pivot,68.05,69.05,691.05,-3.61,"[27.67, 10.52]","[7, 10]",0.9,31.0,strong,59
INDHOTEL.NS,The Indian Hotels Company Limited,Lodging,Consumer Cyclical,Consumer Cyclical,True,F&O,1,Stage 2,Stage 2,Stage 2,0.76,Advancing structure detected.,,,2026-10-05,,5.25,16.08,2282806966.16,2.12,0.91,3.7,False,False,"Stage 2, Stage 2, weekly_vcp_ok, weekly_strong",weekly_near_pivot,67.93,68.93,758.73,-3.0,"[20.86, 7.37]","[7, 5]",0.9,29.0,strong,60
PFOCUS.NS,Prime Focus Limited,Communication Services,Communication Services,Communication Services,False,Cash,1,Stage 2,Stage 2,Early Stage 2,0.72,"Price has moved above long-term structure, but the full moving-average stack is not clean yet.",,,2026-10-05,,18.66,-12.45,1055665702.86,2.0,1.74,1.78,False,False,"Stage 2, Early Stage 2, weekly_vcp_ok, weekly_strong",weekly_near_pivot,66.42,68.92,311.54,-6.05,"[44.81, 15.34]","[10, 3]",0.9,18.0,strong,61
SYRMA.NS,Syrma SGS Technology Limited,Electronic Components,Technology,Technology,False,Cash,1,Stage 2,Stage 2,Extended Stage 2,0.78,"Advancing structure remains intact, but price is stretched versus key moving averages or far above the 52-week low.",,,2026-10-05,,21.69,95.04,3979139549.3,0.87,0.37,0.84,False,True,"Stage 2, Extended Stage 2, trend_template_ok, weekly_vcp_ok, weekly_volume_dryup, weekly_strong",weekly_breakout,63.8,68.8,1544.12,9.13,"[17.18, 9.65]","[5, 3]",0.9,10.0,strong,62
IIFLCAPS.NS,IIFL Capital Services Limited,Capital Markets,Financial Services,Financial Services,False,Cash,1,Stage 2,Stage 2,Early Stage 2,0.72,"Price has moved above long-term structure, but the full moving-average stack is not clean yet.",,,2026-10-05,,6.6,21.44,205785172.02,1.82,0.3,1.41,False,False,"Stage 2, Early Stage 2, weekly_vcp_ok, weekly_strong",weekly_near_pivot,68.6,68.6,369.04,-6.47,"[41.01, 8.63]","[12, 4]",0.9,21.0,strong,63
FOSECOIND.NS,Foseco India Limited,Chemicals,Basic Materials,Basic Materials,False,Cash,1,Stage 2,Stage 2,Clean Stage 2,0.9,"Price is above rising key averages, weekly structure is supportive, and the stock is near its 52-week high.",,,2026-10-05,,27.75,41.57,237753079.28,0.53,0.31,0.49,True,True,"Stage 2, Clean Stage 2, trend_template_ok, weekly_vcp_ok, volume_dryup, weekly_volume_dryup, weekly_strong",weekly_breakout,65.83,68.33,5576.91,15.48,"[18.73, 17.15, 8.72]","[6, 4, 5]",0.95,21.0,strong,64
GNFC.NS,Gujarat Narmada Valley Fertilizers and Chemicals Limited,Chemicals,Basic Materials,Basic Materials,False,Cash,1,Stage 2,Stage 2,Clean Stage 2,0.9,"Price is above rising key averages, weekly structure is supportive, and the stock is near its 52-week high.",,,2026-10-05,,34.55,49.29,741360536.41,1.11,2.29,0.97,False,False,"Stage 2, Clean Stage 2, trend_template_ok, weekly_vcp_ok, weekly_strong",weekly_breakout,65.8,68.3,597.98,5.27,"[20.11, 11.41]","[4, 4]",0.9,12.0,strong,65
NAZARA.NS,Nazara Technologies Limited,Communication Services,Communication Services,Communication Services,False,Cash,1,Stage 2,Stage 2,Clean Stage 2,0.9,"Price is above rising key averages, weekly structure is supportive, and the stock is near its 52-week high.",,,2026-10-05,,29.57,51.25,547483333.73,0.75,0.4,0.77,True,True,"Stage 2, Clean Stage 2, trend_template_ok, weekly_vcp_ok, volume_dryup, weekly_volume_dryup, weekly_strong",weekly_breakout,65.8,68.3,314.55,20.66,"[26.83, 15.8]","[11, 4]",0.9,22.0,strong,66
WELCORP.NS,Welspun Corp Limited,Steel,Basic Materials,Basic Materials,False,Cash,1,Stage 2,Stage 2,Extended Stage 2,0.78,"Advancing structure remains intact, but price is stretched versus key moving averages or far above the 52-week low.",,,2026-10-05,,69.64,166.35,5454122025.39,0.84,0.82,0.78,True,True,"Stage 2, Extended Stage 2, trend_template_ok, weekly_vcp_ok, volume_dryup, weekly_volume_dryup, weekly_strong",weekly_forming,65.8,68.3,2905.07,-8.41,"[14.45, 10.18]","[5, 6]",0.9,12.0,strong,67
VARROC.NS,Varroc Engineering Limited,Auto Parts,Consumer Cyclical,Consumer Cyclical,False,Cash,1,Stage 2,Stage 2,Early Stage 2,0.72,"Price has moved above long-term structure, but the full moving-average stack is not clean yet.",,,2026-10-05,,28.01,55.89,276434976.13,0.33,1.21,0.33,True,True,"Stage 2, Early Stage 2, weekly_vcp_ok, volume_dryup, weekly_volume_dryup, weekly_strong",weekly_forming,65.8,68.3,897.57,-9.26,"[25.64, 26.67]","[7, 8]",0.9,17.0,strong,68
ACE.NS,Action Construction Equipment Limited,Farm & Heavy Construction Machinery,Industrials,Industrials,False,Cash,1,Stage 2,Stage 2,Clean Stage 2,0.9,"Price is above rising key averages, weekly structure is supportive, and the stock is near its 52-week high.",,,2026-10-05,,33.09,38.79,414472369.19,0.74,0.62,0.83,True,True,"Stage 2, Clean Stage 2, trend_template_ok, daily_vcp_ok, weekly_vcp_ok, volume_dryup, weekly_volume_dryup, weekly_strong",weekly_breakout,67.19,68.19,966.67,29.54,"[23.18, 20.73, 12.02, 8.52]","[6, 7, 4, 4]",1.0,31.0,strong,69
EMUDHRA.NS,eMudhra Limited,Software - Application,Technology,Technology,False,Cash,1,Stage 2,Stage 2,Early Stage 2,0.72,"Price has moved above long-term structure, but the full moving-average stack is not clean yet.",,,2026-10-05,,38.02,27.79,1496661694.44,0.53,0.17,0.44,True,True,"Stage 2, Early Stage 2, weekly_vcp_ok, volume_dryup, weekly_volume_dryup, weekly_strong",weekly_breakout,65.48,67.98,546.92,11.15,"[38.29, 21.24, 13.45]","[8, 9, 3]",0.95,31.0,strong,70
KAJARIACER.NS,Kajaria Ceramics Limited,Building Products & Equipment,Industrials,Industrials,False,Cash,1,Stage 2,Stage 2,Stage 2,0.76,Advancing structure detected.,,,2026-10-05,,6.85,12.3,587117656.44,2.33,0.98,4.38,False,False,"Stage 2, Stage 2, weekly_vcp_ok, weekly_strong",weekly_near_pivot,67.72,67.72,1269.12,-4.36,"[16.49, 8.89]","[3, 3]",0.9,14.0,strong,71
GAIL.NS,GAIL (India) Limited,Utilities,Utilities,Utilities,True,F&O,1,Stage 2,Stage 2,Messy Stage 2,0.64,"Long-term structure is still constructive, but the short-term/weekly structure is not clean.",,,2026-10-05,,3.97,13.11,1056203820.93,0.87,1.07,0.82,False,True,"Stage 2, Messy Stage 2, daily_vcp_ok, weekly_vcp_ok, weekly_volume_dryup, weekly_strong",weekly_near_pivot,67.51,67.51,182.17,-5.54,"[21.64, 6.28]","[4, 4]",0.9,21.0,strong,72
SUNDRMFAST.NS,Sundram Fasteners Limited,Auto Parts,Consumer Cyclical,Consumer Cyclical,False,Cash,1,Stage 2,Stage 2,Early Stage 2,0.72,"Price has moved above long-term structure, but the full moving-average stack is not clean yet.",,,2026-10-05,,25.84,45.67,321151420.33,0.73,0.48,0.35,True,True,"Stage 2, Early Stage 2, weekly_vcp_ok, volume_dryup, weekly_volume_dryup, weekly_strong",weekly_forming,64.95,67.45,1349.56,-15.51,"[23.55, 10.65]","[13, 5]",0.9,23.0,strong,73
HERITGFOOD.NS,Heritage Foods Limited,Packaged Foods,Consumer Defensive,Consumer Defensive,False,Cash,1,Stage 2,Stage 2,Early Stage 2,0.72,"Price has moved above long-term structure, but the full moving-average stack is not clean yet.",,,2026-10-05,,26.17,22.65,228450319.02,0.4,0.4,0.36,True,True,"Stage 2, Early Stage 2, daily_vcp_ok, weekly_vcp_ok, volume_dryup, weekly_volume_dryup, weekly_strong",weekly_near_pivot,66.28,67.28,429.9,-5.54,"[18.26, 10.13]","[4, 2]",0.9,8.0,strong,74
SPLPETRO.NS,Supreme Petrochem Limited,Specialty Chemicals,Basic Materials,Basic Materials,False,Cash,1,Stage 2,Stage 2,Clean Stage 2,0.9,"Price is above rising key averages, weekly structure is supportive, and the stock is near its 52-week high.",,,2026-10-05,,17.59,14.71,225945813.72,1.01,0.41,0.59,False,True,"Stage 2, Clean Stage 2, trend_template_ok, weekly_vcp_ok, weekly_volume_dryup, weekly_strong",weekly_breakout,62.13,67.13,783.8,4.57,"[22.01, 12.97, 13.01]","[6, 3, 2]",0.95,16.0,strong,75
VOLTAMP.NS,Voltamp Transformers Limited,Electrical Equipment & Parts,Industrials,Industrials,False,Cash,1,Stage 2,Stage 2,Early Stage 2,0.72,"Price has moved above long-term structure, but the full moving-average stack is not clean yet.",,,2026-10-05,,16.05,13.42,152368583.4,0.25,0.4,0.26,True,True,"Stage 2, Early Stage 2, weekly_vcp_ok, volume_dryup, weekly_volume_dryup, weekly_strong",weekly_forming,61.85,66.85,11719.47,-10.07,"[30.42, 17.65, 12.31]","[2, 5, 3]",0.95,19.0,strong,76
UFLEX.NS,UFLEX Limited,Consumer Cyclical,Consumer Cyclical,Consumer Cyclical,False,Cash,1,Stage 2,Stage 2,Clean Stage 2,0.9,"Price is above rising key averages, weekly structure is supportive, and the stock is near its 52-week high.",,,2026-10-05,,52.32,70.96,91198144.7,0.32,0.23,0.31,True,True,"Stage 2, Clean Stage 2, trend_template_ok, weekly_vcp_ok, volume_dryup, weekly_volume_dryup, weekly_strong",weekly_forming,65.8,66.8,724.77,-11.52,"[37.74, 15.67]","[7, 2]",0.9,14.0,strong,77
MAXESTATES.NS,Max Estates Limited,Real Estate,Real Estate,Real Estate,False,Cash,1,Stage 2,Stage 2,Clean Stage 2,0.9,"Price is above rising key averages, weekly structure is supportive, and the stock is near its 52-week high.",,,2026-10-05,,35.5,57.31,110022931.81,0.99,0.39,0.41,False,True,"Stage 2, Clean Stage 2, trend_template_ok, weekly_vcp_ok, weekly_volume_dryup, weekly_strong",weekly_breakout,65.8,66.8,492.86,14.63,"[35.44, 23.17]","[7, 2]",0.9,23.0,strong,78
LMW.NS,LMW Limited,Specialty Industrial Machinery,Industrials,Industrials,False,Cash,1,Stage 2,Stage 2,Early Stage 2,0.72,"Price has moved above long-term structure, but the full moving-average stack is not clean yet.",,,2026-10-05,,11.93,25.26,73478921.0,0.47,0.76,0.48,True,True,"Stage 2, Early Stage 2, daily_vcp_ok, weekly_vcp_ok, volume_dryup, weekly_volume_dryup, weekly_strong",weekly_forming,61.52,66.52,20186.26,-16.23,"[26.33, 8.59]","[7, 3]",0.9,21.0,strong,79
APLLTD.NS,Alembic Pharmaceuticals Limited,Drug Manufacturers - Specialty & Generic,Healthcare,Healthcare,False,Cash,1,Stage 2 Failed,Stage 2,Failed Stage 2,0.7,Failed Stage 2 cooling period is still active; waiting for a fresh base or confirmed reclaim.,Failed Stage 2 hold period active.,,2026-09-30,,8.27,17.74,196866996.74,1.54,0.72,1.83,False,False,"Stage 2, Early Stage 2, weekly_vcp_ok, weekly_strong | Failed Stage 2 hold period active.",weekly_breakout,61.5,66.5,798.54,4.47,"[25.38, 23.16, 12.62]","[12, 7, 3]",0.95,30.0,strong,80
FMGOETZE.NS,Federal-Mogul Goetze (India) Limited.,Auto Parts,Consumer Cyclical,Consumer Cyclical,False,Cash,1,Stage 2,Stage 2,Messy Stage 2,0.64,"Long-term structure is still constructive, but the short-term/weekly structure is not clean.",,,2026-10-05,,22.49,21.64,113727090.44,0.11,0.03,0.1,True,True,"Stage 2, Messy Stage 2, trend_template_ok, weekly_vcp_ok, volume_dryup, weekly_volume_dryup, weekly_strong",weekly_forming,63.31,65.81,543.85,-17.53,"[26.03, 16.15, 11.49]","[6, 5, 5]",0.95,27.0,strong,81
PAYTM.NS,One 97 Communications Limited,Software - Infrastructure,Technology,Technology,True,F&O,1,Stage 2,Stage 2,Clean Stage 2,0.9,"Price is above rising key averages, weekly structure is supportive, and the stock is near its 52-week high.",,,2026-10-05,,30.88,53.9,7045697106.21,0.65,0.52,0.4,True,True,"Stage 2, Clean Stage 2, trend_template_ok, weekly_vcp_ok, volume_dryup, weekly_volume_dryup, weekly_strong",weekly_breakout,65.8,65.8,1225.14,38.27,"[31.43, 17.09]","[12, 5]",0.9,22.0,strong,82
HATSUN.NS,Hatsun Agro Product Limited,Packaged Foods,Consumer Defensive,Consumer Defensive,False,Cash,1,Stage 2,Stage 2,Clean Stage 2,0.9,"Price is above rising key averages, weekly structure is supportive, and the stock is near its 52-week high.",,,2026-10-05,,31.96,26.59,103556169.68,0.29,0.24,0.24,True,True,"Stage 2, Clean Stage 2, trend_template_ok, weekly_vcp_ok, volume_dryup, weekly_volume_dryup, weekly_strong",weekly_breakout,64.75,65.75,1014.79,13.32,"[12.01, 12.57, 9.2]","[7, 7, 2]",0.95,27.0,strong,83
CARTRADE.NS,Cartrade Tech Limited,Consumer Cyclical,Consumer Cyclical,Consumer Cyclical,False,Cash,1,Stage 2,Stage 2,Early Stage 2,0.72,"Price has moved above long-term structure, but the full moving-average stack is not clean yet.",,,2026-10-05,,8.25,60.68,739134772.48,0.62,0.39,0.38,True,True,"Stage 2, Early Stage 2, weekly_vcp_ok, volume_dryup, weekly_volume_dryup, weekly_strong",weekly_forming,64.69,65.69,3259.69,-10.68,"[50.92, 15.57]","[17, 3]",0.9,23.0,strong,84
CARBORUNIV.NS,Carborundum Universal Limited,Conglomerates,Industrials,Industrials,False,Cash,1,Stage 2,Stage 2,Clean Stage 2,0.9,"Price is above rising key averages, weekly structure is supportive, and the stock is near its 52-week high.",,,2026-10-05,,21.41,42.96,780809493.44,1.93,0.79,0.95,False,False,"Stage 2, Clean Stage 2, trend_template_ok, weekly_vcp_ok, weekly_strong",weekly_breakout,64.24,65.24,1209.11,5.0,"[20.77, 15.65]","[5, 4]",0.9,13.0,strong,85
INDGN.NS,Indegene Limited,Healthcare,Healthcare,Healthcare,False,Cash,1,Stage 2,Stage 2,Clean Stage 2,0.9,"Price is above rising key averages, weekly structure is supportive, and the stock is near its 52-week high.",,,2026-10-05,,25.39,23.0,290083409.49,0.99,0.2,0.95,False,False,"Stage 2, Clean Stage 2, trend_template_ok, weekly_vcp_ok, weekly_strong",weekly_breakout,62.64,65.14,551.58,8.11,"[19.1, 12.43]","[4, 4]",0.9,21.0,strong,86
CYIENT.NS,Cyient Limited,Conglomerates,Industrials,Industrials,False,Cash,1,Stage 2,Stage 2,Early Stage 2,0.72,"Price has moved above long-term structure, but the full moving-average stack is not clean yet.",,,2026-10-05,,39.39,23.85,593371396.35,0.72,0.42,1.13,True,False,"Stage 2, Early Stage 2, weekly_vcp_ok, volume_dryup, weekly_strong",weekly_forming,64.12,65.12,1221.13,-8.33,"[37.19, 12.61]","[17, 8]",0.9,33.0,strong,87
MANINDS.NS,Man Industries (India) Limited,Steel,Basic Materials,Basic Materials,False,Cash,1,Stage 2,Stage 2,Extended Stage 2,0.78,"Advancing structure remains intact, but price is stretched versus key moving averages or far above the 52-week low.",,,2026-10-05,,65.18,98.79,1841005708.46,1.38,0.28,0.56,False,True,"Stage 2, Extended Stage 2, trend_template_ok, weekly_vcp_ok, weekly_volume_dryup, weekly_strong",weekly_forming,62.6,65.1,1041.52,-11.47,"[20.82, 18.62]","[2, 5]",0.9,9.0,strong,88
BALRAMCHIN.NS,Balrampur Chini Mills Limited,Consumer Defensive,Consumer Defensive,Consumer Defensive,False,Cash,1,Stage 2,Stage 2,Clean Stage 2,0.9,"Price is above rising key averages, weekly structure is supportive, and the stock is near its 52-week high.",,,2026-10-05,,26.57,46.22,814729763.98,0.38,0.65,0.3,True,True,"Stage 2, Clean Stage 2, trend_template_ok, weekly_vcp_ok, volume_dryup, weekly_volume_dryup, weekly_strong",weekly_forming,65.08,65.08,782.32,-11.63,"[15.94, 7.17]","[2, 6]",0.9,16.0,strong,89
AGI.NS,AGI Greenpac Limited,Consumer Cyclical,Consumer Cyclical,Consumer Cyclical,False,Cash,1,Stage 2,Stage 2,Early Stage 2,0.72,"Price has moved above long-term structure, but the full moving-average stack is not clean yet.",,,2026-10-05,,16.4,45.75,159024540.89,0.82,0.25,0.48,True,True,"Stage 2, Early Stage 2, weekly_vcp_ok, volume_dryup, weekly_volume_dryup, weekly_strong",weekly_breakout,64.02,65.02,742.43,5.92,"[39.96, 5.8]","[13, 12]",0.9,29.0,strong,90
ENGINERSIN.NS,Engineers India Limited,Engineering & Construction,Industrials,Industrials,False,Cash,1,Stage 2,Stage 2,Extended Stage 2,0.78,"Advancing structure remains intact, but price is stretched versus key moving averages or far above the 52-week low.",,,2026-10-05,,36.44,46.03,1794883783.81,1.35,0.73,0.83,False,True,"Stage 2, Extended Stage 2, trend_template_ok, weekly_vcp_ok, weekly_volume_dryup, weekly_strong",weekly_breakout,65.0,65.0,287.79,8.86,"[20.22, 17.19]","[2, 4]",0.9,11.0,strong,91
JTLIND.NS,JTL INDUSTRIES LIMITED,Steel,Basic Materials,Basic Materials,False,Cash,1,Stage 2,Stage 2,Messy Stage 2,0.64,"Long-term structure is still constructive, but the short-term/weekly structure is not clean.",,,2026-10-05,,13.1,32.46,227268295.8,0.83,0.98,0.59,True,True,"Stage 2, Messy Stage 2, trend_template_ok, weekly_vcp_ok, volume_dryup, weekly_volume_dryup, weekly_strong",weekly_forming,62.36,64.86,94.03,-10.11,"[50.0, 16.55]","[10, 10]",0.9,26.0,strong,92
ATHERENERG.NS,Ather Energy Limited,Auto Manufacturers,Consumer Cyclical,Consumer Cyclical,False,Cash,1,Stage 2,Stage 2,Early Stage 2,0.72,"Price has moved above long-term structure, but the full moving-average stack is not clean yet.",,,2026-10-05,,22.59,60.11,5387822279.68,0.77,0.89,0.65,True,True,"Stage 2, Early Stage 2, weekly_vcp_ok, volume_dryup, weekly_volume_dryup, weekly_strong",weekly_forming,63.8,64.8,1747.05,-17.23,"[23.0, 13.2]","[3, 3]",0.9,10.0,strong,93
TVSSRICHAK.NS,TVS Srichakra Limited,Auto Parts,Consumer Cyclical,Consumer Cyclical,False,Cash,1,Stage 2,Stage 2,Early Stage 2,0.72,"Price has moved above long-term structure, but the full moving-average stack is not clean yet.",,,2026-10-05,,11.36,18.16,39553766.16,0.16,0.16,0.11,True,True,"Stage 2, Early Stage 2, weekly_vcp_ok, volume_dryup, weekly_volume_dryup, weekly_strong",weekly_forming,61.85,64.35,5727.88,-23.36,"[33.23, 16.42, 12.48]","[7, 5, 6]",0.95,26.0,strong,94
TIIL.NS,Technocraft Industries (India) Limited,Tools & Accessories,Industrials,Industrials,False,Cash,1,Stage 2,Stage 2,Early Stage 2,0.72,"Price has moved above long-term structure, but the full moving-average stack is not clean yet.",,,2026-10-05,,18.34,22.74,91378902.97,0.46,0.61,0.37,True,True,"Stage 2, Early Stage 2, weekly_vcp_ok, volume_dryup, weekly_volume_dryup, weekly_strong",weekly_forming,63.01,64.01,3571.54,-21.07,"[28.66, 27.32, 8.33]","[10, 5, 3]",0.95,35.0,strong,95
PRUDENT.NS,Prudent Corporate Advisory Services Limited,Asset Management,Financial Services,Financial Services,False,Cash,1,Stage 2,Stage 2,Early Stage 2,0.72,"Price has moved above long-term structure, but the full moving-average stack is not clean yet.",,,2026-10-05,,13.02,37.54,91657651.11,0.78,0.41,0.83,True,True,"Stage 2, Early Stage 2, weekly_vcp_ok, volume_dryup, weekly_volume_dryup, weekly_strong",weekly_forming,63.96,63.96,4112.68,-22.09,"[25.52, 12.75, 12.49]","[5, 5, 4]",0.95,24.0,strong,96
GLAXO.NS,GlaxoSmithKline Pharmaceuticals Limited,Drug Manufacturers - General,Healthcare,Healthcare,False,Cash,1,Stage 2,Stage 2,Early Stage 2,0.72,"Price has moved above long-term structure, but the full moving-average stack is not clean yet.",,,2026-10-05,,17.52,18.85,198135727.34,0.77,0.44,0.39,True,True,"Stage 2, Early Stage 2, weekly_vcp_ok, volume_dryup, weekly_volume_dryup, weekly_strong",weekly_forming,61.44,63.94,3126.16,-11.87,"[18.46, 15.36]","[7, 7]",0.9,17.0,strong,97
BOSCHLTD.NS,Bosch Limited,Auto Parts,Consumer Cyclical,Consumer Cyclical,True,F&O,1,Stage 2,Stage 2,Early Stage 2,0.72,"Price has moved above long-term structure, but the full moving-average stack is not clean yet.",,,2026-10-05,,11.9,24.02,1110191067.0,0.6,0.77,0.8,True,True,"Stage 2, Early Stage 2, daily_vcp_ok, weekly_vcp_ok, volume_dryup, weekly_volume_dryup, weekly_strong",weekly_forming,61.39,63.89,50087.5,-10.16,"[25.92, 10.37]","[8, 2]",0.9,15.0,strong,98
CASTROLIND.NS,Castrol India Limited,Oil & Gas Refining & Marketing,Energy,Energy,False,Cash,1,Stage 2,Stage 2,Clean Stage 2,0.9,"Price is above rising key averages, weekly structure is supportive, and the stock is near its 52-week high.",,,2026-10-05,,17.17,16.69,712347489.99,1.29,0.64,0.63,False,True,"Stage 2, Clean Stage 2, weekly_vcp_ok, weekly_volume_dryup, weekly_strong",weekly_breakout,61.19,63.69,182.92,9.45,"[10.74, 7.94]","[4, 5]",0.9,13.0,strong,99
PRICOLLTD.NS,Pricol Limited,Auto Parts,Consumer Cyclical,Consumer Cyclical,False,Cash,1,Stage 2,Stage 2,Early Stage 2,0.72,"Price has moved above long-term structure, but the full moving-average stack is not clean yet.",,,2026-10-05,,12.67,19.08,278192651.52,0.95,5.64,1.49,False,False,"Stage 2, Early Stage 2, weekly_vcp_ok, weekly_strong",weekly_forming,60.97,63.47,824.44,-17.8,"[24.94, 20.4]","[3, 6]",0.9,12.0,strong,100
GODREJAGRO.NS,Godrej Agrovet Limited,Packaged Foods,Consumer Defensive,Consumer Defensive,False,Cash,1,Stage 2,Stage 2,Clean Stage 2,0.9,"Price is above rising key averages, weekly structure is supportive, and the stock is near its 52-week high.",,,2026-10-05,,22.16,13.35,127163383.52,0.37,0.23,0.24,True,True,"Stage 2, Clean Stage 2, weekly_vcp_ok, volume_dryup, weekly_volume_dryup, weekly_strong",weekly_breakout,62.45,63.45,619.07,4.69,"[19.17, 12.91, 7.35]","[7, 11, 3]",0.95,25.0,strong,101
SCI.NS,Shipping Corporation Of India Limited,Marine Shipping,Industrials,Industrials,False,Cash,1,Not Sure,Stage 2,Pending Stage 2,0.55,Blocked Stage 4 -> Stage 2 jump. Public Stage 2 needs Stage 1/base repair first and at least 20 Stage 1 confirmation runs.,Blocked Stage 4 -> Stage 2 jump. Public Stage 2 needs Stage 1/base repair first and at least 20 Stage 1 confirmation runs.,,2026-09-10,Stage 2,6.42,18.6,735769956.6,1.39,2.13,2.94,False,False,"Stage 2, Messy Stage 2, weekly_vcp_ok, weekly_strong | Blocked Stage 4 -> Stage 2 jump. Public Stage 2 needs Stage 1/base repair first and at least 20 Stage 1 confirmation runs.",weekly_forming,58.3,63.3,319.47,-9.54,"[23.09, 21.15]","[3, 4]",0.9,10.0,strong,102
HNDFDS.NS,Hindustan Foods Limited,Conglomerates,Industrials,Industrials,False,Cash,1,Stage 2,Stage 2,Early Stage 2,0.72,"Price has moved above long-term structure, but the full moving-average stack is not clean yet.",,,2026-10-05,,14.44,17.44,48549941.26,0.71,0.82,1.04,True,False,"Stage 2, Early Stage 2, weekly_vcp_ok, volume_dryup, weekly_strong",weekly_forming,62.09,63.09,678.94,-13.87,"[21.67, 14.07, 5.29]","[9, 4, 9]",0.95,32.0,strong,103
JAYNECOIND.NS,Jayaswal Neco Industries Limited,Steel,Basic Materials,Basic Materials,False,Cash,1,Stage 2 Failed,Stage 2,Failed Stage 2,0.7,Failed Stage 2 cooling period is still active; waiting for a fresh base or confirmed reclaim.,Failed Stage 2 hold period active.,,2026-09-30,,11.4,16.46,249211873.96,0.61,0.62,0.89,True,True,"Stage 2, Stage 2, weekly_vcp_ok, volume_dryup, weekly_volume_dryup, weekly_strong | Failed Stage 2 hold period active.",weekly_forming,60.59,63.09,105.35,-10.35,"[28.42, 11.22]","[7, 7]",0.9,17.0,strong,104
KRBL.NS,KRBL Limited,Packaged Foods,Consumer Defensive,Consumer Defensive,False,Cash,1,Stage 2,Stage 2,Early Stage 2,0.72,"Price has moved above long-term structure, but the full moving-average stack is not clean yet.",,,2026-10-05,,12.14,19.47,146355515.75,0.53,1.27,0.47,True,True,"Stage 2, Early Stage 2, weekly_vcp_ok, volume_dryup, weekly_volume_dryup, weekly_strong",weekly_forming,62.06,63.06,448.43,-13.22,"[30.68, 17.33, 14.75]","[6, 2, 4]",0.95,24.0,strong,105
MRPL.NS,Mangalore Refinery and Petrochemicals Limited,Oil & Gas Refining & Marketing,Energy,Energy,False,Cash,1,Stage 2 Failed,Stage 2,Failed Stage 2,0.7,Failed Stage 2 cooling period is still active; waiting for a fresh base or confirmed reclaim.,Failed Stage 2 hold period active.,,2026-09-29,,12.16,3.1,2138422229.71,1.03,0.98,1.2,False,False,"Stage 2, Stage 2, weekly_vcp_ok, weekly_strong | Failed Stage 2 hold period active.",weekly_forming,60.43,62.93,212.37,-17.73,"[26.48, 26.55, 15.74]","[8, 4, 3]",0.95,33.0,strong,106
ANTHEM.NS,Anthem Biosciences Limited,Biotechnology,Healthcare,Healthcare,False,Cash,1,Stage 2,Stage 2,Messy Stage 2,0.64,"Long-term structure is still constructive, but the short-term/weekly structure is not clean.",,,2026-10-05,,22.6,23.13,697484084.5,0.55,0.8,0.47,True,True,"Stage 2, Messy Stage 2, trend_template_ok, weekly_vcp_ok, volume_dryup, weekly_volume_dryup, weekly_strong",weekly_forming,60.37,62.87,979.26,-9.08,"[10.84, 9.93]","[3, 5]",0.9,10.0,strong,107
AGARWALEYE.NS,Dr. Agarwal's Health Care Limited,Healthcare,Healthcare,Healthcare,False,Cash,1,Stage 2,Stage 2,Early Stage 2,0.72,"Price has moved above long-term structure, but the full moving-average stack is not clean yet.",,,2026-10-05,,6.51,15.55,141473636.38,0.25,0.52,0.27,True,True,"Stage 2, Early Stage 2, weekly_vcp_ok, volume_dryup, weekly_volume_dryup, weekly_strong",weekly_forming,60.01,62.51,568.74,-14.4,"[23.88, 6.97]","[12, 8]",0.9,23.0,strong,108
IMAGICAA.NS,Imagicaaworld Entertainment Limited,Communication Services,Communication Services,Communication Services,False,Cash,1,Stage 2,Stage 2,Early Stage 2,0.72,"Price has moved above long-term structure, but the full moving-average stack is not clean yet.",,,2026-10-05,,13.06,8.94,39982650.05,0.34,0.18,0.36,True,True,"Stage 2, Early Stage 2, weekly_vcp_ok, volume_dryup, weekly_volume_dryup, weekly_strong",weekly_forming,60.0,62.5,62.11,-19.62,"[32.4, 21.45]","[9, 4]",0.9,17.0,strong,109
SAIL.NS,Steel Authority of India Limited,Steel,Basic Materials,Basic Materials,True,F&O,1,Stage 2,Stage 2,Messy Stage 2,0.64,"Long-term structure is still constructive, but the short-term/weekly structure is not clean.",,,2026-10-05,,12.06,8.31,2432238915.06,0.92,0.95,0.72,False,True,"Stage 2, Messy Stage 2, trend_template_ok, weekly_vcp_ok, weekly_volume_dryup, weekly_strong",weekly_forming,59.84,62.34,198.71,-10.37,"[24.65, 15.16]","[10, 3]",0.9,18.0,strong,110
IDFCFIRSTB.NS,IDFC First Bank Limited,Banks - Regional,Financial Services,Financial Services,True,F&O,1,Stage 2,Stage 2,Early Stage 2,0.72,"Price has moved above long-term structure, but the full moving-average stack is not clean yet.",,,2026-10-05,,5.83,26.95,1841747036.66,1.63,1.48,0.92,False,False,"Stage 2, Early Stage 2, weekly_vcp_ok, weekly_strong",weekly_forming,61.08,62.08,88.65,-8.0,"[32.61, 6.78]","[6, 5]",0.9,28.0,strong,111
TEXRAIL.NS,Texmaco Rail & Engineering Limited,Industrials,Industrials,Industrials,False,Cash,1,Stage 2,Stage 2,Early Stage 2,0.72,"Price has moved above long-term structure, but the full moving-average stack is not clean yet.",,,2026-10-05,,6.13,23.66,439609705.94,1.93,0.58,2.19,False,False,"Stage 2, Early Stage 2, weekly_vcp_ok, weekly_strong",weekly_forming,61.88,61.88,130.14,-9.81,"[45.4, 23.25, 17.24]","[14, 3, 6]",0.95,34.0,strong,112
COHANCE.NS,Cohance Lifesciences Limited,Drug Manufacturers - Specialty & Generic,Healthcare,Healthcare,False,Cash,1,Not Sure,Not Sure,Not Sure,0.0,Stage rules did not identify a reliable structure.,No confident stage classification.,,,,8.46,21.77,547029800.49,0.66,0.46,0.77,True,True,"Not Sure, Not Sure, weekly_vcp_ok, volume_dryup, weekly_volume_dryup, weekly_strong",weekly_watchlist,56.82,61.82,484.85,-5.74,"[15.48, 14.01]","[4, 4]",0.9,12.0,strong,113
KARURVYSYA.NS,Karur Vysya Bank Limited,Banks - Regional,Financial Services,Financial Services,False,Cash,1,Stage 2,Stage 2,Early Stage 2,0.72,"Price has moved above long-term structure, but the full moving-average stack is not clean yet.",,,2026-10-05,,11.85,17.67,534505255.48,1.06,0.94,1.18,False,False,"Stage 2, Early Stage 2, weekly_vcp_ok, weekly_strong",weekly_forming,60.75,61.75,359.28,-9.49,"[25.59, 16.48]","[4, 5]",0.9,15.0,strong,114
PNBHOUSING.NS,PNB Housing Finance Limited,Mortgage Finance,Financial Services,Financial Services,True,F&O,1,Stage 2,Stage 2,Early Stage 2,0.72,"Price has moved above long-term structure, but the full moving-average stack is not clean yet.",,,2026-10-05,,4.64,32.02,995396585.02,0.74,0.6,0.69,True,True,"Stage 2, Early Stage 2, daily_vcp_ok, weekly_vcp_ok, volume_dryup, weekly_volume_dryup, weekly_strong",weekly_forming,61.47,61.47,1213.62,-9.19,"[28.17, 14.03]","[9, 2]",0.9,22.0,strong,115
CUB.NS,City Union Bank Limited,Banks - Regional,Financial Services,Financial Services,False,Cash,1,Stage 2,Stage 2,Early Stage 2,0.72,"Price has moved above long-term structure, but the full moving-average stack is not clean yet.",,,2026-10-05,,3.11,21.55,485088291.26,1.02,0.53,0.97,False,False,"Stage 2, Early Stage 2, weekly_vcp_ok, weekly_strong",weekly_forming,60.27,61.27,249.29,-10.24,"[30.13, 18.57]","[6, 6]",0.9,18.0,strong,116
MANORAMA.NS,Manorama Industries Limited,Packaged Foods,Consumer Defensive,Consumer Defensive,False,Cash,1,Stage 2,Stage 2,Clean Stage 2,0.9,"Price is above rising key averages, weekly structure is supportive, and the stock is near its 52-week high.",,,2026-10-05,,28.52,54.31,303794452.2,0.34,0.96,0.43,True,True,"Stage 2, Clean Stage 2, trend_template_ok, weekly_vcp_ok, volume_dryup, weekly_volume_dryup",weekly_near_pivot,60.1,61.1,2152.44,-7.75,"[23.63, 26.25, 21.4]","[7, 7, 2]",0.55,24.0,moderate,117
TVSMOTOR.NS,TVS Motor Company Limited,Auto Manufacturers,Consumer Cyclical,Consumer Cyclical,True,F&O,1,Stage 2,Stage 2,Early Stage 2,0.72,"Price has moved above long-term structure, but the full moving-average stack is not clean yet.",,,2026-10-05,,14.51,7.33,2648057033.45,0.75,0.99,0.71,True,True,"Stage 2, Early Stage 2, weekly_vcp_ok, volume_dryup, weekly_volume_dryup, weekly_strong",weekly_forming,59.98,60.98,4492.35,-11.38,"[17.32, 16.17]","[2, 6]",0.9,12.0,strong,118
TECHM.NS,Tech Mahindra Limited,Information Technology Services,Technology,Technology,True,F&O,1,Stage 2,Stage 2,Early Stage 2,0.72,"Price has moved above long-term structure, but the full moving-average stack is not clean yet.",,,2026-10-05,,8.05,8.37,2751361079.26,0.86,1.3,1.0,False,False,"Stage 2, Early Stage 2, weekly_vcp_ok, weekly_strong",weekly_forming,59.44,60.44,1689.55,-10.95,"[15.42, 11.18]","[2, 6]",0.9,14.0,strong,119
LTFOODS.NS,LT Foods Limited,Packaged Foods,Consumer Defensive,Consumer Defensive,False,Cash,1,Stage 2 Failed,Stage 2,Failed Stage 2,0.7,Failed Stage 2 cooling period is still active; waiting for a fresh base or confirmed reclaim.,Failed Stage 2 hold period active.,,2026-09-28,,9.97,0.52,178054026.0,0.26,0.15,0.29,True,True,"Stage 2, Early Stage 2, daily_vcp_ok, weekly_vcp_ok, volume_dryup, weekly_volume_dryup, weekly_strong | Failed Stage 2 hold period active.",weekly_forming,58.85,59.85,490.39,-16.77,"[23.91, 17.24]","[4, 5]",0.9,14.0,strong,120
WONDERLA.NS,Wonderla Holidays Limited,Consumer Cyclical,Consumer Cyclical,Consumer Cyclical,False,Cash,1,Stage 2 Failed,Stage 2,Failed Stage 2,0.7,Failed Stage 2 cooling period is still active; waiting for a fresh base or confirmed reclaim.,Failed Stage 2 hold period active.,,2026-09-25,,13.73,-4.18,23319625.57,0.31,0.51,0.26,True,True,"Stage 2, Early Stage 2, weekly_vcp_ok, volume_dryup, weekly_volume_dryup, weekly_strong | Failed Stage 2 hold period active.",weekly_forming,58.76,59.76,555.97,-8.32,"[19.37, 9.48]","[8, 3]",0.9,14.0,strong,121
ENRIN.NS,Siemens Energy India Limited,Utilities - Renewable,Utilities,Utilities,False,Cash,1,Not Sure,Stage 2,Pending Stage 2,0.55,Stage 2 pending confirmation: needs 3 raw Stage 2 runs; current count 1.,Stage 2 pending confirmation: needs 3 raw Stage 2 runs; current count 1.,,,Stage 2,-1.59,16.92,1285413384.67,0.84,0.66,1.12,True,False,"Stage 2, Messy Stage 2, weekly_vcp_ok, volume_dryup, weekly_strong | Stage 2 pending confirmation: needs 3 raw Stage 2 runs; current count 1.",weekly_forming,59.33,59.33,3916.74,-15.55,"[22.51, 20.54]","[9, 6]",0.9,16.0,strong,122
DEVYANI.NS,Devyani International Limited,Consumer Cyclical,Consumer Cyclical,Consumer Cyclical,False,Cash,1,Stage 2 Failed,Stage 2,Failed Stage 2,0.7,Failed Stage 2 cooling period is still active; waiting for a fresh base or confirmed reclaim.,Failed Stage 2 hold period active.,,2026-09-30,,20.48,20.16,211636952.16,0.33,0.19,0.25,True,True,"Stage 2, Early Stage 2, weekly_vcp_ok, volume_dryup, weekly_volume_dryup, weekly_strong | Failed Stage 2 hold period active.",weekly_forming,58.2,59.2,156.22,-17.09,"[31.34, 33.38, 18.89, 11.85]","[4, 7, 6, 5]",0.73,29.0,strong,123
SAGILITY.NS,SAGILITY LIMITED,Healthcare,Healthcare,Healthcare,False,Cash,1,Not Sure,Not Sure,Not Sure,0.0,Stage rules did not identify a reliable structure.,No confident stage classification.,,,,8.04,5.63,518501645.49,0.49,0.42,0.44,True,True,"Not Sure, Not Sure, weekly_vcp_ok, volume_dryup, weekly_volume_dryup, weekly_strong",weekly_watchlist,55.17,57.67,47.57,-7.76,"[34.01, 12.01]","[9, 10]",0.9,21.0,strong,124
JSL.NS,Jindal Stainless Limited,Steel,Basic Materials,Basic Materials,False,Cash,1,Stage 1,Stage 1,Stage 1 - Early Turn,0.66,The stock is improving from a repair/base area but has not confirmed a clean Stage 2 yet.,,,,,10.9,-2.59,942563226.18,1.12,0.46,0.81,False,True,"Stage 1, Stage 1 - Early Turn, stage1_base_ready, weekly_vcp_ok, weekly_volume_dryup, weekly_strong, stage1_not_actionable",weekly_watchlist,54.73,57.23,799.85,-6.11,"[23.64, 18.65, 7.42]","[10, 7, 6]",0.95,34.0,strong,125
JUNIPER.NS,Juniper Hotels Limited,Lodging,Consumer Cyclical,Consumer Cyclical,False,Cash,1,Not Sure,Stage 2,Pending Stage 2,0.55,Stage 2 pending confirmation: needs 3 raw Stage 2 runs; current count 1.,Stage 2 pending confirmation: needs 3 raw Stage 2 runs; current count 1.,,,Stage 2,15.16,1.18,39036986.74,0.39,0.57,0.41,True,True,"Stage 2, Early Stage 2, weekly_vcp_ok, volume_dryup, weekly_volume_dryup | Stage 2 pending confirmation: needs 3 raw Stage 2 runs; current count 1.",weekly_near_pivot,53.73,54.73,234.4,-6.84,"[31.45, 11.63, 13.25]","[7, 7, 2]",0.55,27.0,moderate,126
MAHLOG.NS,Mahindra Logistics Limited,Industrials,Industrials,Industrials,False,Cash,1,Stage 2,Stage 2,Clean Stage 2,0.9,"Price is above rising key averages, weekly structure is supportive, and the stock is near its 52-week high.",,,2026-10-05,,12.03,8.58,84803216.63,1.75,0.51,1.32,False,False,"Stage 2, Clean Stage 2, trend_template_ok, weekly_vcp_ok",weekly_near_pivot,54.16,54.16,447.89,-7.33,"[23.63, 26.54, 12.02]","[6, 7, 7]",0.55,30.0,moderate,127
JSWSTEEL.NS,JSW Steel Limited,Steel,Basic Materials,Basic Materials,True,F&O,1,Stage 2 Failed,Stage 1,Failed Stage 2,0.72,"This stock was recently Stage 2, but the latest structure no longer satisfies Stage 2 rules. It is kept as Stage 2 Failed until a fresh base/repair structure forms.",Recent Stage 2 break; public stage held as Stage 2 Failed.,2026-10-06,2026-09-30,,5.77,6.04,1665923642.16,0.92,0.95,0.91,False,False,"Stage 1, Stage 1 - Base/Repair, weekly_vcp_ok, weekly_strong, stage1_not_actionable, stage1_needs_more_base | Stage 2 failed state applied from stage memory.",weekly_watchlist,50.98,53.48,1351.0,-6.77,"[14.18, 8.83]","[4, 5]",0.9,18.0,strong,128
SAPPHIRE.NS,Sapphire Foods India Limited,Consumer Cyclical,Consumer Cyclical,Consumer Cyclical,False,Cash,1,Stage 2 Failed,Not Sure,Failed Stage 2,0.72,"This stock was recently Stage 2, but the latest structure no longer satisfies Stage 2 rules. It is kept as Stage 2 Failed until a fresh base/repair structure forms.",Recent Stage 2 break; public stage held as Stage 2 Failed.,2026-10-06,2026-09-23,,22.94,27.38,186216771.0,0.42,0.33,0.56,True,True,"Not Sure, Not Sure, weekly_vcp_ok, volume_dryup, weekly_volume_dryup, weekly_strong | Stage 2 failed state applied from stage memory.",weekly_watchlist,51.93,52.93,259.23,-17.0,"[38.88, 23.66, 11.35]","[7, 6, 4]",0.95,23.0,strong,129
BOSCH-HCIL.NS,BOSCH HOME COMFORT INDIA LIMITED,"Furnishings, Fixtures & Appliances",Consumer Cyclical,Consumer Cyclical,False,Cash,1,Stage 2,Stage 2,Clean Stage 2,0.9,"Price is above rising key averages, weekly structure is supportive, and the stock is near its 52-week high.",,,2026-10-05,,51.31,48.94,101217561.94,1.27,0.66,1.87,False,False,"Stage 2, Clean Stage 2, trend_template_ok, weekly_vcp_ok",weekly_forming,52.1,52.1,1501.62,31.65,"[27.84, 30.17, 9.94]","[10, 7, 5]",0.55,35.0,moderate,130
NAUKRI.NS,Info Edge (India) Limited,Communication Services,Communication Services,Communication Services,True,F&O,1,Stage 2 Failed,Not Sure,Failed Stage 2,0.72,"This stock was recently Stage 2, but the latest structure no longer satisfies Stage 2 rules. It is kept as Stage 2 Failed until a fresh base/repair structure forms.",Recent Stage 2 break; public stage held as Stage 2 Failed.,2026-10-06,2026-09-23,,8.21,26.46,1797553006.24,0.94,1.22,0.91,False,False,"Not Sure, Not Sure, weekly_vcp_ok, weekly_strong | Stage 2 failed state applied from stage memory.",weekly_watchlist,49.27,51.77,1393.43,-10.94,"[33.52, 15.97]","[15, 5]",0.9,25.0,strong,131
PNB.NS,Punjab National Bank,Banks - Regional,Financial Services,Financial Services,True,F&O,1,Stage 1,Stage 1,Stage 1 - Unclear/Repair,0.58,Not enough evidence for Stage 2 or Stage 4; classified as repair/unclear structure.,,,2026-09-08,,10.81,4.85,1383835269.78,0.96,0.68,0.75,False,True,"Stage 1, Stage 1 - Unclear/Repair, weekly_vcp_ok, weekly_volume_dryup, weekly_strong, stage1_not_actionable, stage1_needs_more_base",weekly_watchlist,50.57,51.57,119.5,-6.34,"[14.79, 8.85]","[4, 3]",0.9,11.0,strong,132
STYLEBAAZA.NS,Baazar Style Retail Limited,Consumer Cyclical,Consumer Cyclical,Consumer Cyclical,False,Cash,1,Stage 2,Stage 2,Messy Stage 2,0.64,"Long-term structure is still constructive, but the short-term/weekly structure is not clean.",,,2026-10-05,,29.66,28.82,471558068.38,1.12,0.96,0.86,False,True,"Stage 2, Messy Stage 2, trend_template_ok, weekly_vcp_ok, weekly_volume_dryup",weekly_forming,49.95,50.95,447.88,-16.17,"[32.15, 36.57, 29.61]","[9, 6, 2]",0.55,33.0,moderate,133
BECTORFOOD.NS,Mrs. Bectors Food Specialities Limited,Packaged Foods,Consumer Defensive,Consumer Defensive,False,Cash,1,Stage 2 Failed,Not Sure,Failed Stage 2,0.72,"This stock was recently Stage 2, but the latest structure no longer satisfies Stage 2 rules. It is kept as Stage 2 Failed until a fresh base/repair structure forms.",Recent Stage 2 break; public stage held as Stage 2 Failed.,2026-10-06,2026-09-21,,29.0,11.16,227390072.98,0.39,0.29,0.39,True,True,"Not Sure, Not Sure, weekly_vcp_ok, volume_dryup, weekly_volume_dryup, weekly_strong | Stage 2 failed state applied from stage memory.",weekly_watchlist,49.82,50.82,265.51,-20.09,"[32.13, 22.71]","[6, 12]",0.9,23.0,strong,134
GLENMARK.NS,Glenmark Pharmaceuticals Limited,Drug Manufacturers - Specialty & Generic,Healthcare,Healthcare,True,F&O,1,Stage 2 Failed,Stage 1,Failed Stage 2,0.72,"This stock was recently Stage 2, but the latest structure no longer satisfies Stage 2 rules. It is kept as Stage 2 Failed until a fresh base/repair structure forms.",Recent Stage 2 break; public stage held as Stage 2 Failed.,2026-10-06,2026-10-05,,5.96,6.32,1300064658.19,1.38,0.9,1.21,False,False,"Stage 1, Stage 1 - Base/Repair, weekly_vcp_ok, weekly_strong, stage1_not_actionable, stage1_needs_more_base | Stage 2 failed state applied from stage memory.",weekly_watchlist,45.23,50.23,2539.51,-9.0,"[14.23, 14.42, 15.08, 7.05]","[4, 3, 7, 3]",1.0,30.0,strong,135
HSCL.NS,Himadri Speciality Chemical Limited,Specialty Chemicals,Basic Materials,Basic Materials,False,Cash,1,Stage 3,Stage 3,Stage 3 - Distribution/Damage,0.76,"Prior strength exists, but short-term and/or weekly structure is deteriorating.",,,2026-09-14,,5.86,43.11,1275291094.24,0.28,0.29,0.21,True,True,"Stage 3, Stage 3 - Distribution/Damage, weekly_vcp_ok, volume_dryup, weekly_volume_dryup, weekly_strong, distribution_risk",weekly_watchlist,44.7,49.7,820.93,-18.56,"[17.55, 11.91]","[2, 13]",0.9,19.0,strong,136
GRAPHITE.NS,Graphite India Limited,Electrical Equipment & Parts,Industrials,Industrials,False,Cash,1,Stage 2,Stage 2,Clean Stage 2,0.9,"Price is above rising key averages, weekly structure is supportive, and the stock is near its 52-week high.",,,2026-10-05,,45.1,35.8,3283341320.38,0.62,0.81,0.68,True,True,"Stage 2, Clean Stage 2, trend_template_ok, volume_dryup, weekly_volume_dryup",weekly_watchlist,44.2,49.2,875.88,-2.82,"[25.29, 28.96]","[4, 8]",0.1,19.0,weak,137
HCG.NS,Healthcare Global Enterprises Limited,Medical Care Facilities,Healthcare,Healthcare,False,Cash,1,Stage 2 Failed,Not Sure,Failed Stage 2,0.72,"This stock was recently Stage 2, but the latest structure no longer satisfies Stage 2 rules. It is kept as Stage 2 Failed until a fresh base/repair structure forms.",Recent Stage 2 break; public stage held as Stage 2 Failed.,2026-10-06,2026-09-22,,8.9,22.76,83680768.56,0.61,0.91,0.77,True,True,"Not Sure, Not Sure, weekly_vcp_ok, volume_dryup, weekly_volume_dryup, weekly_strong | Stage 2 failed state applied from stage memory.",weekly_watchlist,48.97,48.97,776.36,-12.34,"[11.05, 6.28]","[5, 9]",0.9,16.0,strong,138
ELECON.NS,Elecon Engineering Company Limited,Specialty Industrial Machinery,Industrials,Industrials,False,Cash,1,Stage 4,Stage 4,Stage 4 - Weak/Declining,0.72,Price is below long-term support with weak trend evidence.,,,2026-07-06,,-8.26,7.53,1073388290.47,3.42,0.16,0.57,False,True,"Stage 4, Stage 4 - Weak/Declining, weekly_vcp_ok, weekly_volume_dryup, weekly_strong, downtrend",weekly_watchlist,43.8,48.8,460.1,-3.0,"[28.32, 12.39]","[6, 3]",0.9,13.0,strong,139
SUNPHARMA.NS,Sun Pharmaceutical Industries Limited,Drug Manufacturers - Specialty & Generic,Healthcare,Healthcare,True,F&O,1,Stage 1,Stage 1,Stage 1 - Base/Repair,0.7,Price is near long-term moving averages with no strong long-term downtrend signal.,,,2026-09-10,,-2.16,10.32,2719390630.93,0.87,1.0,0.81,False,True,"Stage 1, Stage 1 - Base/Repair, weekly_vcp_ok, weekly_volume_dryup, weekly_strong, stage1_not_actionable, stage1_needs_more_base",weekly_watchlist,43.72,48.72,2050.48,-12.02,"[12.34, 12.45, 8.34]","[3, 6, 2]",0.95,21.0,strong,140
BRIGADE.NS,Brigade Enterprises Limited,Real Estate,Real Estate,Real Estate,False,Cash,1,Stage 2 Failed,Not Sure,Failed Stage 2,0.72,"This stock was recently Stage 2, but the latest structure no longer satisfies Stage 2 rules. It is kept as Stage 2 Failed until a fresh base/repair structure forms.",Recent Stage 2 break; public stage held as Stage 2 Failed.,2026-10-06,2026-09-23,,11.57,6.12,169779967.31,0.49,0.26,0.6,True,True,"Not Sure, Not Sure, weekly_vcp_ok, volume_dryup, weekly_volume_dryup, weekly_strong | Stage 2 failed state applied from stage memory.",weekly_watchlist,47.57,48.57,736.29,-22.71,"[33.59, 21.99]","[11, 5]",0.9,22.0,strong,141
MANYAVAR.NS,Vedant Fashions Limited,Apparel Manufacturing,Consumer Cyclical,Consumer Cyclical,False,Cash,1,Stage 2 Failed,Not Sure,Failed Stage 2,0.72,"This stock was recently Stage 2, but the latest structure no longer satisfies Stage 2 rules. It is kept as Stage 2 Failed until a fresh base/repair structure forms.",Recent Stage 2 break; public stage held as Stage 2 Failed.,2026-10-06,2026-10-05,,35.24,33.23,171326759.17,0.16,0.39,0.2,True,True,"Not Sure, Not Sure, weekly_vcp_ok, volume_dryup, weekly_volume_dryup, weekly_strong | Stage 2 failed state applied from stage memory.",weekly_watchlist,48.25,48.25,596.44,-15.26,"[18.04, 10.08]","[4, 3]",0.9,8.0,strong,142
POWERINDIA.NS,Hitachi Energy India Limited,Electrical Equipment & Parts,Industrials,Industrials,True,F&O,1,Stage 2 Failed,Stage 1,Failed Stage 2,0.72,"This stock was recently Stage 2, but the latest structure no longer satisfies Stage 2 rules. It is kept as Stage 2 Failed until a fresh base/repair structure forms.",Recent Stage 2 break; public stage held as Stage 2 Failed.,2026-10-06,2026-09-18,,1.68,12.17,3330016660.5,1.05,0.77,1.37,False,False,"Stage 1, Stage 1 - Base/Repair, weekly_vcp_ok, weekly_strong, stage1_not_actionable, stage1_needs_more_base | Stage 2 failed state applied from stage memory.",weekly_watchlist,43.19,48.19,37391.41,-15.38,"[21.62, 18.96]","[4, 5]",0.9,15.0,strong,143
KSB.NS,Ksb Limited,Specialty Industrial Machinery,Industrials,Industrials,False,Cash,1,Stage 1,Stage 1,Stage 1 - Base/Repair,0.7,Price is near long-term moving averages with no strong long-term downtrend signal.,,,2026-08-04,,-8.62,-8.14,361111388.88,2.56,0.39,4.71,False,False,"Stage 1, Stage 1 - Base/Repair, weekly_vcp_ok, weekly_strong, stage1_not_actionable, stage1_needs_more_base",weekly_watchlist,42.9,47.9,975.55,-17.06,"[26.7, 20.18, 9.73]","[5, 6, 2]",0.95,20.0,strong,144
FIVESTAR.NS,Five-Star Business Finance Limited,Credit Services,Financial Services,Financial Services,False,Cash,1,Stage 2 Failed,Not Sure,Failed Stage 2,0.72,"This stock was recently Stage 2, but the latest structure no longer satisfies Stage 2 rules. It is kept as Stage 2 Failed until a fresh base/repair structure forms.",Recent Stage 2 break; public stage held as Stage 2 Failed.,2026-10-06,2026-09-23,,-0.89,21.28,355082842.89,1.31,0.83,0.68,False,True,"Not Sure, Not Sure, weekly_vcp_ok, weekly_volume_dryup, weekly_strong | Stage 2 failed state applied from stage memory.",weekly_watchlist,47.84,47.84,574.52,-10.47,"[21.67, 14.65]","[5, 5]",0.9,18.0,strong,145
CARRARO.NS,Carraro India Limited,Auto Parts,Consumer Cyclical,Consumer Cyclical,False,Cash,1,Stage 2 Failed,Stage 1,Failed Stage 2,0.72,"This stock was recently Stage 2, but the latest structure no longer satisfies Stage 2 rules. It is kept as Stage 2 Failed until a fresh base/repair structure forms.",Recent Stage 2 break; public stage held as Stage 2 Failed.,2026-10-06,2026-09-25,,-0.49,11.59,60152438.85,0.84,0.31,0.95,True,False,"Stage 1, Stage 1 - Base/Repair, weekly_vcp_ok, volume_dryup, weekly_strong, stage1_not_actionable, stage1_needs_more_base | Stage 2 failed state applied from stage memory.",weekly_watchlist,45.11,47.61,660.32,-20.39,"[32.3, 25.04, 19.29, 10.5]","[6, 2, 7, 2]",1.0,31.0,strong,146
JUBLCPL.NS,Jubilant Agri and Consumer Products Limited,Specialty Chemicals,Basic Materials,Basic Materials,False,Cash,1,Stage 2 Failed,Stage 3,Failed Stage 2,0.72,"This stock was recently Stage 2, but the latest structure no longer satisfies Stage 2 rules. It is kept as Stage 2 Failed until a fresh base/repair structure forms.",Recent Stage 2 break; public stage held as Stage 2 Failed.,2026-10-06,2026-09-29,,0.61,16.24,16827757.34,0.41,0.55,0.32,True,True,"Stage 3, Stage 3 - Transition, weekly_vcp_ok, volume_dryup, weekly_volume_dryup, weekly_strong, distribution_risk | Stage 2 failed state applied from stage memory.",weekly_watchlist,42.58,47.58,2483.34,-19.32,"[40.65, 17.05, 10.74]","[12, 4, 11]",0.95,31.0,strong,147
AUBANK.NS,AU Small Finance Bank Limited,Banks - Regional,Financial Services,Financial Services,True,F&O,1,Stage 2 Failed,Stage 1,Failed Stage 2,0.72,"This stock was recently Stage 2, but the latest structure no longer satisfies Stage 2 rules. It is kept as Stage 2 Failed until a fresh base/repair structure forms.",Recent Stage 2 break; public stage held as Stage 2 Failed.,2026-10-06,2026-09-30,,0.61,5.94,1416786619.13,1.31,0.85,1.12,False,False,"Stage 1, Stage 1 - Base/Repair, stage1_base_ready, weekly_vcp_ok, weekly_strong, stage1_not_actionable | Stage 2 failed state applied from stage memory.",weekly_watchlist,46.55,47.55,1146.1,-10.3,"[19.97, 12.8, 11.96]","[6, 6, 2]",0.95,22.0,strong,148
DIXON.NS,Dixon Technologies (India) Limited,Technology,Technology,Technology,True,F&O,1,Stage 3,Stage 3,Stage 3 - Distribution/Damage,0.76,"Prior strength exists, but short-term and/or weekly structure is deteriorating.",,,2026-09-08,,1.28,22.84,4116971250.39,0.83,0.54,0.72,True,True,"Stage 3, Stage 3 - Distribution/Damage, weekly_vcp_ok, volume_dryup, weekly_volume_dryup, weekly_strong, distribution_risk",weekly_watchlist,42.21,47.21,15014.7,-13.32,"[37.65, 18.97]","[10, 7]",0.9,19.0,strong,149
INGERRAND.NS,Ingersoll Rand (India) Limited,Specialty Industrial Machinery,Industrials,Industrials,False,Cash,1,Stage 2 Failed,Stage 1,Failed Stage 2,0.72,"This stock was recently Stage 2, but the latest structure no longer satisfies Stage 2 rules. It is kept as Stage 2 Failed until a fresh base/repair structure forms.",Recent Stage 2 break; public stage held as Stage 2 Failed.,2026-10-06,2026-09-16,,-2.17,6.0,77198032.87,0.51,0.22,0.37,True,True,"Stage 1, Stage 1 - Base/Repair, weekly_vcp_ok, volume_dryup, weekly_volume_dryup, weekly_strong, stage1_not_actionable, stage1_needs_more_base | Stage 2 failed state applied from stage memory.",weekly_watchlist,42.18,47.18,4963.67,-16.78,"[19.65, 10.59]","[4, 4]",0.9,14.0,strong,150
MARICO.NS,Marico Limited,Household & Personal Products,Consumer Defensive,Consumer Defensive,True,F&O,1,Not Sure,Not Sure,Not Sure,0.0,Stage rules did not identify a reliable structure.,No confident stage classification.,,2026-09-01,,-2.61,5.36,1352825124.26,0.87,0.85,1.3,False,False,"Not Sure, Not Sure, weekly_vcp_ok, weekly_strong",weekly_watchlist,46.08,47.08,890.66,-10.84,"[11.06, 6.36]","[4, 3]",0.9,14.0,strong,151
ELLEN.NS,Ellenbarrie Industrial Gases Limited,Chemicals,Basic Materials,Basic Materials,False,Cash,1,Stage 2 Failed,Stage 1,Failed Stage 2,0.72,"This stock was recently Stage 2, but the latest structure no longer satisfies Stage 2 rules. It is kept as Stage 2 Failed until a fresh base/repair structure forms.",Recent Stage 2 break; public stage held as Stage 2 Failed.,2026-10-06,2026-09-29,,22.97,47.08,565476230.94,1.47,0.58,1.01,False,False,"Stage 1, Stage 1 - Early Turn, weekly_vcp_ok, weekly_strong, stage1_not_actionable, stage1_needs_more_base | Stage 2 failed state applied from stage memory.",weekly_watchlist,44.4,46.9,391.28,-11.01,"[22.69, 14.56]","[3, 3]",0.9,8.0,strong,152
TEJASNET.NS,Tejas Networks Limited,Communication Equipment,Technology,Technology,False,Cash,1,Stage 2 Failed,Stage 1,Failed Stage 2,0.72,"This stock was recently Stage 2, but the latest structure no longer satisfies Stage 2 rules. It is kept as Stage 2 Failed until a fresh base/repair structure forms.",Recent Stage 2 break; public stage held as Stage 2 Failed.,2026-10-06,2026-09-25,,-11.1,8.36,776452837.06,0.35,0.45,0.37,True,True,"Stage 1, Stage 1 - Base/Repair, weekly_vcp_ok, volume_dryup, weekly_volume_dryup, weekly_strong, stage1_not_actionable, stage1_needs_more_base | Stage 2 failed state applied from stage memory.",weekly_watchlist,41.8,46.8,645.88,-26.33,"[27.73, 12.06]","[4, 11]",0.9,20.0,strong,153
ATUL.NS,Atul Limited,Specialty Chemicals,Basic Materials,Basic Materials,False,Cash,1,Stage 1,Stage 1,Stage 1 - Unclear/Repair,0.58,Not enough evidence for Stage 2 or Stage 4; classified as repair/unclear structure.,,,2026-07-03,,1.32,-3.58,171378899.07,0.74,1.38,0.76,True,True,"Stage 1, Stage 1 - Unclear/Repair, weekly_vcp_ok, volume_dryup, weekly_volume_dryup, weekly_strong, stage1_not_actionable, stage1_needs_more_base",weekly_watchlist,41.8,46.8,7157.27,-16.17,"[13.42, 13.08]","[5, 2]",0.9,23.0,strong,154
HONAUT.NS,Honeywell Automation India Limited,Electrical Equipment & Parts,Industrials,Industrials,False,Cash,1,Stage 3,Stage 3,Stage 3 - Distribution/Damage,0.76,"Prior strength exists, but short-term and/or weekly structure is deteriorating.",,,2026-09-04,,-6.33,25.61,153633568.25,1.06,0.52,1.69,False,False,"Stage 3, Stage 3 - Distribution/Damage, weekly_vcp_ok, weekly_strong, distribution_risk",weekly_watchlist,41.73,46.73,41567.62,-18.73,"[24.32, 15.41]","[8, 3]",0.9,14.0,strong,155
MEDANTA.NS,Global Health Limited,Medical Care Facilities,Healthcare,Healthcare,False,Cash,1,Stage 2,Stage 2,Early Stage 2,0.72,"Price has moved above long-term structure, but the full moving-average stack is not clean yet.",,,2026-10-05,,1.14,24.72,353346180.21,0.78,1.33,1.06,True,False,"Stage 2, Early Stage 2, weekly_vcp_ok, volume_dryup",weekly_forming,46.69,46.69,1546.7,-15.9,"[18.54, 19.64, 9.78]","[3, 6, 3]",0.55,21.0,moderate,156
LUMAXIND.NS,Lumax Industries Limited,Auto Parts,Consumer Cyclical,Consumer Cyclical,False,Cash,1,Stage 2 Failed,Stage 1,Failed Stage 2,0.72,"This stock was recently Stage 2, but the latest structure no longer satisfies Stage 2 rules. It is kept as Stage 2 Failed until a fresh base/repair structure forms.",Recent Stage 2 break; public stage held as Stage 2 Failed.,2026-10-06,2026-10-05,,6.9,4.3,75358895.78,0.53,0.47,0.71,True,True,"Stage 1, Stage 1 - Base/Repair, weekly_vcp_ok, volume_dryup, weekly_volume_dryup, weekly_strong, stage1_not_actionable, stage1_needs_more_base | Stage 2 failed state applied from stage memory.",weekly_watchlist,44.02,46.52,6621.07,-17.91,"[33.38, 17.15, 9.13]","[7, 4, 2]",0.95,23.0,strong,157
SCHAEFFLER.NS,Schaeffler India Limited,Auto Parts,Consumer Cyclical,Consumer Cyclical,False,Cash,1,Stage 1,Stage 1,Stage 1 - Base/Repair,0.7,Price is near long-term moving averages with no strong long-term downtrend signal.,,,2026-07-29,,-1.0,-0.6,199652636.24,0.78,0.86,0.99,True,False,"Stage 1, Stage 1 - Base/Repair, weekly_vcp_ok, volume_dryup, weekly_strong, stage1_not_actionable, stage1_needs_more_base",weekly_watchlist,44.0,46.5,4445.0,-14.1,"[19.85, 17.39, 14.26, 10.81]","[11, 5, 6, 4]",1.0,37.0,strong,158
RRKABEL.NS,R R Kabel Limited,Electrical Equipment & Parts,Industrials,Industrials,False,Cash,1,Stage 2,Stage 2,Extended Stage 2,0.78,"Advancing structure remains intact, but price is stretched versus key moving averages or far above the 52-week low.",,,2026-10-05,,31.05,101.09,895562562.06,0.66,1.79,0.86,True,True,"Stage 2, Extended Stage 2, trend_template_ok, volume_dryup, weekly_volume_dryup",weekly_watchlist,41.2,46.2,2989.02,-6.67,[8.19],[11],0.0,11.0,weak,159
IKS.NS,Inventurus Knowledge Solutions Limited,Healthcare,Healthcare,Healthcare,False,Cash,1,Stage 2 Failed,Stage 1,Failed Stage 2,0.72,"This stock was recently Stage 2, but the latest structure no longer satisfies Stage 2 rules. It is kept as Stage 2 Failed until a fresh base/repair structure forms.",Recent Stage 2 break; public stage held as Stage 2 Failed.,2026-10-06,2026-09-25,,-0.84,15.21,401354384.74,1.61,0.34,0.77,False,True,"Stage 1, Stage 1 - Base/Repair, weekly_vcp_ok, weekly_volume_dryup, weekly_strong, stage1_not_actionable, stage1_needs_more_base | Stage 2 failed state applied from stage memory.",weekly_watchlist,43.24,45.74,1936.38,-9.06,"[28.8, 12.76]","[6, 4]",0.9,25.0,strong,160
FEDFINA.NS,Fedbank Financial Services Limited,Credit Services,Financial Services,Financial Services,False,Cash,1,Stage 2 Failed,Stage 1,Failed Stage 2,0.72,"This stock was recently Stage 2, but the latest structure no longer satisfies Stage 2 rules. It is kept as Stage 2 Failed until a fresh base/repair structure forms.",Recent Stage 2 break; public stage held as Stage 2 Failed.,2026-10-06,2026-10-05,,2.19,6.15,121082529.92,0.99,0.63,0.81,False,True,"Stage 1, Stage 1 - Base/Repair, stage1_base_ready, weekly_vcp_ok, weekly_volume_dryup, weekly_strong, stage1_not_actionable | Stage 2 failed state applied from stage memory.",weekly_watchlist,45.63,45.63,174.71,-13.73,"[33.29, 10.4]","[8, 9]",0.9,24.0,strong,161
ASHIANA.NS,Ashiana Housing Limited,Real Estate,Real Estate,Real Estate,False,Cash,1,Not Sure,Stage 1,Pending Stage 1,0.55,Blocked public stage jump Stage 3 -> Stage 1; waiting for intermediate/confirmed structure.,Blocked public stage jump Stage 3 -> Stage 1; waiting for intermediate/confirmed structure.,,2026-08-31,Stage 1,7.46,19.4,34021970.93,0.79,0.44,0.55,True,True,"Stage 1, Stage 1 - Base/Repair, weekly_vcp_ok, volume_dryup, weekly_volume_dryup, weekly_strong, stage1_not_actionable, stage1_needs_more_base | Blocked public stage jump Stage 3 -> Stage 1; waiting for intermediate/confirmed structure.",weekly_watchlist,44.49,45.49,435.05,-11.98,"[23.49, 5.67]","[7, 23]",0.9,31.0,strong,162
DEEPAKNTR.NS,Deepak Nitrite Limited,Chemicals,Basic Materials,Basic Materials,False,Cash,1,Stage 2 Failed,Stage 1,Failed Stage 2,0.72,"This stock was recently Stage 2, but the latest structure no longer satisfies Stage 2 rules. It is kept as Stage 2 Failed until a fresh base/repair structure forms.",Recent Stage 2 break; public stage held as Stage 2 Failed.,2026-10-06,2026-09-23,,-0.01,8.09,298225584.58,0.33,1.1,0.37,True,True,"Stage 1, Stage 1 - Base/Repair, weekly_vcp_ok, volume_dryup, weekly_volume_dryup, weekly_strong, stage1_not_actionable, stage1_needs_more_base | Stage 2 failed state applied from stage memory.",weekly_watchlist,42.61,45.11,1892.58,-17.54,"[26.39, 19.17]","[7, 7]",0.9,20.0,strong,163
PVRINOX.NS,PVR INOX Limited,Communication Services,Communication Services,Communication Services,False,Cash,1,Stage 2,Stage 2,Clean Stage 2,0.9,"Price is above rising key averages, weekly structure is supportive, and the stock is near its 52-week high.",,,2026-10-05,,29.32,34.48,605341450.46,0.83,0.51,0.58,True,True,"Stage 2, Clean Stage 2, trend_template_ok, volume_dryup, weekly_volume_dryup",weekly_watchlist,42.58,45.08,1286.75,-2.9,"[14.21, 15.84]","[3, 4]",0.1,13.0,weak,164
XPROINDIA.NS,Xpro India Limited,Specialty Chemicals,Basic Materials,Basic Materials,False,Cash,1,Stage 2 Failed,Stage 3,Failed Stage 2,0.72,"This stock was recently Stage 2, but the latest structure no longer satisfies Stage 2 rules. It is kept as Stage 2 Failed until a fresh base/repair structure forms.",Recent Stage 2 break; public stage held as Stage 2 Failed.,2026-10-06,2026-09-25,,-16.1,3.1,62739488.27,0.39,0.39,0.3,True,True,"Stage 3, Stage 3 - Distribution/Damage, weekly_vcp_ok, volume_dryup, weekly_volume_dryup, weekly_strong, distribution_risk | Stage 2 failed state applied from stage memory.",weekly_watchlist,39.8,44.8,1575.39,-27.88,"[30.49, 11.32]","[8, 18]",0.9,29.0,strong,165
ELECTCAST.NS,Electrosteel Castings Limited,Building Products & Equipment,Industrials,Industrials,False,Cash,1,Not Sure,Stage 2,Pending Stage 2,0.55,Stage 2 pending confirmation: needs 3 raw Stage 2 runs; current count 1.,Stage 2 pending confirmation: needs 3 raw Stage 2 runs; current count 1.,,2026-09-14,Stage 2,8.11,-1.49,304728488.76,2.38,2.07,1.45,False,False,"Stage 2, Early Stage 2, weekly_vcp_ok | Stage 2 pending confirmation: needs 3 raw Stage 2 runs; current count 1.",weekly_forming,44.76,44.76,94.88,-16.77,"[15.98, 16.69, 18.91]","[5, 13, 4]",0.55,29.0,moderate,166
ENDURANCE.NS,Endurance Technologies Limited,Auto Parts,Consumer Cyclical,Consumer Cyclical,False,Cash,1,Stage 2 Failed,Stage 1,Failed Stage 2,0.72,"This stock was recently Stage 2, but the latest structure no longer satisfies Stage 2 rules. It is kept as Stage 2 Failed until a fresh base/repair structure forms.",Recent Stage 2 break; public stage held as Stage 2 Failed.,2026-10-06,2026-09-30,,-2.04,4.67,236185431.68,0.76,0.84,0.89,True,True,"Stage 1, Stage 1 - Base/Repair, weekly_vcp_ok, volume_dryup, weekly_volume_dryup, weekly_strong, stage1_not_actionable, stage1_needs_more_base | Stage 2 failed state applied from stage memory.",weekly_watchlist,42.06,44.56,3077.38,-18.24,"[20.76, 9.72]","[5, 7]",0.9,21.0,strong,167
EPL.NS,EPL Limited,Consumer Cyclical,Consumer Cyclical,Consumer Cyclical,False,Cash,1,Stage 2 Failed,Stage 1,Failed Stage 2,0.72,"This stock was recently Stage 2, but the latest structure no longer satisfies Stage 2 rules. It is kept as Stage 2 Failed until a fresh base/repair structure forms.",Recent Stage 2 break; public stage held as Stage 2 Failed.,2026-10-06,2026-09-30,,3.69,2.21,441339850.22,0.3,0.2,0.36,True,True,"Stage 1, Stage 1 - Base/Repair, weekly_vcp_ok, volume_dryup, weekly_volume_dryup, weekly_strong, stage1_not_actionable, stage1_needs_more_base | Stage 2 failed state applied from stage memory.",weekly_watchlist,43.49,44.49,274.51,-13.58,"[22.63, 16.92, 10.38]","[4, 4, 3]",0.95,23.0,strong,168
GPPL.NS,Gujarat Pipavav Port Limited,Marine Shipping,Industrials,Industrials,False,Cash,1,Stage 1,Stage 1,Stage 1 - Early Turn,0.66,The stock is improving from a repair/base area but has not confirmed a clean Stage 2 yet.,,,,,16.97,16.6,214487070.12,0.61,0.67,0.66,True,True,"Stage 1, Stage 1 - Early Turn, daily_vcp_ok, weekly_vcp_ok, volume_dryup, weekly_volume_dryup, stage1_needs_more_base",weekly_watchlist,39.46,44.46,168.95,-0.44,"[20.52, 23.44, 12.11]","[3, 7, 8]",0.55,28.0,moderate,169
JINDALSTEL.NS,JINDAL STEEL LIMITED,Steel,Basic Materials,Basic Materials,True,F&O,1,Stage 2 Failed,Stage 1,Failed Stage 2,0.72,"This stock was recently Stage 2, but the latest structure no longer satisfies Stage 2 rules. It is kept as Stage 2 Failed until a fresh base/repair structure forms.",Recent Stage 2 break; public stage held as Stage 2 Failed.,2026-10-06,2026-09-25,,8.11,-9.89,958373704.35,1.28,6.21,1.78,False,False,"Stage 1, Stage 1 - Base/Repair, weekly_vcp_ok, weekly_strong, stage1_not_actionable, stage1_needs_more_base | Stage 2 failed state applied from stage memory.",weekly_watchlist,41.8,44.3,1198.49,-9.39,"[22.67, 11.57]","[12, 2]",0.9,20.0,strong,170
SWARAJENG.NS,Swaraj Engines Limited,Auto Parts,Consumer Cyclical,Consumer Cyclical,False,Cash,1,Stage 1,Stage 1,Stage 1 - Unclear/Repair,0.58,Not enough evidence for Stage 2 or Stage 4; classified as repair/unclear structure.,,,2026-07-06,,-0.58,-3.61,25593234.34,1.03,1.21,1.14,False,False,"Stage 1, Stage 1 - Unclear/Repair, weekly_vcp_ok, weekly_strong, stage1_not_actionable, stage1_needs_more_base",weekly_watchlist,41.8,44.3,4014.62,-11.88,"[17.23, 12.64]","[5, 9]",0.9,20.0,strong,171
UNIONBANK.NS,Union Bank of India,Banks - Regional,Financial Services,Financial Services,True,F&O,1,Stage 2 Failed,Stage 1,Failed Stage 2,0.72,"This stock was recently Stage 2, but the latest structure no longer satisfies Stage 2 rules. It is kept as Stage 2 Failed until a fresh base/repair structure forms.",Recent Stage 2 break; public stage held as Stage 2 Failed.,2026-10-06,2026-09-25,,7.02,-5.26,1268596194.1,0.94,1.31,0.92,False,False,"Stage 1, Stage 1 - Base/Repair, weekly_vcp_ok, weekly_strong, stage1_not_actionable, stage1_needs_more_base | Stage 2 failed state applied from stage memory.",weekly_watchlist,43.08,44.08,192.67,-12.57,"[20.64, 20.76, 11.02]","[5, 4, 3]",0.95,19.0,strong,172
ETHOSLTD.NS,Ethos Limited,Luxury Goods,Consumer Cyclical,Consumer Cyclical,False,Cash,1,Stage 3,Stage 3,Stage 3 - Transition,0.62,"The structure is transitioning after prior strength, but it is not yet a confirmed Stage 4 decline.",,,2026-09-14,,8.38,8.63,124478628.87,0.61,2.79,0.45,True,True,"Stage 3, Stage 3 - Transition, weekly_vcp_ok, volume_dryup, weekly_volume_dryup, weekly_strong, distribution_risk",weekly_watchlist,41.5,44.0,3095.81,-15.33,"[40.87, 22.0]","[16, 4]",0.9,25.0,strong,173
POLYMED.NS,Poly Medicure Limited,Healthcare,Healthcare,Healthcare,False,Cash,1,Stage 2 Failed,Stage 3,Failed Stage 2,0.72,"This stock was recently Stage 2, but the latest structure no longer satisfies Stage 2 rules. It is kept as Stage 2 Failed until a fresh base/repair structure forms.",Recent Stage 2 break; public stage held as Stage 2 Failed.,2026-10-06,2026-09-25,,4.1,12.79,165582943.24,0.7,0.68,0.76,True,True,"Stage 3, Stage 3 - Transition, weekly_vcp_ok, volume_dryup, weekly_volume_dryup, weekly_strong, distribution_risk | Stage 2 failed state applied from stage memory.",weekly_watchlist,41.49,43.99,1913.13,-14.6,"[43.56, 23.98]","[20, 3]",0.9,29.0,strong,174
NAVA.NS,NAVA LIMITED,Conglomerates,Industrials,Industrials,False,Cash,1,Not Sure,Stage 1,Pending Stage 1,0.55,Blocked public stage jump Stage 4 -> Stage 1; waiting for intermediate/confirmed structure.,Blocked public stage jump Stage 4 -> Stage 1; waiting for intermediate/confirmed structure.,,2026-06-04,Stage 1,1.91,-2.75,154496775.94,1.11,2.31,1.33,False,False,"Stage 1, Stage 1 - Base/Repair, weekly_vcp_ok, weekly_strong, stage1_not_actionable, stage1_needs_more_base | Blocked public stage jump Stage 4 -> Stage 1; waiting for intermediate/confirmed structure.",weekly_watchlist,42.9,43.9,634.99,-9.45,"[23.73, 14.5, 10.79]","[4, 6, 5]",0.95,18.0,strong,175
JINDALPOLY.NS,Jindal Poly Films Limited,Consumer Cyclical,Consumer Cyclical,Consumer Cyclical,False,Cash,1,Stage 1,Stage 1,Stage 1 - Base/Repair,0.7,Price is near long-term moving averages with no strong long-term downtrend signal.,,,,,0.87,-13.66,37474942.99,0.34,0.3,0.32,True,True,"Stage 1, Stage 1 - Base/Repair, weekly_vcp_ok, volume_dryup, weekly_volume_dryup, weekly_strong, stage1_not_actionable, stage1_needs_more_base",weekly_watchlist,42.9,43.9,776.36,-15.2,"[35.22, 21.81, 17.38]","[6, 2, 3]",0.95,20.0,strong,176
ASHOKLEY.NS,Ashok Leyland Limited,Farm & Heavy Construction Machinery,Industrials,Industrials,True,F&O,1,Stage 1,Stage 1,Stage 1 - Base/Repair,0.7,Price is near long-term moving averages with no strong long-term downtrend signal.,,,2026-09-07,,2.22,-8.31,1746795701.17,0.72,0.85,0.77,True,True,"Stage 1, Stage 1 - Base/Repair, weekly_vcp_ok, volume_dryup, weekly_volume_dryup, weekly_strong, stage1_not_actionable, stage1_needs_more_base",weekly_watchlist,42.9,43.9,183.02,-16.02,"[33.56, 22.61, 11.91]","[7, 7, 3]",0.95,23.0,strong,177
PRECWIRE.NS,Precision Wires India Limited,Electrical Equipment & Parts,Industrials,Industrials,False,Cash,1,Stage 2,Stage 2,Extended Stage 2,0.78,"Advancing structure remains intact, but price is stretched versus key moving averages or far above the 52-week low.",,,2026-10-05,,37.18,52.74,314651637.23,0.75,0.38,0.86,True,True,"Stage 2, Extended Stage 2, trend_template_ok, volume_dryup, weekly_volume_dryup",weekly_watchlist,38.8,43.8,525.82,-2.03,[24.64],[9],0.0,9.0,weak,178
AEROFLEX.NS,Aeroflex Industries Limited,Metal Fabrication,Industrials,Industrials,False,Cash,1,Stage 2,Stage 2,Extended Stage 2,0.78,"Advancing structure remains intact, but price is stretched versus key moving averages or far above the 52-week low.",,,2026-10-05,,40.35,94.82,648268733.6,0.77,0.97,0.81,True,True,"Stage 2, Extended Stage 2, trend_template_ok, volume_dryup, weekly_volume_dryup",weekly_watchlist,38.8,43.8,585.17,-4.17,[13.65],[9],0.0,9.0,weak,179
M&MFIN.NS,Mahindra & Mahindra Financial Services Limited,Credit Services,Financial Services,Financial Services,False,Cash,1,Stage 2 Failed,Stage 1,Failed Stage 2,0.72,"This stock was recently Stage 2, but the latest structure no longer satisfies Stage 2 rules. It is kept as Stage 2 Failed until a fresh base/repair structure forms.",Recent Stage 2 break; public stage held as Stage 2 Failed.,2026-10-06,2026-09-22,,2.95,13.73,578685853.7,0.73,1.04,0.84,True,True,"Stage 1, Stage 1 - Unclear/Repair, weekly_vcp_ok, volume_dryup, weekly_volume_dryup, weekly_strong, stage1_not_actionable, stage1_needs_more_base | Stage 2 failed state applied from stage memory.",weekly_watchlist,43.47,43.47,415.73,-21.16,"[31.31, 19.55]","[8, 5]",0.9,17.0,strong,180
BAJAJHLDNG.NS,Bajaj Holdings & Investment Limited,Asset Management,Financial Services,Financial Services,True,F&O,1,Stage 2 Failed,Stage 3,Failed Stage 2,0.72,"This stock was recently Stage 2, but the latest structure no longer satisfies Stage 2 rules. It is kept as Stage 2 Failed until a fresh base/repair structure forms.",Recent Stage 2 break; public stage held as Stage 2 Failed.,2026-10-06,2026-10-05,,5.39,8.8,429677358.06,1.04,0.9,1.11,False,False,"Stage 3, Stage 3 - Transition, weekly_vcp_ok, weekly_strong, distribution_risk | Stage 2 failed state applied from stage memory.",weekly_watchlist,43.42,43.42,11589.72,-8.54,"[26.17, 10.2, 9.68, 7.03]","[5, 2, 2, 3]",1.0,26.0,strong,181
EQUITASBNK.NS,Equitas Small Finance Bank Limited,Banks - Regional,Financial Services,Financial Services,False,Cash,1,Stage 1,Stage 1,Stage 1 - Base/Repair,0.7,Price is near long-term moving averages with no strong long-term downtrend signal.,,,2026-08-31,,-8.43,10.82,128266366.28,0.95,0.37,0.71,False,True,"Stage 1, Stage 1 - Base/Repair, weekly_vcp_ok, weekly_volume_dryup, weekly_strong, stage1_not_actionable, stage1_needs_more_base",weekly_watchlist,42.04,43.04,84.05,-19.14,"[30.18, 5.35]","[10, 12]",0.9,27.0,strong,182
ICICIBANK.NS,ICICI Bank Limited,Banks - Regional,Financial Services,Financial Services,True,F&O,1,Stage 2 Failed,Stage 1,Failed Stage 2,0.72,"This stock was recently Stage 2, but the latest structure no longer satisfies Stage 2 rules. It is kept as Stage 2 Failed until a fresh base/repair structure forms.",Recent Stage 2 break; public stage held as Stage 2 Failed.,2026-10-06,2026-09-17,,1.27,1.06,11871677850.11,1.05,1.36,1.12,False,False,"Stage 1, Stage 1 - Unclear/Repair, weekly_vcp_ok, weekly_strong, stage1_not_actionable, stage1_needs_more_base | Stage 2 failed state applied from stage memory.",weekly_watchlist,42.03,43.03,1467.63,-8.51,"[17.21, 12.88]","[7, 6]",0.9,16.0,strong,183
PRINCEPIPE.NS,Prince Pipes And Fittings Limited,Building Products & Equipment,Industrials,Industrials,False,Cash,1,Stage 1,Stage 1,Stage 1 - Base/Repair,0.7,Price is near long-term moving averages with no strong long-term downtrend signal.,,,2026-09-10,,1.93,10.07,35284486.83,0.49,0.73,0.55,True,True,"Stage 1, Stage 1 - Base/Repair, weekly_vcp_ok, volume_dryup, weekly_volume_dryup, weekly_strong, stage1_not_actionable, stage1_needs_more_base",weekly_watchlist,43.0,43.0,301.97,-14.49,"[27.38, 15.02]","[7, 9]",0.9,23.0,strong,184
SUNCLAY.NS,Sundaram Clayton Limited,Metal Fabrication,Industrials,Industrials,False,Cash,1,Stage 4,Stage 4,Stage 4 - Weak/Declining,0.72,Price is below long-term support with weak trend evidence.,,,,,-8.02,-9.84,6883781.16,0.79,1.07,0.81,True,True,"Stage 4, Stage 4 - Weak/Declining, weekly_vcp_ok, volume_dryup, weekly_volume_dryup, weekly_strong, downtrend",weekly_watchlist,38.0,43.0,1576.15,-26.86,"[21.32, 20.01, 18.9, 18.61]","[2, 5, 6, 2]",1.0,30.0,strong,185
UNITDSPR.NS,United Spirits Limited,Consumer Defensive,Consumer Defensive,Consumer Defensive,True,F&O,1,Stage 2 Failed,Stage 1,Failed Stage 2,0.72,"This stock was recently Stage 2, but the latest structure no longer satisfies Stage 2 rules. It is kept as Stage 2 Failed until a fresh base/repair structure forms.",Recent Stage 2 break; public stage held as Stage 2 Failed.,2026-10-06,2026-09-28,,2.95,8.74,1337829070.19,1.95,1.1,3.45,False,False,"Stage 1, Stage 1 - Unclear/Repair, weekly_vcp_ok, weekly_strong, stage1_not_actionable, stage1_needs_more_base | Stage 2 failed state applied from stage memory.",weekly_watchlist,42.97,42.97,1566.14,-13.29,"[15.41, 13.09]","[7, 6]",0.9,16.0,strong,186
CHOLAFIN.NS,Cholamandalam Investment and Finance Company Limited,Credit Services,Financial Services,Financial Services,True,F&O,1,Stage 2 Failed,Stage 1,Failed Stage 2,0.72,"This stock was recently Stage 2, but the latest structure no longer satisfies Stage 2 rules. It is kept as Stage 2 Failed until a fresh base/repair structure forms.",Recent Stage 2 break; public stage held as Stage 2 Failed.,2026-10-06,2026-09-23,,-5.43,2.76,2694943174.65,1.27,0.69,1.06,False,False,"Stage 1, Stage 1 - Base/Repair, weekly_vcp_ok, weekly_strong, stage1_not_actionable, stage1_needs_more_base | Stage 2 failed state applied from stage memory.",weekly_watchlist,42.9,42.9,1955.92,-17.63,"[26.86, 16.73, 11.41]","[7, 4, 2]",0.95,23.0,strong,187
SHRIRAMFIN.NS,Shriram Finance Limited,Credit Services,Financial Services,Financial Services,True,F&O,1,Stage 1,Stage 1,Stage 1 - Base/Repair,0.7,Price is near long-term moving averages with no strong long-term downtrend signal.,,,2026-09-10,,-2.94,-2.51,3922105142.29,1.0,1.1,0.97,False,False,"Stage 1, Stage 1 - Base/Repair, weekly_vcp_ok, weekly_strong, stage1_not_actionable, stage1_needs_more_base",weekly_watchlist,42.9,42.9,1155.72,-16.5,"[22.07, 17.28, 8.68]","[5, 7, 2]",0.95,21.0,strong,188
IGIL.NS,International Gemological Institute Limited,Basic Materials,Basic Materials,Basic Materials,False,Cash,1,Stage 1,Stage 1,Stage 1 - Base/Repair,0.7,Price is near long-term moving averages with no strong long-term downtrend signal.,,,2026-07-07,,-1.15,-4.47,170670547.95,0.89,0.81,0.8,False,True,"Stage 1, Stage 1 - Base/Repair, weekly_vcp_ok, weekly_volume_dryup, weekly_strong, stage1_not_actionable, stage1_needs_more_base",weekly_watchlist,42.9,42.9,385.39,-17.07,"[16.75, 15.84, 10.52]","[5, 4, 25]",0.95,44.0,strong,189
INDIANB.NS,Indian Bank,Banks - Regional,Financial Services,Financial Services,True,F&O,1,Stage 1,Stage 1,Stage 1 - Base/Repair,0.7,Price is near long-term moving averages with no strong long-term downtrend signal.,,,2026-09-07,,-2.0,-13.25,707009604.72,0.79,0.94,0.68,True,True,"Stage 1, Stage 1 - Base/Repair, weekly_vcp_ok, volume_dryup, weekly_volume_dryup, weekly_strong, stage1_not_actionable, stage1_needs_more_base",weekly_watchlist,41.8,42.8,908.29,-10.49,"[19.94, 13.07]","[4, 3]",0.9,12.0,strong,190
EICHERMOT.NS,Eicher Motors Limited,Auto Manufacturers,Consumer Cyclical,Consumer Cyclical,True,F&O,1,Stage 2 Failed,Stage 1,Failed Stage 2,0.72,"This stock was recently Stage 2, but the latest structure no longer satisfies Stage 2 rules. It is kept as Stage 2 Failed until a fresh base/repair structure forms.",Recent Stage 2 break; public stage held as Stage 2 Failed.,2026-10-06,2026-09-23,,1.42,-3.19,2568306796.45,0.89,0.58,1.14,False,False,"Stage 1, Stage 1 - Base/Repair, weekly_vcp_ok, weekly_strong, stage1_not_actionable, stage1_needs_more_base | Stage 2 failed state applied from stage memory.",weekly_watchlist,41.8,42.8,8179.29,-13.79,"[11.5, 9.19]","[4, 6]",0.9,19.0,strong,191
RPTECH.NS,Rashi Peripherals Limited,Technology,Technology,Technology,False,Cash,1,Stage 2,Stage 2,Extended Stage 2,0.78,"Advancing structure remains intact, but price is stretched versus key moving averages or far above the 52-week low.",,,2026-10-05,,27.88,138.13,345280567.39,0.88,0.35,1.12,False,False,"Stage 2, Extended Stage 2, trend_template_ok",weekly_watchlist,37.6,42.6,967.17,-0.92,[13.23],[8],0.0,8.0,weak,192
FINCABLES.NS,Finolex Cables Limited,Electrical Equipment & Parts,Industrials,Industrials,False,Cash,1,Stage 2,Stage 2,Extended Stage 2,0.78,"Advancing structure remains intact, but price is stretched versus key moving averages or far above the 52-week low.",,,2026-10-05,,46.47,75.95,1569922992.03,0.48,0.52,0.41,True,True,"Stage 2, Extended Stage 2, trend_template_ok, volume_dryup, weekly_volume_dryup",weekly_watchlist,37.6,42.6,1498.57,-1.64,[19.29],[8],0.0,8.0,weak,193
BAJFINANCE.NS,Bajaj Finance Limited,Credit Services,Financial Services,Financial Services,True,F&O,1,Stage 2 Failed,Stage 1,Failed Stage 2,0.72,"This stock was recently Stage 2, but the latest structure no longer satisfies Stage 2 rules. It is kept as Stage 2 Failed until a fresh base/repair structure forms.",Recent Stage 2 break; public stage held as Stage 2 Failed.,2026-10-06,2026-09-29,,-0.99,8.63,6174408041.26,1.09,0.76,0.89,False,True,"Stage 1, Stage 1 - Unclear/Repair, weekly_vcp_ok, weekly_volume_dryup, weekly_strong, stage1_not_actionable, stage1_needs_more_base | Stage 2 failed state applied from stage memory.",weekly_watchlist,42.56,42.56,1178.46,-18.27,"[24.67, 13.28]","[4, 4]",0.9,14.0,strong,194
TIMETECHNO.NS,Time Technoplast Limited,Consumer Cyclical,Consumer Cyclical,Consumer Cyclical,False,Cash,1,Stage 3,Stage 3,Stage 3 - Distribution/Damage,0.76,"Prior strength exists, but short-term and/or weekly structure is deteriorating.",,,2026-08-20,,4.77,0.95,420742256.69,0.88,1.17,0.68,False,True,"Stage 3, Stage 3 - Distribution/Damage, weekly_vcp_ok, weekly_volume_dryup, weekly_strong, distribution_risk",weekly_watchlist,41.47,42.47,215.77,-15.15,"[25.75, 19.23, 20.12]","[6, 7, 7]",0.95,31.0,strong,195
SUPREMEIND.NS,Supreme Industries Limited,Building Products & Equipment,Industrials,Industrials,True,F&O,1,Stage 1,Stage 1,Stage 1 - Base/Repair,0.7,Price is near long-term moving averages with no strong long-term downtrend signal.,,,,,10.0,-6.41,446578773.16,0.68,1.33,0.64,True,True,"Stage 1, Stage 1 - Base/Repair, weekly_vcp_ok, volume_dryup, weekly_volume_dryup, weekly_strong, stage1_not_actionable, stage1_needs_more_base",weekly_watchlist,42.16,42.16,4053.27,-13.7,"[13.49, 11.86]","[26, 3]",0.9,36.0,strong,196
BBOX.NS,Black Box Limited,Software - Application,Technology,Technology,False,Cash,1,Not Sure,Stage 2,Pending Stage 2,0.55,Stage 2 pending confirmation: needs 3 raw Stage 2 runs; current count 1.,Stage 2 pending confirmation: needs 3 raw Stage 2 runs; current count 1.,,2026-07-21,Stage 2,-5.34,61.43,562886807.28,1.39,2.03,1.87,False,False,"Stage 2, Messy Stage 2 | Stage 2 pending confirmation: needs 3 raw Stage 2 runs; current count 1.",weekly_watchlist,39.61,42.11,842.83,-0.34,[35.62],[13],0.0,13.0,weak,197
RAYMONDREL.NS,Raymond Realty Limited,Real Estate,Real Estate,Real Estate,False,Cash,1,Stage 2,Stage 2,Stage 2,0.76,Advancing structure detected.,,,2026-10-05,,5.75,63.71,1896173169.89,3.61,1.43,0.99,False,False,"Stage 2, Stage 2",weekly_watchlist,40.95,41.95,736.19,-3.86,[25.53],[17],0.0,17.0,weak,198
RPSGVENT.NS,RPSG VENTURES LIMITED,Information Technology Services,Technology,Technology,False,Cash,1,Stage 3,Stage 3,Stage 3 - Distribution/Damage,0.76,"Prior strength exists, but short-term and/or weekly structure is deteriorating.",,,2026-09-09,,-4.34,-12.98,24884071.53,0.89,0.51,0.86,False,True,"Stage 3, Stage 3 - Distribution/Damage, weekly_vcp_ok, weekly_volume_dryup, weekly_strong, distribution_risk",weekly_watchlist,40.9,41.9,1097.37,-24.08,"[31.96, 24.45, 17.2]","[3, 7, 6]",0.95,22.0,strong,199
JUBLINGREA.NS,Jubilant Ingrevia Limited,Specialty Chemicals,Basic Materials,Basic Materials,False,Cash,1,Stage 4,Stage 4,Stage 4 - Weak/Declining,0.72,Price is below long-term support with weak trend evidence.,,,2026-09-09,,-5.02,0.58,197734421.48,1.2,0.64,1.04,False,False,"Stage 4, Stage 4 - Weak/Declining, weekly_vcp_ok, weekly_strong, downtrend",weekly_watchlist,36.9,41.9,793.72,-18.83,"[30.59, 22.03, 22.76]","[9, 6, 8]",0.95,36.0,strong,200
VINATIORGA.NS,Vinati Organics Limited,Specialty Chemicals,Basic Materials,Basic Materials,False,Cash,1,Stage 4,Stage 4,Stage 4 - Confirmed Downtrend,0.86,Price is below a bearish moving-average stack with falling trend signals.,,,,,-6.29,-0.94,65670290.99,0.82,0.59,0.63,True,True,"Stage 4, Stage 4 - Confirmed Downtrend, weekly_vcp_ok, volume_dryup, weekly_volume_dryup, weekly_strong, downtrend",weekly_watchlist,36.9,41.9,1419.57,-16.91,"[25.51, 10.46, 9.09]","[10, 3, 5]",0.95,25.0,strong,201
ASTRAZEN.NS,AstraZeneca Pharma India Limited,Drug Manufacturers - Specialty & Generic,Healthcare,Healthcare,False,Cash,1,Stage 4,Stage 4,Stage 4 - Confirmed Downtrend,0.86,Price is below a bearish moving-average stack with falling trend signals.,,,,,-21.37,-30.31,55043814.67,0.88,0.73,1.25,False,False,"Stage 4, Stage 4 - Confirmed Downtrend, weekly_vcp_ok, weekly_strong, downtrend",weekly_watchlist,36.9,41.9,9125.25,-34.46,"[18.57, 18.1, 10.0]","[10, 8, 3]",0.95,26.0,strong,202
TIRUMALCHM.NS,Thirumalai Chemicals Limited,Specialty Chemicals,Basic Materials,Basic Materials,False,Cash,1,Stage 4,Stage 4,Stage 4 - Confirmed Downtrend,0.86,Price is below a bearish moving-average stack with falling trend signals.,,,,,-6.68,-21.67,70117774.26,0.97,0.62,0.45,False,True,"Stage 4, Stage 4 - Confirmed Downtrend, weekly_vcp_ok, weekly_volume_dryup, weekly_strong, downtrend",weekly_watchlist,36.9,41.9,226.1,-34.31,"[29.15, 27.47, 23.67]","[6, 4, 7]",0.95,34.0,strong,203
BEL.NS,Bharat Electronics Limited,Aerospace & Defense,Industrials,Industrials,True,F&O,1,Not Sure,Stage 4,Pending Stage 4,0.55,Blocked public stage jump Stage 1 -> Stage 4; waiting for intermediate/confirmed structure.,Blocked public stage jump Stage 1 -> Stage 4; waiting for intermediate/confirmed structure.,,,Stage 4,-1.86,-11.31,3465383380.68,0.81,1.09,0.75,True,True,"Stage 4, Stage 4 - Confirmed Downtrend, weekly_vcp_ok, volume_dryup, weekly_volume_dryup, weekly_strong, downtrend | Blocked public stage jump Stage 1 -> Stage 4; waiting for intermediate/confirmed structure.",weekly_watchlist,36.9,41.9,435.17,-10.98,"[15.65, 14.08, 12.14]","[4, 7, 5]",0.95,21.0,strong,204
RHIM.NS,RHI MAGNESITA INDIA LIMITED,Metal Fabrication,Industrials,Industrials,False,Cash,1,Stage 4,Stage 4,Stage 4 - Confirmed Downtrend,0.86,Price is below a bearish moving-average stack with falling trend signals.,,,,,-1.99,-0.31,413193192.35,2.6,0.23,0.54,False,True,"Stage 4, Stage 4 - Confirmed Downtrend, weekly_vcp_ok, weekly_volume_dryup, weekly_strong, downtrend",weekly_watchlist,36.9,41.9,441.64,-15.45,"[34.06, 20.8, 16.55]","[6, 2, 3]",0.95,28.0,strong,205
BBL.NS,Bharat Bijlee Limited,Electrical Equipment & Parts,Industrials,Industrials,False,Cash,1,Stage 4,Stage 4,Stage 4 - Confirmed Downtrend,0.86,Price is below a bearish moving-average stack with falling trend signals.,,,,,-16.26,-14.12,40714213.37,0.75,1.39,0.82,True,True,"Stage 4, Stage 4 - Confirmed Downtrend, weekly_vcp_ok, volume_dryup, weekly_volume_dryup, weekly_strong, downtrend",weekly_watchlist,36.9,41.9,3233.5,-36.02,"[31.24, 24.71, 24.18]","[7, 2, 7]",0.95,26.0,strong,206
MAZDOCK.NS,Mazagon Dock Shipbuilders Limited,Aerospace & Defense,Industrials,Industrials,True,F&O,1,Stage 4,Stage 4,Stage 4 - Weak/Declining,0.72,Price is below long-term support with weak trend evidence.,,,2026-09-08,,-8.4,-14.8,1215866538.0,0.62,0.65,0.52,True,True,"Stage 4, Stage 4 - Weak/Declining, weekly_vcp_ok, volume_dryup, weekly_volume_dryup, weekly_strong, downtrend",weekly_watchlist,36.9,41.9,2661.45,-21.06,"[19.63, 17.61, 12.59]","[4, 6, 4]",0.95,21.0,strong,207
COCHINSHIP.NS,Cochin Shipyard Limited,Aerospace & Defense,Industrials,Industrials,True,F&O,1,Stage 4,Stage 4,Stage 4 - Confirmed Downtrend,0.86,Price is below a bearish moving-average stack with falling trend signals.,,,,,-4.86,-9.72,1529693933.62,0.64,0.87,0.63,True,True,"Stage 4, Stage 4 - Confirmed Downtrend, weekly_vcp_ok, volume_dryup, weekly_volume_dryup, weekly_strong, downtrend",weekly_watchlist,36.9,41.9,1843.95,-30.48,"[29.89, 25.76, 12.53]","[14, 5, 3]",0.95,30.0,strong,208
ERIS.NS,Eris Lifesciences Limited,Drug Manufacturers - Specialty & Generic,Healthcare,Healthcare,False,Cash,1,Stage 4,Stage 4,Stage 4 - Confirmed Downtrend,0.86,Price is below a bearish moving-average stack with falling trend signals.,,,,,-12.52,-11.85,111472530.55,1.45,0.57,2.49,False,False,"Stage 4, Stage 4 - Confirmed Downtrend, weekly_vcp_ok, weekly_strong, downtrend",weekly_watchlist,36.9,41.9,1524.5,-22.29,"[25.22, 19.16, 18.81]","[7, 6, 2]",0.95,20.0,strong,209
ANURAS.NS,Anupam Rasayan India Limited,Specialty Chemicals,Basic Materials,Basic Materials,False,Cash,1,Stage 4,Stage 4,Stage 4 - Confirmed Downtrend,0.86,Price is below a bearish moving-average stack with falling trend signals.,,,2026-06-18,,-2.96,-8.07,685695926.38,0.54,0.99,0.53,True,True,"Stage 4, Stage 4 - Confirmed Downtrend, weekly_vcp_ok, volume_dryup, weekly_volume_dryup, weekly_strong, downtrend",weekly_watchlist,36.9,41.9,1415.68,-17.34,"[17.39, 15.74, 12.41]","[3, 15, 3]",0.95,31.0,strong,210
GRAVITA.NS,Gravita India Limited,Metal Fabrication,Industrials,Industrials,False,Cash,1,Stage 4,Stage 4,Stage 4 - Weak/Declining,0.72,Price is below long-term support with weak trend evidence.,,,2026-09-10,,-14.44,-2.7,335391347.83,1.29,4.21,1.47,False,False,"Stage 4, Stage 4 - Weak/Declining, weekly_vcp_ok, weekly_strong, downtrend",weekly_watchlist,36.9,41.9,1870.0,-19.74,"[28.17, 16.59, 15.78]","[7, 5, 2]",0.95,24.0,strong,211
RBLBANK.NS,RBL Bank Limited,Banks - Regional,Financial Services,Financial Services,True,F&O,1,Stage 2,Stage 2,Clean Stage 2,0.9,"Price is above rising key averages, weekly structure is supportive, and the stock is near its 52-week high.",,,2026-10-05,,13.81,32.31,1360414229.32,1.04,0.69,0.9,False,True,"Stage 2, Clean Stage 2, trend_template_ok, weekly_volume_dryup",weekly_watchlist,40.81,41.81,430.35,-3.68,"[11.45, 12.5]","[5, 10]",0.1,20.0,weak,212
NHPC.NS,NHPC Limited,Utilities - Renewable,Utilities,Utilities,True,F&O,1,Stage 1,Stage 1,Stage 1 - Base/Repair,0.7,Price is near long-term moving averages with no strong long-term downtrend signal.,,,,,-3.52,-4.76,656452012.8,0.73,0.58,0.62,True,True,"Stage 1, Stage 1 - Base/Repair, weekly_vcp_ok, volume_dryup, weekly_volume_dryup, weekly_strong, stage1_not_actionable, stage1_needs_more_base",weekly_watchlist,41.8,41.8,82.77,-11.67,"[17.52, 10.24]","[6, 6]",0.9,18.0,strong,213
NTPCGREEN.NS,NTPC Green Energy Limited,Utilities - Renewable,Utilities,Utilities,False,Cash,1,Not Sure,Stage 1,Pending Stage 1,0.55,Blocked public stage jump Stage 4 -> Stage 1; waiting for intermediate/confirmed structure.,Blocked public stage jump Stage 4 -> Stage 1; waiting for intermediate/confirmed structure.,,2026-06-15,Stage 1,0.41,-12.69,243762046.57,0.98,0.33,0.55,False,True,"Stage 1, Stage 1 - Base/Repair, weekly_vcp_ok, weekly_volume_dryup, weekly_strong, stage1_not_actionable, stage1_needs_more_base | Blocked public stage jump Stage 4 -> Stage 1; waiting for intermediate/confirmed structure.",weekly_watchlist,41.8,41.8,120.16,-24.99,"[13.75, 9.26]","[8, 3]",0.9,36.0,strong,214
POWERGRID.NS,Power Grid Corporation of India Limited,Utilities,Utilities,Utilities,True,F&O,1,Stage 1,Stage 1,Stage 1 - Unclear/Repair,0.58,Not enough evidence for Stage 2 or Stage 4; classified as repair/unclear structure.,,,2026-07-23,,-4.09,-13.13,2397708662.65,1.02,0.55,0.74,False,True,"Stage 1, Stage 1 - Unclear/Repair, weekly_vcp_ok, weekly_volume_dryup, weekly_strong, stage1_not_actionable, stage1_needs_more_base",weekly_watchlist,41.8,41.8,293.88,-12.48,"[14.33, 10.6]","[5, 4]",0.9,18.0,strong,215
HOMEFIRST.NS,Home First Finance Company India Limited,Mortgage Finance,Financial Services,Financial Services,False,Cash,1,Stage 2 Failed,Stage 1,Failed Stage 2,0.72,"This stock was recently Stage 2, but the latest structure no longer satisfies Stage 2 rules. It is kept as Stage 2 Failed until a fresh base/repair structure forms.",Recent Stage 2 break; public stage held as Stage 2 Failed.,2026-10-06,2026-09-23,,-4.46,3.44,298461118.47,1.14,0.93,1.08,False,False,"Stage 1, Stage 1 - Base/Repair, weekly_vcp_ok, weekly_strong, stage1_not_actionable, stage1_needs_more_base | Stage 2 failed state applied from stage memory.",weekly_watchlist,41.8,41.8,1291.86,-13.96,"[29.07, 17.41]","[5, 5]",0.9,15.0,strong,216
DDEVPLSTIK.NS,Ddev Plastiks Industries Limited,Specialty Chemicals,Basic Materials,Basic Materials,False,Cash,1,Stage 4,Stage 4,Stage 4 - Weak/Declining,0.72,Price is below long-term support with weak trend evidence.,,,2026-07-28,,-4.78,11.27,22112973.83,0.56,1.16,0.61,True,True,"Stage 4, Stage 4 - Weak/Declining, weekly_vcp_ok, volume_dryup, weekly_volume_dryup, weekly_strong, downtrend",weekly_watchlist,36.45,41.45,314.01,-20.45,"[39.99, 11.71]","[7, 2]",0.9,13.0,strong,217
FEDERALBNK.NS,The Federal Bank  Limited,Banks - Regional,Financial Services,Financial Services,True,F&O,1,Stage 2 Failed,Stage 3,Failed Stage 2,0.72,"This stock was recently Stage 2, but the latest structure no longer satisfies Stage 2 rules. It is kept as Stage 2 Failed until a fresh base/repair structure forms.",Recent Stage 2 break; public stage held as Stage 2 Failed.,2026-10-06,2026-09-29,,1.98,12.25,1830191335.1,1.24,0.75,1.12,False,False,"Stage 3, Stage 3 - Distribution/Damage, weekly_vcp_ok, weekly_strong, distribution_risk | Stage 2 failed state applied from stage memory.",weekly_watchlist,40.42,41.42,371.08,-13.77,"[16.13, 8.15]","[4, 2]",0.9,11.0,strong,218
ICIL.NS,Indo Count Industries Limited,Textile Manufacturing,Consumer Cyclical,Consumer Cyclical,False,Cash,1,Stage 2,Stage 2,Clean Stage 2,0.9,"Price is above rising key averages, weekly structure is supportive, and the stock is near its 52-week high.",,,2026-10-05,,17.24,91.95,252272997.82,0.55,1.54,0.53,True,True,"Stage 2, Clean Stage 2, trend_template_ok, volume_dryup, weekly_volume_dryup",weekly_watchlist,36.4,41.4,486.8,-2.8,[19.63],[7],0.0,7.0,weak,219
PGEL.NS,PG Electroplast Limited,Electronic Components,Technology,Technology,True,F&O,1,Stage 4,Stage 4,Stage 4 - Weak/Declining,0.72,Price is below long-term support with weak trend evidence.,,,2026-09-07,,-4.84,9.27,545601294.7,0.91,6.94,1.35,False,False,"Stage 4, Stage 4 - Weak/Declining, weekly_vcp_ok, weekly_strong, downtrend",weekly_watchlist,36.24,41.24,644.77,-18.16,"[31.21, 21.86]","[6, 4]",0.9,12.0,strong,220
INDOTECH.NS,Indo Tech Transformers Limited,Electrical Equipment & Parts,Industrials,Industrials,False,Cash,1,Stage 2,Stage 2,Messy Stage 2,0.64,"Long-term structure is still constructive, but the short-term/weekly structure is not clean.",,,2026-10-05,,11.49,154.08,60065275.19,0.93,1.35,1.21,False,False,"Stage 2, Messy Stage 2",weekly_watchlist,36.2,41.2,4018.07,-16.56,"[31.03, 33.93]","[4, 5]",0.1,13.0,weak,221
MANAPPURAM.NS,Manappuram Finance Limited,Credit Services,Financial Services,Financial Services,True,F&O,1,Stage 2 Failed,Stage 3,Failed Stage 2,0.72,"This stock was recently Stage 2, but the latest structure no longer satisfies Stage 2 rules. It is kept as Stage 2 Failed until a fresh base/repair structure forms.",Recent Stage 2 break; public stage held as Stage 2 Failed.,2026-10-06,2026-09-25,,-4.22,17.71,1360656761.7,0.87,0.9,0.66,False,True,"Stage 3, Stage 3 - Distribution/Damage, weekly_vcp_ok, weekly_volume_dryup, weekly_strong, distribution_risk | Stage 2 failed state applied from stage memory.",weekly_watchlist,41.15,41.15,381.12,-18.61,"[23.64, 15.4]","[11, 2]",0.9,22.0,strong,222
BASF.NS,BASF India Limited,Specialty Chemicals,Basic Materials,Basic Materials,False,Cash,1,Stage 4,Stage 4,Stage 4 - Weak/Declining,0.72,Price is below long-term support with weak trend evidence.,,,2026-09-08,,5.15,-2.35,65514580.13,0.3,1.19,0.31,True,True,"Stage 4, Stage 4 - Weak/Declining, weekly_vcp_ok, volume_dryup, weekly_volume_dryup, weekly_strong, downtrend",weekly_watchlist,36.08,41.08,4257.44,-18.45,"[21.16, 20.72]","[6, 5]",0.9,17.0,strong,223
PTC.NS,PTC India Limited,Utilities,Utilities,Utilities,False,Cash,1,Not Sure,Stage 3,Pending Stage 3,0.55,Blocked public stage jump Stage 1 -> Stage 3; waiting for intermediate/confirmed structure.,Blocked public stage jump Stage 1 -> Stage 3; waiting for intermediate/confirmed structure.,,2026-07-06,Stage 3,7.37,5.25,207776091.29,0.62,2.35,0.81,True,True,"Stage 3, Stage 3 - Distribution/Damage, weekly_vcp_ok, volume_dryup, weekly_volume_dryup, weekly_strong, distribution_risk | Blocked public stage jump Stage 1 -> Stage 3; waiting for intermediate/confirmed structure.",weekly_watchlist,41.06,41.06,181.42,-13.38,"[28.63, 17.03]","[11, 4]",0.9,17.0,strong,224
APOLLOHOSP.NS,Apollo Hospitals Enterprise Limited,Medical Care Facilities,Healthcare,Healthcare,True,F&O,1,Stage 2 Failed,Stage 1,Failed Stage 2,0.72,"This stock was recently Stage 2, but the latest structure no longer satisfies Stage 2 rules. It is kept as Stage 2 Failed until a fresh base/repair structure forms.",Recent Stage 2 break; public stage held as Stage 2 Failed.,2026-10-06,2026-09-28,,-5.74,6.25,4135779407.47,1.77,2.78,2.64,False,False,"Stage 1, Stage 1 - Base/Repair, weekly_vcp_ok, weekly_strong, stage1_not_actionable, stage1_needs_more_base | Stage 2 failed state applied from stage memory.",weekly_watchlist,41.05,41.05,9070.5,-12.74,"[10.57, 10.04]","[2, 4]",0.9,11.0,strong,225
ABCAPITAL.NS,Aditya Birla Capital Limited,Financial Services,Financial Services,Financial Services,True,F&O,1,Stage 2 Failed,Stage 3,Failed Stage 2,0.72,"This stock was recently Stage 2, but the latest structure no longer satisfies Stage 2 rules. It is kept as Stage 2 Failed until a fresh base/repair structure forms.",Recent Stage 2 break; public stage held as Stage 2 Failed.,2026-10-06,2026-09-24,,-2.57,13.12,986096737.4,0.94,1.87,0.96,False,False,"Stage 3, Stage 3 - Distribution/Damage, weekly_vcp_ok, weekly_strong, distribution_risk | Stage 2 failed state applied from stage memory.",weekly_watchlist,40.86,40.86,431.45,-12.18,"[22.02, 10.95]","[16, 5]",0.9,26.0,strong,226
RESPONIND.NS,Responsive Industries Limited,Specialty Chemicals,Basic Materials,Basic Materials,False,Cash,1,Stage 4,Stage 4,Stage 4 - Confirmed Downtrend,0.86,Price is below a bearish moving-average stack with falling trend signals.,,,2026-07-20,,-13.19,13.52,234465602.18,0.56,0.72,0.54,True,True,"Stage 4, Stage 4 - Confirmed Downtrend, weekly_vcp_ok, volume_dryup, weekly_volume_dryup, weekly_strong, downtrend",weekly_watchlist,35.83,40.83,241.18,-35.19,"[42.02, 34.09]","[8, 14]",0.9,31.0,strong,227
SHAKTIPUMP.NS,Shakti Pumps (India) Limited,Specialty Industrial Machinery,Industrials,Industrials,False,Cash,1,Stage 4,Stage 4,Stage 4 - Confirmed Downtrend,0.86,Price is below a bearish moving-average stack with falling trend signals.,,,,,-17.64,-9.09,544701171.23,0.58,1.14,0.68,True,True,"Stage 4, Stage 4 - Confirmed Downtrend, weekly_vcp_ok, volume_dryup, weekly_volume_dryup, weekly_strong, downtrend",weekly_watchlist,35.8,40.8,621.79,-27.73,"[42.68, 19.29]","[15, 2]",0.9,22.0,strong,228
VGUARD.NS,V-Guard Industries Limited,Electrical Equipment & Parts,Industrials,Industrials,False,Cash,1,Stage 2 Failed,Stage 4,Failed Stage 2,0.72,"This stock was recently Stage 2, but the latest structure no longer satisfies Stage 2 rules. It is kept as Stage 2 Failed until a fresh base/repair structure forms.",Recent Stage 2 break; public stage held as Stage 2 Failed.,2026-10-06,2026-09-21,,5.11,-5.38,115383503.55,0.24,0.88,0.29,True,True,"Stage 4, Stage 4 - Weak/Declining, weekly_vcp_ok, volume_dryup, weekly_volume_dryup, weekly_strong, downtrend | Stage 2 failed state applied from stage memory.",weekly_watchlist,35.8,40.8,350.61,-12.64,"[18.64, 13.27]","[4, 18]",0.9,24.0,strong,229
GRSE.NS,Garden Reach Shipbuilders & Engineers Limited,Aerospace & Defense,Industrials,Industrials,False,Cash,1,Stage 4,Stage 4,Stage 4 - Weak/Declining,0.72,Price is below long-term support with weak trend evidence.,,,2026-07-08,,-14.85,-14.17,735527733.87,0.75,0.87,0.78,True,True,"Stage 4, Stage 4 - Weak/Declining, weekly_vcp_ok, volume_dryup, weekly_volume_dryup, weekly_strong, downtrend",weekly_watchlist,35.8,40.8,2931.42,-27.09,"[24.23, 15.78]","[6, 6]",0.9,14.0,strong,230
ASIANPAINT.NS,Asian Paints Limited,Specialty Chemicals,Basic Materials,Basic Materials,True,F&O,1,Stage 4,Stage 4,Stage 4 - Weak/Declining,0.72,Price is below long-term support with weak trend evidence.,,,2026-08-20,,-4.84,4.78,1329384126.55,0.84,0.78,0.8,True,True,"Stage 4, Stage 4 - Weak/Declining, weekly_vcp_ok, volume_dryup, weekly_volume_dryup, weekly_strong, downtrend",weekly_watchlist,35.8,40.8,2869.01,-15.5,"[27.43, 8.13]","[10, 4]",0.9,26.0,strong,231
ARE&M.NS,Amara Raja Energy & Mobility Limited,Electrical Equipment & Parts,Industrials,Industrials,False,Cash,1,Stage 4,Stage 4,Stage 4 - Weak/Declining,0.72,Price is below long-term support with weak trend evidence.,,,2026-08-28,,-11.4,2.01,306706841.12,0.48,0.76,0.47,True,True,"Stage 4, Stage 4 - Weak/Declining, weekly_vcp_ok, volume_dryup, weekly_volume_dryup, weekly_strong, downtrend",weekly_watchlist,35.8,40.8,1019.08,-27.1,"[26.74, 17.14]","[7, 4]",0.9,14.0,strong,232
VESUVIUS.NS,Vesuvius India Limited,Specialty Industrial Machinery,Industrials,Industrials,False,Cash,1,Stage 4,Stage 4,Stage 4 - Confirmed Downtrend,0.86,Price is below a bearish moving-average stack with falling trend signals.,,,,,-8.17,-10.99,266945146.09,4.06,0.85,8.16,False,False,"Stage 4, Stage 4 - Confirmed Downtrend, weekly_vcp_ok, weekly_strong, downtrend",weekly_watchlist,35.8,40.8,505.88,-20.06,"[29.22, 18.83]","[6, 5]",0.9,16.0,strong,233
CUMMINSIND.NS,Cummins India Limited,Specialty Industrial Machinery,Industrials,Industrials,True,F&O,1,Stage 4,Stage 4,Stage 4 - Weak/Declining,0.72,Price is below long-term support with weak trend evidence.,,,2026-08-11,,-7.14,0.2,2014337759.45,1.03,2.19,1.19,False,False,"Stage 4, Stage 4 - Weak/Declining, weekly_vcp_ok, weekly_strong, downtrend",weekly_watchlist,35.8,40.8,6060.41,-18.83,"[15.86, 11.89]","[7, 4]",0.9,15.0,strong,234
HAVELLS.NS,Havells India Limited,Electrical Equipment & Parts,Industrials,Industrials,True,F&O,1,Stage 4,Stage 4,Stage 4 - Confirmed Downtrend,0.86,Price is below a bearish moving-average stack with falling trend signals.,,,,,-6.43,-15.78,779912769.91,0.96,1.14,1.24,False,False,"Stage 4, Stage 4 - Confirmed Downtrend, weekly_vcp_ok, weekly_strong, downtrend",weekly_watchlist,35.8,40.8,1317.3,-19.76,"[20.79, 19.95]","[6, 6]",0.9,15.0,strong,235
ALKEM.NS,Alkem Laboratories Limited,Drug Manufacturers - Specialty & Generic,Healthcare,Healthcare,True,F&O,1,Stage 4,Stage 4,Stage 4 - Confirmed Downtrend,0.86,Price is below a bearish moving-average stack with falling trend signals.,,,2026-08-11,,-1.51,-1.71,800134063.55,1.0,0.45,1.24,False,False,"Stage 4, Stage 4 - Confirmed Downtrend, weekly_vcp_ok, weekly_strong, downtrend",weekly_watchlist,35.8,40.8,5882.27,-10.03,"[13.51, 11.77]","[7, 20]",0.9,30.0,strong,236
KEI.NS,KEI Industries Limited,Electrical Equipment & Parts,Industrials,Industrials,True,F&O,1,Stage 4,Stage 4,Stage 4,0.66,Declining structure detected.,,,2026-09-03,,-6.87,3.05,1837121718.53,0.61,0.8,0.46,True,True,"Stage 4, Stage 4, weekly_vcp_ok, volume_dryup, weekly_volume_dryup, weekly_strong, downtrend",weekly_watchlist,35.8,40.8,5909.32,-22.88,"[25.76, 16.86]","[3, 5]",0.9,21.0,strong,237
AIAENG.NS,AIA Engineering Limited,Specialty Industrial Machinery,Industrials,Industrials,False,Cash,1,Stage 4,Stage 4,Stage 4 - Weak/Declining,0.72,Price is below long-term support with weak trend evidence.,,,2026-08-28,,-11.17,7.77,217583206.03,1.06,0.82,0.69,False,True,"Stage 4, Stage 4 - Weak/Declining, weekly_vcp_ok, weekly_volume_dryup, weekly_strong, downtrend",weekly_watchlist,35.8,40.8,5169.63,-24.28,"[22.67, 9.98]","[7, 3]",0.9,14.0,strong,238
KAYNES.NS,Kaynes Technology India Limited,Electronic Components,Technology,Technology,True,F&O,1,Stage 4,Stage 4,Stage 4 - Weak/Declining,0.72,Price is below long-term support with weak trend evidence.,,,,,6.7,-11.37,3388085543.27,0.73,0.86,0.51,True,True,"Stage 4, Stage 4 - Weak/Declining, weekly_vcp_ok, volume_dryup, weekly_volume_dryup, weekly_strong, downtrend",weekly_watchlist,35.8,40.8,4125.11,-17.46,"[34.01, 20.03]","[2, 3]",0.9,19.0,strong,239
SYNGENE.NS,Syngene International Limited,Diagnostics & Research,Healthcare,Healthcare,False,Cash,1,Stage 4,Stage 4,Stage 4 - Confirmed Downtrend,0.86,Price is below a bearish moving-average stack with falling trend signals.,,,,,-8.96,-8.75,214186634.21,0.31,0.59,0.3,True,True,"Stage 4, Stage 4 - Confirmed Downtrend, weekly_vcp_ok, volume_dryup, weekly_volume_dryup, weekly_strong, downtrend",weekly_watchlist,35.8,40.8,517.99,-29.88,"[44.03, 27.43]","[13, 13]",0.9,29.0,strong,240
KANSAINER.NS,Kansai Nerolac Paints Limited,Specialty Chemicals,Basic Materials,Basic Materials,False,Cash,1,Stage 4,Stage 4,Stage 4 - Confirmed Downtrend,0.86,Price is below a bearish moving-average stack with falling trend signals.,,,,,-3.64,1.32,40893941.34,0.75,1.21,1.04,True,False,"Stage 4, Stage 4 - Confirmed Downtrend, weekly_vcp_ok, volume_dryup, weekly_strong, downtrend",weekly_watchlist,35.8,40.8,223.14,-17.54,"[33.65, 14.22]","[7, 8]",0.9,24.0,strong,241
ANUP.NS,The Anup Engineering Limited,Specialty Industrial Machinery,Industrials,Industrials,False,Cash,1,Stage 4,Stage 4,Stage 4 - Confirmed Downtrend,0.86,Price is below a bearish moving-average stack with falling trend signals.,,,2026-07-24,,-21.71,-14.04,41720591.53,0.78,0.71,0.79,True,True,"Stage 4, Stage 4 - Confirmed Downtrend, weekly_vcp_ok, volume_dryup, weekly_volume_dryup, weekly_strong, downtrend",weekly_watchlist,35.8,40.8,2387.5,-33.99,"[35.69, 20.43]","[4, 6]",0.9,17.0,strong,242
SIYSIL.NS,Siyaram Silk Mills Limited,Textile Manufacturing,Consumer Cyclical,Consumer Cyclical,False,Cash,1,Stage 4,Stage 4,Stage 4 - Weak/Declining,0.72,Price is below long-term support with weak trend evidence.,,,2026-08-20,,-7.5,6.39,14775411.25,0.45,0.78,0.52,True,True,"Stage 4, Stage 4 - Weak/Declining, weekly_vcp_ok, volume_dryup, weekly_volume_dryup, weekly_strong, downtrend",weekly_watchlist,35.8,40.8,663.0,-16.52,"[48.39, 22.29]","[21, 8]",0.9,45.0,strong,243
SHANTIGEAR.NS,Shanthi Gears Limited,Specialty Industrial Machinery,Industrials,Industrials,False,Cash,1,Stage 2,Stage 2,Stage 2,0.76,Advancing structure detected.,,,2026-10-05,,41.53,31.77,110645069.25,0.17,0.07,0.19,True,True,"Stage 2, Stage 2, trend_template_ok, volume_dryup, weekly_volume_dryup",weekly_watchlist,35.53,40.53,744.3,-19.08,"[15.13, 16.64]","[3, 9]",0.1,23.0,weak,244
TVSHLTD.NS,TVS Holdings Limited,Auto Parts,Consumer Cyclical,Consumer Cyclical,False,Cash,1,Stage 4,Stage 4,Stage 4 - Confirmed Downtrend,0.86,Price is below a bearish moving-average stack with falling trend signals.,,,2026-08-13,,-11.18,-14.46,115156119.8,1.05,0.6,1.51,False,False,"Stage 4, Stage 4 - Confirmed Downtrend, weekly_vcp_ok, weekly_strong, downtrend",weekly_watchlist,38.0,40.5,15727.48,-25.21,"[19.34, 15.07, 15.53, 12.96]","[6, 3, 6, 6]",1.0,30.0,strong,245
BANCOINDIA.NS,Banco Products (I) Limited,Auto Parts,Consumer Cyclical,Consumer Cyclical,False,Cash,1,Stage 4,Stage 4,Stage 4 - Weak/Declining,0.72,Price is below long-term support with weak trend evidence.,,,2026-07-16,,-5.84,4.24,48589335.97,0.56,0.66,0.58,True,True,"Stage 4, Stage 4 - Weak/Declining, weekly_vcp_ok, volume_dryup, weekly_volume_dryup, weekly_strong, downtrend",weekly_watchlist,38.0,40.5,701.14,-14.05,"[37.19, 27.79, 17.06, 12.82]","[11, 7, 3, 2]",1.0,40.0,strong,246
SANOFICONR.NS,Sanofi Consumer Healthcare India Limited,Drug Manufacturers - General,Healthcare,Healthcare,False,Cash,1,Stage 4,Stage 4,Stage 4 - Weak/Declining,0.72,Price is below long-term support with weak trend evidence.,,,2026-07-29,,-13.05,-16.12,26991768.95,1.02,0.58,1.56,False,False,"Stage 4, Stage 4 - Weak/Declining, weekly_vcp_ok, weekly_strong, downtrend",weekly_watchlist,38.0,40.5,5184.41,-27.93,"[21.43, 16.85, 14.53, 8.57]","[10, 5, 2, 3]",1.0,34.0,strong,247
ZYDUSLIFE.NS,Zydus Lifesciences Limited,Drug Manufacturers - Specialty & Generic,Healthcare,Healthcare,True,F&O,1,Stage 2,Stage 2,Stage 2,0.76,Advancing structure detected.,,,2026-10-05,,4.76,27.62,1811123012.88,1.3,1.05,1.31,False,False,"Stage 2, Stage 2",weekly_watchlist,35.24,40.24,1205.0,-3.78,[8.0],[10],0.0,10.0,weak,248
TATVA.NS,Tatva Chintan Pharma Chem Limited,Specialty Chemicals,Basic Materials,Basic Materials,False,Cash,1,Stage 2,Stage 2,Clean Stage 2,0.9,"Price is above rising key averages, weekly structure is supportive, and the stock is near its 52-week high.",,,2026-10-05,,46.33,55.2,125149733.62,1.26,2.12,0.87,False,True,"Stage 2, Clean Stage 2, trend_template_ok, weekly_volume_dryup",weekly_watchlist,35.2,40.2,1839.1,2.08,[17.21],[6],0.0,6.0,weak,249
GMRP&UI.NS,GMR Power and Urban Infra Limited,Energy,Energy,Energy,False,Cash,1,Stage 4,Stage 4,Stage 4 - Weak/Declining,0.72,Price is below long-term support with weak trend evidence.,,,,,8.18,-1.22,162235407.97,1.5,1.2,1.23,False,False,"Stage 4, Stage 4 - Weak/Declining, weekly_vcp_ok, weekly_strong, downtrend",weekly_watchlist,37.6,40.1,123.22,-17.03,"[28.6, 27.64, 15.73]","[8, 5, 6]",0.95,41.0,strong,250
ONESOURCE.NS,Onesource Specialty Pharma Limited,Biotechnology,Healthcare,Healthcare,False,Cash,1,Stage 2 Failed,Stage 4,Failed Stage 2,0.72,"This stock was recently Stage 2, but the latest structure no longer satisfies Stage 2 rules. It is kept as Stage 2 Failed until a fresh base/repair structure forms.",Recent Stage 2 break; public stage held as Stage 2 Failed.,2026-10-06,2026-09-16,,-0.9,7.57,656025567.03,0.91,0.46,1.12,False,False,"Stage 4, Stage 4 - Weak/Declining, weekly_vcp_ok, weekly_strong, downtrend | Stage 2 failed state applied from stage memory.",weekly_watchlist,37.57,40.07,1921.16,-20.06,"[42.05, 21.47, 15.79]","[4, 7, 4]",0.95,34.0,strong,251
EPIGRAL.NS,Epigral Limited,Chemicals,Basic Materials,Basic Materials,False,Cash,1,Stage 4,Stage 4,Stage 4 - Weak/Declining,0.72,Price is below long-term support with weak trend evidence.,,,,,9.54,2.54,39849560.82,0.6,1.25,0.83,True,True,"Stage 4, Stage 4 - Weak/Declining, weekly_vcp_ok, volume_dryup, weekly_volume_dryup, weekly_strong, downtrend",weekly_watchlist,37.01,39.51,1267.01,-18.22,"[30.49, 13.13]","[9, 4]",0.9,15.0,strong,252
BIOCON.NS,Biocon Limited,Biotechnology,Healthcare,Healthcare,True,F&O,1,Stage 4,Stage 4,Stage 4 - Weak/Declining,0.72,Price is below long-term support with weak trend evidence.,,,2026-08-14,,-7.17,7.95,1211090777.37,0.75,1.65,0.72,True,True,"Stage 4, Stage 4 - Weak/Declining, weekly_vcp_ok, volume_dryup, weekly_volume_dryup, weekly_strong, downtrend",weekly_watchlist,36.98,39.48,447.93,-17.6,"[15.51, 16.16, 10.24]","[9, 4, 6]",0.95,33.0,strong,253
MRF.NS,MRF Limited,Auto Parts,Consumer Cyclical,Consumer Cyclical,False,Cash,1,Stage 4,Stage 4,Stage 4 - Confirmed Downtrend,0.86,Price is below a bearish moving-average stack with falling trend signals.,,,,,-2.52,-8.24,367228975.75,0.7,0.6,0.82,True,True,"Stage 4, Stage 4 - Confirmed Downtrend, weekly_vcp_ok, volume_dryup, weekly_volume_dryup, weekly_strong, downtrend",weekly_watchlist,36.9,39.4,140549.69,-11.72,"[19.02, 13.35, 6.61]","[6, 6, 5]",0.95,26.0,strong,254
IOC.NS,Indian Oil Corporation Limited,Oil & Gas Refining & Marketing,Energy,Energy,True,F&O,1,Stage 4,Stage 4,Stage 4 - Confirmed Downtrend,0.86,Price is below a bearish moving-average stack with falling trend signals.,,,,,0.18,-5.05,1022871054.61,0.95,0.87,0.97,False,False,"Stage 4, Stage 4 - Confirmed Downtrend, weekly_vcp_ok, weekly_strong, downtrend",weekly_watchlist,36.9,39.4,147.98,-11.07,"[21.88, 12.57, 7.99]","[12, 2, 3]",0.95,26.0,strong,255
CEATLTD.NS,CEAT Limited,Auto Parts,Consumer Cyclical,Consumer Cyclical,False,Cash,1,Stage 4,Stage 4,Stage 4 - Weak/Declining,0.72,Price is below long-term support with weak trend evidence.,,,2026-08-05,,-9.33,-6.72,162923029.84,0.63,0.56,0.61,True,True,"Stage 4, Stage 4 - Weak/Declining, weekly_vcp_ok, volume_dryup, weekly_volume_dryup, weekly_strong, downtrend",weekly_watchlist,36.9,39.4,3945.73,-15.64,"[24.11, 22.5, 16.98]","[3, 6, 2]",0.95,23.0,strong,256
JKTYRE.NS,JK Tyre & Industries Limited,Auto Parts,Consumer Cyclical,Consumer Cyclical,False,Cash,1,Stage 4,Stage 4,Stage 4 - Confirmed Downtrend,0.86,Price is below a bearish moving-average stack with falling trend signals.,,,,,-10.67,-19.98,167970301.55,0.94,0.81,0.99,False,False,"Stage 4, Stage 4 - Confirmed Downtrend, weekly_vcp_ok, weekly_strong, downtrend",weekly_watchlist,36.9,39.4,422.0,-19.59,"[38.45, 16.95, 10.73]","[7, 2, 2]",0.95,23.0,strong,257
MEDIASSIST.NS,Medi Assist Healthcare Services Limited,Healthcare,Healthcare,Healthcare,False,Cash,1,Stage 4,Stage 4,Stage 4 - Confirmed Downtrend,0.86,Price is below a bearish moving-average stack with falling trend signals.,,,,,-9.24,-12.74,85384854.98,1.32,0.68,0.98,False,False,"Stage 4, Stage 4 - Confirmed Downtrend, weekly_vcp_ok, weekly_strong, downtrend",weekly_watchlist,36.9,39.4,404.64,-24.32,"[49.09, 15.64, 13.55]","[21, 4, 5]",0.95,37.0,strong,258
APOLLOTYRE.NS,Apollo Tyres Limited,Auto Parts,Consumer Cyclical,Consumer Cyclical,False,Cash,1,Stage 4,Stage 4,Stage 4 - Weak/Declining,0.72,Price is below long-term support with weak trend evidence.,,,,,-4.13,-5.77,355474460.22,1.03,0.45,0.44,False,True,"Stage 4, Stage 4 - Weak/Declining, weekly_vcp_ok, weekly_volume_dryup, weekly_strong, downtrend",weekly_watchlist,36.9,39.4,468.22,-14.24,"[25.79, 18.69, 9.93]","[6, 5, 2]",0.95,24.0,strong,259
FIEMIND.NS,Fiem Industries Limited,Auto Parts,Consumer Cyclical,Consumer Cyclical,False,Cash,1,Stage 4,Stage 4,Stage 4 - Confirmed Downtrend,0.86,Price is below a bearish moving-average stack with falling trend signals.,,,2026-08-17,,-13.41,-17.5,120016494.5,0.72,0.69,0.77,True,True,"Stage 4, Stage 4 - Confirmed Downtrend, weekly_vcp_ok, volume_dryup, weekly_volume_dryup, weekly_strong, downtrend",weekly_watchlist,36.9,39.4,2679.48,-33.59,"[26.81, 10.54, 10.97]","[7, 2, 3]",0.95,21.0,strong,260
PFIZER.NS,Pfizer Limited,Drug Manufacturers - General,Healthcare,Healthcare,False,Cash,1,Stage 4,Stage 4,Stage 4 - Confirmed Downtrend,0.86,Price is below a bearish moving-average stack with falling trend signals.,,,2026-08-28,,-10.08,-16.73,258866005.96,0.74,0.43,1.18,True,False,"Stage 4, Stage 4 - Confirmed Downtrend, weekly_vcp_ok, volume_dryup, weekly_strong, downtrend",weekly_watchlist,36.9,39.4,5158.01,-25.32,"[13.67, 13.98, 13.41]","[7, 6, 6]",0.95,28.0,strong,261
INDIAMART.NS,Indiamart Intermesh Limited,Communication Services,Communication Services,Communication Services,False,Cash,1,Stage 4,Stage 4,Stage 4 - Confirmed Downtrend,0.86,Price is below a bearish moving-average stack with falling trend signals.,,,,,-12.61,-21.12,190942621.78,0.56,0.43,0.62,True,True,"Stage 4, Stage 4 - Confirmed Downtrend, weekly_vcp_ok, volume_dryup, weekly_volume_dryup, weekly_strong, downtrend",weekly_watchlist,36.9,39.4,2137.28,-25.47,"[16.47, 16.67, 13.1]","[9, 8, 4]",0.95,27.0,strong,262
SURYAROSNI.NS,Surya Roshni Limited,Steel,Basic Materials,Basic Materials,False,Cash,1,Stage 4,Stage 4,Stage 4 - Confirmed Downtrend,0.86,Price is below a bearish moving-average stack with falling trend signals.,,,2026-07-10,,-7.7,1.45,99984764.59,0.88,0.38,0.94,False,False,"Stage 4, Stage 4 - Confirmed Downtrend, weekly_vcp_ok, weekly_strong, downtrend",weekly_watchlist,36.9,39.4,279.81,-20.89,"[30.35, 24.62, 19.11]","[7, 3, 6]",0.95,31.0,strong,263
MANINFRA.NS,Man Infraconstruction Limited,Engineering & Construction,Industrials,Industrials,False,Cash,1,Stage 2,Stage 2,Early Stage 2,0.72,"Price has moved above long-term structure, but the full moving-average stack is not clean yet.",,,2026-10-05,,26.9,34.19,266727532.07,0.83,0.46,0.65,True,True,"Stage 2, Early Stage 2, volume_dryup, weekly_volume_dryup",weekly_watchlist,39.31,39.31,131.23,-6.09,[30.71],[11],0.0,11.0,weak,264
JUBLFOOD.NS,Jubilant Foodworks Limited,Consumer Cyclical,Consumer Cyclical,Consumer Cyclical,True,F&O,1,Stage 4,Stage 4,Stage 4 - Weak/Declining,0.72,Price is below long-term support with weak trend evidence.,,,,,9.68,2.19,526227397.23,0.55,1.44,0.67,True,True,"Stage 4, Stage 4 - Weak/Declining, weekly_vcp_ok, volume_dryup, weekly_volume_dryup, weekly_strong, downtrend",weekly_watchlist,38.09,39.09,528.77,-14.94,"[28.9, 17.57, 10.43]","[8, 7, 2]",0.95,23.0,strong,265
HUBTOWN.NS,Hubtown Limited,Real Estate,Real Estate,Real Estate,False,Cash,1,Stage 4,Stage 4,Stage 4 - Confirmed Downtrend,0.86,Price is below a bearish moving-average stack with falling trend signals.,,,,,-11.91,-13.96,69292041.91,0.91,1.46,1.3,False,False,"Stage 4, Stage 4 - Confirmed Downtrend, weekly_vcp_ok, weekly_strong, downtrend",weekly_watchlist,38.0,39.0,254.44,-33.19,"[42.61, 33.8, 22.18, 20.78]","[10, 7, 4, 5]",1.0,38.0,strong,266
SWIGGY.NS,Swiggy Limited,Consumer Cyclical,Consumer Cyclical,Consumer Cyclical,True,F&O,1,Stage 4,Stage 4,Stage 4 - Weak/Declining,0.72,Price is below long-term support with weak trend evidence.,,,,,-6.0,-6.73,3632279185.7,0.54,0.46,0.41,True,True,"Stage 4, Stage 4 - Weak/Declining, weekly_vcp_ok, volume_dryup, weekly_volume_dryup, weekly_strong, downtrend",weekly_watchlist,38.0,39.0,359.63,-32.1,"[28.34, 28.5, 21.15, 14.31]","[7, 7, 10, 4]",1.0,38.0,strong,267
UNIVCABLES.NS,Universal Cables Limited,Electrical Equipment & Parts,Industrials,Industrials,False,Cash,1,Stage 2,Stage 2,Extended Stage 2,0.78,"Advancing structure remains intact, but price is stretched versus key moving averages or far above the 52-week low.",,,2026-10-05,,51.07,114.86,165025170.78,0.62,3.1,0.78,True,True,"Stage 2, Extended Stage 2, trend_template_ok, volume_dryup, weekly_volume_dryup",weekly_watchlist,34.0,39.0,1778.01,-7.24,[24.59],[5],0.0,5.0,weak,268
RAIN.NS,Rain Industries Limited,Specialty Chemicals,Basic Materials,Basic Materials,False,Cash,1,Stage 2,Stage 2,Stage 2,0.76,Advancing structure detected.,,,2026-10-05,,7.81,73.01,750952244.0,0.58,0.92,0.5,True,True,"Stage 2, Stage 2, volume_dryup, weekly_volume_dryup",weekly_watchlist,34.0,39.0,251.26,-15.37,[10.38],[13],0.0,13.0,weak,269
TDPOWERSYS.NS,TD Power Systems Limited,Specialty Industrial Machinery,Industrials,Industrials,False,Cash,1,Stage 2,Stage 2,Extended Stage 2,0.78,"Advancing structure remains intact, but price is stretched versus key moving averages or far above the 52-week low.",,,2026-10-05,,46.66,79.26,2438399824.94,1.16,1.05,1.57,False,False,"Stage 2, Extended Stage 2, trend_template_ok",weekly_watchlist,34.0,39.0,818.98,-0.36,[32.31],[5],0.0,5.0,weak,270
LLOYDSENGG.NS,LLOYDS ENGINEERING WORKS LIMITED,Specialty Industrial Machinery,Industrials,Industrials,False,Cash,1,Stage 2,Stage 2,Extended Stage 2,0.78,"Advancing structure remains intact, but price is stretched versus key moving averages or far above the 52-week low.",,,2026-10-05,,16.58,108.81,1260455898.56,1.94,1.05,1.22,False,False,"Stage 2, Extended Stage 2",weekly_watchlist,34.0,39.0,99.65,1.5,[21.91],[5],0.0,5.0,weak,271
PDSL.NS,PDS Limited,Industrials,Industrials,Industrials,False,Cash,1,Stage 2 Failed,Stage 3,Failed Stage 2,0.72,"This stock was recently Stage 2, but the latest structure no longer satisfies Stage 2 rules. It is kept as Stage 2 Failed until a fresh base/repair structure forms.",Recent Stage 2 break; public stage held as Stage 2 Failed.,2026-10-06,2026-09-23,,5.49,18.17,41612891.4,0.98,0.26,1.38,False,False,"Stage 3, Stage 3 - Distribution/Damage, weekly_vcp_ok, weekly_strong, distribution_risk | Stage 2 failed state applied from stage memory.",weekly_watchlist,38.97,38.97,417.29,-16.75,"[18.3, 16.41]","[2, 5]",0.9,9.0,strong,272
SKYGOLD.NS,SKY GOLD AND DIAMONDS LIMITED,Luxury Goods,Consumer Cyclical,Consumer Cyclical,False,Cash,1,Stage 2,Stage 2,Extended Stage 2,0.78,"Advancing structure remains intact, but price is stretched versus key moving averages or far above the 52-week low.",,,2026-10-05,,42.11,121.0,719438315.59,1.05,5.07,1.37,False,False,"Stage 2, Extended Stage 2, trend_template_ok",weekly_watchlist,36.4,38.9,870.32,-1.46,[11.71],[7],0.0,7.0,weak,273
AFFLE.NS,Affle 3i Limited,Communication Services,Communication Services,Communication Services,False,Cash,1,Stage 4,Stage 4,Stage 4 - Weak/Declining,0.72,Price is below long-term support with weak trend evidence.,,,2026-09-07,,2.59,2.96,200271292.43,0.47,0.32,0.34,True,True,"Stage 4, Stage 4 - Weak/Declining, weekly_vcp_ok, volume_dryup, weekly_volume_dryup, weekly_strong, downtrend",weekly_watchlist,36.36,38.86,1751.26,-17.19,"[31.59, 17.53]","[11, 7]",0.9,25.0,strong,274
MPHASIS.NS,MphasiS Limited,Information Technology Services,Technology,Technology,True,F&O,1,Stage 4,Stage 4,Stage 4 - Weak/Declining,0.72,Price is below long-term support with weak trend evidence.,,,,,6.25,2.25,1003950838.57,1.06,0.64,1.59,False,False,"Stage 4, Stage 4 - Weak/Declining, weekly_vcp_ok, weekly_strong, downtrend",weekly_watchlist,37.75,38.75,2561.37,-10.28,"[32.2, 16.76, 12.73]","[17, 5, 4]",0.95,30.0,strong,275
HINDPETRO.NS,Hindustan Petroleum Corporation Limited,Oil & Gas Refining & Marketing,Energy,Energy,True,F&O,1,Stage 4,Stage 4,Stage 4 - Confirmed Downtrend,0.86,Price is below a bearish moving-average stack with falling trend signals.,,,,,-2.0,6.47,1235114534.32,0.73,1.06,0.64,True,True,"Stage 4, Stage 4 - Confirmed Downtrend, weekly_vcp_ok, volume_dryup, weekly_volume_dryup, weekly_strong, downtrend",weekly_watchlist,36.25,38.75,400.12,-12.28,"[33.54, 9.82]","[7, 8]",0.9,24.0,strong,276
MASTEK.NS,Mastek Limited,Information Technology Services,Technology,Technology,False,Cash,1,Stage 4,Stage 4,Stage 4 - Weak/Declining,0.72,Price is below long-term support with weak trend evidence.,,,,,1.65,4.59,153087619.75,0.35,0.2,0.33,True,True,"Stage 4, Stage 4 - Weak/Declining, weekly_vcp_ok, volume_dryup, weekly_volume_dryup, weekly_strong, downtrend",weekly_watchlist,37.52,38.52,1929.33,-16.22,"[40.28, 16.11, 13.85]","[10, 4, 4]",0.95,23.0,strong,277
NUVOCO.NS,Nuvoco Vistas Corporation Limited,Building Materials,Basic Materials,Basic Materials,False,Cash,1,Stage 2 Failed,Stage 4,Failed Stage 2,0.72,"This stock was recently Stage 2, but the latest structure no longer satisfies Stage 2 rules. It is kept as Stage 2 Failed until a fresh base/repair structure forms.",Recent Stage 2 break; public stage held as Stage 2 Failed.,2026-10-06,2026-09-30,,8.98,5.57,93945572.9,1.03,0.4,1.27,False,False,"Stage 4, Stage 4 - Weak/Declining, weekly_vcp_ok, weekly_strong, downtrend | Stage 2 failed state applied from stage memory.",weekly_watchlist,38.35,38.35,398.7,-18.11,"[23.64, 17.92, 13.2]","[6, 2, 2]",0.95,31.0,strong,278
RPGLIFE.NS,RPG Life Sciences Limited,Drug Manufacturers - Specialty & Generic,Healthcare,Healthcare,False,Cash,1,Stage 2,Stage 2,Clean Stage 2,0.9,"Price is above rising key averages, weekly structure is supportive, and the stock is near its 52-week high.",,,2026-10-05,,15.03,58.32,119339332.85,2.32,0.46,1.74,False,False,"Stage 2, Clean Stage 2, trend_template_ok",weekly_watchlist,33.34,38.34,3133.27,-6.39,[19.21],[5],0.0,5.0,weak,279
TATACHEM.NS,Tata Chemicals Limited,Chemicals,Basic Materials,Basic Materials,False,Cash,1,Stage 4,Stage 4,Stage 4 - Confirmed Downtrend,0.86,Price is below a bearish moving-average stack with falling trend signals.,,,,,-9.86,-11.92,2659386781.08,0.67,0.26,0.42,True,True,"Stage 4, Stage 4 - Confirmed Downtrend, weekly_vcp_ok, volume_dryup, weekly_volume_dryup, weekly_strong, downtrend",weekly_watchlist,35.8,38.3,843.38,-26.9,"[26.41, 22.58]","[12, 11]",0.9,35.0,strong,280
ONGC.NS,Oil & Natural Gas Corporation Limited,Energy,Energy,Energy,True,F&O,1,Stage 4,Stage 4,Stage 4 - Weak/Declining,0.72,Price is below long-term support with weak trend evidence.,,,2026-06-08,,-3.45,-20.86,2555874095.25,0.97,1.92,1.14,False,False,"Stage 4, Stage 4 - Weak/Declining, weekly_vcp_ok, weekly_strong, downtrend",weekly_watchlist,35.8,38.3,253.57,-11.58,"[22.3, 9.21]","[13, 5]",0.9,21.0,strong,281
KIOCL.NS,KIOCL Limited,Steel,Basic Materials,Basic Materials,False,Cash,1,Stage 4,Stage 4,Stage 4 - Weak/Declining,0.72,Price is below long-term support with weak trend evidence.,,,,,-3.98,-2.89,25153842.54,0.37,1.95,0.41,True,True,"Stage 4, Stage 4 - Weak/Declining, weekly_vcp_ok, volume_dryup, weekly_volume_dryup, weekly_strong, downtrend",weekly_watchlist,35.8,38.3,442.77,-22.17,"[20.79, 7.52]","[4, 18]",0.9,29.0,strong,282
INTELLECT.NS,Intellect Design Arena Limited,Software - Application,Technology,Technology,False,Cash,1,Stage 4,Stage 4,Stage 4 - Confirmed Downtrend,0.86,Price is below a bearish moving-average stack with falling trend signals.,,,,,-15.34,-6.04,178527807.6,0.76,0.97,0.68,True,True,"Stage 4, Stage 4 - Confirmed Downtrend, weekly_vcp_ok, volume_dryup, weekly_volume_dryup, weekly_strong, downtrend",weekly_watchlist,35.8,38.3,827.89,-27.36,"[52.18, 20.06]","[21, 2]",0.9,28.0,strong,283
MSUMI.NS,Motherson Sumi Wiring India Limited,Auto Parts,Consumer Cyclical,Consumer Cyclical,False,Cash,1,Stage 4,Stage 4,Stage 4 - Confirmed Downtrend,0.86,Price is below a bearish moving-average stack with falling trend signals.,,,,,-11.18,-11.46,375459146.59,0.94,0.37,0.66,False,True,"Stage 4, Stage 4 - Confirmed Downtrend, weekly_vcp_ok, weekly_volume_dryup, weekly_strong, downtrend",weekly_watchlist,35.8,38.3,42.82,-22.21,"[33.38, 16.39]","[11, 5]",0.9,22.0,strong,284
CHEMPLASTS.NS,Chemplast Sanmar Limited,Chemicals,Basic Materials,Basic Materials,False,Cash,1,Stage 4,Stage 4,Stage 4 - Weak/Declining,0.72,Price is below long-term support with weak trend evidence.,,,,,10.54,-12.96,155395695.42,1.37,0.87,0.62,False,True,"Stage 4, Stage 4 - Weak/Declining, weekly_vcp_ok, weekly_volume_dryup, weekly_strong, downtrend",weekly_watchlist,35.8,38.3,339.54,-38.08,"[43.03, 26.38]","[17, 8]",0.9,31.0,strong,285
GHCL.NS,GHCL Limited,Chemicals,Basic Materials,Basic Materials,False,Cash,1,Stage 4,Stage 4,Stage 4 - Confirmed Downtrend,0.86,Price is below a bearish moving-average stack with falling trend signals.,,,,,-1.61,-13.35,49684731.57,1.1,0.89,0.6,False,True,"Stage 4, Stage 4 - Confirmed Downtrend, weekly_vcp_ok, weekly_volume_dryup, weekly_strong, downtrend",weekly_watchlist,35.8,38.3,459.53,-11.03,"[26.23, 24.12]","[7, 5]",0.9,18.0,strong,286
DCAL.NS,Dishman Carbogen Amcis Limited,Biotechnology,Healthcare,Healthcare,False,Cash,1,Stage 4,Stage 4,Stage 4 - Confirmed Downtrend,0.86,Price is below a bearish moving-average stack with falling trend signals.,,,,,-15.73,-2.24,35410364.0,0.56,0.69,0.82,True,True,"Stage 4, Stage 4 - Confirmed Downtrend, weekly_vcp_ok, volume_dryup, weekly_volume_dryup, weekly_strong, downtrend",weekly_watchlist,35.8,38.3,224.79,-31.68,"[53.15, 25.47]","[15, 4]",0.9,26.0,strong,287
SANDUMA.NS,Sandur Manganese & Iron Ores Limited,Steel,Basic Materials,Basic Materials,False,Cash,1,Stage 4,Stage 4,Stage 4 - Confirmed Downtrend,0.86,Price is below a bearish moving-average stack with falling trend signals.,,,2026-06-22,,-5.02,-8.16,94133623.72,0.74,1.02,0.79,True,True,"Stage 4, Stage 4 - Confirmed Downtrend, weekly_vcp_ok, volume_dryup, weekly_volume_dryup, weekly_strong, downtrend",weekly_watchlist,35.8,38.3,253.72,-27.72,"[37.54, 24.77]","[12, 11]",0.9,28.0,strong,288
PNGJL.NS,P N Gadgil Jewellers Limited,Luxury Goods,Consumer Cyclical,Consumer Cyclical,False,Cash,1,Stage 4,Stage 4,Stage 4 - Weak/Declining,0.72,Price is below long-term support with weak trend evidence.,,,2026-09-08,,5.89,-6.49,235762851.38,0.8,0.69,0.65,True,True,"Stage 4, Stage 4 - Weak/Declining, weekly_vcp_ok, volume_dryup, weekly_volume_dryup, weekly_strong, downtrend",weekly_watchlist,35.8,38.3,718.25,-18.05,"[30.88, 21.46]","[2, 5]",0.9,17.0,strong,289
ZEEL.NS,Zee Entertainment Enterprises Limited,Communication Services,Communication Services,Communication Services,False,Cash,1,Stage 4,Stage 4,Stage 4 - Weak/Declining,0.72,Price is below long-term support with weak trend evidence.,,,2026-08-21,,-19.29,-6.35,1090385617.24,0.45,0.79,0.43,True,True,"Stage 4, Stage 4 - Weak/Declining, weekly_vcp_ok, volume_dryup, weekly_volume_dryup, weekly_strong, downtrend",weekly_watchlist,35.8,38.3,115.59,-37.35,"[31.38, 15.65]","[6, 2]",0.9,14.0,strong,290
ACI.NS,Archean Chemical Industries Limited,Chemicals,Basic Materials,Basic Materials,False,Cash,1,Stage 4,Stage 4,Stage 4 - Confirmed Downtrend,0.86,Price is below a bearish moving-average stack with falling trend signals.,,,,,-5.41,-21.02,120006326.54,0.77,0.22,0.67,True,True,"Stage 4, Stage 4 - Confirmed Downtrend, weekly_vcp_ok, volume_dryup, weekly_volume_dryup, weekly_strong, downtrend",weekly_watchlist,35.8,38.3,605.31,-21.61,"[20.25, 20.3]","[2, 14]",0.9,19.0,strong,291
AURIONPRO.NS,Aurionpro Solutions Limited,Software - Application,Technology,Technology,False,Cash,1,Stage 4,Stage 4,Stage 4 - Confirmed Downtrend,0.86,Price is below a bearish moving-average stack with falling trend signals.,,,,,-21.4,-28.06,91353949.4,0.77,0.99,0.98,True,False,"Stage 4, Stage 4 - Confirmed Downtrend, weekly_vcp_ok, volume_dryup, weekly_strong, downtrend",weekly_watchlist,35.8,38.3,931.11,-33.84,"[30.98, 22.77]","[7, 4]",0.9,14.0,strong,292
DBCORP.NS,D.B.Corp Limited,Communication Services,Communication Services,Communication Services,False,Cash,1,Stage 4,Stage 4,Stage 4 - Confirmed Downtrend,0.86,Price is below a bearish moving-average stack with falling trend signals.,,,,,-8.06,-14.76,13169656.61,1.01,1.19,1.25,False,False,"Stage 4, Stage 4 - Confirmed Downtrend, weekly_vcp_ok, weekly_strong, downtrend",weekly_watchlist,35.8,38.3,239.7,-27.59,"[30.76, 23.22]","[14, 7]",0.9,27.0,strong,293
JTEKTINDIA.NS,Jtekt India Limited,Auto Parts,Consumer Cyclical,Consumer Cyclical,False,Cash,1,Stage 4,Stage 4,Stage 4 - Confirmed Downtrend,0.86,Price is below a bearish moving-average stack with falling trend signals.,,,,,-15.32,-11.42,11705049.74,0.47,0.52,0.39,True,True,"Stage 4, Stage 4 - Confirmed Downtrend, weekly_vcp_ok, volume_dryup, weekly_volume_dryup, weekly_strong, downtrend",weekly_watchlist,35.8,38.3,158.93,-27.4,"[29.0, 20.05]","[5, 4]",0.9,15.0,strong,294
AUTOAXLES.NS,Automotive Axles Limited,Auto Parts,Consumer Cyclical,Consumer Cyclical,False,Cash,1,Not Sure,Stage 4,Pending Stage 4,0.55,Blocked public stage jump Stage 1 -> Stage 4; waiting for intermediate/confirmed structure.,Blocked public stage jump Stage 1 -> Stage 4; waiting for intermediate/confirmed structure.,,2026-08-12,Stage 4,-0.16,-0.48,10102540.45,0.78,0.41,0.71,True,True,"Stage 4, Stage 4 - Confirmed Downtrend, weekly_vcp_ok, volume_dryup, weekly_volume_dryup, weekly_strong, downtrend | Blocked public stage jump Stage 1 -> Stage 4; waiting for intermediate/confirmed structure.",weekly_watchlist,35.8,38.3,1977.76,-17.17,"[24.49, 15.35]","[12, 3]",0.9,19.0,strong,295
ORISSAMINE.NS,The Orissa Minerals Development Company Limited,Steel,Basic Materials,Basic Materials,False,Cash,1,Stage 4,Stage 4,Stage 4 - Weak/Declining,0.72,Price is below long-term support with weak trend evidence.,,,,,0.46,-2.89,29442184.67,0.23,0.9,0.25,True,True,"Stage 4, Stage 4 - Weak/Declining, weekly_vcp_ok, volume_dryup, weekly_volume_dryup, weekly_strong, downtrend",weekly_watchlist,35.8,38.3,5208.1,-30.7,"[41.34, 19.06]","[13, 5]",0.9,29.0,strong,296
LXCHEM.NS,Laxmi Organic Industries Limited,Specialty Chemicals,Basic Materials,Basic Materials,False,Cash,1,Stage 2,Stage 2,Clean Stage 2,0.9,"Price is above rising key averages, weekly structure is supportive, and the stock is near its 52-week high.",,,2026-10-05,,26.28,46.69,234920431.09,1.06,4.14,1.05,False,False,"Stage 2, Clean Stage 2, trend_template_ok",weekly_watchlist,33.3,38.3,189.33,-0.25,[20.51],[5],0.0,5.0,weak,297
GANESHHOU.NS,GANESH HOUSING LIMITED,Real Estate,Real Estate,Real Estate,False,Cash,1,Stage 4,Stage 4,Stage 4 - Weak/Declining,0.72,Price is below long-term support with weak trend evidence.,,,2026-08-27,,-8.47,23.17,22297094.93,0.91,0.78,1.2,False,False,"Stage 4, Stage 4 - Weak/Declining, weekly_vcp_ok, weekly_strong, downtrend",weekly_watchlist,37.27,38.27,889.14,-19.74,"[44.43, 8.86]","[18, 8]",0.9,35.0,strong,298
ALKYLAMINE.NS,Alkyl Amines Chemicals Limited,Specialty Chemicals,Basic Materials,Basic Materials,False,Cash,1,Stage 2,Stage 2,Stage 2,0.76,Advancing structure detected.,,,2026-10-05,,4.95,43.62,373407597.22,2.05,58.14,6.21,False,False,"Stage 2, Stage 2",weekly_watchlist,33.26,38.26,2115.0,-7.22,[11.56],[7],0.0,7.0,weak,299
RADICO.NS,Radico Khaitan Limited,Consumer Defensive,Consumer Defensive,Consumer Defensive,False,Cash,1,Stage 2,Stage 2,Early Stage 2,0.72,"Price has moved above long-term structure, but the full moving-average stack is not clean yet.",,,2026-10-05,,14.36,60.04,1171254996.32,1.02,2.6,1.1,False,False,"Stage 2, Early Stage 2",weekly_watchlist,38.24,38.24,4755.31,-6.21,[26.45],[9],0.0,9.0,weak,300
DEEDEV.NS,DEE Development Engineers Limited,Metal Fabrication,Industrials,Industrials,False,Cash,1,Stage 2,Stage 2,Stage 2,0.76,Advancing structure detected.,,,2026-10-05,,0.98,90.87,128275745.73,0.68,0.48,0.67,True,True,"Stage 2, Stage 2, volume_dryup, weekly_volume_dryup",weekly_watchlist,33.2,38.2,744.83,-12.5,[24.01],[11],0.0,11.0,weak,301
ORIENTCEM.NS,Orient Cement Limited,Building Materials,Basic Materials,Basic Materials,False,Cash,1,Stage 4,Stage 4,Stage 4 - Confirmed Downtrend,0.86,Price is below a bearish moving-average stack with falling trend signals.,,,,,-9.94,-14.55,64026141.07,0.97,0.46,0.89,False,True,"Stage 4, Stage 4 - Confirmed Downtrend, weekly_vcp_ok, weekly_volume_dryup, weekly_strong, downtrend",weekly_watchlist,38.0,38.0,152.33,-24.01,"[32.96, 31.66, 15.45, 9.29]","[5, 14, 6, 2]",1.0,37.0,strong,302
UTIAMC.NS,UTI Asset Management Company Limited,Asset Management,Financial Services,Financial Services,False,Cash,1,Stage 4,Stage 4,Stage 4 - Confirmed Downtrend,0.86,Price is below a bearish moving-average stack with falling trend signals.,,,,,-3.35,-2.85,71523068.24,0.54,0.74,0.45,True,True,"Stage 4, Stage 4 - Confirmed Downtrend, weekly_vcp_ok, volume_dryup, weekly_volume_dryup, weekly_strong, downtrend",weekly_watchlist,38.0,38.0,1078.11,-17.62,"[20.68, 19.94, 15.97, 13.02]","[6, 6, 7, 7]",1.0,37.0,strong,303
BHARTIHEXA.NS,Bharti Hexacom Limited,Telecom Services,Communication Services,Communication Services,False,Cash,1,Stage 4,Stage 4,Stage 4 - Weak/Declining,0.72,Price is below long-term support with weak trend evidence.,,,,,-6.15,-7.15,180738153.34,1.12,3.26,2.01,False,False,"Stage 4, Stage 4 - Weak/Declining, weekly_vcp_ok, weekly_strong, downtrend",weekly_watchlist,38.0,38.0,1662.74,-16.6,"[17.69, 17.44, 11.89, 10.97]","[4, 7, 6, 2]",1.0,32.0,strong,304
PILANIINVS.NS,Pilani Investment and Industries Corporation Limited,Asset Management,Financial Services,Financial Services,False,Cash,1,Stage 4,Stage 4,Stage 4 - Confirmed Downtrend,0.86,Price is below a bearish moving-average stack with falling trend signals.,,,,,-0.95,-8.89,11926390.64,0.92,0.67,1.37,False,False,"Stage 4, Stage 4 - Confirmed Downtrend, weekly_vcp_ok, weekly_strong, downtrend",weekly_watchlist,38.0,38.0,5037.93,-19.27,"[17.43, 18.16, 17.29, 6.42]","[5, 2, 8, 3]",1.0,31.0,strong,305
CENTRALBK.NS,Central Bank of India,Banks - Regional,Financial Services,Financial Services,False,Cash,1,Stage 4,Stage 4,Stage 4 - Confirmed Downtrend,0.86,Price is below a bearish moving-average stack with falling trend signals.,,,,,-2.76,-11.87,204430668.62,0.66,0.48,0.58,True,True,"Stage 4, Stage 4 - Confirmed Downtrend, weekly_vcp_ok, volume_dryup, weekly_volume_dryup, weekly_strong, downtrend",weekly_watchlist,36.9,37.9,36.99,-18.39,"[23.51, 20.61, 13.31]","[5, 4, 11]",0.95,27.0,strong,306
VIPIND.NS,VIP Industries Limited,Consumer Cyclical,Consumer Cyclical,Consumer Cyclical,False,Cash,1,Stage 4,Stage 4,Stage 4 - Weak/Declining,0.72,Price is below long-term support with weak trend evidence.,,,,,-0.33,-10.35,86181542.09,0.66,0.31,0.63,True,True,"Stage 4, Stage 4 - Weak/Declining, weekly_vcp_ok, volume_dryup, weekly_volume_dryup, weekly_strong, downtrend",weekly_watchlist,36.9,37.9,345.6,-16.64,"[22.98, 16.32, 16.52]","[5, 2, 7]",0.95,30.0,strong,307
BATAINDIA.NS,Bata India Limited,Consumer Cyclical,Consumer Cyclical,Consumer Cyclical,False,Cash,1,Stage 4,Stage 4,Stage 4 - Weak/Declining,0.72,Price is below long-term support with weak trend evidence.,,,,,1.24,-8.38,96801406.98,0.27,0.47,0.25,True,True,"Stage 4, Stage 4 - Weak/Declining, weekly_vcp_ok, volume_dryup, weekly_volume_dryup, weekly_strong, downtrend",weekly_watchlist,36.9,37.9,767.99,-19.29,"[36.88, 16.43, 17.23]","[7, 7, 3]",0.95,21.0,strong,308
LEMONTREE.NS,Lemon Tree Hotels Limited,Lodging,Consumer Cyclical,Consumer Cyclical,False,Cash,1,Stage 4,Stage 4,Stage 4 - Weak/Declining,0.72,Price is below long-term support with weak trend evidence.,,,,,-2.37,-1.1,384480863.01,1.55,1.22,2.6,False,False,"Stage 4, Stage 4 - Weak/Declining, weekly_vcp_ok, weekly_strong, downtrend",weekly_watchlist,36.9,37.9,128.6,-14.37,"[40.66, 19.38, 17.75]","[14, 7, 10]",0.95,40.0,strong,309
FORCEMOT.NS,FORCE MOTORS LTD,Auto Manufacturers,Consumer Cyclical,Consumer Cyclical,True,F&O,1,Stage 4,Stage 4,Stage 4 - Confirmed Downtrend,0.86,Price is below a bearish moving-average stack with falling trend signals.,,,,,-0.92,-23.3,1151508796.3,0.87,0.97,1.01,False,False,"Stage 4, Stage 4 - Confirmed Downtrend, weekly_vcp_ok, weekly_strong, downtrend",weekly_watchlist,36.9,37.9,19548.38,-12.47,"[27.11, 27.22, 13.27]","[6, 8, 4]",0.95,23.0,strong,310
SAFARI.NS,Safari Industries (India) Limited,Consumer Cyclical,Consumer Cyclical,Consumer Cyclical,False,Cash,1,Stage 4,Stage 4,Stage 4 - Confirmed Downtrend,0.86,Price is below a bearish moving-average stack with falling trend signals.,,,,,-14.04,-14.67,60745969.73,0.84,1.15,0.94,True,False,"Stage 4, Stage 4 - Confirmed Downtrend, weekly_vcp_ok, volume_dryup, weekly_strong, downtrend",weekly_watchlist,36.9,37.9,1700.81,-22.51,"[36.96, 17.58, 13.26]","[7, 3, 5]",0.95,27.0,strong,311
EMAMILTD.NS,Emami Limited,Household & Personal Products,Consumer Defensive,Consumer Defensive,False,Cash,1,Stage 4,Stage 4,Stage 4 - Confirmed Downtrend,0.86,Price is below a bearish moving-average stack with falling trend signals.,,,,,-2.86,-8.63,1044334019.7,1.4,1.29,1.4,False,False,"Stage 4, Stage 4 - Confirmed Downtrend, weekly_vcp_ok, weekly_strong, downtrend",weekly_watchlist,36.9,37.9,477.83,-19.64,"[26.11, 21.09, 16.98]","[8, 7, 9]",0.95,30.0,strong,312
INFY.NS,Infosys Limited,Information Technology Services,Technology,Technology,True,F&O,1,Stage 4,Stage 4,Stage 4 - Confirmed Downtrend,0.86,Price is below a bearish moving-average stack with falling trend signals.,,,,,-0.44,-18.04,9568352515.39,0.98,0.93,0.99,False,False,"Stage 4, Stage 4 - Confirmed Downtrend, weekly_vcp_ok, weekly_strong, downtrend",weekly_watchlist,36.9,37.9,1254.0,-19.15,"[29.68, 20.91, 21.52]","[6, 5, 4]",0.95,21.0,strong,313
CANBK.NS,Canara Bank,Banks - Regional,Financial Services,Financial Services,True,F&O,1,Stage 4,Stage 4,Stage 4 - Confirmed Downtrend,0.86,Price is below a bearish moving-average stack with falling trend signals.,,,,,-3.88,-11.46,1422169236.26,0.98,0.86,0.84,False,True,"Stage 4, Stage 4 - Confirmed Downtrend, weekly_vcp_ok, weekly_volume_dryup, weekly_strong, downtrend",weekly_watchlist,36.9,37.9,142.45,-17.29,"[21.02, 15.81, 11.61]","[17, 4, 3]",0.95,31.0,strong,314
LTM.NS,LTM Limited,Information Technology Services,Technology,Technology,True,F&O,1,Stage 4,Stage 4,Stage 4 - Weak/Declining,0.72,Price is below long-term support with weak trend evidence.,,,,,7.66,-9.81,1790775879.39,1.08,0.44,1.07,False,False,"Stage 4, Stage 4 - Weak/Declining, weekly_vcp_ok, weekly_strong, downtrend",weekly_watchlist,36.9,37.9,4858.49,-18.26,"[37.79, 18.33, 19.08]","[10, 3, 4]",0.95,23.0,strong,315
BANKINDIA.NS,Bank of India,Banks - Regional,Financial Services,Financial Services,True,F&O,1,Stage 4,Stage 4,Stage 4 - Confirmed Downtrend,0.86,Price is below a bearish moving-average stack with falling trend signals.,,,2026-08-27,,-4.16,-5.02,689969966.84,1.02,0.61,0.96,False,False,"Stage 4, Stage 4 - Confirmed Downtrend, weekly_vcp_ok, weekly_strong, downtrend",weekly_watchlist,36.9,37.9,151.0,-12.48,"[24.58, 11.56, 11.25]","[5, 4, 3]",0.95,19.0,strong,316
JSWHL.NS,JSW Holdings Limited,Conglomerates,Industrials,Industrials,False,Cash,1,Stage 4,Stage 4,Stage 4 - Confirmed Downtrend,0.86,Price is below a bearish moving-average stack with falling trend signals.,,,,,4.62,-11.79,84023844.35,1.21,0.35,2.16,False,False,"Stage 4, Stage 4 - Confirmed Downtrend, weekly_vcp_ok, weekly_strong, downtrend",weekly_watchlist,36.9,37.9,13523.62,-16.35,"[50.64, 22.0, 11.65]","[17, 7, 2]",0.95,41.0,strong,317
THOMASCOOK.NS,Thomas Cook  (India)  Limited,Consumer Cyclical,Consumer Cyclical,Consumer Cyclical,False,Cash,1,Stage 4,Stage 4,Stage 4 - Weak/Declining,0.72,Price is below long-term support with weak trend evidence.,,,,,3.9,-4.13,51232652.09,0.24,0.25,0.29,True,True,"Stage 4, Stage 4 - Weak/Declining, weekly_vcp_ok, volume_dryup, weekly_volume_dryup, weekly_strong, downtrend",weekly_watchlist,36.9,37.9,120.53,-16.13,"[42.62, 21.25, 17.03]","[11, 4, 5]",0.95,29.0,strong,318
NESCO.NS,Nesco Limited,Conglomerates,Industrials,Industrials,False,Cash,1,Stage 4,Stage 4,Stage 4 - Weak/Declining,0.72,Price is below long-term support with weak trend evidence.,,,2026-05-25,,-0.45,-6.31,59138508.26,1.19,0.67,1.24,False,False,"Stage 4, Stage 4 - Weak/Declining, weekly_vcp_ok, weekly_strong, downtrend",weekly_watchlist,36.9,37.9,1317.73,-21.3,"[20.0, 19.4, 14.63]","[7, 5, 3]",0.95,24.0,strong,319
SUNTECK.NS,Sunteck Realty Limited,Real Estate,Real Estate,Real Estate,False,Cash,1,Stage 4,Stage 4,Stage 4 - Confirmed Downtrend,0.86,Price is below a bearish moving-average stack with falling trend signals.,,,,,-7.32,-10.33,32691630.47,0.81,0.42,0.95,True,False,"Stage 4, Stage 4 - Confirmed Downtrend, weekly_vcp_ok, volume_dryup, weekly_strong, downtrend",weekly_watchlist,36.9,37.9,381.03,-26.62,"[35.8, 28.74, 15.67]","[7, 7, 2]",0.95,23.0,strong,320
GODREJPROP.NS,Godrej Properties Limited,Real Estate,Real Estate,Real Estate,True,F&O,1,Stage 4,Stage 4,Stage 4 - Weak/Declining,0.72,Price is below long-term support with weak trend evidence.,,,2026-08-28,,-15.67,-4.91,1065683154.63,0.74,0.58,0.85,True,True,"Stage 4, Stage 4 - Weak/Declining, weekly_vcp_ok, volume_dryup, weekly_volume_dryup, weekly_strong, downtrend",weekly_watchlist,36.9,37.9,2183.82,-26.28,"[31.85, 24.3, 17.51]","[3, 6, 5]",0.95,22.0,strong,321
VSTTILLERS.NS,V.S.T Tillers Tractors Limited,Farm & Heavy Construction Machinery,Industrials,Industrials,False,Cash,1,Stage 4,Stage 4,Stage 4 - Weak/Declining,0.72,Price is below long-term support with weak trend evidence.,,,,,0.31,-12.79,50140097.94,1.3,1.3,1.45,False,False,"Stage 4, Stage 4 - Weak/Declining, weekly_vcp_ok, weekly_strong, downtrend",weekly_watchlist,36.9,37.9,5415.72,-18.27,"[25.82, 21.42, 15.59]","[6, 9, 5]",0.95,30.0,strong,322
MARATHON.NS,Marathon Nextgen Realty Limited,Real Estate,Real Estate,Real Estate,False,Cash,1,Stage 4,Stage 4,Stage 4 - Weak/Declining,0.72,Price is below long-term support with weak trend evidence.,,,,,-0.7,-15.49,28709442.96,0.25,0.48,0.32,True,True,"Stage 4, Stage 4 - Weak/Declining, weekly_vcp_ok, volume_dryup, weekly_volume_dryup, weekly_strong, downtrend",weekly_watchlist,36.9,37.9,527.65,-29.01,"[30.11, 27.08, 21.16]","[8, 5, 7]",0.95,28.0,strong,323
RSYSTEMS.NS,R Systems International Limited,Information Technology Services,Technology,Technology,False,Cash,1,Not Sure,Stage 4,Pending Stage 4,0.55,Blocked public stage jump Stage 1 -> Stage 4; waiting for intermediate/confirmed structure.,Blocked public stage jump Stage 1 -> Stage 4; waiting for intermediate/confirmed structure.,,,Stage 4,12.21,-2.09,2099342267.6,4.69,0.15,1.33,False,False,"Stage 4, Stage 4 - Weak/Declining, weekly_vcp_ok, weekly_strong, downtrend | Blocked public stage jump Stage 1 -> Stage 4; waiting for intermediate/confirmed structure.",weekly_watchlist,36.81,37.81,275.78,-10.69,"[32.16, 28.8]","[3, 13]",0.9,17.0,strong,324
BLISSGVS.NS,Bliss GVS Pharma Limited,Drug Manufacturers - Specialty & Generic,Healthcare,Healthcare,False,Cash,1,Stage 2,Stage 2,Extended Stage 2,0.78,"Advancing structure remains intact, but price is stretched versus key moving averages or far above the 52-week low.",,,2026-10-05,,33.69,162.57,267799624.51,1.31,0.44,0.63,False,True,"Stage 2, Extended Stage 2, trend_template_ok, weekly_volume_dryup",weekly_watchlist,32.8,37.8,729.27,-7.24,[19.73],[4],0.0,4.0,weak,325
AZAD.NS,Azad Engineering Limited,Specialty Industrial Machinery,Industrials,Industrials,False,Cash,1,Stage 2,Stage 2,Extended Stage 2,0.78,"Advancing structure remains intact, but price is stretched versus key moving averages or far above the 52-week low.",,,2026-10-05,,28.15,76.73,2800604650.13,2.16,1.78,2.58,False,False,"Stage 2, Extended Stage 2, trend_template_ok",weekly_watchlist,32.8,37.8,2986.6,2.54,[14.45],[4],0.0,4.0,weak,326
VENUSPIPES.NS,Venus Pipes & Tubes Limited,Steel,Basic Materials,Basic Materials,False,Cash,1,Stage 2,Stage 2,Extended Stage 2,0.78,"Advancing structure remains intact, but price is stretched versus key moving averages or far above the 52-week low.",,,2026-10-05,,28.9,88.21,721354215.9,0.7,0.29,0.64,True,True,"Stage 2, Extended Stage 2, trend_template_ok, volume_dryup, weekly_volume_dryup",weekly_watchlist,35.2,37.7,2352.01,-4.75,[18.55],[6],0.0,6.0,weak,327
KDDL.NS,KDDL Limited,Luxury Goods,Consumer Cyclical,Consumer Cyclical,False,Cash,1,Stage 2,Stage 2,Clean Stage 2,0.9,"Price is above rising key averages, weekly structure is supportive, and the stock is near its 52-week high.",,,2026-10-05,,30.42,76.27,143186406.81,0.87,0.48,0.47,False,True,"Stage 2, Clean Stage 2, trend_template_ok, weekly_volume_dryup",weekly_watchlist,35.2,37.7,4277.47,-6.49,[10.01],[6],0.0,6.0,weak,328
AWL.NS,AWL Agri Business Limited,Packaged Foods,Consumer Defensive,Consumer Defensive,False,Cash,1,Stage 4,Stage 4,Stage 4 - Weak/Declining,0.72,Price is below long-term support with weak trend evidence.,,,,,2.49,4.83,357028298.06,0.9,1.87,0.61,False,True,"Stage 4, Stage 4 - Weak/Declining, weekly_vcp_ok, weekly_volume_dryup, weekly_strong, downtrend",weekly_watchlist,36.53,37.53,215.26,-13.63,"[39.49, 9.31]","[17, 2]",0.9,32.0,strong,329
HEROMOTOCO.NS,Hero MotoCorp Limited,Auto Manufacturers,Consumer Cyclical,Consumer Cyclical,True,F&O,1,Stage 4,Stage 4,Stage 4 - Weak/Declining,0.72,Price is below long-term support with weak trend evidence.,,,2026-09-08,,9.76,-4.96,2588440624.82,0.87,0.7,1.18,False,False,"Stage 4, Stage 4 - Weak/Declining, weekly_vcp_ok, weekly_strong, downtrend",weekly_watchlist,36.28,37.28,5947.39,-14.67,"[16.03, 14.42]","[5, 8]",0.9,18.0,strong,330
NITINSPIN.NS,Nitin Spinners Limited,Textile Manufacturing,Consumer Cyclical,Consumer Cyclical,False,Cash,1,Stage 2,Stage 2,Clean Stage 2,0.9,"Price is above rising key averages, weekly structure is supportive, and the stock is near its 52-week high.",,,2026-10-05,,17.4,57.18,65201676.43,0.3,0.49,0.39,True,True,"Stage 2, Clean Stage 2, trend_template_ok, volume_dryup, weekly_volume_dryup",weekly_watchlist,32.26,37.26,666.16,-7.48,[10.69],[4],0.0,4.0,weak,331
MAHLIFE.NS,Mahindra Lifespace Developers Limited,Real Estate,Real Estate,Real Estate,False,Cash,1,Stage 4,Stage 4,Stage 4 - Weak/Declining,0.72,Price is below long-term support with weak trend evidence.,,,2026-08-31,,0.34,3.98,35814192.48,0.94,1.12,0.93,False,False,"Stage 4, Stage 4 - Weak/Declining, weekly_vcp_ok, weekly_strong, downtrend",weekly_watchlist,36.23,37.23,408.71,-13.83,"[28.12, 16.91]","[8, 8]",0.9,32.0,strong,332
HEXT.NS,Hexaware Technologies Limited,Information Technology Services,Technology,Technology,False,Cash,1,Stage 4,Stage 4,Stage 4 - Weak/Declining,0.72,Price is below long-term support with weak trend evidence.,,,,,-4.45,8.53,77547661.87,0.35,0.39,0.24,True,True,"Stage 4, Stage 4 - Weak/Declining, weekly_vcp_ok, volume_dryup, weekly_volume_dryup, weekly_strong, downtrend",weekly_watchlist,36.21,37.21,623.89,-19.81,"[50.45, 14.57]","[14, 2]",0.9,28.0,strong,333
VIJAYA.NS,Vijaya Diagnostic Centre Limited,Diagnostics & Research,Healthcare,Healthcare,False,Cash,1,Stage 2,Stage 2,Messy Stage 2,0.64,"Long-term structure is still constructive, but the short-term/weekly structure is not clean.",,,2026-10-05,,11.23,50.43,219934927.98,0.71,0.96,0.73,True,True,"Stage 2, Messy Stage 2, trend_template_ok, volume_dryup, weekly_volume_dryup",weekly_watchlist,32.17,37.17,1593.6,-7.96,[12.15],[5],0.0,5.0,weak,334
TARC.NS,TARC Limited,Real Estate,Real Estate,Real Estate,False,Cash,1,Stage 4,Stage 4,Stage 4 - Weak/Declining,0.72,Price is below long-term support with weak trend evidence.,,,,,4.49,-0.95,57590011.93,0.48,0.35,0.47,True,True,"Stage 4, Stage 4 - Weak/Declining, weekly_vcp_ok, volume_dryup, weekly_volume_dryup, weekly_strong, downtrend",weekly_watchlist,36.15,37.15,142.8,-13.1,"[41.44, 16.59]","[12, 7]",0.9,28.0,strong,335
BDL.NS,Bharat Dynamics Limited,Aerospace & Defense,Industrials,Industrials,True,F&O,1,Stage 4,Stage 4,Stage 4 - Confirmed Downtrend,0.86,Price is below a bearish moving-average stack with falling trend signals.,,,,,-12.27,-17.27,1177234132.57,0.74,0.69,0.69,True,True,"Stage 4, Stage 4 - Confirmed Downtrend, weekly_vcp_ok, volume_dryup, weekly_volume_dryup, weekly_strong, downtrend",weekly_watchlist,32.13,37.13,1483.3,-25.72,"[22.7, 23.84, 22.01, 15.24]","[3, 3, 5, 4]",0.73,25.0,strong,336
NSIL.NS,Nalwa Sons Investments Limited,Asset Management,Financial Services,Financial Services,False,Cash,1,Stage 4,Stage 4,Stage 4 - Weak/Declining,0.72,Price is below long-term support with weak trend evidence.,,,,,4.43,-2.58,10201628.95,1.08,0.82,0.77,False,True,"Stage 4, Stage 4 - Weak/Declining, weekly_vcp_ok, weekly_volume_dryup, weekly_strong, downtrend",weekly_watchlist,37.09,37.09,6060.59,-12.59,"[27.24, 11.72, 10.12]","[7, 2, 2]",0.95,21.0,strong,337
PICCADIL.NS,Piccadily Agro Industries Limited,Consumer Defensive,Consumer Defensive,Consumer Defensive,False,Cash,1,Stage 4,Stage 4,Stage 4,0.66,Declining structure detected.,,,,,-3.72,5.25,75328066.48,0.43,0.43,0.35,True,True,"Stage 4, Stage 4, weekly_vcp_ok, volume_dryup, weekly_volume_dryup, weekly_strong, downtrend",weekly_watchlist,37.05,37.05,809.77,-26.62,"[25.43, 20.62, 19.92]","[5, 13, 9]",0.95,34.0,strong,338
LTTS.NS,L&T Technology Services Limited,Information Technology Services,Technology,Technology,False,Cash,1,Stage 4,Stage 4,Stage 4 - Weak/Declining,0.72,Price is below long-term support with weak trend evidence.,,,,,3.65,-1.35,172653970.03,0.71,0.56,0.77,True,True,"Stage 4, Stage 4 - Weak/Declining, weekly_vcp_ok, volume_dryup, weekly_volume_dryup, weekly_strong, downtrend",weekly_watchlist,36.03,37.03,3811.65,-14.84,"[36.31, 20.37]","[14, 8]",0.9,30.0,strong,339
ORCHPHARMA.NS,Orchid Pharma Limited,Drug Manufacturers - Specialty & Generic,Healthcare,Healthcare,False,Cash,1,Stage 2,Stage 2,Stage 2,0.76,Advancing structure detected.,,,2026-10-05,,4.04,84.98,134172138.39,0.87,0.63,0.6,False,True,"Stage 2, Stage 2, weekly_volume_dryup",weekly_watchlist,32.0,37.0,1143.5,-11.98,[15.57],[10],0.0,10.0,weak,340
SONATSOFTW.NS,Sonata Software Limited,Information Technology Services,Technology,Technology,False,Cash,1,Stage 4,Stage 4,Stage 4 - Weak/Declining,0.72,Price is below long-term support with weak trend evidence.,,,,,-5.49,6.75,306572073.5,0.5,0.46,0.43,True,True,"Stage 4, Stage 4 - Weak/Declining, weekly_vcp_ok, volume_dryup, weekly_volume_dryup, weekly_strong, downtrend",weekly_watchlist,35.93,36.93,358.75,-29.74,"[44.45, 18.35]","[12, 5]",0.9,22.0,strong,341
VOLTAS.NS,Voltas Limited,"Furnishings, Fixtures & Appliances",Consumer Cyclical,Consumer Cyclical,True,F&O,1,Stage 4,Stage 4,Stage 4 - Confirmed Downtrend,0.86,Price is below a bearish moving-average stack with falling trend signals.,,,,,-11.24,-17.74,841224987.46,1.17,3.79,1.56,False,False,"Stage 4, Stage 4 - Confirmed Downtrend, weekly_vcp_ok, weekly_strong, downtrend",weekly_watchlist,36.9,36.9,1411.9,-24.36,"[25.0, 22.06, 11.68]","[5, 3, 2]",0.95,19.0,strong,342
BLS.NS,BLS International Services Limited,Industrials,Industrials,Industrials,False,Cash,1,Stage 4,Stage 4,Stage 4 - Confirmed Downtrend,0.86,Price is below a bearish moving-average stack with falling trend signals.,,,,,0.31,-21.36,162196216.42,0.33,0.41,0.36,True,True,"Stage 4, Stage 4 - Confirmed Downtrend, weekly_vcp_ok, volume_dryup, weekly_volume_dryup, weekly_strong, downtrend",weekly_watchlist,36.9,36.9,308.86,-27.49,"[35.77, 21.12, 18.15]","[19, 5, 4]",0.95,36.0,strong,343
DOMS.NS,DOMS Industries Limited,Industrials,Industrials,Industrials,False,Cash,1,Stage 4,Stage 4,Stage 4 - Confirmed Downtrend,0.86,Price is below a bearish moving-average stack with falling trend signals.,,,,,-2.99,-11.73,68111859.24,0.64,0.33,0.76,True,True,"Stage 4, Stage 4 - Confirmed Downtrend, weekly_vcp_ok, volume_dryup, weekly_volume_dryup, weekly_strong, downtrend",weekly_watchlist,36.9,36.9,2430.97,-14.72,"[26.54, 15.33, 9.49]","[5, 8, 4]",0.95,26.0,strong,344
JIOFIN.NS,Jio Financial Services Limited,Asset Management,Financial Services,Financial Services,True,F&O,1,Stage 4,Stage 4,Stage 4 - Confirmed Downtrend,0.86,Price is below a bearish moving-average stack with falling trend signals.,,,,,-5.1,-7.27,2698078687.62,0.94,1.45,1.06,False,False,"Stage 4, Stage 4 - Confirmed Downtrend, weekly_vcp_ok, weekly_strong, downtrend",weekly_watchlist,36.9,36.9,268.04,-18.71,"[27.03, 11.67, 7.23]","[12, 6, 3]",0.95,26.0,strong,345
HDFCLIFE.NS,HDFC Life Insurance Company Limited,Insurance - Life,Financial Services,Financial Services,True,F&O,1,Stage 4,Stage 4,Stage 4 - Weak/Declining,0.72,Price is below long-term support with weak trend evidence.,,,,,3.2,-8.81,2769046083.03,1.42,2.01,1.5,False,False,"Stage 4, Stage 4 - Weak/Declining, weekly_vcp_ok, weekly_strong, downtrend",weekly_watchlist,36.9,36.9,649.57,-16.26,"[25.56, 16.56, 15.92]","[5, 8, 11]",0.95,28.0,strong,346
MAXHEALTH.NS,Max Healthcare Institute Limited,Medical Care Facilities,Healthcare,Healthcare,True,F&O,1,Stage 2 Failed,Stage 4,Failed Stage 2,0.72,"This stock was recently Stage 2, but the latest structure no longer satisfies Stage 2 rules. It is kept as Stage 2 Failed until a fresh base/repair structure forms.",Recent Stage 2 break; public stage held as Stage 2 Failed.,2026-10-06,2026-09-24,,-13.92,-4.16,2708601291.24,1.62,1.02,2.31,False,False,"Stage 4, Stage 4 - Confirmed Downtrend, weekly_vcp_ok, weekly_strong, downtrend | Stage 2 failed state applied from stage memory.",weekly_watchlist,36.9,36.9,1169.94,-22.86,"[21.22, 18.84, 17.21]","[10, 6, 2]",0.95,27.0,strong,347
COROMANDEL.NS,Coromandel International Limited,Agricultural Inputs,Basic Materials,Basic Materials,False,Cash,1,Stage 4,Stage 4,Stage 4 - Weak/Declining,0.72,Price is below long-term support with weak trend evidence.,,,,,-6.5,-16.09,302545834.49,1.59,0.88,2.28,False,False,"Stage 4, Stage 4 - Weak/Declining, weekly_vcp_ok, weekly_strong, downtrend",weekly_watchlist,36.9,36.9,2199.6,-18.7,"[24.21, 22.36, 11.26]","[5, 9, 4]",0.95,28.0,strong,348
RAILTEL.NS,Railtel Corporation Of India Limited,Telecom Services,Communication Services,Communication Services,False,Cash,1,Stage 4,Stage 4,Stage 4 - Confirmed Downtrend,0.86,Price is below a bearish moving-average stack with falling trend signals.,,,,,-11.21,-8.16,212161161.35,1.21,0.75,1.89,False,False,"Stage 4, Stage 4 - Confirmed Downtrend, weekly_vcp_ok, weekly_strong, downtrend",weekly_watchlist,36.9,36.9,352.97,-27.0,"[31.44, 21.08, 16.67]","[7, 14, 4]",0.95,31.0,strong,349
POLICYBZR.NS,PB Fintech Limited,Financial Services,Financial Services,Financial Services,True,F&O,1,Stage 2 Failed,Stage 4,Failed Stage 2,0.72,"This stock was recently Stage 2, but the latest structure no longer satisfies Stage 2 rules. It is kept as Stage 2 Failed until a fresh base/repair structure forms.",Recent Stage 2 break; public stage held as Stage 2 Failed.,2026-10-06,2026-09-23,,-29.89,-27.94,9502144214.01,3.73,1.46,2.52,False,False,"Stage 4, Stage 4 - Weak/Declining, weekly_vcp_ok, weekly_strong, downtrend | Stage 2 failed state applied from stage memory.",weekly_watchlist,36.9,36.9,1848.73,-44.02,"[30.56, 19.9, 12.22]","[13, 3, 4]",0.95,32.0,strong,350
UPL.NS,UPL Limited,Agricultural Inputs,Basic Materials,Basic Materials,True,F&O,1,Stage 4,Stage 4,Stage 4 - Confirmed Downtrend,0.86,Price is below a bearish moving-average stack with falling trend signals.,,,,,-8.87,-19.24,1191886988.82,1.1,0.52,1.16,False,False,"Stage 4, Stage 4 - Confirmed Downtrend, weekly_vcp_ok, weekly_strong, downtrend",weekly_watchlist,36.9,36.9,677.24,-24.76,"[26.78, 16.16, 10.74]","[6, 11, 5]",0.95,26.0,strong,351
NEWGEN.NS,Newgen Software Technologies Limited,Software - Infrastructure,Technology,Technology,False,Cash,1,Stage 4,Stage 4,Stage 4 - Weak/Declining,0.72,Price is below long-term support with weak trend evidence.,,,,,-6.1,4.56,292210781.73,0.55,0.41,0.33,True,True,"Stage 4, Stage 4 - Weak/Declining, weekly_vcp_ok, volume_dryup, weekly_volume_dryup, weekly_strong, downtrend",weekly_watchlist,36.9,36.9,601.33,-24.07,"[37.09, 18.93, 14.27]","[6, 4, 5]",0.95,20.0,strong,352
SJVN.NS,SJVN Limited,Utilities - Renewable,Utilities,Utilities,False,Cash,1,Stage 4,Stage 4,Stage 4 - Confirmed Downtrend,0.86,Price is below a bearish moving-average stack with falling trend signals.,,,,,-14.15,-19.75,166528570.97,1.41,0.74,1.05,False,False,"Stage 4, Stage 4 - Confirmed Downtrend, weekly_vcp_ok, weekly_strong, downtrend",weekly_watchlist,36.9,36.9,82.7,-30.77,"[23.28, 21.47, 19.51]","[4, 7, 12]",0.95,28.0,strong,353
GREENPANEL.NS,Greenpanel Industries Limited,Basic Materials,Basic Materials,Basic Materials,False,Cash,1,Stage 4,Stage 4,Stage 4 - Confirmed Downtrend,0.86,Price is below a bearish moving-average stack with falling trend signals.,,,,,-11.17,-22.45,66758723.36,0.88,0.69,0.95,False,False,"Stage 4, Stage 4 - Confirmed Downtrend, weekly_vcp_ok, weekly_strong, downtrend",weekly_watchlist,36.9,36.9,240.2,-33.42,"[34.8, 25.87, 27.11]","[9, 2, 14]",0.95,33.0,strong,354
NCC.NS,NCC Limited,Engineering & Construction,Industrials,Industrials,False,Cash,1,Stage 4,Stage 4,Stage 4 - Confirmed Downtrend,0.86,Price is below a bearish moving-average stack with falling trend signals.,,,,,-5.87,-13.27,439868775.19,1.67,0.38,0.84,False,True,"Stage 4, Stage 4 - Confirmed Downtrend, weekly_vcp_ok, weekly_volume_dryup, weekly_strong, downtrend",weekly_watchlist,36.9,36.9,169.45,-24.19,"[19.74, 17.77, 16.75]","[7, 5, 4]",0.95,23.0,strong,355
AADHARHFC.NS,Aadhar Housing Finance Limited,Mortgage Finance,Financial Services,Financial Services,False,Cash,1,Stage 4,Stage 4,Stage 4 - Weak/Declining,0.72,Price is below long-term support with weak trend evidence.,,,2026-08-13,,-10.0,-4.35,165729945.62,0.93,0.79,1.09,False,False,"Stage 4, Stage 4 - Weak/Declining, weekly_vcp_ok, weekly_strong, downtrend",weekly_watchlist,36.9,36.9,563.99,-19.54,"[13.1, 13.45, 14.0]","[4, 3, 5]",0.95,18.0,strong,356
MAHSCOOTER.NS,Maharashtra Scooters Limited,Asset Management,Financial Services,Financial Services,False,Cash,1,Stage 2 Failed,Stage 4,Failed Stage 2,0.72,"This stock was recently Stage 2, but the latest structure no longer satisfies Stage 2 rules. It is kept as Stage 2 Failed until a fresh base/repair structure forms.",Recent Stage 2 break; public stage held as Stage 2 Failed.,2026-10-06,2026-09-24,,1.3,-2.52,69259782.96,1.39,1.02,2.27,False,False,"Stage 4, Stage 4 - Weak/Declining, weekly_vcp_ok, weekly_strong, downtrend | Stage 2 failed state applied from stage memory.",weekly_watchlist,36.9,36.9,13960.39,-11.79,"[22.9, 16.67, 9.25]","[7, 6, 9]",0.95,24.0,strong,357
JWL.NS,Jupiter Wagons Limited,Industrials,Industrials,Industrials,False,Cash,1,Stage 4,Stage 4,Stage 4 - Confirmed Downtrend,0.86,Price is below a bearish moving-average stack with falling trend signals.,,,,,-7.89,-13.38,442032593.64,2.22,0.52,4.06,False,False,"Stage 4, Stage 4 - Confirmed Downtrend, weekly_vcp_ok, weekly_strong, downtrend",weekly_watchlist,36.9,36.9,309.14,-27.33,"[31.28, 26.09, 21.65]","[10, 3, 11]",0.95,30.0,strong,358
HDFCAMC.NS,HDFC Asset Management Company Limited,Asset Management,Financial Services,Financial Services,True,F&O,1,Stage 4,Stage 4,Stage 4 - Confirmed Downtrend,0.86,Price is below a bearish moving-average stack with falling trend signals.,,,2026-07-15,,-10.17,-4.75,1511101745.0,1.06,1.23,1.19,False,False,"Stage 4, Stage 4 - Confirmed Downtrend, weekly_vcp_ok, weekly_strong, downtrend",weekly_watchlist,36.9,36.9,2838.4,-17.12,"[23.98, 15.3, 13.03]","[6, 5, 2]",0.95,22.0,strong,359
BLUEDART.NS,Blue Dart Express Limited,Industrials,Industrials,Industrials,False,Cash,1,Stage 4,Stage 4,Stage 4 - Confirmed Downtrend,0.86,Price is below a bearish moving-average stack with falling trend signals.,,,,,-0.1,-8.72,61331668.56,0.73,0.52,1.24,True,False,"Stage 4, Stage 4 - Confirmed Downtrend, weekly_vcp_ok, volume_dryup, weekly_strong, downtrend",weekly_watchlist,36.9,36.9,5775.5,-21.0,"[21.02, 19.86, 7.15]","[7, 5, 4]",0.95,23.0,strong,360
GRINFRA.NS,G R Infraprojects Limited,Engineering & Construction,Industrials,Industrials,False,Cash,1,Stage 4,Stage 4,Stage 4 - Confirmed Downtrend,0.86,Price is below a bearish moving-average stack with falling trend signals.,,,,,-3.95,-2.38,23952321.6,0.67,0.72,0.5,True,True,"Stage 4, Stage 4 - Confirmed Downtrend, weekly_vcp_ok, volume_dryup, weekly_volume_dryup, weekly_strong, downtrend",weekly_watchlist,36.9,36.9,1006.36,-19.01,"[24.1, 17.36, 12.88]","[7, 4, 7]",0.95,26.0,strong,361
DELHIVERY.NS,Delhivery Limited,Industrials,Industrials,Industrials,True,F&O,1,Stage 4,Stage 4,Stage 4 - Weak/Declining,0.72,Price is below long-term support with weak trend evidence.,,,2026-09-04,,-17.05,-11.59,1128747303.25,1.15,0.88,0.81,False,True,"Stage 4, Stage 4 - Weak/Declining, weekly_vcp_ok, weekly_volume_dryup, weekly_strong, downtrend",weekly_watchlist,36.9,36.9,524.92,-22.37,"[23.58, 14.46, 12.18]","[11, 6, 5]",0.95,31.0,strong,362
JKIL.NS,J.Kumar Infraprojects Limited,Engineering & Construction,Industrials,Industrials,False,Cash,1,Stage 4,Stage 4,Stage 4 - Confirmed Downtrend,0.86,Price is below a bearish moving-average stack with falling trend signals.,,,,,-5.26,-3.09,23085324.21,0.83,1.06,0.97,True,False,"Stage 4, Stage 4 - Confirmed Downtrend, weekly_vcp_ok, volume_dryup, weekly_strong, downtrend",weekly_watchlist,36.9,36.9,545.24,-17.78,"[29.32, 17.2, 8.62]","[7, 7, 4]",0.95,25.0,strong,363
ACC.NS,ACC Limited,Building Materials,Basic Materials,Basic Materials,False,Cash,1,Stage 4,Stage 4,Stage 4 - Confirmed Downtrend,0.86,Price is below a bearish moving-average stack with falling trend signals.,,,,,-8.96,-16.07,170635414.49,1.01,0.47,1.45,False,False,"Stage 4, Stage 4 - Confirmed Downtrend, weekly_vcp_ok, weekly_strong, downtrend",weekly_watchlist,36.9,36.9,1453.74,-19.04,"[37.01, 11.14, 6.62]","[18, 6, 2]",0.95,34.0,strong,364
INDOSTAR.NS,IndoStar Capital Finance Limited,Credit Services,Financial Services,Financial Services,False,Cash,1,Stage 2 Failed,Stage 4,Failed Stage 2,0.72,"This stock was recently Stage 2, but the latest structure no longer satisfies Stage 2 rules. It is kept as Stage 2 Failed until a fresh base/repair structure forms.",Recent Stage 2 break; public stage held as Stage 2 Failed.,2026-10-06,2026-09-21,,-18.57,-12.03,18497452.79,0.56,1.3,0.73,True,True,"Stage 4, Stage 4 - Weak/Declining, weekly_vcp_ok, volume_dryup, weekly_volume_dryup, weekly_strong, downtrend | Stage 2 failed state applied from stage memory.",weekly_watchlist,36.9,36.9,292.51,-31.78,"[30.61, 27.08, 18.48]","[9, 6, 6]",0.95,24.0,strong,365
FINPIPE.NS,Finolex Industries Limited,Building Products & Equipment,Industrials,Industrials,False,Cash,1,Stage 4,Stage 4,Stage 4 - Confirmed Downtrend,0.86,Price is below a bearish moving-average stack with falling trend signals.,,,,,-2.43,-3.57,48388111.16,0.78,1.35,0.66,True,True,"Stage 4, Stage 4 - Confirmed Downtrend, weekly_vcp_ok, volume_dryup, weekly_volume_dryup, weekly_strong, downtrend",weekly_watchlist,36.9,36.9,197.24,-21.56,"[25.41, 15.33, 12.39]","[7, 4, 6]",0.95,31.0,strong,366
BLUESTARCO.NS,Blue Star Limited,Building Products & Equipment,Industrials,Industrials,True,F&O,1,Stage 4,Stage 4,Stage 4 - Weak/Declining,0.72,Price is below long-term support with weak trend evidence.,,,,,-0.35,-7.88,990260813.41,1.03,1.53,0.96,False,False,"Stage 4, Stage 4 - Weak/Declining, weekly_vcp_ok, weekly_strong, downtrend",weekly_watchlist,36.9,36.9,1922.85,-18.27,"[28.56, 21.82, 18.37]","[6, 5, 8]",0.95,29.0,strong,367
SAMMAANCAP.NS,Sammaan Capital Limited,Mortgage Finance,Financial Services,Financial Services,True,F&O,1,Stage 4,Stage 4,Stage 4 - Weak/Declining,0.72,Price is below long-term support with weak trend evidence.,,,2026-08-13,,-14.63,-11.9,544714783.75,0.63,0.54,0.69,True,True,"Stage 4, Stage 4 - Weak/Declining, weekly_vcp_ok, volume_dryup, weekly_volume_dryup, weekly_strong, downtrend",weekly_watchlist,36.9,36.9,192.68,-30.25,"[29.7, 20.37, 14.61]","[12, 4, 5]",0.95,28.0,strong,368
SHARDACROP.NS,Sharda Cropchem Limited,Agricultural Inputs,Basic Materials,Basic Materials,False,Cash,1,Stage 4,Stage 4,Stage 4 - Confirmed Downtrend,0.86,Price is below a bearish moving-average stack with falling trend signals.,,,,,-11.35,-26.61,76810008.59,0.61,0.74,0.62,True,True,"Stage 4, Stage 4 - Confirmed Downtrend, weekly_vcp_ok, volume_dryup, weekly_volume_dryup, weekly_strong, downtrend",weekly_watchlist,36.9,36.9,1227.39,-39.57,"[35.47, 30.58, 18.31]","[7, 4, 5]",0.95,27.0,strong,369
EUREKAFORB.NS,Eureka Forbes Limited,"Furnishings, Fixtures & Appliances",Consumer Cyclical,Consumer Cyclical,False,Cash,1,Stage 4,Stage 4,Stage 4 - Confirmed Downtrend,0.86,Price is below a bearish moving-average stack with falling trend signals.,,,,,-17.15,-28.38,73001013.94,1.29,0.74,1.18,False,False,"Stage 4, Stage 4 - Confirmed Downtrend, weekly_vcp_ok, weekly_strong, downtrend",weekly_watchlist,36.9,36.9,542.7,-34.81,"[39.67, 21.37, 12.24]","[15, 4, 3]",0.95,34.0,strong,370
IMFA.NS,Indian Metals & Ferro Alloys Limited,Basic Materials,Basic Materials,Basic Materials,False,Cash,1,Stage 4,Stage 4,Stage 4 - Weak/Declining,0.72,Price is below long-term support with weak trend evidence.,,,2026-08-24,,-5.97,-13.63,101229258.54,0.54,0.87,0.64,True,True,"Stage 4, Stage 4 - Weak/Declining, weekly_vcp_ok, volume_dryup, weekly_volume_dryup, weekly_strong, downtrend",weekly_watchlist,36.9,36.9,1673.71,-28.86,"[29.56, 22.37, 20.61]","[3, 6, 4]",0.95,25.0,strong,371
JKLAKSHMI.NS,JK Lakshmi Cement Limited,Building Materials,Basic Materials,Basic Materials,False,Cash,1,Stage 4,Stage 4,Stage 4 - Confirmed Downtrend,0.86,Price is below a bearish moving-average stack with falling trend signals.,,,,,-9.15,-21.31,58812866.77,0.72,0.82,0.73,True,True,"Stage 4, Stage 4 - Confirmed Downtrend, weekly_vcp_ok, volume_dryup, weekly_volume_dryup, weekly_strong, downtrend",weekly_watchlist,36.9,36.9,678.27,-29.46,"[32.18, 15.63, 8.88]","[11, 3, 3]",0.95,26.0,strong,372
TRANSRAILL.NS,Transrail Lighting Limited,Engineering & Construction,Industrials,Industrials,False,Cash,1,Stage 4,Stage 4,Stage 4 - Weak/Declining,0.72,Price is below long-term support with weak trend evidence.,,,,,0.61,-9.56,1224013753.35,1.96,1.15,1.82,False,False,"Stage 4, Stage 4 - Weak/Declining, weekly_vcp_ok, weekly_strong, downtrend",weekly_watchlist,36.9,36.9,618.8,-22.04,"[24.56, 25.45, 20.7]","[6, 6, 6]",0.95,30.0,strong,373
TCI.NS,Transport Corporation of India Limited,Industrials,Industrials,Industrials,False,Cash,1,Stage 4,Stage 4,Stage 4 - Weak/Declining,0.72,Price is below long-term support with weak trend evidence.,,,,,0.53,-11.37,308413645.09,4.26,0.17,0.93,False,False,"Stage 4, Stage 4 - Weak/Declining, weekly_vcp_ok, weekly_strong, downtrend",weekly_watchlist,36.9,36.9,979.86,-9.37,"[21.95, 19.68, 7.89]","[6, 7, 6]",0.95,23.0,strong,374
DODLA.NS,Dodla Dairy Limited,Consumer Defensive,Consumer Defensive,Consumer Defensive,False,Cash,1,Stage 4,Stage 4,Stage 4 - Confirmed Downtrend,0.86,Price is below a bearish moving-average stack with falling trend signals.,,,,,-4.34,-2.88,23684447.47,0.79,0.29,0.86,True,True,"Stage 4, Stage 4 - Confirmed Downtrend, weekly_vcp_ok, volume_dryup, weekly_volume_dryup, weekly_strong, downtrend",weekly_watchlist,36.9,36.9,1174.49,-13.16,"[23.47, 15.07, 13.23]","[5, 2, 3]",0.95,24.0,strong,375
INDRAMEDCO.NS,Indraprastha Medical Corporation Limited,Medical Care Facilities,Healthcare,Healthcare,False,Cash,1,Stage 4,Stage 4,Stage 4 - Confirmed Downtrend,0.86,Price is below a bearish moving-average stack with falling trend signals.,,,,,-6.11,-21.96,77594718.09,0.75,1.03,0.79,True,True,"Stage 4, Stage 4 - Confirmed Downtrend, weekly_vcp_ok, volume_dryup, weekly_volume_dryup, weekly_strong, downtrend",weekly_watchlist,36.9,36.9,439.12,-23.68,"[46.63, 16.86, 12.83]","[12, 6, 5]",0.95,38.0,strong,376
HEIDELBERG.NS,HeidelbergCement India Limited,Building Materials,Basic Materials,Basic Materials,False,Cash,1,Stage 4,Stage 4,Stage 4 - Confirmed Downtrend,0.86,Price is below a bearish moving-average stack with falling trend signals.,,,,,-10.52,-10.86,26817900.13,1.07,1.42,0.82,False,True,"Stage 4, Stage 4 - Confirmed Downtrend, weekly_vcp_ok, weekly_volume_dryup, weekly_strong, downtrend",weekly_watchlist,36.9,36.9,158.68,-19.47,"[24.8, 12.59, 7.2]","[8, 2, 3]",0.95,25.0,strong,377
ZAGGLE.NS,Zaggle Prepaid Ocean Services Limited,Software - Infrastructure,Technology,Technology,False,Cash,1,Stage 4,Stage 4,Stage 4 - Confirmed Downtrend,0.86,Price is below a bearish moving-average stack with falling trend signals.,,,,,-11.55,-30.81,160588081.1,0.25,0.97,0.25,True,True,"Stage 4, Stage 4 - Confirmed Downtrend, weekly_vcp_ok, volume_dryup, weekly_volume_dryup, weekly_strong, downtrend",weekly_watchlist,36.9,36.9,296.52,-42.03,"[54.11, 34.79, 30.52]","[19, 4, 5]",0.95,39.0,strong,378
RKFORGE.NS,Ramkrishna Forgings Limited,Metal Fabrication,Industrials,Industrials,False,Cash,1,Stage 2,Stage 2,Clean Stage 2,0.9,"Price is above rising key averages, weekly structure is supportive, and the stock is near its 52-week high.",,,2026-10-05,,35.3,35.72,391818652.53,0.59,1.54,0.57,True,True,"Stage 2, Clean Stage 2, trend_template_ok, volume_dryup, weekly_volume_dryup",weekly_watchlist,31.9,36.9,772.8,-5.2,[14.71],[4],0.0,4.0,weak,379
HINDZINC.NS,Hindustan Zinc Limited,Basic Materials,Basic Materials,Basic Materials,True,F&O,1,Stage 2 Failed,Stage 4,Failed Stage 2,0.72,"This stock was recently Stage 2, but the latest structure no longer satisfies Stage 2 rules. It is kept as Stage 2 Failed until a fresh base/repair structure forms.",Recent Stage 2 break; public stage held as Stage 2 Failed.,2026-10-06,2026-09-25,,8.49,1.78,2085990797.3,0.57,0.45,0.4,True,True,"Stage 4, Stage 4, weekly_vcp_ok, volume_dryup, weekly_volume_dryup, weekly_strong, downtrend | Stage 2 failed state applied from stage memory.",weekly_watchlist,36.83,36.83,679.44,-17.92,"[33.97, 24.08]","[8, 9]",0.9,24.0,strong,380
SBIN.NS,State Bank of India,Banks - Regional,Financial Services,Financial Services,True,F&O,1,Stage 4,Stage 4,Stage 4 - Confirmed Downtrend,0.86,Price is below a bearish moving-average stack with falling trend signals.,,,2026-08-31,,-2.83,-7.39,7489461732.57,1.05,1.08,0.74,False,True,"Stage 4, Stage 4 - Confirmed Downtrend, weekly_vcp_ok, weekly_volume_dryup, weekly_strong, downtrend",weekly_watchlist,35.8,36.8,1126.47,-14.89,"[20.97, 15.19]","[5, 4]",0.9,12.0,strong,381
GRMOVER.NS,GRM Overseas Limited,Packaged Foods,Consumer Defensive,Consumer Defensive,False,Cash,1,Stage 4,Stage 4,Stage 4 - Confirmed Downtrend,0.86,Price is below a bearish moving-average stack with falling trend signals.,,,2026-05-26,,-14.7,-52.29,85358871.95,0.86,0.97,0.86,False,True,"Stage 4, Stage 4 - Confirmed Downtrend, weekly_vcp_ok, weekly_volume_dryup, weekly_strong, downtrend",weekly_watchlist,35.8,36.8,102.39,-22.8,"[52.01, 16.3]","[9, 3]",0.9,16.0,strong,382
M&M.NS,Mahindra & Mahindra Limited,Auto Manufacturers,Consumer Cyclical,Consumer Cyclical,True,F&O,1,Stage 4,Stage 4,Stage 4 - Weak/Declining,0.72,Price is below long-term support with weak trend evidence.,,,,,-4.14,-9.57,6320566071.26,1.19,1.3,1.29,False,False,"Stage 4, Stage 4 - Weak/Declining, weekly_vcp_ok, weekly_strong, downtrend",weekly_watchlist,35.8,36.8,3540.79,-19.37,"[23.53, 14.67]","[5, 5]",0.9,17.0,strong,383
ESCORTS.NS,Escorts Kubota Limited,Farm & Heavy Construction Machinery,Industrials,Industrials,False,Cash,1,Stage 4,Stage 4,Stage 4 - Confirmed Downtrend,0.86,Price is below a bearish moving-average stack with falling trend signals.,,,,,0.21,-8.44,243123667.6,1.37,1.32,1.51,False,False,"Stage 4, Stage 4 - Confirmed Downtrend, weekly_vcp_ok, weekly_strong, downtrend",weekly_watchlist,35.8,36.8,3178.65,-11.54,"[29.66, 20.77]","[7, 4]",0.9,16.0,strong,384
ABLBL.NS,Aditya Birla Lifestyle Brands Limited,Consumer Cyclical,Consumer Cyclical,Consumer Cyclical,False,Cash,1,Stage 4,Stage 4,Stage 4 - Confirmed Downtrend,0.86,Price is below a bearish moving-average stack with falling trend signals.,,,,,-18.4,-27.76,193248573.37,2.81,1.81,1.19,False,False,"Stage 4, Stage 4 - Confirmed Downtrend, weekly_vcp_ok, weekly_strong, downtrend",weekly_watchlist,35.8,36.8,102.44,-28.58,"[29.15, 30.0]","[10, 8]",0.9,19.0,strong,385
VENTIVE.NS,Ventive Hospitality Limited,Lodging,Consumer Cyclical,Consumer Cyclical,False,Cash,1,Stage 4,Stage 4,Stage 4 - Confirmed Downtrend,0.86,Price is below a bearish moving-average stack with falling trend signals.,,,,,-0.51,-1.74,19566686.53,1.08,2.65,1.11,False,False,"Stage 4, Stage 4 - Confirmed Downtrend, weekly_vcp_ok, weekly_strong, downtrend",weekly_watchlist,35.8,36.8,683.89,-14.85,"[31.66, 13.88]","[8, 4]",0.9,18.0,strong,386
KALPATARU.NS,Kalpataru Limited,Real Estate,Real Estate,Real Estate,False,Cash,1,Stage 4,Stage 4,Stage 4 - Confirmed Downtrend,0.86,Price is below a bearish moving-average stack with falling trend signals.,,,,,-1.57,-8.84,17935342.6,0.72,1.41,0.47,True,True,"Stage 4, Stage 4 - Confirmed Downtrend, weekly_vcp_ok, volume_dryup, weekly_volume_dryup, weekly_strong, downtrend",weekly_watchlist,35.8,36.8,342.6,-21.25,"[35.3, 20.58]","[10, 7]",0.9,18.0,strong,387
HINDUNILVR.NS,Hindustan Unilever Limited,Household & Personal Products,Consumer Defensive,Consumer Defensive,True,F&O,1,Stage 4,Stage 4,Stage 4 - Confirmed Downtrend,0.86,Price is below a bearish moving-average stack with falling trend signals.,,,,,-7.24,-9.16,2262970048.02,0.93,1.32,0.73,False,True,"Stage 4, Stage 4 - Confirmed Downtrend, weekly_vcp_ok, weekly_volume_dryup, weekly_strong, downtrend",weekly_watchlist,35.8,36.8,2239.3,-15.37,"[18.43, 14.22]","[7, 6]",0.9,16.0,strong,388
GODREJCP.NS,Godrej Consumer Products Limited,Household & Personal Products,Consumer Defensive,Consumer Defensive,True,F&O,1,Stage 4,Stage 4,Stage 4 - Confirmed Downtrend,0.86,Price is below a bearish moving-average stack with falling trend signals.,,,,,-14.76,-15.98,776390184.32,0.5,1.17,0.54,True,True,"Stage 4, Stage 4 - Confirmed Downtrend, weekly_vcp_ok, volume_dryup, weekly_volume_dryup, weekly_strong, downtrend",weekly_watchlist,35.8,36.8,1113.8,-21.66,"[22.04, 14.61]","[5, 6]",0.9,14.0,strong,389
COLPAL.NS,Colgate Palmolive (India) Limited,Household & Personal Products,Consumer Defensive,Consumer Defensive,True,F&O,1,Stage 4,Stage 4,Stage 4 - Confirmed Downtrend,0.86,Price is below a bearish moving-average stack with falling trend signals.,,,,,-7.21,-3.61,746129881.48,0.76,1.42,0.69,True,True,"Stage 4, Stage 4 - Confirmed Downtrend, weekly_vcp_ok, volume_dryup, weekly_volume_dryup, weekly_strong, downtrend",weekly_watchlist,35.8,36.8,2213.4,-18.25,"[19.36, 10.92]","[10, 5]",0.9,22.0,strong,390
METROBRAND.NS,Metro Brands Limited,Consumer Cyclical,Consumer Cyclical,Consumer Cyclical,False,Cash,1,Stage 4,Stage 4,Stage 4 - Confirmed Downtrend,0.86,Price is below a bearish moving-average stack with falling trend signals.,,,,,-18.19,-16.73,97425246.57,0.67,0.41,0.5,True,True,"Stage 4, Stage 4 - Confirmed Downtrend, weekly_vcp_ok, volume_dryup, weekly_volume_dryup, weekly_strong, downtrend",weekly_watchlist,35.8,36.8,1126.37,-27.3,"[27.68, 11.67]","[16, 8]",0.9,26.0,strong,391
BIKAJI.NS,Bikaji Foods International Limited,Packaged Foods,Consumer Defensive,Consumer Defensive,False,Cash,1,Stage 4,Stage 4,Stage 4 - Confirmed Downtrend,0.86,Price is below a bearish moving-average stack with falling trend signals.,,,,,-20.3,-23.83,254653748.96,2.85,2.67,2.42,False,False,"Stage 4, Stage 4 - Confirmed Downtrend, weekly_vcp_ok, weekly_strong, downtrend",weekly_watchlist,35.8,36.8,681.86,-29.44,"[22.9, 10.75]","[11, 5]",0.9,21.0,strong,392
TRAVELFOOD.NS,Travel Food Services Limited,Consumer Cyclical,Consumer Cyclical,Consumer Cyclical,False,Cash,1,Stage 4,Stage 4,Stage 4 - Weak/Declining,0.72,Price is below long-term support with weak trend evidence.,,,,,-3.55,-6.82,51783814.56,0.77,0.39,1.22,True,False,"Stage 4, Stage 4 - Weak/Declining, weekly_vcp_ok, volume_dryup, weekly_strong, downtrend",weekly_watchlist,35.8,36.8,1461.82,-18.05,"[23.13, 9.28]","[5, 4]",0.9,14.0,strong,393
SWANCORP.NS,SWAN CORP LIMITED,Conglomerates,Industrials,Industrials,False,Cash,1,Stage 4,Stage 4,Stage 4 - Confirmed Downtrend,0.86,Price is below a bearish moving-average stack with falling trend signals.,,,,,-10.66,-16.07,1121502690.36,0.38,0.29,0.41,True,True,"Stage 4, Stage 4 - Confirmed Downtrend, weekly_vcp_ok, volume_dryup, weekly_volume_dryup, weekly_strong, downtrend",weekly_watchlist,35.8,36.8,346.23,-22.35,"[40.1, 20.69]","[13, 8]",0.9,23.0,strong,394
BSOFT.NS,BIRLASOFT LIMITED,Information Technology Services,Technology,Technology,False,Cash,1,Stage 4,Stage 4,Stage 4 - Confirmed Downtrend,0.86,Price is below a bearish moving-average stack with falling trend signals.,,,,,7.81,-21.68,427718157.13,0.67,0.9,0.89,True,True,"Stage 4, Stage 4 - Confirmed Downtrend, weekly_vcp_ok, volume_dryup, weekly_volume_dryup, weekly_strong, downtrend",weekly_watchlist,35.8,36.8,331.58,-15.72,"[31.43, 32.42]","[7, 11]",0.9,21.0,strong,395
DBREALTY.NS,Valor Estate Limited,Real Estate,Real Estate,Real Estate,False,Cash,1,Stage 4,Stage 4,Stage 4 - Confirmed Downtrend,0.86,Price is below a bearish moving-average stack with falling trend signals.,,,,,-14.32,-9.77,95021116.59,1.02,0.55,0.98,False,False,"Stage 4, Stage 4 - Confirmed Downtrend, weekly_vcp_ok, weekly_strong, downtrend",weekly_watchlist,35.8,36.8,126.21,-28.63,"[39.05, 31.22]","[7, 5]",0.9,17.0,strong,396
RELAXO.NS,Relaxo Footwears Limited,Consumer Cyclical,Consumer Cyclical,Consumer Cyclical,False,Cash,1,Stage 4,Stage 4,Stage 4 - Weak/Declining,0.72,Price is below long-term support with weak trend evidence.,,,2026-08-17,,-19.43,5.33,77428069.36,0.52,0.41,0.4,True,True,"Stage 4, Stage 4 - Weak/Declining, weekly_vcp_ok, volume_dryup, weekly_volume_dryup, weekly_strong, downtrend",weekly_watchlist,35.8,36.8,450.41,-35.5,"[41.53, 12.45]","[8, 5]",0.9,15.0,strong,397
GOPAL.NS,Gopal Snacks Limited,Packaged Foods,Consumer Defensive,Consumer Defensive,False,Cash,1,Stage 4,Stage 4,Stage 4 - Confirmed Downtrend,0.86,Price is below a bearish moving-average stack with falling trend signals.,,,,,0.06,-4.12,33830855.57,0.99,0.6,1.07,False,False,"Stage 4, Stage 4 - Confirmed Downtrend, weekly_vcp_ok, weekly_strong, downtrend",weekly_watchlist,35.8,36.8,343.14,-25.44,"[26.8, 24.97]","[11, 11]",0.9,28.0,strong,398
BALMLAWRIE.NS,Balmer Lawrie & Company Limited,Conglomerates,Industrials,Industrials,False,Cash,1,Stage 4,Stage 4,Stage 4 - Weak/Declining,0.72,Price is below long-term support with weak trend evidence.,,,2026-09-07,,-3.21,-3.37,21476451.41,0.78,1.45,0.89,True,True,"Stage 4, Stage 4 - Weak/Declining, weekly_vcp_ok, volume_dryup, weekly_volume_dryup, weekly_strong, downtrend",weekly_watchlist,35.8,36.8,182.75,-13.12,"[16.29, 8.77]","[5, 6]",0.9,14.0,strong,399
PARKHOTELS.NS,Apeejay Surrendra Park Hotels Limited,Lodging,Consumer Cyclical,Consumer Cyclical,False,Cash,1,Stage 4,Stage 4,Stage 4 - Confirmed Downtrend,0.86,Price is below a bearish moving-average stack with falling trend signals.,,,,,-13.1,-9.82,19850818.37,1.68,1.29,1.87,False,False,"Stage 4, Stage 4 - Confirmed Downtrend, weekly_vcp_ok, weekly_strong, downtrend",weekly_watchlist,35.8,36.8,134.08,-23.04,"[30.25, 17.22]","[7, 5]",0.9,17.0,strong,400
HFCL.NS,HFCL Limited,Communication Equipment,Technology,Technology,False,Cash,1,Stage 2,Stage 2,Extended Stage 2,0.78,"Advancing structure remains intact, but price is stretched versus key moving averages or far above the 52-week low.",,,2026-10-05,,25.7,206.68,1436904831.59,0.47,0.77,0.56,True,True,"Stage 2, Extended Stage 2, trend_template_ok, volume_dryup, weekly_volume_dryup",weekly_watchlist,31.6,36.6,256.91,2.29,[21.11],[3],0.0,3.0,weak,401
GLAND.NS,Gland Pharma Limited,Drug Manufacturers - Specialty & Generic,Healthcare,Healthcare,False,Cash,1,Stage 2,Stage 2,Clean Stage 2,0.9,"Price is above rising key averages, weekly structure is supportive, and the stock is near its 52-week high.",,,2026-10-05,,27.28,74.72,1329458021.11,0.49,0.73,0.7,True,True,"Stage 2, Clean Stage 2, trend_template_ok, volume_dryup, weekly_volume_dryup",weekly_watchlist,31.6,36.6,3046.22,-1.32,[9.52],[3],0.0,3.0,weak,402
NEOGEN.NS,Neogen Chemicals Limited,Specialty Chemicals,Basic Materials,Basic Materials,False,Cash,1,Stage 2,Stage 2,Clean Stage 2,0.9,"Price is above rising key averages, weekly structure is supportive, and the stock is near its 52-week high.",,,2026-10-05,,21.19,75.89,521993132.98,0.68,0.51,0.43,True,True,"Stage 2, Clean Stage 2, trend_template_ok, volume_dryup, weekly_volume_dryup",weekly_watchlist,31.6,36.6,2499.7,-2.82,[26.64],[3],0.0,3.0,weak,403
WELSPUNLIV.NS,Welspun Living Limited,Textile Manufacturing,Consumer Cyclical,Consumer Cyclical,False,Cash,1,Stage 2,Stage 2,Extended Stage 2,0.78,"Advancing structure remains intact, but price is stretched versus key moving averages or far above the 52-week low.",,,2026-10-05,,47.77,94.63,1108071191.27,0.9,1.01,1.08,False,False,"Stage 2, Extended Stage 2, trend_template_ok",weekly_watchlist,31.6,36.6,245.32,-3.04,[12.57],[3],0.0,3.0,weak,404
GALAXYSURF.NS,Galaxy Surfactants Limited,Specialty Chemicals,Basic Materials,Basic Materials,False,Cash,1,Stage 2,Stage 2,Clean Stage 2,0.9,"Price is above rising key averages, weekly structure is supportive, and the stock is near its 52-week high.",,,2026-10-05,,28.67,39.23,125083547.65,1.02,2.31,1.65,False,False,"Stage 2, Clean Stage 2, trend_template_ok",weekly_watchlist,31.59,36.59,2652.63,-7.93,[21.5],[4],0.0,4.0,weak,405
AETHER.NS,Aether Industries Limited,Specialty Chemicals,Basic Materials,Basic Materials,False,Cash,1,Stage 2,Stage 2,Clean Stage 2,0.9,"Price is above rising key averages, weekly structure is supportive, and the stock is near its 52-week high.",,,2026-10-05,,25.76,52.05,616802736.41,1.51,5.31,1.79,False,False,"Stage 2, Clean Stage 2, trend_template_ok",weekly_watchlist,31.38,36.38,1801.15,-0.07,[9.57],[3],0.0,3.0,weak,406
NAVINFLUOR.NS,Navin Fluorine International Limited,Chemicals,Basic Materials,Basic Materials,False,Cash,1,Stage 2,Stage 2,Clean Stage 2,0.9,"Price is above rising key averages, weekly structure is supportive, and the stock is near its 52-week high.",,,2026-10-05,,15.65,39.1,1005047613.23,0.51,0.91,0.6,True,True,"Stage 2, Clean Stage 2, trend_template_ok, volume_dryup, weekly_volume_dryup",weekly_watchlist,33.87,36.37,8965.16,-4.79,[18.64],[7],0.0,7.0,weak,407
KIRLOSENG.NS,Kirloskar Oil Engines Limited,Specialty Industrial Machinery,Industrials,Industrials,False,Cash,1,Stage 2,Stage 2,Stage 2,0.76,Advancing structure detected.,,,2026-10-05,,-1.72,54.98,1634186289.91,1.81,0.63,3.14,False,False,"Stage 2, Stage 2",weekly_watchlist,31.33,36.33,2571.07,-11.86,[28.75],[12],0.0,12.0,weak,408
KKCL.NS,Kewal Kiran Clothing Limited,Apparel Manufacturing,Consumer Cyclical,Consumer Cyclical,False,Cash,1,Stage 2 Failed,Stage 4,Failed Stage 2,0.72,"This stock was recently Stage 2, but the latest structure no longer satisfies Stage 2 rules. It is kept as Stage 2 Failed until a fresh base/repair structure forms.",Recent Stage 2 break; public stage held as Stage 2 Failed.,2026-10-06,2026-09-18,,0.39,4.71,15279671.49,0.67,0.45,0.72,True,True,"Stage 4, Stage 4 - Weak/Declining, weekly_vcp_ok, volume_dryup, weekly_volume_dryup, weekly_strong, downtrend | Stage 2 failed state applied from stage memory.",weekly_watchlist,36.31,36.31,569.04,-16.61,"[26.01, 15.49]","[6, 5]",0.9,17.0,strong,409
GALLANTT.NS,Gallantt Ispat Limited,Steel,Basic Materials,Basic Materials,False,Cash,1,Stage 4,Stage 4,Stage 4 - Weak/Declining,0.72,Price is below long-term support with weak trend evidence.,,,2026-06-26,,-15.1,-18.37,43819296.16,1.06,0.85,0.53,False,True,"Stage 4, Stage 4 - Weak/Declining, weekly_vcp_ok, weekly_volume_dryup, weekly_strong, downtrend",weekly_watchlist,33.8,36.3,725.6,-26.95,"[34.06, 31.5]","[4, 4]",0.9,10.0,strong,410
PREMEXPLN.NS,Premier Explosives Limited,Specialty Chemicals,Basic Materials,Basic Materials,False,Cash,1,Stage 2,Stage 2,Stage 2,0.76,Advancing structure detected.,,,2026-10-05,,0.65,49.77,156109546.53,1.0,1.26,1.06,False,False,"Stage 2, Stage 2",weekly_watchlist,31.04,36.04,703.21,-2.57,[23.31],[5],0.0,5.0,weak,411
ORIENTELEC.NS,Orient Electric Limited,"Furnishings, Fixtures & Appliances",Consumer Cyclical,Consumer Cyclical,False,Cash,1,Stage 4,Stage 4,Stage 4 - Weak/Declining,0.72,Price is below long-term support with weak trend evidence.,,,2026-09-04,,0.3,1.9,24459354.06,0.48,1.02,0.58,True,True,"Stage 4, Stage 4 - Weak/Declining, weekly_vcp_ok, volume_dryup, weekly_volume_dryup, weekly_strong, downtrend",weekly_watchlist,36.02,36.02,199.38,-19.4,"[19.0, 15.96]","[11, 9]",0.9,25.0,strong,412
V2RETAIL.NS,V2 Retail Limited,Consumer Cyclical,Consumer Cyclical,Consumer Cyclical,False,Cash,1,Stage 4,Stage 4,Stage 4 - Weak/Declining,0.72,Price is below long-term support with weak trend evidence.,,,2026-09-09,,-17.18,-10.48,338456450.93,2.14,3.62,5.71,False,False,"Stage 4, Stage 4 - Weak/Declining, weekly_vcp_ok, weekly_strong, downtrend",weekly_watchlist,35.0,36.0,249.36,-30.95,"[29.13, 24.21]","[3, 7]",0.9,11.0,strong,413
VMM.NS,Vishal Mega Mart Limited,Consumer Cyclical,Consumer Cyclical,Consumer Cyclical,True,F&O,1,Stage 4,Stage 4,Stage 4 - Confirmed Downtrend,0.86,Price is below a bearish moving-average stack with falling trend signals.,,,,,-10.39,-11.03,985350656.22,0.95,1.48,0.78,False,True,"Stage 4, Stage 4 - Confirmed Downtrend, weekly_vcp_ok, weekly_volume_dryup, weekly_strong, downtrend",weekly_watchlist,35.0,36.0,123.91,-18.53,"[23.73, 13.46]","[4, 2]",0.9,11.0,strong,414
MGL.NS,Mahanagar Gas Limited,Utilities,Utilities,Utilities,False,Cash,1,Stage 2 Failed,Stage 4,Failed Stage 2,0.72,"This stock was recently Stage 2, but the latest structure no longer satisfies Stage 2 rules. It is kept as Stage 2 Failed until a fresh base/repair structure forms.",Recent Stage 2 break; public stage held as Stage 2 Failed.,2026-10-06,2026-09-23,,-1.25,2.41,134785984.46,0.57,0.37,0.51,True,True,"Stage 4, Stage 4 - Weak/Declining, weekly_vcp_ok, volume_dryup, weekly_volume_dryup, weekly_strong, downtrend | Stage 2 failed state applied from stage memory.",weekly_watchlist,35.92,35.92,1234.2,-15.75,"[27.01, 10.61]","[4, 11]",0.9,21.0,strong,415
DALBHARAT.NS,Dalmia Bharat Limited,Building Materials,Basic Materials,Basic Materials,True,F&O,1,Stage 4,Stage 4,Stage 4 - Confirmed Downtrend,0.86,Price is below a bearish moving-average stack with falling trend signals.,,,,,1.2,-10.84,143895051.32,0.4,0.14,0.31,True,True,"Stage 4, Stage 4 - Confirmed Downtrend, weekly_vcp_ok, volume_dryup, weekly_volume_dryup, weekly_strong, downtrend",weekly_watchlist,35.8,35.8,1928.37,-12.74,"[24.01, 20.05]","[9, 5]",0.9,20.0,strong,416
SYMPHONY.NS,Symphony Limited,"Furnishings, Fixtures & Appliances",Consumer Cyclical,Consumer Cyclical,False,Cash,1,Stage 4,Stage 4,Stage 4 - Confirmed Downtrend,0.86,Price is below a bearish moving-average stack with falling trend signals.,,,,,-14.69,-25.08,189902709.26,0.32,0.25,0.25,True,True,"Stage 4, Stage 4 - Confirmed Downtrend, weekly_vcp_ok, volume_dryup, weekly_volume_dryup, weekly_strong, downtrend",weekly_watchlist,35.8,35.8,729.9,-23.7,"[29.41, 26.64]","[8, 6]",0.9,18.0,strong,417
AWFIS.NS,Awfis Space Solutions Limited,Industrials,Industrials,Industrials,False,Cash,1,Stage 4,Stage 4,Stage 4 - Confirmed Downtrend,0.86,Price is below a bearish moving-average stack with falling trend signals.,,,,,-15.74,-23.3,495612480.19,0.55,0.43,0.48,True,True,"Stage 4, Stage 4 - Confirmed Downtrend, weekly_vcp_ok, volume_dryup, weekly_volume_dryup, weekly_strong, downtrend",weekly_watchlist,35.8,35.8,424.74,-42.66,"[64.18, 33.63]","[20, 2]",0.9,30.0,strong,418
AMBER.NS,Amber Enterprises India Limited,"Furnishings, Fixtures & Appliances",Consumer Cyclical,Consumer Cyclical,True,F&O,1,Stage 4,Stage 4,Stage 4 - Weak/Declining,0.72,Price is below long-term support with weak trend evidence.,,,2026-07-20,,-4.99,-4.35,830639337.88,0.63,0.98,0.84,True,True,"Stage 4, Stage 4 - Weak/Declining, weekly_vcp_ok, volume_dryup, weekly_volume_dryup, weekly_strong, downtrend",weekly_watchlist,35.8,35.8,8218.0,-16.42,"[22.69, 15.42]","[2, 8]",0.9,14.0,strong,419
TECHNOE.NS,Techno Electric & Engineering Company Limited,Engineering & Construction,Industrials,Industrials,False,Cash,1,Stage 4,Stage 4,Stage 4 - Weak/Declining,0.72,Price is below long-term support with weak trend evidence.,,,,,0.63,-9.25,141970229.15,0.69,0.8,0.9,True,True,"Stage 4, Stage 4 - Weak/Declining, weekly_vcp_ok, volume_dryup, weekly_volume_dryup, weekly_strong, downtrend",weekly_watchlist,35.8,35.8,1110.85,-10.32,"[28.93, 12.63]","[2, 5]",0.9,16.0,strong,420
MOIL.NS,MOIL Limited,Basic Materials,Basic Materials,Basic Materials,False,Cash,1,Stage 4,Stage 4,Stage 4 - Confirmed Downtrend,0.86,Price is below a bearish moving-average stack with falling trend signals.,,,,,-6.94,-20.92,123485184.78,0.32,0.33,0.33,True,True,"Stage 4, Stage 4 - Confirmed Downtrend, weekly_vcp_ok, volume_dryup, weekly_volume_dryup, weekly_strong, downtrend",weekly_watchlist,35.8,35.8,337.99,-29.23,"[37.1, 23.56]","[10, 12]",0.9,28.0,strong,421
HUDCO.NS,Housing & Urban Development Corporation Limited,Credit Services,Financial Services,Financial Services,False,Cash,1,Stage 4,Stage 4,Stage 4 - Confirmed Downtrend,0.86,Price is below a bearish moving-average stack with falling trend signals.,,,2026-07-06,,-16.44,-12.26,354582527.6,1.46,5.61,1.8,False,False,"Stage 4, Stage 4 - Confirmed Downtrend, weekly_vcp_ok, weekly_strong, downtrend",weekly_watchlist,35.8,35.8,215.21,-25.17,"[30.67, 16.3]","[12, 2]",0.9,19.0,strong,422
ABFRL.NS,Aditya Birla Fashion and Retail Limited,Apparel Manufacturing,Consumer Cyclical,Consumer Cyclical,False,Cash,1,Stage 4,Stage 4,Stage 4 - Confirmed Downtrend,0.86,Price is below a bearish moving-average stack with falling trend signals.,,,,,-19.26,-25.44,213264580.88,0.88,2.39,0.82,False,True,"Stage 4, Stage 4 - Confirmed Downtrend, weekly_vcp_ok, weekly_volume_dryup, weekly_strong, downtrend",weekly_watchlist,35.8,35.8,69.21,-34.0,"[28.75, 13.69]","[7, 3]",0.9,23.0,strong,423
FUSION.NS,Fusion Finance Limited,Credit Services,Financial Services,Financial Services,False,Cash,1,Stage 4,Stage 4,Stage 4,0.66,Declining structure detected.,,,2026-09-14,,-21.67,8.0,92996814.88,0.74,0.49,1.03,True,False,"Stage 4, Stage 4, weekly_vcp_ok, volume_dryup, weekly_strong, downtrend",weekly_watchlist,35.8,35.8,243.43,-30.57,"[33.71, 27.59]","[5, 5]",0.9,15.0,strong,424
CMSINFO.NS,CMS Info Systems Limited,Industrials,Industrials,Industrials,False,Cash,1,Stage 4,Stage 4,Stage 4 - Confirmed Downtrend,0.86,Price is below a bearish moving-average stack with falling trend signals.,,,,,-10.46,-26.35,203568049.24,0.56,0.34,0.6,True,True,"Stage 4, Stage 4 - Confirmed Downtrend, weekly_vcp_ok, volume_dryup, weekly_volume_dryup, weekly_strong, downtrend",weekly_watchlist,35.8,35.8,319.12,-30.95,"[27.62, 20.79]","[12, 11]",0.9,26.0,strong,425
RAMCOCEM.NS,The Ramco Cements Limited,Building Materials,Basic Materials,Basic Materials,False,Cash,1,Stage 4,Stage 4,Stage 4 - Confirmed Downtrend,0.86,Price is below a bearish moving-average stack with falling trend signals.,,,,,-1.76,-12.4,191358648.55,0.75,0.7,0.72,True,True,"Stage 4, Stage 4 - Confirmed Downtrend, weekly_vcp_ok, volume_dryup, weekly_volume_dryup, weekly_strong, downtrend",weekly_watchlist,35.8,35.8,988.33,-14.17,"[29.18, 18.17]","[6, 7]",0.9,17.0,strong,426
NATIONALUM.NS,National Aluminium Company Limited,Basic Materials,Basic Materials,Basic Materials,True,F&O,1,Stage 4,Stage 4,Stage 4 - Weak/Declining,0.72,Price is below long-term support with weak trend evidence.,,,2026-08-31,,-0.09,-17.88,1561374601.16,0.75,1.5,0.69,True,True,"Stage 4, Stage 4 - Weak/Declining, weekly_vcp_ok, volume_dryup, weekly_volume_dryup, weekly_strong, downtrend",weekly_watchlist,35.8,35.8,444.15,-24.07,"[21.54, 19.1]","[4, 15]",0.9,21.0,strong,427
SBFC.NS,SBFC Finance Limited,Credit Services,Financial Services,Financial Services,False,Cash,1,Stage 4,Stage 4,Stage 4 - Weak/Declining,0.72,Price is below long-term support with weak trend evidence.,,,2026-09-14,,-3.88,-9.31,108948305.83,0.86,0.73,1.31,False,False,"Stage 4, Stage 4 - Weak/Declining, weekly_vcp_ok, weekly_strong, downtrend",weekly_watchlist,35.8,35.8,104.39,-20.22,"[27.47, 9.12]","[11, 6]",0.9,28.0,strong,428
PRAJIND.NS,Praj Industries Limited,Engineering & Construction,Industrials,Industrials,False,Cash,1,Stage 4,Stage 4,Stage 4 - Weak/Declining,0.72,Price is below long-term support with weak trend evidence.,,,2026-08-31,,-5.34,-4.93,125501101.68,0.49,1.53,0.56,True,True,"Stage 4, Stage 4 - Weak/Declining, weekly_vcp_ok, volume_dryup, weekly_volume_dryup, weekly_strong, downtrend",weekly_watchlist,35.8,35.8,364.28,-13.51,"[24.21, 18.23]","[7, 3]",0.9,14.0,strong,429
CDSL.NS,Central Depository Services (India) Limited,Capital Markets,Financial Services,Financial Services,True,F&O,1,Stage 2 Failed,Stage 4,Failed Stage 2,0.72,"This stock was recently Stage 2, but the latest structure no longer satisfies Stage 2 rules. It is kept as Stage 2 Failed until a fresh base/repair structure forms.",Recent Stage 2 break; public stage held as Stage 2 Failed.,2026-10-06,2026-09-18,,-6.33,-0.38,1313360267.79,0.8,0.77,0.68,True,True,"Stage 4, Stage 4 - Weak/Declining, weekly_vcp_ok, volume_dryup, weekly_volume_dryup, weekly_strong, downtrend | Stage 2 failed state applied from stage memory.",weekly_watchlist,35.8,35.8,1445.01,-12.57,"[33.3, 17.73]","[19, 4]",0.9,26.0,strong,430
AMBUJACEM.NS,Ambuja Cements Limited,Building Materials,Basic Materials,Basic Materials,True,F&O,1,Stage 4,Stage 4,Stage 4 - Confirmed Downtrend,0.86,Price is below a bearish moving-average stack with falling trend signals.,,,,,-12.53,-16.77,557660015.4,0.85,1.64,1.06,True,False,"Stage 4, Stage 4 - Confirmed Downtrend, weekly_vcp_ok, volume_dryup, weekly_strong, downtrend",weekly_watchlist,35.8,35.8,466.49,-22.5,"[31.25, 12.38]","[11, 2]",0.9,22.0,strong,431
BHARTIARTL.NS,Bharti Airtel Limited,Telecom Services,Communication Services,Communication Services,True,F&O,1,Stage 4,Stage 4,Stage 4 - Weak/Declining,0.72,Price is below long-term support with weak trend evidence.,,,2026-08-21,,0.09,-1.17,9733773425.88,0.88,0.89,0.86,False,True,"Stage 4, Stage 4 - Weak/Declining, weekly_vcp_ok, weekly_volume_dryup, weekly_strong, downtrend",weekly_watchlist,35.8,35.8,2034.55,-11.01,"[15.39, 9.48]","[13, 3]",0.9,17.0,strong,432
IRCON.NS,Ircon International Limited,Engineering & Construction,Industrials,Industrials,False,Cash,1,Stage 4,Stage 4,Stage 4 - Confirmed Downtrend,0.86,Price is below a bearish moving-average stack with falling trend signals.,,,,,-11.44,-19.64,751998768.12,3.38,0.54,6.39,False,False,"Stage 4, Stage 4 - Confirmed Downtrend, weekly_vcp_ok, weekly_strong, downtrend",weekly_watchlist,35.8,35.8,163.63,-34.08,"[38.1, 20.92]","[13, 5]",0.9,24.0,strong,433
CONCOR.NS,Container Corporation of India Limited,Industrials,Industrials,Industrials,True,F&O,1,Stage 2 Failed,Stage 4,Failed Stage 2,0.72,"This stock was recently Stage 2, but the latest structure no longer satisfies Stage 2 rules. It is kept as Stage 2 Failed until a fresh base/repair structure forms.",Recent Stage 2 break; public stage held as Stage 2 Failed.,2026-10-06,2026-09-18,,2.66,-6.52,535939850.15,0.97,0.73,0.65,False,True,"Stage 4, Stage 4 - Weak/Declining, weekly_vcp_ok, weekly_volume_dryup, weekly_strong, downtrend | Stage 2 failed state applied from stage memory.",weekly_watchlist,35.8,35.8,543.57,-17.98,"[21.28, 18.54]","[7, 5]",0.9,18.0,strong,434
RECLTD.NS,REC Limited,Credit Services,Financial Services,Financial Services,True,F&O,1,Stage 4,Stage 4,Stage 4 - Confirmed Downtrend,0.86,Price is below a bearish moving-average stack with falling trend signals.,,,2026-08-07,,-8.76,-11.32,1922269806.32,1.53,0.92,1.01,False,False,"Stage 4, Stage 4 - Confirmed Downtrend, weekly_vcp_ok, weekly_strong, downtrend",weekly_watchlist,35.8,35.8,375.67,-20.14,"[19.6, 17.15]","[8, 6]",0.9,17.0,strong,435
APTUS.NS,Aptus Value Housing Finance India Limited,Mortgage Finance,Financial Services,Financial Services,False,Cash,1,Stage 4,Stage 4,Stage 4 - Confirmed Downtrend,0.86,Price is below a bearish moving-average stack with falling trend signals.,,,2026-07-30,,-16.48,0.8,400002006.37,1.13,0.31,0.69,False,True,"Stage 4, Stage 4 - Confirmed Downtrend, weekly_vcp_ok, weekly_volume_dryup, weekly_strong, downtrend",weekly_watchlist,35.8,35.8,309.54,-27.67,"[34.02, 14.83]","[8, 5]",0.9,18.0,strong,436
INDIACEM.NS,The India Cements Limited,Building Materials,Basic Materials,Basic Materials,False,Cash,1,Stage 4,Stage 4,Stage 4 - Confirmed Downtrend,0.86,Price is below a bearish moving-average stack with falling trend signals.,,,,,-16.01,-22.65,64897700.4,1.08,0.83,1.23,False,False,"Stage 4, Stage 4 - Confirmed Downtrend, weekly_vcp_ok, weekly_strong, downtrend",weekly_watchlist,35.8,35.8,470.72,-37.28,"[29.53, 22.06]","[12, 6]",0.9,22.0,strong,437
ABREL.NS,Aditya Birla Real Estate Limited,Real Estate Services,Real Estate,Real Estate,False,Cash,1,Stage 4,Stage 4,Stage 4 - Weak/Declining,0.72,Price is below long-term support with weak trend evidence.,,,,,-18.45,-19.82,239965677.08,1.43,0.89,1.49,False,False,"Stage 4, Stage 4 - Weak/Declining, weekly_vcp_ok, weekly_strong, downtrend",weekly_watchlist,35.8,35.8,1598.01,-32.54,"[41.27, 27.72]","[15, 5]",0.9,27.0,strong,438
CELLO.NS,Cello World Limited,"Furnishings, Fixtures & Appliances",Consumer Cyclical,Consumer Cyclical,False,Cash,1,Stage 4,Stage 4,Stage 4 - Weak/Declining,0.72,Price is below long-term support with weak trend evidence.,,,,,8.06,-9.77,491858215.17,1.67,65.42,4.07,False,False,"Stage 4, Stage 4 - Weak/Declining, weekly_vcp_ok, weekly_strong, downtrend",weekly_watchlist,35.8,35.8,441.22,-16.33,"[27.13, 23.92]","[8, 14]",0.9,24.0,strong,439
INDUSTOWER.NS,Indus Towers Limited,Telecom Services,Communication Services,Communication Services,True,F&O,1,Stage 4,Stage 4,Stage 4 - Weak/Declining,0.72,Price is below long-term support with weak trend evidence.,,,2026-05-26,,4.04,-7.08,1851162475.19,1.1,1.16,1.14,False,False,"Stage 4, Stage 4 - Weak/Declining, weekly_vcp_ok, weekly_strong, downtrend",weekly_watchlist,35.8,35.8,433.86,-10.32,"[18.84, 17.36]","[11, 9]",0.9,23.0,strong,440
BAJAJFINSV.NS,Bajaj Finserv Limited,Financial Services,Financial Services,Financial Services,True,F&O,1,Stage 4,Stage 4,Stage 4 - Weak/Declining,0.72,Price is below long-term support with weak trend evidence.,,,2026-09-04,,-3.91,-1.09,1354717127.22,1.08,0.8,1.06,False,False,"Stage 4, Stage 4 - Weak/Declining, weekly_vcp_ok, weekly_strong, downtrend",weekly_watchlist,35.8,35.8,2122.21,-17.43,"[23.03, 11.8]","[5, 7]",0.9,15.0,strong,441
IRFC.NS,Indian Railway Finance Corporation Limited,Credit Services,Financial Services,Financial Services,True,F&O,1,Stage 4,Stage 4,Stage 4 - Confirmed Downtrend,0.86,Price is below a bearish moving-average stack with falling trend signals.,,,,,-9.61,-21.22,712647180.26,1.31,0.79,1.65,False,False,"Stage 4, Stage 4 - Confirmed Downtrend, weekly_vcp_ok, weekly_strong, downtrend",weekly_watchlist,35.8,35.8,108.57,-28.99,"[35.9, 15.0]","[13, 4]",0.9,29.0,strong,442
AHLUCONT.NS,Ahluwalia Contracts (India) Limited,Engineering & Construction,Industrials,Industrials,False,Cash,1,Stage 4,Stage 4,Stage 4 - Confirmed Downtrend,0.86,Price is below a bearish moving-average stack with falling trend signals.,,,,,-26.39,-25.48,37163591.42,0.89,0.24,1.39,False,False,"Stage 4, Stage 4 - Confirmed Downtrend, weekly_vcp_ok, weekly_strong, downtrend",weekly_watchlist,35.8,35.8,883.93,-34.83,"[30.63, 18.28]","[7, 4]",0.9,16.0,strong,443
NIITMTS.NS,NIIT Learning Systems Limited,Consumer Defensive,Consumer Defensive,Consumer Defensive,False,Cash,1,Stage 4,Stage 4,Stage 4 - Confirmed Downtrend,0.86,Price is below a bearish moving-average stack with falling trend signals.,,,,,-9.52,-32.94,47953073.37,1.04,0.5,1.5,False,False,"Stage 4, Stage 4 - Confirmed Downtrend, weekly_vcp_ok, weekly_strong, downtrend",weekly_watchlist,35.8,35.8,269.22,-23.86,"[41.47, 41.41]","[14, 5]",0.9,22.0,strong,444
ULTRACEMCO.NS,UltraTech Cement Limited,Building Materials,Basic Materials,Basic Materials,True,F&O,1,Stage 4,Stage 4,Stage 4 - Weak/Declining,0.72,Price is below long-term support with weak trend evidence.,,,2026-08-28,,-0.18,-4.51,3172975423.55,1.26,0.97,1.52,False,False,"Stage 4, Stage 4 - Weak/Declining, weekly_vcp_ok, weekly_strong, downtrend",weekly_watchlist,35.8,35.8,12260.42,-12.32,"[14.11, 12.83]","[16, 6]",0.9,27.0,strong,445
MUTHOOTFIN.NS,Muthoot Finance Limited,Credit Services,Financial Services,Financial Services,True,F&O,1,Stage 4,Stage 4,Stage 4 - Confirmed Downtrend,0.86,Price is below a bearish moving-average stack with falling trend signals.,,,,,-9.54,-23.13,1571567357.76,0.56,0.6,0.39,True,True,"Stage 4, Stage 4 - Confirmed Downtrend, weekly_vcp_ok, volume_dryup, weekly_volume_dryup, weekly_strong, downtrend",weekly_watchlist,35.8,35.8,3654.04,-26.49,"[26.69, 26.77]","[8, 16]",0.9,27.0,strong,446
TATAPOWER.NS,Tata Power Company Limited,Utilities,Utilities,Utilities,True,F&O,1,Stage 4,Stage 4,Stage 4 - Weak/Declining,0.72,Price is below long-term support with weak trend evidence.,,,2026-06-23,,-3.15,-12.77,1243636483.31,0.9,1.26,0.85,False,True,"Stage 4, Stage 4 - Weak/Declining, weekly_vcp_ok, weekly_volume_dryup, weekly_strong, downtrend",weekly_watchlist,35.8,35.8,462.85,-24.02,"[12.99, 11.12]","[4, 3]",0.9,35.0,strong,447
GMRAIRPORT.NS,GMR AIRPORTS LIMITED,Industrials,Industrials,Industrials,True,F&O,1,Stage 4,Stage 4,Stage 4 - Weak/Declining,0.72,Price is below long-term support with weak trend evidence.,,,2026-08-19,,-12.15,-1.46,1149081955.78,1.02,1.0,1.29,False,False,"Stage 4, Stage 4 - Weak/Declining, weekly_vcp_ok, weekly_strong, downtrend",weekly_watchlist,35.8,35.8,115.84,-19.67,"[17.5, 18.36]","[4, 5]",0.9,12.0,strong,448
SHREECEM.NS,SHREE CEMENT LIMITED,Building Materials,Basic Materials,Basic Materials,True,F&O,1,Stage 4,Stage 4,Stage 4 - Confirmed Downtrend,0.86,Price is below a bearish moving-average stack with falling trend signals.,,,2026-08-10,,-10.68,-7.68,942121279.25,1.96,0.58,3.64,False,False,"Stage 4, Stage 4 - Confirmed Downtrend, weekly_vcp_ok, weekly_strong, downtrend",weekly_watchlist,35.8,35.8,27598.21,-19.52,"[19.72, 10.39]","[11, 5]",0.9,22.0,strong,449
ICICIPRULI.NS,ICICI Prudential Life Insurance Company Limited,Insurance - Life,Financial Services,Financial Services,True,F&O,1,Stage 4,Stage 4,Stage 4 - Confirmed Downtrend,0.86,Price is below a bearish moving-average stack with falling trend signals.,,,,,-1.73,-14.87,736284649.76,1.24,0.39,0.92,False,False,"Stage 4, Stage 4 - Confirmed Downtrend, weekly_vcp_ok, weekly_strong, downtrend",weekly_watchlist,35.8,35.8,531.95,-13.62,"[27.47, 21.15]","[5, 8]",0.9,15.0,strong,450
FORTIS.NS,Fortis Healthcare Limited,Medical Care Facilities,Healthcare,Healthcare,True,F&O,1,Stage 4,Stage 4,Stage 4 - Weak/Declining,0.72,Price is below long-term support with weak trend evidence.,,,2026-07-29,,-16.36,-9.21,1431700532.15,1.69,0.83,2.17,False,False,"Stage 4, Stage 4 - Weak/Declining, weekly_vcp_ok, weekly_strong, downtrend",weekly_watchlist,35.8,35.8,1010.8,-24.42,"[21.55, 12.88]","[5, 9]",0.9,24.0,strong,451
RVNL.NS,Rail Vikas Nigam Limited,Engineering & Construction,Industrials,Industrials,True,F&O,1,Stage 4,Stage 4,Stage 4 - Confirmed Downtrend,0.86,Price is below a bearish moving-average stack with falling trend signals.,,,,,-9.67,-25.8,942259827.55,1.04,0.65,1.29,False,False,"Stage 4, Stage 4 - Confirmed Downtrend, weekly_vcp_ok, weekly_strong, downtrend",weekly_watchlist,35.8,35.8,311.43,-36.17,"[37.91, 29.4]","[13, 15]",0.9,30.0,strong,452
MFSL.NS,Max Financial Services Limited,Insurance - Life,Financial Services,Financial Services,True,F&O,1,Stage 4,Stage 4,Stage 4 - Confirmed Downtrend,0.86,Price is below a bearish moving-average stack with falling trend signals.,,,2026-06-23,,-9.06,-16.92,2132420801.54,2.31,2.63,1.66,False,False,"Stage 4, Stage 4 - Confirmed Downtrend, weekly_vcp_ok, weekly_strong, downtrend",weekly_watchlist,35.8,35.8,1748.0,-22.14,"[24.25, 14.36]","[5, 7]",0.9,24.0,strong,453
HINDCOPPER.NS,Hindustan Copper Limited,Basic Materials,Basic Materials,Basic Materials,False,Cash,1,Stage 4,Stage 4,Stage 4 - Weak/Declining,0.72,Price is below long-term support with weak trend evidence.,,,2026-08-24,,2.36,-6.7,3149076073.87,0.47,0.33,0.39,True,True,"Stage 4, Stage 4 - Weak/Declining, weekly_vcp_ok, volume_dryup, weekly_volume_dryup, weekly_strong, downtrend",weekly_watchlist,35.8,35.8,616.84,-21.29,"[41.27, 24.12]","[8, 11]",0.9,26.0,strong,454
SUNDARMFIN.NS,Sundaram Finance Limited,Credit Services,Financial Services,Financial Services,False,Cash,1,Not Sure,Stage 4,Pending Stage 4,0.55,Blocked public stage jump Stage 1 -> Stage 4; waiting for intermediate/confirmed structure.,Blocked public stage jump Stage 1 -> Stage 4; waiting for intermediate/confirmed structure.,,,Stage 4,-0.33,-8.17,204220951.05,0.75,0.65,0.68,True,True,"Stage 4, Stage 4 - Weak/Declining, weekly_vcp_ok, volume_dryup, weekly_volume_dryup, weekly_strong, downtrend | Blocked public stage jump Stage 1 -> Stage 4; waiting for intermediate/confirmed structure.",weekly_watchlist,35.8,35.8,5622.23,-22.67,"[17.96, 9.71]","[31, 2]",0.9,37.0,strong,455
ASTRAL.NS,Astral Limited,Building Products & Equipment,Industrials,Industrials,True,F&O,1,Stage 4,Stage 4,Stage 4 - Weak/Declining,0.72,Price is below long-term support with weak trend evidence.,,,2026-06-22,,11.27,-13.0,730407265.18,0.43,0.39,0.47,True,True,"Stage 4, Stage 4 - Weak/Declining, weekly_vcp_ok, volume_dryup, weekly_volume_dryup, weekly_strong, downtrend",weekly_watchlist,35.8,35.8,1612.26,-13.02,"[19.06, 18.78]","[10, 6]",0.9,17.0,strong,456
GODFRYPHLP.NS,Godfrey Phillips India Limited,Consumer Defensive,Consumer Defensive,Consumer Defensive,True,F&O,1,Stage 4,Stage 4,Stage 4 - Confirmed Downtrend,0.86,Price is below a bearish moving-average stack with falling trend signals.,,,,,-3.7,-7.43,335106017.94,0.53,0.85,0.62,True,True,"Stage 4, Stage 4 - Confirmed Downtrend, weekly_vcp_ok, volume_dryup, weekly_volume_dryup, weekly_strong, downtrend",weekly_watchlist,35.8,35.8,2460.08,-22.77,"[30.47, 19.21]","[5, 10]",0.9,23.0,strong,457
TATAINVEST.NS,Tata Investment Corporation Limited,Asset Management,Financial Services,Financial Services,False,Cash,1,Stage 4,Stage 4,Stage 4 - Weak/Declining,0.72,Price is below long-term support with weak trend evidence.,,,,,-4.23,-4.91,1699363163.81,0.33,0.2,0.29,True,True,"Stage 4, Stage 4 - Weak/Declining, weekly_vcp_ok, volume_dryup, weekly_volume_dryup, weekly_strong, downtrend",weekly_watchlist,35.8,35.8,716.05,-12.83,"[27.35, 18.09]","[6, 13]",0.9,22.0,strong,458
CREDITACC.NS,CREDITACCESS GRAMEEN LIMITED,Credit Services,Financial Services,Financial Services,False,Cash,1,Stage 4,Stage 4,Stage 4,0.66,Declining structure detected.,,,2026-09-14,,-13.5,4.34,219198147.38,0.88,0.51,0.88,False,True,"Stage 4, Stage 4, weekly_vcp_ok, weekly_volume_dryup, weekly_strong, downtrend",weekly_watchlist,35.8,35.8,1636.86,-22.67,"[25.64, 21.61]","[9, 5]",0.9,20.0,strong,459
KPITTECH.NS,KPIT Technologies Limited,Software - Infrastructure,Technology,Technology,True,F&O,1,Stage 4,Stage 4,Stage 4 - Confirmed Downtrend,0.86,Price is below a bearish moving-average stack with falling trend signals.,,,,,-6.92,-29.17,808524345.86,0.56,0.61,0.43,True,True,"Stage 4, Stage 4 - Confirmed Downtrend, weekly_vcp_ok, volume_dryup, weekly_volume_dryup, weekly_strong, downtrend",weekly_watchlist,35.8,35.8,820.52,-39.95,"[49.6, 34.26]","[10, 6]",0.9,27.0,strong,460
CENTURYPLY.NS,Century Plyboards (India) Limited,Basic Materials,Basic Materials,Basic Materials,False,Cash,1,Stage 4,Stage 4,Stage 4 - Confirmed Downtrend,0.86,Price is below a bearish moving-average stack with falling trend signals.,,,2026-08-11,,-7.37,-6.44,70097955.16,1.38,1.2,1.79,False,False,"Stage 4, Stage 4 - Confirmed Downtrend, weekly_vcp_ok, weekly_strong, downtrend",weekly_watchlist,35.8,35.8,826.89,-17.78,"[28.0, 13.58]","[7, 2]",0.9,18.0,strong,461
KEC.NS,KEC International Limited,Engineering & Construction,Industrials,Industrials,False,Cash,1,Stage 4,Stage 4,Stage 4 - Confirmed Downtrend,0.86,Price is below a bearish moving-average stack with falling trend signals.,,,,,-20.24,-31.91,412578401.04,0.6,1.05,0.54,True,True,"Stage 4, Stage 4 - Confirmed Downtrend, weekly_vcp_ok, volume_dryup, weekly_volume_dryup, weekly_strong, downtrend",weekly_watchlist,35.8,35.8,610.96,-38.64,"[34.49, 24.47]","[14, 6]",0.9,21.0,strong,462
CHOICEIN.NS,Choice International Limited,Capital Markets,Financial Services,Financial Services,False,Cash,1,Stage 4,Stage 4,Stage 4 - Weak/Declining,0.72,Price is below long-term support with weak trend evidence.,,,2026-08-24,,-7.81,6.81,328520223.45,0.97,2.25,1.33,False,False,"Stage 4, Stage 4 - Weak/Declining, weekly_vcp_ok, weekly_strong, downtrend",weekly_watchlist,35.8,35.8,854.3,-14.88,"[30.17, 14.12]","[5, 7]",0.9,16.0,strong,463
CANFINHOME.NS,Can Fin Homes Limited,Mortgage Finance,Financial Services,Financial Services,False,Cash,1,Stage 4,Stage 4,Stage 4 - Confirmed Downtrend,0.86,Price is below a bearish moving-average stack with falling trend signals.,,,2026-07-17,,-15.16,-11.18,200824664.35,1.15,0.76,1.24,False,False,"Stage 4, Stage 4 - Confirmed Downtrend, weekly_vcp_ok, weekly_strong, downtrend",weekly_watchlist,35.8,35.8,940.85,-21.91,"[20.54, 16.0]","[13, 6]",0.9,24.0,strong,464
RITES.NS,RITES Limited,Engineering & Construction,Industrials,Industrials,False,Cash,1,Stage 4,Stage 4,Stage 4 - Weak/Declining,0.72,Price is below long-term support with weak trend evidence.,,,,,-3.82,1.95,823523938.01,3.92,0.23,7.76,False,False,"Stage 4, Stage 4 - Weak/Declining, weekly_vcp_ok, weekly_strong, downtrend",weekly_watchlist,35.8,35.8,240.33,-15.32,"[24.89, 14.09]","[7, 4]",0.9,16.0,strong,465
WAAREERTL.NS,Waaree Renewable Technologies Limited,Utilities - Renewable,Utilities,Utilities,False,Cash,1,Stage 4,Stage 4,Stage 4 - Weak/Declining,0.72,Price is below long-term support with weak trend evidence.,,,2026-07-22,,-11.91,-9.27,101632096.57,1.27,0.88,0.92,False,False,"Stage 4, Stage 4 - Weak/Declining, weekly_vcp_ok, weekly_strong, downtrend",weekly_watchlist,35.8,35.8,1063.86,-22.36,"[24.53, 25.34]","[5, 11]",0.9,22.0,strong,466
STARCEMENT.NS,Star Cement Limited,Building Materials,Basic Materials,Basic Materials,False,Cash,1,Stage 4,Stage 4,Stage 4 - Confirmed Downtrend,0.86,Price is below a bearish moving-average stack with falling trend signals.,,,,,-9.29,-17.64,34525452.25,0.61,0.17,0.85,True,True,"Stage 4, Stage 4 - Confirmed Downtrend, weekly_vcp_ok, volume_dryup, weekly_volume_dryup, weekly_strong, downtrend",weekly_watchlist,35.8,35.8,243.41,-27.52,"[18.9, 15.4]","[5, 6]",0.9,30.0,strong,467
TTML.NS,Tata Teleservices (Maharashtra) Limited,Telecom Services,Communication Services,Communication Services,False,Cash,1,Stage 4,Stage 4,Stage 4 - Confirmed Downtrend,0.86,Price is below a bearish moving-average stack with falling trend signals.,,,,,-12.57,-17.12,225104898.72,2.5,0.2,0.7,False,True,"Stage 4, Stage 4 - Confirmed Downtrend, weekly_vcp_ok, weekly_volume_dryup, weekly_strong, downtrend",weekly_watchlist,35.8,35.8,40.57,-15.75,"[34.75, 17.83]","[7, 3]",0.9,13.0,strong,468
BORORENEW.NS,BOROSIL RENEWABLES LIMITED,Solar,Technology,Technology,False,Cash,1,Stage 4,Stage 4,Stage 4 - Weak/Declining,0.72,Price is below long-term support with weak trend evidence.,,,2026-08-04,,-26.34,-2.95,197986451.92,0.86,0.46,0.9,False,True,"Stage 4, Stage 4 - Weak/Declining, weekly_vcp_ok, weekly_volume_dryup, weekly_strong, downtrend",weekly_watchlist,35.8,35.8,671.07,-32.97,"[48.07, 15.53]","[20, 4]",0.9,29.0,strong,469
RELIGARE.NS,Religare Enterprises Limited,Insurance - Life,Financial Services,Financial Services,False,Cash,1,Stage 2 Failed,Stage 4,Failed Stage 2,0.72,"This stock was recently Stage 2, but the latest structure no longer satisfies Stage 2 rules. It is kept as Stage 2 Failed until a fresh base/repair structure forms.",Recent Stage 2 break; public stage held as Stage 2 Failed.,2026-10-06,2026-09-23,,-11.48,1.81,175376395.21,0.69,0.59,0.85,True,True,"Stage 4, Stage 4, weekly_vcp_ok, volume_dryup, weekly_volume_dryup, weekly_strong, downtrend | Stage 2 failed state applied from stage memory.",weekly_watchlist,35.8,35.8,280.49,-18.8,"[26.89, 20.27]","[4, 9]",0.9,28.0,strong,470
RCF.NS,Rashtriya Chemicals and Fertilizers Limited,Agricultural Inputs,Basic Materials,Basic Materials,False,Cash,1,Stage 4,Stage 4,Stage 4 - Confirmed Downtrend,0.86,Price is below a bearish moving-average stack with falling trend signals.,,,,,-11.44,-11.78,108898595.52,0.77,0.51,0.68,True,True,"Stage 4, Stage 4 - Confirmed Downtrend, weekly_vcp_ok, volume_dryup, weekly_volume_dryup, weekly_strong, downtrend",weekly_watchlist,35.8,35.8,138.53,-21.36,"[29.24, 20.66]","[12, 22]",0.9,36.0,strong,471
GSFC.NS,Gujarat State Fertilizers & Chemicals Limited,Agricultural Inputs,Basic Materials,Basic Materials,False,Cash,1,Stage 4,Stage 4,Stage 4 - Weak/Declining,0.72,Price is below long-term support with weak trend evidence.,,,,,3.08,-4.56,136385347.53,0.78,0.98,0.75,True,True,"Stage 4, Stage 4 - Weak/Declining, weekly_vcp_ok, volume_dryup, weekly_volume_dryup, weekly_strong, downtrend",weekly_watchlist,35.8,35.8,175.27,-12.44,"[25.58, 15.49]","[12, 9]",0.9,28.0,strong,472
ASHAPURMIN.NS,Ashapura Minechem Limited,Basic Materials,Basic Materials,Basic Materials,False,Cash,1,Stage 4,Stage 4,Stage 4 - Confirmed Downtrend,0.86,Price is below a bearish moving-average stack with falling trend signals.,,,2026-08-07,,-16.14,-3.95,159343634.39,0.66,0.71,0.62,True,True,"Stage 4, Stage 4 - Confirmed Downtrend, weekly_vcp_ok, volume_dryup, weekly_volume_dryup, weekly_strong, downtrend",weekly_watchlist,35.8,35.8,786.41,-36.05,"[50.79, 20.85]","[12, 5]",0.9,26.0,strong,473
ARVINDFASN.NS,Arvind Fashions Limited,Apparel Manufacturing,Consumer Cyclical,Consumer Cyclical,False,Cash,1,Stage 4,Stage 4,Stage 4 - Confirmed Downtrend,0.86,Price is below a bearish moving-average stack with falling trend signals.,,,,,-6.81,-10.27,95743797.7,1.13,1.42,1.46,False,False,"Stage 4, Stage 4 - Confirmed Downtrend, weekly_vcp_ok, weekly_strong, downtrend",weekly_watchlist,35.8,35.8,494.14,-17.76,"[28.78, 12.2]","[8, 4]",0.9,28.0,strong,474
GREENLAM.NS,Greenlam Industries Limited,"Furnishings, Fixtures & Appliances",Consumer Cyclical,Consumer Cyclical,False,Cash,1,Stage 4,Stage 4,Stage 4 - Weak/Declining,0.72,Price is below long-term support with weak trend evidence.,,,2026-08-27,,-13.14,-2.12,10867242.59,0.46,1.01,0.45,True,True,"Stage 4, Stage 4 - Weak/Declining, weekly_vcp_ok, volume_dryup, weekly_volume_dryup, weekly_strong, downtrend",weekly_watchlist,35.8,35.8,278.55,-23.88,"[25.77, 13.04]","[7, 5]",0.9,26.0,strong,475
ICRA.NS,ICRA Limited,Financial Services,Financial Services,Financial Services,False,Cash,1,Stage 4,Stage 4,Stage 4 - Confirmed Downtrend,0.86,Price is below a bearish moving-average stack with falling trend signals.,,,,,-9.74,-15.08,122487792.59,0.85,0.63,0.84,False,True,"Stage 4, Stage 4 - Confirmed Downtrend, weekly_vcp_ok, weekly_volume_dryup, weekly_strong, downtrend",weekly_watchlist,35.8,35.8,5524.36,-21.14,"[23.61, 13.79]","[12, 14]",0.9,29.0,strong,476
MAPMYINDIA.NS,C.E. Info Systems Limited,Software - Infrastructure,Technology,Technology,False,Cash,1,Stage 4,Stage 4,Stage 4 - Weak/Declining,0.72,Price is below long-term support with weak trend evidence.,,,,,-12.36,-3.44,172605754.11,0.51,0.38,0.35,True,True,"Stage 4, Stage 4 - Weak/Declining, weekly_vcp_ok, volume_dryup, weekly_volume_dryup, weekly_strong, downtrend",weekly_watchlist,35.8,35.8,1230.49,-27.13,"[54.64, 28.57]","[13, 3]",0.9,22.0,strong,477
SWSOLAR.NS,Sterling and Wilson Renewable Energy Limited,Solar,Technology,Technology,False,Cash,1,Stage 4,Stage 4,Stage 4 - Confirmed Downtrend,0.86,Price is below a bearish moving-average stack with falling trend signals.,,,,,-22.43,-2.52,211864939.18,1.0,1.3,1.08,False,False,"Stage 4, Stage 4 - Confirmed Downtrend, weekly_vcp_ok, weekly_strong, downtrend",weekly_watchlist,35.8,35.8,261.26,-33.96,"[33.41, 23.64]","[6, 6]",0.9,15.0,strong,478
WEBELSOLAR.NS,Websol Energy System Limited,Solar,Technology,Technology,False,Cash,1,Stage 4,Stage 4,Stage 4 - Weak/Declining,0.72,Price is below long-term support with weak trend evidence.,,,,,-24.14,-9.83,117798308.24,0.78,1.6,0.76,True,True,"Stage 4, Stage 4 - Weak/Declining, weekly_vcp_ok, volume_dryup, weekly_volume_dryup, weekly_strong, downtrend",weekly_watchlist,35.8,35.8,128.11,-44.67,"[63.45, 23.08]","[17, 3]",0.9,27.0,strong,479
LUXIND.NS,Lux Industries Limited,Apparel Manufacturing,Consumer Cyclical,Consumer Cyclical,False,Cash,1,Stage 4,Stage 4,Stage 4,0.66,Declining structure detected.,,,2026-06-09,,-2.99,-11.5,61802418.79,0.81,0.61,0.67,True,True,"Stage 4, Stage 4, weekly_vcp_ok, volume_dryup, weekly_volume_dryup, weekly_strong, downtrend",weekly_watchlist,35.8,35.8,1339.77,-12.15,"[33.91, 23.13]","[9, 10]",0.9,21.0,strong,480
HGINFRA.NS,H.G. Infra Engineering Limited,Engineering & Construction,Industrials,Industrials,False,Cash,1,Stage 4,Stage 4,Stage 4 - Confirmed Downtrend,0.86,Price is below a bearish moving-average stack with falling trend signals.,,,,,-21.08,-23.53,360013979.59,3.35,0.9,0.5,False,True,"Stage 4, Stage 4 - Confirmed Downtrend, weekly_vcp_ok, weekly_volume_dryup, weekly_strong, downtrend",weekly_watchlist,35.8,35.8,576.76,-27.66,"[39.07, 17.46]","[7, 8]",0.9,17.0,strong,481
ROUTE.NS,ROUTE MOBILE LIMITED,Telecom Services,Communication Services,Communication Services,False,Cash,1,Stage 4,Stage 4,Stage 4 - Confirmed Downtrend,0.86,Price is below a bearish moving-average stack with falling trend signals.,,,,,-14.38,-9.44,106395498.37,0.94,0.61,0.51,False,True,"Stage 4, Stage 4 - Confirmed Downtrend, weekly_vcp_ok, weekly_volume_dryup, weekly_strong, downtrend",weekly_watchlist,35.8,35.8,643.82,-33.09,"[36.96, 15.12]","[7, 2]",0.9,14.0,strong,482
KITEX.NS,Kitex Garments Limited,Apparel Manufacturing,Consumer Cyclical,Consumer Cyclical,False,Cash,1,Stage 4,Stage 4,Stage 4 - Confirmed Downtrend,0.86,Price is below a bearish moving-average stack with falling trend signals.,,,,,-17.39,-28.8,42415351.75,0.93,0.65,0.83,False,True,"Stage 4, Stage 4 - Confirmed Downtrend, weekly_vcp_ok, weekly_volume_dryup, weekly_strong, downtrend",weekly_watchlist,35.8,35.8,173.49,-31.43,"[38.65, 20.59]","[8, 7]",0.9,18.0,strong,483
MUTHOOTMF.NS,Muthoot Microfin Limited,Credit Services,Financial Services,Financial Services,False,Cash,1,Stage 4,Stage 4,Stage 4,0.66,Declining structure detected.,,,2026-09-14,,-11.31,6.23,30130627.28,0.4,0.84,0.37,True,True,"Stage 4, Stage 4, weekly_vcp_ok, volume_dryup, weekly_volume_dryup, weekly_strong, downtrend",weekly_watchlist,35.8,35.8,263.23,-32.85,"[28.87, 21.19]","[5, 4]",0.9,15.0,strong,484
GATEWAY.NS,Gateway Distriparks Limited,Industrials,Industrials,Industrials,False,Cash,1,Stage 4,Stage 4,Stage 4 - Confirmed Downtrend,0.86,Price is below a bearish moving-average stack with falling trend signals.,,,2026-07-15,,-5.55,-8.09,30408177.2,0.64,2.44,0.83,True,True,"Stage 4, Stage 4 - Confirmed Downtrend, weekly_vcp_ok, volume_dryup, weekly_volume_dryup, weekly_strong, downtrend",weekly_watchlist,35.8,35.8,62.0,-17.88,"[24.55, 12.81]","[6, 2]",0.9,14.0,strong,485
POKARNA.NS,Pokarna Limited,Building Products & Equipment,Industrials,Industrials,False,Cash,1,Stage 4,Stage 4,Stage 4 - Weak/Declining,0.72,Price is below long-term support with weak trend evidence.,,,2026-08-18,,-26.76,-19.92,109730606.31,0.49,0.44,0.57,True,True,"Stage 4, Stage 4 - Weak/Declining, weekly_vcp_ok, volume_dryup, weekly_volume_dryup, weekly_strong, downtrend",weekly_watchlist,35.8,35.8,1144.59,-37.98,"[30.93, 21.13]","[7, 6]",0.9,16.0,strong,486
SUNFLAG.NS,Sunflag Iron And Steel Company Limited,Steel,Basic Materials,Basic Materials,False,Cash,1,Stage 2,Stage 2,Extended Stage 2,0.78,"Advancing structure remains intact, but price is stretched versus key moving averages or far above the 52-week low.",,,2026-10-05,,38.97,85.09,326566513.23,3.2,1.29,1.27,False,False,"Stage 2, Extended Stage 2, trend_template_ok",weekly_watchlist,33.2,35.7,393.95,16.53,[11.91],[11],0.0,11.0,weak,487
JASH.NS,Jash Engineering Limited,Specialty Industrial Machinery,Industrials,Industrials,False,Cash,1,Stage 2,Stage 2,Clean Stage 2,0.9,"Price is above rising key averages, weekly structure is supportive, and the stock is near its 52-week high.",,,2026-10-05,,16.53,48.89,624181155.26,0.75,0.23,0.77,True,True,"Stage 2, Clean Stage 2, trend_template_ok, volume_dryup, weekly_volume_dryup",weekly_watchlist,30.54,35.54,547.85,8.6,[20.73],[10],0.0,10.0,weak,488
KMEW.NS,Knowledge Marine & Engineering Works Limited,Marine Shipping,Industrials,Industrials,False,Cash,1,Stage 2,Stage 2,Extended Stage 2,0.78,"Advancing structure remains intact, but price is stretched versus key moving averages or far above the 52-week low.",,,2026-10-05,,37.36,85.1,388964418.98,1.27,2.24,1.19,False,False,"Stage 2, Extended Stage 2, trend_template_ok",weekly_watchlist,30.4,35.4,3180.56,0.68,[21.61],[2],0.0,2.0,weak,489
CYIENTDLM.NS,Cyient DLM Limited,Electronic Components,Technology,Technology,False,Cash,1,Stage 2,Stage 2,Extended Stage 2,0.78,"Advancing structure remains intact, but price is stretched versus key moving averages or far above the 52-week low.",,,2026-10-05,,76.72,196.86,389368022.91,0.53,0.36,0.47,True,True,"Stage 2, Extended Stage 2, trend_template_ok, volume_dryup, weekly_volume_dryup",weekly_watchlist,30.4,35.4,1010.77,-7.1,[23.79],[2],0.0,2.0,weak,490
PGIL.NS,Pearl Global Industries Limited,Apparel Manufacturing,Consumer Cyclical,Consumer Cyclical,False,Cash,1,Stage 2,Stage 2,Clean Stage 2,0.9,"Price is above rising key averages, weekly structure is supportive, and the stock is near its 52-week high.",,,2026-10-05,,32.59,66.68,302311564.73,0.91,1.2,0.49,False,True,"Stage 2, Clean Stage 2, trend_template_ok, weekly_volume_dryup",weekly_watchlist,35.2,35.2,1272.02,-0.42,[13.21],[6],0.0,6.0,weak,491
BHEL.NS,Bharat Heavy Electricals Limited,Specialty Industrial Machinery,Industrials,Industrials,True,F&O,1,Stage 2,Stage 2,Clean Stage 2,0.9,"Price is above rising key averages, weekly structure is supportive, and the stock is near its 52-week high.",,,2026-10-05,,19.36,58.41,3066858021.51,1.15,3.48,1.48,False,False,"Stage 2, Clean Stage 2, trend_template_ok",weekly_watchlist,30.18,35.18,442.65,2.11,[13.49],[2],0.0,2.0,weak,492
NPST.NS,Network People Services Technologies Limited,Software - Application,Technology,Technology,False,Cash,1,Stage 2,Stage 2,Clean Stage 2,0.9,"Price is above rising key averages, weekly structure is supportive, and the stock is near its 52-week high.",,,2026-10-05,,19.24,46.54,428862652.46,0.69,0.37,0.72,True,True,"Stage 2, Clean Stage 2, trend_template_ok, volume_dryup, weekly_volume_dryup",weekly_watchlist,32.58,35.08,1935.3,-5.16,[20.66],[5],0.0,5.0,weak,493
ASTERDM.NS,Aster DM Healthcare Limited,Medical Care Facilities,Healthcare,Healthcare,False,Cash,1,Stage 2 Failed,Stage 4,Failed Stage 2,0.72,"This stock was recently Stage 2, but the latest structure no longer satisfies Stage 2 rules. It is kept as Stage 2 Failed until a fresh base/repair structure forms.",Recent Stage 2 break; public stage held as Stage 2 Failed.,2026-10-06,2026-09-15,,-10.54,1.26,885002702.28,0.52,0.77,0.72,True,True,"Stage 4, Stage 4, weekly_vcp_ok, volume_dryup, weekly_volume_dryup, weekly_strong, downtrend | Stage 2 failed state applied from stage memory.",weekly_watchlist,35.0,35.0,892.86,-23.31,"[17.69, 17.31]","[4, 4]",0.9,11.0,strong,494
MOTHERSON.NS,Samvardhana Motherson International Limited,Auto Parts,Consumer Cyclical,Consumer Cyclical,True,F&O,1,Stage 2,Stage 2,Early Stage 2,0.72,"Price has moved above long-term structure, but the full moving-average stack is not clean yet.",,,2026-10-05,,16.56,35.4,1743518828.24,0.83,0.64,0.78,True,True,"Stage 2, Early Stage 2, volume_dryup, weekly_volume_dryup",weekly_watchlist,32.4,34.9,173.27,-7.66,[9.92],[6],0.0,6.0,weak,495
LALPATHLAB.NS,Dr. Lal Path Labs Ltd.,Diagnostics & Research,Healthcare,Healthcare,False,Cash,1,Stage 2,Stage 2,Clean Stage 2,0.9,"Price is above rising key averages, weekly structure is supportive, and the stock is near its 52-week high.",,,2026-10-05,,21.54,41.38,681228986.98,1.13,0.83,1.19,False,False,"Stage 2, Clean Stage 2, trend_template_ok",weekly_watchlist,29.89,34.89,2042.17,-3.82,[6.7],[3],0.0,3.0,weak,496
ITCHOTELS.NS,ITC Hotels Limited,Consumer Cyclical,Consumer Cyclical,Consumer Cyclical,False,Cash,1,Stage 4,Stage 4,Stage 4 - Weak/Declining,0.72,Price is below long-term support with weak trend evidence.,,,,,-9.78,5.22,242695106.6,0.99,0.82,0.75,False,True,"Stage 4, Stage 4 - Weak/Declining, weekly_vcp_ok, weekly_volume_dryup, weekly_strong, downtrend",weekly_watchlist,33.8,34.8,188.33,-14.93,"[15.74, 13.38]","[2, 5]",0.9,10.0,strong,497
CAMS.NS,Computer Age Management Services Limited,Information Technology Services,Technology,Technology,True,F&O,1,Stage 4,Stage 4,Stage 4 - Weak/Declining,0.72,Price is below long-term support with weak trend evidence.,,,2026-08-31,,-5.16,-1.41,836434151.35,1.03,0.84,1.32,False,False,"Stage 4, Stage 4 - Weak/Declining, weekly_vcp_ok, weekly_strong, downtrend",weekly_watchlist,33.8,34.8,829.31,-16.33,"[14.78, 11.14]","[5, 4]",0.9,10.0,strong,498
IPCALAB.NS,IPCA Laboratories Limited,Drug Manufacturers - Specialty & Generic,Healthcare,Healthcare,False,Cash,1,Stage 2,Stage 2,Clean Stage 2,0.9,"Price is above rising key averages, weekly structure is supportive, and the stock is near its 52-week high.",,,2026-10-05,,14.9,34.9,480300690.42,0.56,1.1,0.66,True,True,"Stage 2, Clean Stage 2, trend_template_ok, volume_dryup, weekly_volume_dryup",weekly_watchlist,29.78,34.78,2041.57,-4.71,[13.61],[4],0.0,4.0,weak,499
MANKIND.NS,Mankind Pharma Limited,Drug Manufacturers - Specialty & Generic,Healthcare,Healthcare,True,F&O,1,Stage 2,Stage 2,Stage 2,0.76,Advancing structure detected.,,,2026-10-05,,3.64,21.09,1353212545.52,1.33,0.65,1.13,False,False,"Stage 2, Stage 2",weekly_watchlist,29.67,34.67,2428.14,2.96,[15.9],[6],0.0,6.0,weak,500
ROSSTECH.NS,Rossell Techsys Limited,Aerospace & Defense,Industrials,Industrials,False,Cash,1,Stage 2,Stage 2,Extended Stage 2,0.78,"Advancing structure remains intact, but price is stretched versus key moving averages or far above the 52-week low.",,,2026-10-05,,64.16,76.79,731919653.45,0.85,1.26,0.86,False,True,"Stage 2, Extended Stage 2, trend_template_ok, weekly_volume_dryup",weekly_watchlist,29.6,34.6,1173.79,37.34,[20.68],[8],0.0,8.0,weak,501
CENTUM.NS,Centum Electronics Limited,Electronic Components,Technology,Technology,False,Cash,1,Stage 2,Stage 2,Clean Stage 2,0.9,"Price is above rising key averages, weekly structure is supportive, and the stock is near its 52-week high.",,,2026-10-05,,29.91,63.23,487068557.62,1.41,0.72,1.73,False,False,"Stage 2, Clean Stage 2, trend_template_ok",weekly_watchlist,29.6,34.6,5008.25,-11.13,[16.76],[8],0.0,8.0,weak,502
SONACOMS.NS,Sona BLW Precision Forgings Limited,Auto Parts,Consumer Cyclical,Consumer Cyclical,True,F&O,1,Stage 2,Stage 2,Clean Stage 2,0.9,"Price is above rising key averages, weekly structure is supportive, and the stock is near its 52-week high.",,,2026-10-05,,27.28,45.29,1809002194.99,1.21,0.84,0.89,False,True,"Stage 2, Clean Stage 2, trend_template_ok, weekly_volume_dryup",weekly_watchlist,32.06,34.56,845.48,-3.01,[10.07],[4],0.0,4.0,weak,503
CHALET.NS,Chalet Hotels Limited,Lodging,Consumer Cyclical,Consumer Cyclical,False,Cash,1,Stage 2 Failed,Stage 4,Failed Stage 2,0.72,"This stock was recently Stage 2, but the latest structure no longer satisfies Stage 2 rules. It is kept as Stage 2 Failed until a fresh base/repair structure forms.",Recent Stage 2 break; public stage held as Stage 2 Failed.,2026-10-06,2026-09-29,,4.64,7.19,145942994.11,1.15,0.36,1.67,False,False,"Stage 4, Stage 4 - Weak/Declining, weekly_vcp_ok, weekly_strong, downtrend | Stage 2 failed state applied from stage memory.",weekly_watchlist,33.32,34.32,940.52,-13.01,"[24.36, 10.25, 11.07, 10.27]","[8, 3, 2, 2]",0.73,25.0,strong,504
VISHNU.NS,Vishnu Chemicals Limited,Specialty Chemicals,Basic Materials,Basic Materials,False,Cash,1,Stage 2,Stage 2,Clean Stage 2,0.9,"Price is above rising key averages, weekly structure is supportive, and the stock is near its 52-week high.",,,2026-10-05,,20.4,35.89,71418284.06,0.71,1.6,1.03,True,False,"Stage 2, Clean Stage 2, trend_template_ok, volume_dryup",weekly_watchlist,29.23,34.23,745.3,-6.68,[13.39],[3],0.0,3.0,weak,505
PARAGMILK.NS,Parag Milk Foods Limited,Packaged Foods,Consumer Defensive,Consumer Defensive,False,Cash,1,Stage 2 Failed,Stage 2,Failed Stage 2,0.7,Failed Stage 2 cooling period is still active; waiting for a fresh base or confirmed reclaim.,Failed Stage 2 hold period active.,,2026-09-22,,38.39,51.33,656024608.79,1.46,3.94,1.61,False,False,"Stage 2, Extended Stage 2 | Failed Stage 2 hold period active.",weekly_watchlist,33.2,34.2,286.7,7.67,[16.87],[11],0.0,11.0,weak,506
AXISCADES.NS,AXISCADES Technologies Limited,Engineering & Construction,Industrials,Industrials,False,Cash,1,Stage 2,Stage 2,Extended Stage 2,0.78,"Advancing structure remains intact, but price is stretched versus key moving averages or far above the 52-week low.",,,2026-10-05,,47.14,36.42,637785581.15,1.85,0.53,2.86,False,False,"Stage 2, Extended Stage 2",weekly_watchlist,34.0,34.0,1646.88,38.96,[35.95],[13],0.0,13.0,weak,507
MAHSEAMLES.NS,Maharashtra Seamless Limited,Steel,Basic Materials,Basic Materials,False,Cash,1,Stage 2,Stage 2,Clean Stage 2,0.9,"Price is above rising key averages, weekly structure is supportive, and the stock is near its 52-week high.",,,2026-10-05,,20.97,11.56,289771675.82,1.21,0.5,1.48,False,False,"Stage 2, Clean Stage 2, trend_template_ok",weekly_watchlist,31.45,33.95,652.67,5.06,"[14.78, 15.77]","[7, 4]",0.1,13.0,weak,508
BALKRISIND.NS,Balkrishna Industries Limited,Auto Parts,Consumer Cyclical,Consumer Cyclical,False,Cash,1,Stage 4,Stage 4,Stage 4 - Weak/Declining,0.72,Price is below long-term support with weak trend evidence.,,,2026-09-07,,-0.45,-5.06,432337295.58,0.22,0.21,0.28,True,True,"Stage 4, Stage 4 - Weak/Declining, weekly_vcp_ok, volume_dryup, weekly_volume_dryup, weekly_strong, downtrend",weekly_watchlist,31.4,33.9,2562.48,-18.72,"[16.22, 13.17]","[2, 4]",0.9,8.0,strong,509
GUFICBIO.NS,Gufic Biosciences Limited,Drug Manufacturers - Specialty & Generic,Healthcare,Healthcare,False,Cash,1,Stage 2,Stage 2,Clean Stage 2,0.9,"Price is above rising key averages, weekly structure is supportive, and the stock is near its 52-week high.",,,2026-10-05,,17.22,43.47,42437749.9,0.87,0.57,1.21,False,False,"Stage 2, Clean Stage 2, trend_template_ok",weekly_watchlist,28.87,33.87,468.62,-8.71,[11.8],[9],0.0,9.0,weak,510
JSWENERGY.NS,JSW Energy Limited,Utilities,Utilities,Utilities,True,F&O,1,Stage 4,Stage 4,Stage 4 - Weak/Declining,0.72,Price is below long-term support with weak trend evidence.,,,2026-08-27,,-5.95,-1.72,782625626.04,0.97,2.11,1.0,False,False,"Stage 4, Stage 4 - Weak/Declining, weekly_vcp_ok, weekly_strong, downtrend",weekly_watchlist,33.8,33.8,584.42,-15.32,"[13.74, 13.61]","[2, 6]",0.9,10.0,strong,511
PFC.NS,Power Finance Corporation Limited,Credit Services,Financial Services,Financial Services,True,F&O,1,Stage 4,Stage 4,Stage 4 - Weak/Declining,0.72,Price is below long-term support with weak trend evidence.,,,2026-07-01,,-14.4,-23.25,2632056590.79,1.04,0.88,0.92,False,False,"Stage 4, Stage 4 - Weak/Declining, weekly_vcp_ok, weekly_strong, downtrend",weekly_watchlist,33.8,33.8,425.4,-24.16,"[16.04, 10.3]","[5, 2]",0.9,10.0,strong,512
SAREGAMA.NS,Saregama India Limited,Communication Services,Communication Services,Communication Services,False,Cash,1,Stage 2,Stage 2,Early Stage 2,0.72,"Price has moved above long-term structure, but the full moving-average stack is not clean yet.",,,2026-10-05,,10.43,53.7,185915847.11,0.65,0.4,0.83,True,True,"Stage 2, Early Stage 2, daily_vcp_ok, volume_dryup, weekly_volume_dryup",weekly_watchlist,31.21,33.71,517.4,-2.65,[17.32],[4],0.0,4.0,weak,513
GUJTHEM.NS,Gujarat Themis Biosyn Limited,Drug Manufacturers - Specialty & Generic,Healthcare,Healthcare,False,Cash,1,Stage 2,Stage 2,Early Stage 2,0.72,"Price has moved above long-term structure, but the full moving-average stack is not clean yet.",,,2026-10-05,,7.71,38.89,160326626.99,0.61,0.38,0.47,True,True,"Stage 2, Early Stage 2, volume_dryup, weekly_volume_dryup",weekly_watchlist,28.66,33.66,470.11,-17.04,[22.56],[10],0.0,10.0,weak,514
SETL.NS,Standard Engineering Technology Limited,Specialty Industrial Machinery,Industrials,Industrials,False,Cash,1,Stage 2,Stage 2,Extended Stage 2,0.78,"Advancing structure remains intact, but price is stretched versus key moving averages or far above the 52-week low.",,,2026-10-05,,51.96,222.92,345436072.14,0.58,0.44,0.5,True,True,"Stage 2, Extended Stage 2, trend_template_ok, volume_dryup, weekly_volume_dryup",weekly_watchlist,28.4,33.4,468.97,-8.67,[26.24],[7],0.0,7.0,weak,515
METROPOLIS.NS,Metropolis Healthcare Limited,Diagnostics & Research,Healthcare,Healthcare,False,Cash,1,Stage 2,Stage 2,Early Stage 2,0.72,"Price has moved above long-term structure, but the full moving-average stack is not clean yet.",,,2026-10-05,,1.94,20.6,128793214.56,0.98,1.53,1.29,False,False,"Stage 2, Early Stage 2",weekly_watchlist,28.25,33.25,610.12,-9.42,[10.39],[14],0.0,14.0,weak,516
EMCURE.NS,Emcure Pharmaceuticals Limited,Drug Manufacturers - Specialty & Generic,Healthcare,Healthcare,False,Cash,1,Stage 2,Stage 2,Early Stage 2,0.72,"Price has moved above long-term structure, but the full moving-average stack is not clean yet.",,,2026-10-05,,11.08,21.18,413962611.13,0.66,2.21,1.1,True,False,"Stage 2, Early Stage 2, volume_dryup",weekly_watchlist,28.23,33.23,2104.38,-8.65,"[9.93, 10.64]","[3, 2]",0.1,9.0,weak,517
CSBBANK.NS,CSB Bank Limited,Banks - Regional,Financial Services,Financial Services,False,Cash,1,Stage 4,Stage 4,Stage 4 - Confirmed Downtrend,0.86,Price is below a bearish moving-average stack with falling trend signals.,,,,,-8.24,-23.63,298102471.32,0.59,0.52,0.71,True,True,"Stage 4, Stage 4 - Confirmed Downtrend, weekly_vcp_ok, volume_dryup, weekly_volume_dryup, weekly_strong, downtrend",weekly_watchlist,32.13,33.13,417.93,-26.82,"[43.45, 18.5, 16.03, 17.03]","[10, 4, 2, 3]",0.73,36.0,strong,518
POONAWALLA.NS,Poonawalla Fincorp Limited,Credit Services,Financial Services,Financial Services,False,Cash,1,Stage 2 Failed,Stage 1,Failed Stage 2,0.72,"This stock was recently Stage 2, but the latest structure no longer satisfies Stage 2 rules. It is kept as Stage 2 Failed until a fresh base/repair structure forms.",Recent Stage 2 break; public stage held as Stage 2 Failed.,2026-10-06,2026-09-23,,3.9,15.88,584919621.2,0.91,0.65,0.78,False,True,"Stage 1, Stage 1 - Unclear/Repair, stage1_base_ready, weekly_vcp_ok, weekly_volume_dryup, stage1_not_actionable | Stage 2 failed state applied from stage memory.",weekly_watchlist,33.08,33.08,512.8,-10.21,"[24.85, 28.19, 20.98]","[4, 7, 5]",0.55,22.0,moderate,519
CGPOWER.NS,CG Power and Industrial Solutions Limited,Electrical Equipment & Parts,Industrials,Industrials,True,F&O,1,Stage 2 Failed,Stage 2,Failed Stage 2,0.7,Failed Stage 2 cooling period is still active; waiting for a fresh base or confirmed reclaim.,Failed Stage 2 hold period active.,,2026-09-25,,4.13,28.19,1876305078.68,0.74,1.1,0.81,True,True,"Stage 2, Stage 2, daily_vcp_ok, volume_dryup, weekly_volume_dryup | Failed Stage 2 hold period active.",weekly_watchlist,28.03,33.03,931.0,-2.04,[16.93],[4],0.0,4.0,weak,520
MARKSANS.NS,Marksans Pharma Limited,Drug Manufacturers - General,Healthcare,Healthcare,False,Cash,1,Stage 2,Stage 2,Clean Stage 2,0.9,"Price is above rising key averages, weekly structure is supportive, and the stock is near its 52-week high.",,,2026-10-05,,24.05,85.52,671572405.59,0.67,1.4,0.57,True,True,"Stage 2, Clean Stage 2, trend_template_ok, volume_dryup, weekly_volume_dryup",weekly_watchlist,30.4,32.9,351.06,-7.6,[14.9],[2],0.0,2.0,weak,521
RPEL.NS,Raghav Productivity Enhancers Limited,Chemicals,Basic Materials,Basic Materials,False,Cash,1,Stage 2,Stage 2,Extended Stage 2,0.78,"Advancing structure remains intact, but price is stretched versus key moving averages or far above the 52-week low.",,,2026-10-05,,47.04,171.18,185644717.42,0.73,0.43,0.96,True,False,"Stage 2, Extended Stage 2, trend_template_ok, volume_dryup",weekly_watchlist,30.4,32.9,1947.1,-5.73,[22.46],[2],0.0,2.0,weak,522
SHYAMMETL.NS,Shyam Metalics and Energy Limited,Steel,Basic Materials,Basic Materials,False,Cash,1,Stage 2,Stage 2,Clean Stage 2,0.9,"Price is above rising key averages, weekly structure is supportive, and the stock is near its 52-week high.",,,2026-10-05,,13.2,28.31,568347200.07,0.9,0.7,0.65,False,True,"Stage 2, Clean Stage 2, trend_template_ok, weekly_volume_dryup",weekly_watchlist,30.35,32.85,1150.01,-8.35,"[9.65, 10.62]","[5, 3]",0.1,10.0,weak,523
SOUTHBANK.NS,The South Indian Bank Limited,Banks - Regional,Financial Services,Financial Services,False,Cash,1,Stage 2,Stage 2,Clean Stage 2,0.9,"Price is above rising key averages, weekly structure is supportive, and the stock is near its 52-week high.",,,2026-10-05,,8.74,25.24,607025792.9,1.83,0.95,1.02,False,False,"Stage 2, Clean Stage 2, trend_template_ok",weekly_watchlist,31.8,32.8,50.77,-6.97,[10.43],[7],0.0,7.0,weak,524
EMIL.NS,Electronics Mart India Limited,Consumer Cyclical,Consumer Cyclical,Consumer Cyclical,False,Cash,1,Stage 2,Stage 2,Extended Stage 2,0.78,"Advancing structure remains intact, but price is stretched versus key moving averages or far above the 52-week low.",,,2026-10-05,,54.54,101.33,906548848.02,0.66,1.81,0.85,True,True,"Stage 2, Extended Stage 2, trend_template_ok, volume_dryup, weekly_volume_dryup",weekly_watchlist,31.6,32.6,203.22,-0.88,[14.84],[3],0.0,3.0,weak,525
ANANDRATHI.NS,Anand Rathi Wealth Limited,Asset Management,Financial Services,Financial Services,False,Cash,1,Stage 2,Stage 2,Early Stage 2,0.72,"Price has moved above long-term structure, but the full moving-average stack is not clean yet.",,,2026-10-05,,6.85,20.79,789303426.26,1.73,0.89,2.19,False,False,"Stage 2, Early Stage 2",weekly_watchlist,32.36,32.36,2268.4,-5.57,[8.22],[8],0.0,8.0,weak,526
WESTLIFE.NS,WESTLIFE FOODWORLD LIMITED,Consumer Cyclical,Consumer Cyclical,Consumer Cyclical,False,Cash,1,Stage 2,Stage 2,Early Stage 2,0.72,"Price has moved above long-term structure, but the full moving-average stack is not clean yet.",,,2026-10-05,,24.23,28.43,303147277.77,0.8,0.17,0.42,True,True,"Stage 2, Early Stage 2, volume_dryup, weekly_volume_dryup",weekly_watchlist,31.27,32.27,613.07,-3.01,[14.57],[5],0.0,5.0,weak,527
STLTECH.NS,Sterlite Technologies Limited,Communication Equipment,Technology,Technology,False,Cash,1,Stage 2,Stage 2,Extended Stage 2,0.78,"Advancing structure remains intact, but price is stretched versus key moving averages or far above the 52-week low.",,,2026-10-05,,91.85,319.61,1936546069.88,1.15,1.88,1.51,False,False,"Stage 2, Extended Stage 2, trend_template_ok",weekly_watchlist,27.2,32.2,913.6,11.29,[27.6],[6],0.0,6.0,weak,528
SOTL.NS,Savita Oil Technologies Limited,Specialty Chemicals,Basic Materials,Basic Materials,False,Cash,1,Stage 2,Stage 2,Extended Stage 2,0.78,"Advancing structure remains intact, but price is stretched versus key moving averages or far above the 52-week low.",,,2026-10-05,,33.23,127.13,256658085.28,0.57,0.56,0.86,True,True,"Stage 2, Extended Stage 2, trend_template_ok, volume_dryup, weekly_volume_dryup",weekly_watchlist,27.2,32.2,851.59,-8.93,[17.17],[6],0.0,6.0,weak,529
AVALON.NS,Avalon Technologies Limited,Electronic Components,Technology,Technology,False,Cash,1,Stage 2,Stage 2,Extended Stage 2,0.78,"Advancing structure remains intact, but price is stretched versus key moving averages or far above the 52-week low.",,,2026-10-05,,43.49,127.64,1578255262.22,0.81,0.91,1.13,True,False,"Stage 2, Extended Stage 2, trend_template_ok, volume_dryup",weekly_watchlist,27.2,32.2,2622.58,-8.47,[24.04],[6],0.0,6.0,weak,530
CEIGALL.NS,Ceigall India Limited,Engineering & Construction,Industrials,Industrials,False,Cash,1,Stage 2,Stage 2,Clean Stage 2,0.9,"Price is above rising key averages, weekly structure is supportive, and the stock is near its 52-week high.",,,2026-10-05,,6.74,30.62,130997652.1,0.59,0.33,0.55,True,True,"Stage 2, Clean Stage 2, trend_template_ok, volume_dryup, weekly_volume_dryup",weekly_watchlist,32.14,32.14,396.69,-5.17,[25.49],[7],0.0,7.0,weak,531
SBICARD.NS,SBI Cards and Payment Services Limited,Credit Services,Financial Services,Financial Services,True,F&O,1,Stage 4,Stage 4,Stage 4 - Confirmed Downtrend,0.86,Price is below a bearish moving-average stack with falling trend signals.,,,,,-2.28,-14.31,733911770.51,0.42,0.26,0.28,True,True,"Stage 4, Stage 4 - Confirmed Downtrend, weekly_vcp_ok, volume_dryup, weekly_volume_dryup, weekly_strong, downtrend",weekly_watchlist,32.13,32.13,675.38,-15.69,"[20.0, 22.84, 19.27, 9.52]","[4, 6, 7, 2]",0.73,32.0,strong,532
DBL.NS,Dilip Buildcon Limited,Engineering & Construction,Industrials,Industrials,False,Cash,1,Stage 4,Stage 4,Stage 4 - Weak/Declining,0.72,Price is below long-term support with weak trend evidence.,,,,,-0.61,-5.87,215513923.01,0.33,0.15,0.2,True,True,"Stage 4, Stage 4 - Weak/Declining, weekly_vcp_ok, volume_dryup, weekly_volume_dryup, weekly_strong, downtrend",weekly_watchlist,32.13,32.13,496.64,-19.3,"[19.13, 17.29, 18.63, 17.84]","[2, 3, 4, 5]",0.73,26.0,strong,533
JMFINANCIL.NS,JM Financial Limited,Capital Markets,Financial Services,Financial Services,False,Cash,1,Stage 4,Stage 4,Stage 4 - Weak/Declining,0.72,Price is below long-term support with weak trend evidence.,,,,,4.14,-4.21,240985714.21,0.6,0.55,0.45,True,True,"Stage 4, Stage 4 - Weak/Declining, weekly_vcp_ok, volume_dryup, weekly_volume_dryup, weekly_strong, downtrend",weekly_watchlist,32.13,32.13,145.23,-14.62,"[22.71, 22.21, 11.66, 13.39]","[6, 4, 4, 2]",0.73,30.0,strong,534
ITC.NS,ITC Limited,Consumer Defensive,Consumer Defensive,Consumer Defensive,True,F&O,1,Stage 4,Stage 4,Stage 4 - Confirmed Downtrend,0.86,Price is below a bearish moving-average stack with falling trend signals.,,,,,-0.71,-7.43,3443720632.19,1.08,1.68,1.54,False,False,"Stage 4, Stage 4 - Confirmed Downtrend, weekly_vcp_ok, weekly_strong, downtrend",weekly_watchlist,32.13,32.13,325.95,-18.18,"[26.25, 14.14, 11.14, 12.66]","[6, 6, 10, 4]",0.73,36.0,strong,535
SMSPHARMA.NS,SMS Pharmaceuticals Limited,Drug Manufacturers - General,Healthcare,Healthcare,False,Cash,1,Stage 2,Stage 2,Clean Stage 2,0.9,"Price is above rising key averages, weekly structure is supportive, and the stock is near its 52-week high.",,,2026-10-05,,20.74,14.72,631518116.58,0.82,0.22,0.59,True,True,"Stage 2, Clean Stage 2, trend_template_ok, volume_dryup, weekly_volume_dryup",weekly_watchlist,29.55,32.05,448.2,5.35,[19.51],[24],0.0,24.0,weak,536
TEGA.NS,Tega Industries Limited,Specialty Industrial Machinery,Industrials,Industrials,False,Cash,1,Stage 2,Stage 2,Extended Stage 2,0.78,"Advancing structure remains intact, but price is stretched versus key moving averages or far above the 52-week low.",,,2026-10-05,,30.78,23.16,1852802304.16,1.11,0.37,1.11,False,False,"Stage 2, Extended Stage 2",weekly_watchlist,26.99,31.99,1838.08,13.84,[22.23],[8],0.0,8.0,weak,537
UNICHEMLAB.NS,Unichem Laboratories Limited,Drug Manufacturers - Specialty & Generic,Healthcare,Healthcare,False,Cash,1,Stage 2,Stage 2,Stage 2,0.76,Advancing structure detected.,,,2026-10-05,,-11.12,64.11,167385666.6,1.93,0.22,3.36,False,False,"Stage 2, Stage 2",weekly_watchlist,26.9,31.9,600.0,-8.65,[6.52],[8],0.0,8.0,weak,538
GOODLUCK.NS,Goodluck India Limited,Steel,Basic Materials,Basic Materials,False,Cash,1,Stage 2,Stage 2,Stage 2,0.76,Advancing structure detected.,,,2026-10-05,,-1.07,34.96,255313352.41,0.52,0.39,0.46,True,True,"Stage 2, Stage 2, volume_dryup, weekly_volume_dryup",weekly_watchlist,29.39,31.89,557.3,-11.84,[15.12],[14],0.0,14.0,weak,539
CUPID.NS,Cupid Limited,Household & Personal Products,Consumer Defensive,Consumer Defensive,False,Cash,1,Stage 2,Stage 2,Extended Stage 2,0.78,"Advancing structure remains intact, but price is stretched versus key moving averages or far above the 52-week low.",,,2026-10-05,,57.38,251.51,6673560361.51,1.12,1.25,1.03,False,False,"Stage 2, Extended Stage 2, trend_template_ok",weekly_watchlist,30.8,31.8,299.52,8.24,[29.45],[9],0.0,9.0,weak,540
AJANTPHARM.NS,Ajanta Pharma Limited,Drug Manufacturers - Specialty & Generic,Healthcare,Healthcare,False,Cash,1,Stage 2,Stage 2,Clean Stage 2,0.9,"Price is above rising key averages, weekly structure is supportive, and the stock is near its 52-week high.",,,2026-10-05,,13.66,29.35,335113499.76,1.09,1.31,1.56,False,False,"Stage 2, Clean Stage 2, trend_template_ok",weekly_watchlist,26.7,31.7,3802.64,-6.03,[9.77],[2],0.0,2.0,weak,541
KRISHANA.NS,Krishana Phoschem Limited,Agricultural Inputs,Basic Materials,Basic Materials,False,Cash,1,Stage 2,Stage 2,Clean Stage 2,0.9,"Price is above rising key averages, weekly structure is supportive, and the stock is near its 52-week high.",,,2026-10-05,,44.81,70.19,146434199.97,0.93,2.28,1.24,False,False,"Stage 2, Clean Stage 2, trend_template_ok",weekly_watchlist,31.6,31.6,206.75,-6.33,[17.05],[3],0.0,3.0,weak,542
MBAPL.NS,Madhya Bharat Agro Products Limited,Agricultural Inputs,Basic Materials,Basic Materials,False,Cash,1,Stage 2,Stage 2,Clean Stage 2,0.9,"Price is above rising key averages, weekly structure is supportive, and the stock is near its 52-week high.",,,2026-10-05,,33.2,60.34,144612538.61,0.94,0.48,1.05,False,False,"Stage 2, Clean Stage 2, trend_template_ok",weekly_watchlist,31.6,31.6,175.25,-4.73,[13.02],[3],0.0,3.0,weak,543
KIMS.NS,Krishna Institute of Medical Sciences Limited,Medical Care Facilities,Healthcare,Healthcare,False,Cash,1,Stage 2 Failed,Stage 4,Failed Stage 2,0.72,"This stock was recently Stage 2, but the latest structure no longer satisfies Stage 2 rules. It is kept as Stage 2 Failed until a fresh base/repair structure forms.",Recent Stage 2 break; public stage held as Stage 2 Failed.,2026-10-06,2026-09-24,,-10.16,5.23,457754798.33,1.13,1.54,1.87,False,False,"Stage 4, Stage 4, weekly_vcp_ok, weekly_strong, downtrend | Stage 2 failed state applied from stage memory.",weekly_watchlist,31.4,31.4,827.95,-16.25,"[9.31, 9.62]","[2, 3]",0.9,8.0,strong,544
ECLERX.NS,eClerx Services Limited,Information Technology Services,Technology,Technology,False,Cash,1,Stage 2 Failed,Stage 2,Failed Stage 2,0.7,Failed Stage 2 cooling period is still active; waiting for a fresh base or confirmed reclaim.,Failed Stage 2 hold period active.,,2026-09-23,,22.92,33.08,256801956.02,0.66,0.92,0.57,True,True,"Stage 2, Early Stage 2, volume_dryup, weekly_volume_dryup | Failed Stage 2 hold period active.",weekly_watchlist,30.4,31.4,2065.61,-7.18,[14.42],[4],0.0,4.0,weak,545
SAILIFE.NS,Sai Life Sciences Limited,Diagnostics & Research,Healthcare,Healthcare,False,Cash,1,Stage 2,Stage 2,Clean Stage 2,0.9,"Price is above rising key averages, weekly structure is supportive, and the stock is near its 52-week high.",,,2026-10-05,,27.8,58.11,813865028.28,0.53,0.39,0.53,True,True,"Stage 2, Clean Stage 2, trend_template_ok, volume_dryup, weekly_volume_dryup",weekly_watchlist,26.0,31.0,1699.97,-8.35,[14.48],[5],0.0,5.0,weak,546
AARTIPHARM.NS,Aarti Pharmalabs Limited,Drug Manufacturers - Specialty & Generic,Healthcare,Healthcare,False,Cash,1,Stage 2,Stage 2,Early Stage 2,0.72,"Price has moved above long-term structure, but the full moving-average stack is not clean yet.",,,2026-10-05,,42.39,42.14,733500400.56,0.9,0.78,0.59,False,True,"Stage 2, Early Stage 2, weekly_volume_dryup",weekly_watchlist,26.0,31.0,931.97,4.62,[17.77],[5],0.0,5.0,weak,547
CRAFTSMAN.NS,Craftsman Automation Limited,Auto Parts,Consumer Cyclical,Consumer Cyclical,False,Cash,1,Stage 2,Stage 2,Early Stage 2,0.72,"Price has moved above long-term structure, but the full moving-average stack is not clean yet.",,,2026-10-05,,16.25,40.68,573762925.65,0.77,0.43,0.66,True,True,"Stage 2, Early Stage 2, volume_dryup, weekly_volume_dryup",weekly_watchlist,28.49,30.99,12020.0,-13.91,[8.04],[9],0.0,9.0,weak,548
PPLPHARMA.NS,Piramal Pharma Limited,Drug Manufacturers - Specialty & Generic,Healthcare,Healthcare,False,Cash,1,Stage 2,Stage 2,Early Stage 2,0.72,"Price has moved above long-term structure, but the full moving-average stack is not clean yet.",,,2026-10-05,,17.82,37.74,583023161.26,0.58,0.47,0.37,True,True,"Stage 2, Early Stage 2, volume_dryup, weekly_volume_dryup",weekly_watchlist,25.96,30.96,232.34,-13.69,[19.52],[7],0.0,7.0,weak,549
ASAHIINDIA.NS,Asahi India Glass Limited,Auto Parts,Consumer Cyclical,Consumer Cyclical,False,Cash,1,Stage 2,Stage 2,Early Stage 2,0.72,"Price has moved above long-term structure, but the full moving-average stack is not clean yet.",,,2026-10-05,,12.19,11.08,122931027.47,0.74,0.28,0.67,True,True,"Stage 2, Early Stage 2, daily_vcp_ok, volume_dryup, weekly_volume_dryup",weekly_watchlist,28.33,30.83,996.74,-3.99,[12.64],[5],0.0,5.0,weak,550
KTKBANK.NS,The Karnataka Bank Limited,Banks - Regional,Financial Services,Financial Services,False,Cash,1,Stage 2,Stage 2,Clean Stage 2,0.9,"Price is above rising key averages, weekly structure is supportive, and the stock is near its 52-week high.",,,2026-10-05,,23.8,37.51,560120455.26,0.58,0.78,0.5,True,True,"Stage 2, Clean Stage 2, trend_template_ok, volume_dryup, weekly_volume_dryup",weekly_watchlist,29.73,30.73,345.4,-6.12,[7.74],[3],0.0,3.0,weak,551
GRINDWELL.NS,Grindwell Norton Limited,Building Products & Equipment,Industrials,Industrials,False,Cash,1,Stage 2 Failed,Stage 2,Failed Stage 2,0.7,Failed Stage 2 cooling period is still active; waiting for a fresh base or confirmed reclaim.,Failed Stage 2 hold period active.,,2026-09-21,,6.2,38.36,61067949.92,1.16,1.4,1.49,False,False,"Stage 2, Stage 2 | Failed Stage 2 hold period active.",weekly_watchlist,30.46,30.46,2459.3,-17.33,[8.58],[17],0.0,17.0,weak,552
WSTCSTPAPR.NS,West Coast Paper Mills Limited,Basic Materials,Basic Materials,Basic Materials,False,Cash,1,Stage 2,Stage 2,Extended Stage 2,0.78,"Advancing structure remains intact, but price is stretched versus key moving averages or far above the 52-week low.",,,2026-10-05,,42.88,65.91,175182588.26,0.62,0.96,0.71,True,True,"Stage 2, Extended Stage 2, trend_template_ok, volume_dryup, weekly_volume_dryup",weekly_watchlist,30.4,30.4,778.36,-3.25,[16.27],[2],0.0,2.0,weak,553
ACMESOLAR.NS,Acme Solar Holdings Limited,Utilities - Renewable,Utilities,Utilities,False,Cash,1,Stage 2,Stage 2,Clean Stage 2,0.9,"Price is above rising key averages, weekly structure is supportive, and the stock is near its 52-week high.",,,2026-10-05,,23.52,58.63,1038706255.72,0.62,0.39,0.33,True,True,"Stage 2, Clean Stage 2, trend_template_ok, daily_vcp_ok, volume_dryup, weekly_volume_dryup",weekly_watchlist,30.4,30.4,477.73,-6.18,[13.53],[2],0.0,2.0,weak,554
TFCILTD.NS,Tourism Finance Corporation of India Limited,Credit Services,Financial Services,Financial Services,False,Cash,1,Stage 2,Stage 2,Extended Stage 2,0.78,"Advancing structure remains intact, but price is stretched versus key moving averages or far above the 52-week low.",,,2026-10-05,,92.77,104.83,1645758694.64,1.13,0.29,0.75,False,True,"Stage 2, Extended Stage 2, trend_template_ok, weekly_volume_dryup",weekly_watchlist,30.4,30.4,147.91,-4.91,[15.91],[2],0.0,2.0,weak,555
SUPRIYA.NS,Supriya Lifescience Limited,Biotechnology,Healthcare,Healthcare,False,Cash,1,Stage 2,Stage 2,Stage 2,0.76,Advancing structure detected.,,,2026-10-05,,9.38,44.31,282086217.09,1.16,0.56,0.93,False,False,"Stage 2, Stage 2, trend_template_ok",weekly_watchlist,27.77,30.27,934.78,-2.08,[21.77],[2],0.0,2.0,weak,556
AIIL.NS,Authum Investment & Infrastructure Limited,Capital Markets,Financial Services,Financial Services,False,Cash,1,Stage 2,Stage 2,Early Stage 2,0.72,"Price has moved above long-term structure, but the full moving-average stack is not clean yet.",,,2026-10-05,,11.66,29.15,252465555.52,0.32,0.12,0.24,True,True,"Stage 2, Early Stage 2, volume_dryup, weekly_volume_dryup",weekly_watchlist,30.08,30.08,579.0,-4.98,[17.23],[5],0.0,5.0,weak,557
HONASA.NS,Honasa Consumer Limited,Household & Personal Products,Consumer Defensive,Consumer Defensive,False,Cash,1,Stage 2,Stage 2,Stage 2,0.76,Advancing structure detected.,,,2026-10-05,,7.56,45.65,1399957713.94,2.39,16.03,5.72,False,False,"Stage 2, Stage 2",weekly_watchlist,28.92,29.92,507.53,-5.76,[11.0],[3],0.0,3.0,weak,558
OPTIEMUS.NS,Optiemus Infracom Limited,Technology,Technology,Technology,False,Cash,1,Stage 2,Stage 2,Extended Stage 2,0.78,"Advancing structure remains intact, but price is stretched versus key moving averages or far above the 52-week low.",,,2026-10-05,,69.11,139.64,1622838505.79,2.99,10.16,3.37,False,False,"Stage 2, Extended Stage 2, trend_template_ok",weekly_watchlist,24.8,29.8,852.14,4.43,[17.89],[4],0.0,4.0,weak,559
HIRECT.NS,Hind Rectifiers Limited,Electrical Equipment & Parts,Industrials,Industrials,False,Cash,1,Stage 2,Stage 2,Early Stage 2,0.72,"Price has moved above long-term structure, but the full moving-average stack is not clean yet.",,,2026-10-05,,16.61,63.4,67849303.62,0.46,0.89,0.54,True,True,"Stage 2, Early Stage 2, volume_dryup, weekly_volume_dryup",weekly_watchlist,24.8,29.8,1320.81,-13.17,[16.83],[4],0.0,4.0,weak,560
WHEELS.NS,Wheels India Limited,Auto Parts,Consumer Cyclical,Consumer Cyclical,False,Cash,1,Stage 2,Stage 2,Extended Stage 2,0.78,"Advancing structure remains intact, but price is stretched versus key moving averages or far above the 52-week low.",,,2026-10-05,,63.01,121.39,1960401208.12,0.58,0.19,0.31,True,True,"Stage 2, Extended Stage 2, trend_template_ok, volume_dryup, weekly_volume_dryup",weekly_watchlist,27.2,29.7,2502.37,-8.53,[25.77],[6],0.0,6.0,weak,561
ADFFOODS.NS,ADF Foods Limited,Packaged Foods,Consumer Defensive,Consumer Defensive,False,Cash,1,Stage 2,Stage 2,Stage 2,0.76,Advancing structure detected.,,,2026-10-05,,-2.87,53.77,34273600.9,0.85,4.31,1.41,True,False,"Stage 2, Stage 2, volume_dryup",weekly_watchlist,28.69,29.69,286.2,2.41,[12.92],[3],0.0,3.0,weak,562
SHAILY.NS,Shaily Engineering Plastics Limited,Specialty Chemicals,Basic Materials,Basic Materials,False,Cash,1,Stage 2,Stage 2,Early Stage 2,0.72,"Price has moved above long-term structure, but the full moving-average stack is not clean yet.",,,2026-10-05,,18.91,59.93,492493249.78,0.66,0.61,0.58,True,True,"Stage 2, Early Stage 2, volume_dryup, weekly_volume_dryup",weekly_watchlist,24.68,29.68,3618.32,-14.32,[18.74],[4],0.0,4.0,weak,563
KPIL.NS,Kalpataru Projects International Limited,Engineering & Construction,Industrials,Industrials,False,Cash,1,Stage 2,Stage 2,Clean Stage 2,0.9,"Price is above rising key averages, weekly structure is supportive, and the stock is near its 52-week high.",,,2026-10-05,,12.16,24.48,232980326.45,0.79,4.47,1.04,True,False,"Stage 2, Clean Stage 2, trend_template_ok, daily_vcp_ok, volume_dryup",weekly_watchlist,29.66,29.66,1468.0,-1.12,[14.28],[5],0.0,5.0,weak,564
THELEELA.NS,Leela Palaces Hotels & Resorts Limited,Lodging,Consumer Cyclical,Consumer Cyclical,False,Cash,1,Stage 2,Stage 2,Clean Stage 2,0.9,"Price is above rising key averages, weekly structure is supportive, and the stock is near its 52-week high.",,,2026-10-05,,25.88,36.71,200894489.28,0.9,1.1,1.39,False,False,"Stage 2, Clean Stage 2, trend_template_ok",weekly_watchlist,28.66,29.66,583.87,-0.2,[11.96],[2],0.0,2.0,weak,565
TBOTEK.NS,TBO Tek Limited,Consumer Cyclical,Consumer Cyclical,Consumer Cyclical,False,Cash,1,Stage 2,Stage 2,Early Stage 2,0.72,"Price has moved above long-term structure, but the full moving-average stack is not clean yet.",,,2026-10-05,,17.74,44.29,265809014.98,0.63,1.1,0.81,True,True,"Stage 2, Early Stage 2, volume_dryup, weekly_volume_dryup",weekly_watchlist,28.6,29.6,1752.06,-3.36,[8.57],[2],0.0,2.0,weak,566
DALMIASUG.NS,Dalmia Bharat Sugar and Industries Limited,Consumer Defensive,Consumer Defensive,Consumer Defensive,False,Cash,1,Stage 2,Stage 2,Stage 2,0.76,Advancing structure detected.,,,2026-10-05,,30.27,25.18,125400915.83,0.6,2.39,0.68,True,True,"Stage 2, Stage 2, trend_template_ok, volume_dryup, weekly_volume_dryup",weekly_watchlist,29.55,29.55,520.91,-13.04,[23.15],[10],0.0,10.0,weak,567
SANGAMIND.NS,Sangam (India) Limited,Textile Manufacturing,Consumer Cyclical,Consumer Cyclical,False,Cash,1,Stage 2,Stage 2,Stage 2,0.76,Advancing structure detected.,,,2026-10-05,,21.72,43.63,32547335.57,2.35,0.66,1.67,False,False,"Stage 2, Stage 2",weekly_watchlist,24.53,29.53,610.57,5.21,[18.14],[5],0.0,5.0,weak,568
ABB.NS,ABB India Limited,Specialty Industrial Machinery,Industrials,Industrials,True,F&O,1,Stage 2 Failed,Stage 2,Failed Stage 2,0.7,Failed Stage 2 cooling period is still active; waiting for a fresh base or confirmed reclaim.,Failed Stage 2 hold period active.,,2026-09-28,,10.3,6.32,1287441727.2,0.81,1.39,0.98,True,False,"Stage 2, Messy Stage 2, volume_dryup | Failed Stage 2 hold period active.",weekly_watchlist,24.46,29.46,7842.35,-9.18,[5.45],[9],0.0,9.0,weak,569
ABDL.NS,Allied Blenders and Distillers Limited,Consumer Defensive,Consumer Defensive,Consumer Defensive,False,Cash,1,Stage 2,Stage 2,Clean Stage 2,0.9,"Price is above rising key averages, weekly structure is supportive, and the stock is near its 52-week high.",,,2026-10-05,,11.84,55.34,802803325.32,2.8,0.81,0.91,False,False,"Stage 2, Clean Stage 2, trend_template_ok",weekly_watchlist,29.12,29.12,755.12,-5.36,[18.5],[2],0.0,2.0,weak,570
GARFIBRES.NS,Garware Technical Fibres Limited,Textile Manufacturing,Consumer Cyclical,Consumer Cyclical,False,Cash,1,Stage 2,Stage 2,Early Stage 2,0.72,"Price has moved above long-term structure, but the full moving-average stack is not clean yet.",,,2026-10-05,,11.3,25.35,32618102.53,0.45,0.77,0.44,True,True,"Stage 2, Early Stage 2, volume_dryup, weekly_volume_dryup",weekly_watchlist,24.07,29.07,862.34,-10.7,[25.0],[7],0.0,7.0,weak,571
GREENPLY.NS,Greenply Industries Limited,Basic Materials,Basic Materials,Basic Materials,False,Cash,1,Stage 2,Stage 2,Stage 2,0.76,Advancing structure detected.,,,2026-10-05,,6.17,47.05,70335390.49,1.82,0.95,2.01,False,False,"Stage 2, Stage 2",weekly_watchlist,28.92,28.92,313.05,0.72,[17.47],[3],0.0,3.0,weak,572
ASKAUTOLTD.NS,ASK Automotive Limited,Auto Parts,Consumer Cyclical,Consumer Cyclical,False,Cash,1,Stage 2,Stage 2,Early Stage 2,0.72,"Price has moved above long-term structure, but the full moving-average stack is not clean yet.",,,2026-10-05,,32.14,39.88,198193031.84,0.38,0.42,0.41,True,True,"Stage 2, Early Stage 2, volume_dryup, weekly_volume_dryup",weekly_watchlist,26.4,28.9,687.7,-11.33,[13.26],[6],0.0,6.0,weak,573
MAHABANK.NS,Bank of Maharashtra,Banks - Regional,Financial Services,Financial Services,False,Cash,1,Stage 2,Stage 2,Early Stage 2,0.72,"Price has moved above long-term structure, but the full moving-average stack is not clean yet.",,,2026-10-05,,0.54,17.79,1038563883.44,0.91,0.53,0.75,False,True,"Stage 2, Early Stage 2, weekly_volume_dryup",weekly_watchlist,27.83,28.83,87.65,-7.82,[18.31],[5],0.0,5.0,weak,574
CAPLIPOINT.NS,Caplin Point Laboratories Limited,Drug Manufacturers - Specialty & Generic,Healthcare,Healthcare,False,Cash,1,Stage 2,Stage 2,Clean Stage 2,0.9,"Price is above rising key averages, weekly structure is supportive, and the stock is near its 52-week high.",,,2026-10-05,,7.01,62.64,535368714.96,1.23,0.43,0.67,False,True,"Stage 2, Clean Stage 2, trend_template_ok, weekly_volume_dryup",weekly_watchlist,23.77,28.77,2995.23,-10.53,[11.73],[4],0.0,4.0,weak,575
NORTHARC.NS,Northern Arc Capital Limited,Credit Services,Financial Services,Financial Services,False,Cash,1,Stage 2,Stage 2,Stage 2,0.76,Advancing structure detected.,,,2026-10-05,,1.5,25.91,287202533.38,0.47,0.44,0.5,True,True,"Stage 2, Stage 2, volume_dryup, weekly_volume_dryup",weekly_watchlist,28.74,28.74,334.58,-10.87,[15.09],[12],0.0,12.0,weak,576
DIACABS.NS,Diamond Power Infrastructure Limited,Specialty Industrial Machinery,Industrials,Industrials,False,Cash,1,Stage 2,Stage 2,Extended Stage 2,0.78,"Advancing structure remains intact, but price is stretched versus key moving averages or far above the 52-week low.",,,2026-10-05,,58.6,169.49,300786264.58,0.44,1.25,0.45,True,True,"Stage 2, Extended Stage 2, trend_template_ok, volume_dryup, weekly_volume_dryup",weekly_watchlist,23.6,28.6,404.71,-9.0,[16.62],[3],0.0,3.0,weak,577
INNOVACAP.NS,Innova Captab Limited,Drug Manufacturers - Specialty & Generic,Healthcare,Healthcare,False,Cash,1,Stage 2,Stage 2,Stage 2,0.76,Advancing structure detected.,,,2026-10-05,,19.87,68.55,157568928.47,1.74,0.56,2.26,False,False,"Stage 2, Stage 2, trend_template_ok",weekly_watchlist,23.6,28.6,1355.87,-15.79,[10.6],[3],0.0,3.0,weak,578
BALAMINES.NS,Balaji Amines Limited,Specialty Chemicals,Basic Materials,Basic Materials,False,Cash,1,Stage 2,Stage 2,Stage 2,0.76,Advancing structure detected.,,,2026-10-05,,-0.64,113.24,598760916.17,1.59,12.04,2.93,False,False,"Stage 2, Stage 2",weekly_watchlist,23.6,28.6,2634.4,-13.16,[19.08],[3],0.0,3.0,weak,579
MPSLTD.NS,MPS Limited,Communication Services,Communication Services,Communication Services,False,Cash,1,Stage 2,Stage 2,Early Stage 2,0.72,"Price has moved above long-term structure, but the full moving-average stack is not clean yet.",,,2026-10-05,,37.18,54.38,36759214.26,0.46,0.58,0.61,True,True,"Stage 2, Early Stage 2, volume_dryup, weekly_volume_dryup",weekly_watchlist,26.0,28.5,2984.21,-10.15,[16.99],[5],0.0,5.0,weak,580
QUESS.NS,Quess Corp Limited,Industrials,Industrials,Industrials,False,Cash,1,Stage 2,Stage 2,Early Stage 2,0.72,"Price has moved above long-term structure, but the full moving-average stack is not clean yet.",,,2026-10-05,,19.27,77.95,180612750.37,0.45,0.29,0.3,True,True,"Stage 2, Early Stage 2, volume_dryup, weekly_volume_dryup",weekly_watchlist,28.4,28.4,389.43,-14.12,[24.61],[7],0.0,7.0,weak,581
MOTILALOFS.NS,Motilal Oswal Financial Services Limited,Capital Markets,Financial Services,Financial Services,True,F&O,1,Stage 2,Stage 2,Clean Stage 2,0.9,"Price is above rising key averages, weekly structure is supportive, and the stock is near its 52-week high.",,,2026-10-05,,15.03,43.62,808963600.69,1.05,2.63,1.01,False,False,"Stage 2, Clean Stage 2, trend_template_ok",weekly_watchlist,28.26,28.26,1060.2,1.98,[15.63],[2],0.0,2.0,weak,582
HIKAL.NS,Hikal Limited,Drug Manufacturers - Specialty & Generic,Healthcare,Healthcare,False,Cash,1,Stage 2 Failed,Stage 2,Failed Stage 2,0.7,Failed Stage 2 cooling period is still active; waiting for a fresh base or confirmed reclaim.,Failed Stage 2 hold period active.,,2026-09-23,,1.73,26.9,249047142.44,0.45,0.23,0.34,True,True,"Stage 2, Stage 2, volume_dryup, weekly_volume_dryup | Failed Stage 2 hold period active.",weekly_watchlist,23.26,28.26,257.45,-12.05,[22.86],[7],0.0,7.0,weak,583
DYNAMATECH.NS,Dynamatic Technologies Limited,Auto Parts,Consumer Cyclical,Consumer Cyclical,False,Cash,1,Stage 2,Stage 2,Extended Stage 2,0.78,"Advancing structure remains intact, but price is stretched versus key moving averages or far above the 52-week low.",,,2026-10-05,,38.32,38.96,362487277.0,1.54,1.16,1.53,False,False,"Stage 2, Extended Stage 2, trend_template_ok",weekly_watchlist,25.73,28.23,12287.72,16.21,[24.12],[5],0.0,5.0,weak,584
AEGISVOPAK.NS,Aegis Vopak Terminals Limited,Energy,Energy,Energy,False,Cash,1,Stage 2,Stage 2,Clean Stage 2,0.9,"Price is above rising key averages, weekly structure is supportive, and the stock is near its 52-week high.",,,2026-10-05,,8.22,56.89,545936482.55,0.83,0.35,0.52,True,True,"Stage 2, Clean Stage 2, trend_template_ok, volume_dryup, weekly_volume_dryup",weekly_watchlist,25.71,28.21,321.51,-8.76,[17.08],[6],0.0,6.0,weak,585
LICHSGFIN.NS,LIC Housing Finance Limited,Mortgage Finance,Financial Services,Financial Services,True,F&O,1,Stage 2 Failed,Stage 1,Failed Stage 2,0.72,"This stock was recently Stage 2, but the latest structure no longer satisfies Stage 2 rules. It is kept as Stage 2 Failed until a fresh base/repair structure forms.",Recent Stage 2 break; public stage held as Stage 2 Failed.,2026-10-06,2026-09-30,,-0.5,-2.84,1801033759.74,0.94,0.32,1.16,False,False,"Stage 1, Stage 1 - Base/Repair, weekly_vcp_ok, stage1_not_actionable, stage1_needs_more_base | Stage 2 failed state applied from stage memory.",weekly_watchlist,28.1,28.1,586.43,-14.4,"[16.78, 12.48, 13.24]","[4, 3, 10]",0.55,26.0,moderate,586
ELGIEQUIP.NS,Elgi Equipments Limited,Specialty Industrial Machinery,Industrials,Industrials,False,Cash,1,Stage 2,Stage 2,Early Stage 2,0.72,"Price has moved above long-term structure, but the full moving-average stack is not clean yet.",,,2026-10-05,,9.09,17.59,185742097.1,0.45,0.81,0.52,True,True,"Stage 2, Early Stage 2, volume_dryup, weekly_volume_dryup",weekly_watchlist,23.07,28.07,653.4,-8.29,[10.8],[7],0.0,7.0,weak,587
NUVAMA.NS,Nuvama Wealth Management Limited,Asset Management,Financial Services,Financial Services,True,F&O,1,Stage 2 Failed,Stage 2,Failed Stage 2,0.7,Failed Stage 2 cooling period is still active; waiting for a fresh base or confirmed reclaim.,Failed Stage 2 hold period active.,,2026-09-16,,-0.32,42.93,866497666.19,1.88,1.47,3.69,False,False,"Stage 2, Stage 2 | Failed Stage 2 hold period active.",weekly_watchlist,27.86,27.86,1907.23,-3.59,[23.59],[3],0.0,3.0,weak,588
VEEDOL.NS,Veedol Corporation Limited,Specialty Chemicals,Basic Materials,Basic Materials,False,Cash,1,Stage 4,Stage 4,Stage 4 - Weak/Declining,0.72,Price is below long-term support with weak trend evidence.,,,2026-09-08,,3.06,3.18,11737933.6,0.73,1.27,0.68,True,True,"Stage 4, Stage 4 - Weak/Declining, weekly_vcp_ok, volume_dryup, weekly_volume_dryup, downtrend",weekly_watchlist,22.72,27.72,1567.74,-11.18,"[27.42, 8.7, 9.17]","[14, 5, 6]",0.55,31.0,moderate,589
GABRIEL.NS,Gabriel India Limited,Auto Parts,Consumer Cyclical,Consumer Cyclical,False,Cash,1,Stage 2,Stage 2,Early Stage 2,0.72,"Price has moved above long-term structure, but the full moving-average stack is not clean yet.",,,2026-10-05,,12.73,46.06,925492349.53,2.41,0.36,0.51,False,True,"Stage 2, Early Stage 2, weekly_volume_dryup",weekly_watchlist,25.08,27.58,1599.49,-15.42,[20.57],[6],0.0,6.0,weak,590
RAYMOND.NS,Raymond Limited,Specialty Industrial Machinery,Industrials,Industrials,False,Cash,1,Stage 2,Stage 2,Extended Stage 2,0.78,"Advancing structure remains intact, but price is stretched versus key moving averages or far above the 52-week low.",,,2026-10-05,,109.52,226.65,5553450875.3,0.91,0.41,0.45,False,True,"Stage 2, Extended Stage 2, trend_template_ok, weekly_volume_dryup",weekly_watchlist,22.4,27.4,660.1,96.08,[11.54],[2],0.0,2.0,weak,591
APCOTEXIND.NS,Apcotex Industries Limited,Specialty Chemicals,Basic Materials,Basic Materials,False,Cash,1,Stage 2,Stage 2,Early Stage 2,0.72,"Price has moved above long-term structure, but the full moving-average stack is not clean yet.",,,2026-10-05,,25.23,63.43,54095483.29,0.22,0.67,0.19,True,True,"Stage 2, Early Stage 2, volume_dryup, weekly_volume_dryup",weekly_watchlist,22.4,27.4,666.16,-8.33,[15.66],[2],0.0,2.0,weak,592
SUDARSCHEM.NS,Sudarshan Chemical Industries Limited,Specialty Chemicals,Basic Materials,Basic Materials,False,Cash,1,Stage 2,Stage 2,Clean Stage 2,0.9,"Price is above rising key averages, weekly structure is supportive, and the stock is near its 52-week high.",,,2026-10-05,,36.71,56.18,239722841.35,0.4,0.27,0.58,True,True,"Stage 2, Clean Stage 2, trend_template_ok, volume_dryup, weekly_volume_dryup",weekly_watchlist,22.4,27.4,1349.36,-8.21,[14.77],[2],0.0,2.0,weak,593
SBCL.NS,Shivalik Bimetal Controls Limited,Metal Fabrication,Industrials,Industrials,False,Cash,1,Stage 2,Stage 2,Extended Stage 2,0.78,"Advancing structure remains intact, but price is stretched versus key moving averages or far above the 52-week low.",,,2026-10-05,,56.25,127.38,274599812.73,0.31,0.42,0.29,True,True,"Stage 2, Extended Stage 2, trend_template_ok, volume_dryup, weekly_volume_dryup",weekly_watchlist,22.4,27.4,1217.83,-9.71,[21.27],[2],0.0,2.0,weak,594
RAMRAT.NS,Ram Ratna Wires Limited,Electrical Equipment & Parts,Industrials,Industrials,False,Cash,1,Stage 2,Stage 2,Extended Stage 2,0.78,"Advancing structure remains intact, but price is stretched versus key moving averages or far above the 52-week low.",,,2026-10-05,,61.19,95.56,194493517.51,0.95,0.53,1.47,False,False,"Stage 2, Extended Stage 2, trend_template_ok",weekly_watchlist,22.4,27.4,603.5,6.25,[31.92],[2],0.0,2.0,weak,595
MARINE.NS,Marine Electricals (India) Limited,Electrical Equipment & Parts,Industrials,Industrials,False,Cash,1,Stage 2,Stage 2,Extended Stage 2,0.78,"Advancing structure remains intact, but price is stretched versus key moving averages or far above the 52-week low.",,,2026-10-05,,89.87,150.41,969472998.96,2.21,1.18,1.31,False,False,"Stage 2, Extended Stage 2, trend_template_ok",weekly_watchlist,22.4,27.4,449.67,6.49,[21.58],[2],0.0,2.0,weak,596
BANSALWIRE.NS,Bansal Wire Industries Limited,Steel,Basic Materials,Basic Materials,False,Cash,1,Stage 2,Stage 2,Stage 2,0.76,Advancing structure detected.,,,2026-10-05,,4.2,20.35,33107921.87,1.19,1.19,0.84,False,True,"Stage 2, Stage 2, weekly_volume_dryup",weekly_watchlist,24.86,27.36,341.1,-4.51,[13.68],[2],0.0,2.0,weak,597
NYKAA.NS,FSN E-Commerce Ventures Limited,Consumer Cyclical,Consumer Cyclical,Consumer Cyclical,True,F&O,1,Stage 2,Stage 2,Clean Stage 2,0.9,"Price is above rising key averages, weekly structure is supportive, and the stock is near its 52-week high.",,,2026-10-05,,7.08,32.45,1439141588.25,0.99,0.81,1.38,False,False,"Stage 2, Clean Stage 2",weekly_watchlist,26.35,27.35,349.55,-3.25,[7.96],[2],0.0,2.0,weak,598
SAMBHV.NS,Sambhv Steel Tubes Limited,Steel,Basic Materials,Basic Materials,False,Cash,1,Stage 2,Stage 2,Extended Stage 2,0.78,"Advancing structure remains intact, but price is stretched versus key moving averages or far above the 52-week low.",,,2026-10-05,,41.33,41.37,1140499172.27,1.06,0.29,0.82,False,True,"Stage 2, Extended Stage 2, trend_template_ok, weekly_volume_dryup",weekly_watchlist,24.8,27.3,134.03,21.01,[29.24],[4],0.0,4.0,weak,599
AEGISLOG.NS,Aegis Logistics Limited,Oil & Gas Refining & Marketing,Energy,Energy,False,Cash,1,Stage 2,Stage 2,Extended Stage 2,0.78,"Advancing structure remains intact, but price is stretched versus key moving averages or far above the 52-week low.",,,2026-10-05,,16.65,127.93,1316005012.67,0.64,1.05,0.82,True,True,"Stage 2, Extended Stage 2, trend_template_ok, volume_dryup, weekly_volume_dryup",weekly_watchlist,24.8,27.3,1531.38,-8.85,[21.22],[4],0.0,4.0,weak,600
DEEPINDS.NS,Deep Industries Limited,Energy,Energy,Energy,False,Cash,1,Stage 2,Stage 2,Extended Stage 2,0.78,"Advancing structure remains intact, but price is stretched versus key moving averages or far above the 52-week low.",,,2026-10-05,,66.21,63.64,227656058.46,0.38,0.5,0.28,True,True,"Stage 2, Extended Stage 2, trend_template_ok, volume_dryup, weekly_volume_dryup",weekly_watchlist,24.8,27.3,826.44,-9.38,[20.11],[4],0.0,4.0,weak,601
CHENNPETRO.NS,Chennai Petroleum Corporation Limited,Oil & Gas Refining & Marketing,Energy,Energy,False,Cash,1,Stage 2,Stage 2,Stage 2,0.76,Advancing structure detected.,,,2026-10-05,,28.88,56.07,2892098801.83,0.71,0.57,0.59,True,True,"Stage 2, Stage 2, trend_template_ok, volume_dryup, weekly_volume_dryup",weekly_watchlist,24.8,27.3,1680.44,-16.35,[13.53],[4],0.0,4.0,weak,602
ANANTRAJ.NS,Anant Raj Limited,Real Estate,Real Estate,Real Estate,False,Cash,1,Stage 2,Stage 2,Early Stage 2,0.72,"Price has moved above long-term structure, but the full moving-average stack is not clean yet.",,,2026-10-05,,11.73,25.79,910076245.64,0.69,0.5,0.54,True,True,"Stage 2, Early Stage 2, volume_dryup, weekly_volume_dryup",weekly_watchlist,26.15,27.15,649.0,-6.18,[11.96],[2],0.0,2.0,weak,603
POCL.NS,Pondy Oxides & Chemicals Limited,Specialty Chemicals,Basic Materials,Basic Materials,False,Cash,1,Stage 4,Stage 4,Stage 4 - Confirmed Downtrend,0.86,Price is below a bearish moving-average stack with falling trend signals.,,,2026-08-03,,-16.09,-4.93,172628679.02,0.72,0.31,0.6,True,True,"Stage 4, Stage 4 - Confirmed Downtrend, weekly_vcp_ok, volume_dryup, weekly_volume_dryup, downtrend",weekly_watchlist,22.1,27.1,645.88,-30.75,"[37.86, 27.29, 29.83]","[11, 4, 10]",0.55,36.0,moderate,604
ROSSARI.NS,Rossari Biotech Limited,Specialty Chemicals,Basic Materials,Basic Materials,False,Cash,1,Stage 4,Stage 4,Stage 4 - Confirmed Downtrend,0.86,Price is below a bearish moving-average stack with falling trend signals.,,,,,-13.83,-2.9,25180175.2,0.94,2.98,1.02,False,False,"Stage 4, Stage 4 - Confirmed Downtrend, weekly_vcp_ok, downtrend",weekly_watchlist,22.1,27.1,575.45,-25.72,"[38.0, 13.88, 15.22]","[9, 5, 4]",0.55,25.0,moderate,605
TCPLPACK.NS,TCPL Packaging Limited,Consumer Cyclical,Consumer Cyclical,Consumer Cyclical,False,Cash,1,Stage 2,Stage 2,Clean Stage 2,0.9,"Price is above rising key averages, weekly structure is supportive, and the stock is near its 52-week high.",,,2026-10-05,,42.77,63.55,32298000.07,0.34,0.33,0.27,True,True,"Stage 2, Clean Stage 2, trend_template_ok, volume_dryup, weekly_volume_dryup",weekly_watchlist,26.0,27.0,4418.62,-9.3,[17.14],[5],0.0,5.0,weak,606
MSTCLTD.NS,Mstc Limited,Conglomerates,Industrials,Industrials,False,Cash,1,Stage 2,Stage 2,Clean Stage 2,0.9,"Price is above rising key averages, weekly structure is supportive, and the stock is near its 52-week high.",,,2026-10-05,,11.48,71.65,175979068.8,0.69,0.55,0.61,True,True,"Stage 2, Clean Stage 2, trend_template_ok, volume_dryup, weekly_volume_dryup",weekly_watchlist,26.0,27.0,797.12,-10.39,[23.38],[5],0.0,5.0,weak,607
VADILALIND.NS,Vadilal Industries Limited,Packaged Foods,Consumer Defensive,Consumer Defensive,False,Cash,1,Stage 2,Stage 2,Early Stage 2,0.72,"Price has moved above long-term structure, but the full moving-average stack is not clean yet.",,,2026-10-05,,20.57,65.08,111956084.5,0.47,0.44,0.31,True,True,"Stage 2, Early Stage 2, volume_dryup, weekly_volume_dryup",weekly_watchlist,26.0,27.0,8394.33,-12.92,[19.51],[5],0.0,5.0,weak,608
SOLARINDS.NS,Solar Industries India Limited,Specialty Chemicals,Basic Materials,Basic Materials,True,F&O,1,Stage 2,Stage 2,Stage 2,0.76,Advancing structure detected.,,,2026-10-05,,20.18,43.54,5023691819.65,1.11,0.8,1.09,False,False,"Stage 2, Stage 2, trend_template_ok",weekly_watchlist,21.97,26.97,22739.72,-11.74,[10.82],[3],0.0,3.0,weak,609
SKIPPER.NS,Skipper Limited,Engineering & Construction,Industrials,Industrials,False,Cash,1,Stage 2,Stage 2,Stage 2,0.76,Advancing structure detected.,,,2026-10-05,,5.28,46.7,461979290.74,0.54,0.28,0.49,True,True,"Stage 2, Stage 2, volume_dryup, weekly_volume_dryup",weekly_watchlist,26.8,26.8,617.88,-10.74,[13.66],[8],0.0,8.0,weak,610
YATHARTH.NS,Yatharth Hospital & Trauma Care Services Limited,Medical Care Facilities,Healthcare,Healthcare,False,Cash,1,Stage 2,Stage 2,Clean Stage 2,0.9,"Price is above rising key averages, weekly structure is supportive, and the stock is near its 52-week high.",,,2026-10-05,,32.31,41.48,933628523.53,0.7,0.51,0.75,True,True,"Stage 2, Clean Stage 2, trend_template_ok, daily_vcp_ok, volume_dryup, weekly_volume_dryup",weekly_watchlist,26.58,26.58,1186.07,-10.73,[10.67],[6],0.0,6.0,weak,611
NETWEB.NS,Netweb Technologies India Limited,Technology,Technology,Technology,False,Cash,1,Stage 2,Stage 2,Early Stage 2,0.72,"Price has moved above long-term structure, but the full moving-average stack is not clean yet.",,,2026-10-05,,14.95,44.34,4439392565.32,0.45,0.63,0.49,True,True,"Stage 2, Early Stage 2, volume_dryup, weekly_volume_dryup",weekly_watchlist,21.53,26.53,5823.17,-18.49,[24.51],[3],0.0,3.0,weak,612
INOXINDIA.NS,INOX India Limited,Specialty Industrial Machinery,Industrials,Industrials,False,Cash,1,Stage 2,Stage 2,Messy Stage 2,0.64,"Long-term structure is still constructive, but the short-term/weekly structure is not clean.",,,2026-10-05,,9.65,48.17,661161771.27,0.79,0.72,0.86,True,True,"Stage 2, Messy Stage 2, trend_template_ok, daily_vcp_ok, volume_dryup, weekly_volume_dryup",weekly_watchlist,21.38,26.38,2343.59,-11.36,[15.34],[3],0.0,3.0,weak,613
ARVIND.NS,Arvind Limited,Textile Manufacturing,Consumer Cyclical,Consumer Cyclical,False,Cash,1,Stage 2,Stage 2,Early Stage 2,0.72,"Price has moved above long-term structure, but the full moving-average stack is not clean yet.",,,2026-10-05,,5.72,39.01,354396804.28,0.71,0.53,0.7,True,True,"Stage 2, Early Stage 2, volume_dryup, weekly_volume_dryup",weekly_watchlist,21.27,26.27,608.21,-12.09,[15.84],[4],0.0,4.0,weak,614
NRBBEARING.NS,NRB Bearing Limited,Auto Parts,Consumer Cyclical,Consumer Cyclical,False,Cash,1,Stage 2,Stage 2,Extended Stage 2,0.78,"Advancing structure remains intact, but price is stretched versus key moving averages or far above the 52-week low.",,,2026-10-05,,31.67,115.18,551634339.83,0.85,0.25,0.61,False,True,"Stage 2, Extended Stage 2, trend_template_ok, weekly_volume_dryup",weekly_watchlist,23.6,26.1,504.78,6.37,[18.22],[3],0.0,3.0,weak,615
SSWL.NS,Steel Strips Wheels Limited,Auto Parts,Consumer Cyclical,Consumer Cyclical,False,Cash,1,Stage 2,Stage 2,Extended Stage 2,0.78,"Advancing structure remains intact, but price is stretched versus key moving averages or far above the 52-week low.",,,2026-10-05,,77.95,101.37,536760634.26,1.02,1.07,1.08,False,False,"Stage 2, Extended Stage 2, trend_template_ok",weekly_watchlist,23.6,26.1,383.24,10.82,[12.35],[3],0.0,3.0,weak,616
PAISALO.NS,Paisalo Digital Limited,Credit Services,Financial Services,Financial Services,False,Cash,1,Stage 2,Stage 2,Extended Stage 2,0.78,"Advancing structure remains intact, but price is stretched versus key moving averages or far above the 52-week low.",,,2026-10-05,,18.23,111.79,1401155271.62,0.96,0.63,0.69,False,True,"Stage 2, Extended Stage 2, trend_template_ok, weekly_volume_dryup",weekly_watchlist,26.0,26.0,95.05,-12.57,[16.01],[5],0.0,5.0,weak,617
RBA.NS,Restaurant Brands Asia Limited,Consumer Cyclical,Consumer Cyclical,Consumer Cyclical,False,Cash,1,Stage 2,Stage 2,Messy Stage 2,0.64,"Long-term structure is still constructive, but the short-term/weekly structure is not clean.",,,2026-10-05,,33.98,52.51,281096560.26,0.21,0.52,0.21,True,True,"Stage 2, Messy Stage 2, trend_template_ok, volume_dryup, weekly_volume_dryup",weekly_watchlist,24.8,25.8,111.34,-14.59,[22.38],[4],0.0,4.0,weak,618
HBLENGINE.NS,HBL Engineering Limited,Electrical Equipment & Parts,Industrials,Industrials,False,Cash,1,Not Sure,Not Sure,Not Sure,0.0,Stage rules did not identify a reliable structure.,No confident stage classification.,,2026-06-26,,4.57,2.62,1610880200.16,1.12,0.29,0.48,False,True,"Not Sure, Not Sure, weekly_volume_dryup",weekly_watchlist,20.72,25.72,773.08,-1.14,[23.3],[10],0.0,10.0,weak,619
DATAPATTNS.NS,Data Patterns (India) Limited,Aerospace & Defense,Industrials,Industrials,False,Cash,1,Stage 2,Stage 2,Early Stage 2,0.72,"Price has moved above long-term structure, but the full moving-average stack is not clean yet.",,,2026-10-05,,5.2,32.61,2702419870.2,0.45,0.61,0.45,True,True,"Stage 2, Early Stage 2, volume_dryup, weekly_volume_dryup",weekly_watchlist,20.58,25.58,5008.7,-14.17,[17.2],[4],0.0,4.0,weak,620
POLYPLEX.NS,Polyplex Corporation Limited,Specialty Chemicals,Basic Materials,Basic Materials,False,Cash,1,Stage 2,Stage 2,Early Stage 2,0.72,"Price has moved above long-term structure, but the full moving-average stack is not clean yet.",,,2026-10-05,,5.19,20.29,47477492.47,0.51,2.37,0.69,True,True,"Stage 2, Early Stage 2, volume_dryup, weekly_volume_dryup",weekly_watchlist,20.55,25.55,1265.14,-18.25,[20.34],[5],0.0,5.0,weak,621
PRIVISCL.NS,Privi Speciality Chemicals Limited,Specialty Chemicals,Basic Materials,Basic Materials,False,Cash,1,Stage 2 Failed,Stage 1,Failed Stage 2,0.72,"This stock was recently Stage 2, but the latest structure no longer satisfies Stage 2 rules. It is kept as Stage 2 Failed until a fresh base/repair structure forms.",Recent Stage 2 break; public stage held as Stage 2 Failed.,2026-10-06,2026-10-05,,3.7,21.38,436755555.47,1.78,2.35,2.52,False,False,"Stage 1, Stage 1 - Base/Repair, stage1_not_actionable, stage1_needs_more_base | Stage 2 failed state applied from stage memory.",weekly_watchlist,20.51,25.51,3774.71,-7.15,[7.75],[16],0.0,16.0,weak,622
UNOMINDA.NS,UNO Minda Limited,Auto Parts,Consumer Cyclical,Consumer Cyclical,True,F&O,1,Stage 2 Failed,Stage 4,Failed Stage 2,0.72,"This stock was recently Stage 2, but the latest structure no longer satisfies Stage 2 rules. It is kept as Stage 2 Failed until a fresh base/repair structure forms.",Recent Stage 2 break; public stage held as Stage 2 Failed.,2026-10-06,2026-09-22,,1.64,4.89,674544132.57,0.87,1.63,1.1,False,False,"Stage 4, Stage 4 - Weak/Declining, weekly_vcp_ok, downtrend | Stage 2 failed state applied from stage memory.",weekly_watchlist,22.75,25.25,1307.5,-14.34,"[18.25, 20.8, 15.31]","[2, 5, 2]",0.55,19.0,moderate,623
JUBLPHARMA.NS,Jubilant Pharmova Limited,Drug Manufacturers - Specialty & Generic,Healthcare,Healthcare,False,Cash,1,Stage 2,Stage 2,Early Stage 2,0.72,"Price has moved above long-term structure, but the full moving-average stack is not clean yet.",,,2026-10-05,,7.22,13.96,317836520.87,0.94,0.52,1.46,False,False,"Stage 2, Early Stage 2",weekly_watchlist,20.12,25.12,1093.76,-9.56,[18.21],[5],0.0,5.0,weak,624
KALYANKJIL.NS,Kalyan Jewellers India Limited,Luxury Goods,Consumer Cyclical,Consumer Cyclical,True,F&O,1,Stage 2,Stage 2,Early Stage 2,0.72,"Price has moved above long-term structure, but the full moving-average stack is not clean yet.",,,2026-10-05,,20.22,25.46,3358517468.48,0.57,2.11,0.72,True,True,"Stage 2, Early Stage 2, volume_dryup, weekly_volume_dryup",weekly_watchlist,22.57,25.07,634.47,-13.61,[14.25],[5],0.0,5.0,weak,625
63MOONS.NS,63 moons technologies limited,Software - Application,Technology,Technology,False,Cash,1,Stage 2,Stage 2,Early Stage 2,0.72,"Price has moved above long-term structure, but the full moving-average stack is not clean yet.",,,2026-10-05,,22.79,45.42,371550427.39,0.43,0.21,0.17,True,True,"Stage 2, Early Stage 2, daily_vcp_ok, volume_dryup, weekly_volume_dryup",weekly_watchlist,22.42,24.92,944.46,-16.04,[22.85],[3],0.0,3.0,weak,626
LUMAXTECH.NS,Lumax Auto Technologies Limited,Auto Parts,Consumer Cyclical,Consumer Cyclical,False,Cash,1,Stage 2,Stage 2,Early Stage 2,0.72,"Price has moved above long-term structure, but the full moving-average stack is not clean yet.",,,2026-10-05,,29.21,3.01,275418825.12,0.53,2.15,0.59,True,True,"Stage 2, Early Stage 2, volume_dryup, weekly_volume_dryup",weekly_watchlist,22.42,24.92,2193.83,-15.36,[23.22],[6],0.0,6.0,weak,627
SANSERA.NS,Sansera Engineering Limited,Auto Parts,Consumer Cyclical,Consumer Cyclical,False,Cash,1,Stage 2,Stage 2,Extended Stage 2,0.78,"Advancing structure remains intact, but price is stretched versus key moving averages or far above the 52-week low.",,,2026-10-05,,32.87,81.43,1422911098.51,1.36,0.98,0.96,False,False,"Stage 2, Extended Stage 2, trend_template_ok",weekly_watchlist,22.4,24.9,4751.8,-10.92,[18.78],[2],0.0,2.0,weak,628
SUVEN.NS,Suven Life Sciences Limited,Drug Manufacturers - Specialty & Generic,Healthcare,Healthcare,False,Cash,1,Stage 2,Stage 2,Messy Stage 2,0.64,"Long-term structure is still constructive, but the short-term/weekly structure is not clean.",,,2026-10-05,,-8.98,63.21,146669086.82,0.66,1.7,0.68,True,True,"Stage 2, Messy Stage 2, volume_dryup, weekly_volume_dryup",weekly_watchlist,19.82,24.82,404.06,-23.49,[21.7],[2],0.0,2.0,weak,629
WELENT.NS,Welspun Enterprises Limited,Engineering & Construction,Industrials,Industrials,False,Cash,1,Stage 2,Stage 2,Stage 2,0.76,Advancing structure detected.,,,2026-10-05,,21.62,63.89,525875464.41,0.48,0.19,0.4,True,True,"Stage 2, Stage 2, trend_template_ok, volume_dryup, weekly_volume_dryup",weekly_watchlist,24.8,24.8,843.37,-14.83,[12.25],[4],0.0,4.0,weak,630
CONCORDBIO.NS,Concord Biotech Limited,Biotechnology,Healthcare,Healthcare,False,Cash,1,Stage 2,Stage 2,Early Stage 2,0.72,"Price has moved above long-term structure, but the full moving-average stack is not clean yet.",,,2026-10-05,,10.17,32.43,223465726.64,0.68,0.3,0.39,True,True,"Stage 2, Early Stage 2, volume_dryup, weekly_volume_dryup",weekly_watchlist,22.26,24.76,1615.0,-15.24,[11.54],[5],0.0,5.0,weak,631
JSFB.NS,Jana Small Finance Bank Limited,Banks - Regional,Financial Services,Financial Services,False,Cash,1,Stage 2,Stage 2,Early Stage 2,0.72,"Price has moved above long-term structure, but the full moving-average stack is not clean yet.",,,2026-10-05,,14.43,30.8,452689859.12,0.98,0.37,0.49,False,True,"Stage 2, Early Stage 2, weekly_volume_dryup",weekly_watchlist,23.72,24.72,608.01,-17.79,[13.41],[6],0.0,6.0,weak,632
RATNAMANI.NS,Ratnamani Metals & Tubes Limited,Steel,Basic Materials,Basic Materials,False,Cash,1,Stage 2,Stage 2,Stage 2,0.76,Advancing structure detected.,,,2026-10-05,,3.83,13.42,140719898.06,0.36,0.17,0.46,True,True,"Stage 2, Stage 2, trend_template_ok, volume_dryup, weekly_volume_dryup",weekly_watchlist,22.13,24.63,2902.47,-10.38,[24.35],[7],0.0,7.0,weak,633
RELIANCE.NS,Reliance Industries Limited,Oil & Gas Refining & Marketing,Energy,Energy,True,F&O,1,Stage 4,Stage 4,Stage 4 - Confirmed Downtrend,0.86,Price is below a bearish moving-average stack with falling trend signals.,,,,,-2.24,-6.12,14400807801.71,1.22,1.53,1.18,False,False,"Stage 4, Stage 4 - Confirmed Downtrend, weekly_vcp_ok, downtrend",weekly_watchlist,22.1,24.6,1469.19,-17.1,"[13.39, 14.55, 7.07]","[9, 5, 4]",0.55,24.0,moderate,634
PURVA.NS,Puravankara Limited,Real Estate,Real Estate,Real Estate,False,Cash,1,Stage 4,Stage 4,Stage 4 - Weak/Declining,0.72,Price is below long-term support with weak trend evidence.,,,,,0.52,13.76,50931603.6,0.15,0.12,0.14,True,True,"Stage 4, Stage 4 - Weak/Declining, weekly_vcp_ok, volume_dryup, weekly_volume_dryup, downtrend",weekly_watchlist,23.53,24.53,262.26,-19.64,"[43.22, 19.08, 21.12]","[7, 8, 3]",0.55,25.0,moderate,635
THYROCARE.NS,Thyrocare Technologies Limited,Diagnostics & Research,Healthcare,Healthcare,False,Cash,1,Stage 2,Stage 2,Early Stage 2,0.72,"Price has moved above long-term structure, but the full moving-average stack is not clean yet.",,,2026-10-05,,3.56,35.35,121915805.54,0.44,0.63,0.33,True,True,"Stage 2, Early Stage 2, volume_dryup, weekly_volume_dryup",weekly_watchlist,19.49,24.49,663.16,-20.11,[12.07],[3],0.0,3.0,weak,636
PHOENIXLTD.NS,The Phoenix Mills Limited,Real Estate,Real Estate,Real Estate,True,F&O,1,Stage 2,Stage 2,Messy Stage 2,0.64,"Long-term structure is still constructive, but the short-term/weekly structure is not clean.",,,2026-10-05,,-5.04,11.14,780308970.09,1.04,1.57,1.1,False,False,"Stage 2, Messy Stage 2",weekly_watchlist,23.41,24.41,2170.72,-13.23,[16.0],[9],0.0,9.0,weak,637
SMARTWORKS.NS,Smartworks Coworking Spaces Limited,Real Estate Services,Real Estate,Real Estate,False,Cash,1,Stage 2,Stage 2,Early Stage 2,0.72,"Price has moved above long-term structure, but the full moving-average stack is not clean yet.",,,2026-10-05,,14.65,25.21,46396339.47,0.78,1.29,1.1,True,False,"Stage 2, Early Stage 2, volume_dryup",weekly_watchlist,24.39,24.39,567.9,-11.27,[24.09],[7],0.0,7.0,weak,638
KOLTEPATIL.NS,Kolte - Patil Developers Limited,Real Estate,Real Estate,Real Estate,False,Cash,1,Stage 2,Stage 2,Early Stage 2,0.72,"Price has moved above long-term structure, but the full moving-average stack is not clean yet.",,,2026-10-05,,21.66,31.74,46999093.37,0.09,0.58,0.1,True,True,"Stage 2, Early Stage 2, volume_dryup, weekly_volume_dryup",weekly_watchlist,23.34,24.34,555.57,-21.96,[25.5],[5],0.0,5.0,weak,639
PCBL.NS,PCBL Chemical Limited,Specialty Chemicals,Basic Materials,Basic Materials,False,Cash,1,Stage 2,Stage 2,Stage 2,0.76,Advancing structure detected.,,,2026-10-05,,11.97,24.42,465310226.85,0.34,0.4,0.26,True,True,"Stage 2, Stage 2, trend_template_ok, daily_vcp_ok, volume_dryup, weekly_volume_dryup",weekly_watchlist,19.24,24.24,356.62,-8.11,[16.46],[3],0.0,3.0,weak,640
ITDC.NS,India Tourism Development Corporation Limited,Lodging,Consumer Cyclical,Consumer Cyclical,False,Cash,1,Stage 2 Failed,Stage 2,Failed Stage 2,0.7,Failed Stage 2 cooling period is still active; waiting for a fresh base or confirmed reclaim.,Failed Stage 2 hold period active.,,2026-09-30,,-2.23,28.95,712744423.34,1.59,0.1,1.79,False,False,"Stage 2, Messy Stage 2 | Failed Stage 2 hold period active.",weekly_watchlist,23.07,24.07,759.82,-11.13,[23.71],[7],0.0,7.0,weak,641
GRANULES.NS,Granules India Limited,Drug Manufacturers - Specialty & Generic,Healthcare,Healthcare,False,Cash,1,Stage 2,Stage 2,Early Stage 2,0.72,"Price has moved above long-term structure, but the full moving-average stack is not clean yet.",,,2026-10-05,,-0.35,33.46,1171957395.92,0.65,0.43,0.8,True,True,"Stage 2, Early Stage 2, daily_vcp_ok, volume_dryup, weekly_volume_dryup",weekly_watchlist,18.91,23.91,925.27,-9.6,[10.34],[3],0.0,3.0,weak,642
SEAMECLTD.NS,Seamec Limited,Marine Shipping,Industrials,Industrials,False,Cash,1,Stage 2,Stage 2,Early Stage 2,0.72,"Price has moved above long-term structure, but the full moving-average stack is not clean yet.",,,2026-10-05,,14.34,5.84,99253186.02,0.5,0.76,0.69,True,True,"Stage 2, Early Stage 2, volume_dryup, weekly_volume_dryup",weekly_watchlist,18.82,23.82,1852.24,-14.43,[24.75],[4],0.0,4.0,weak,643
LGBBROSLTD.NS,LG Balakrishnan & Bros Limited,Auto Parts,Consumer Cyclical,Consumer Cyclical,False,Cash,1,Stage 1,Stage 1,Stage 1 - Early Turn,0.66,The stock is improving from a repair/base area but has not confirmed a clean Stage 2 yet.,,,2026-09-03,,12.52,-4.44,39964673.66,0.93,0.97,1.1,False,False,"Stage 1, Stage 1 - Early Turn, stage1_not_actionable, stage1_needs_more_base",weekly_watchlist,21.08,23.58,2023.43,-18.07,"[17.97, 20.34, 21.68, 7.68]","[9, 7, 6, 5]",0.47,36.0,weak,644
DATAMATICS.NS,Datamatics Global Services Limited,Information Technology Services,Technology,Technology,False,Cash,1,Stage 2 Failed,Stage 4,Failed Stage 2,0.72,"This stock was recently Stage 2, but the latest structure no longer satisfies Stage 2 rules. It is kept as Stage 2 Failed until a fresh base/repair structure forms.",Recent Stage 2 break; public stage held as Stage 2 Failed.,2026-10-06,2026-09-30,,-5.51,10.08,127268576.47,1.0,0.37,0.95,False,False,"Stage 4, Stage 4, weekly_vcp_ok, downtrend | Stage 2 failed state applied from stage memory.",weekly_watchlist,22.56,23.56,913.71,-15.6,"[26.65, 28.51, 11.94]","[5, 6, 18]",0.55,37.0,moderate,645
SKFINDIA.NS,SKF India Limited,Tools & Accessories,Industrials,Industrials,False,Cash,1,Stage 4,Stage 4,Stage 4 - Weak/Declining,0.72,Price is below long-term support with weak trend evidence.,,,,,-2.36,-5.83,83171972.04,0.57,0.69,0.41,True,True,"Stage 4, Stage 4 - Weak/Declining, weekly_vcp_ok, volume_dryup, weekly_volume_dryup, downtrend",weekly_watchlist,22.1,23.1,1734.74,-15.73,"[26.65, 13.21, 14.51]","[5, 5, 3]",0.55,21.0,moderate,646
SIGNATURE.NS,Signatureglobal (India) Limited,Real Estate,Real Estate,Real Estate,False,Cash,1,Stage 4,Stage 4,Stage 4 - Confirmed Downtrend,0.86,Price is below a bearish moving-average stack with falling trend signals.,,,,,-1.89,-12.41,264612359.47,1.65,0.92,1.13,False,False,"Stage 4, Stage 4 - Confirmed Downtrend, weekly_vcp_ok, downtrend",weekly_watchlist,22.1,23.1,929.62,-22.62,"[32.82, 36.53, 21.34]","[5, 6, 7]",0.55,27.0,moderate,647
AXISBANK.NS,Axis Bank Limited,Banks - Regional,Financial Services,Financial Services,True,F&O,1,Stage 4,Stage 4,Stage 4 - Weak/Declining,0.72,Price is below long-term support with weak trend evidence.,,,2026-07-17,,-1.09,-6.89,6364210816.61,1.19,1.57,1.12,False,False,"Stage 4, Stage 4 - Weak/Declining, weekly_vcp_ok, downtrend",weekly_watchlist,22.1,23.1,1399.02,-10.79,"[18.9, 12.14, 13.61]","[8, 4, 7]",0.55,27.0,moderate,648
IRCTC.NS,Indian Railway Catering And Tourism Corporation Limited,Consumer Cyclical,Consumer Cyclical,Consumer Cyclical,False,Cash,1,Stage 4,Stage 4,Stage 4 - Confirmed Downtrend,0.86,Price is below a bearish moving-average stack with falling trend signals.,,,,,-4.9,-14.52,332065282.63,0.92,1.06,1.18,False,False,"Stage 4, Stage 4 - Confirmed Downtrend, weekly_vcp_ok, downtrend",weekly_watchlist,22.1,23.1,581.7,-21.82,"[24.35, 13.47, 15.28]","[6, 3, 5]",0.55,30.0,moderate,649
REDTAPE.NS,Redtape Limited,Consumer Cyclical,Consumer Cyclical,Consumer Cyclical,False,Cash,1,Stage 4,Stage 4,Stage 4 - Weak/Declining,0.72,Price is below long-term support with weak trend evidence.,,,2026-08-07,,-9.42,-2.42,260710405.02,0.41,0.09,0.15,True,True,"Stage 4, Stage 4 - Weak/Declining, weekly_vcp_ok, volume_dryup, weekly_volume_dryup, downtrend",weekly_watchlist,22.1,23.1,156.89,-26.83,"[20.23, 22.02, 20.16]","[2, 7, 9]",0.55,34.0,moderate,650
APOLLO.NS,Apollo Micro Systems Limited,Aerospace & Defense,Industrials,Industrials,False,Cash,1,Stage 2 Failed,Stage 1,Failed Stage 2,0.72,"This stock was recently Stage 2, but the latest structure no longer satisfies Stage 2 rules. It is kept as Stage 2 Failed until a fresh base/repair structure forms.",Recent Stage 2 break; public stage held as Stage 2 Failed.,2026-10-06,2026-09-22,,4.5,76.47,2699313542.25,0.83,0.51,0.56,True,True,"Stage 1, Stage 1 - Unclear/Repair, volume_dryup, weekly_volume_dryup, stage1_not_actionable, stage1_needs_more_base | Stage 2 failed state applied from stage memory.",weekly_watchlist,18.0,23.0,467.03,-12.63,[19.13],[15],0.0,15.0,weak,651
CGCL.NS,Capri Global Capital Limited,Credit Services,Financial Services,Financial Services,False,Cash,1,Stage 2,Stage 2,Early Stage 2,0.72,"Price has moved above long-term structure, but the full moving-average stack is not clean yet.",,,2026-10-05,,2.42,35.45,787258585.99,0.45,0.89,0.5,True,True,"Stage 2, Early Stage 2, volume_dryup, weekly_volume_dryup",weekly_watchlist,22.99,22.99,287.95,-14.26,[17.97],[6],0.0,6.0,weak,652
BELRISE.NS,Belrise Industries Limited,Auto Parts,Consumer Cyclical,Consumer Cyclical,False,Cash,1,Stage 2,Stage 2,Early Stage 2,0.72,"Price has moved above long-term structure, but the full moving-average stack is not clean yet.",,,2026-10-05,,8.36,16.02,708157981.47,0.75,0.9,0.59,True,True,"Stage 2, Early Stage 2, daily_vcp_ok, volume_dryup, weekly_volume_dryup",weekly_watchlist,20.44,22.94,268.02,-11.65,[16.75],[5],0.0,5.0,weak,653
JINDALSAW.NS,Jindal Saw Limited,Steel,Basic Materials,Basic Materials,False,Cash,1,Stage 2,Stage 2,Early Stage 2,0.72,"Price has moved above long-term structure, but the full moving-average stack is not clean yet.",,,2026-10-05,,8.34,39.95,457516526.52,0.57,0.46,0.64,True,True,"Stage 2, Early Stage 2, volume_dryup, weekly_volume_dryup",weekly_watchlist,20.43,22.93,320.56,-11.9,[11.63],[3],0.0,3.0,weak,654
TMB.NS,Tamilnad Mercantile Bank Limited,Banks - Regional,Financial Services,Financial Services,False,Cash,1,Stage 2,Stage 2,Early Stage 2,0.72,"Price has moved above long-term structure, but the full moving-average stack is not clean yet.",,,2026-10-05,,14.28,36.78,132732541.64,0.99,0.81,0.48,False,True,"Stage 2, Early Stage 2, weekly_volume_dryup",weekly_watchlist,21.91,22.91,955.87,-8.05,[20.94],[4],0.0,4.0,weak,655
BALUFORGE.NS,Balu Forge Industries Limited,Metal Fabrication,Industrials,Industrials,False,Cash,1,Stage 2 Failed,Stage 2,Failed Stage 2,0.7,Failed Stage 2 cooling period is still active; waiting for a fresh base or confirmed reclaim.,Failed Stage 2 hold period active.,,2026-09-21,,17.96,16.77,294584959.18,0.27,0.66,0.23,True,True,"Stage 2, Early Stage 2, volume_dryup, weekly_volume_dryup | Failed Stage 2 hold period active.",weekly_watchlist,17.87,22.87,650.94,-19.05,[27.69],[2],0.0,2.0,weak,656
GESHIP.NS,The Great Eastern Shipping Company Limited,Marine Shipping,Industrials,Industrials,False,Cash,1,Stage 2,Stage 2,Early Stage 2,0.72,"Price has moved above long-term structure, but the full moving-average stack is not clean yet.",,,2026-10-05,,13.65,17.64,1342970674.26,0.97,0.76,0.6,False,True,"Stage 2, Early Stage 2, weekly_volume_dryup",weekly_watchlist,17.53,22.53,1382.41,10.86,[20.28],[2],0.0,2.0,weak,657
ADANIPORTS.NS,Adani Ports and Special Economic Zone Limited,Marine Shipping,Industrials,Industrials,True,F&O,1,Stage 2 Failed,Stage 1,Failed Stage 2,0.72,"This stock was recently Stage 2, but the latest structure no longer satisfies Stage 2 rules. It is kept as Stage 2 Failed until a fresh base/repair structure forms.",Recent Stage 2 break; public stage held as Stage 2 Failed.,2026-10-06,2026-10-05,,2.19,23.06,3541945225.17,0.84,0.73,0.87,True,True,"Stage 1, Stage 1 - Base/Repair, volume_dryup, weekly_volume_dryup, stage1_not_actionable, stage1_needs_more_base | Stage 2 failed state applied from stage memory.",weekly_watchlist,17.32,22.32,1827.19,-2.4,[15.76],[9],0.0,9.0,weak,658
JSLL.NS,Jeena Sikho Lifecare Limited,Medical Care Facilities,Healthcare,Healthcare,False,Cash,1,Stage 4,Stage 4,Stage 4 - Confirmed Downtrend,0.86,Price is below a bearish moving-average stack with falling trend signals.,,,,,-20.3,-31.83,246325601.57,1.06,1.55,1.39,False,False,"Stage 4, Stage 4 - Confirmed Downtrend, weekly_vcp_ok, downtrend",weekly_watchlist,22.1,22.1,778.89,-43.35,"[33.94, 37.28, 19.27]","[7, 3, 2]",0.55,27.0,moderate,659
CHOLAHLDNG.NS,Cholamandalam Financial Holdings Limited,Credit Services,Financial Services,Financial Services,False,Cash,1,Stage 4,Stage 4,Stage 4 - Confirmed Downtrend,0.86,Price is below a bearish moving-average stack with falling trend signals.,,,,,-9.08,-9.88,263667733.78,1.28,0.35,1.19,False,False,"Stage 4, Stage 4 - Confirmed Downtrend, weekly_vcp_ok, downtrend",weekly_watchlist,22.1,22.1,1811.64,-21.36,"[33.59, 16.58, 18.6]","[11, 9, 6]",0.55,31.0,moderate,660
RAYMONDLSL.NS,Raymond Lifestyle Limited,Apparel Manufacturing,Consumer Cyclical,Consumer Cyclical,False,Cash,1,Stage 4,Stage 4,Stage 4 - Confirmed Downtrend,0.86,Price is below a bearish moving-average stack with falling trend signals.,,,,,-8.02,-17.28,218088970.93,1.04,0.9,0.65,False,True,"Stage 4, Stage 4 - Confirmed Downtrend, weekly_vcp_ok, weekly_volume_dryup, downtrend",weekly_watchlist,22.1,22.1,843.34,-22.94,"[33.74, 17.11, 18.3]","[9, 3, 4]",0.55,31.0,moderate,661
BAJAJHFL.NS,Bajaj Housing Finance Limited,Mortgage Finance,Financial Services,Financial Services,False,Cash,1,Stage 4,Stage 4,Stage 4 - Confirmed Downtrend,0.86,Price is below a bearish moving-average stack with falling trend signals.,,,,,-1.34,-3.33,260187588.45,1.09,0.66,1.25,False,False,"Stage 4, Stage 4 - Confirmed Downtrend, weekly_vcp_ok, downtrend",weekly_watchlist,22.1,22.1,94.0,-12.38,"[23.34, 12.04, 13.07]","[8, 3, 9]",0.55,30.0,moderate,662
HDBFS.NS,HDB Financial Services Limited,Credit Services,Financial Services,Financial Services,False,Cash,1,Stage 4,Stage 4,Stage 4 - Weak/Declining,0.72,Price is below long-term support with weak trend evidence.,,,,,-11.45,-0.24,251228670.92,0.65,1.66,0.87,True,True,"Stage 4, Stage 4 - Weak/Declining, weekly_vcp_ok, volume_dryup, weekly_volume_dryup, downtrend",weekly_watchlist,22.1,22.1,787.93,-21.72,"[29.62, 15.3, 16.47]","[11, 8, 4]",0.55,30.0,moderate,663
JKCEMENT.NS,JK Cement Limited,Building Materials,Basic Materials,Basic Materials,False,Cash,1,Stage 4,Stage 4,Stage 4 - Confirmed Downtrend,0.86,Price is below a bearish moving-average stack with falling trend signals.,,,,,-3.06,-12.12,279412354.02,1.55,0.2,2.31,False,False,"Stage 4, Stage 4 - Confirmed Downtrend, weekly_vcp_ok, downtrend",weekly_watchlist,22.1,22.1,6008.17,-17.45,"[21.01, 22.4, 19.24]","[9, 7, 8]",0.55,34.0,moderate,664
IREDA.NS,Indian Renewable Energy Development Agency Limited,Credit Services,Financial Services,Financial Services,True,F&O,1,Stage 4,Stage 4,Stage 4 - Confirmed Downtrend,0.86,Price is below a bearish moving-average stack with falling trend signals.,,,,,-8.56,-10.21,511375472.46,1.28,0.66,0.69,False,True,"Stage 4, Stage 4 - Confirmed Downtrend, weekly_vcp_ok, weekly_volume_dryup, downtrend",weekly_watchlist,22.1,22.1,142.15,-23.32,"[27.31, 17.57, 18.83]","[12, 7, 12]",0.55,36.0,moderate,665
INDIGOPNTS.NS,Indigo Paints Limited,Specialty Chemicals,Basic Materials,Basic Materials,False,Cash,1,Stage 2 Failed,Not Sure,Failed Stage 2,0.72,"This stock was recently Stage 2, but the latest structure no longer satisfies Stage 2 rules. It is kept as Stage 2 Failed until a fresh base/repair structure forms.",Recent Stage 2 break; public stage held as Stage 2 Failed.,2026-10-06,2026-09-25,,6.01,32.95,52520455.07,0.4,0.7,0.37,True,True,"Not Sure, Not Sure, volume_dryup, weekly_volume_dryup | Stage 2 failed state applied from stage memory.",weekly_watchlist,17.1,22.1,1215.74,-12.61,[43.36],[11],0.0,11.0,weak,666
VRLLOG.NS,VRL Logistics Limited,Industrials,Industrials,Industrials,False,Cash,1,Stage 2,Stage 2,Early Stage 2,0.72,"Price has moved above long-term structure, but the full moving-average stack is not clean yet.",,,2026-10-05,,28.55,11.0,32292522.35,0.34,0.73,0.33,True,True,"Stage 2, Early Stage 2, volume_dryup, weekly_volume_dryup",weekly_watchlist,21.95,21.95,310.74,-8.3,[9.45],[5],0.0,5.0,weak,667
SHAREINDIA.NS,Share India Securities Limited,Capital Markets,Financial Services,Financial Services,False,Cash,1,Stage 2,Stage 2,Clean Stage 2,0.9,"Price is above rising key averages, weekly structure is supportive, and the stock is near its 52-week high.",,,2026-10-05,,23.4,49.75,1849592116.46,0.38,0.15,0.36,True,True,"Stage 2, Clean Stage 2, trend_template_ok, daily_vcp_ok, volume_dryup, weekly_volume_dryup",weekly_watchlist,21.71,21.71,233.76,-9.56,[16.16],[2],0.0,2.0,weak,668
ADANIGREEN.NS,Adani Green Energy Limited,Utilities - Renewable,Utilities,Utilities,True,F&O,1,Not Sure,Stage 2,Pending Stage 2,0.55,Stage 2 pending confirmation: needs 3 raw Stage 2 runs; current count 1.,Stage 2 pending confirmation: needs 3 raw Stage 2 runs; current count 1.,,2026-08-28,Stage 2,-9.92,21.8,1897104449.76,1.24,1.67,1.5,False,False,"Stage 2, Messy Stage 2 | Stage 2 pending confirmation: needs 3 raw Stage 2 runs; current count 1.",weekly_watchlist,21.59,21.59,1429.5,-8.15,[25.53],[7],0.0,7.0,weak,669
SHRIPISTON.NS,Shriram Pistons & Rings Limited,Auto Parts,Consumer Cyclical,Consumer Cyclical,False,Cash,1,Stage 2,Stage 2,Early Stage 2,0.72,"Price has moved above long-term structure, but the full moving-average stack is not clean yet.",,,2026-10-05,,9.9,23.07,383845836.82,1.4,0.92,1.1,False,False,"Stage 2, Early Stage 2",weekly_watchlist,18.9,21.4,4794.17,-8.12,[13.29],[3],0.0,3.0,weak,670
TI.NS,Tilaknagar Industries Limited,Consumer Defensive,Consumer Defensive,Consumer Defensive,False,Cash,1,Stage 2,Stage 2,Messy Stage 2,0.64,"Long-term structure is still constructive, but the short-term/weekly structure is not clean.",,,2026-10-05,,27.42,28.91,499084427.62,0.96,3.63,0.96,False,False,"Stage 2, Messy Stage 2, trend_template_ok",weekly_watchlist,21.23,21.23,608.86,-10.03,[15.63],[3],0.0,3.0,weak,671
VMART.NS,V-Mart Retail Limited,Consumer Cyclical,Consumer Cyclical,Consumer Cyclical,False,Cash,1,Stage 2,Stage 2,Early Stage 2,0.72,"Price has moved above long-term structure, but the full moving-average stack is not clean yet.",,,2026-10-05,,6.49,27.13,63720864.88,0.87,1.15,0.9,False,False,"Stage 2, Early Stage 2",weekly_watchlist,20.16,21.16,870.42,-8.89,[17.09],[4],0.0,4.0,weak,672
MINDACORP.NS,Minda Corporation Limited,Auto Parts,Consumer Cyclical,Consumer Cyclical,False,Cash,1,Stage 2,Stage 2,Messy Stage 2,0.64,"Long-term structure is still constructive, but the short-term/weekly structure is not clean.",,,2026-10-05,,-1.76,29.21,123511840.17,0.53,0.63,0.81,True,True,"Stage 2, Messy Stage 2, volume_dryup, weekly_volume_dryup",weekly_watchlist,18.34,20.84,770.35,-14.38,[8.92],[3],0.0,3.0,weak,673
IIFL.NS,IIFL Finance Limited,Credit Services,Financial Services,Financial Services,False,Cash,1,Stage 2,Stage 2,Early Stage 2,0.72,"Price has moved above long-term structure, but the full moving-average stack is not clean yet.",,,2026-10-05,,15.1,32.95,1286942825.1,0.68,0.42,0.68,True,True,"Stage 2, Early Stage 2, volume_dryup, weekly_volume_dryup",weekly_watchlist,20.4,20.4,706.23,-14.8,[19.52],[3],0.0,3.0,weak,674
ABBOTINDIA.NS,Abbott India Limited,Drug Manufacturers - Specialty & Generic,Healthcare,Healthcare,False,Cash,1,Stage 4,Stage 4,Stage 4 - Weak/Declining,0.72,Price is below long-term support with weak trend evidence.,,,2026-08-12,,4.47,4.51,230999663.0,0.8,1.56,0.75,True,True,"Stage 4, Stage 4 - Weak/Declining, volume_dryup, weekly_volume_dryup, downtrend",weekly_watchlist,15.16,20.16,28685.11,-8.96,"[10.52, 11.72, 10.89, 12.22]","[3, 7, 6, 4]",0.47,41.0,weak,675
COALINDIA.NS,Coal India Limited,Energy,Energy,Energy,True,F&O,1,Stage 1,Stage 1,Stage 1 - Base/Repair,0.7,Price is near long-term moving averages with no strong long-term downtrend signal.,,,2026-07-03,,3.03,-2.08,2912904579.12,0.69,0.6,0.67,True,True,"Stage 1, Stage 1 - Base/Repair, volume_dryup, weekly_volume_dryup, stage1_not_actionable, stage1_needs_more_base",weekly_watchlist,17.3,19.8,437.06,-5.81,[17.21],[11],0.0,11.0,weak,676
WABAG.NS,VA Tech Wabag Limited,Engineering & Construction,Industrials,Industrials,False,Cash,1,Stage 2,Stage 2,Early Stage 2,0.72,"Price has moved above long-term structure, but the full moving-average stack is not clean yet.",,,2026-10-05,,-4.8,49.28,1428088962.73,0.69,0.62,0.61,True,True,"Stage 2, Early Stage 2, volume_dryup, weekly_volume_dryup",weekly_watchlist,18.85,18.85,2323.06,-13.61,[17.44],[2],0.0,2.0,weak,677
NOCIL.NS,NOCIL Limited,Specialty Chemicals,Basic Materials,Basic Materials,False,Cash,1,Stage 2 Failed,Stage 1,Failed Stage 2,0.72,"This stock was recently Stage 2, but the latest structure no longer satisfies Stage 2 rules. It is kept as Stage 2 Failed until a fresh base/repair structure forms.",Recent Stage 2 break; public stage held as Stage 2 Failed.,2026-10-06,2026-09-28,,2.12,4.29,448801685.43,1.44,0.4,0.81,False,True,"Stage 1, Stage 1 - Base/Repair, weekly_volume_dryup, stage1_not_actionable, stage1_needs_more_base | Stage 2 failed state applied from stage memory.",weekly_watchlist,12.04,17.04,211.57,-18.78,"[19.83, 21.62]","[5, 4]",0.1,11.0,weak,678
SIS.NS,SIS LIMITED,Industrials,Industrials,Industrials,False,Cash,1,Stage 3,Stage 3,Stage 3 - Distribution/Damage,0.76,"Prior strength exists, but short-term and/or weekly structure is deteriorating.",,,2026-09-04,,-0.19,39.11,144046512.54,1.26,0.29,0.73,False,True,"Stage 3, Stage 3 - Distribution/Damage, weekly_volume_dryup, distribution_risk",weekly_watchlist,15.49,15.49,444.1,-6.17,[14.71],[8],0.0,8.0,weak,679
TITAN.NS,Titan Company Limited,Luxury Goods,Consumer Cyclical,Consumer Cyclical,True,F&O,1,Stage 2 Failed,Stage 1,Failed Stage 2,0.72,"This stock was recently Stage 2, but the latest structure no longer satisfies Stage 2 rules. It is kept as Stage 2 Failed until a fresh base/repair structure forms.",Recent Stage 2 break; public stage held as Stage 2 Failed.,2026-10-06,2026-09-30,,3.88,3.67,2916302320.46,0.93,1.37,0.88,False,True,"Stage 1, Stage 1 - Base/Repair, weekly_volume_dryup, stage1_not_actionable, stage1_needs_more_base | Stage 2 failed state applied from stage memory.",weekly_watchlist,12.95,15.45,5195.78,-12.43,"[12.64, 13.95]","[6, 5]",0.1,17.0,weak,680
RATEGAIN.NS,Rategain Travel Technologies Limited,Software - Application,Technology,Technology,False,Cash,1,Stage 2 Failed,Stage 3,Failed Stage 2,0.72,"This stock was recently Stage 2, but the latest structure no longer satisfies Stage 2 rules. It is kept as Stage 2 Failed until a fresh base/repair structure forms.",Recent Stage 2 break; public stage held as Stage 2 Failed.,2026-10-06,2026-09-21,,-4.64,52.85,223056718.91,0.54,0.43,0.62,True,True,"Stage 3, Stage 3 - Distribution/Damage, volume_dryup, weekly_volume_dryup, distribution_risk | Stage 2 failed state applied from stage memory.",weekly_watchlist,12.82,15.32,1051.84,-18.77,[38.97],[13],0.0,13.0,weak,681
VIYASH.NS,Viyash Scientific Limited,Drug Manufacturers - Specialty & Generic,Healthcare,Healthcare,False,Cash,1,Stage 2 Failed,Stage 1,Failed Stage 2,0.72,"This stock was recently Stage 2, but the latest structure no longer satisfies Stage 2 rules. It is kept as Stage 2 Failed until a fresh base/repair structure forms.",Recent Stage 2 break; public stage held as Stage 2 Failed.,2026-10-06,2026-09-22,,-11.41,14.47,554033238.83,0.34,0.21,0.28,True,True,"Stage 1, Stage 1 - Base/Repair, volume_dryup, weekly_volume_dryup, stage1_not_actionable, stage1_needs_more_base | Stage 2 failed state applied from stage memory.",weekly_watchlist,10.31,15.31,298.52,-21.87,[11.56],[12],0.0,12.0,weak,682
DCMSHRIRAM.NS,DCM Shriram Limited,Conglomerates,Industrials,Industrials,False,Cash,1,Stage 4,Stage 4,Stage 4 - Confirmed Downtrend,0.86,Price is below a bearish moving-average stack with falling trend signals.,,,,,-0.48,-10.24,127169779.55,1.27,3.77,2.8,False,False,"Stage 4, Stage 4 - Confirmed Downtrend, downtrend",weekly_watchlist,14.27,15.27,1322.29,-25.22,"[20.26, 22.4, 25.65, 18.08]","[6, 5, 5, 2]",0.47,35.0,weak,683
EXIDEIND.NS,Exide Industries Limited,Auto Parts,Consumer Cyclical,Consumer Cyclical,True,F&O,1,Stage 2 Failed,Stage 1,Failed Stage 2,0.72,"This stock was recently Stage 2, but the latest structure no longer satisfies Stage 2 rules. It is kept as Stage 2 Failed until a fresh base/repair structure forms.",Recent Stage 2 break; public stage held as Stage 2 Failed.,2026-10-06,2026-09-28,,0.24,26.36,805741646.9,0.52,0.53,0.44,True,True,"Stage 1, Stage 1 - Base/Repair, volume_dryup, weekly_volume_dryup, stage1_not_actionable, stage1_needs_more_base | Stage 2 failed state applied from stage memory.",weekly_watchlist,12.66,15.16,497.27,-18.4,[23.61],[12],0.0,12.0,weak,684
AVANTEL.NS,Avantel Limited,Communication Equipment,Technology,Technology,False,Cash,1,Stage 1,Stage 1,Stage 1 - Base/Repair,0.7,Price is near long-term moving averages with no strong long-term downtrend signal.,,,2026-07-23,,-11.52,1.22,293550011.77,2.38,0.45,0.76,False,True,"Stage 1, Stage 1 - Base/Repair, weekly_volume_dryup, stage1_not_actionable, stage1_needs_more_base",weekly_watchlist,10.0,15.0,198.12,-23.74,[26.19],[16],0.0,16.0,weak,685
LLOYDSENT.NS,Lloyds Enterprises Limited,Steel,Basic Materials,Basic Materials,False,Cash,1,Stage 2 Failed,Stage 3,Failed Stage 2,0.72,"This stock was recently Stage 2, but the latest structure no longer satisfies Stage 2 rules. It is kept as Stage 2 Failed until a fresh base/repair structure forms.",Recent Stage 2 break; public stage held as Stage 2 Failed.,2026-10-06,2026-10-05,,5.46,36.82,233331452.34,1.32,1.21,0.89,False,True,"Stage 3, Stage 3 - Transition, weekly_volume_dryup, distribution_risk | Stage 2 failed state applied from stage memory.",weekly_watchlist,12.23,14.73,84.85,-7.09,[22.18],[5],0.0,5.0,weak,686
GREAVESCOT.NS,Greaves Cotton Limited,Specialty Industrial Machinery,Industrials,Industrials,False,Cash,1,Stage 3,Stage 3,Stage 3 - Transition,0.62,"The structure is transitioning after prior strength, but it is not yet a confirmed Stage 4 decline.",,,2026-08-18,,-0.69,49.78,554732240.45,2.18,0.52,0.94,False,False,"Stage 3, Stage 3 - Transition, distribution_risk",weekly_watchlist,9.71,14.71,270.16,-17.54,[33.73],[9],0.0,9.0,weak,687
TATASTEEL.NS,Tata Steel Limited,Steel,Basic Materials,Basic Materials,True,F&O,1,Stage 1,Stage 1,Stage 1 - Unclear/Repair,0.58,Not enough evidence for Stage 2 or Stage 4; classified as repair/unclear structure.,,,2026-06-23,,-1.91,-10.8,4426975376.04,0.92,0.64,0.94,False,False,"Stage 1, Stage 1 - Unclear/Repair, stage1_not_actionable, stage1_needs_more_base",weekly_watchlist,12.2,14.7,220.25,-18.87,"[16.26, 18.13]","[3, 13]",0.1,24.0,weak,688
MAYURUNIQ.NS,Mayur Uniquoters Ltd,Textile Manufacturing,Consumer Cyclical,Consumer Cyclical,False,Cash,1,Stage 3,Stage 3,Stage 3 - Transition,0.62,"The structure is transitioning after prior strength, but it is not yet a confirmed Stage 4 decline.",,,2026-08-21,,-3.32,39.69,83791230.66,0.93,1.74,1.04,False,False,"Stage 3, Stage 3 - Transition, distribution_risk",weekly_watchlist,9.64,14.64,832.83,-8.61,[22.03],[10],0.0,10.0,weak,689
TIMKEN.NS,Timken India Limited,Tools & Accessories,Industrials,Industrials,False,Cash,1,Stage 1,Stage 1,Stage 1 - Base/Repair,0.7,Price is near long-term moving averages with no strong long-term downtrend signal.,,,2026-07-06,,2.82,-8.6,130678890.39,0.98,0.48,1.1,False,False,"Stage 1, Stage 1 - Base/Repair, stage1_not_actionable, stage1_needs_more_base",weekly_watchlist,13.6,14.6,3396.33,-7.05,[19.6],[8],0.0,8.0,weak,690
TRENT.NS,Trent Limited,Consumer Cyclical,Consumer Cyclical,Consumer Cyclical,True,F&O,1,Not Sure,Not Sure,Not Sure,0.0,Stage rules did not identify a reliable structure.,No confident stage classification.,,,,4.74,13.48,2703640766.41,1.46,9.98,2.23,False,False,"Not Sure, Not Sure",weekly_watchlist,13.42,14.42,2852.88,1.86,[16.58],[3],0.0,3.0,weak,691
TIPSMUSIC.NS,Tips Music Limited,Communication Services,Communication Services,Communication Services,False,Cash,1,Not Sure,Stage 1,Pending Stage 1,0.55,Blocked public stage jump Stage 3 -> Stage 1; waiting for intermediate/confirmed structure.,Blocked public stage jump Stage 3 -> Stage 1; waiting for intermediate/confirmed structure.,,2026-08-18,Stage 1,-3.53,21.9,160865758.15,1.02,1.15,0.96,False,False,"Stage 1, Stage 1 - Base/Repair, stage1_not_actionable, stage1_needs_more_base | Blocked public stage jump Stage 3 -> Stage 1; waiting for intermediate/confirmed structure.",weekly_watchlist,11.84,14.34,742.3,-12.02,[11.6],[13],0.0,13.0,weak,692
ASHOKA.NS,Ashoka Buildcon Limited,Engineering & Construction,Industrials,Industrials,False,Cash,1,Stage 4,Stage 4,Stage 4 - Confirmed Downtrend,0.86,Price is below a bearish moving-average stack with falling trend signals.,,,,,-11.7,-13.94,59797452.48,0.18,0.09,0.21,True,True,"Stage 4, Stage 4 - Confirmed Downtrend, volume_dryup, weekly_volume_dryup, downtrend",weekly_watchlist,14.27,14.27,167.25,-36.37,"[34.96, 39.51, 18.93, 20.79]","[11, 7, 5, 9]",0.47,41.0,weak,693
INTERARCH.NS,Interarch Building Solutions Limited,Engineering & Construction,Industrials,Industrials,False,Cash,1,Stage 4,Stage 4,Stage 4 - Confirmed Downtrend,0.86,Price is below a bearish moving-average stack with falling trend signals.,,,,,-1.1,-9.27,81100456.81,0.98,1.23,0.82,False,True,"Stage 4, Stage 4 - Confirmed Downtrend, weekly_volume_dryup, downtrend",weekly_watchlist,14.27,14.27,2267.17,-25.65,"[26.71, 28.2, 29.83, 14.73]","[6, 7, 2, 6]",0.47,39.0,weak,694
KERNEX.NS,Kernex Microsystems (India) Limited,Software - Application,Technology,Technology,False,Cash,1,Stage 1,Stage 1,Stage 1 - Base/Repair,0.7,Price is near long-term moving averages with no strong long-term downtrend signal.,,,2026-08-24,,-12.99,50.74,244595955.66,0.42,1.07,0.51,True,True,"Stage 1, Stage 1 - Base/Repair, volume_dryup, weekly_volume_dryup, stage1_not_actionable, stage1_needs_more_base",weekly_watchlist,11.77,14.27,2584.51,-32.3,[34.85],[10],0.0,10.0,weak,695
WINDMACHIN.NS,Windsor Machines Limited,Specialty Industrial Machinery,Industrials,Industrials,False,Cash,1,Stage 2 Failed,Stage 3,Failed Stage 2,0.72,"This stock was recently Stage 2, but the latest structure no longer satisfies Stage 2 rules. It is kept as Stage 2 Failed until a fresh base/repair structure forms.",Recent Stage 2 break; public stage held as Stage 2 Failed.,2026-10-06,2026-09-30,,-2.18,14.76,27315049.11,0.58,1.21,0.63,True,True,"Stage 3, Stage 3 - Distribution/Damage, volume_dryup, weekly_volume_dryup, distribution_risk | Stage 2 failed state applied from stage memory.",weekly_watchlist,9.26,14.26,326.57,-9.71,[18.28],[12],0.0,12.0,weak,696
ASTRAMICRO.NS,Astra Microwave Products Limited,Communication Equipment,Technology,Technology,False,Cash,1,Stage 2 Failed,Stage 3,Failed Stage 2,0.72,"This stock was recently Stage 2, but the latest structure no longer satisfies Stage 2 rules. It is kept as Stage 2 Failed until a fresh base/repair structure forms.",Recent Stage 2 break; public stage held as Stage 2 Failed.,2026-10-06,2026-09-15,,-0.66,68.44,463571354.7,0.68,1.96,0.68,True,True,"Stage 3, Stage 3 - Transition, volume_dryup, weekly_volume_dryup, distribution_risk | Stage 2 failed state applied from stage memory.",weekly_watchlist,9.18,14.18,1960.65,-12.99,[21.47],[7],0.0,7.0,weak,697
LLOYDSME.NS,Lloyds Metals And Energy Limited,Steel,Basic Materials,Basic Materials,False,Cash,1,Stage 2 Failed,Stage 3,Failed Stage 2,0.72,"This stock was recently Stage 2, but the latest structure no longer satisfies Stage 2 rules. It is kept as Stage 2 Failed until a fresh base/repair structure forms.",Recent Stage 2 break; public stage held as Stage 2 Failed.,2026-10-06,2026-09-30,,11.11,24.28,741359636.84,1.14,1.53,1.35,False,False,"Stage 3, Stage 3 - Transition, distribution_risk | Stage 2 failed state applied from stage memory.",weekly_watchlist,11.54,14.04,2128.72,-12.71,[7.76],[16],0.0,16.0,weak,698
KIRLOSBROS.NS,Kirloskar Brothers Limited,Specialty Industrial Machinery,Industrials,Industrials,False,Cash,1,Stage 3,Stage 3,Stage 3 - Distribution/Damage,0.76,"Prior strength exists, but short-term and/or weekly structure is deteriorating.",,,2026-09-14,,-3.55,11.14,126464138.25,1.62,0.46,2.88,False,False,"Stage 3, Stage 3 - Distribution/Damage, distribution_risk",weekly_watchlist,8.76,13.76,1996.49,-12.58,[22.13],[12],0.0,12.0,weak,699
BLUEJET.NS,Blue Jet Healthcare Limited,Biotechnology,Healthcare,Healthcare,False,Cash,1,Stage 2 Failed,Stage 3,Failed Stage 2,0.72,"This stock was recently Stage 2, but the latest structure no longer satisfies Stage 2 rules. It is kept as Stage 2 Failed until a fresh base/repair structure forms.",Recent Stage 2 break; public stage held as Stage 2 Failed.,2026-10-06,2026-09-25,,-1.5,33.39,235710357.38,0.59,0.67,0.64,True,True,"Stage 3, Stage 3 - Distribution/Damage, volume_dryup, weekly_volume_dryup, distribution_risk | Stage 2 failed state applied from stage memory.",weekly_watchlist,11.19,13.69,647.58,-16.9,[52.8],[21],0.0,21.0,weak,700
INDUSINDBK.NS,IndusInd Bank Limited,Banks - Regional,Financial Services,Financial Services,True,F&O,1,Stage 2 Failed,Not Sure,Failed Stage 2,0.72,"This stock was recently Stage 2, but the latest structure no longer satisfies Stage 2 rules. It is kept as Stage 2 Failed until a fresh base/repair structure forms.",Recent Stage 2 break; public stage held as Stage 2 Failed.,2026-10-06,2026-09-23,,-6.17,11.66,2030194079.49,1.48,1.26,1.14,False,False,"Not Sure, Not Sure | Stage 2 failed state applied from stage memory.",weekly_watchlist,12.55,13.55,1079.74,-16.08,[21.98],[10],0.0,10.0,weak,701
SUNTV.NS,Sun TV Network Limited,Communication Services,Communication Services,Communication Services,False,Cash,1,Stage 1,Stage 1,Stage 1 - Early Turn,0.66,The stock is improving from a repair/base area but has not confirmed a clean Stage 2 yet.,,,,,32.55,7.61,1930044007.39,3.74,0.61,6.66,False,False,"Stage 1, Stage 1 - Early Turn, stage1_not_actionable, stage1_needs_more_base",weekly_watchlist,10.82,13.32,515.38,22.65,[25.94],[9],0.0,9.0,weak,702
KIRLPNU.NS,Kirloskar Pneumatic Company Limited,Specialty Industrial Machinery,Industrials,Industrials,False,Cash,1,Not Sure,Not Sure,Not Sure,0.0,Stage rules did not identify a reliable structure.,No confident stage classification.,,2026-07-22,,-13.91,22.42,90355197.21,0.53,1.91,0.71,True,True,"Not Sure, Not Sure, volume_dryup, weekly_volume_dryup",weekly_watchlist,8.05,13.05,776.9,-8.5,[35.02],[6],0.0,6.0,weak,703
DRREDDY.NS,Dr. Reddy's Laboratories Limited,Drug Manufacturers - Specialty & Generic,Healthcare,Healthcare,True,F&O,1,Stage 4,Stage 4,Stage 4 - Weak/Declining,0.72,Price is below long-term support with weak trend evidence.,,,2026-07-08,,0.39,-0.51,2539657702.03,1.56,0.94,2.0,False,False,"Stage 4, Stage 4 - Weak/Declining, downtrend",weekly_watchlist,7.6,12.6,1210.21,-0.18,[17.73],[8],0.0,8.0,weak,704
ZOTA.NS,Zota Health Care LImited,Biotechnology,Healthcare,Healthcare,False,Cash,1,Not Sure,Not Sure,Not Sure,0.0,Stage rules did not identify a reliable structure.,No confident stage classification.,,2026-07-13,,-5.44,-1.39,160872548.1,0.68,0.19,0.7,True,True,"Not Sure, Not Sure, volume_dryup, weekly_volume_dryup",weekly_watchlist,9.6,12.1,1440.52,-11.24,[30.85],[8],0.0,8.0,weak,705
JAIBALAJI.NS,Jai Balaji Industries Limited,Steel,Basic Materials,Basic Materials,False,Cash,1,Not Sure,Stage 1,Pending Stage 1,0.55,Blocked public stage jump Stage 4 -> Stage 1; waiting for intermediate/confirmed structure.,Blocked public stage jump Stage 4 -> Stage 1; waiting for intermediate/confirmed structure.,,,Stage 1,1.68,1.24,34701279.37,0.58,0.59,0.54,True,True,"Stage 1, Stage 1 - Unclear/Repair, volume_dryup, weekly_volume_dryup, stage1_not_actionable, stage1_needs_more_base | Blocked public stage jump Stage 4 -> Stage 1; waiting for intermediate/confirmed structure.",weekly_watchlist,9.49,11.99,74.2,-13.52,[35.48],[11],0.0,11.0,weak,706
SPARC.NS,Sun Pharma Advanced Research Company Limited,Drug Manufacturers - Specialty & Generic,Healthcare,Healthcare,False,Cash,1,Stage 3,Stage 3,Stage 3 - Distribution/Damage,0.76,"Prior strength exists, but short-term and/or weekly structure is deteriorating.",,,2026-08-07,,-24.44,33.57,184556097.19,1.33,0.68,1.15,False,False,"Stage 3, Stage 3 - Distribution/Damage, distribution_risk",weekly_watchlist,6.91,11.91,289.51,-31.99,[37.02],[10],0.0,10.0,weak,707
ESABINDIA.NS,Esab India Limited,Tools & Accessories,Industrials,Industrials,False,Cash,1,Stage 1,Stage 1,Stage 1 - Unclear/Repair,0.58,Not enough evidence for Stage 2 or Stage 4; classified as repair/unclear structure.,,,2026-09-14,,4.15,4.82,20064896.77,0.48,0.59,0.38,True,True,"Stage 1, Stage 1 - Unclear/Repair, volume_dryup, weekly_volume_dryup, stage1_not_actionable, stage1_needs_more_base",weekly_watchlist,10.9,11.9,6482.32,-13.49,[24.24],[12],0.0,12.0,weak,708
IDEAFORGE.NS,Ideaforge Technology Limited,Technology,Technology,Technology,False,Cash,1,Stage 3,Stage 3,Stage 3 - Distribution/Damage,0.76,"Prior strength exists, but short-term and/or weekly structure is deteriorating.",,,2026-08-21,,-11.05,66.51,187184306.48,0.73,0.91,0.82,True,True,"Stage 3, Stage 3 - Distribution/Damage, volume_dryup, weekly_volume_dryup, distribution_risk",weekly_watchlist,6.75,11.75,948.61,-23.74,[27.77],[6],0.0,6.0,weak,709
SUPRAJIT.NS,Suprajit Engineering Limited,Auto Parts,Consumer Cyclical,Consumer Cyclical,False,Cash,1,Stage 2 Failed,Stage 3,Failed Stage 2,0.72,"This stock was recently Stage 2, but the latest structure no longer satisfies Stage 2 rules. It is kept as Stage 2 Failed until a fresh base/repair structure forms.",Recent Stage 2 break; public stage held as Stage 2 Failed.,2026-10-06,2026-10-05,,0.79,11.52,44098048.7,0.51,0.8,0.65,True,True,"Stage 3, Stage 3 - Transition, volume_dryup, weekly_volume_dryup, distribution_risk | Stage 2 failed state applied from stage memory.",weekly_watchlist,9.23,11.73,558.0,-15.56,[7.92],[15],0.0,15.0,weak,710
NSLNISP.NS,NMDC Steel Limited,Steel,Basic Materials,Basic Materials,False,Cash,1,Stage 2 Failed,Stage 1,Failed Stage 2,0.72,"This stock was recently Stage 2, but the latest structure no longer satisfies Stage 2 rules. It is kept as Stage 2 Failed until a fresh base/repair structure forms.",Recent Stage 2 break; public stage held as Stage 2 Failed.,2026-10-06,2026-09-23,,-0.96,-0.63,173222463.28,0.61,0.47,0.5,True,True,"Stage 1, Stage 1 - Base/Repair, volume_dryup, weekly_volume_dryup, stage1_not_actionable, stage1_needs_more_base | Stage 2 failed state applied from stage memory.",weekly_watchlist,9.2,11.7,49.49,-17.35,[26.88],[11],0.0,11.0,weak,711
PERSISTENT.NS,Persistent Systems Limited,Information Technology Services,Technology,Technology,True,F&O,1,Not Sure,Stage 1,Pending Stage 1,0.55,Blocked public stage jump Stage 3 -> Stage 1; waiting for intermediate/confirmed structure.,Blocked public stage jump Stage 3 -> Stage 1; waiting for intermediate/confirmed structure.,,2026-08-17,Stage 1,14.25,3.86,2161644208.72,0.8,0.6,0.86,True,True,"Stage 1, Stage 1 - Early Turn, volume_dryup, weekly_volume_dryup, stage1_not_actionable, stage1_needs_more_base | Blocked public stage jump Stage 3 -> Stage 1; waiting for intermediate/confirmed structure.",weekly_watchlist,10.61,11.61,5920.34,-6.75,[24.37],[4],0.0,4.0,weak,712
SHOPERSTOP.NS,Shoppers Stop Limited,Consumer Cyclical,Consumer Cyclical,Consumer Cyclical,False,Cash,1,Stage 2 Failed,Not Sure,Failed Stage 2,0.72,"This stock was recently Stage 2, but the latest structure no longer satisfies Stage 2 rules. It is kept as Stage 2 Failed until a fresh base/repair structure forms.",Recent Stage 2 break; public stage held as Stage 2 Failed.,2026-10-06,2026-10-05,,22.6,35.44,165521295.92,2.23,0.06,0.37,False,True,"Not Sure, Not Sure, weekly_volume_dryup | Stage 2 failed state applied from stage memory.",weekly_watchlist,10.6,11.6,442.0,-9.92,[15.98],[4],0.0,4.0,weak,713
GUJALKALI.NS,Gujarat Alkalies and Chemicals Limited,Chemicals,Basic Materials,Basic Materials,False,Cash,1,Stage 2 Failed,Stage 1,Failed Stage 2,0.72,"This stock was recently Stage 2, but the latest structure no longer satisfies Stage 2 rules. It is kept as Stage 2 Failed until a fresh base/repair structure forms.",Recent Stage 2 break; public stage held as Stage 2 Failed.,2026-10-06,2026-09-25,,11.62,-0.72,53248284.74,0.55,0.45,0.33,True,True,"Stage 1, Stage 1 - Base/Repair, volume_dryup, weekly_volume_dryup, stage1_not_actionable, stage1_needs_more_base | Stage 2 failed state applied from stage memory.",weekly_watchlist,9.09,11.59,741.33,-17.3,[29.07],[10],0.0,10.0,weak,714
MEDPLUS.NS,Medplus Health Services Limited,Healthcare,Healthcare,Healthcare,False,Cash,1,Stage 4,Stage 4,Stage 4 - Confirmed Downtrend,0.86,Price is below a bearish moving-average stack with falling trend signals.,,,2026-06-18,,-15.41,-23.04,57238784.63,0.63,1.14,0.73,True,True,"Stage 4, Stage 4 - Confirmed Downtrend, volume_dryup, weekly_volume_dryup, downtrend",weekly_watchlist,8.8,11.3,696.22,-6.43,[36.12],[9],0.0,9.0,weak,715
TORNTPHARM.NS,Torrent Pharmaceuticals Limited,Drug Manufacturers - Specialty & Generic,Healthcare,Healthcare,True,F&O,1,Stage 2 Failed,Stage 3,Failed Stage 2,0.72,"This stock was recently Stage 2, but the latest structure no longer satisfies Stage 2 rules. It is kept as Stage 2 Failed until a fresh base/repair structure forms.",Recent Stage 2 break; public stage held as Stage 2 Failed.,2026-10-06,2026-10-05,,2.05,15.91,1681769414.52,0.92,0.93,1.07,False,False,"Stage 3, Stage 3 - Transition, distribution_risk | Stage 2 failed state applied from stage memory.",weekly_watchlist,6.2,11.2,5066.0,-5.8,[8.3],[2],0.0,2.0,weak,716
INOXWIND.NS,Inox Wind Limited,Specialty Industrial Machinery,Industrials,Industrials,True,F&O,1,Stage 4,Stage 4,Stage 4 - Confirmed Downtrend,0.86,Price is below a bearish moving-average stack with falling trend signals.,,,,,-12.21,-20.69,651890097.28,0.72,0.96,0.59,True,True,"Stage 4, Stage 4 - Confirmed Downtrend, volume_dryup, weekly_volume_dryup, downtrend",weekly_watchlist,6.2,11.2,94.87,-27.58,"[25.42, 28.19]","[5, 10]",0.1,17.0,weak,717
ADANIENT.NS,Adani Enterprises Limited,Energy,Energy,Energy,True,F&O,1,Stage 1,Stage 1,Stage 1 - Base/Repair,0.7,Price is near long-term moving averages with no strong long-term downtrend signal.,,,2026-09-09,,-5.11,34.76,4427067173.97,0.94,0.65,0.89,False,True,"Stage 1, Stage 1 - Base/Repair, weekly_volume_dryup, stage1_not_actionable, stage1_needs_more_base",weekly_watchlist,8.57,11.07,3179.25,-10.36,[12.77],[8],0.0,8.0,weak,718
BANDHANBNK.NS,Bandhan Bank Limited,Banks - Regional,Financial Services,Financial Services,True,F&O,1,Stage 1,Stage 1,Stage 1 - Unclear/Repair,0.58,Not enough evidence for Stage 2 or Stage 4; classified as repair/unclear structure.,,,2026-07-21,,-16.52,0.14,2446786786.6,1.43,1.1,1.09,False,False,"Stage 1, Stage 1 - Unclear/Repair, stage1_not_actionable, stage1_needs_more_base",weekly_watchlist,10.0,11.0,218.86,-25.0,[24.47],[17],0.0,17.0,weak,719
GENUSPOWER.NS,Genus Power Infrastructures Limited,Electrical Equipment & Parts,Industrials,Industrials,False,Cash,1,Stage 2 Failed,Stage 1,Failed Stage 2,0.72,"This stock was recently Stage 2, but the latest structure no longer satisfies Stage 2 rules. It is kept as Stage 2 Failed until a fresh base/repair structure forms.",Recent Stage 2 break; public stage held as Stage 2 Failed.,2026-10-06,2026-09-25,,1.68,13.96,459822558.71,0.79,1.91,0.83,True,True,"Stage 1, Stage 1 - Unclear/Repair, volume_dryup, weekly_volume_dryup, stage1_not_actionable, stage1_needs_more_base | Stage 2 failed state applied from stage memory.",weekly_watchlist,5.96,10.96,353.53,-13.11,[16.12],[7],0.0,7.0,weak,720
ISGEC.NS,Isgec Heavy Engineering Limited,Specialty Industrial Machinery,Industrials,Industrials,False,Cash,1,Stage 1,Stage 1,Stage 1 - Base/Repair,0.7,Price is near long-term moving averages with no strong long-term downtrend signal.,,,2026-05-28,,5.71,-8.07,87880752.83,1.19,0.64,1.02,False,False,"Stage 1, Stage 1 - Base/Repair, stage1_not_actionable, stage1_needs_more_base",weekly_watchlist,5.6,10.6,825.11,9.68,[26.87],[8],0.0,8.0,weak,721
SARDAEN.NS,Sarda Energy & Minerals Limited,Steel,Basic Materials,Basic Materials,False,Cash,1,Stage 1,Stage 1,Stage 1 - Base/Repair,0.7,Price is near long-term moving averages with no strong long-term downtrend signal.,,,2026-05-25,,6.1,-8.54,306647893.93,0.25,0.39,0.18,True,True,"Stage 1, Stage 1 - Base/Repair, volume_dryup, weekly_volume_dryup, stage1_not_actionable, stage1_needs_more_base",weekly_watchlist,8.0,10.5,555.97,-9.94,[21.63],[10],0.0,10.0,weak,722
BAJAJCON.NS,Bajaj Consumer Care Limited,Household & Personal Products,Consumer Defensive,Consumer Defensive,False,Cash,1,Stage 3,Stage 3,Stage 3 - Distribution/Damage,0.76,"Prior strength exists, but short-term and/or weekly structure is deteriorating.",,,2026-08-07,,-21.74,18.18,274715416.14,0.61,0.37,0.41,True,True,"Stage 3, Stage 3 - Distribution/Damage, volume_dryup, weekly_volume_dryup, distribution_risk",weekly_watchlist,9.2,10.2,533.93,-7.57,[35.28],[6],0.0,6.0,weak,723
OFSS.NS,Oracle Financial Services Software Limited,Software - Infrastructure,Technology,Technology,True,F&O,1,Stage 2 Failed,Stage 1,Failed Stage 2,0.72,"This stock was recently Stage 2, but the latest structure no longer satisfies Stage 2 rules. It is kept as Stage 2 Failed until a fresh base/repair structure forms.",Recent Stage 2 break; public stage held as Stage 2 Failed.,2026-10-06,2026-10-05,,-5.4,51.33,2302554912.5,0.95,0.74,0.7,False,True,"Stage 1, Stage 1 - Base/Repair, weekly_volume_dryup, stage1_not_actionable, stage1_needs_more_base | Stage 2 failed state applied from stage memory.",weekly_watchlist,10.19,10.19,12561.94,-16.56,[6.12],[8],0.0,8.0,weak,724
AVL.NS,Aditya Vision Limited,Consumer Cyclical,Consumer Cyclical,Consumer Cyclical,False,Cash,1,Stage 2 Failed,Stage 1,Failed Stage 2,0.72,"This stock was recently Stage 2, but the latest structure no longer satisfies Stage 2 rules. It is kept as Stage 2 Failed until a fresh base/repair structure forms.",Recent Stage 2 break; public stage held as Stage 2 Failed.,2026-10-06,2026-09-25,,-1.04,24.81,123864825.45,0.69,0.42,1.02,True,False,"Stage 1, Stage 1 - Base/Repair, volume_dryup, stage1_not_actionable, stage1_needs_more_base | Stage 2 failed state applied from stage memory.",weekly_watchlist,9.18,10.18,664.3,-10.42,[18.89],[9],0.0,9.0,weak,725
HDFCBANK.NS,HDFC Bank Limited,Banks - Regional,Financial Services,Financial Services,True,F&O,1,Stage 4,Stage 4,Stage 4 - Confirmed Downtrend,0.86,Price is below a bearish moving-average stack with falling trend signals.,,,,,-9.13,-8.16,22028526661.77,1.07,0.86,1.21,False,False,"Stage 4, Stage 4 - Confirmed Downtrend, downtrend",weekly_watchlist,8.8,9.8,749.3,-5.05,[19.11],[9],0.0,9.0,weak,726
KPRMILL.NS,K.P.R. Mill Limited,Textile Manufacturing,Consumer Cyclical,Consumer Cyclical,False,Cash,1,Stage 2 Failed,Stage 1,Failed Stage 2,0.72,"This stock was recently Stage 2, but the latest structure no longer satisfies Stage 2 rules. It is kept as Stage 2 Failed until a fresh base/repair structure forms.",Recent Stage 2 break; public stage held as Stage 2 Failed.,2026-10-06,2026-09-24,,4.24,29.11,190684236.37,0.51,0.35,0.54,True,True,"Stage 1, Stage 1 - Base/Repair, volume_dryup, weekly_volume_dryup, stage1_not_actionable, stage1_needs_more_base | Stage 2 failed state applied from stage memory.",weekly_watchlist,4.14,9.14,1200.0,-8.3,[23.75],[4],0.0,4.0,weak,727
VTL.NS,Vardhman Textiles Limited,Textile Manufacturing,Consumer Cyclical,Consumer Cyclical,False,Cash,1,Stage 4,Stage 4,Stage 4 - Weak/Declining,0.72,Price is below long-term support with weak trend evidence.,,,2026-08-14,,-7.9,-0.37,197846381.24,0.56,0.26,0.42,True,True,"Stage 4, Stage 4 - Weak/Declining, volume_dryup, weekly_volume_dryup, downtrend",weekly_watchlist,4.0,9.0,683.41,-19.61,[10.97],[13],0.0,13.0,weak,728
FDC.NS,FDC Limited,Drug Manufacturers - Specialty & Generic,Healthcare,Healthcare,False,Cash,1,Stage 4,Stage 4,Stage 4 - Confirmed Downtrend,0.86,Price is below a bearish moving-average stack with falling trend signals.,,,2026-07-31,,-18.19,-4.26,47448942.21,0.53,0.84,0.41,True,True,"Stage 4, Stage 4 - Confirmed Downtrend, volume_dryup, weekly_volume_dryup, downtrend",weekly_watchlist,4.0,9.0,442.77,-24.65,[25.18],[14],0.0,14.0,weak,729
PAGEIND.NS,Page Industries Limited,Apparel Manufacturing,Consumer Cyclical,Consumer Cyclical,True,F&O,1,Stage 3,Stage 3,Stage 3 - Transition,0.62,"The structure is transitioning after prior strength, but it is not yet a confirmed Stage 4 decline.",,,2026-08-06,,1.55,7.15,837151958.25,0.99,1.42,1.36,False,False,"Stage 3, Stage 3 - Transition, distribution_risk",weekly_watchlist,8.87,8.87,43690.53,-13.09,[15.23],[17],0.0,17.0,weak,730
GOKULAGRO.NS,Gokul Agro Resources Limited,Packaged Foods,Consumer Defensive,Consumer Defensive,False,Cash,1,Stage 2 Failed,Stage 1,Failed Stage 2,0.72,"This stock was recently Stage 2, but the latest structure no longer satisfies Stage 2 rules. It is kept as Stage 2 Failed until a fresh base/repair structure forms.",Recent Stage 2 break; public stage held as Stage 2 Failed.,2026-10-06,2026-09-28,,3.76,6.66,69679589.27,0.59,0.61,0.4,True,True,"Stage 1, Stage 1 - Base/Repair, volume_dryup, weekly_volume_dryup, stage1_not_actionable, stage1_needs_more_base | Stage 2 failed state applied from stage memory.",weekly_watchlist,7.84,8.84,260.25,-18.94,[19.97],[9],0.0,9.0,weak,731
KIRLOSIND.NS,Kirloskar Industries Limited,Metal Fabrication,Industrials,Industrials,False,Cash,1,Stage 3,Stage 3,Stage 3 - Distribution/Damage,0.76,"Prior strength exists, but short-term and/or weekly structure is deteriorating.",,,2026-09-14,,-9.73,23.44,150971952.48,0.28,0.32,0.32,True,True,"Stage 3, Stage 3 - Distribution/Damage, volume_dryup, weekly_volume_dryup, distribution_risk",weekly_watchlist,3.77,8.77,4061.49,-12.78,[22.13],[7],0.0,7.0,weak,732
TSFINV.NS,TSF INVESTMENTS LIMITED,Asset Management,Financial Services,Financial Services,False,Cash,1,Not Sure,Not Sure,Not Sure,0.0,Stage rules did not identify a reliable structure.,No confident stage classification.,,,,-7.18,9.67,47811000.44,1.57,0.73,2.19,False,False,"Not Sure, Not Sure",weekly_watchlist,8.65,8.65,471.5,-11.36,[19.51],[7],0.0,7.0,weak,733
GULFOILLUB.NS,Gulf Oil Lubricants India Limited,Specialty Chemicals,Basic Materials,Basic Materials,False,Cash,1,Stage 2 Failed,Stage 3,Failed Stage 2,0.72,"This stock was recently Stage 2, but the latest structure no longer satisfies Stage 2 rules. It is kept as Stage 2 Failed until a fresh base/repair structure forms.",Recent Stage 2 break; public stage held as Stage 2 Failed.,2026-10-06,2026-09-28,,11.69,24.56,47778824.37,0.6,0.38,0.61,True,True,"Stage 3, Stage 3 - Transition, volume_dryup, weekly_volume_dryup, distribution_risk | Stage 2 failed state applied from stage memory.",weekly_watchlist,3.62,8.62,1199.32,-9.29,[15.61],[5],0.0,5.0,weak,734
GANECOS.NS,Ganesha Ecosphere Limited,Textile Manufacturing,Consumer Cyclical,Consumer Cyclical,False,Cash,1,Stage 2 Failed,Stage 3,Failed Stage 2,0.72,"This stock was recently Stage 2, but the latest structure no longer satisfies Stage 2 rules. It is kept as Stage 2 Failed until a fresh base/repair structure forms.",Recent Stage 2 break; public stage held as Stage 2 Failed.,2026-10-06,2026-09-24,,-3.2,-4.74,87983161.42,0.47,0.37,0.42,True,True,"Stage 3, Stage 3 - Distribution/Damage, volume_dryup, weekly_volume_dryup, distribution_risk | Stage 2 failed state applied from stage memory.",weekly_watchlist,3.6,8.6,1265.86,-21.78,[26.21],[8],0.0,8.0,weak,735
DREDGECORP.NS,Dredging Corporation of India Limited,Engineering & Construction,Industrials,Industrials,False,Cash,1,Not Sure,Not Sure,Not Sure,0.0,Stage rules did not identify a reliable structure.,No confident stage classification.,,2026-09-14,,-9.31,2.61,68450780.75,0.64,0.82,0.6,True,True,"Not Sure, Not Sure, volume_dryup, weekly_volume_dryup",weekly_watchlist,8.4,8.4,1206.11,-24.63,[25.23],[7],0.0,7.0,weak,736
LINDEINDIA.NS,Linde India Limited,Specialty Chemicals,Basic Materials,Basic Materials,False,Cash,1,Stage 4,Stage 4,Stage 4 - Weak/Declining,0.72,Price is below long-term support with weak trend evidence.,,,2026-08-10,,-7.17,-13.45,161042497.62,1.06,0.73,1.37,False,False,"Stage 4, Stage 4 - Weak/Declining, downtrend",weekly_watchlist,3.2,8.2,7307.11,-15.8,[11.18],[11],0.0,11.0,weak,737
SENORES.NS,Senores Pharmaceuticals Limited,Drug Manufacturers - General,Healthcare,Healthcare,False,Cash,1,Stage 2 Failed,Stage 1,Failed Stage 2,0.72,"This stock was recently Stage 2, but the latest structure no longer satisfies Stage 2 rules. It is kept as Stage 2 Failed until a fresh base/repair structure forms.",Recent Stage 2 break; public stage held as Stage 2 Failed.,2026-10-06,2026-10-05,,2.44,69.89,331768288.74,1.07,1.31,1.38,False,False,"Stage 1, Stage 1 - Unclear/Repair, stage1_not_actionable, stage1_needs_more_base | Stage 2 failed state applied from stage memory.",weekly_watchlist,5.63,8.13,1601.8,-13.31,[15.24],[2],0.0,2.0,weak,738
PIDILITIND.NS,Pidilite Industries Limited,Specialty Chemicals,Basic Materials,Basic Materials,True,F&O,1,Stage 2 Failed,Stage 3,Failed Stage 2,0.72,"This stock was recently Stage 2, but the latest structure no longer satisfies Stage 2 rules. It is kept as Stage 2 Failed until a fresh base/repair structure forms.",Recent Stage 2 break; public stage held as Stage 2 Failed.,2026-10-06,2026-09-23,,0.44,16.29,883085135.59,0.89,0.94,0.79,False,True,"Stage 3, Stage 3 - Distribution/Damage, weekly_volume_dryup, distribution_risk | Stage 2 failed state applied from stage memory.",weekly_watchlist,2.87,7.87,1707.5,-10.95,[17.44],[6],0.0,6.0,weak,739
SANOFI.NS,Sanofi India Limited,Drug Manufacturers - General,Healthcare,Healthcare,False,Cash,1,Stage 4,Stage 4,Stage 4 - Confirmed Downtrend,0.86,Price is below a bearish moving-average stack with falling trend signals.,,,,,-5.8,-10.1,54267930.56,1.01,0.9,0.53,False,True,"Stage 4, Stage 4 - Confirmed Downtrend, weekly_volume_dryup, downtrend",weekly_watchlist,5.2,7.7,3226.54,-5.56,[14.23],[6],0.0,6.0,weak,740
JUSTDIAL.NS,Just Dial Limited,Communication Services,Communication Services,Communication Services,False,Cash,1,Stage 2 Failed,Stage 3,Failed Stage 2,0.72,"This stock was recently Stage 2, but the latest structure no longer satisfies Stage 2 rules. It is kept as Stage 2 Failed until a fresh base/repair structure forms.",Recent Stage 2 break; public stage held as Stage 2 Failed.,2026-10-06,2026-09-23,,25.19,14.16,74628139.0,0.4,0.25,0.39,True,True,"Stage 3, Stage 3 - Transition, volume_dryup, weekly_volume_dryup, distribution_risk | Stage 2 failed state applied from stage memory.",weekly_watchlist,5.13,7.63,735.28,-10.38,[23.98],[6],0.0,6.0,weak,741
CIPLA.NS,Cipla Limited,Drug Manufacturers - Specialty & Generic,Healthcare,Healthcare,True,F&O,1,Stage 4,Stage 4,Stage 4 - Weak/Declining,0.72,Price is below long-term support with weak trend evidence.,,,2026-08-24,,-2.26,12.53,1267101141.32,1.06,0.66,0.82,False,True,"Stage 4, Stage 4 - Weak/Declining, weekly_volume_dryup, downtrend",weekly_watchlist,2.63,7.63,1423.49,-5.85,[8.32],[3],0.0,3.0,weak,742
COFORGE.NS,Coforge Limited,Information Technology Services,Technology,Technology,True,F&O,1,Stage 2 Failed,Stage 1,Failed Stage 2,0.72,"This stock was recently Stage 2, but the latest structure no longer satisfies Stage 2 rules. It is kept as Stage 2 Failed until a fresh base/repair structure forms.",Recent Stage 2 break; public stage held as Stage 2 Failed.,2026-10-06,2026-10-05,,27.92,51.41,4522047358.37,0.77,0.83,0.9,True,True,"Stage 1, Stage 1 - Early Turn, volume_dryup, weekly_volume_dryup, stage1_not_actionable, stage1_needs_more_base | Stage 2 failed state applied from stage memory.",weekly_watchlist,6.33,7.33,2024.74,-8.64,[15.05],[2],0.0,2.0,weak,743
AARTIIND.NS,Aarti Industries Limited,Specialty Chemicals,Basic Materials,Basic Materials,False,Cash,1,Stage 2 Failed,Stage 3,Failed Stage 2,0.72,"This stock was recently Stage 2, but the latest structure no longer satisfies Stage 2 rules. It is kept as Stage 2 Failed until a fresh base/repair structure forms.",Recent Stage 2 break; public stage held as Stage 2 Failed.,2026-10-06,2026-09-25,,7.66,14.61,243418117.0,0.43,1.23,0.54,True,True,"Stage 3, Stage 3 - Transition, volume_dryup, weekly_volume_dryup, distribution_risk | Stage 2 failed state applied from stage memory.",weekly_watchlist,2.23,7.23,551.62,-12.77,[18.94],[5],0.0,5.0,weak,744
ANGELONE.NS,Angel One Limited,Capital Markets,Financial Services,Financial Services,True,F&O,1,Stage 2 Failed,Stage 3,Failed Stage 2,0.72,"This stock was recently Stage 2, but the latest structure no longer satisfies Stage 2 rules. It is kept as Stage 2 Failed until a fresh base/repair structure forms.",Recent Stage 2 break; public stage held as Stage 2 Failed.,2026-10-06,2026-09-23,,-9.86,6.35,1086208808.64,0.76,1.54,0.84,True,True,"Stage 3, Stage 3 - Transition, volume_dryup, weekly_volume_dryup, distribution_risk | Stage 2 failed state applied from stage memory.",weekly_watchlist,7.2,7.2,355.65,-17.05,[23.4],[11],0.0,11.0,weak,745
BRITANNIA.NS,Britannia Industries Limited,Packaged Foods,Consumer Defensive,Consumer Defensive,True,F&O,1,Stage 4,Stage 4,Stage 4 - Confirmed Downtrend,0.86,Price is below a bearish moving-average stack with falling trend signals.,,,,,-2.61,-10.33,1157939906.57,0.9,0.89,0.87,False,True,"Stage 4, Stage 4 - Confirmed Downtrend, weekly_volume_dryup, downtrend",weekly_watchlist,6.2,7.2,5699.46,-14.31,"[13.8, 15.01]","[5, 6]",0.1,14.0,weak,746
TATACONSUM.NS,TATA CONSUMER PRODUCTS LIMITED,Packaged Foods,Consumer Defensive,Consumer Defensive,True,F&O,1,Stage 4,Stage 4,Stage 4 - Confirmed Downtrend,0.86,Price is below a bearish moving-average stack with falling trend signals.,,,2026-06-04,,-7.59,-8.89,1171777766.29,1.01,0.79,0.95,False,False,"Stage 4, Stage 4 - Confirmed Downtrend, downtrend",weekly_watchlist,6.2,7.2,1144.7,-14.74,"[15.0, 16.26]","[5, 7]",0.1,18.0,weak,747
ZENTEC.NS,Zen Technologies Limited,Aerospace & Defense,Industrials,Industrials,False,Cash,1,Stage 1,Stage 1,Stage 1 - Base/Repair,0.7,Price is near long-term moving averages with no strong long-term downtrend signal.,,,2026-09-08,,-6.28,5.62,443177071.0,0.56,0.63,0.55,True,True,"Stage 1, Stage 1 - Base/Repair, volume_dryup, weekly_volume_dryup, stage1_not_actionable, stage1_needs_more_base",weekly_watchlist,2.0,7.0,2046.2,-21.11,[20.95],[5],0.0,5.0,weak,748
STARHEALTH.NS,Star Health and Allied Insurance Company Limited,Insurance - Life,Financial Services,Financial Services,False,Cash,1,Stage 2 Failed,Stage 3,Failed Stage 2,0.72,"This stock was recently Stage 2, but the latest structure no longer satisfies Stage 2 rules. It is kept as Stage 2 Failed until a fresh base/repair structure forms.",Recent Stage 2 break; public stage held as Stage 2 Failed.,2026-10-06,2026-09-15,,-4.11,17.74,625243039.35,2.3,2.66,1.18,False,False,"Stage 3, Stage 3 - Distribution/Damage, distribution_risk | Stage 2 failed state applied from stage memory.",weekly_watchlist,6.96,6.96,585.12,-5.91,[16.09],[3],0.0,3.0,weak,749
MAITHANALL.NS,Maithan Alloys Limited,Steel,Basic Materials,Basic Materials,False,Cash,1,Stage 2 Failed,Stage 1,Failed Stage 2,0.72,"This stock was recently Stage 2, but the latest structure no longer satisfies Stage 2 rules. It is kept as Stage 2 Failed until a fresh base/repair structure forms.",Recent Stage 2 break; public stage held as Stage 2 Failed.,2026-10-06,2026-09-23,,-4.04,-0.89,80303387.26,0.65,0.21,0.52,True,True,"Stage 1, Stage 1 - Unclear/Repair, volume_dryup, weekly_volume_dryup, stage1_not_actionable, stage1_needs_more_base | Stage 2 failed state applied from stage memory.",weekly_watchlist,4.4,6.9,1189.97,-23.44,[21.05],[7],0.0,7.0,weak,750
ACUTAAS.NS,Acutaas Chemicals Limited,Specialty Chemicals,Basic Materials,Basic Materials,False,Cash,1,Stage 2 Failed,Stage 3,Failed Stage 2,0.72,"This stock was recently Stage 2, but the latest structure no longer satisfies Stage 2 rules. It is kept as Stage 2 Failed until a fresh base/repair structure forms.",Recent Stage 2 break; public stage held as Stage 2 Failed.,2026-10-06,2026-09-30,,-2.48,32.82,1171327907.03,1.11,1.03,0.81,False,True,"Stage 3, Stage 3 - Distribution/Damage, weekly_volume_dryup, distribution_risk | Stage 2 failed state applied from stage memory.",weekly_watchlist,1.83,6.83,3509.9,-10.06,[19.12],[4],0.0,4.0,weak,751
J&KBANK.NS,The Jammu & Kashmir Bank Limited,Banks - Regional,Financial Services,Financial Services,False,Cash,1,Stage 3,Stage 3,Stage 3 - Distribution/Damage,0.76,"Prior strength exists, but short-term and/or weekly structure is deteriorating.",,,2026-08-28,,-12.54,14.05,275396725.99,0.57,0.76,0.8,True,True,"Stage 3, Stage 3 - Distribution/Damage, volume_dryup, weekly_volume_dryup, distribution_risk",weekly_watchlist,5.75,6.75,150.83,-7.51,[27.29],[3],0.0,3.0,weak,752
CCL.NS,CCL Products (India) Limited,Packaged Foods,Consumer Defensive,Consumer Defensive,False,Cash,1,Stage 1,Stage 1,Stage 1 - Base/Repair,0.7,Price is near long-term moving averages with no strong long-term downtrend signal.,,,2026-09-03,,-8.23,-2.58,148055604.77,1.11,1.07,1.1,False,False,"Stage 1, Stage 1 - Base/Repair, stage1_not_actionable, stage1_needs_more_base",weekly_watchlist,5.6,6.6,1213.74,-13.09,[11.84],[8],0.0,8.0,weak,753
LUPIN.NS,Lupin Limited,Drug Manufacturers - Specialty & Generic,Healthcare,Healthcare,True,F&O,1,Stage 4,Stage 4,Stage 4 - Weak/Declining,0.72,Price is below long-term support with weak trend evidence.,,,2026-08-10,,-13.72,-11.58,1379738675.82,0.82,1.52,1.03,True,False,"Stage 4, Stage 4 - Weak/Declining, volume_dryup, downtrend",weekly_watchlist,1.6,6.6,2138.74,-5.12,[8.73],[3],0.0,3.0,weak,754
REFEX.NS,Refex Industries Limited,Energy,Energy,Energy,False,Cash,1,Stage 4,Stage 4,Stage 4 - Weak/Declining,0.72,Price is below long-term support with weak trend evidence.,,,2026-07-10,,-18.21,18.45,173543626.81,0.48,0.62,0.55,True,True,"Stage 4, Stage 4 - Weak/Declining, volume_dryup, weekly_volume_dryup, downtrend",weekly_watchlist,4.02,6.52,370.86,-28.5,[24.86],[16],0.0,16.0,weak,755
GPIL.NS,Godawari Power And Ispat limited,Steel,Basic Materials,Basic Materials,False,Cash,1,Stage 4,Stage 4,Stage 4 - Weak/Declining,0.72,Price is below long-term support with weak trend evidence.,,,2026-06-23,,-8.92,-23.11,327093447.76,0.79,2.05,0.87,True,True,"Stage 4, Stage 4 - Weak/Declining, volume_dryup, weekly_volume_dryup, downtrend",weekly_watchlist,4.0,6.5,256.0,-14.46,[28.65],[12],0.0,12.0,weak,756
GMDCLTD.NS,Gujarat Mineral Development Corporation Limited,Energy,Energy,Energy,False,Cash,1,Stage 4,Stage 4,Stage 4 - Weak/Declining,0.72,Price is below long-term support with weak trend evidence.,,,2026-06-24,,-10.59,-17.81,505498203.09,0.61,0.96,0.66,True,True,"Stage 4, Stage 4 - Weak/Declining, volume_dryup, weekly_volume_dryup, downtrend",weekly_watchlist,4.0,6.5,607.81,-19.13,[28.99],[15],0.0,15.0,weak,757
OIL.NS,Oil India Limited,Energy,Energy,Energy,True,F&O,1,Stage 2 Failed,Stage 1,Failed Stage 2,0.72,"This stock was recently Stage 2, but the latest structure no longer satisfies Stage 2 rules. It is kept as Stage 2 Failed until a fresh base/repair structure forms.",Recent Stage 2 break; public stage held as Stage 2 Failed.,2026-10-06,2026-09-28,,10.71,-3.94,1029943234.15,0.75,0.97,0.93,True,False,"Stage 1, Stage 1 - Base/Repair, volume_dryup, stage1_not_actionable, stage1_needs_more_base | Stage 2 failed state applied from stage memory.",weekly_watchlist,3.88,6.38,515.35,-13.1,[23.9],[6],0.0,6.0,weak,758
POWERMECH.NS,Power Mech Projects Limited,Engineering & Construction,Industrials,Industrials,False,Cash,1,Stage 3,Stage 3,Stage 3 - Distribution/Damage,0.76,"Prior strength exists, but short-term and/or weekly structure is deteriorating.",,,2026-07-29,,-3.42,10.46,131894146.34,1.06,0.41,1.27,False,False,"Stage 3, Stage 3 - Distribution/Damage, distribution_risk",weekly_watchlist,6.3,6.3,2603.04,-6.8,[16.53],[3],0.0,3.0,weak,759
IEX.NS,Indian Energy Exchange Limited,Capital Markets,Financial Services,Financial Services,True,F&O,1,Stage 4,Stage 4,Stage 4 - Confirmed Downtrend,0.86,Price is below a bearish moving-average stack with falling trend signals.,,,,,-7.72,-16.68,333508675.82,0.83,0.79,0.65,True,True,"Stage 4, Stage 4 - Confirmed Downtrend, volume_dryup, weekly_volume_dryup, downtrend",weekly_watchlist,6.2,6.2,135.0,-22.32,"[12.32, 13.27]","[5, 8]",0.1,15.0,weak,760
EIEL.NS,Enviro Infra Engineers Limited,Engineering & Construction,Industrials,Industrials,False,Cash,1,Stage 4,Stage 4,Stage 4 - Weak/Declining,0.72,Price is below long-term support with weak trend evidence.,,,2026-08-10,,-19.48,-6.01,314697474.52,0.53,1.01,0.58,True,True,"Stage 4, Stage 4 - Weak/Declining, volume_dryup, weekly_volume_dryup, downtrend",weekly_watchlist,6.2,6.2,247.83,-25.14,"[22.69, 24.01]","[6, 9]",0.1,18.0,weak,761
SANDHAR.NS,Sandhar Technologies Limited,Auto Parts,Consumer Cyclical,Consumer Cyclical,False,Cash,1,Stage 2 Failed,Stage 1,Failed Stage 2,0.72,"This stock was recently Stage 2, but the latest structure no longer satisfies Stage 2 rules. It is kept as Stage 2 Failed until a fresh base/repair structure forms.",Recent Stage 2 break; public stage held as Stage 2 Failed.,2026-10-06,2026-09-22,,-11.85,16.79,65017842.0,0.5,0.62,0.49,True,True,"Stage 1, Stage 1 - Base/Repair, volume_dryup, weekly_volume_dryup, stage1_not_actionable, stage1_needs_more_base | Stage 2 failed state applied from stage memory.",weekly_watchlist,3.69,6.19,701.63,-20.46,[24.66],[6],0.0,6.0,weak,762
DEEPAKFERT.NS,Deepak Fertilizers and Petrochemicals Corporation Limited,Chemicals,Basic Materials,Basic Materials,False,Cash,1,Stage 3,Stage 3,Stage 3 - Distribution/Damage,0.76,"Prior strength exists, but short-term and/or weekly structure is deteriorating.",,,2026-08-28,,-5.14,28.96,323051672.1,0.87,3.63,1.12,False,False,"Stage 3, Stage 3 - Distribution/Damage, distribution_risk",weekly_watchlist,3.58,6.08,1672.53,-17.16,[23.99],[6],0.0,6.0,weak,763
CEMPRO.NS,Cemindia Projects Limited,Engineering & Construction,Industrials,Industrials,False,Cash,1,Stage 2 Failed,Stage 1,Failed Stage 2,0.72,"This stock was recently Stage 2, but the latest structure no longer satisfies Stage 2 rules. It is kept as Stage 2 Failed until a fresh base/repair structure forms.",Recent Stage 2 break; public stage held as Stage 2 Failed.,2026-10-06,2026-09-23,,-20.74,85.3,252788512.78,0.52,0.6,0.52,True,True,"Stage 1, Stage 1 - Base/Repair, volume_dryup, weekly_volume_dryup, stage1_not_actionable, stage1_needs_more_base | Stage 2 failed state applied from stage memory.",weekly_watchlist,6.06,6.06,1363.7,-14.95,[30.04],[3],0.0,3.0,weak,764
POLYCAB.NS,Polycab India Limited,Electrical Equipment & Parts,Industrials,Industrials,True,F&O,1,Stage 1,Stage 1,Stage 1 - Base/Repair,0.7,Price is near long-term moving averages with no strong long-term downtrend signal.,,,2026-08-31,,-6.92,9.28,2823635667.9,1.26,0.74,0.98,False,False,"Stage 1, Stage 1 - Base/Repair, stage1_not_actionable, stage1_needs_more_base",weekly_watchlist,1.04,6.04,9445.0,-13.74,[13.18],[4],0.0,4.0,weak,765
NATCOPHARM.NS,Natco Pharma Limited,Drug Manufacturers - Specialty & Generic,Healthcare,Healthcare,False,Cash,1,Stage 4,Stage 4,Stage 4 - Weak/Declining,0.72,Price is below long-term support with weak trend evidence.,,,2026-05-29,,-11.53,-22.58,370512484.57,1.11,0.53,1.0,False,False,"Stage 4, Stage 4 - Weak/Declining, downtrend",weekly_watchlist,0.8,5.8,964.92,-14.64,[26.07],[9],0.0,9.0,weak,766
TARIL.NS,Transformers And Rectifiers (India) Limited,Electrical Equipment & Parts,Industrials,Industrials,False,Cash,1,Stage 4,Stage 4,Stage 4 - Weak/Declining,0.72,Price is below long-term support with weak trend evidence.,,,,,-13.02,-1.68,1220023649.83,2.92,0.64,6.12,False,False,"Stage 4, Stage 4 - Weak/Declining, downtrend",weekly_watchlist,0.8,5.8,350.9,-19.16,[23.66],[9],0.0,9.0,weak,767
NMDC.NS,NMDC Limited,Steel,Basic Materials,Basic Materials,True,F&O,1,Stage 4,Stage 4,Stage 4 - Weak/Declining,0.72,Price is below long-term support with weak trend evidence.,,,2026-09-02,,-6.59,-11.31,860617631.26,0.83,0.85,0.72,True,True,"Stage 4, Stage 4 - Weak/Declining, volume_dryup, weekly_volume_dryup, downtrend",weekly_watchlist,3.2,5.7,88.06,-15.53,[16.86],[11],0.0,11.0,weak,768
SUMICHEM.NS,Sumitomo Chemical India Limited,Agricultural Inputs,Basic Materials,Basic Materials,False,Cash,1,Stage 2 Failed,Stage 1,Failed Stage 2,0.72,"This stock was recently Stage 2, but the latest structure no longer satisfies Stage 2 rules. It is kept as Stage 2 Failed until a fresh base/repair structure forms.",Recent Stage 2 break; public stage held as Stage 2 Failed.,2026-10-06,2026-09-23,,-13.79,0.09,147827007.01,0.82,1.93,0.95,True,False,"Stage 1, Stage 1 - Unclear/Repair, volume_dryup, stage1_not_actionable, stage1_needs_more_base | Stage 2 failed state applied from stage memory.",weekly_watchlist,5.6,5.6,573.05,-27.05,[20.01],[8],0.0,8.0,weak,769
ADANIPOWER.NS,Adani Power Limited,Utilities,Utilities,Utilities,True,F&O,1,Stage 3,Stage 3,Stage 3 - Distribution/Damage,0.76,"Prior strength exists, but short-term and/or weekly structure is deteriorating.",,,2026-08-03,,-2.72,12.44,3556471012.16,1.17,1.15,1.1,False,False,"Stage 3, Stage 3 - Distribution/Damage, distribution_risk",weekly_watchlist,5.37,5.37,217.4,-6.9,[15.5],[2],0.0,2.0,weak,770
STYRENIX.NS,Styrenix Performance Materials Limited,Chemicals,Basic Materials,Basic Materials,False,Cash,1,Stage 4,Stage 4,Stage 4 - Weak/Declining,0.72,Price is below long-term support with weak trend evidence.,,,2026-08-19,,-4.71,3.99,64509207.61,0.58,0.51,0.8,True,True,"Stage 4, Stage 4 - Weak/Declining, volume_dryup, weekly_volume_dryup, downtrend",weekly_watchlist,2.8,5.3,2170.0,-5.86,[25.19],[4],0.0,4.0,weak,771
IFBIND.NS,IFB Industries Limited,"Furnishings, Fixtures & Appliances",Consumer Cyclical,Consumer Cyclical,False,Cash,1,Stage 4,Stage 4,Stage 4 - Weak/Declining,0.72,Price is below long-term support with weak trend evidence.,,,,,-0.65,12.96,37983161.69,0.72,0.61,0.65,True,True,"Stage 4, Stage 4 - Weak/Declining, volume_dryup, weekly_volume_dryup, downtrend",weekly_watchlist,5.23,5.23,1477.13,-17.93,[48.93],[14],0.0,14.0,weak,772
SJS.NS,S.J.S. Enterprises Limited,Auto Parts,Consumer Cyclical,Consumer Cyclical,False,Cash,1,Stage 2 Failed,Stage 1,Failed Stage 2,0.72,"This stock was recently Stage 2, but the latest structure no longer satisfies Stage 2 rules. It is kept as Stage 2 Failed until a fresh base/repair structure forms.",Recent Stage 2 break; public stage held as Stage 2 Failed.,2026-10-06,2026-10-05,,-4.62,11.5,397764503.99,0.93,1.8,1.27,False,False,"Stage 1, Stage 1 - Base/Repair, stage1_not_actionable, stage1_needs_more_base | Stage 2 failed state applied from stage memory.",weekly_watchlist,2.69,5.19,2464.3,-19.6,[22.12],[5],0.0,5.0,weak,773
GVT&D.NS,GE Vernova T&D India Limited,Specialty Industrial Machinery,Industrials,Industrials,False,Cash,1,Stage 2 Failed,Stage 3,Failed Stage 2,0.72,"This stock was recently Stage 2, but the latest structure no longer satisfies Stage 2 rules. It is kept as Stage 2 Failed until a fresh base/repair structure forms.",Recent Stage 2 break; public stage held as Stage 2 Failed.,2026-10-06,2026-09-23,,-3.72,5.47,3461716239.01,0.62,0.76,0.75,True,True,"Stage 3, Stage 3 - Distribution/Damage, volume_dryup, weekly_volume_dryup, distribution_risk | Stage 2 failed state applied from stage memory.",weekly_watchlist,0.18,5.18,4833.44,-12.17,[29.87],[5],0.0,5.0,weak,774
RUSTOMJEE.NS,Keystone Realtors Limited,Real Estate,Real Estate,Real Estate,False,Cash,1,Stage 4,Stage 4,Stage 4 - Confirmed Downtrend,0.86,Price is below a bearish moving-average stack with falling trend signals.,,,,,-7.92,-6.32,39398416.63,0.41,0.13,0.22,True,True,"Stage 4, Stage 4 - Confirmed Downtrend, volume_dryup, weekly_volume_dryup, downtrend",weekly_watchlist,4.0,5.0,386.12,-4.55,[23.38],[5],0.0,5.0,weak,775
BANKBARODA.NS,Bank of Baroda,Banks - Regional,Financial Services,Financial Services,True,F&O,1,Stage 4,Stage 4,Stage 4 - Confirmed Downtrend,0.86,Price is below a bearish moving-average stack with falling trend signals.,,,2026-06-26,,-2.63,-12.03,1470454599.15,0.86,0.78,0.98,False,False,"Stage 4, Stage 4 - Confirmed Downtrend, downtrend",weekly_watchlist,4.0,5.0,251.84,-7.59,[16.97],[5],0.0,5.0,weak,776
PGHH.NS,Procter & Gamble Hygiene and Health Care Limited,Household & Personal Products,Consumer Defensive,Consumer Defensive,False,Cash,1,Stage 4,Stage 4,Stage 4 - Confirmed Downtrend,0.86,Price is below a bearish moving-average stack with falling trend signals.,,,,,-17.58,-28.5,151765896.55,1.35,0.58,1.25,False,False,"Stage 4, Stage 4 - Confirmed Downtrend, downtrend",weekly_watchlist,4.0,5.0,9390.39,-26.89,[30.62],[13],0.0,13.0,weak,777
RTNINDIA.NS,RattanIndia Enterprises Limited,Consumer Cyclical,Consumer Cyclical,Consumer Cyclical,False,Cash,1,Stage 4,Stage 4,Stage 4 - Confirmed Downtrend,0.86,Price is below a bearish moving-average stack with falling trend signals.,,,,,-15.68,-19.55,41715881.35,1.09,0.58,1.53,False,False,"Stage 4, Stage 4 - Confirmed Downtrend, downtrend",weekly_watchlist,4.0,5.0,33.83,-22.76,[39.65],[15],0.0,15.0,weak,778
GILLETTE.NS,Gillette India Limited,Household & Personal Products,Consumer Defensive,Consumer Defensive,False,Cash,1,Stage 4,Stage 4,Stage 4 - Confirmed Downtrend,0.86,Price is below a bearish moving-average stack with falling trend signals.,,,,,-4.03,-6.82,161167418.7,1.12,0.85,1.3,False,False,"Stage 4, Stage 4 - Confirmed Downtrend, downtrend",weekly_watchlist,4.0,5.0,7577.24,-6.87,[11.06],[5],0.0,5.0,weak,779
JYOTHYLAB.NS,Jyothy Labs Limited,Household & Personal Products,Consumer Defensive,Consumer Defensive,False,Cash,1,Stage 4,Stage 4,Stage 4 - Confirmed Downtrend,0.86,Price is below a bearish moving-average stack with falling trend signals.,,,,,-3.96,-13.94,61977204.02,0.31,0.16,0.26,True,True,"Stage 4, Stage 4 - Confirmed Downtrend, volume_dryup, weekly_volume_dryup, downtrend",weekly_watchlist,4.0,5.0,217.28,-15.63,[30.35],[14],0.0,14.0,weak,780
AGIIL.NS,Agi Infra Limited,Real Estate,Real Estate,Real Estate,False,Cash,1,Stage 4,Stage 4,Stage 4 - Weak/Declining,0.72,Price is below long-term support with weak trend evidence.,,,2026-07-10,,-17.81,-27.55,451328737.01,1.26,0.11,0.23,False,True,"Stage 4, Stage 4 - Weak/Declining, weekly_volume_dryup, downtrend",weekly_watchlist,4.0,5.0,302.95,-14.48,[41.11],[19],0.0,19.0,weak,781
MOSCHIP.NS,Moschip Technologies Limited,Technology,Technology,Technology,False,Cash,1,Stage 1,Stage 1,Stage 1 - Unclear/Repair,0.58,Not enough evidence for Stage 2 or Stage 4; classified as repair/unclear structure.,,,2026-08-28,,-11.89,14.82,244447682.35,0.55,0.59,0.49,True,True,"Stage 1, Stage 1 - Unclear/Repair, volume_dryup, weekly_volume_dryup, stage1_not_actionable, stage1_needs_more_base",weekly_watchlist,0.0,5.0,224.39,-11.9,[21.26],[2],0.0,2.0,weak,782
TRITURBINE.NS,Triveni Turbine Limited,Specialty Industrial Machinery,Industrials,Industrials,False,Cash,1,Stage 4,Stage 4,Stage 4 - Weak/Declining,0.72,Price is below long-term support with weak trend evidence.,,,2026-08-06,,-7.47,17.75,268881578.56,0.61,1.04,0.7,True,True,"Stage 4, Stage 4 - Weak/Declining, volume_dryup, weekly_volume_dryup, downtrend",weekly_watchlist,0.0,5.0,603.02,-11.1,[20.56],[3],0.0,3.0,weak,783
ADVENZYMES.NS,Advanced Enzyme Technologies Limited,Specialty Chemicals,Basic Materials,Basic Materials,False,Cash,1,Stage 4,Stage 4,Stage 4 - Weak/Declining,0.72,Price is below long-term support with weak trend evidence.,,,2026-07-13,,-12.22,-7.52,57494880.57,0.63,0.89,0.51,True,True,"Stage 4, Stage 4 - Weak/Declining, volume_dryup, weekly_volume_dryup, downtrend",weekly_watchlist,0.0,5.0,343.6,-20.52,[29.12],[7],0.0,7.0,weak,784
BOMDYEING.NS,Bombay Dyeing & Mfg Company Limited,Textile Manufacturing,Consumer Cyclical,Consumer Cyclical,False,Cash,1,Stage 4,Stage 4,Stage 4 - Confirmed Downtrend,0.86,Price is below a bearish moving-average stack with falling trend signals.,,,,,-14.55,-3.49,42362058.84,0.48,0.5,0.47,True,True,"Stage 4, Stage 4 - Confirmed Downtrend, volume_dryup, weekly_volume_dryup, downtrend",weekly_watchlist,0.0,5.0,125.7,-18.13,[27.96],[8],0.0,8.0,weak,785
SUZLON.NS,Suzlon Energy Limited,Specialty Industrial Machinery,Industrials,Industrials,True,F&O,1,Stage 4,Stage 4,Stage 4 - Weak/Declining,0.72,Price is below long-term support with weak trend evidence.,,,2026-07-13,,-22.74,-13.77,2133710705.99,1.2,0.91,0.71,False,True,"Stage 4, Stage 4 - Weak/Declining, weekly_volume_dryup, downtrend",weekly_watchlist,0.0,5.0,49.41,-20.74,[24.02],[6],0.0,6.0,weak,786
BERGEPAINT.NS,Berger Paints (I) Limited,Specialty Chemicals,Basic Materials,Basic Materials,False,Cash,1,Stage 4,Stage 4,Stage 4 - Weak/Declining,0.72,Price is below long-term support with weak trend evidence.,,,2026-08-28,,0.43,5.71,189198965.58,0.98,1.07,1.06,False,False,"Stage 4, Stage 4 - Weak/Declining, downtrend",weekly_watchlist,0.0,5.0,566.89,-16.64,[13.46],[3],0.0,3.0,weak,787
ITI.NS,ITI Limited,Communication Equipment,Technology,Technology,False,Cash,1,Stage 4,Stage 4,Stage 4 - Confirmed Downtrend,0.86,Price is below a bearish moving-average stack with falling trend signals.,,,2026-07-02,,-9.98,-13.43,50082325.3,1.13,3.37,1.66,False,False,"Stage 4, Stage 4 - Confirmed Downtrend, downtrend",weekly_watchlist,0.0,5.0,296.77,-16.49,[16.68],[6],0.0,6.0,weak,788
JSWDULUX.NS,JSW Dulux Limited,Specialty Chemicals,Basic Materials,Basic Materials,False,Cash,1,Stage 2 Failed,Stage 4,Failed Stage 2,0.72,"This stock was recently Stage 2, but the latest structure no longer satisfies Stage 2 rules. It is kept as Stage 2 Failed until a fresh base/repair structure forms.",Recent Stage 2 break; public stage held as Stage 2 Failed.,2026-10-06,2026-09-25,,7.81,3.39,112126474.52,2.04,0.59,2.44,False,False,"Stage 4, Stage 4 - Weak/Declining, downtrend | Stage 2 failed state applied from stage memory.",weekly_watchlist,0.0,5.0,3268.0,-8.05,[13.92],[3],0.0,3.0,weak,789
PGHL.NS,Procter & Gamble Health Limited,Drug Manufacturers - Specialty & Generic,Healthcare,Healthcare,False,Cash,1,Not Sure,Stage 4,Pending Stage 4,0.55,Blocked public stage jump Stage 1 -> Stage 4; waiting for intermediate/confirmed structure.,Blocked public stage jump Stage 1 -> Stage 4; waiting for intermediate/confirmed structure.,,2026-09-07,Stage 4,-14.49,12.2,71151135.62,1.24,1.57,1.94,False,False,"Stage 4, Stage 4 - Weak/Declining, downtrend | Blocked public stage jump Stage 1 -> Stage 4; waiting for intermediate/confirmed structure.",weekly_watchlist,0.0,5.0,6873.04,-22.8,[13.42],[8],0.0,8.0,weak,790
OSWALPUMPS.NS,Oswal Pumps Limited,Electrical Equipment & Parts,Industrials,Industrials,False,Cash,1,Stage 4,Stage 4,Stage 4 - Confirmed Downtrend,0.86,Price is below a bearish moving-average stack with falling trend signals.,,,,,-30.83,-27.49,113912667.32,0.86,0.65,0.45,False,True,"Stage 4, Stage 4 - Confirmed Downtrend, weekly_volume_dryup, downtrend",weekly_watchlist,0.0,5.0,296.87,-10.8,[21.92],[6],0.0,6.0,weak,791
GOLDIAM.NS,Goldiam International Limited,Luxury Goods,Consumer Cyclical,Consumer Cyclical,False,Cash,1,Stage 2 Failed,Stage 1,Failed Stage 2,0.72,"This stock was recently Stage 2, but the latest structure no longer satisfies Stage 2 rules. It is kept as Stage 2 Failed until a fresh base/repair structure forms.",Recent Stage 2 break; public stage held as Stage 2 Failed.,2026-10-06,2026-09-29,,5.3,22.99,136753429.17,0.55,0.76,0.59,True,True,"Stage 1, Stage 1 - Base/Repair, volume_dryup, weekly_volume_dryup, stage1_not_actionable, stage1_needs_more_base | Stage 2 failed state applied from stage memory.",weekly_watchlist,2.43,4.93,398.9,-20.41,[19.6],[3],0.0,3.0,weak,792
TATACOMM.NS,Tata Communications Limited,Telecom Services,Communication Services,Communication Services,False,Cash,1,Stage 2 Failed,Stage 4,Failed Stage 2,0.72,"This stock was recently Stage 2, but the latest structure no longer satisfies Stage 2 rules. It is kept as Stage 2 Failed until a fresh base/repair structure forms.",Recent Stage 2 break; public stage held as Stage 2 Failed.,2026-10-06,2026-09-18,,-5.45,13.3,343236637.48,0.6,0.57,0.6,True,True,"Stage 4, Stage 4 - Weak/Declining, volume_dryup, weekly_volume_dryup, downtrend | Stage 2 failed state applied from stage memory.",weekly_watchlist,4.78,4.78,2113.69,-20.43,[19.26],[13],0.0,13.0,weak,793
360ONE.NS,360 ONE WAM LIMITED,Asset Management,Financial Services,Financial Services,True,F&O,1,Stage 4,Stage 4,Stage 4 - Weak/Declining,0.72,Price is below long-term support with weak trend evidence.,,,2026-09-08,,-0.64,7.4,993807243.26,1.41,0.84,0.85,False,True,"Stage 4, Stage 4 - Weak/Declining, weekly_volume_dryup, downtrend",weekly_watchlist,4.68,4.68,1225.04,-12.7,[26.71],[12],0.0,12.0,weak,794
JBMA.NS,JBM Auto Limited,Auto Parts,Consumer Cyclical,Consumer Cyclical,False,Cash,1,Stage 4,Stage 4,Stage 4 - Weak/Declining,0.72,Price is below long-term support with weak trend evidence.,,,2026-08-06,,-12.32,-8.16,147272969.76,0.51,0.93,0.51,True,True,"Stage 4, Stage 4 - Weak/Declining, volume_dryup, weekly_volume_dryup, downtrend",weekly_watchlist,2.0,4.5,707.76,-21.49,[29.96],[10],0.0,10.0,weak,795
PREMIERENE.NS,Premier Energies Limited,Solar,Technology,Technology,True,F&O,1,Stage 1,Stage 1,Stage 1 - Unclear/Repair,0.58,Not enough evidence for Stage 2 or Stage 4; classified as repair/unclear structure.,,,2026-08-14,,-14.18,-5.97,1115900027.49,0.97,0.73,0.78,False,True,"Stage 1, Stage 1 - Unclear/Repair, weekly_volume_dryup, stage1_not_actionable, stage1_needs_more_base",weekly_watchlist,4.4,4.4,1072.4,-15.42,[11.46],[7],0.0,7.0,weak,796
STYLAMIND.NS,Stylam Industries Limited,"Furnishings, Fixtures & Appliances",Consumer Cyclical,Consumer Cyclical,False,Cash,1,Stage 2 Failed,Stage 3,Failed Stage 2,0.72,"This stock was recently Stage 2, but the latest structure no longer satisfies Stage 2 rules. It is kept as Stage 2 Failed until a fresh base/repair structure forms.",Recent Stage 2 break; public stage held as Stage 2 Failed.,2026-10-06,2026-10-05,,5.2,49.06,133308194.15,1.14,0.57,0.58,False,True,"Stage 3, Stage 3 - Transition, weekly_volume_dryup, distribution_risk | Stage 2 failed state applied from stage memory.",weekly_watchlist,4.23,4.23,3770.49,-12.39,[16.25],[4],0.0,4.0,weak,797
OLAELEC.NS,Ola Electric Mobility Limited,Auto Manufacturers,Consumer Cyclical,Consumer Cyclical,False,Cash,1,Stage 1,Stage 1,Stage 1 - Base/Repair,0.7,Price is near long-term moving averages with no strong long-term downtrend signal.,,,,,-6.38,-5.2,3793402032.12,1.98,0.67,0.6,False,True,"Stage 1, Stage 1 - Base/Repair, weekly_volume_dryup, stage1_not_actionable, stage1_needs_more_base",weekly_watchlist,3.2,4.2,44.63,-19.42,[26.28],[6],0.0,6.0,weak,798
NLCINDIA.NS,NLC India Limited,Utilities,Utilities,Utilities,False,Cash,1,Stage 4,Stage 4,Stage 4 - Weak/Declining,0.72,Price is below long-term support with weak trend evidence.,,,2026-07-17,,-14.35,-5.29,383995606.72,0.68,0.92,0.64,True,True,"Stage 4, Stage 4 - Weak/Declining, volume_dryup, weekly_volume_dryup, downtrend",weekly_watchlist,4.0,4.0,307.95,-17.23,[32.1],[14],0.0,14.0,weak,799
INDIASHLTR.NS,India Shelter Finance Corporation Limited,Mortgage Finance,Financial Services,Financial Services,False,Cash,1,Stage 4,Stage 4,Stage 4 - Confirmed Downtrend,0.86,Price is below a bearish moving-average stack with falling trend signals.,,,,,-13.34,-14.47,62379486.63,0.86,0.41,1.16,False,False,"Stage 4, Stage 4 - Confirmed Downtrend, downtrend",weekly_watchlist,4.0,4.0,830.7,-23.4,[24.3],[12],0.0,12.0,weak,800
CHAMBLFERT.NS,Chambal Fertilizers & Chemicals Limited,Agricultural Inputs,Basic Materials,Basic Materials,False,Cash,1,Stage 4,Stage 4,Stage 4 - Confirmed Downtrend,0.86,Price is below a bearish moving-average stack with falling trend signals.,,,2026-07-03,,-4.98,-9.33,178883139.11,0.87,0.4,0.86,False,True,"Stage 4, Stage 4 - Confirmed Downtrend, weekly_volume_dryup, downtrend",weekly_watchlist,4.0,4.0,424.24,-4.58,[14.6],[5],0.0,5.0,weak,801
NBCC.NS,NBCC (India) Limited,Engineering & Construction,Industrials,Industrials,True,F&O,1,Stage 4,Stage 4,Stage 4 - Confirmed Downtrend,0.86,Price is below a bearish moving-average stack with falling trend signals.,,,2026-07-02,,-17.77,-11.65,397830894.22,1.03,1.1,0.98,False,False,"Stage 4, Stage 4 - Confirmed Downtrend, downtrend",weekly_watchlist,4.0,4.0,113.51,-32.12,[38.6],[13],0.0,13.0,weak,802
VBL.NS,Varun Beverages Limited,Consumer Defensive,Consumer Defensive,Consumer Defensive,True,F&O,1,Stage 4,Stage 4,Stage 4 - Weak/Declining,0.72,Price is below long-term support with weak trend evidence.,,,2026-07-10,,-3.38,3.07,2337074178.46,0.94,0.63,0.79,False,True,"Stage 4, Stage 4 - Weak/Declining, weekly_volume_dryup, downtrend",weekly_watchlist,4.0,4.0,556.16,-21.01,[28.64],[12],0.0,12.0,weak,803
KSCL.NS,Kaveri Seed Company Limited,Agricultural Inputs,Basic Materials,Basic Materials,False,Cash,1,Stage 4,Stage 4,Stage 4 - Confirmed Downtrend,0.86,Price is below a bearish moving-average stack with falling trend signals.,,,,,-12.9,-21.77,1235066227.04,4.32,0.16,0.19,False,True,"Stage 4, Stage 4 - Confirmed Downtrend, weekly_volume_dryup, downtrend",weekly_watchlist,4.0,4.0,997.74,-28.09,[31.22],[12],0.0,12.0,weak,804
UBL.NS,United Breweries Limited,Consumer Defensive,Consumer Defensive,Consumer Defensive,False,Cash,1,Stage 4,Stage 4,Stage 4 - Confirmed Downtrend,0.86,Price is below a bearish moving-average stack with falling trend signals.,,,,,-6.02,-17.56,173108988.01,1.01,0.67,1.17,False,False,"Stage 4, Stage 4 - Confirmed Downtrend, downtrend",weekly_watchlist,4.0,4.0,1456.2,-19.08,[28.28],[13],0.0,13.0,weak,805
NTPC.NS,NTPC Limited,Utilities,Utilities,Utilities,True,F&O,1,Stage 4,Stage 4,Stage 4 - Weak/Declining,0.72,Price is below long-term support with weak trend evidence.,,,2026-06-08,,-0.83,-13.69,2419517909.23,0.99,0.93,1.12,False,False,"Stage 4, Stage 4 - Weak/Declining, downtrend",weekly_watchlist,4.0,4.0,365.94,-12.16,[21.94],[18],0.0,18.0,weak,806
RAMKY.NS,Ramky Infrastructure Limited,Engineering & Construction,Industrials,Industrials,False,Cash,1,Stage 4,Stage 4,Stage 4 - Confirmed Downtrend,0.86,Price is below a bearish moving-average stack with falling trend signals.,,,,,-21.12,-38.61,14778235.32,1.59,0.57,2.28,False,False,"Stage 4, Stage 4 - Confirmed Downtrend, downtrend",weekly_watchlist,4.0,4.0,419.42,-31.66,[30.36],[13],0.0,13.0,weak,807
WAAREEENER.NS,Waaree Energies Limited,Solar,Technology,Technology,True,F&O,1,Stage 4,Stage 4,Stage 4 - Weak/Declining,0.72,Price is below long-term support with weak trend evidence.,,,,,-13.26,-27.2,1407992202.05,0.74,0.73,0.61,True,True,"Stage 4, Stage 4 - Weak/Declining, volume_dryup, weekly_volume_dryup, downtrend",weekly_watchlist,4.0,4.0,3160.84,-24.13,[28.0],[14],0.0,14.0,weak,808
ICICIGI.NS,ICICI Lombard General Insurance Company Limited,Financial Services,Financial Services,Financial Services,True,F&O,1,Stage 4,Stage 4,Stage 4 - Weak/Declining,0.72,Price is below long-term support with weak trend evidence.,,,,,-6.31,-9.33,1356390192.36,1.21,0.33,1.22,False,False,"Stage 4, Stage 4 - Weak/Declining, downtrend",weekly_watchlist,4.0,4.0,1774.1,-9.91,[24.84],[12],0.0,12.0,weak,809
TORNTPOWER.NS,Torrent Power Limited,Utilities,Utilities,Utilities,False,Cash,1,Stage 4,Stage 4,Stage 4 - Weak/Declining,0.72,Price is below long-term support with weak trend evidence.,,,2026-06-24,,-8.37,-15.07,246459518.23,0.43,0.6,0.45,True,True,"Stage 4, Stage 4 - Weak/Declining, volume_dryup, weekly_volume_dryup, downtrend",weekly_watchlist,4.0,4.0,1820.99,-32.19,[13.9],[34],0.0,34.0,weak,810
PIIND.NS,PI Industries Limited,Agricultural Inputs,Basic Materials,Basic Materials,True,F&O,1,Stage 4,Stage 4,Stage 4 - Confirmed Downtrend,0.86,Price is below a bearish moving-average stack with falling trend signals.,,,,,-8.44,-22.67,665821653.91,1.06,2.55,1.01,False,False,"Stage 4, Stage 4 - Confirmed Downtrend, downtrend",weekly_watchlist,4.0,4.0,2432.95,-7.52,[22.71],[5],0.0,5.0,weak,811
VSTIND.NS,VST Industries Limited,Consumer Defensive,Consumer Defensive,Consumer Defensive,False,Cash,1,Stage 4,Stage 4,Stage 4 - Confirmed Downtrend,0.86,Price is below a bearish moving-average stack with falling trend signals.,,,2026-07-10,,-15.24,-6.34,22181056.43,0.68,0.94,0.66,True,True,"Stage 4, Stage 4 - Confirmed Downtrend, volume_dryup, weekly_volume_dryup, downtrend",weekly_watchlist,4.0,4.0,215.08,-5.78,[12.41],[5],0.0,5.0,weak,812
CRIZAC.NS,Crizac Limited,Consumer Defensive,Consumer Defensive,Consumer Defensive,False,Cash,1,Stage 4,Stage 4,Stage 4 - Confirmed Downtrend,0.86,Price is below a bearish moving-average stack with falling trend signals.,,,,,-10.23,-22.29,57731283.42,0.85,0.33,0.61,False,True,"Stage 4, Stage 4 - Confirmed Downtrend, weekly_volume_dryup, downtrend",weekly_watchlist,4.0,4.0,207.39,-18.58,[35.08],[14],0.0,14.0,weak,813
FLAIR.NS,Flair Writing Industries Limited,Industrials,Industrials,Industrials,False,Cash,1,Stage 4,Stage 4,Stage 4 - Confirmed Downtrend,0.86,Price is below a bearish moving-average stack with falling trend signals.,,,2026-05-21,,-8.25,-27.02,24077591.4,0.75,0.41,0.66,True,True,"Stage 4, Stage 4 - Confirmed Downtrend, volume_dryup, weekly_volume_dryup, downtrend",weekly_watchlist,4.0,4.0,263.74,-13.61,[25.4],[18],0.0,18.0,weak,814
KPEL.NS,K.P. Energy Limited,Engineering & Construction,Industrials,Industrials,False,Cash,1,Stage 4,Stage 4,Stage 4 - Confirmed Downtrend,0.86,Price is below a bearish moving-average stack with falling trend signals.,,,,,-28.77,-27.64,74158904.98,0.83,0.67,0.74,True,True,"Stage 4, Stage 4 - Confirmed Downtrend, volume_dryup, weekly_volume_dryup, downtrend",weekly_watchlist,4.0,4.0,434.29,-50.39,[35.06],[27],0.0,27.0,weak,815
GRASIM.NS,Grasim Industries Limited,Building Materials,Basic Materials,Basic Materials,True,F&O,1,Stage 2 Failed,Stage 1,Failed Stage 2,0.72,"This stock was recently Stage 2, but the latest structure no longer satisfies Stage 2 rules. It is kept as Stage 2 Failed until a fresh base/repair structure forms.",Recent Stage 2 break; public stage held as Stage 2 Failed.,2026-10-06,2026-09-30,,-2.06,9.43,2184616851.63,0.74,0.4,0.81,True,True,"Stage 1, Stage 1 - Base/Repair, volume_dryup, weekly_volume_dryup, stage1_not_actionable, stage1_needs_more_base | Stage 2 failed state applied from stage memory.",weekly_watchlist,3.94,3.94,3411.1,-12.96,[16.0],[6],0.0,6.0,weak,816
SANGHVIMOV.NS,Sanghvi Movers Limited,Industrials,Industrials,Industrials,False,Cash,1,Stage 2 Failed,Stage 3,Failed Stage 2,0.72,"This stock was recently Stage 2, but the latest structure no longer satisfies Stage 2 rules. It is kept as Stage 2 Failed until a fresh base/repair structure forms.",Recent Stage 2 break; public stage held as Stage 2 Failed.,2026-10-06,2026-09-18,,-4.63,42.43,123874405.28,0.81,1.52,1.11,True,False,"Stage 3, Stage 3 - Transition, volume_dryup, distribution_risk | Stage 2 failed state applied from stage memory.",weekly_watchlist,3.78,3.78,526.79,-20.37,[24.83],[5],0.0,5.0,weak,817
IFCI.NS,IFCI Limited,Credit Services,Financial Services,Financial Services,False,Cash,1,Stage 2 Failed,Stage 1,Failed Stage 2,0.72,"This stock was recently Stage 2, but the latest structure no longer satisfies Stage 2 rules. It is kept as Stage 2 Failed until a fresh base/repair structure forms.",Recent Stage 2 break; public stage held as Stage 2 Failed.,2026-10-06,2026-09-23,,-10.8,16.42,5090920788.53,0.55,0.29,0.37,True,True,"Stage 1, Stage 1 - Base/Repair, volume_dryup, weekly_volume_dryup, stage1_not_actionable, stage1_needs_more_base | Stage 2 failed state applied from stage memory.",weekly_watchlist,3.76,3.76,107.69,-39.17,[28.86],[6],0.0,6.0,weak,818
BAJAJ-AUTO.NS,Bajaj Auto Limited,Auto Manufacturers,Consumer Cyclical,Consumer Cyclical,True,F&O,1,Stage 2 Failed,Stage 1,Failed Stage 2,0.72,"This stock was recently Stage 2, but the latest structure no longer satisfies Stage 2 rules. It is kept as Stage 2 Failed until a fresh base/repair structure forms.",Recent Stage 2 break; public stage held as Stage 2 Failed.,2026-10-06,2026-09-30,,3.27,4.35,2893232651.45,1.4,0.6,2.24,False,False,"Stage 1, Stage 1 - Base/Repair, stage1_not_actionable, stage1_needs_more_base | Stage 2 failed state applied from stage memory.",weekly_watchlist,2.76,3.76,12491.82,-19.81,[11.62],[5],0.0,5.0,weak,819
TATATECH.NS,Tata Technologies Limited,Information Technology Services,Technology,Technology,False,Cash,1,Stage 2 Failed,Stage 1,Failed Stage 2,0.72,"This stock was recently Stage 2, but the latest structure no longer satisfies Stage 2 rules. It is kept as Stage 2 Failed until a fresh base/repair structure forms.",Recent Stage 2 break; public stage held as Stage 2 Failed.,2026-10-06,2026-10-05,,2.48,28.24,552815130.17,0.43,0.33,0.33,True,True,"Stage 1, Stage 1 - Base/Repair, volume_dryup, weekly_volume_dryup, stage1_not_actionable, stage1_needs_more_base | Stage 2 failed state applied from stage memory.",weekly_watchlist,2.67,3.67,892.56,-21.23,[14.33],[3],0.0,3.0,weak,820
IDBI.NS,IDBI Bank Limited,Banks - Regional,Financial Services,Financial Services,False,Cash,1,Stage 4,Stage 4,Stage 4 - Weak/Declining,0.72,Price is below long-term support with weak trend evidence.,,,,,9.6,18.7,1103191120.98,0.86,0.5,0.82,False,True,"Stage 4, Stage 4 - Weak/Declining, weekly_volume_dryup, downtrend",weekly_watchlist,2.43,3.43,96.42,-9.76,[12.11],[8],0.0,8.0,weak,821
GAEL.NS,Gujarat Ambuja Exports Limited,Packaged Foods,Consumer Defensive,Consumer Defensive,False,Cash,1,Stage 2 Failed,Stage 1,Failed Stage 2,0.72,"This stock was recently Stage 2, but the latest structure no longer satisfies Stage 2 rules. It is kept as Stage 2 Failed until a fresh base/repair structure forms.",Recent Stage 2 break; public stage held as Stage 2 Failed.,2026-10-06,2026-09-30,,7.59,8.26,90244182.21,0.42,0.74,0.36,True,True,"Stage 1, Stage 1 - Base/Repair, volume_dryup, weekly_volume_dryup, stage1_not_actionable, stage1_needs_more_base | Stage 2 failed state applied from stage memory.",weekly_watchlist,2.39,3.39,184.98,-11.99,[17.34],[4],0.0,4.0,weak,822
THANGAMAYL.NS,Thangamayil Jewellery Limited,Luxury Goods,Consumer Cyclical,Consumer Cyclical,False,Cash,1,Stage 1,Stage 1,Stage 1 - Base/Repair,0.7,Price is near long-term moving averages with no strong long-term downtrend signal.,,,2026-08-28,,-23.05,16.13,425692131.93,0.41,0.44,0.48,True,True,"Stage 1, Stage 1 - Base/Repair, volume_dryup, weekly_volume_dryup, stage1_not_actionable, stage1_needs_more_base",weekly_watchlist,0.8,3.3,5732.51,-16.99,[21.49],[4],0.0,4.0,weak,823
PRESTIGE.NS,Prestige Estates Projects Limited,Real Estate,Real Estate,Real Estate,True,F&O,1,Stage 4,Stage 4,Stage 4 - Weak/Declining,0.72,Price is below long-term support with weak trend evidence.,,,2026-08-31,,-10.58,13.49,771480780.55,1.13,1.2,1.5,False,False,"Stage 4, Stage 4 - Weak/Declining, downtrend",weekly_watchlist,2.29,3.29,1742.35,-15.76,[18.99],[10],0.0,10.0,weak,824
DMART.NS,Avenue Supermarts Limited,Consumer Defensive,Consumer Defensive,Consumer Defensive,True,F&O,1,Stage 4,Stage 4,Stage 4 - Weak/Declining,0.72,Price is below long-term support with weak trend evidence.,,,2026-05-18,,-7.6,-18.64,2098147123.51,1.36,1.53,1.9,False,False,"Stage 4, Stage 4 - Weak/Declining, downtrend",weekly_watchlist,3.2,3.2,4124.9,-13.16,[17.6],[11],0.0,11.0,weak,825
BAYERCROP.NS,Bayer Cropscience Limited,Agricultural Inputs,Basic Materials,Basic Materials,False,Cash,1,Stage 4,Stage 4,Stage 4 - Confirmed Downtrend,0.86,Price is below a bearish moving-average stack with falling trend signals.,,,,,-8.41,-24.6,127996363.96,1.71,0.63,1.78,False,False,"Stage 4, Stage 4 - Confirmed Downtrend, downtrend",weekly_watchlist,3.2,3.2,4499.76,-21.48,[20.4],[11],0.0,11.0,weak,826
DHANUKA.NS,Dhanuka Agritech Limited,Agricultural Inputs,Basic Materials,Basic Materials,False,Cash,1,Stage 4,Stage 4,Stage 4 - Confirmed Downtrend,0.86,Price is below a bearish moving-average stack with falling trend signals.,,,,,-8.24,-10.26,19100918.56,0.75,2.06,0.76,True,True,"Stage 4, Stage 4 - Confirmed Downtrend, volume_dryup, weekly_volume_dryup, downtrend",weekly_watchlist,3.2,3.2,1105.81,-17.75,[24.27],[11],0.0,11.0,weak,827
EIHOTEL.NS,EIH Limited,Lodging,Consumer Cyclical,Consumer Cyclical,False,Cash,1,Stage 4,Stage 4,Stage 4 - Confirmed Downtrend,0.86,Price is below a bearish moving-average stack with falling trend signals.,,,,,-3.77,-1.22,109529133.4,1.35,0.27,0.97,False,False,"Stage 4, Stage 4 - Confirmed Downtrend, downtrend",weekly_watchlist,2.0,3.0,351.77,-14.52,[20.18],[10],0.0,10.0,weak,828
ZENSARTECH.NS,Zensar Technologies Limited,Information Technology Services,Technology,Technology,False,Cash,1,Stage 4,Stage 4,Stage 4 - Confirmed Downtrend,0.86,Price is below a bearish moving-average stack with falling trend signals.,,,,,-5.6,-16.16,1616721200.39,0.64,0.22,0.63,True,True,"Stage 4, Stage 4 - Confirmed Downtrend, volume_dryup, weekly_volume_dryup, downtrend",weekly_watchlist,2.0,3.0,554.07,-19.6,[30.77],[10],0.0,10.0,weak,829
HEMIPROP.NS,Hemisphere Properties India Limited,Real Estate,Real Estate,Real Estate,False,Cash,1,Stage 4,Stage 4,Stage 4 - Confirmed Downtrend,0.86,Price is below a bearish moving-average stack with falling trend signals.,,,2026-07-03,,-12.43,-9.3,34767307.85,1.07,0.68,1.38,False,False,"Stage 4, Stage 4 - Confirmed Downtrend, downtrend",weekly_watchlist,2.0,3.0,142.2,-20.16,[19.99],[10],0.0,10.0,weak,830
GODIGIT.NS,Go Digit General Insurance Limited,Financial Services,Financial Services,Financial Services,False,Cash,1,Stage 4,Stage 4,Stage 4 - Weak/Declining,0.72,Price is below long-term support with weak trend evidence.,,,,,-9.7,-18.3,270317241.25,2.01,0.16,1.28,False,False,"Stage 4, Stage 4 - Weak/Declining, downtrend",weekly_watchlist,2.8,2.8,266.01,-2.79,[26.66],[4],0.0,4.0,weak,831
TANLA.NS,Tanla Platforms Limited,Software - Application,Technology,Technology,False,Cash,1,Stage 4,Stage 4,Stage 4 - Weak/Declining,0.72,Price is below long-term support with weak trend evidence.,,,2026-08-21,,-5.92,8.62,154592083.62,0.53,0.33,0.31,True,True,"Stage 4, Stage 4 - Weak/Declining, volume_dryup, weekly_volume_dryup, downtrend",weekly_watchlist,0.0,2.5,646.73,-23.9,[18.51],[2],0.0,2.0,weak,832
BPCL.NS,Bharat Petroleum Corporation Limited,Oil & Gas Refining & Marketing,Energy,Energy,True,F&O,1,Stage 4,Stage 4,Stage 4 - Weak/Declining,0.72,Price is below long-term support with weak trend evidence.,,,,,1.64,3.41,1317471214.93,0.85,1.4,1.09,True,False,"Stage 4, Stage 4 - Weak/Declining, volume_dryup, downtrend",weekly_watchlist,0.0,2.5,326.92,-8.08,[10.29],[5],0.0,5.0,weak,833
BHARATFORG.NS,Bharat Forge Limited,Auto Parts,Consumer Cyclical,Consumer Cyclical,True,F&O,1,Stage 3,Stage 3,Stage 3 - Distribution/Damage,0.76,"Prior strength exists, but short-term and/or weekly structure is deteriorating.",,,2026-09-03,,-7.13,5.67,1601770501.8,0.91,1.2,1.06,False,False,"Stage 3, Stage 3 - Distribution/Damage, distribution_risk",weekly_watchlist,0.0,2.5,2299.02,-18.23,[16.81],[5],0.0,5.0,weak,834
ZFCVINDIA.NS,ZF Commercial Vehicle Control Systems India Limited,Auto Parts,Consumer Cyclical,Consumer Cyclical,False,Cash,1,Stage 2 Failed,Stage 4,Failed Stage 2,0.72,"This stock was recently Stage 2, but the latest structure no longer satisfies Stage 2 rules. It is kept as Stage 2 Failed until a fresh base/repair structure forms.",Recent Stage 2 break; public stage held as Stage 2 Failed.,2026-10-06,2026-09-16,,-1.64,-5.72,244084843.51,0.95,0.64,0.93,False,False,"Stage 4, Stage 4 - Weak/Declining, downtrend | Stage 2 failed state applied from stage memory.",weekly_watchlist,0.0,2.5,2695.71,-18.86,[25.63],[4],0.0,4.0,weak,835
TATAELXSI.NS,Tata Elxsi Limited,Software - Application,Technology,Technology,True,F&O,1,Stage 4,Stage 4,Stage 4 - Confirmed Downtrend,0.86,Price is below a bearish moving-average stack with falling trend signals.,,,,,-11.55,-27.79,782740646.03,1.06,0.93,0.95,False,False,"Stage 4, Stage 4 - Confirmed Downtrend, downtrend",weekly_watchlist,0.0,2.5,3863.75,-19.95,[24.85],[7],0.0,7.0,weak,836
CIEINDIA.NS,CIE Automotive India Limited,Auto Parts,Consumer Cyclical,Consumer Cyclical,False,Cash,1,Stage 4,Stage 4,Stage 4 - Weak/Declining,0.72,Price is below long-term support with weak trend evidence.,,,2026-07-22,,-13.74,-20.02,87773457.05,0.68,0.4,0.44,True,True,"Stage 4, Stage 4 - Weak/Declining, volume_dryup, weekly_volume_dryup, downtrend",weekly_watchlist,0.0,2.5,481.84,-21.34,[23.72],[8],0.0,8.0,weak,837
KFINTECH.NS,Kfin Technologies Limited,Software - Application,Technology,Technology,True,F&O,1,Stage 4,Stage 4,Stage 4 - Weak/Declining,0.72,Price is below long-term support with weak trend evidence.,,,,,1.79,-1.95,470188613.27,0.8,0.84,0.57,True,True,"Stage 4, Stage 4 - Weak/Declining, volume_dryup, weekly_volume_dryup, downtrend",weekly_watchlist,0.0,2.5,994.14,-13.11,[21.97],[4],0.0,4.0,weak,838
INDIAGLYCO.NS,India Glycols Limited,Chemicals,Basic Materials,Basic Materials,False,Cash,1,Stage 4,Stage 4,Stage 4 - Confirmed Downtrend,0.86,Price is below a bearish moving-average stack with falling trend signals.,,,2026-09-01,,-64.78,-64.73,219298161.38,2.33,1.02,0.87,False,True,"Stage 4, Stage 4 - Confirmed Downtrend, weekly_volume_dryup, downtrend",weekly_watchlist,0.0,2.5,1221.13,-73.88,[81.9],[5],0.0,5.0,weak,839
SENCO.NS,Senco Gold Limited,Luxury Goods,Consumer Cyclical,Consumer Cyclical,False,Cash,1,Stage 2 Failed,Stage 4,Failed Stage 2,0.72,"This stock was recently Stage 2, but the latest structure no longer satisfies Stage 2 rules. It is kept as Stage 2 Failed until a fresh base/repair structure forms.",Recent Stage 2 break; public stage held as Stage 2 Failed.,2026-10-06,2026-09-23,,-7.1,-0.27,218702012.23,0.78,0.78,0.31,True,True,"Stage 4, Stage 4, volume_dryup, weekly_volume_dryup, downtrend | Stage 2 failed state applied from stage memory.",weekly_watchlist,0.0,2.5,378.41,-15.77,[23.48],[3],0.0,3.0,weak,840
SUBROS.NS,Subros Limited,Auto Parts,Consumer Cyclical,Consumer Cyclical,False,Cash,1,Stage 4,Stage 4,Stage 4 - Confirmed Downtrend,0.86,Price is below a bearish moving-average stack with falling trend signals.,,,,,-11.07,-7.75,25355783.43,0.72,0.92,0.73,True,True,"Stage 4, Stage 4 - Confirmed Downtrend, volume_dryup, weekly_volume_dryup, downtrend",weekly_watchlist,0.0,2.5,842.07,-18.9,[20.75],[6],0.0,6.0,weak,841
VAIBHAVGBL.NS,Vaibhav Global Limited,Luxury Goods,Consumer Cyclical,Consumer Cyclical,False,Cash,1,Stage 4,Stage 4,Stage 4 - Weak/Declining,0.72,Price is below long-term support with weak trend evidence.,,,2026-08-13,,-15.72,-1.83,39843134.39,0.57,0.54,0.46,True,True,"Stage 4, Stage 4 - Weak/Declining, volume_dryup, weekly_volume_dryup, downtrend",weekly_watchlist,0.0,2.5,281.01,-27.96,[35.05],[8],0.0,8.0,weak,842
NAVNETEDUL.NS,Navneet Education Limited,Communication Services,Communication Services,Communication Services,False,Cash,1,Stage 4,Stage 4,Stage 4 - Confirmed Downtrend,0.86,Price is below a bearish moving-average stack with falling trend signals.,,,2026-07-21,,-11.07,-3.84,12213952.2,0.69,0.53,0.7,True,True,"Stage 4, Stage 4 - Confirmed Downtrend, volume_dryup, weekly_volume_dryup, downtrend",weekly_watchlist,0.0,2.5,138.75,-10.44,[19.35],[3],0.0,3.0,weak,843
PRAKASH.NS,Prakash Industries Limited,Steel,Basic Materials,Basic Materials,False,Cash,1,Stage 4,Stage 4,Stage 4 - Weak/Declining,0.72,Price is below long-term support with weak trend evidence.,,,,,-0.59,-8.58,63807366.56,1.21,0.43,1.18,False,False,"Stage 4, Stage 4 - Weak/Declining, downtrend",weekly_watchlist,0.0,2.5,145.07,-17.49,[24.19],[8],0.0,8.0,weak,844
LODHA.NS,Lodha Developers Limited,Real Estate,Real Estate,Real Estate,True,F&O,1,Stage 2 Failed,Stage 3,Failed Stage 2,0.72,"This stock was recently Stage 2, but the latest structure no longer satisfies Stage 2 rules. It is kept as Stage 2 Failed until a fresh base/repair structure forms.",Recent Stage 2 break; public stage held as Stage 2 Failed.,2026-10-06,2026-10-05,,0.22,38.71,2223168154.22,1.04,0.89,1.52,False,False,"Stage 3, Stage 3 - Distribution/Damage, distribution_risk | Stage 2 failed state applied from stage memory.",weekly_watchlist,1.49,2.49,1309.19,-13.26,[19.85],[3],0.0,3.0,weak,845
IONEXCHANG.NS,ION Exchange (India) Limited,Industrials,Industrials,Industrials,False,Cash,1,Stage 2 Failed,Stage 3,Failed Stage 2,0.72,"This stock was recently Stage 2, but the latest structure no longer satisfies Stage 2 rules. It is kept as Stage 2 Failed until a fresh base/repair structure forms.",Recent Stage 2 break; public stage held as Stage 2 Failed.,2026-10-06,2026-09-30,,-7.69,7.79,130831349.46,0.35,0.24,0.34,True,True,"Stage 3, Stage 3 - Transition, volume_dryup, weekly_volume_dryup, distribution_risk | Stage 2 failed state applied from stage memory.",weekly_watchlist,2.41,2.41,461.81,-11.39,[25.52],[7],0.0,7.0,weak,846
INDIGO.NS,InterGlobe Aviation Limited,Industrials,Industrials,Industrials,True,F&O,1,Stage 3,Stage 3,Stage 3 - Distribution/Damage,0.76,"Prior strength exists, but short-term and/or weekly structure is deteriorating.",,,2026-08-31,,-0.29,11.73,2682198586.16,0.87,1.11,0.78,False,True,"Stage 3, Stage 3 - Distribution/Damage, weekly_volume_dryup, distribution_risk",weekly_watchlist,2.34,2.34,5517.64,-8.47,[14.64],[6],0.0,6.0,weak,847
IGL.NS,Indraprastha Gas Limited,Utilities,Utilities,Utilities,False,Cash,1,Stage 4,Stage 4,Stage 4 - Confirmed Downtrend,0.86,Price is below a bearish moving-average stack with falling trend signals.,,,,,-2.64,-11.12,211029961.22,0.88,0.72,0.83,False,True,"Stage 4, Stage 4 - Confirmed Downtrend, weekly_volume_dryup, downtrend",weekly_watchlist,2.0,2.0,157.86,-10.44,[16.73],[10],0.0,10.0,weak,848
HINDALCO.NS,Hindalco Industries Limited,Basic Materials,Basic Materials,Basic Materials,True,F&O,1,Stage 2 Failed,Stage 1,Failed Stage 2,0.72,"This stock was recently Stage 2, but the latest structure no longer satisfies Stage 2 rules. It is kept as Stage 2 Failed until a fresh base/repair structure forms.",Recent Stage 2 break; public stage held as Stage 2 Failed.,2026-10-06,2026-09-23,,1.85,-2.52,3483455311.0,0.96,0.89,0.9,False,False,"Stage 1, Stage 1 - Base/Repair, stage1_not_actionable, stage1_needs_more_base | Stage 2 failed state applied from stage memory.",weekly_watchlist,2.0,2.0,1089.85,-13.7,[20.28],[5],0.0,5.0,weak,849
CESC.NS,CESC Limited,Utilities,Utilities,Utilities,False,Cash,1,Stage 4,Stage 4,Stage 4 - Weak/Declining,0.72,Price is below long-term support with weak trend evidence.,,,2026-08-18,,-10.33,-12.48,267940791.18,0.97,1.03,0.81,False,True,"Stage 4, Stage 4 - Weak/Declining, weekly_volume_dryup, downtrend",weekly_watchlist,2.0,2.0,166.15,-19.09,[22.28],[10],0.0,10.0,weak,850
NIACL.NS,The New India Assurance Company Limited,Financial Services,Financial Services,Financial Services,False,Cash,1,Stage 2 Failed,Stage 1,Failed Stage 2,0.72,"This stock was recently Stage 2, but the latest structure no longer satisfies Stage 2 rules. It is kept as Stage 2 Failed until a fresh base/repair structure forms.",Recent Stage 2 break; public stage held as Stage 2 Failed.,2026-10-06,2026-09-25,,-7.98,-4.77,938270546.91,0.29,0.2,0.17,True,True,"Stage 1, Stage 1 - Base/Repair, volume_dryup, weekly_volume_dryup, stage1_not_actionable, stage1_needs_more_base | Stage 2 failed state applied from stage memory.",weekly_watchlist,2.0,2.0,243.02,-33.87,[25.19],[5],0.0,5.0,weak,851
CROMPTON.NS,Crompton Greaves Consumer Electricals Limited,"Furnishings, Fixtures & Appliances",Consumer Cyclical,Consumer Cyclical,True,F&O,1,Stage 4,Stage 4,Stage 4 - Weak/Declining,0.72,Price is below long-term support with weak trend evidence.,,,2026-08-06,,-13.39,-8.9,493948987.27,0.74,0.39,0.68,True,True,"Stage 4, Stage 4 - Weak/Declining, volume_dryup, weekly_volume_dryup, downtrend",weekly_watchlist,2.0,2.0,271.47,-21.92,[21.71],[10],0.0,10.0,weak,852
DABUR.NS,Dabur India Limited,Household & Personal Products,Consumer Defensive,Consumer Defensive,True,F&O,1,Stage 4,Stage 4,Stage 4 - Confirmed Downtrend,0.86,Price is below a bearish moving-average stack with falling trend signals.,,,,,-6.54,-6.42,849701655.21,0.94,1.22,0.72,False,True,"Stage 4, Stage 4 - Confirmed Downtrend, weekly_volume_dryup, downtrend",weekly_watchlist,0.8,1.8,438.77,-11.37,[18.24],[9],0.0,9.0,weak,853
SRF.NS,SRF Limited,Conglomerates,Industrials,Industrials,True,F&O,1,Stage 4,Stage 4,Stage 4 - Confirmed Downtrend,0.86,Price is below a bearish moving-average stack with falling trend signals.,,,,,-5.61,0.89,522040869.69,0.75,0.68,1.0,True,False,"Stage 4, Stage 4 - Confirmed Downtrend, volume_dryup, downtrend",weekly_watchlist,0.8,1.8,2969.56,-16.82,[23.58],[9],0.0,9.0,weak,854
THERMAX.NS,Thermax Limited,Conglomerates,Industrials,Industrials,False,Cash,1,Stage 4,Stage 4,Stage 4 - Weak/Declining,0.72,Price is below long-term support with weak trend evidence.,,,2026-08-05,,-28.31,-15.5,538061173.63,0.7,1.71,0.95,True,False,"Stage 4, Stage 4 - Weak/Declining, volume_dryup, downtrend",weekly_watchlist,0.8,1.8,4888.54,-34.03,[29.44],[9],0.0,9.0,weak,855
TITAGARH.NS,TITAGARH RAIL SYSTEMS LIMITED,Industrials,Industrials,Industrials,False,Cash,1,Stage 2 Failed,Stage 3,Failed Stage 2,0.72,"This stock was recently Stage 2, but the latest structure no longer satisfies Stage 2 rules. It is kept as Stage 2 Failed until a fresh base/repair structure forms.",Recent Stage 2 break; public stage held as Stage 2 Failed.,2026-10-06,2026-09-21,,1.04,16.48,377906380.31,0.77,0.45,0.79,True,True,"Stage 3, Stage 3 - Distribution/Damage, volume_dryup, weekly_volume_dryup, distribution_risk | Stage 2 failed state applied from stage memory.",weekly_watchlist,1.75,1.75,905.3,-11.1,[18.43],[5],0.0,5.0,weak,856
WHIRLPOOL.NS,Whirlpool of India Limited,"Furnishings, Fixtures & Appliances",Consumer Cyclical,Consumer Cyclical,False,Cash,1,Stage 1,Stage 1,Stage 1 - Early Turn,0.66,The stock is improving from a repair/base area but has not confirmed a clean Stage 2 yet.,,,,,14.42,7.03,2703558035.74,3.77,0.17,0.73,False,True,"Stage 1, Stage 1 - Early Turn, weekly_volume_dryup, stage1_not_actionable, stage1_needs_more_base",weekly_watchlist,1.74,1.74,961.68,-9.76,[17.29],[3],0.0,3.0,weak,857
BSE.NS,BSE Limited,Financial Services,Financial Services,Financial Services,True,F&O,1,Stage 4,Stage 4,Stage 4 - Weak/Declining,0.72,Price is below long-term support with weak trend evidence.,,,2026-07-24,,-8.66,1.14,16954694587.46,1.52,1.38,1.13,False,False,"Stage 4, Stage 4 - Weak/Declining, downtrend",weekly_watchlist,1.6,1.6,3480.58,-5.04,[21.38],[3],0.0,3.0,weak,858
HYUNDAI.NS,Hyundai Motor India Limited,Auto Manufacturers,Consumer Cyclical,Consumer Cyclical,True,F&O,1,Stage 2 Failed,Stage 4,Failed Stage 2,0.72,"This stock was recently Stage 2, but the latest structure no longer satisfies Stage 2 rules. It is kept as Stage 2 Failed until a fresh base/repair structure forms.",Recent Stage 2 break; public stage held as Stage 2 Failed.,2026-10-06,2026-09-21,,5.79,15.83,1291779993.91,0.9,0.65,0.85,False,True,"Stage 4, Stage 4 - Weak/Declining, weekly_volume_dryup, downtrend | Stage 2 failed state applied from stage memory.",weekly_watchlist,0.56,1.56,2281.44,-12.82,[29.94],[7],0.0,7.0,weak,859
ARVSMART.NS,Arvind SmartSpaces Limited,Real Estate,Real Estate,Real Estate,False,Cash,1,Stage 2 Failed,Stage 1,Failed Stage 2,0.72,"This stock was recently Stage 2, but the latest structure no longer satisfies Stage 2 rules. It is kept as Stage 2 Failed until a fresh base/repair structure forms.",Recent Stage 2 break; public stage held as Stage 2 Failed.,2026-10-06,2026-09-25,,4.1,3.97,258750365.59,2.03,0.2,0.18,False,True,"Stage 1, Stage 1 - Base/Repair, weekly_volume_dryup, stage1_not_actionable, stage1_needs_more_base | Stage 2 failed state applied from stage memory.",weekly_watchlist,0.41,1.41,706.64,-14.55,[23.4],[3],0.0,3.0,weak,860
CARYSIL.NS,CARYSIL LIMITED,"Furnishings, Fixtures & Appliances",Consumer Cyclical,Consumer Cyclical,False,Cash,1,Stage 1,Stage 1,Stage 1 - Base/Repair,0.7,Price is near long-term moving averages with no strong long-term downtrend signal.,,,2026-09-14,,-8.08,23.65,109902417.32,1.09,0.52,1.43,False,False,"Stage 1, Stage 1 - Base/Repair, stage1_not_actionable, stage1_needs_more_base",weekly_watchlist,1.16,1.16,1271.94,-18.78,[13.21],[3],0.0,3.0,weak,861
NESTLEIND.NS,Nestle India Limited,Packaged Foods,Consumer Defensive,Consumer Defensive,True,F&O,1,Stage 2 Failed,Stage 1,Failed Stage 2,0.72,"This stock was recently Stage 2, but the latest structure no longer satisfies Stage 2 rules. It is kept as Stage 2 Failed until a fresh base/repair structure forms.",Recent Stage 2 break; public stage held as Stage 2 Failed.,2026-10-06,2026-09-21,,-3.25,8.72,1603455380.37,0.7,1.41,1.0,True,False,"Stage 1, Stage 1 - Base/Repair, volume_dryup, stage1_not_actionable, stage1_needs_more_base | Stage 2 failed state applied from stage memory.",weekly_watchlist,0.15,1.15,1517.45,-11.6,[8.68],[3],0.0,3.0,weak,862
ZYDUSWELL.NS,Zydus Wellness Limited,Packaged Foods,Consumer Defensive,Consumer Defensive,False,Cash,1,Stage 3,Stage 3,Stage 3 - Distribution/Damage,0.76,"Prior strength exists, but short-term and/or weekly structure is deteriorating.",,,2026-09-04,,-7.28,3.62,109093248.78,0.37,0.28,0.47,True,True,"Stage 3, Stage 3 - Distribution/Damage, volume_dryup, weekly_volume_dryup, distribution_risk",weekly_watchlist,0.0,1.0,582.02,-13.68,[19.92],[5],0.0,5.0,weak,863
JISLJALEQS.NS,Jain Irrigation Systems Limited,Conglomerates,Industrials,Industrials,False,Cash,1,Stage 4,Stage 4,Stage 4 - Confirmed Downtrend,0.86,Price is below a bearish moving-average stack with falling trend signals.,,,,,-12.17,-15.83,82799340.0,0.47,0.35,0.33,True,True,"Stage 4, Stage 4 - Confirmed Downtrend, volume_dryup, weekly_volume_dryup, downtrend",weekly_watchlist,0.0,1.0,33.0,-19.24,[31.09],[8],0.0,8.0,weak,864
PATANJALI.NS,Patanjali Foods Limited,Packaged Foods,Consumer Defensive,Consumer Defensive,True,F&O,1,Stage 4,Stage 4,Stage 4 - Weak/Declining,0.72,Price is below long-term support with weak trend evidence.,,,,,-7.07,-19.45,2172022783.15,0.8,1.5,0.87,True,True,"Stage 4, Stage 4 - Weak/Declining, volume_dryup, weekly_volume_dryup, downtrend",weekly_watchlist,0.0,1.0,413.62,-12.24,[31.29],[8],0.0,8.0,weak,865
AVANTIFEED.NS,Avanti Feeds Limited,Packaged Foods,Consumer Defensive,Consumer Defensive,False,Cash,1,Stage 4,Stage 4,Stage 4 - Weak/Declining,0.72,Price is below long-term support with weak trend evidence.,,,2026-06-03,,-17.27,-48.2,182204397.78,0.73,0.49,0.64,True,True,"Stage 4, Stage 4 - Weak/Declining, volume_dryup, weekly_volume_dryup, downtrend",weekly_watchlist,0.0,1.0,849.38,-15.93,[25.97],[6],0.0,6.0,weak,866
CAMPUS.NS,Campus Activewear Limited,Consumer Cyclical,Consumer Cyclical,Consumer Cyclical,False,Cash,1,Stage 4,Stage 4,Stage 4 - Confirmed Downtrend,0.86,Price is below a bearish moving-average stack with falling trend signals.,,,,,-3.23,-11.08,69132699.17,0.61,1.38,0.66,True,True,"Stage 4, Stage 4 - Confirmed Downtrend, volume_dryup, weekly_volume_dryup, downtrend",weekly_watchlist,0.0,1.0,233.82,-10.75,[17.26],[8],0.0,8.0,weak,867
HCLTECH.NS,HCL Technologies Limited,Information Technology Services,Technology,Technology,True,F&O,1,Stage 4,Stage 4,Stage 4 - Weak/Declining,0.72,Price is below long-term support with weak trend evidence.,,,,,9.15,-12.41,3113827330.66,1.14,0.81,1.13,False,False,"Stage 4, Stage 4 - Weak/Declining, downtrend",weekly_watchlist,0.0,1.0,1379.8,-12.71,[13.34],[4],0.0,4.0,weak,868
TCS.NS,Tata Consultancy Services Limited,Information Technology Services,Technology,Technology,True,F&O,1,Stage 4,Stage 4,Stage 4 - Confirmed Downtrend,0.86,Price is below a bearish moving-average stack with falling trend signals.,,,,,6.69,-12.61,6570925582.68,0.96,0.82,0.95,False,False,"Stage 4, Stage 4 - Confirmed Downtrend, downtrend",weekly_watchlist,0.0,1.0,2403.5,-12.63,[19.56],[4],0.0,4.0,weak,869
TMPV.NS,Tata Motors Passenger Vehicles Limited,Auto Manufacturers,Consumer Cyclical,Consumer Cyclical,True,F&O,1,Stage 4,Stage 4,Stage 4 - Confirmed Downtrend,0.86,Price is below a bearish moving-average stack with falling trend signals.,,,,,-10.8,-15.76,3177839702.72,1.22,0.79,1.02,False,False,"Stage 4, Stage 4 - Confirmed Downtrend, downtrend",weekly_watchlist,0.0,1.0,353.82,-19.22,[21.35],[8],0.0,8.0,weak,870
MARUTI.NS,Maruti Suzuki India Limited,Auto Manufacturers,Consumer Cyclical,Consumer Cyclical,True,F&O,1,Stage 4,Stage 4,Stage 4 - Confirmed Downtrend,0.86,Price is below a bearish moving-average stack with falling trend signals.,,,,,-9.84,-13.51,4753626127.6,1.11,0.66,1.52,False,False,"Stage 4, Stage 4 - Confirmed Downtrend, downtrend",weekly_watchlist,0.0,1.0,14296.42,-18.69,[9.6],[2],0.0,2.0,weak,871
OLECTRA.NS,Olectra Greentech Limited,Farm & Heavy Construction Machinery,Industrials,Industrials,False,Cash,1,Stage 4,Stage 4,Stage 4 - Weak/Declining,0.72,Price is below long-term support with weak trend evidence.,,,2026-08-13,,-17.86,-8.21,441537941.34,1.3,0.56,0.9,False,True,"Stage 4, Stage 4 - Weak/Declining, weekly_volume_dryup, downtrend",weekly_watchlist,0.0,1.0,1371.3,-19.57,[16.63],[3],0.0,3.0,weak,872
WIPRO.NS,Wipro Limited,Information Technology Services,Technology,Technology,True,F&O,1,Stage 4,Stage 4,Stage 4 - Confirmed Downtrend,0.86,Price is below a bearish moving-average stack with falling trend signals.,,,,,-2.08,-18.52,3169921146.19,1.97,1.02,1.15,False,False,"Stage 4, Stage 4 - Confirmed Downtrend, downtrend",weekly_watchlist,0.0,1.0,184.82,-12.44,[19.91],[5],0.0,5.0,weak,873
HAPPSTMNDS.NS,Happiest Minds Technologies Limited,Information Technology Services,Technology,Technology,False,Cash,1,Stage 4,Stage 4,Stage 4 - Confirmed Downtrend,0.86,Price is below a bearish moving-average stack with falling trend signals.,,,,,-16.08,-17.22,185004319.41,0.23,0.16,0.19,True,True,"Stage 4, Stage 4 - Confirmed Downtrend, volume_dryup, weekly_volume_dryup, downtrend",weekly_watchlist,0.0,1.0,458.1,-33.78,[15.06],[4],0.0,4.0,weak,874
OBEROIRLTY.NS,Oberoi Realty Limited,Real Estate,Real Estate,Real Estate,True,F&O,1,Stage 2 Failed,Stage 3,Failed Stage 2,0.72,"This stock was recently Stage 2, but the latest structure no longer satisfies Stage 2 rules. It is kept as Stage 2 Failed until a fresh base/repair structure forms.",Recent Stage 2 break; public stage held as Stage 2 Failed.,2026-10-06,2026-09-28,,-1.75,7.03,767487904.01,0.95,0.52,0.87,False,True,"Stage 3, Stage 3 - Distribution/Damage, weekly_volume_dryup, distribution_risk | Stage 2 failed state applied from stage memory.",weekly_watchlist,0.0,1.0,1960.7,-10.65,[15.34],[4],0.0,4.0,weak,875
TIINDIA.NS,Tube Investments of India Limited,Conglomerates,Industrials,Industrials,True,F&O,1,Stage 4,Stage 4,Stage 4 - Weak/Declining,0.72,Price is below long-term support with weak trend evidence.,,,2026-08-28,,-11.74,-8.06,631734894.94,0.99,3.58,1.55,False,False,"Stage 4, Stage 4 - Weak/Declining, downtrend",weekly_watchlist,0.0,1.0,2994.23,-17.42,[20.08],[5],0.0,5.0,weak,876
GODREJIND.NS,Godrej Industries Limited,Conglomerates,Industrials,Industrials,False,Cash,1,Stage 2 Failed,Stage 4,Failed Stage 2,0.72,"This stock was recently Stage 2, but the latest structure no longer satisfies Stage 2 rules. It is kept as Stage 2 Failed until a fresh base/repair structure forms.",Recent Stage 2 break; public stage held as Stage 2 Failed.,2026-10-06,2026-09-16,,-9.66,17.98,95194441.63,0.72,0.4,0.52,True,True,"Stage 4, Stage 4, volume_dryup, weekly_volume_dryup, downtrend | Stage 2 failed state applied from stage memory.",weekly_watchlist,0.0,1.0,1355.27,-22.89,[20.28],[5],0.0,5.0,weak,877
3MINDIA.NS,3M India Limited,Conglomerates,Industrials,Industrials,False,Cash,1,Stage 4,Stage 4,Stage 4 - Weak/Declining,0.72,Price is below long-term support with weak trend evidence.,,,2026-08-28,,-4.03,-0.14,178971535.75,1.34,0.37,2.02,False,False,"Stage 4, Stage 4 - Weak/Declining, downtrend",weekly_watchlist,0.0,1.0,37365.28,-17.46,[24.45],[7],0.0,7.0,weak,878
FSL.NS,Firstsource Solutions Limited,Information Technology Services,Technology,Technology,False,Cash,1,Stage 4,Stage 4,Stage 4 - Weak/Declining,0.72,Price is below long-term support with weak trend evidence.,,,,,11.76,18.92,746389406.65,0.29,0.32,0.48,True,True,"Stage 4, Stage 4 - Weak/Declining, volume_dryup, weekly_volume_dryup, downtrend",weekly_watchlist,0.0,1.0,292.51,-11.03,[27.86],[5],0.0,5.0,weak,879
SOBHA.NS,Sobha Limited,Real Estate,Real Estate,Real Estate,False,Cash,1,Stage 4,Stage 4,Stage 4 - Confirmed Downtrend,0.86,Price is below a bearish moving-average stack with falling trend signals.,,,,,-14.03,-7.19,117329750.7,1.31,5.03,2.08,False,False,"Stage 4, Stage 4 - Confirmed Downtrend, downtrend",weekly_watchlist,0.0,1.0,1562.23,-23.78,[24.85],[8],0.0,8.0,weak,880
UJJIVANSFB.NS,Ujjivan Small Finance Bank Limited,Banks - Regional,Financial Services,Financial Services,False,Cash,1,Stage 2 Failed,Stage 3,Failed Stage 2,0.72,"This stock was recently Stage 2, but the latest structure no longer satisfies Stage 2 rules. It is kept as Stage 2 Failed until a fresh base/repair structure forms.",Recent Stage 2 break; public stage held as Stage 2 Failed.,2026-10-06,2026-10-05,,4.51,8.95,732747235.14,1.14,1.07,0.95,False,False,"Stage 3, Stage 3 - Transition, distribution_risk | Stage 2 failed state applied from stage memory.",weekly_watchlist,0.0,1.0,74.07,-11.99,[20.56],[3],0.0,3.0,weak,881
FIRSTCRY.NS,Brainbees Solutions Limited,Consumer Cyclical,Consumer Cyclical,Consumer Cyclical,False,Cash,1,Stage 4,Stage 4,Stage 4 - Confirmed Downtrend,0.86,Price is below a bearish moving-average stack with falling trend signals.,,,,,-8.09,-26.27,1562922527.73,2.36,0.31,0.73,False,True,"Stage 4, Stage 4 - Confirmed Downtrend, weekly_volume_dryup, downtrend",weekly_watchlist,0.0,1.0,222.89,-20.33,[26.58],[5],0.0,5.0,weak,882
BBTC.NS,The Bombay Burmah Trading Corporation Limited,Packaged Foods,Consumer Defensive,Consumer Defensive,False,Cash,1,Stage 4,Stage 4,Stage 4 - Confirmed Downtrend,0.86,Price is below a bearish moving-average stack with falling trend signals.,,,,,-8.71,-9.35,264774012.62,0.18,0.15,0.26,True,True,"Stage 4, Stage 4 - Confirmed Downtrend, volume_dryup, weekly_volume_dryup, downtrend",weekly_watchlist,0.0,1.0,1641.87,-20.93,[11.67],[4],0.0,4.0,weak,883
MMTC.NS,MMTC Limited,Conglomerates,Industrials,Industrials,False,Cash,1,Stage 4,Stage 4,Stage 4 - Confirmed Downtrend,0.86,Price is below a bearish moving-average stack with falling trend signals.,,,2026-07-13,,-7.8,-2.52,52920590.76,0.46,0.53,0.35,True,True,"Stage 4, Stage 4 - Confirmed Downtrend, volume_dryup, weekly_volume_dryup, downtrend",weekly_watchlist,0.0,1.0,67.7,-15.79,[23.55],[6],0.0,6.0,weak,884
EMBDL.NS,Embassy Developments Limited,Real Estate,Real Estate,Real Estate,False,Cash,1,Stage 4,Stage 4,Stage 4 - Weak/Declining,0.72,Price is below long-term support with weak trend evidence.,,,,,-8.82,15.02,140133941.52,0.73,0.46,0.55,True,True,"Stage 4, Stage 4 - Weak/Declining, volume_dryup, weekly_volume_dryup, downtrend",weekly_watchlist,0.0,1.0,69.72,-17.77,[23.56],[5],0.0,5.0,weak,885
IXIGO.NS,Le Travenues Technology Limited,Consumer Cyclical,Consumer Cyclical,Consumer Cyclical,False,Cash,1,Stage 4,Stage 4,Stage 4 - Confirmed Downtrend,0.86,Price is below a bearish moving-average stack with falling trend signals.,,,,,-16.96,-4.98,194177410.33,0.89,1.4,0.82,False,True,"Stage 4, Stage 4 - Confirmed Downtrend, weekly_volume_dryup, downtrend",weekly_watchlist,0.0,1.0,207.71,-22.91,[30.37],[8],0.0,8.0,weak,886
MHRIL.NS,Mahindra Holidays & Resorts India Limited,Consumer Cyclical,Consumer Cyclical,Consumer Cyclical,False,Cash,1,Stage 4,Stage 4,Stage 4 - Confirmed Downtrend,0.86,Price is below a bearish moving-average stack with falling trend signals.,,,,,-10.48,-22.19,22729501.99,0.72,0.33,0.58,True,True,"Stage 4, Stage 4 - Confirmed Downtrend, volume_dryup, weekly_volume_dryup, downtrend",weekly_watchlist,0.0,1.0,237.14,-17.05,[20.5],[6],0.0,6.0,weak,887
SAMHI.NS,Samhi Hotels Limited,Lodging,Consumer Cyclical,Consumer Cyclical,False,Cash,1,Stage 4,Stage 4,Stage 4 - Weak/Declining,0.72,Price is below long-term support with weak trend evidence.,,,,,-8.86,-3.44,270057554.94,0.56,0.58,0.5,True,True,"Stage 4, Stage 4 - Weak/Declining, volume_dryup, weekly_volume_dryup, downtrend",weekly_watchlist,0.0,1.0,172.5,-13.2,[14.17],[4],0.0,4.0,weak,888
GICRE.NS,General Insurance Corporation of India,Financial Services,Financial Services,Financial Services,False,Cash,1,Stage 4,Stage 4,Stage 4 - Confirmed Downtrend,0.86,Price is below a bearish moving-average stack with falling trend signals.,,,2026-06-15,,-5.95,-15.37,174390513.74,0.65,0.79,0.81,True,True,"Stage 4, Stage 4 - Confirmed Downtrend, volume_dryup, weekly_volume_dryup, downtrend",weekly_watchlist,0.8,0.8,363.08,-13.45,[17.05],[9],0.0,9.0,weak,889
BIRLACORPN.NS,Birla Corporation Limited,Building Materials,Basic Materials,Basic Materials,False,Cash,1,Stage 4,Stage 4,Stage 4 - Confirmed Downtrend,0.86,Price is below a bearish moving-average stack with falling trend signals.,,,,,-8.85,-13.07,46981381.51,0.92,3.9,1.17,False,False,"Stage 4, Stage 4 - Confirmed Downtrend, downtrend",weekly_watchlist,0.8,0.8,1040.27,-22.77,[23.93],[9],0.0,9.0,weak,890
FACT.NS,Fertilizers and Chemicals Travancore Limited,Agricultural Inputs,Basic Materials,Basic Materials,False,Cash,1,Stage 4,Stage 4,Stage 4 - Weak/Declining,0.72,Price is below long-term support with weak trend evidence.,,,2026-06-26,,-6.09,-10.66,156894496.54,0.18,0.1,0.25,True,True,"Stage 4, Stage 4 - Weak/Declining, volume_dryup, weekly_volume_dryup, downtrend",weekly_watchlist,0.8,0.8,921.61,-17.64,[27.17],[9],0.0,9.0,weak,891
AFCONS.NS,Afcons Infrastructure Limited,Engineering & Construction,Industrials,Industrials,False,Cash,1,Stage 4,Stage 4,Stage 4 - Confirmed Downtrend,0.86,Price is below a bearish moving-average stack with falling trend signals.,,,,,-14.33,-19.58,738520164.23,0.29,0.08,0.17,True,True,"Stage 4, Stage 4 - Confirmed Downtrend, volume_dryup, weekly_volume_dryup, downtrend",weekly_watchlist,0.8,0.8,305.08,-20.63,[24.7],[9],0.0,9.0,weak,892
KPIGREEN.NS,KPI Green Energy Limited,Utilities - Renewable,Utilities,Utilities,False,Cash,1,Stage 4,Stage 4,Stage 4 - Confirmed Downtrend,0.86,Price is below a bearish moving-average stack with falling trend signals.,,,,,-14.5,-20.73,1067826100.89,1.41,0.53,0.86,False,True,"Stage 4, Stage 4 - Confirmed Downtrend, weekly_volume_dryup, downtrend",weekly_watchlist,0.8,0.8,420.11,-22.21,[35.25],[9],0.0,9.0,weak,893
CARERATING.NS,CARE Ratings Limited,Financial Services,Financial Services,Financial Services,False,Cash,1,Stage 2 Failed,Stage 1,Failed Stage 2,0.72,"This stock was recently Stage 2, but the latest structure no longer satisfies Stage 2 rules. It is kept as Stage 2 Failed until a fresh base/repair structure forms.",Recent Stage 2 break; public stage held as Stage 2 Failed.,2026-10-06,2026-09-23,,1.53,3.27,65939810.1,0.96,0.67,0.94,False,False,"Stage 1, Stage 1 - Base/Repair, stage1_not_actionable, stage1_needs_more_base | Stage 2 failed state applied from stage memory.",weekly_watchlist,0.08,0.08,1812.17,-12.36,[10.51],[3],0.0,3.0,weak,894
ABSLAMC.NS,Aditya Birla Sun Life AMC Limited,Asset Management,Financial Services,Financial Services,False,Cash,1,Stage 2 Failed,Stage 3,Failed Stage 2,0.72,"This stock was recently Stage 2, but the latest structure no longer satisfies Stage 2 rules. It is kept as Stage 2 Failed until a fresh base/repair structure forms.",Recent Stage 2 break; public stage held as Stage 2 Failed.,2026-10-06,2026-09-18,,-5.11,3.29,206417602.56,0.8,1.01,1.01,True,False,"Stage 3, Stage 3 - Distribution/Damage, volume_dryup, distribution_risk | Stage 2 failed state applied from stage memory.",weekly_watchlist,0.0,0.0,1118.85,-9.76,[18.55],[4],0.0,4.0,weak,895
GLOBUSSPR.NS,Globus Spirits Limited,Consumer Defensive,Consumer Defensive,Consumer Defensive,False,Cash,1,Stage 4,Stage 4,Stage 4 - Confirmed Downtrend,0.86,Price is below a bearish moving-average stack with falling trend signals.,,,,,-6.53,-11.54,62269559.87,0.75,0.93,0.87,True,True,"Stage 4, Stage 4 - Confirmed Downtrend, volume_dryup, weekly_volume_dryup, downtrend",weekly_watchlist,0.0,0.0,922.89,-11.94,[28.25],[5],0.0,5.0,weak,896
TRIVENI.NS,Triveni Engineering & Industries Limited,Consumer Defensive,Consumer Defensive,Consumer Defensive,False,Cash,1,Stage 4,Stage 4,Stage 4 - Confirmed Downtrend,0.86,Price is below a bearish moving-average stack with falling trend signals.,,,2026-07-21,,-41.25,-35.66,166594955.88,0.61,1.08,0.67,True,True,"Stage 4, Stage 4 - Confirmed Downtrend, volume_dryup, weekly_volume_dryup, downtrend",weekly_watchlist,0.0,0.0,314.06,-22.95,[55.1],[2],0.0,2.0,weak,897
MASFIN.NS,MAS Financial Services Limited,Credit Services,Financial Services,Financial Services,False,Cash,1,Stage 4,Stage 4,Stage 4 - Confirmed Downtrend,0.86,Price is below a bearish moving-average stack with falling trend signals.,,,2026-07-13,,-12.38,-11.87,54047922.46,0.71,0.36,0.53,True,True,"Stage 4, Stage 4 - Confirmed Downtrend, volume_dryup, weekly_volume_dryup, downtrend",weekly_watchlist,0.0,0.0,310.2,-13.96,[19.16],[5],0.0,5.0,weak,898
NH.NS,Narayana Hrudayalaya Ltd.,Medical Care Facilities,Healthcare,Healthcare,False,Cash,1,Stage 2 Failed,Stage 4,Failed Stage 2,0.72,"This stock was recently Stage 2, but the latest structure no longer satisfies Stage 2 rules. It is kept as Stage 2 Failed until a fresh base/repair structure forms.",Recent Stage 2 break; public stage held as Stage 2 Failed.,2026-10-06,2026-09-23,,-8.69,-0.72,374556870.56,0.81,0.77,1.27,True,False,"Stage 4, Stage 4 - Weak/Declining, volume_dryup, downtrend | Stage 2 failed state applied from stage memory.",weekly_watchlist,0.0,0.0,1949.6,-11.58,[14.9],[3],0.0,3.0,weak,899
LICI.NS,Life Insurance Corporation Of India,Insurance - Life,Financial Services,Financial Services,True,F&O,1,Stage 4,Stage 4,Stage 4 - Weak/Declining,0.72,Price is below long-term support with weak trend evidence.,,,2026-08-03,,-7.34,0.17,2691622321.83,0.56,0.47,0.37,True,True,"Stage 4, Stage 4 - Weak/Declining, volume_dryup, weekly_volume_dryup, downtrend",weekly_watchlist,0.0,0.0,428.9,-9.07,[13.78],[3],0.0,3.0,weak,900
ATGL.NS,Adani Total Gas Limited,Utilities,Utilities,Utilities,False,Cash,1,Stage 4,Stage 4,Stage 4 - Weak/Declining,0.72,Price is below long-term support with weak trend evidence.,,,2026-08-10,,-11.38,2.15,1746024923.32,0.43,0.18,0.36,True,True,"Stage 4, Stage 4 - Weak/Declining, volume_dryup, weekly_volume_dryup, downtrend",weekly_watchlist,0.0,0.0,689.1,-14.61,[14.25],[3],0.0,3.0,weak,901
INOXGREEN.NS,Inox Green Energy Services Limited,Utilities - Renewable,Utilities,Utilities,False,Cash,1,Stage 4,Stage 4,Stage 4 - Confirmed Downtrend,0.86,Price is below a bearish moving-average stack with falling trend signals.,,,2026-07-07,,-18.88,-7.57,235883342.93,1.27,1.95,1.29,False,False,"Stage 4, Stage 4 - Confirmed Downtrend, downtrend",weekly_watchlist,0.0,0.0,202.93,-27.76,[24.38],[8],0.0,8.0,weak,902
LTF.NS,L&T Finance Limited,Credit Services,Financial Services,Financial Services,True,F&O,1,Stage 2 Failed,Stage 4,Failed Stage 2,0.72,"This stock was recently Stage 2, but the latest structure no longer satisfies Stage 2 rules. It is kept as Stage 2 Failed until a fresh base/repair structure forms.",Recent Stage 2 break; public stage held as Stage 2 Failed.,2026-10-06,2026-09-22,,-13.07,-1.69,1698201014.0,1.68,0.59,0.78,False,True,"Stage 4, Stage 4 - Weak/Declining, weekly_volume_dryup, downtrend | Stage 2 failed state applied from stage memory.",weekly_watchlist,0.0,0.0,327.87,-19.36,[12.24],[2],0.0,2.0,weak,903
SFL.NS,Sheela Foam Limited,"Furnishings, Fixtures & Appliances",Consumer Cyclical,Consumer Cyclical,False,Cash,1,Stage 3,Stage 3,Stage 3 - Distribution/Damage,0.76,"Prior strength exists, but short-term and/or weekly structure is deteriorating.",,,2026-08-31,,-12.53,18.91,201001179.07,0.51,0.34,0.48,True,True,"Stage 3, Stage 3 - Distribution/Damage, volume_dryup, weekly_volume_dryup, distribution_risk",weekly_watchlist,0.0,0.0,708.24,-11.98,[24.58],[4],0.0,4.0,weak,904
LT.NS,Larsen & Toubro Limited,Engineering & Construction,Industrials,Industrials,True,F&O,1,Stage 4,Stage 4,Stage 4 - Weak/Declining,0.72,Price is below long-term support with weak trend evidence.,,,2026-09-07,,0.18,-2.89,5979860778.63,1.12,1.41,1.21,False,False,"Stage 4, Stage 4 - Weak/Declining, downtrend",weekly_watchlist,0.0,0.0,4132.52,-8.77,[12.93],[4],0.0,4.0,weak,905
SBILIFE.NS,SBI Life Insurance Company Limited,Insurance - Life,Financial Services,Financial Services,True,F&O,1,Stage 4,Stage 4,Stage 4 - Confirmed Downtrend,0.86,Price is below a bearish moving-average stack with falling trend signals.,,,,,0.7,-8.17,2048365195.7,1.53,0.84,1.8,False,False,"Stage 4, Stage 4 - Confirmed Downtrend, downtrend",weekly_watchlist,0.0,0.0,1918.35,-8.78,[13.69],[6],0.0,6.0,weak,906
ADANIENSOL.NS,Adani Energy Solutions Limited,Utilities,Utilities,Utilities,True,F&O,1,Stage 3,Stage 3,Stage 3 - Distribution/Damage,0.76,"Prior strength exists, but short-term and/or weekly structure is deteriorating.",,,2026-09-07,,-13.74,15.71,2273118451.31,0.73,0.48,0.86,True,True,"Stage 3, Stage 3 - Distribution/Damage, volume_dryup, weekly_volume_dryup, distribution_risk",weekly_watchlist,0.0,0.0,1639.86,-17.67,[15.51],[2],0.0,2.0,weak,907
VEDL.NS,Vedanta Limited,Basic Materials,Basic Materials,Basic Materials,True,F&O,1,Stage 4,Stage 4,Stage 4 - Confirmed Downtrend,0.86,Price is below a bearish moving-average stack with falling trend signals.,,,,,2.08,-63.87,1878782172.3,0.78,1.81,0.82,True,True,"Stage 4, Stage 4 - Confirmed Downtrend, volume_dryup, weekly_volume_dryup, downtrend",weekly_watchlist,0.0,0.0,291.51,-8.89,[30.64],[7],0.0,7.0,weak,908
NAM-INDIA.NS,Nippon Life India Asset Management Limited,Asset Management,Financial Services,Financial Services,True,F&O,1,Stage 2 Failed,Stage 3,Failed Stage 2,0.72,"This stock was recently Stage 2, but the latest structure no longer satisfies Stage 2 rules. It is kept as Stage 2 Failed until a fresh base/repair structure forms.",Recent Stage 2 break; public stage held as Stage 2 Failed.,2026-10-06,2026-09-18,,-7.25,14.44,931338088.63,0.7,0.4,0.69,True,True,"Stage 3, Stage 3 - Distribution/Damage, volume_dryup, weekly_volume_dryup, distribution_risk | Stage 2 failed state applied from stage memory.",weekly_watchlist,0.0,0.0,1271.72,-15.59,[12.49],[3],0.0,3.0,weak,909
NIVABUPA.NS,Niva Bupa Health Insurance Company Limited,Insurance - Life,Financial Services,Financial Services,False,Cash,1,Stage 4,Stage 4,Stage 4 - Weak/Declining,0.72,Price is below long-term support with weak trend evidence.,,,2026-08-25,,-6.08,5.07,109548664.47,1.6,0.54,2.6,False,False,"Stage 4, Stage 4 - Weak/Declining, downtrend",weekly_watchlist,0.0,0.0,91.56,-16.38,[16.16],[7],0.0,7.0,weak,910
EIDPARRY.NS,EID Parry India Limited,Agricultural Inputs,Basic Materials,Basic Materials,False,Cash,1,Stage 4,Stage 4,Stage 4 - Confirmed Downtrend,0.86,Price is below a bearish moving-average stack with falling trend signals.,,,,,-2.04,-14.99,213652259.49,0.51,0.56,0.58,True,True,"Stage 4, Stage 4 - Confirmed Downtrend, volume_dryup, weekly_volume_dryup, downtrend",weekly_watchlist,0.0,0.0,866.91,-19.35,[23.6],[8],0.0,8.0,weak,911
RAINBOW.NS,Rainbow Childrens Medicare Limited,Medical Care Facilities,Healthcare,Healthcare,False,Cash,1,Stage 2 Failed,Stage 1,Failed Stage 2,0.72,"This stock was recently Stage 2, but the latest structure no longer satisfies Stage 2 rules. It is kept as Stage 2 Failed until a fresh base/repair structure forms.",Recent Stage 2 break; public stage held as Stage 2 Failed.,2026-10-06,2026-09-18,,-8.54,-0.07,203051607.76,1.76,0.98,1.9,False,False,"Stage 1, Stage 1 - Unclear/Repair, stage1_not_actionable, stage1_needs_more_base | Stage 2 failed state applied from stage memory.",weekly_watchlist,0.0,0.0,1507.63,-17.77,[12.46],[3],0.0,3.0,weak,912
AAVAS.NS,Aavas Financiers Limited,Mortgage Finance,Financial Services,Financial Services,False,Cash,1,Stage 4,Stage 4,Stage 4 - Confirmed Downtrend,0.86,Price is below a bearish moving-average stack with falling trend signals.,,,,,-14.65,-1.47,115043980.72,1.08,0.27,1.39,False,False,"Stage 4, Stage 4 - Confirmed Downtrend, downtrend",weekly_watchlist,0.0,0.0,1455.74,-16.53,[20.11],[6],0.0,6.0,weak,913
JLHL.NS,Jupiter Life Line Hospitals Limited,Medical Care Facilities,Healthcare,Healthcare,False,Cash,1,Stage 2 Failed,Stage 4,Failed Stage 2,0.72,"This stock was recently Stage 2, but the latest structure no longer satisfies Stage 2 rules. It is kept as Stage 2 Failed until a fresh base/repair structure forms.",Recent Stage 2 break; public stage held as Stage 2 Failed.,2026-10-06,2026-09-18,,-8.68,2.1,52178192.1,1.55,0.24,2.63,False,False,"Stage 4, Stage 4 - Weak/Declining, downtrend | Stage 2 failed state applied from stage memory.",weekly_watchlist,0.0,0.0,327.37,-22.46,[7.82],[5],0.0,5.0,weak,914
CERA.NS,Cera Sanitaryware Limited,Building Products & Equipment,Industrials,Industrials,False,Cash,1,Stage 4,Stage 4,Stage 4 - Weak/Declining,0.72,Price is below long-term support with weak trend evidence.,,,2026-08-28,,-14.23,0.14,42495093.02,1.18,0.34,0.84,False,True,"Stage 4, Stage 4 - Weak/Declining, weekly_volume_dryup, downtrend",weekly_watchlist,0.0,0.0,5948.89,-13.89,[13.56],[4],0.0,4.0,weak,915
TTKPRESTIG.NS,TTK Prestige Limited,"Furnishings, Fixtures & Appliances",Consumer Cyclical,Consumer Cyclical,False,Cash,1,Stage 4,Stage 4,Stage 4 - Weak/Declining,0.72,Price is below long-term support with weak trend evidence.,,,2026-08-18,,-11.04,11.56,39522843.85,0.24,0.31,0.37,True,True,"Stage 4, Stage 4 - Weak/Declining, volume_dryup, weekly_volume_dryup, downtrend",weekly_watchlist,0.0,0.0,615.78,-15.09,[31.05],[3],0.0,3.0,weak,916
PRSMJOHNSN.NS,Prism Johnson Limited,Building Materials,Basic Materials,Basic Materials,False,Cash,1,Stage 4,Stage 4,Stage 4 - Weak/Declining,0.72,Price is below long-term support with weak trend evidence.,,,,,-2.93,-15.66,41535377.52,0.14,0.54,0.2,True,True,"Stage 4, Stage 4 - Weak/Declining, volume_dryup, weekly_volume_dryup, downtrend",weekly_watchlist,0.0,0.0,118.48,-12.66,[18.15],[4],0.0,4.0,weak,917
LATENTVIEW.NS,Latent View Analytics Limited,Industrials,Industrials,Industrials,False,Cash,1,Stage 4,Stage 4,Stage 4 - Confirmed Downtrend,0.86,Price is below a bearish moving-average stack with falling trend signals.,,,,,-17.91,-18.46,115520828.72,0.67,0.53,0.45,True,True,"Stage 4, Stage 4 - Confirmed Downtrend, volume_dryup, weekly_volume_dryup, downtrend",weekly_watchlist,0.0,0.0,292.51,-20.25,[23.12],[6],0.0,6.0,weak,918
PNCINFRA.NS,PNC Infratech Limited,Engineering & Construction,Industrials,Industrials,False,Cash,1,Stage 4,Stage 4,Stage 4 - Confirmed Downtrend,0.86,Price is below a bearish moving-average stack with falling trend signals.,,,,,-37.68,-23.81,319101558.13,0.9,0.34,0.68,False,True,"Stage 4, Stage 4 - Confirmed Downtrend, weekly_volume_dryup, downtrend",weekly_watchlist,0.0,0.0,260.33,-46.71,[55.4],[6],0.0,6.0,weak,919
GOKEX.NS,Gokaldas Exports Limited,Apparel Manufacturing,Consumer Cyclical,Consumer Cyclical,False,Cash,1,Stage 4,Stage 4,Stage 4 - Weak/Declining,0.72,Price is below long-term support with weak trend evidence.,,,2026-08-20,,-13.27,1.73,204531213.69,1.2,1.44,1.22,False,False,"Stage 4, Stage 4 - Weak/Declining, downtrend",weekly_watchlist,0.0,0.0,824.89,-17.23,[17.18],[6],0.0,6.0,weak,920
RALLIS.NS,Rallis India Limited,Agricultural Inputs,Basic Materials,Basic Materials,False,Cash,1,Stage 4,Stage 4,Stage 4 - Confirmed Downtrend,0.86,Price is below a bearish moving-average stack with falling trend signals.,,,,,-7.93,-20.48,93878073.82,0.65,0.61,0.53,True,True,"Stage 4, Stage 4 - Confirmed Downtrend, volume_dryup, weekly_volume_dryup, downtrend",weekly_watchlist,0.0,0.0,227.47,-11.94,[27.78],[6],0.0,6.0,weak,921
BAJAJELEC.NS,Bajaj Electricals Limited,"Furnishings, Fixtures & Appliances",Consumer Cyclical,Consumer Cyclical,False,Cash,1,Stage 4,Stage 4,Stage 4 - Confirmed Downtrend,0.86,Price is below a bearish moving-average stack with falling trend signals.,,,,,-2.65,-16.57,34791248.12,0.28,0.79,0.36,True,True,"Stage 4, Stage 4 - Confirmed Downtrend, volume_dryup, weekly_volume_dryup, downtrend",weekly_watchlist,0.0,0.0,346.76,-13.41,[30.41],[5],0.0,5.0,weak,922
BANARISUG.NS,Bannari Amman Sugars Limited,Consumer Defensive,Consumer Defensive,Consumer Defensive,False,Cash,1,Stage 4,Stage 4,Stage 4 - Confirmed Downtrend,0.86,Price is below a bearish moving-average stack with falling trend signals.,,,2026-09-08,,1.27,-6.04,3865411.07,0.3,0.65,0.2,True,True,"Stage 4, Stage 4 - Confirmed Downtrend, volume_dryup, weekly_volume_dryup, downtrend",weekly_watchlist,0.0,0.0,4329.67,-22.64,[9.45],[8],0.0,8.0,weak,923
NACLIND.NS,NACL Industries Limited,Agricultural Inputs,Basic Materials,Basic Materials,False,Cash,1,Stage 4,Stage 4,Stage 4 - Weak/Declining,0.72,Price is below long-term support with weak trend evidence.,,,2026-07-13,,-37.12,-15.03,77648571.62,1.0,0.79,0.58,False,True,"Stage 4, Stage 4 - Weak/Declining, weekly_volume_dryup, downtrend",weekly_watchlist,0.0,0.0,185.73,-26.44,[32.65],[4],0.0,4.0,weak,924
NFL.NS,National Fertilizers Limited,Agricultural Inputs,Basic Materials,Basic Materials,False,Cash,1,Stage 4,Stage 4,Stage 4 - Confirmed Downtrend,0.86,Price is below a bearish moving-average stack with falling trend signals.,,,,,-6.02,-10.45,31701540.87,0.79,0.78,0.74,True,True,"Stage 4, Stage 4 - Confirmed Downtrend, volume_dryup, weekly_volume_dryup, downtrend",weekly_watchlist,0.0,0.0,74.38,-12.73,[13.57],[4],0.0,4.0,weak,925
INDOTHAI.NS,Indo Thai Securities Limited,Capital Markets,Financial Services,Financial Services,False,Cash,1,Stage 4,Stage 4,Stage 4 - Confirmed Downtrend,0.86,Price is below a bearish moving-average stack with falling trend signals.,,,,,-77.42,-85.76,84725830.44,0.53,0.16,0.37,True,True,"Stage 4, Stage 4 - Confirmed Downtrend, volume_dryup, weekly_volume_dryup, downtrend",weekly_watchlist,0.0,0.0,45.57,-14.9,[34.23],[4],0.0,4.0,weak,926
KNRCON.NS,KNR Constructions Limited,Engineering & Construction,Industrials,Industrials,False,Cash,1,Stage 4,Stage 4,Stage 4 - Confirmed Downtrend,0.86,Price is below a bearish moving-average stack with falling trend signals.,,,,,-5.57,-1.21,175214630.49,0.56,0.95,0.59,True,True,"Stage 4, Stage 4 - Confirmed Downtrend, volume_dryup, weekly_volume_dryup, downtrend",weekly_watchlist,0.0,0.0,145.28,-20.4,[20.85],[3],0.0,3.0,weak,927
BHAGCHEM.NS,Bhagiradha Chemicals & Industries Limited,Agricultural Inputs,Basic Materials,Basic Materials,False,Cash,1,Stage 2 Failed,Stage 4,Failed Stage 2,0.72,"This stock was recently Stage 2, but the latest structure no longer satisfies Stage 2 rules. It is kept as Stage 2 Failed until a fresh base/repair structure forms.",Recent Stage 2 break; public stage held as Stage 2 Failed.,2026-10-06,2026-09-15,,-12.91,5.46,19126524.03,0.77,1.37,0.86,True,True,"Stage 4, Stage 4, volume_dryup, weekly_volume_dryup, downtrend | Stage 2 failed state applied from stage memory.",weekly_watchlist,0.0,0.0,299.52,-19.9,[16.83],[2],0.0,2.0,weak,928
PSPPROJECT.NS,PSP Projects Limited,Engineering & Construction,Industrials,Industrials,False,Cash,1,Stage 4,Stage 4,Stage 4 - Weak/Declining,0.72,Price is below long-term support with weak trend evidence.,,,2026-09-03,,-24.16,14.36,44817787.21,0.98,0.56,0.83,False,True,"Stage 4, Stage 4 - Weak/Declining, weekly_volume_dryup, downtrend",weekly_watchlist,0.0,0.0,857.1,-11.12,[31.75],[7],0.0,7.0,weak,929
NITCO.NS,Nitco Limited,Building Products & Equipment,Industrials,Industrials,False,Cash,1,Stage 4,Stage 4,Stage 4 - Weak/Declining,0.72,Price is below long-term support with weak trend evidence.,,,2026-08-04,,-17.87,-1.42,46573393.84,0.62,0.16,0.77,True,True,"Stage 4, Stage 4 - Weak/Declining, volume_dryup, weekly_volume_dryup, downtrend",weekly_watchlist,0.0,0.0,109.9,-23.78,[25.33],[7],0.0,7.0,weak,930
