ticker,Company Name,Industry,sector,industry_group,is_fo_stock,fo_category,Include,stage,stage_raw,stage_variant,stage_confidence,stage_reason,stage_state_reason,stage_failed_since,last_stage2_date,stage_pending_raw,rs_3m_pct,rs_6m_pct,avg_turnover_inr,volume_dryup_ratio,breakout_volume_ratio,weekly_volume_ratio,volume_is_drying_up,weekly_volume_is_drying_up,notes,daily_setup_bucket,weekly_setup_bucket,combined_bucket,daily_score,weekly_score,combined_score,industry_boost,final_combined_score,current_rank
APARINDS.NS,Apar Industries Limited,Electrical Equipment & Parts,Industrials,Industrials,False,Cash,1,Stage 2,Stage 2,Extended Stage 2,0.78,"Advancing structure remains intact, but price is stretched versus key moving averages or far above the 52-week low.",,,2026-10-05,,33.23,63.49,2200942157.11,0.73,0.76,0.6,True,True,"Stage 2, Extended Stage 2, trend_template_ok, weekly_vcp_ok, volume_dryup, weekly_volume_dryup, weekly_strong",watchlist,weekly_near_pivot,watchlist,61.41,73.8,66.99,10.0,76.99,1
AUROPHARMA.NS,Aurobindo Pharma Limited,Drug Manufacturers - Specialty & Generic,Healthcare,Healthcare,True,F&O,1,Stage 2,Stage 2,Clean Stage 2,0.9,"Price is above rising key averages, weekly structure is supportive, and the stock is near its 52-week high.",,,2026-10-05,,12.82,27.18,1269579492.57,0.95,1.3,0.96,False,False,"Stage 2, Clean Stage 2, trend_template_ok, weekly_vcp_ok, weekly_strong",watchlist,weekly_near_pivot,watchlist,65.85,66.6,66.19,10.0,76.19,2
GNFC.NS,Gujarat Narmada Valley Fertilizers and Chemicals Limited,Chemicals,Basic Materials,Basic Materials,False,Cash,1,Stage 2,Stage 2,Clean Stage 2,0.9,"Price is above rising key averages, weekly structure is supportive, and the stock is near its 52-week high.",,,2026-10-05,,34.55,49.29,741360536.41,1.11,2.29,0.97,False,False,"Stage 2, Clean Stage 2, trend_template_ok, weekly_vcp_ok, weekly_strong",watchlist,weekly_breakout,watchlist,73.95,65.8,70.28,5.0,75.28,3
JSWINFRA.NS,JSW Infrastructure Limited,Marine Shipping,Industrials,Industrials,False,Cash,1,Stage 2,Stage 2,Clean Stage 2,0.9,"Price is above rising key averages, weekly structure is supportive, and the stock is near its 52-week high.",,,2026-10-05,,14.63,40.06,1646130965.2,0.8,0.61,0.6,True,True,"Stage 2, Clean Stage 2, trend_template_ok, weekly_vcp_ok, volume_dryup, weekly_volume_dryup, weekly_strong",watchlist,weekly_near_pivot,watchlist,58.59,68.07,62.86,10.0,72.86,4
KRN.NS,KRN Heat Exchanger and Refrigeration Limited,Electronic Components,Technology,Technology,False,Cash,1,Stage 2,Stage 2,Messy Stage 2,0.64,"Long-term structure is still constructive, but the short-term/weekly structure is not clean.",,,2026-10-05,,23.43,40.1,275937832.48,0.77,0.49,0.66,True,True,"Stage 2, Messy Stage 2, trend_template_ok, weekly_vcp_ok, volume_dryup, weekly_volume_dryup, weekly_strong",watchlist,weekly_forming,watchlist,60.47,64.15,62.13,10.0,72.13,5
AARTIDRUGS.NS,Aarti Drugs Limited,Drug Manufacturers - Specialty & Generic,Healthcare,Healthcare,False,Cash,1,Stage 2,Stage 2,Stage 2,0.76,Advancing structure detected.,,,2026-10-05,,13.09,21.59,79673604.08,1.28,0.75,1.18,False,False,"Stage 2, Stage 2, trend_template_ok, weekly_vcp_ok, weekly_strong",watchlist,weekly_near_pivot,watchlist,52.57,70.37,60.58,10.0,70.58,6
SYRMA.NS,Syrma SGS Technology Limited,Electronic Components,Technology,Technology,False,Cash,1,Stage 2,Stage 2,Extended Stage 2,0.78,"Advancing structure remains intact, but price is stretched versus key moving averages or far above the 52-week low.",,,2026-10-05,,21.69,95.04,3979139549.3,0.87,0.37,0.84,False,True,"Stage 2, Extended Stage 2, trend_template_ok, weekly_vcp_ok, weekly_volume_dryup, weekly_strong",watchlist,weekly_breakout,watchlist,57.02,63.8,60.07,10.0,70.07,7
SPLPETRO.NS,Supreme Petrochem Limited,Specialty Chemicals,Basic Materials,Basic Materials,False,Cash,1,Stage 2,Stage 2,Clean Stage 2,0.9,"Price is above rising key averages, weekly structure is supportive, and the stock is near its 52-week high.",,,2026-10-05,,17.59,14.71,225945813.72,1.01,0.41,0.59,False,True,"Stage 2, Clean Stage 2, trend_template_ok, weekly_vcp_ok, weekly_volume_dryup, weekly_strong",watchlist,weekly_breakout,watchlist,58.23,62.13,59.98,10.0,69.98,8
VSSL.NS,Vardhman Special Steels Limited,Steel,Basic Materials,Basic Materials,False,Cash,1,Stage 2,Stage 2,Clean Stage 2,0.9,"Price is above rising key averages, weekly structure is supportive, and the stock is near its 52-week high.",,,2026-10-05,,50.52,68.8,225693856.48,0.29,0.1,0.29,True,True,"Stage 2, Clean Stage 2, trend_template_ok, weekly_vcp_ok, volume_dryup, weekly_volume_dryup, weekly_strong",watchlist,weekly_breakout,watchlist,62.35,66.9,64.4,5.0,69.4,9
FOSECOIND.NS,Foseco India Limited,Chemicals,Basic Materials,Basic Materials,False,Cash,1,Stage 2,Stage 2,Clean Stage 2,0.9,"Price is above rising key averages, weekly structure is supportive, and the stock is near its 52-week high.",,,2026-10-05,,27.75,41.57,237753079.28,0.53,0.31,0.49,True,True,"Stage 2, Clean Stage 2, trend_template_ok, weekly_vcp_ok, volume_dryup, weekly_volume_dryup, weekly_strong",watchlist,weekly_breakout,watchlist,62.2,65.83,63.83,5.0,68.83,10
DIVISLAB.NS,Divi's Laboratories Limited,Drug Manufacturers - Specialty & Generic,Healthcare,Healthcare,True,F&O,1,Stage 2,Stage 2,Clean Stage 2,0.9,"Price is above rising key averages, weekly structure is supportive, and the stock is near its 52-week high.",,,2026-10-05,,44.91,57.62,4219750672.7,0.92,0.95,0.82,False,True,"Stage 2, Clean Stage 2, trend_template_ok, weekly_vcp_ok, weekly_volume_dryup, weekly_strong",watchlist,weekly_near_pivot,watchlist,46.43,73.8,58.75,10.0,68.75,11
JYOTICNC.NS,Jyoti CNC Automation Limited,Specialty Industrial Machinery,Industrials,Industrials,False,Cash,1,Stage 2,Stage 2,Early Stage 2,0.72,"Price has moved above long-term structure, but the full moving-average stack is not clean yet.",,,2026-10-05,,39.35,54.37,1111412731.25,0.51,0.5,0.32,True,True,"Stage 2, Early Stage 2, weekly_vcp_ok, volume_dryup, weekly_volume_dryup, weekly_strong",watchlist,weekly_near_pivot,watchlist,45.2,73.8,58.07,10.0,68.07,12
ACE.NS,Action Construction Equipment Limited,Farm & Heavy Construction Machinery,Industrials,Industrials,False,Cash,1,Stage 2,Stage 2,Clean Stage 2,0.9,"Price is above rising key averages, weekly structure is supportive, and the stock is near its 52-week high.",,,2026-10-05,,33.09,38.79,414472369.19,0.74,0.62,0.83,True,True,"Stage 2, Clean Stage 2, trend_template_ok, daily_vcp_ok, weekly_vcp_ok, volume_dryup, weekly_volume_dryup, weekly_strong",forming_vcp,weekly_breakout,watchlist,62.68,67.19,64.71,2.0,66.71,13
PTCIL.NS,PTC Industries Limited,Metal Fabrication,Industrials,Industrials,False,Cash,1,Stage 2,Stage 2,Clean Stage 2,0.9,"Price is above rising key averages, weekly structure is supportive, and the stock is near its 52-week high.",,,2026-10-05,,37.89,50.93,459536581.75,0.44,0.64,0.57,True,True,"Stage 2, Clean Stage 2, trend_template_ok, weekly_vcp_ok, volume_dryup, weekly_volume_dryup, weekly_strong",watchlist,weekly_near_pivot,watchlist,41.25,73.8,55.9,10.0,65.9,14
ROLEXRINGS.NS,Rolex Rings Limited,Metal Fabrication,Industrials,Industrials,False,Cash,1,Stage 2,Stage 2,Clean Stage 2,0.9,"Price is above rising key averages, weekly structure is supportive, and the stock is near its 52-week high.",,,2026-10-05,,36.38,43.62,394167118.13,0.79,1.31,0.64,True,True,"Stage 2, Clean Stage 2, trend_template_ok, weekly_vcp_ok, volume_dryup, weekly_volume_dryup, weekly_strong",watchlist,weekly_near_pivot,watchlist,40.58,73.8,55.53,10.0,65.53,15
INDGN.NS,Indegene Limited,Healthcare,Healthcare,Healthcare,False,Cash,1,Stage 2,Stage 2,Clean Stage 2,0.9,"Price is above rising key averages, weekly structure is supportive, and the stock is near its 52-week high.",,,2026-10-05,,25.39,23.0,290083409.49,0.99,0.2,0.95,False,False,"Stage 2, Clean Stage 2, trend_template_ok, weekly_vcp_ok, weekly_strong",watchlist,weekly_breakout,watchlist,57.73,62.64,59.94,5.0,64.94,16
FINEORG.NS,Fine Organic Industries Limited,Specialty Chemicals,Basic Materials,Basic Materials,False,Cash,1,Stage 2,Stage 2,Clean Stage 2,0.9,"Price is above rising key averages, weekly structure is supportive, and the stock is near its 52-week high.",,,2026-10-05,,18.4,21.85,119846329.9,0.84,3.38,1.1,True,False,"Stage 2, Clean Stage 2, trend_template_ok, weekly_vcp_ok, volume_dryup, weekly_strong",watchlist,weekly_breakout,watchlist,41.83,70.92,54.92,10.0,64.92,17
IOLCP.NS,IOL Chemicals and Pharmaceuticals Limited,Drug Manufacturers - Specialty & Generic,Healthcare,Healthcare,False,Cash,1,Stage 2,Stage 2,Extended Stage 2,0.78,"Advancing structure remains intact, but price is stretched versus key moving averages or far above the 52-week low.",,,2026-10-05,,30.26,157.49,672742913.99,0.67,0.87,0.73,True,True,"Stage 2, Extended Stage 2, trend_template_ok, weekly_vcp_ok, volume_dryup, weekly_volume_dryup, weekly_strong",watchlist,weekly_near_pivot,watchlist,39.01,73.8,54.67,10.0,64.67,18
AKUMS.NS,Akums Drugs and Pharmaceuticals Limited,Drug Manufacturers - Specialty & Generic,Healthcare,Healthcare,False,Cash,1,Stage 2,Stage 2,Clean Stage 2,0.9,"Price is above rising key averages, weekly structure is supportive, and the stock is near its 52-week high.",,,2026-10-05,,20.69,59.48,202907176.68,0.53,0.43,0.37,True,True,"Stage 2, Clean Stage 2, trend_template_ok, weekly_vcp_ok, volume_dryup, weekly_volume_dryup, weekly_strong",watchlist,weekly_near_pivot,watchlist,39.62,73.0,54.64,10.0,64.64,19
GRAPHITE.NS,Graphite India Limited,Electrical Equipment & Parts,Industrials,Industrials,False,Cash,1,Stage 2,Stage 2,Clean Stage 2,0.9,"Price is above rising key averages, weekly structure is supportive, and the stock is near its 52-week high.",,,2026-10-05,,45.1,35.8,3283341320.38,0.62,0.81,0.68,True,True,"Stage 2, Clean Stage 2, trend_template_ok, volume_dryup, weekly_volume_dryup",watchlist,weekly_watchlist,watchlist,63.03,44.2,54.56,10.0,64.56,20
MANINDS.NS,Man Industries (India) Limited,Steel,Basic Materials,Basic Materials,False,Cash,1,Stage 2,Stage 2,Extended Stage 2,0.78,"Advancing structure remains intact, but price is stretched versus key moving averages or far above the 52-week low.",,,2026-10-05,,65.18,98.79,1841005708.46,1.38,0.28,0.56,False,True,"Stage 2, Extended Stage 2, trend_template_ok, weekly_vcp_ok, weekly_volume_dryup, weekly_strong",watchlist,weekly_forming,watchlist,56.83,62.6,59.43,5.0,64.43,21
ANTHEM.NS,Anthem Biosciences Limited,Biotechnology,Healthcare,Healthcare,False,Cash,1,Stage 2,Stage 2,Messy Stage 2,0.64,"Long-term structure is still constructive, but the short-term/weekly structure is not clean.",,,2026-10-05,,22.6,23.13,697484084.5,0.55,0.8,0.47,True,True,"Stage 2, Messy Stage 2, trend_template_ok, weekly_vcp_ok, volume_dryup, weekly_volume_dryup, weekly_strong",watchlist,weekly_forming,watchlist,58.52,60.37,59.35,5.0,64.35,22
LAURUSLABS.NS,Laurus Labs Limited,Drug Manufacturers - Specialty & Generic,Healthcare,Healthcare,True,F&O,1,Stage 2,Stage 2,Extended Stage 2,0.78,"Advancing structure remains intact, but price is stretched versus key moving averages or far above the 52-week low.",,,2026-10-05,,37.94,89.48,3118172577.28,0.58,0.77,0.49,True,True,"Stage 2, Extended Stage 2, trend_template_ok, weekly_vcp_ok, volume_dryup, weekly_volume_dryup, weekly_strong",watchlist,weekly_near_pivot,watchlist,39.62,71.8,54.1,10.0,64.1,23
EDELWEISS.NS,Edelweiss Financial Services Limited,Financial Services,Financial Services,Financial Services,False,Cash,1,Stage 2,Stage 2,Clean Stage 2,0.9,"Price is above rising key averages, weekly structure is supportive, and the stock is near its 52-week high.",,,2026-10-05,,18.69,19.47,1017547367.82,0.85,0.3,0.64,False,True,"Stage 2, Clean Stage 2, trend_template_ok, weekly_vcp_ok, weekly_volume_dryup, weekly_strong",watchlist,weekly_breakout,watchlist,58.49,70.72,63.99,0.0,63.99,24
LXCHEM.NS,Laxmi Organic Industries Limited,Specialty Chemicals,Basic Materials,Basic Materials,False,Cash,1,Stage 2,Stage 2,Clean Stage 2,0.9,"Price is above rising key averages, weekly structure is supportive, and the stock is near its 52-week high.",,,2026-10-05,,26.28,46.69,234920431.09,1.06,4.14,1.05,False,False,"Stage 2, Clean Stage 2, trend_template_ok",watchlist,weekly_watchlist,watchlist,70.58,33.3,53.8,10.0,63.8,25
CARBORUNIV.NS,Carborundum Universal Limited,Conglomerates,Industrials,Industrials,False,Cash,1,Stage 2,Stage 2,Clean Stage 2,0.9,"Price is above rising key averages, weekly structure is supportive, and the stock is near its 52-week high.",,,2026-10-05,,21.41,42.96,780809493.44,1.93,0.79,0.95,False,False,"Stage 2, Clean Stage 2, trend_template_ok, weekly_vcp_ok, weekly_strong",watchlist,weekly_breakout,watchlist,59.2,64.24,61.47,2.0,63.47,26
ALIVUS.NS,Alivus Life Sciences Limited,Drug Manufacturers - Specialty & Generic,Healthcare,Healthcare,False,Cash,1,Stage 2,Stage 2,Clean Stage 2,0.9,"Price is above rising key averages, weekly structure is supportive, and the stock is near its 52-week high.",,,2026-10-05,,24.36,33.59,163419511.44,0.62,0.99,0.66,True,True,"Stage 2, Clean Stage 2, trend_template_ok, weekly_vcp_ok, volume_dryup, weekly_volume_dryup, weekly_strong",watchlist,weekly_near_pivot,watchlist,40.14,69.59,53.39,10.0,63.39,27
KINGFA.NS,Kingfa Science & Technology (India) Limited,Specialty Chemicals,Basic Materials,Basic Materials,False,Cash,1,Stage 2,Stage 2,Clean Stage 2,0.9,"Price is above rising key averages, weekly structure is supportive, and the stock is near its 52-week high.",,,2026-10-05,,42.69,62.79,108889491.53,0.83,1.74,1.01,True,False,"Stage 2, Clean Stage 2, trend_template_ok, weekly_vcp_ok, volume_dryup, weekly_strong",watchlist,weekly_breakout,watchlist,42.71,65.8,53.1,10.0,63.1,28
HARSHA.NS,Harsha Engineers International Limited,Tools & Accessories,Industrials,Industrials,False,Cash,1,Stage 2,Stage 2,Clean Stage 2,0.9,"Price is above rising key averages, weekly structure is supportive, and the stock is near its 52-week high.",,,2026-10-05,,15.08,31.13,81429558.29,0.95,0.44,0.88,False,True,"Stage 2, Clean Stage 2, trend_template_ok, weekly_vcp_ok, weekly_volume_dryup, weekly_strong",watchlist,weekly_near_pivot,watchlist,53.58,69.62,60.8,2.0,62.8,29
MTARTECH.NS,Mtar Technologies Limited,Specialty Industrial Machinery,Industrials,Industrials,False,Cash,1,Stage 2,Stage 2,Clean Stage 2,0.9,"Price is above rising key averages, weekly structure is supportive, and the stock is near its 52-week high.",,,2026-10-05,,15.87,85.76,933463378.38,1.07,0.83,1.45,False,False,"Stage 2, Clean Stage 2, trend_template_ok, weekly_vcp_ok, weekly_strong",watchlist,weekly_near_pivot,watchlist,35.62,73.8,52.8,10.0,62.8,30
WOCKPHARMA.NS,Wockhardt Limited,Drug Manufacturers - Specialty & Generic,Healthcare,Healthcare,False,Cash,1,Stage 2,Stage 2,Clean Stage 2,0.9,"Price is above rising key averages, weekly structure is supportive, and the stock is near its 52-week high.",,,2026-10-05,,24.83,60.49,2174273330.35,1.1,0.78,0.7,False,True,"Stage 2, Clean Stage 2, trend_template_ok, weekly_vcp_ok, weekly_volume_dryup, weekly_strong",watchlist,weekly_near_pivot,watchlist,35.62,73.0,52.44,10.0,62.44,31
SANATHAN.NS,Sanathan Textiles Limited,Textile Manufacturing,Consumer Cyclical,Consumer Cyclical,False,Cash,1,Stage 2,Stage 2,Clean Stage 2,0.9,"Price is above rising key averages, weekly structure is supportive, and the stock is near its 52-week high.",,,2026-10-05,,23.15,20.49,85232143.76,1.81,0.32,0.78,False,True,"Stage 2, Clean Stage 2, trend_template_ok, weekly_vcp_ok, weekly_volume_dryup, weekly_strong",watchlist,weekly_breakout,watchlist,36.99,71.26,52.41,10.0,62.41,32
ENGINERSIN.NS,Engineers India Limited,Engineering & Construction,Industrials,Industrials,False,Cash,1,Stage 2,Stage 2,Extended Stage 2,0.78,"Advancing structure remains intact, but price is stretched versus key moving averages or far above the 52-week low.",,,2026-10-05,,36.44,46.03,1794883783.81,1.35,0.73,0.83,False,True,"Stage 2, Extended Stage 2, trend_template_ok, weekly_vcp_ok, weekly_volume_dryup, weekly_strong",watchlist,weekly_breakout,watchlist,60.1,65.0,62.31,0.0,62.31,33
PETRONET.NS,Petronet LNG Limited,Oil & Gas Refining & Marketing,Energy,Energy,True,F&O,1,Stage 2 Failed,Stage 2,Failed Stage 2,0.7,Failed Stage 2 cooling period is still active; waiting for a fresh base or confirmed reclaim.,Failed Stage 2 hold period active.,,2026-09-28,,11.97,11.99,522908443.51,1.26,3.08,1.76,False,False,"Stage 2, Early Stage 2, weekly_vcp_ok, weekly_strong | Failed Stage 2 hold period active.",watchlist,weekly_near_pivot,watchlist,46.3,70.4,57.15,5.0,62.15,34
ICIL.NS,Indo Count Industries Limited,Textile Manufacturing,Consumer Cyclical,Consumer Cyclical,False,Cash,1,Stage 2,Stage 2,Clean Stage 2,0.9,"Price is above rising key averages, weekly structure is supportive, and the stock is near its 52-week high.",,,2026-10-05,,17.24,91.95,252272997.82,0.55,1.54,0.53,True,True,"Stage 2, Clean Stage 2, trend_template_ok, volume_dryup, weekly_volume_dryup",watchlist,weekly_watchlist,watchlist,63.98,36.4,51.57,10.0,61.57,35
SHILPAMED.NS,Shilpa Medicare Limited,Drug Manufacturers - Specialty & Generic,Healthcare,Healthcare,False,Cash,1,Stage 2,Stage 2,Extended Stage 2,0.78,"Advancing structure remains intact, but price is stretched versus key moving averages or far above the 52-week low.",,,2026-10-05,,77.28,156.58,870215679.63,0.39,0.51,0.46,True,True,"Stage 2, Extended Stage 2, trend_template_ok, weekly_vcp_ok, volume_dryup, weekly_volume_dryup, weekly_strong",watchlist,weekly_breakout,watchlist,39.88,65.8,51.54,10.0,61.54,36
SAIL.NS,Steel Authority of India Limited,Steel,Basic Materials,Basic Materials,True,F&O,1,Stage 2,Stage 2,Messy Stage 2,0.64,"Long-term structure is still constructive, but the short-term/weekly structure is not clean.",,,2026-10-05,,12.06,8.31,2432238915.06,0.92,0.95,0.72,False,True,"Stage 2, Messy Stage 2, trend_template_ok, weekly_vcp_ok, weekly_volume_dryup, weekly_strong",watchlist,weekly_forming,watchlist,53.6,59.84,56.41,5.0,61.41,37
PITTIENG.NS,Pitti Engineering Limited,Metal Fabrication,Industrials,Industrials,False,Cash,1,Stage 2,Stage 2,Clean Stage 2,0.9,"Price is above rising key averages, weekly structure is supportive, and the stock is near its 52-week high.",,,2026-10-05,,26.29,41.55,205011462.09,0.48,0.35,0.34,True,True,"Stage 2, Clean Stage 2, trend_template_ok, weekly_vcp_ok, volume_dryup, weekly_volume_dryup, weekly_strong",watchlist,weekly_forming,watchlist,39.75,64.58,50.92,10.0,60.92,38
HAPPYFORGE.NS,Happy Forgings Limited,Metal Fabrication,Industrials,Industrials,False,Cash,1,Stage 2,Stage 2,Extended Stage 2,0.78,"Advancing structure remains intact, but price is stretched versus key moving averages or far above the 52-week low.",,,2026-10-05,,30.68,54.57,168214613.78,0.85,2.27,0.92,False,False,"Stage 2, Extended Stage 2, daily_vcp_ok, weekly_vcp_ok, weekly_strong",watchlist,weekly_forming,watchlist,38.56,65.8,50.82,10.0,60.82,39
HAL.NS,Hindustan Aeronautics Limited,Aerospace & Defense,Industrials,Industrials,True,F&O,1,Stage 2,Stage 2,Early Stage 2,0.72,"Price has moved above long-term structure, but the full moving-average stack is not clean yet.",,,2026-10-05,,11.71,18.54,3321612428.85,0.72,1.31,0.75,True,True,"Stage 2, Early Stage 2, weekly_vcp_ok, volume_dryup, weekly_volume_dryup, weekly_strong",watchlist,weekly_near_pivot,watchlist,35.94,68.82,50.74,10.0,60.74,40
JAMNAAUTO.NS,Jamna Auto Industries Limited,Auto Parts,Consumer Cyclical,Consumer Cyclical,False,Cash,1,Stage 2,Stage 2,Early Stage 2,0.72,"Price has moved above long-term structure, but the full moving-average stack is not clean yet.",,,2026-10-05,,11.82,17.75,426847453.56,1.49,2.57,1.04,False,False,"Stage 2, Early Stage 2, weekly_vcp_ok, weekly_strong",watchlist,weekly_near_pivot,watchlist,44.06,69.86,55.67,5.0,60.67,41
UNIMECH.NS,Unimech Aerospace and Manufacturing Limited,Aerospace & Defense,Industrials,Industrials,False,Cash,1,Stage 2,Stage 2,Extended Stage 2,0.78,"Advancing structure remains intact, but price is stretched versus key moving averages or far above the 52-week low.",,,2026-10-05,,62.7,119.49,523007022.38,0.92,1.01,0.96,False,False,"Stage 2, Extended Stage 2, trend_template_ok, weekly_vcp_ok, weekly_strong",watchlist,weekly_breakout,watchlist,37.45,65.8,50.21,10.0,60.21,42
KMEW.NS,Knowledge Marine & Engineering Works Limited,Marine Shipping,Industrials,Industrials,False,Cash,1,Stage 2,Stage 2,Extended Stage 2,0.78,"Advancing structure remains intact, but price is stretched versus key moving averages or far above the 52-week low.",,,2026-10-05,,37.36,85.1,388964418.98,1.27,2.24,1.19,False,False,"Stage 2, Extended Stage 2, trend_template_ok",watchlist,weekly_watchlist,watchlist,65.95,30.4,49.95,10.0,59.95,43
BHEL.NS,Bharat Heavy Electricals Limited,Specialty Industrial Machinery,Industrials,Industrials,True,F&O,1,Stage 2,Stage 2,Clean Stage 2,0.9,"Price is above rising key averages, weekly structure is supportive, and the stock is near its 52-week high.",,,2026-10-05,,19.36,58.41,3066858021.51,1.15,3.48,1.48,False,False,"Stage 2, Clean Stage 2, trend_template_ok",watchlist,weekly_watchlist,watchlist,66.0,30.18,49.88,10.0,59.88,44
QPOWER.NS,Quality Power Electrical Equipments Limited,Electrical Equipment & Parts,Industrials,Industrials,False,Cash,1,Stage 2,Stage 2,Extended Stage 2,0.78,"Advancing structure remains intact, but price is stretched versus key moving averages or far above the 52-week low.",,,2026-10-05,,47.56,72.36,492631384.78,1.05,1.0,1.19,False,False,"Stage 2, Extended Stage 2, trend_template_ok, weekly_vcp_ok, weekly_strong",watchlist,weekly_breakout,watchlist,35.88,65.8,49.34,10.0,59.34,45
STAR.NS,Strides Pharma Science Limited,Drug Manufacturers - Specialty & Generic,Healthcare,Healthcare,False,Cash,1,Stage 2,Stage 2,Stage 2,0.76,Advancing structure detected.,,,2026-10-05,,6.28,10.22,304290937.94,0.5,0.41,0.61,True,True,"Stage 2, Stage 2, trend_template_ok, weekly_vcp_ok, volume_dryup, weekly_volume_dryup, weekly_strong",watchlist,weekly_near_pivot,watchlist,34.42,67.45,49.28,10.0,59.28,46
INDHOTEL.NS,The Indian Hotels Company Limited,Lodging,Consumer Cyclical,Consumer Cyclical,True,F&O,1,Stage 2,Stage 2,Stage 2,0.76,Advancing structure detected.,,,2026-10-05,,5.25,16.08,2282806966.16,2.12,0.91,3.7,False,False,"Stage 2, Stage 2, weekly_vcp_ok, weekly_strong",watchlist,weekly_near_pivot,watchlist,48.23,67.93,57.1,2.0,59.1,47
VOLTAMP.NS,Voltamp Transformers Limited,Electrical Equipment & Parts,Industrials,Industrials,False,Cash,1,Stage 2,Stage 2,Early Stage 2,0.72,"Price has moved above long-term structure, but the full moving-average stack is not clean yet.",,,2026-10-05,,16.05,13.42,152368583.4,0.25,0.4,0.26,True,True,"Stage 2, Early Stage 2, weekly_vcp_ok, volume_dryup, weekly_volume_dryup, weekly_strong",watchlist,weekly_forming,watchlist,38.14,61.85,48.81,10.0,58.81,48
ENTERO.NS,Entero Healthcare Solutions Limited,Healthcare,Healthcare,Healthcare,False,Cash,1,Stage 2,Stage 2,Clean Stage 2,0.9,"Price is above rising key averages, weekly structure is supportive, and the stock is near its 52-week high.",,,2026-10-05,,51.47,49.11,390538939.17,0.49,0.17,0.36,True,True,"Stage 2, Clean Stage 2, trend_template_ok, weekly_vcp_ok, volume_dryup, weekly_volume_dryup, weekly_strong",watchlist,weekly_breakout,watchlist,43.0,66.9,53.76,5.0,58.76,49
LMW.NS,LMW Limited,Specialty Industrial Machinery,Industrials,Industrials,False,Cash,1,Stage 2,Stage 2,Early Stage 2,0.72,"Price has moved above long-term structure, but the full moving-average stack is not clean yet.",,,2026-10-05,,11.93,25.26,73478921.0,0.47,0.76,0.48,True,True,"Stage 2, Early Stage 2, daily_vcp_ok, weekly_vcp_ok, volume_dryup, weekly_volume_dryup, weekly_strong",watchlist,weekly_forming,watchlist,37.67,61.52,48.4,10.0,58.4,50
SMLMAH.NS,SML Mahindra Limited,Auto Manufacturers,Consumer Cyclical,Consumer Cyclical,False,Cash,1,Stage 2,Stage 2,Extended Stage 2,0.78,"Advancing structure remains intact, but price is stretched versus key moving averages or far above the 52-week low.",,,2026-10-05,,55.0,49.51,379372750.43,0.29,0.62,0.28,True,True,"Stage 2, Extended Stage 2, trend_template_ok, weekly_vcp_ok, volume_dryup, weekly_volume_dryup, weekly_strong",watchlist,weekly_breakout,watchlist,41.52,73.8,56.05,2.0,58.05,51
STEELCAS.NS,Steelcast Limited,Steel,Basic Materials,Basic Materials,False,Cash,1,Stage 2,Stage 2,Clean Stage 2,0.9,"Price is above rising key averages, weekly structure is supportive, and the stock is near its 52-week high.",,,2026-10-05,,25.89,36.65,90275002.94,2.32,0.44,1.1,False,False,"Stage 2, Clean Stage 2, trend_template_ok, weekly_vcp_ok, weekly_strong",watchlist,weekly_breakout,watchlist,37.12,72.05,52.84,5.0,57.84,52
KSL.NS,Kalyani Steels Limited,Steel,Basic Materials,Basic Materials,False,Cash,1,Stage 2,Stage 2,Clean Stage 2,0.9,"Price is above rising key averages, weekly structure is supportive, and the stock is near its 52-week high.",,,2026-10-05,,6.79,46.02,158761231.38,1.4,0.44,0.96,False,False,"Stage 2, Clean Stage 2, trend_template_ok, weekly_vcp_ok, weekly_strong",watchlist,weekly_near_pivot,watchlist,37.66,71.08,52.7,5.0,57.7,53
APLLTD.NS,Alembic Pharmaceuticals Limited,Drug Manufacturers - Specialty & Generic,Healthcare,Healthcare,False,Cash,1,Stage 2 Failed,Stage 2,Failed Stage 2,0.7,Failed Stage 2 cooling period is still active; waiting for a fresh base or confirmed reclaim.,Failed Stage 2 hold period active.,,2026-09-30,,8.27,17.74,196866996.74,1.54,0.72,1.83,False,False,"Stage 2, Early Stage 2, weekly_vcp_ok, weekly_strong | Failed Stage 2 hold period active.",watchlist,weekly_breakout,watchlist,35.92,61.5,47.43,10.0,57.43,54
HFCL.NS,HFCL Limited,Communication Equipment,Technology,Technology,False,Cash,1,Stage 2,Stage 2,Extended Stage 2,0.78,"Advancing structure remains intact, but price is stretched versus key moving averages or far above the 52-week low.",,,2026-10-05,,25.7,206.68,1436904831.59,0.47,0.77,0.56,True,True,"Stage 2, Extended Stage 2, trend_template_ok, volume_dryup, weekly_volume_dryup",watchlist,weekly_watchlist,watchlist,60.08,31.6,47.26,10.0,57.26,55
SHARDAMOTR.NS,Sharda Motor Industries Limited,Auto Parts,Consumer Cyclical,Consumer Cyclical,False,Cash,1,Stage 2,Stage 2,Early Stage 2,0.72,"Price has moved above long-term structure, but the full moving-average stack is not clean yet.",,,2026-10-05,,14.97,16.13,75163844.48,0.81,0.41,0.49,True,True,"Stage 2, Early Stage 2, weekly_vcp_ok, volume_dryup, weekly_volume_dryup, weekly_strong",watchlist,weekly_near_pivot,watchlist,36.08,71.11,51.84,5.0,56.84,56
REDINGTON.NS,Redington Limited,Information Technology Services,Technology,Technology,False,Cash,1,Stage 2,Stage 2,Extended Stage 2,0.78,"Advancing structure remains intact, but price is stretched versus key moving averages or far above the 52-week low.",,,2026-10-05,,49.32,90.55,2169377457.73,0.46,0.36,0.46,True,True,"Stage 2, Extended Stage 2, trend_template_ok, weekly_vcp_ok, volume_dryup, weekly_volume_dryup, weekly_strong",watchlist,weekly_near_pivot,watchlist,39.75,73.0,54.71,2.0,56.71,57
RPGLIFE.NS,RPG Life Sciences Limited,Drug Manufacturers - Specialty & Generic,Healthcare,Healthcare,False,Cash,1,Stage 2,Stage 2,Clean Stage 2,0.9,"Price is above rising key averages, weekly structure is supportive, and the stock is near its 52-week high.",,,2026-10-05,,15.03,58.32,119339332.85,2.32,0.46,1.74,False,False,"Stage 2, Clean Stage 2, trend_template_ok",watchlist,weekly_watchlist,watchlist,57.22,33.34,46.47,10.0,56.47,58
FLUOROCHEM.NS,Gujarat Fluorochemicals Limited,Specialty Chemicals,Basic Materials,Basic Materials,False,Cash,1,Stage 2,Stage 2,Early Stage 2,0.72,"Price has moved above long-term structure, but the full moving-average stack is not clean yet.",,,2026-10-05,,20.84,37.85,461882040.2,0.47,1.58,0.66,True,True,"Stage 2, Early Stage 2, weekly_vcp_ok, volume_dryup, weekly_volume_dryup, weekly_strong",watchlist,weekly_near_pivot,watchlist,24.55,72.77,46.25,10.0,56.25,59
GLAND.NS,Gland Pharma Limited,Drug Manufacturers - Specialty & Generic,Healthcare,Healthcare,False,Cash,1,Stage 2,Stage 2,Clean Stage 2,0.9,"Price is above rising key averages, weekly structure is supportive, and the stock is near its 52-week high.",,,2026-10-05,,27.28,74.72,1329458021.11,0.49,0.73,0.7,True,True,"Stage 2, Clean Stage 2, trend_template_ok, volume_dryup, weekly_volume_dryup",watchlist,weekly_watchlist,watchlist,58.08,31.6,46.16,10.0,56.16,60
NAZARA.NS,Nazara Technologies Limited,Communication Services,Communication Services,Communication Services,False,Cash,1,Stage 2,Stage 2,Clean Stage 2,0.9,"Price is above rising key averages, weekly structure is supportive, and the stock is near its 52-week high.",,,2026-10-05,,29.57,51.25,547483333.73,0.75,0.4,0.77,True,True,"Stage 2, Clean Stage 2, trend_template_ok, weekly_vcp_ok, volume_dryup, weekly_volume_dryup, weekly_strong",watchlist,weekly_breakout,watchlist,39.14,65.8,51.14,5.0,56.14,61
BOSCHLTD.NS,Bosch Limited,Auto Parts,Consumer Cyclical,Consumer Cyclical,True,F&O,1,Stage 2,Stage 2,Early Stage 2,0.72,"Price has moved above long-term structure, but the full moving-average stack is not clean yet.",,,2026-10-05,,11.9,24.02,1110191067.0,0.6,0.77,0.8,True,True,"Stage 2, Early Stage 2, daily_vcp_ok, weekly_vcp_ok, volume_dryup, weekly_volume_dryup, weekly_strong",watchlist,weekly_forming,watchlist,42.04,61.39,50.75,5.0,55.75,62
STLTECH.NS,Sterlite Technologies Limited,Communication Equipment,Technology,Technology,False,Cash,1,Stage 2,Stage 2,Extended Stage 2,0.78,"Advancing structure remains intact, but price is stretched versus key moving averages or far above the 52-week low.",,,2026-10-05,,91.85,319.61,1936546069.88,1.15,1.88,1.51,False,False,"Stage 2, Extended Stage 2, trend_template_ok",watchlist,weekly_watchlist,watchlist,60.36,27.2,45.44,10.0,55.44,63
TATVA.NS,Tatva Chintan Pharma Chem Limited,Specialty Chemicals,Basic Materials,Basic Materials,False,Cash,1,Stage 2,Stage 2,Clean Stage 2,0.9,"Price is above rising key averages, weekly structure is supportive, and the stock is near its 52-week high.",,,2026-10-05,,46.33,55.2,125149733.62,1.26,2.12,0.87,False,True,"Stage 2, Clean Stage 2, trend_template_ok, weekly_volume_dryup",watchlist,weekly_watchlist,watchlist,53.5,35.2,45.27,10.0,55.27,64
BEML.NS,BEML Limited,Conglomerates,Industrials,Industrials,False,Cash,1,Stage 2,Stage 2,Clean Stage 2,0.9,"Price is above rising key averages, weekly structure is supportive, and the stock is near its 52-week high.",,,2026-10-05,,17.74,27.71,732978543.03,0.45,0.5,0.46,True,True,"Stage 2, Clean Stage 2, trend_template_ok, weekly_vcp_ok, volume_dryup, weekly_volume_dryup, weekly_strong",watchlist,weekly_breakout,watchlist,38.3,71.45,53.22,2.0,55.22,65
WELCORP.NS,Welspun Corp Limited,Steel,Basic Materials,Basic Materials,False,Cash,1,Stage 2,Stage 2,Extended Stage 2,0.78,"Advancing structure remains intact, but price is stretched versus key moving averages or far above the 52-week low.",,,2026-10-05,,69.64,166.35,5454122025.39,0.84,0.82,0.78,True,True,"Stage 2, Extended Stage 2, trend_template_ok, weekly_vcp_ok, volume_dryup, weekly_volume_dryup, weekly_strong",watchlist,weekly_forming,watchlist,37.48,65.8,50.22,5.0,55.22,66
JKPAPER.NS,JK Paper Limited,Basic Materials,Basic Materials,Basic Materials,False,Cash,1,Stage 2,Stage 2,Early Stage 2,0.72,"Price has moved above long-term structure, but the full moving-average stack is not clean yet.",,,2026-10-05,,16.39,16.23,170570625.37,0.51,0.6,0.53,True,True,"Stage 2, Early Stage 2, weekly_vcp_ok, volume_dryup, weekly_volume_dryup, weekly_strong",watchlist,weekly_near_pivot,watchlist,42.46,70.16,54.92,0.0,54.92,67
MAHLOG.NS,Mahindra Logistics Limited,Industrials,Industrials,Industrials,False,Cash,1,Stage 2,Stage 2,Clean Stage 2,0.9,"Price is above rising key averages, weekly structure is supportive, and the stock is near its 52-week high.",,,2026-10-05,,12.03,8.58,84803216.63,1.75,0.51,1.32,False,False,"Stage 2, Clean Stage 2, trend_template_ok, weekly_vcp_ok",watchlist,weekly_near_pivot,watchlist,55.26,54.16,54.77,0.0,54.77,68
CARTRADE.NS,Cartrade Tech Limited,Consumer Cyclical,Consumer Cyclical,Consumer Cyclical,False,Cash,1,Stage 2,Stage 2,Early Stage 2,0.72,"Price has moved above long-term structure, but the full moving-average stack is not clean yet.",,,2026-10-05,,8.25,60.68,739134772.48,0.62,0.39,0.38,True,True,"Stage 2, Early Stage 2, weekly_vcp_ok, volume_dryup, weekly_volume_dryup, weekly_strong",watchlist,weekly_forming,watchlist,42.77,64.69,52.63,2.0,54.63,69
OPTIEMUS.NS,Optiemus Infracom Limited,Technology,Technology,Technology,False,Cash,1,Stage 2,Stage 2,Extended Stage 2,0.78,"Advancing structure remains intact, but price is stretched versus key moving averages or far above the 52-week low.",,,2026-10-05,,69.11,139.64,1622838505.79,2.99,10.16,3.37,False,False,"Stage 2, Extended Stage 2, trend_template_ok",watchlist,weekly_watchlist,watchlist,59.83,24.8,44.07,10.0,54.07,70
RKFORGE.NS,Ramkrishna Forgings Limited,Metal Fabrication,Industrials,Industrials,False,Cash,1,Stage 2,Stage 2,Clean Stage 2,0.9,"Price is above rising key averages, weekly structure is supportive, and the stock is near its 52-week high.",,,2026-10-05,,35.3,35.72,391818652.53,0.59,1.54,0.57,True,True,"Stage 2, Clean Stage 2, trend_template_ok, volume_dryup, weekly_volume_dryup",watchlist,weekly_watchlist,watchlist,53.66,31.9,43.87,10.0,53.87,71
KPIL.NS,Kalpataru Projects International Limited,Engineering & Construction,Industrials,Industrials,False,Cash,1,Stage 2,Stage 2,Clean Stage 2,0.9,"Price is above rising key averages, weekly structure is supportive, and the stock is near its 52-week high.",,,2026-10-05,,12.16,24.48,232980326.45,0.79,4.47,1.04,True,False,"Stage 2, Clean Stage 2, trend_template_ok, daily_vcp_ok, volume_dryup",near_pivot,weekly_watchlist,watchlist,73.59,29.66,53.82,0.0,53.82,72
HERITGFOOD.NS,Heritage Foods Limited,Packaged Foods,Consumer Defensive,Consumer Defensive,False,Cash,1,Stage 2,Stage 2,Early Stage 2,0.72,"Price has moved above long-term structure, but the full moving-average stack is not clean yet.",,,2026-10-05,,26.17,22.65,228450319.02,0.4,0.4,0.36,True,True,"Stage 2, Early Stage 2, daily_vcp_ok, weekly_vcp_ok, volume_dryup, weekly_volume_dryup, weekly_strong",watchlist,weekly_near_pivot,watchlist,39.98,66.28,51.81,2.0,53.81,73
UFLEX.NS,UFLEX Limited,Consumer Cyclical,Consumer Cyclical,Consumer Cyclical,False,Cash,1,Stage 2,Stage 2,Clean Stage 2,0.9,"Price is above rising key averages, weekly structure is supportive, and the stock is near its 52-week high.",,,2026-10-05,,52.32,70.96,91198144.7,0.32,0.23,0.31,True,True,"Stage 2, Clean Stage 2, trend_template_ok, weekly_vcp_ok, volume_dryup, weekly_volume_dryup, weekly_strong",watchlist,weekly_forming,watchlist,40.25,65.8,51.75,2.0,53.75,74
JASH.NS,Jash Engineering Limited,Specialty Industrial Machinery,Industrials,Industrials,False,Cash,1,Stage 2,Stage 2,Clean Stage 2,0.9,"Price is above rising key averages, weekly structure is supportive, and the stock is near its 52-week high.",,,2026-10-05,,16.53,48.89,624181155.26,0.75,0.23,0.77,True,True,"Stage 2, Clean Stage 2, trend_template_ok, volume_dryup, weekly_volume_dryup",watchlist,weekly_watchlist,watchlist,53.65,30.54,43.25,10.0,53.25,75
HATSUN.NS,Hatsun Agro Product Limited,Packaged Foods,Consumer Defensive,Consumer Defensive,False,Cash,1,Stage 2,Stage 2,Clean Stage 2,0.9,"Price is above rising key averages, weekly structure is supportive, and the stock is near its 52-week high.",,,2026-10-05,,31.96,26.59,103556169.68,0.29,0.24,0.24,True,True,"Stage 2, Clean Stage 2, trend_template_ok, weekly_vcp_ok, volume_dryup, weekly_volume_dryup, weekly_strong",watchlist,weekly_breakout,watchlist,40.1,64.75,51.19,2.0,53.19,76
SUNFLAG.NS,Sunflag Iron And Steel Company Limited,Steel,Basic Materials,Basic Materials,False,Cash,1,Stage 2,Stage 2,Extended Stage 2,0.78,"Advancing structure remains intact, but price is stretched versus key moving averages or far above the 52-week low.",,,2026-10-05,,38.97,85.09,326566513.23,3.2,1.29,1.27,False,False,"Stage 2, Extended Stage 2, trend_template_ok",watchlist,weekly_watchlist,watchlist,60.37,33.2,48.14,5.0,53.14,77
JTLIND.NS,JTL INDUSTRIES LIMITED,Steel,Basic Materials,Basic Materials,False,Cash,1,Stage 2,Stage 2,Messy Stage 2,0.64,"Long-term structure is still constructive, but the short-term/weekly structure is not clean.",,,2026-10-05,,13.1,32.46,227268295.8,0.83,0.98,0.59,True,True,"Stage 2, Messy Stage 2, trend_template_ok, weekly_vcp_ok, volume_dryup, weekly_volume_dryup, weekly_strong",watchlist,weekly_forming,watchlist,36.5,62.36,48.14,5.0,53.14,78
VENUSPIPES.NS,Venus Pipes & Tubes Limited,Steel,Basic Materials,Basic Materials,False,Cash,1,Stage 2,Stage 2,Extended Stage 2,0.78,"Advancing structure remains intact, but price is stretched versus key moving averages or far above the 52-week low.",,,2026-10-05,,28.9,88.21,721354215.9,0.7,0.29,0.64,True,True,"Stage 2, Extended Stage 2, trend_template_ok, volume_dryup, weekly_volume_dryup",watchlist,weekly_watchlist,watchlist,57.83,35.2,47.65,5.0,52.65,79
RRKABEL.NS,R R Kabel Limited,Electrical Equipment & Parts,Industrials,Industrials,False,Cash,1,Stage 2,Stage 2,Extended Stage 2,0.78,"Advancing structure remains intact, but price is stretched versus key moving averages or far above the 52-week low.",,,2026-10-05,,31.05,101.09,895562562.06,0.66,1.79,0.86,True,True,"Stage 2, Extended Stage 2, trend_template_ok, volume_dryup, weekly_volume_dryup",watchlist,weekly_watchlist,watchlist,43.65,41.2,42.55,10.0,52.55,80
AJAXENGG.NS,Ajax Engineering Limited,Farm & Heavy Construction Machinery,Industrials,Industrials,False,Cash,1,Stage 2,Stage 2,Stage 2,0.76,Advancing structure detected.,,,2026-10-05,,14.05,26.72,95951386.14,2.4,0.39,0.67,False,True,"Stage 2, Stage 2, weekly_vcp_ok, weekly_volume_dryup, weekly_strong",watchlist,weekly_near_pivot,watchlist,33.57,70.98,50.4,2.0,52.4,81
SIEMENS.NS,Siemens Limited,Specialty Industrial Machinery,Industrials,Industrials,True,F&O,1,Stage 2,Stage 2,Early Stage 2,0.72,"Price has moved above long-term structure, but the full moving-average stack is not clean yet.",,,2026-10-05,,15.4,16.67,867583897.1,0.53,0.83,0.49,True,True,"Stage 2, Early Stage 2, weekly_vcp_ok, volume_dryup, weekly_volume_dryup, weekly_strong",watchlist,weekly_near_pivot,watchlist,20.21,69.01,42.17,10.0,52.17,82
INOXINDIA.NS,INOX India Limited,Specialty Industrial Machinery,Industrials,Industrials,False,Cash,1,Stage 2,Stage 2,Messy Stage 2,0.64,"Long-term structure is still constructive, but the short-term/weekly structure is not clean.",,,2026-10-05,,9.65,48.17,661161771.27,0.79,0.72,0.86,True,True,"Stage 2, Messy Stage 2, trend_template_ok, daily_vcp_ok, volume_dryup, weekly_volume_dryup",forming_vcp,weekly_watchlist,watchlist,59.15,21.38,42.15,10.0,52.15,83
KAJARIACER.NS,Kajaria Ceramics Limited,Building Products & Equipment,Industrials,Industrials,False,Cash,1,Stage 2,Stage 2,Stage 2,0.76,Advancing structure detected.,,,2026-10-05,,6.85,12.3,587117656.44,2.33,0.98,4.38,False,False,"Stage 2, Stage 2, weekly_vcp_ok, weekly_strong",watchlist,weekly_near_pivot,watchlist,39.32,67.72,52.1,0.0,52.1,84
GMMPFAUDLR.NS,GMM Pfaudler Limited,Specialty Industrial Machinery,Industrials,Industrials,False,Cash,1,Stage 2,Stage 2,Extended Stage 2,0.78,"Advancing structure remains intact, but price is stretched versus key moving averages or far above the 52-week low.",,,2026-10-05,,91.27,57.32,687647182.33,0.6,0.51,0.61,True,True,"Stage 2, Extended Stage 2, weekly_vcp_ok, volume_dryup, weekly_volume_dryup, weekly_strong",watchlist,weekly_breakout,watchlist,21.72,66.9,42.05,10.0,52.05,85
CAPLIPOINT.NS,Caplin Point Laboratories Limited,Drug Manufacturers - Specialty & Generic,Healthcare,Healthcare,False,Cash,1,Stage 2,Stage 2,Clean Stage 2,0.9,"Price is above rising key averages, weekly structure is supportive, and the stock is near its 52-week high.",,,2026-10-05,,7.01,62.64,535368714.96,1.23,0.43,0.67,False,True,"Stage 2, Clean Stage 2, trend_template_ok, weekly_volume_dryup",watchlist,weekly_watchlist,watchlist,56.83,23.77,41.95,10.0,51.95,86
FMGOETZE.NS,Federal-Mogul Goetze (India) Limited.,Auto Parts,Consumer Cyclical,Consumer Cyclical,False,Cash,1,Stage 2,Stage 2,Messy Stage 2,0.64,"Long-term structure is still constructive, but the short-term/weekly structure is not clean.",,,2026-10-05,,22.49,21.64,113727090.44,0.11,0.03,0.1,True,True,"Stage 2, Messy Stage 2, trend_template_ok, weekly_vcp_ok, volume_dryup, weekly_volume_dryup, weekly_strong",watchlist,weekly_forming,watchlist,33.54,63.31,46.94,5.0,51.94,87
CRISIL.NS,CRISIL Limited,Financial Services,Financial Services,Financial Services,False,Cash,1,Stage 2,Stage 2,Early Stage 2,0.72,"Price has moved above long-term structure, but the full moving-average stack is not clean yet.",,,2026-10-05,,21.73,16.66,195167994.14,0.87,0.19,0.58,False,True,"Stage 2, Early Stage 2, daily_vcp_ok, weekly_vcp_ok, weekly_volume_dryup, weekly_strong",watchlist,weekly_near_pivot,watchlist,37.32,69.64,51.86,0.0,51.86,88
GRWRHITECH.NS,Garware Hi-Tech Films Limited,Specialty Chemicals,Basic Materials,Basic Materials,False,Cash,1,Stage 2 Failed,Stage 2,Failed Stage 2,0.7,Failed Stage 2 cooling period is still active; waiting for a fresh base or confirmed reclaim.,Failed Stage 2 hold period active.,,2026-09-30,,7.43,91.58,351977833.84,0.94,1.46,0.94,False,False,"Stage 2, Stage 2, weekly_vcp_ok, weekly_strong | Failed Stage 2 hold period active.",watchlist,weekly_forming,watchlist,22.18,65.8,41.81,10.0,51.81,89
SOLARINDS.NS,Solar Industries India Limited,Specialty Chemicals,Basic Materials,Basic Materials,True,F&O,1,Stage 2,Stage 2,Stage 2,0.76,Advancing structure detected.,,,2026-10-05,,20.18,43.54,5023691819.65,1.11,0.8,1.09,False,False,"Stage 2, Stage 2, trend_template_ok",watchlist,weekly_watchlist,watchlist,57.48,21.97,41.5,10.0,51.5,90
MCX.NS,Multi Commodity Exchange of India Limited,Financial Services,Financial Services,Financial Services,True,F&O,1,Stage 2,Stage 2,Clean Stage 2,0.9,"Price is above rising key averages, weekly structure is supportive, and the stock is near its 52-week high.",,,2026-10-05,,24.39,20.81,5571461050.97,0.86,0.83,0.64,False,True,"Stage 2, Clean Stage 2, trend_template_ok, weekly_vcp_ok, weekly_volume_dryup, weekly_strong",watchlist,weekly_near_pivot,watchlist,36.45,69.52,51.33,0.0,51.33,91
MANORAMA.NS,Manorama Industries Limited,Packaged Foods,Consumer Defensive,Consumer Defensive,False,Cash,1,Stage 2,Stage 2,Clean Stage 2,0.9,"Price is above rising key averages, weekly structure is supportive, and the stock is near its 52-week high.",,,2026-10-05,,28.52,54.31,303794452.2,0.34,0.96,0.43,True,True,"Stage 2, Clean Stage 2, trend_template_ok, weekly_vcp_ok, volume_dryup, weekly_volume_dryup",watchlist,weekly_near_pivot,watchlist,40.5,60.1,49.32,2.0,51.32,92
BALRAMCHIN.NS,Balrampur Chini Mills Limited,Consumer Defensive,Consumer Defensive,Consumer Defensive,False,Cash,1,Stage 2,Stage 2,Clean Stage 2,0.9,"Price is above rising key averages, weekly structure is supportive, and the stock is near its 52-week high.",,,2026-10-05,,26.57,46.22,814729763.98,0.38,0.65,0.3,True,True,"Stage 2, Clean Stage 2, trend_template_ok, weekly_vcp_ok, volume_dryup, weekly_volume_dryup, weekly_strong",watchlist,weekly_forming,watchlist,40.0,65.08,51.29,0.0,51.29,93
MAXESTATES.NS,Max Estates Limited,Real Estate,Real Estate,Real Estate,False,Cash,1,Stage 2,Stage 2,Clean Stage 2,0.9,"Price is above rising key averages, weekly structure is supportive, and the stock is near its 52-week high.",,,2026-10-05,,35.5,57.31,110022931.81,0.99,0.39,0.41,False,True,"Stage 2, Clean Stage 2, trend_template_ok, weekly_vcp_ok, weekly_volume_dryup, weekly_strong",watchlist,weekly_breakout,watchlist,35.77,65.8,49.28,2.0,51.28,94
UNIVCABLES.NS,Universal Cables Limited,Electrical Equipment & Parts,Industrials,Industrials,False,Cash,1,Stage 2,Stage 2,Extended Stage 2,0.78,"Advancing structure remains intact, but price is stretched versus key moving averages or far above the 52-week low.",,,2026-10-05,,51.07,114.86,165025170.78,0.62,3.1,0.78,True,True,"Stage 2, Extended Stage 2, trend_template_ok, volume_dryup, weekly_volume_dryup",watchlist,weekly_watchlist,watchlist,47.05,34.0,41.18,10.0,51.18,95
PAYTM.NS,One 97 Communications Limited,Software - Infrastructure,Technology,Technology,True,F&O,1,Stage 2,Stage 2,Clean Stage 2,0.9,"Price is above rising key averages, weekly structure is supportive, and the stock is near its 52-week high.",,,2026-10-05,,30.88,53.9,7045697106.21,0.65,0.52,0.4,True,True,"Stage 2, Clean Stage 2, trend_template_ok, weekly_vcp_ok, volume_dryup, weekly_volume_dryup, weekly_strong",watchlist,weekly_breakout,watchlist,39.17,65.8,51.15,0.0,51.15,96
IPCALAB.NS,IPCA Laboratories Limited,Drug Manufacturers - Specialty & Generic,Healthcare,Healthcare,False,Cash,1,Stage 2,Stage 2,Clean Stage 2,0.9,"Price is above rising key averages, weekly structure is supportive, and the stock is near its 52-week high.",,,2026-10-05,,14.9,34.9,480300690.42,0.56,1.1,0.66,True,True,"Stage 2, Clean Stage 2, trend_template_ok, volume_dryup, weekly_volume_dryup",watchlist,weekly_watchlist,watchlist,50.39,29.78,41.12,10.0,51.12,97
NEULANDLAB.NS,Neuland Laboratories Limited,Drug Manufacturers - Specialty & Generic,Healthcare,Healthcare,False,Cash,1,Stage 2,Stage 2,Early Stage 2,0.72,"Price has moved above long-term structure, but the full moving-average stack is not clean yet.",,,2026-10-05,,16.93,47.62,1144188407.25,0.72,1.39,0.93,True,False,"Stage 2, Early Stage 2, weekly_vcp_ok, volume_dryup, weekly_strong",watchlist,weekly_forming,watchlist,22.06,64.25,41.05,10.0,51.05,98
BLACKBUCK.NS,BLACKBUCK LIMITED,Software - Application,Technology,Technology,False,Cash,1,Stage 2,Stage 2,Early Stage 2,0.72,"Price has moved above long-term structure, but the full moving-average stack is not clean yet.",,,2026-10-05,,10.77,3.97,561752313.51,0.97,0.7,0.73,False,True,"Stage 2, Early Stage 2, weekly_vcp_ok, weekly_volume_dryup, weekly_strong",watchlist,weekly_near_pivot,watchlist,28.64,67.27,46.02,5.0,51.02,99
PNBHOUSING.NS,PNB Housing Finance Limited,Mortgage Finance,Financial Services,Financial Services,True,F&O,1,Stage 2,Stage 2,Early Stage 2,0.72,"Price has moved above long-term structure, but the full moving-average stack is not clean yet.",,,2026-10-05,,4.64,32.02,995396585.02,0.74,0.6,0.69,True,True,"Stage 2, Early Stage 2, daily_vcp_ok, weekly_vcp_ok, volume_dryup, weekly_volume_dryup, weekly_strong",watchlist,weekly_forming,watchlist,42.35,61.47,50.95,0.0,50.95,100
RAYMOND.NS,Raymond Limited,Specialty Industrial Machinery,Industrials,Industrials,False,Cash,1,Stage 2,Stage 2,Extended Stage 2,0.78,"Advancing structure remains intact, but price is stretched versus key moving averages or far above the 52-week low.",,,2026-10-05,,109.52,226.65,5553450875.3,0.91,0.41,0.45,False,True,"Stage 2, Extended Stage 2, trend_template_ok, weekly_volume_dryup",watchlist,weekly_watchlist,watchlist,56.13,22.4,40.95,10.0,50.95,101
PFOCUS.NS,Prime Focus Limited,Communication Services,Communication Services,Communication Services,False,Cash,1,Stage 2,Stage 2,Early Stage 2,0.72,"Price has moved above long-term structure, but the full moving-average stack is not clean yet.",,,2026-10-05,,18.66,-12.45,1055665702.86,2.0,1.74,1.78,False,False,"Stage 2, Early Stage 2, weekly_vcp_ok, weekly_strong",watchlist,weekly_near_pivot,watchlist,28.89,66.42,45.78,5.0,50.78,102
SMSPHARMA.NS,SMS Pharmaceuticals Limited,Drug Manufacturers - General,Healthcare,Healthcare,False,Cash,1,Stage 2,Stage 2,Clean Stage 2,0.9,"Price is above rising key averages, weekly structure is supportive, and the stock is near its 52-week high.",,,2026-10-05,,20.74,14.72,631518116.58,0.82,0.22,0.59,True,True,"Stage 2, Clean Stage 2, trend_template_ok, volume_dryup, weekly_volume_dryup",watchlist,weekly_watchlist,watchlist,58.58,29.55,45.52,5.0,50.52,103
LTFOODS.NS,LT Foods Limited,Packaged Foods,Consumer Defensive,Consumer Defensive,False,Cash,1,Stage 2 Failed,Stage 2,Failed Stage 2,0.7,Failed Stage 2 cooling period is still active; waiting for a fresh base or confirmed reclaim.,Failed Stage 2 hold period active.,,2026-09-28,,9.97,0.52,178054026.0,0.26,0.15,0.29,True,True,"Stage 2, Early Stage 2, daily_vcp_ok, weekly_vcp_ok, volume_dryup, weekly_volume_dryup, weekly_strong | Failed Stage 2 hold period active.",watchlist,weekly_forming,watchlist,39.91,58.85,48.43,2.0,50.43,104
AGARWALEYE.NS,Dr. Agarwal's Health Care Limited,Healthcare,Healthcare,Healthcare,False,Cash,1,Stage 2,Stage 2,Early Stage 2,0.72,"Price has moved above long-term structure, but the full moving-average stack is not clean yet.",,,2026-10-05,,6.51,15.55,141473636.38,0.25,0.52,0.27,True,True,"Stage 2, Early Stage 2, weekly_vcp_ok, volume_dryup, weekly_volume_dryup, weekly_strong",watchlist,weekly_forming,watchlist,33.36,60.01,45.35,5.0,50.35,105
WSTCSTPAPR.NS,West Coast Paper Mills Limited,Basic Materials,Basic Materials,Basic Materials,False,Cash,1,Stage 2,Stage 2,Extended Stage 2,0.78,"Advancing structure remains intact, but price is stretched versus key moving averages or far above the 52-week low.",,,2026-10-05,,42.88,65.91,175182588.26,0.62,0.96,0.71,True,True,"Stage 2, Extended Stage 2, trend_template_ok, volume_dryup, weekly_volume_dryup",watchlist,weekly_watchlist,watchlist,66.66,30.4,50.34,0.0,50.34,106
MRPL.NS,Mangalore Refinery and Petrochemicals Limited,Oil & Gas Refining & Marketing,Energy,Energy,False,Cash,1,Stage 2 Failed,Stage 2,Failed Stage 2,0.7,Failed Stage 2 cooling period is still active; waiting for a fresh base or confirmed reclaim.,Failed Stage 2 hold period active.,,2026-09-29,,12.16,3.1,2138422229.71,1.03,0.98,1.2,False,False,"Stage 2, Stage 2, weekly_vcp_ok, weekly_strong | Failed Stage 2 hold period active.",watchlist,weekly_forming,watchlist,32.63,60.43,45.14,5.0,50.14,107
PRUDENT.NS,Prudent Corporate Advisory Services Limited,Asset Management,Financial Services,Financial Services,False,Cash,1,Stage 2,Stage 2,Early Stage 2,0.72,"Price has moved above long-term structure, but the full moving-average stack is not clean yet.",,,2026-10-05,,13.02,37.54,91657651.11,0.78,0.41,0.83,True,True,"Stage 2, Early Stage 2, weekly_vcp_ok, volume_dryup, weekly_volume_dryup, weekly_strong",watchlist,weekly_forming,watchlist,38.65,63.96,50.04,0.0,50.04,108
KOTAKBANK.NS,Kotak Mahindra Bank Limited,Banks - Regional,Financial Services,Financial Services,True,F&O,1,Stage 2 Failed,Stage 2,Failed Stage 2,0.7,Failed Stage 2 cooling period is still active; waiting for a fresh base or confirmed reclaim.,Failed Stage 2 hold period active.,,2026-09-29,,19.35,16.35,7669448343.97,1.86,2.47,3.08,False,False,"Stage 2, Early Stage 2, weekly_vcp_ok, weekly_strong | Failed Stage 2 hold period active.",watchlist,weekly_breakout,watchlist,30.57,69.37,48.03,2.0,50.03,109
GAIL.NS,GAIL (India) Limited,Utilities,Utilities,Utilities,True,F&O,1,Stage 2,Stage 2,Messy Stage 2,0.64,"Long-term structure is still constructive, but the short-term/weekly structure is not clean.",,,2026-10-05,,3.97,13.11,1056203820.93,0.87,1.07,0.82,False,True,"Stage 2, Messy Stage 2, daily_vcp_ok, weekly_vcp_ok, weekly_volume_dryup, weekly_strong",watchlist,weekly_near_pivot,watchlist,35.51,67.51,49.91,0.0,49.91,110
CUB.NS,City Union Bank Limited,Banks - Regional,Financial Services,Financial Services,False,Cash,1,Stage 2,Stage 2,Early Stage 2,0.72,"Price has moved above long-term structure, but the full moving-average stack is not clean yet.",,,2026-10-05,,3.11,21.55,485088291.26,1.02,0.53,0.97,False,False,"Stage 2, Early Stage 2, weekly_vcp_ok, weekly_strong",watchlist,weekly_forming,watchlist,37.67,60.27,47.84,2.0,49.84,111
IIFLCAPS.NS,IIFL Capital Services Limited,Capital Markets,Financial Services,Financial Services,False,Cash,1,Stage 2,Stage 2,Early Stage 2,0.72,"Price has moved above long-term structure, but the full moving-average stack is not clean yet.",,,2026-10-05,,6.6,21.44,205785172.02,1.82,0.3,1.41,False,False,"Stage 2, Early Stage 2, weekly_vcp_ok, weekly_strong",watchlist,weekly_near_pivot,watchlist,34.46,68.6,49.82,0.0,49.82,112
PARAS.NS,Paras Defence and Space Technologies Limited,Aerospace & Defense,Industrials,Industrials,False,Cash,1,Stage 2,Stage 2,Early Stage 2,0.72,"Price has moved above long-term structure, but the full moving-average stack is not clean yet.",,,2026-10-05,,13.46,95.22,1127114466.8,0.5,0.69,0.52,True,True,"Stage 2, Early Stage 2, weekly_vcp_ok, volume_dryup, weekly_volume_dryup, weekly_strong",watchlist,weekly_forming,watchlist,18.45,65.8,39.76,10.0,49.76,113
BBOX.NS,Black Box Limited,Software - Application,Technology,Technology,False,Cash,1,Not Sure,Stage 2,Pending Stage 2,0.55,Stage 2 pending confirmation: needs 3 raw Stage 2 runs; current count 1.,Stage 2 pending confirmation: needs 3 raw Stage 2 runs; current count 1.,,2026-07-21,Stage 2,-5.34,61.43,562886807.28,1.39,2.03,1.87,False,False,"Stage 2, Messy Stage 2 | Stage 2 pending confirmation: needs 3 raw Stage 2 runs; current count 1.",watchlist,weekly_watchlist,watchlist,48.7,39.61,44.61,5.0,49.61,114
RPTECH.NS,Rashi Peripherals Limited,Technology,Technology,Technology,False,Cash,1,Stage 2,Stage 2,Extended Stage 2,0.78,"Advancing structure remains intact, but price is stretched versus key moving averages or far above the 52-week low.",,,2026-10-05,,27.88,138.13,345280567.39,0.88,0.35,1.12,False,False,"Stage 2, Extended Stage 2, trend_template_ok",watchlist,weekly_watchlist,watchlist,40.94,37.6,39.44,10.0,49.44,115
FINCABLES.NS,Finolex Cables Limited,Electrical Equipment & Parts,Industrials,Industrials,False,Cash,1,Stage 2,Stage 2,Extended Stage 2,0.78,"Advancing structure remains intact, but price is stretched versus key moving averages or far above the 52-week low.",,,2026-10-05,,46.47,75.95,1569922992.03,0.48,0.52,0.41,True,True,"Stage 2, Extended Stage 2, trend_template_ok, volume_dryup, weekly_volume_dryup",watchlist,weekly_watchlist,watchlist,40.88,37.6,39.4,10.0,49.4,116
KIRIINDUS.NS,Kiri Industries Limited,Specialty Chemicals,Basic Materials,Basic Materials,False,Cash,1,Stage 2,Stage 2,Early Stage 2,0.72,"Price has moved above long-term structure, but the full moving-average stack is not clean yet.",,,2026-10-05,,50.09,41.56,392206444.89,0.56,0.57,0.36,True,True,"Stage 2, Early Stage 2, weekly_vcp_ok, volume_dryup, weekly_volume_dryup, weekly_strong",watchlist,weekly_breakout,watchlist,16.88,66.9,39.39,10.0,49.39,117
SAMBHV.NS,Sambhv Steel Tubes Limited,Steel,Basic Materials,Basic Materials,False,Cash,1,Stage 2,Stage 2,Extended Stage 2,0.78,"Advancing structure remains intact, but price is stretched versus key moving averages or far above the 52-week low.",,,2026-10-05,,41.33,41.37,1140499172.27,1.06,0.29,0.82,False,True,"Stage 2, Extended Stage 2, trend_template_ok, weekly_volume_dryup",watchlist,weekly_watchlist,watchlist,60.1,24.8,44.22,5.0,49.22,118
VARROC.NS,Varroc Engineering Limited,Auto Parts,Consumer Cyclical,Consumer Cyclical,False,Cash,1,Stage 2,Stage 2,Early Stage 2,0.72,"Price has moved above long-term structure, but the full moving-average stack is not clean yet.",,,2026-10-05,,28.01,55.89,276434976.13,0.33,1.21,0.33,True,True,"Stage 2, Early Stage 2, weekly_vcp_ok, volume_dryup, weekly_volume_dryup, weekly_strong",watchlist,weekly_forming,watchlist,26.4,65.8,44.13,5.0,49.13,119
RAIN.NS,Rain Industries Limited,Specialty Chemicals,Basic Materials,Basic Materials,False,Cash,1,Stage 2,Stage 2,Stage 2,0.76,Advancing structure detected.,,,2026-10-05,,7.81,73.01,750952244.0,0.58,0.92,0.5,True,True,"Stage 2, Stage 2, volume_dryup, weekly_volume_dryup",watchlist,weekly_watchlist,watchlist,43.11,34.0,39.01,10.0,49.01,120
MIDHANI.NS,Mishra Dhatu Nigam Limited,Steel,Basic Materials,Basic Materials,False,Cash,1,Stage 2,Stage 2,Clean Stage 2,0.9,"Price is above rising key averages, weekly structure is supportive, and the stock is near its 52-week high.",,,2026-10-05,,16.14,40.06,610870689.12,0.44,0.94,0.57,True,True,"Stage 2, Clean Stage 2, weekly_vcp_ok, volume_dryup, weekly_volume_dryup, weekly_strong",watchlist,weekly_near_pivot,watchlist,21.37,71.42,43.89,5.0,48.89,121
PRECWIRE.NS,Precision Wires India Limited,Electrical Equipment & Parts,Industrials,Industrials,False,Cash,1,Stage 2,Stage 2,Extended Stage 2,0.78,"Advancing structure remains intact, but price is stretched versus key moving averages or far above the 52-week low.",,,2026-10-05,,37.18,52.74,314651637.23,0.75,0.38,0.86,True,True,"Stage 2, Extended Stage 2, trend_template_ok, volume_dryup, weekly_volume_dryup",watchlist,weekly_watchlist,watchlist,38.96,38.8,38.89,10.0,48.89,122
SHANTIGEAR.NS,Shanthi Gears Limited,Specialty Industrial Machinery,Industrials,Industrials,False,Cash,1,Stage 2,Stage 2,Stage 2,0.76,Advancing structure detected.,,,2026-10-05,,41.53,31.77,110645069.25,0.17,0.07,0.19,True,True,"Stage 2, Stage 2, trend_template_ok, volume_dryup, weekly_volume_dryup",watchlist,weekly_watchlist,watchlist,41.38,35.53,38.75,10.0,48.75,123
PCBL.NS,PCBL Chemical Limited,Specialty Chemicals,Basic Materials,Basic Materials,False,Cash,1,Stage 2,Stage 2,Stage 2,0.76,Advancing structure detected.,,,2026-10-05,,11.97,24.42,465310226.85,0.34,0.4,0.26,True,True,"Stage 2, Stage 2, trend_template_ok, daily_vcp_ok, volume_dryup, weekly_volume_dryup",forming_vcp,weekly_watchlist,watchlist,54.24,19.24,38.49,10.0,48.49,124
AEROFLEX.NS,Aeroflex Industries Limited,Metal Fabrication,Industrials,Industrials,False,Cash,1,Stage 2,Stage 2,Extended Stage 2,0.78,"Advancing structure remains intact, but price is stretched versus key moving averages or far above the 52-week low.",,,2026-10-05,,40.35,94.82,648268733.6,0.77,0.97,0.81,True,True,"Stage 2, Extended Stage 2, trend_template_ok, volume_dryup, weekly_volume_dryup",watchlist,weekly_watchlist,watchlist,38.03,38.8,38.38,10.0,48.38,125
CLEAN.NS,Clean Science and Technology Limited,Specialty Chemicals,Basic Materials,Basic Materials,False,Cash,1,Not Sure,Stage 2,Pending Stage 2,0.55,Stage 2 pending confirmation: needs 3 raw Stage 2 runs; current count 1.,Stage 2 pending confirmation: needs 3 raw Stage 2 runs; current count 1.,,,Stage 2,12.82,15.01,249630539.07,0.57,0.92,0.69,True,True,"Stage 2, Early Stage 2, weekly_vcp_ok, volume_dryup, weekly_volume_dryup, weekly_strong | Stage 2 pending confirmation: needs 3 raw Stage 2 runs; current count 1.",watchlist,weekly_near_pivot,watchlist,13.91,67.78,38.15,10.0,48.15,126
ALKYLAMINE.NS,Alkyl Amines Chemicals Limited,Specialty Chemicals,Basic Materials,Basic Materials,False,Cash,1,Stage 2,Stage 2,Stage 2,0.76,Advancing structure detected.,,,2026-10-05,,4.95,43.62,373407597.22,2.05,58.14,6.21,False,False,"Stage 2, Stage 2",watchlist,weekly_watchlist,watchlist,42.06,33.26,38.1,10.0,48.1,127
CEIGALL.NS,Ceigall India Limited,Engineering & Construction,Industrials,Industrials,False,Cash,1,Stage 2,Stage 2,Clean Stage 2,0.9,"Price is above rising key averages, weekly structure is supportive, and the stock is near its 52-week high.",,,2026-10-05,,6.74,30.62,130997652.1,0.59,0.33,0.55,True,True,"Stage 2, Clean Stage 2, trend_template_ok, volume_dryup, weekly_volume_dryup",watchlist,weekly_watchlist,watchlist,60.94,32.14,47.98,0.0,47.98,128
ROSSTECH.NS,Rossell Techsys Limited,Aerospace & Defense,Industrials,Industrials,False,Cash,1,Stage 2,Stage 2,Extended Stage 2,0.78,"Advancing structure remains intact, but price is stretched versus key moving averages or far above the 52-week low.",,,2026-10-05,,64.16,76.79,731919653.45,0.85,1.26,0.86,False,True,"Stage 2, Extended Stage 2, trend_template_ok, weekly_volume_dryup",watchlist,weekly_watchlist,watchlist,44.79,29.6,37.95,10.0,47.95,129
NRBBEARING.NS,NRB Bearing Limited,Auto Parts,Consumer Cyclical,Consumer Cyclical,False,Cash,1,Stage 2,Stage 2,Extended Stage 2,0.78,"Advancing structure remains intact, but price is stretched versus key moving averages or far above the 52-week low.",,,2026-10-05,,31.67,115.18,551634339.83,0.85,0.25,0.61,False,True,"Stage 2, Extended Stage 2, trend_template_ok, weekly_volume_dryup",watchlist,weekly_watchlist,watchlist,58.55,23.6,42.82,5.0,47.82,130
GALAXYSURF.NS,Galaxy Surfactants Limited,Specialty Chemicals,Basic Materials,Basic Materials,False,Cash,1,Stage 2,Stage 2,Clean Stage 2,0.9,"Price is above rising key averages, weekly structure is supportive, and the stock is near its 52-week high.",,,2026-10-05,,28.67,39.23,125083547.65,1.02,2.31,1.65,False,False,"Stage 2, Clean Stage 2, trend_template_ok",watchlist,weekly_watchlist,watchlist,42.62,31.59,37.66,10.0,47.66,131
ACMESOLAR.NS,Acme Solar Holdings Limited,Utilities - Renewable,Utilities,Utilities,False,Cash,1,Stage 2,Stage 2,Clean Stage 2,0.9,"Price is above rising key averages, weekly structure is supportive, and the stock is near its 52-week high.",,,2026-10-05,,23.52,58.63,1038706255.72,0.62,0.39,0.33,True,True,"Stage 2, Clean Stage 2, trend_template_ok, daily_vcp_ok, volume_dryup, weekly_volume_dryup",forming_vcp,weekly_watchlist,watchlist,61.23,30.4,47.36,0.0,47.36,132
SHYAMMETL.NS,Shyam Metalics and Energy Limited,Steel,Basic Materials,Basic Materials,False,Cash,1,Stage 2,Stage 2,Clean Stage 2,0.9,"Price is above rising key averages, weekly structure is supportive, and the stock is near its 52-week high.",,,2026-10-05,,13.2,28.31,568347200.07,0.9,0.7,0.65,False,True,"Stage 2, Clean Stage 2, trend_template_ok, weekly_volume_dryup",watchlist,weekly_watchlist,watchlist,52.08,30.35,42.3,5.0,47.3,133
AJANTPHARM.NS,Ajanta Pharma Limited,Drug Manufacturers - Specialty & Generic,Healthcare,Healthcare,False,Cash,1,Stage 2,Stage 2,Clean Stage 2,0.9,"Price is above rising key averages, weekly structure is supportive, and the stock is near its 52-week high.",,,2026-10-05,,13.66,29.35,335113499.76,1.09,1.31,1.56,False,False,"Stage 2, Clean Stage 2, trend_template_ok",watchlist,weekly_watchlist,watchlist,45.9,26.7,37.26,10.0,47.26,134
NAVINFLUOR.NS,Navin Fluorine International Limited,Chemicals,Basic Materials,Basic Materials,False,Cash,1,Stage 2,Stage 2,Clean Stage 2,0.9,"Price is above rising key averages, weekly structure is supportive, and the stock is near its 52-week high.",,,2026-10-05,,15.65,39.1,1005047613.23,0.51,0.91,0.6,True,True,"Stage 2, Clean Stage 2, trend_template_ok, volume_dryup, weekly_volume_dryup",watchlist,weekly_watchlist,watchlist,49.1,33.87,42.25,5.0,47.25,135
EMUDHRA.NS,eMudhra Limited,Software - Application,Technology,Technology,False,Cash,1,Stage 2,Stage 2,Early Stage 2,0.72,"Price has moved above long-term structure, but the full moving-average stack is not clean yet.",,,2026-10-05,,38.02,27.79,1496661694.44,0.53,0.17,0.44,True,True,"Stage 2, Early Stage 2, weekly_vcp_ok, volume_dryup, weekly_volume_dryup, weekly_strong",watchlist,weekly_breakout,watchlist,23.25,65.48,42.25,5.0,47.25,136
AETHER.NS,Aether Industries Limited,Specialty Chemicals,Basic Materials,Basic Materials,False,Cash,1,Stage 2,Stage 2,Clean Stage 2,0.9,"Price is above rising key averages, weekly structure is supportive, and the stock is near its 52-week high.",,,2026-10-05,,25.76,52.05,616802736.41,1.51,5.31,1.79,False,False,"Stage 2, Clean Stage 2, trend_template_ok",watchlist,weekly_watchlist,watchlist,41.62,31.38,37.01,10.0,47.01,137
CENTUM.NS,Centum Electronics Limited,Electronic Components,Technology,Technology,False,Cash,1,Stage 2,Stage 2,Clean Stage 2,0.9,"Price is above rising key averages, weekly structure is supportive, and the stock is near its 52-week high.",,,2026-10-05,,29.91,63.23,487068557.62,1.41,0.72,1.73,False,False,"Stage 2, Clean Stage 2, trend_template_ok",watchlist,weekly_watchlist,watchlist,42.62,29.6,36.76,10.0,46.76,138
NITINSPIN.NS,Nitin Spinners Limited,Textile Manufacturing,Consumer Cyclical,Consumer Cyclical,False,Cash,1,Stage 2,Stage 2,Clean Stage 2,0.9,"Price is above rising key averages, weekly structure is supportive, and the stock is near its 52-week high.",,,2026-10-05,,17.4,57.18,65201676.43,0.3,0.49,0.39,True,True,"Stage 2, Clean Stage 2, trend_template_ok, volume_dryup, weekly_volume_dryup",watchlist,weekly_watchlist,watchlist,40.38,32.26,36.73,10.0,46.73,139
MOTILALOFS.NS,Motilal Oswal Financial Services Limited,Capital Markets,Financial Services,Financial Services,True,F&O,1,Stage 2,Stage 2,Clean Stage 2,0.9,"Price is above rising key averages, weekly structure is supportive, and the stock is near its 52-week high.",,,2026-10-05,,15.03,43.62,808963600.69,1.05,2.63,1.01,False,False,"Stage 2, Clean Stage 2, trend_template_ok",watchlist,weekly_watchlist,watchlist,61.81,28.26,46.71,0.0,46.71,140
BLISSGVS.NS,Bliss GVS Pharma Limited,Drug Manufacturers - Specialty & Generic,Healthcare,Healthcare,False,Cash,1,Stage 2,Stage 2,Extended Stage 2,0.78,"Advancing structure remains intact, but price is stretched versus key moving averages or far above the 52-week low.",,,2026-10-05,,33.69,162.57,267799624.51,1.31,0.44,0.63,False,True,"Stage 2, Extended Stage 2, trend_template_ok, weekly_volume_dryup",watchlist,weekly_watchlist,watchlist,39.88,32.8,36.69,10.0,46.69,141
ABDL.NS,Allied Blenders and Distillers Limited,Consumer Defensive,Consumer Defensive,Consumer Defensive,False,Cash,1,Stage 2,Stage 2,Clean Stage 2,0.9,"Price is above rising key averages, weekly structure is supportive, and the stock is near its 52-week high.",,,2026-10-05,,11.84,55.34,802803325.32,2.8,0.81,0.91,False,False,"Stage 2, Clean Stage 2, trend_template_ok",watchlist,weekly_watchlist,watchlist,61.0,29.12,46.65,0.0,46.65,142
AZAD.NS,Azad Engineering Limited,Specialty Industrial Machinery,Industrials,Industrials,False,Cash,1,Stage 2,Stage 2,Extended Stage 2,0.78,"Advancing structure remains intact, but price is stretched versus key moving averages or far above the 52-week low.",,,2026-10-05,,28.15,76.73,2800604650.13,2.16,1.78,2.58,False,False,"Stage 2, Extended Stage 2, trend_template_ok",watchlist,weekly_watchlist,watchlist,39.6,32.8,36.54,10.0,46.54,143
COHANCE.NS,Cohance Lifesciences Limited,Drug Manufacturers - Specialty & Generic,Healthcare,Healthcare,False,Cash,1,Not Sure,Not Sure,Not Sure,0.0,Stage rules did not identify a reliable structure.,No confident stage classification.,,,,8.46,21.77,547029800.49,0.66,0.46,0.77,True,True,"Not Sure, Not Sure, weekly_vcp_ok, volume_dryup, weekly_volume_dryup, weekly_strong",watchlist,weekly_watchlist,watchlist,19.93,56.82,36.53,10.0,46.53,144
SUPRIYA.NS,Supriya Lifescience Limited,Biotechnology,Healthcare,Healthcare,False,Cash,1,Stage 2,Stage 2,Stage 2,0.76,Advancing structure detected.,,,2026-10-05,,9.38,44.31,282086217.09,1.16,0.56,0.93,False,False,"Stage 2, Stage 2, trend_template_ok",watchlist,weekly_watchlist,watchlist,51.77,27.77,40.97,5.0,45.97,145
NEOGEN.NS,Neogen Chemicals Limited,Specialty Chemicals,Basic Materials,Basic Materials,False,Cash,1,Stage 2,Stage 2,Clean Stage 2,0.9,"Price is above rising key averages, weekly structure is supportive, and the stock is near its 52-week high.",,,2026-10-05,,21.19,75.89,521993132.98,0.68,0.51,0.43,True,True,"Stage 2, Clean Stage 2, trend_template_ok, volume_dryup, weekly_volume_dryup",watchlist,weekly_watchlist,watchlist,39.43,31.6,35.91,10.0,45.91,146
YATHARTH.NS,Yatharth Hospital & Trauma Care Services Limited,Medical Care Facilities,Healthcare,Healthcare,False,Cash,1,Stage 2,Stage 2,Clean Stage 2,0.9,"Price is above rising key averages, weekly structure is supportive, and the stock is near its 52-week high.",,,2026-10-05,,32.31,41.48,933628523.53,0.7,0.51,0.75,True,True,"Stage 2, Clean Stage 2, trend_template_ok, daily_vcp_ok, volume_dryup, weekly_volume_dryup",forming_vcp,weekly_watchlist,watchlist,61.59,26.58,45.84,0.0,45.84,147
GPPL.NS,Gujarat Pipavav Port Limited,Marine Shipping,Industrials,Industrials,False,Cash,1,Stage 1,Stage 1,Stage 1 - Early Turn,0.66,The stock is improving from a repair/base area but has not confirmed a clean Stage 2 yet.,,,,,16.97,16.6,214487070.12,0.61,0.67,0.66,True,True,"Stage 1, Stage 1 - Early Turn, daily_vcp_ok, weekly_vcp_ok, volume_dryup, weekly_volume_dryup, stage1_needs_more_base",watchlist,weekly_watchlist,watchlist,32.69,39.46,35.74,10.0,45.74,148
EMIL.NS,Electronics Mart India Limited,Consumer Cyclical,Consumer Cyclical,Consumer Cyclical,False,Cash,1,Stage 2,Stage 2,Extended Stage 2,0.78,"Advancing structure remains intact, but price is stretched versus key moving averages or far above the 52-week low.",,,2026-10-05,,54.54,101.33,906548848.02,0.66,1.81,0.85,True,True,"Stage 2, Extended Stage 2, trend_template_ok, volume_dryup, weekly_volume_dryup",watchlist,weekly_watchlist,watchlist,53.62,31.6,43.71,2.0,45.71,149
VIJAYA.NS,Vijaya Diagnostic Centre Limited,Diagnostics & Research,Healthcare,Healthcare,False,Cash,1,Stage 2,Stage 2,Messy Stage 2,0.64,"Long-term structure is still constructive, but the short-term/weekly structure is not clean.",,,2026-10-05,,11.23,50.43,219934927.98,0.71,0.96,0.73,True,True,"Stage 2, Messy Stage 2, trend_template_ok, volume_dryup, weekly_volume_dryup",watchlist,weekly_watchlist,watchlist,38.54,32.17,35.67,10.0,45.67,150
SUNDRMFAST.NS,Sundram Fasteners Limited,Auto Parts,Consumer Cyclical,Consumer Cyclical,False,Cash,1,Stage 2,Stage 2,Early Stage 2,0.72,"Price has moved above long-term structure, but the full moving-average stack is not clean yet.",,,2026-10-05,,25.84,45.67,321151420.33,0.73,0.48,0.35,True,True,"Stage 2, Early Stage 2, weekly_vcp_ok, volume_dryup, weekly_volume_dryup, weekly_strong",watchlist,weekly_forming,watchlist,20.78,64.95,40.66,5.0,45.66,151
VISHNU.NS,Vishnu Chemicals Limited,Specialty Chemicals,Basic Materials,Basic Materials,False,Cash,1,Stage 2,Stage 2,Clean Stage 2,0.9,"Price is above rising key averages, weekly structure is supportive, and the stock is near its 52-week high.",,,2026-10-05,,20.4,35.89,71418284.06,0.71,1.6,1.03,True,False,"Stage 2, Clean Stage 2, trend_template_ok, volume_dryup",watchlist,weekly_watchlist,watchlist,40.81,29.23,35.6,10.0,45.6,152
APLAPOLLO.NS,APL Apollo Tubes Limited,Steel,Basic Materials,Basic Materials,True,F&O,1,Stage 2,Stage 2,Early Stage 2,0.72,"Price has moved above long-term structure, but the full moving-average stack is not clean yet.",,,2026-10-05,,25.59,5.47,1237404239.55,0.86,0.48,1.14,False,False,"Stage 2, Early Stage 2, weekly_vcp_ok, weekly_strong",watchlist,weekly_near_pivot,watchlist,16.52,70.01,40.59,5.0,45.59,153
CYIENTDLM.NS,Cyient DLM Limited,Electronic Components,Technology,Technology,False,Cash,1,Stage 2,Stage 2,Extended Stage 2,0.78,"Advancing structure remains intact, but price is stretched versus key moving averages or far above the 52-week low.",,,2026-10-05,,76.72,196.86,389368022.91,0.53,0.36,0.47,True,True,"Stage 2, Extended Stage 2, trend_template_ok, volume_dryup, weekly_volume_dryup",watchlist,weekly_watchlist,watchlist,39.75,30.4,35.54,10.0,45.54,154
TDPOWERSYS.NS,TD Power Systems Limited,Specialty Industrial Machinery,Industrials,Industrials,False,Cash,1,Stage 2,Stage 2,Extended Stage 2,0.78,"Advancing structure remains intact, but price is stretched versus key moving averages or far above the 52-week low.",,,2026-10-05,,46.66,79.26,2438399824.94,1.16,1.05,1.57,False,False,"Stage 2, Extended Stage 2, trend_template_ok",watchlist,weekly_watchlist,watchlist,36.69,34.0,35.48,10.0,45.48,155
SETL.NS,Standard Engineering Technology Limited,Specialty Industrial Machinery,Industrials,Industrials,False,Cash,1,Stage 2,Stage 2,Extended Stage 2,0.78,"Advancing structure remains intact, but price is stretched versus key moving averages or far above the 52-week low.",,,2026-10-05,,51.96,222.92,345436072.14,0.58,0.44,0.5,True,True,"Stage 2, Extended Stage 2, trend_template_ok, volume_dryup, weekly_volume_dryup",watchlist,weekly_watchlist,watchlist,41.25,28.4,35.47,10.0,45.47,156
CGPOWER.NS,CG Power and Industrial Solutions Limited,Electrical Equipment & Parts,Industrials,Industrials,True,F&O,1,Stage 2 Failed,Stage 2,Failed Stage 2,0.7,Failed Stage 2 cooling period is still active; waiting for a fresh base or confirmed reclaim.,Failed Stage 2 hold period active.,,2026-09-25,,4.13,28.19,1876305078.68,0.74,1.1,0.81,True,True,"Stage 2, Stage 2, daily_vcp_ok, volume_dryup, weekly_volume_dryup | Failed Stage 2 hold period active.",watchlist,weekly_watchlist,watchlist,41.43,28.03,35.4,10.0,45.4,157
ETERNAL.NS,ETERNAL LIMITED,Consumer Cyclical,Consumer Cyclical,Consumer Cyclical,True,F&O,1,Stage 2,Stage 2,Early Stage 2,0.72,"Price has moved above long-term structure, but the full moving-average stack is not clean yet.",,,2026-10-05,,18.22,40.11,6487970984.15,0.81,0.93,0.81,True,True,"Stage 2, Early Stage 2, weekly_vcp_ok, volume_dryup, weekly_volume_dryup, weekly_strong",watchlist,weekly_near_pivot,watchlist,20.24,71.63,43.37,2.0,45.37,158
ENRIN.NS,Siemens Energy India Limited,Utilities - Renewable,Utilities,Utilities,False,Cash,1,Not Sure,Stage 2,Pending Stage 2,0.55,Stage 2 pending confirmation: needs 3 raw Stage 2 runs; current count 1.,Stage 2 pending confirmation: needs 3 raw Stage 2 runs; current count 1.,,,Stage 2,-1.59,16.92,1285413384.67,0.84,0.66,1.12,True,False,"Stage 2, Messy Stage 2, weekly_vcp_ok, volume_dryup, weekly_strong | Stage 2 pending confirmation: needs 3 raw Stage 2 runs; current count 1.",watchlist,weekly_forming,watchlist,33.33,59.33,45.03,0.0,45.03,159
PVRINOX.NS,PVR INOX Limited,Communication Services,Communication Services,Communication Services,False,Cash,1,Stage 2,Stage 2,Clean Stage 2,0.9,"Price is above rising key averages, weekly structure is supportive, and the stock is near its 52-week high.",,,2026-10-05,,29.32,34.48,605341450.46,0.83,0.51,0.58,True,True,"Stage 2, Clean Stage 2, trend_template_ok, volume_dryup, weekly_volume_dryup",watchlist,weekly_watchlist,watchlist,37.87,42.58,39.99,5.0,44.99,160
USHAMART.NS,Usha Martin Limited,Steel,Basic Materials,Basic Materials,False,Cash,1,Stage 2,Stage 2,Clean Stage 2,0.9,"Price is above rising key averages, weekly structure is supportive, and the stock is near its 52-week high.",,,2026-10-05,,6.69,20.46,507795813.31,0.85,0.82,0.76,False,True,"Stage 2, Clean Stage 2, weekly_vcp_ok, weekly_volume_dryup, weekly_strong",watchlist,weekly_near_pivot,watchlist,16.21,68.51,39.75,5.0,44.75,161
DLF.NS,DLF Limited,Real Estate,Real Estate,Real Estate,True,F&O,1,Stage 2 Failed,Stage 2,Failed Stage 2,0.7,Failed Stage 2 cooling period is still active; waiting for a fresh base or confirmed reclaim.,Failed Stage 2 hold period active.,,2026-09-30,,2.98,19.5,2683648654.62,1.11,1.1,1.12,False,False,"Stage 2, Stage 2, weekly_vcp_ok, weekly_strong | Failed Stage 2 hold period active.",watchlist,weekly_near_pivot,watchlist,21.66,68.05,42.54,2.0,44.54,162
WELSPUNLIV.NS,Welspun Living Limited,Textile Manufacturing,Consumer Cyclical,Consumer Cyclical,False,Cash,1,Stage 2,Stage 2,Extended Stage 2,0.78,"Advancing structure remains intact, but price is stretched versus key moving averages or far above the 52-week low.",,,2026-10-05,,47.77,94.63,1108071191.27,0.9,1.01,1.08,False,False,"Stage 2, Extended Stage 2, trend_template_ok",watchlist,weekly_watchlist,watchlist,36.91,31.6,34.52,10.0,44.52,163
TEXRAIL.NS,Texmaco Rail & Engineering Limited,Industrials,Industrials,Industrials,False,Cash,1,Stage 2,Stage 2,Early Stage 2,0.72,"Price has moved above long-term structure, but the full moving-average stack is not clean yet.",,,2026-10-05,,6.13,23.66,439609705.94,1.93,0.58,2.19,False,False,"Stage 2, Early Stage 2, weekly_vcp_ok, weekly_strong",watchlist,weekly_forming,watchlist,30.18,61.88,44.45,0.0,44.45,164
SAGILITY.NS,SAGILITY LIMITED,Healthcare,Healthcare,Healthcare,False,Cash,1,Not Sure,Not Sure,Not Sure,0.0,Stage rules did not identify a reliable structure.,No confident stage classification.,,,,8.04,5.63,518501645.49,0.49,0.42,0.44,True,True,"Not Sure, Not Sure, weekly_vcp_ok, volume_dryup, weekly_volume_dryup, weekly_strong",watchlist,weekly_watchlist,watchlist,26.47,55.17,39.39,5.0,44.39,165
SCI.NS,Shipping Corporation Of India Limited,Marine Shipping,Industrials,Industrials,False,Cash,1,Not Sure,Stage 2,Pending Stage 2,0.55,Blocked Stage 4 -> Stage 2 jump. Public Stage 2 needs Stage 1/base repair first and at least 20 Stage 1 confirmation runs.,Blocked Stage 4 -> Stage 2 jump. Public Stage 2 needs Stage 1/base repair first and at least 20 Stage 1 confirmation runs.,,2026-09-10,Stage 2,6.42,18.6,735769956.6,1.39,2.13,2.94,False,False,"Stage 2, Messy Stage 2, weekly_vcp_ok, weekly_strong | Blocked Stage 4 -> Stage 2 jump. Public Stage 2 needs Stage 1/base repair first and at least 20 Stage 1 confirmation runs.",watchlist,weekly_forming,watchlist,14.64,58.3,34.29,10.0,44.29,166
SOTL.NS,Savita Oil Technologies Limited,Specialty Chemicals,Basic Materials,Basic Materials,False,Cash,1,Stage 2,Stage 2,Extended Stage 2,0.78,"Advancing structure remains intact, but price is stretched versus key moving averages or far above the 52-week low.",,,2026-10-05,,33.23,127.13,256658085.28,0.57,0.56,0.86,True,True,"Stage 2, Extended Stage 2, trend_template_ok, volume_dryup, weekly_volume_dryup",watchlist,weekly_watchlist,watchlist,39.88,27.2,34.17,10.0,44.17,167
BOSCH-HCIL.NS,BOSCH HOME COMFORT INDIA LIMITED,"Furnishings, Fixtures & Appliances",Consumer Cyclical,Consumer Cyclical,False,Cash,1,Stage 2,Stage 2,Clean Stage 2,0.9,"Price is above rising key averages, weekly structure is supportive, and the stock is near its 52-week high.",,,2026-10-05,,51.31,48.94,101217561.94,1.27,0.66,1.87,False,False,"Stage 2, Clean Stage 2, trend_template_ok, weekly_vcp_ok",watchlist,weekly_forming,watchlist,37.38,52.1,44.0,0.0,44.0,168
RATNAMANI.NS,Ratnamani Metals & Tubes Limited,Steel,Basic Materials,Basic Materials,False,Cash,1,Stage 2,Stage 2,Stage 2,0.76,Advancing structure detected.,,,2026-10-05,,3.83,13.42,140719898.06,0.36,0.17,0.46,True,True,"Stage 2, Stage 2, trend_template_ok, volume_dryup, weekly_volume_dryup",watchlist,weekly_watchlist,watchlist,52.57,22.13,38.87,5.0,43.87,169
LALPATHLAB.NS,Dr. Lal Path Labs Ltd.,Diagnostics & Research,Healthcare,Healthcare,False,Cash,1,Stage 2,Stage 2,Clean Stage 2,0.9,"Price is above rising key averages, weekly structure is supportive, and the stock is near its 52-week high.",,,2026-10-05,,21.54,41.38,681228986.98,1.13,0.83,1.19,False,False,"Stage 2, Clean Stage 2, trend_template_ok",watchlist,weekly_watchlist,watchlist,37.12,29.89,33.87,10.0,43.87,170
SKYGOLD.NS,SKY GOLD AND DIAMONDS LIMITED,Luxury Goods,Consumer Cyclical,Consumer Cyclical,False,Cash,1,Stage 2,Stage 2,Extended Stage 2,0.78,"Advancing structure remains intact, but price is stretched versus key moving averages or far above the 52-week low.",,,2026-10-05,,42.11,121.0,719438315.59,1.05,5.07,1.37,False,False,"Stage 2, Extended Stage 2, trend_template_ok",watchlist,weekly_watchlist,watchlist,40.88,36.4,38.86,5.0,43.86,171
DIACABS.NS,Diamond Power Infrastructure Limited,Specialty Industrial Machinery,Industrials,Industrials,False,Cash,1,Stage 2,Stage 2,Extended Stage 2,0.78,"Advancing structure remains intact, but price is stretched versus key moving averages or far above the 52-week low.",,,2026-10-05,,58.6,169.49,300786264.58,0.44,1.25,0.45,True,True,"Stage 2, Extended Stage 2, trend_template_ok, volume_dryup, weekly_volume_dryup",watchlist,weekly_watchlist,watchlist,41.99,23.6,33.71,10.0,43.71,172
SAILIFE.NS,Sai Life Sciences Limited,Diagnostics & Research,Healthcare,Healthcare,False,Cash,1,Stage 2,Stage 2,Clean Stage 2,0.9,"Price is above rising key averages, weekly structure is supportive, and the stock is near its 52-week high.",,,2026-10-05,,27.8,58.11,813865028.28,0.53,0.39,0.53,True,True,"Stage 2, Clean Stage 2, trend_template_ok, volume_dryup, weekly_volume_dryup",watchlist,weekly_watchlist,watchlist,39.62,26.0,33.49,10.0,43.49,173
AVALON.NS,Avalon Technologies Limited,Electronic Components,Technology,Technology,False,Cash,1,Stage 2,Stage 2,Extended Stage 2,0.78,"Advancing structure remains intact, but price is stretched versus key moving averages or far above the 52-week low.",,,2026-10-05,,43.49,127.64,1578255262.22,0.81,0.91,1.13,True,False,"Stage 2, Extended Stage 2, trend_template_ok, volume_dryup",watchlist,weekly_watchlist,watchlist,37.75,27.2,33.0,10.0,43.0,174
SHAREINDIA.NS,Share India Securities Limited,Capital Markets,Financial Services,Financial Services,False,Cash,1,Stage 2,Stage 2,Clean Stage 2,0.9,"Price is above rising key averages, weekly structure is supportive, and the stock is near its 52-week high.",,,2026-10-05,,23.4,49.75,1849592116.46,0.38,0.15,0.36,True,True,"Stage 2, Clean Stage 2, trend_template_ok, daily_vcp_ok, volume_dryup, weekly_volume_dryup",forming_vcp,weekly_watchlist,watchlist,59.95,21.71,42.74,0.0,42.74,175
APCOTEXIND.NS,Apcotex Industries Limited,Specialty Chemicals,Basic Materials,Basic Materials,False,Cash,1,Stage 2,Stage 2,Early Stage 2,0.72,"Price has moved above long-term structure, but the full moving-average stack is not clean yet.",,,2026-10-05,,25.23,63.43,54095483.29,0.22,0.67,0.19,True,True,"Stage 2, Early Stage 2, volume_dryup, weekly_volume_dryup",watchlist,weekly_watchlist,watchlist,41.05,22.4,32.66,10.0,42.66,176
CYIENT.NS,Cyient Limited,Conglomerates,Industrials,Industrials,False,Cash,1,Stage 2,Stage 2,Early Stage 2,0.72,"Price has moved above long-term structure, but the full moving-average stack is not clean yet.",,,2026-10-05,,39.39,23.85,593371396.35,0.72,0.42,1.13,True,False,"Stage 2, Early Stage 2, weekly_vcp_ok, volume_dryup, weekly_strong",watchlist,weekly_forming,watchlist,21.22,64.12,40.53,2.0,42.53,177
NPST.NS,Network People Services Technologies Limited,Software - Application,Technology,Technology,False,Cash,1,Stage 2,Stage 2,Clean Stage 2,0.9,"Price is above rising key averages, weekly structure is supportive, and the stock is near its 52-week high.",,,2026-10-05,,19.24,46.54,428862652.46,0.69,0.37,0.72,True,True,"Stage 2, Clean Stage 2, trend_template_ok, volume_dryup, weekly_volume_dryup",watchlist,weekly_watchlist,watchlist,41.5,32.58,37.49,5.0,42.49,178
PAISALO.NS,Paisalo Digital Limited,Credit Services,Financial Services,Financial Services,False,Cash,1,Stage 2,Stage 2,Extended Stage 2,0.78,"Advancing structure remains intact, but price is stretched versus key moving averages or far above the 52-week low.",,,2026-10-05,,18.23,111.79,1401155271.62,0.96,0.63,0.69,False,True,"Stage 2, Extended Stage 2, trend_template_ok, weekly_volume_dryup",watchlist,weekly_watchlist,watchlist,55.89,26.0,42.44,0.0,42.44,179
STYLEBAAZA.NS,Baazar Style Retail Limited,Consumer Cyclical,Consumer Cyclical,Consumer Cyclical,False,Cash,1,Stage 2,Stage 2,Messy Stage 2,0.64,"Long-term structure is still constructive, but the short-term/weekly structure is not clean.",,,2026-10-05,,29.66,28.82,471558068.38,1.12,0.96,0.86,False,True,"Stage 2, Messy Stage 2, trend_template_ok, weekly_vcp_ok, weekly_volume_dryup",watchlist,weekly_forming,watchlist,32.51,49.95,40.36,2.0,42.36,180
SUDARSCHEM.NS,Sudarshan Chemical Industries Limited,Specialty Chemicals,Basic Materials,Basic Materials,False,Cash,1,Stage 2,Stage 2,Clean Stage 2,0.9,"Price is above rising key averages, weekly structure is supportive, and the stock is near its 52-week high.",,,2026-10-05,,36.71,56.18,239722841.35,0.4,0.27,0.58,True,True,"Stage 2, Clean Stage 2, trend_template_ok, volume_dryup, weekly_volume_dryup",watchlist,weekly_watchlist,watchlist,40.38,22.4,32.29,10.0,42.29,181
KDDL.NS,KDDL Limited,Luxury Goods,Consumer Cyclical,Consumer Cyclical,False,Cash,1,Stage 2,Stage 2,Clean Stage 2,0.9,"Price is above rising key averages, weekly structure is supportive, and the stock is near its 52-week high.",,,2026-10-05,,30.42,76.27,143186406.81,0.87,0.48,0.47,False,True,"Stage 2, Clean Stage 2, trend_template_ok, weekly_volume_dryup",watchlist,weekly_watchlist,watchlist,38.93,35.2,37.25,5.0,42.25,182
DCBBANK.NS,DCB Bank Limited,Banks - Regional,Financial Services,Financial Services,False,Cash,1,Stage 2,Stage 2,Early Stage 2,0.72,"Price has moved above long-term structure, but the full moving-average stack is not clean yet.",,,2026-10-05,,12.57,8.24,299209504.2,0.58,0.67,0.48,True,True,"Stage 2, Early Stage 2, weekly_vcp_ok, volume_dryup, weekly_volume_dryup, weekly_strong",watchlist,weekly_near_pivot,watchlist,16.67,68.98,40.21,2.0,42.21,183
GOODLUCK.NS,Goodluck India Limited,Steel,Basic Materials,Basic Materials,False,Cash,1,Stage 2,Stage 2,Stage 2,0.76,Advancing structure detected.,,,2026-10-05,,-1.07,34.96,255313352.41,0.52,0.39,0.46,True,True,"Stage 2, Stage 2, volume_dryup, weekly_volume_dryup",watchlist,weekly_watchlist,watchlist,43.49,29.39,37.15,5.0,42.15,184
GLAXO.NS,GlaxoSmithKline Pharmaceuticals Limited,Drug Manufacturers - General,Healthcare,Healthcare,False,Cash,1,Stage 2,Stage 2,Early Stage 2,0.72,"Price has moved above long-term structure, but the full moving-average stack is not clean yet.",,,2026-10-05,,17.52,18.85,198135727.34,0.77,0.44,0.39,True,True,"Stage 2, Early Stage 2, weekly_vcp_ok, volume_dryup, weekly_volume_dryup, weekly_strong",watchlist,weekly_forming,watchlist,17.21,61.44,37.11,5.0,42.11,185
SBCL.NS,Shivalik Bimetal Controls Limited,Metal Fabrication,Industrials,Industrials,False,Cash,1,Stage 2,Stage 2,Extended Stage 2,0.78,"Advancing structure remains intact, but price is stretched versus key moving averages or far above the 52-week low.",,,2026-10-05,,56.25,127.38,274599812.73,0.31,0.42,0.29,True,True,"Stage 2, Extended Stage 2, trend_template_ok, volume_dryup, weekly_volume_dryup",watchlist,weekly_watchlist,watchlist,40.0,22.4,32.08,10.0,42.08,186
PRICOLLTD.NS,Pricol Limited,Auto Parts,Consumer Cyclical,Consumer Cyclical,False,Cash,1,Stage 2,Stage 2,Early Stage 2,0.72,"Price has moved above long-term structure, but the full moving-average stack is not clean yet.",,,2026-10-05,,12.67,19.08,278192651.52,0.95,5.64,1.49,False,False,"Stage 2, Early Stage 2, weekly_vcp_ok, weekly_strong",watchlist,weekly_forming,watchlist,17.05,60.97,36.81,5.0,41.81,187
AGI.NS,AGI Greenpac Limited,Consumer Cyclical,Consumer Cyclical,Consumer Cyclical,False,Cash,1,Stage 2,Stage 2,Early Stage 2,0.72,"Price has moved above long-term structure, but the full moving-average stack is not clean yet.",,,2026-10-05,,16.4,45.75,159024540.89,0.82,0.25,0.48,True,True,"Stage 2, Early Stage 2, weekly_vcp_ok, volume_dryup, weekly_volume_dryup, weekly_strong",watchlist,weekly_breakout,watchlist,19.83,64.02,39.72,2.0,41.72,188
WONDERLA.NS,Wonderla Holidays Limited,Consumer Cyclical,Consumer Cyclical,Consumer Cyclical,False,Cash,1,Stage 2 Failed,Stage 2,Failed Stage 2,0.7,Failed Stage 2 cooling period is still active; waiting for a fresh base or confirmed reclaim.,Failed Stage 2 hold period active.,,2026-09-25,,13.73,-4.18,23319625.57,0.31,0.51,0.26,True,True,"Stage 2, Early Stage 2, weekly_vcp_ok, volume_dryup, weekly_volume_dryup, weekly_strong | Failed Stage 2 hold period active.",watchlist,weekly_forming,watchlist,23.86,58.76,39.56,2.0,41.56,189
HIRECT.NS,Hind Rectifiers Limited,Electrical Equipment & Parts,Industrials,Industrials,False,Cash,1,Stage 2,Stage 2,Early Stage 2,0.72,"Price has moved above long-term structure, but the full moving-average stack is not clean yet.",,,2026-10-05,,16.61,63.4,67849303.62,0.46,0.89,0.54,True,True,"Stage 2, Early Stage 2, volume_dryup, weekly_volume_dryup",watchlist,weekly_watchlist,watchlist,36.66,24.8,31.32,10.0,41.32,190
TCPLPACK.NS,TCPL Packaging Limited,Consumer Cyclical,Consumer Cyclical,Consumer Cyclical,False,Cash,1,Stage 2,Stage 2,Clean Stage 2,0.9,"Price is above rising key averages, weekly structure is supportive, and the stock is near its 52-week high.",,,2026-10-05,,42.77,63.55,32298000.07,0.34,0.33,0.27,True,True,"Stage 2, Clean Stage 2, trend_template_ok, volume_dryup, weekly_volume_dryup",watchlist,weekly_watchlist,watchlist,50.2,26.0,39.31,2.0,41.31,191
SAREGAMA.NS,Saregama India Limited,Communication Services,Communication Services,Communication Services,False,Cash,1,Stage 2,Stage 2,Early Stage 2,0.72,"Price has moved above long-term structure, but the full moving-average stack is not clean yet.",,,2026-10-05,,10.43,53.7,185915847.11,0.65,0.4,0.83,True,True,"Stage 2, Early Stage 2, daily_vcp_ok, volume_dryup, weekly_volume_dryup",watchlist,weekly_watchlist,watchlist,40.44,31.21,36.29,5.0,41.29,192
CASTROLIND.NS,Castrol India Limited,Oil & Gas Refining & Marketing,Energy,Energy,False,Cash,1,Stage 2,Stage 2,Clean Stage 2,0.9,"Price is above rising key averages, weekly structure is supportive, and the stock is near its 52-week high.",,,2026-10-05,,17.17,16.69,712347489.99,1.29,0.64,0.63,False,True,"Stage 2, Clean Stage 2, weekly_vcp_ok, weekly_volume_dryup, weekly_strong",watchlist,weekly_breakout,watchlist,15.64,61.19,36.14,5.0,41.14,193
UNICHEMLAB.NS,Unichem Laboratories Limited,Drug Manufacturers - Specialty & Generic,Healthcare,Healthcare,False,Cash,1,Stage 2,Stage 2,Stage 2,0.76,Advancing structure detected.,,,2026-10-05,,-11.12,64.11,167385666.6,1.93,0.22,3.36,False,False,"Stage 2, Stage 2",watchlist,weekly_watchlist,watchlist,34.52,26.9,31.09,10.0,41.09,194
GODREJAGRO.NS,Godrej Agrovet Limited,Packaged Foods,Consumer Defensive,Consumer Defensive,False,Cash,1,Stage 2,Stage 2,Clean Stage 2,0.9,"Price is above rising key averages, weekly structure is supportive, and the stock is near its 52-week high.",,,2026-10-05,,22.16,13.35,127163383.52,0.37,0.23,0.24,True,True,"Stage 2, Clean Stage 2, weekly_vcp_ok, volume_dryup, weekly_volume_dryup, weekly_strong",watchlist,weekly_breakout,watchlist,19.93,62.45,39.06,2.0,41.06,195
MARKSANS.NS,Marksans Pharma Limited,Drug Manufacturers - General,Healthcare,Healthcare,False,Cash,1,Stage 2,Stage 2,Clean Stage 2,0.9,"Price is above rising key averages, weekly structure is supportive, and the stock is near its 52-week high.",,,2026-10-05,,24.05,85.52,671572405.59,0.67,1.4,0.57,True,True,"Stage 2, Clean Stage 2, trend_template_ok, volume_dryup, weekly_volume_dryup",watchlist,weekly_watchlist,watchlist,40.54,30.4,35.98,5.0,40.98,196
WHEELS.NS,Wheels India Limited,Auto Parts,Consumer Cyclical,Consumer Cyclical,False,Cash,1,Stage 2,Stage 2,Extended Stage 2,0.78,"Advancing structure remains intact, but price is stretched versus key moving averages or far above the 52-week low.",,,2026-10-05,,63.01,121.39,1960401208.12,0.58,0.19,0.31,True,True,"Stage 2, Extended Stage 2, trend_template_ok, volume_dryup, weekly_volume_dryup",watchlist,weekly_watchlist,watchlist,43.0,27.2,35.89,5.0,40.89,197
GUJTHEM.NS,Gujarat Themis Biosyn Limited,Drug Manufacturers - Specialty & Generic,Healthcare,Healthcare,False,Cash,1,Stage 2,Stage 2,Early Stage 2,0.72,"Price has moved above long-term structure, but the full moving-average stack is not clean yet.",,,2026-10-05,,7.71,38.89,160326626.99,0.61,0.38,0.47,True,True,"Stage 2, Early Stage 2, volume_dryup, weekly_volume_dryup",watchlist,weekly_watchlist,watchlist,32.41,28.66,30.72,10.0,40.72,198
RAMRAT.NS,Ram Ratna Wires Limited,Electrical Equipment & Parts,Industrials,Industrials,False,Cash,1,Stage 2,Stage 2,Extended Stage 2,0.78,"Advancing structure remains intact, but price is stretched versus key moving averages or far above the 52-week low.",,,2026-10-05,,61.19,95.56,194493517.51,0.95,0.53,1.47,False,False,"Stage 2, Extended Stage 2, trend_template_ok",watchlist,weekly_watchlist,watchlist,37.02,22.4,30.44,10.0,40.44,199
MARINE.NS,Marine Electricals (India) Limited,Electrical Equipment & Parts,Industrials,Industrials,False,Cash,1,Stage 2,Stage 2,Extended Stage 2,0.78,"Advancing structure remains intact, but price is stretched versus key moving averages or far above the 52-week low.",,,2026-10-05,,89.87,150.41,969472998.96,2.21,1.18,1.31,False,False,"Stage 2, Extended Stage 2, trend_template_ok",watchlist,weekly_watchlist,watchlist,36.84,22.4,30.34,10.0,40.34,200
ASAHIINDIA.NS,Asahi India Glass Limited,Auto Parts,Consumer Cyclical,Consumer Cyclical,False,Cash,1,Stage 2,Stage 2,Early Stage 2,0.72,"Price has moved above long-term structure, but the full moving-average stack is not clean yet.",,,2026-10-05,,12.19,11.08,122931027.47,0.74,0.28,0.67,True,True,"Stage 2, Early Stage 2, daily_vcp_ok, volume_dryup, weekly_volume_dryup",watchlist,weekly_watchlist,watchlist,41.0,28.33,35.3,5.0,40.3,201
SUNPHARMA.NS,Sun Pharmaceutical Industries Limited,Drug Manufacturers - Specialty & Generic,Healthcare,Healthcare,True,F&O,1,Stage 1,Stage 1,Stage 1 - Base/Repair,0.7,Price is near long-term moving averages with no strong long-term downtrend signal.,,,2026-09-10,,-2.16,10.32,2719390630.93,0.87,1.0,0.81,False,True,"Stage 1, Stage 1 - Base/Repair, weekly_vcp_ok, weekly_volume_dryup, weekly_strong, stage1_not_actionable, stage1_needs_more_base",watchlist,weekly_watchlist,watchlist,19.19,43.72,30.23,10.0,40.23,202
PARADEEP.NS,Paradeep Phosphates Limited,Agricultural Inputs,Basic Materials,Basic Materials,False,Cash,1,Stage 2,Stage 2,Early Stage 2,0.72,"Price has moved above long-term structure, but the full moving-average stack is not clean yet.",,,2026-10-05,,15.13,31.5,322384607.18,0.2,0.34,0.22,True,True,"Stage 2, Early Stage 2, weekly_vcp_ok, volume_dryup, weekly_volume_dryup, weekly_strong",watchlist,weekly_near_pivot,watchlist,15.41,70.46,40.18,0.0,40.18,203
TEGA.NS,Tega Industries Limited,Specialty Industrial Machinery,Industrials,Industrials,False,Cash,1,Stage 2,Stage 2,Extended Stage 2,0.78,"Advancing structure remains intact, but price is stretched versus key moving averages or far above the 52-week low.",,,2026-10-05,,30.78,23.16,1852802304.16,1.11,0.37,1.11,False,False,"Stage 2, Extended Stage 2",watchlist,weekly_watchlist,watchlist,32.79,26.99,30.18,10.0,40.18,204
IDFCFIRSTB.NS,IDFC First Bank Limited,Banks - Regional,Financial Services,Financial Services,True,F&O,1,Stage 2,Stage 2,Early Stage 2,0.72,"Price has moved above long-term structure, but the full moving-average stack is not clean yet.",,,2026-10-05,,5.83,26.95,1841747036.66,1.63,1.48,0.92,False,False,"Stage 2, Early Stage 2, weekly_vcp_ok, weekly_strong",watchlist,weekly_forming,watchlist,19.31,61.08,38.11,2.0,40.11,205
SONACOMS.NS,Sona BLW Precision Forgings Limited,Auto Parts,Consumer Cyclical,Consumer Cyclical,True,F&O,1,Stage 2,Stage 2,Clean Stage 2,0.9,"Price is above rising key averages, weekly structure is supportive, and the stock is near its 52-week high.",,,2026-10-05,,27.28,45.29,1809002194.99,1.21,0.84,0.89,False,True,"Stage 2, Clean Stage 2, trend_template_ok, weekly_volume_dryup",watchlist,weekly_watchlist,watchlist,37.5,32.06,35.05,5.0,40.05,206
RPEL.NS,Raghav Productivity Enhancers Limited,Chemicals,Basic Materials,Basic Materials,False,Cash,1,Stage 2,Stage 2,Extended Stage 2,0.78,"Advancing structure remains intact, but price is stretched versus key moving averages or far above the 52-week low.",,,2026-10-05,,47.04,171.18,185644717.42,0.73,0.43,0.96,True,False,"Stage 2, Extended Stage 2, trend_template_ok, volume_dryup",watchlist,weekly_watchlist,watchlist,38.7,30.4,34.97,5.0,39.97,207
INNOVACAP.NS,Innova Captab Limited,Drug Manufacturers - Specialty & Generic,Healthcare,Healthcare,False,Cash,1,Stage 2,Stage 2,Stage 2,0.76,Advancing structure detected.,,,2026-10-05,,19.87,68.55,157568928.47,1.74,0.56,2.26,False,False,"Stage 2, Stage 2, trend_template_ok",watchlist,weekly_watchlist,watchlist,34.87,23.6,29.8,10.0,39.8,208
JAYNECOIND.NS,Jayaswal Neco Industries Limited,Steel,Basic Materials,Basic Materials,False,Cash,1,Stage 2 Failed,Stage 2,Failed Stage 2,0.7,Failed Stage 2 cooling period is still active; waiting for a fresh base or confirmed reclaim.,Failed Stage 2 hold period active.,,2026-09-30,,11.4,16.46,249211873.96,0.61,0.62,0.89,True,True,"Stage 2, Stage 2, weekly_vcp_ok, volume_dryup, weekly_volume_dryup, weekly_strong | Failed Stage 2 hold period active.",watchlist,weekly_forming,watchlist,13.68,60.59,34.79,5.0,39.79,209
PREMEXPLN.NS,Premier Explosives Limited,Specialty Chemicals,Basic Materials,Basic Materials,False,Cash,1,Stage 2,Stage 2,Stage 2,0.76,Advancing structure detected.,,,2026-10-05,,0.65,49.77,156109546.53,1.0,1.26,1.06,False,False,"Stage 2, Stage 2",watchlist,weekly_watchlist,watchlist,28.72,31.04,29.76,10.0,39.76,210
KRBL.NS,KRBL Limited,Packaged Foods,Consumer Defensive,Consumer Defensive,False,Cash,1,Stage 2,Stage 2,Early Stage 2,0.72,"Price has moved above long-term structure, but the full moving-average stack is not clean yet.",,,2026-10-05,,12.14,19.47,146355515.75,0.53,1.27,0.47,True,True,"Stage 2, Early Stage 2, weekly_vcp_ok, volume_dryup, weekly_volume_dryup, weekly_strong",watchlist,weekly_forming,watchlist,17.86,62.06,37.75,2.0,39.75,211
AEGISLOG.NS,Aegis Logistics Limited,Oil & Gas Refining & Marketing,Energy,Energy,False,Cash,1,Stage 2,Stage 2,Extended Stage 2,0.78,"Advancing structure remains intact, but price is stretched versus key moving averages or far above the 52-week low.",,,2026-10-05,,16.65,127.93,1316005012.67,0.64,1.05,0.82,True,True,"Stage 2, Extended Stage 2, trend_template_ok, volume_dryup, weekly_volume_dryup",watchlist,weekly_watchlist,watchlist,42.82,24.8,34.71,5.0,39.71,212
GRANULES.NS,Granules India Limited,Drug Manufacturers - Specialty & Generic,Healthcare,Healthcare,False,Cash,1,Stage 2,Stage 2,Early Stage 2,0.72,"Price has moved above long-term structure, but the full moving-average stack is not clean yet.",,,2026-10-05,,-0.35,33.46,1171957395.92,0.65,0.43,0.8,True,True,"Stage 2, Early Stage 2, daily_vcp_ok, volume_dryup, weekly_volume_dryup",watchlist,weekly_watchlist,watchlist,38.26,18.91,29.55,10.0,39.55,213
ASKAUTOLTD.NS,ASK Automotive Limited,Auto Parts,Consumer Cyclical,Consumer Cyclical,False,Cash,1,Stage 2,Stage 2,Early Stage 2,0.72,"Price has moved above long-term structure, but the full moving-average stack is not clean yet.",,,2026-10-05,,32.14,39.88,198193031.84,0.38,0.42,0.41,True,True,"Stage 2, Early Stage 2, volume_dryup, weekly_volume_dryup",watchlist,weekly_watchlist,watchlist,40.65,26.4,34.24,5.0,39.24,214
TIIL.NS,Technocraft Industries (India) Limited,Tools & Accessories,Industrials,Industrials,False,Cash,1,Stage 2,Stage 2,Early Stage 2,0.72,"Price has moved above long-term structure, but the full moving-average stack is not clean yet.",,,2026-10-05,,18.34,22.74,91378902.97,0.46,0.61,0.37,True,True,"Stage 2, Early Stage 2, weekly_vcp_ok, volume_dryup, weekly_volume_dryup, weekly_strong",watchlist,weekly_forming,watchlist,16.11,63.01,37.21,2.0,39.21,215
RBLBANK.NS,RBL Bank Limited,Banks - Regional,Financial Services,Financial Services,True,F&O,1,Stage 2,Stage 2,Clean Stage 2,0.9,"Price is above rising key averages, weekly structure is supportive, and the stock is near its 52-week high.",,,2026-10-05,,13.81,32.31,1360414229.32,1.04,0.69,0.9,False,True,"Stage 2, Clean Stage 2, trend_template_ok, weekly_volume_dryup",watchlist,weekly_watchlist,watchlist,34.24,40.81,37.2,2.0,39.2,216
GESHIP.NS,The Great Eastern Shipping Company Limited,Marine Shipping,Industrials,Industrials,False,Cash,1,Stage 2,Stage 2,Early Stage 2,0.72,"Price has moved above long-term structure, but the full moving-average stack is not clean yet.",,,2026-10-05,,13.65,17.64,1342970674.26,0.97,0.76,0.6,False,True,"Stage 2, Early Stage 2, weekly_volume_dryup",watchlist,weekly_watchlist,watchlist,38.65,17.53,29.15,10.0,39.15,217
EMCURE.NS,Emcure Pharmaceuticals Limited,Drug Manufacturers - Specialty & Generic,Healthcare,Healthcare,False,Cash,1,Stage 2,Stage 2,Early Stage 2,0.72,"Price has moved above long-term structure, but the full moving-average stack is not clean yet.",,,2026-10-05,,11.08,21.18,413962611.13,0.66,2.21,1.1,True,False,"Stage 2, Early Stage 2, volume_dryup",watchlist,weekly_watchlist,watchlist,29.67,28.23,29.02,10.0,39.02,218
TVSMOTOR.NS,TVS Motor Company Limited,Auto Manufacturers,Consumer Cyclical,Consumer Cyclical,True,F&O,1,Stage 2,Stage 2,Early Stage 2,0.72,"Price has moved above long-term structure, but the full moving-average stack is not clean yet.",,,2026-10-05,,14.51,7.33,2648057033.45,0.75,0.99,0.71,True,True,"Stage 2, Early Stage 2, weekly_vcp_ok, volume_dryup, weekly_volume_dryup, weekly_strong",watchlist,weekly_forming,watchlist,18.22,59.98,37.01,2.0,39.01,219
ELECTCAST.NS,Electrosteel Castings Limited,Building Products & Equipment,Industrials,Industrials,False,Cash,1,Not Sure,Stage 2,Pending Stage 2,0.55,Stage 2 pending confirmation: needs 3 raw Stage 2 runs; current count 1.,Stage 2 pending confirmation: needs 3 raw Stage 2 runs; current count 1.,,2026-09-14,Stage 2,8.11,-1.49,304728488.76,2.38,2.07,1.45,False,False,"Stage 2, Early Stage 2, weekly_vcp_ok | Stage 2 pending confirmation: needs 3 raw Stage 2 runs; current count 1.",watchlist,weekly_forming,watchlist,34.28,44.76,39.0,0.0,39.0,220
ATHERENERG.NS,Ather Energy Limited,Auto Manufacturers,Consumer Cyclical,Consumer Cyclical,False,Cash,1,Stage 2,Stage 2,Early Stage 2,0.72,"Price has moved above long-term structure, but the full moving-average stack is not clean yet.",,,2026-10-05,,22.59,60.11,5387822279.68,0.77,0.89,0.65,True,True,"Stage 2, Early Stage 2, weekly_vcp_ok, volume_dryup, weekly_volume_dryup, weekly_strong",watchlist,weekly_forming,watchlist,15.05,63.8,36.99,2.0,38.99,221
GUFICBIO.NS,Gufic Biosciences Limited,Drug Manufacturers - Specialty & Generic,Healthcare,Healthcare,False,Cash,1,Stage 2,Stage 2,Clean Stage 2,0.9,"Price is above rising key averages, weekly structure is supportive, and the stock is near its 52-week high.",,,2026-10-05,,17.22,43.47,42437749.9,0.87,0.57,1.21,False,False,"Stage 2, Clean Stage 2, trend_template_ok",watchlist,weekly_watchlist,watchlist,29.06,28.87,28.97,10.0,38.97,222
KRISHANA.NS,Krishana Phoschem Limited,Agricultural Inputs,Basic Materials,Basic Materials,False,Cash,1,Stage 2,Stage 2,Clean Stage 2,0.9,"Price is above rising key averages, weekly structure is supportive, and the stock is near its 52-week high.",,,2026-10-05,,44.81,70.19,146434199.97,0.93,2.28,1.24,False,False,"Stage 2, Clean Stage 2, trend_template_ok",watchlist,weekly_watchlist,watchlist,44.87,31.6,38.9,0.0,38.9,223
HSCL.NS,Himadri Speciality Chemical Limited,Specialty Chemicals,Basic Materials,Basic Materials,False,Cash,1,Stage 3,Stage 3,Stage 3 - Distribution/Damage,0.76,"Prior strength exists, but short-term and/or weekly structure is deteriorating.",,,2026-09-14,,5.86,43.11,1275291094.24,0.28,0.29,0.21,True,True,"Stage 3, Stage 3 - Distribution/Damage, weekly_vcp_ok, volume_dryup, weekly_volume_dryup, weekly_strong, distribution_risk",watchlist,weekly_watchlist,watchlist,15.85,44.7,28.83,10.0,38.83,224
HONASA.NS,Honasa Consumer Limited,Household & Personal Products,Consumer Defensive,Consumer Defensive,False,Cash,1,Stage 2,Stage 2,Stage 2,0.76,Advancing structure detected.,,,2026-10-05,,7.56,45.65,1399957713.94,2.39,16.03,5.72,False,False,"Stage 2, Stage 2",watchlist,weekly_watchlist,watchlist,43.15,28.92,36.75,2.0,38.75,225
MAHSEAMLES.NS,Maharashtra Seamless Limited,Steel,Basic Materials,Basic Materials,False,Cash,1,Stage 2,Stage 2,Clean Stage 2,0.9,"Price is above rising key averages, weekly structure is supportive, and the stock is near its 52-week high.",,,2026-10-05,,20.97,11.56,289771675.82,1.21,0.5,1.48,False,False,"Stage 2, Clean Stage 2, trend_template_ok",watchlist,weekly_watchlist,watchlist,35.13,31.45,33.47,5.0,38.47,226
BOROLTD.NS,Borosil Limited,"Furnishings, Fixtures & Appliances",Consumer Cyclical,Consumer Cyclical,False,Cash,1,Stage 2,Stage 2,Early Stage 2,0.72,"Price has moved above long-term structure, but the full moving-average stack is not clean yet.",,,2026-10-05,,28.87,15.96,111505443.41,0.9,0.2,0.78,False,True,"Stage 2, Early Stage 2, weekly_vcp_ok, weekly_volume_dryup, weekly_strong",watchlist,weekly_near_pivot,watchlist,12.13,70.28,38.3,0.0,38.3,227
DALMIASUG.NS,Dalmia Bharat Sugar and Industries Limited,Consumer Defensive,Consumer Defensive,Consumer Defensive,False,Cash,1,Stage 2,Stage 2,Stage 2,0.76,Advancing structure detected.,,,2026-10-05,,30.27,25.18,125400915.83,0.6,2.39,0.68,True,True,"Stage 2, Stage 2, trend_template_ok, volume_dryup, weekly_volume_dryup",watchlist,weekly_watchlist,watchlist,45.2,29.55,38.16,0.0,38.16,228
BALAMINES.NS,Balaji Amines Limited,Specialty Chemicals,Basic Materials,Basic Materials,False,Cash,1,Stage 2,Stage 2,Stage 2,0.76,Advancing structure detected.,,,2026-10-05,,-0.64,113.24,598760916.17,1.59,12.04,2.93,False,False,"Stage 2, Stage 2",watchlist,weekly_watchlist,watchlist,31.83,23.6,28.13,10.0,38.13,229
DEEPINDS.NS,Deep Industries Limited,Energy,Energy,Energy,False,Cash,1,Stage 2,Stage 2,Extended Stage 2,0.78,"Advancing structure remains intact, but price is stretched versus key moving averages or far above the 52-week low.",,,2026-10-05,,66.21,63.64,227656058.46,0.38,0.5,0.28,True,True,"Stage 2, Extended Stage 2, trend_template_ok, volume_dryup, weekly_volume_dryup",watchlist,weekly_watchlist,watchlist,39.62,24.8,32.95,5.0,37.95,230
AEGISVOPAK.NS,Aegis Vopak Terminals Limited,Energy,Energy,Energy,False,Cash,1,Stage 2,Stage 2,Clean Stage 2,0.9,"Price is above rising key averages, weekly structure is supportive, and the stock is near its 52-week high.",,,2026-10-05,,8.22,56.89,545936482.55,0.83,0.35,0.52,True,True,"Stage 2, Clean Stage 2, trend_template_ok, volume_dryup, weekly_volume_dryup",watchlist,weekly_watchlist,watchlist,38.79,25.71,32.9,5.0,37.9,231
SOUTHBANK.NS,The South Indian Bank Limited,Banks - Regional,Financial Services,Financial Services,False,Cash,1,Stage 2,Stage 2,Clean Stage 2,0.9,"Price is above rising key averages, weekly structure is supportive, and the stock is near its 52-week high.",,,2026-10-05,,8.74,25.24,607025792.9,1.83,0.95,1.02,False,False,"Stage 2, Clean Stage 2, trend_template_ok",watchlist,weekly_watchlist,watchlist,39.2,31.8,35.87,2.0,37.87,232
PARAGMILK.NS,Parag Milk Foods Limited,Packaged Foods,Consumer Defensive,Consumer Defensive,False,Cash,1,Stage 2 Failed,Stage 2,Failed Stage 2,0.7,Failed Stage 2 cooling period is still active; waiting for a fresh base or confirmed reclaim.,Failed Stage 2 hold period active.,,2026-09-22,,38.39,51.33,656024608.79,1.46,3.94,1.61,False,False,"Stage 2, Extended Stage 2 | Failed Stage 2 hold period active.",watchlist,weekly_watchlist,watchlist,37.83,33.2,35.75,2.0,37.75,233
BRIGADE.NS,Brigade Enterprises Limited,Real Estate,Real Estate,Real Estate,False,Cash,1,Stage 2 Failed,Not Sure,Failed Stage 2,0.72,"This stock was recently Stage 2, but the latest structure no longer satisfies Stage 2 rules. It is kept as Stage 2 Failed until a fresh base/repair structure forms.",Recent Stage 2 break; public stage held as Stage 2 Failed.,2026-10-06,2026-09-23,,11.57,6.12,169779967.31,0.49,0.26,0.6,True,True,"Not Sure, Not Sure, weekly_vcp_ok, volume_dryup, weekly_volume_dryup, weekly_strong | Stage 2 failed state applied from stage memory.",watchlist,weekly_watchlist,watchlist,25.99,47.57,35.7,2.0,37.7,234
KARURVYSYA.NS,Karur Vysya Bank Limited,Banks - Regional,Financial Services,Financial Services,False,Cash,1,Stage 2,Stage 2,Early Stage 2,0.72,"Price has moved above long-term structure, but the full moving-average stack is not clean yet.",,,2026-10-05,,11.85,17.67,534505255.48,1.06,0.94,1.18,False,False,"Stage 2, Early Stage 2, weekly_vcp_ok, weekly_strong",watchlist,weekly_forming,watchlist,15.2,60.75,35.7,2.0,37.7,235
CUPID.NS,Cupid Limited,Household & Personal Products,Consumer Defensive,Consumer Defensive,False,Cash,1,Stage 2,Stage 2,Extended Stage 2,0.78,"Advancing structure remains intact, but price is stretched versus key moving averages or far above the 52-week low.",,,2026-10-05,,57.38,251.51,6673560361.51,1.12,1.25,1.03,False,False,"Stage 2, Extended Stage 2, trend_template_ok",watchlist,weekly_watchlist,watchlist,39.37,30.8,35.51,2.0,37.51,236
KTKBANK.NS,The Karnataka Bank Limited,Banks - Regional,Financial Services,Financial Services,False,Cash,1,Stage 2,Stage 2,Clean Stage 2,0.9,"Price is above rising key averages, weekly structure is supportive, and the stock is near its 52-week high.",,,2026-10-05,,23.8,37.51,560120455.26,0.58,0.78,0.5,True,True,"Stage 2, Clean Stage 2, trend_template_ok, volume_dryup, weekly_volume_dryup",watchlist,weekly_watchlist,watchlist,40.12,29.73,35.44,2.0,37.44,237
DYNAMATECH.NS,Dynamatic Technologies Limited,Auto Parts,Consumer Cyclical,Consumer Cyclical,False,Cash,1,Stage 2,Stage 2,Extended Stage 2,0.78,"Advancing structure remains intact, but price is stretched versus key moving averages or far above the 52-week low.",,,2026-10-05,,38.32,38.96,362487277.0,1.54,1.16,1.53,False,False,"Stage 2, Extended Stage 2, trend_template_ok",watchlist,weekly_watchlist,watchlist,37.88,25.73,32.41,5.0,37.41,238
63MOONS.NS,63 moons technologies limited,Software - Application,Technology,Technology,False,Cash,1,Stage 2,Stage 2,Early Stage 2,0.72,"Price has moved above long-term structure, but the full moving-average stack is not clean yet.",,,2026-10-05,,22.79,45.42,371550427.39,0.43,0.21,0.17,True,True,"Stage 2, Early Stage 2, daily_vcp_ok, volume_dryup, weekly_volume_dryup",watchlist,weekly_watchlist,watchlist,40.53,22.42,32.38,5.0,37.38,239
TVSSRICHAK.NS,TVS Srichakra Limited,Auto Parts,Consumer Cyclical,Consumer Cyclical,False,Cash,1,Stage 2,Stage 2,Early Stage 2,0.72,"Price has moved above long-term structure, but the full moving-average stack is not clean yet.",,,2026-10-05,,11.36,18.16,39553766.16,0.16,0.16,0.11,True,True,"Stage 2, Early Stage 2, weekly_vcp_ok, volume_dryup, weekly_volume_dryup, weekly_strong",watchlist,weekly_forming,watchlist,7.45,61.85,31.93,5.0,36.93,240
PGIL.NS,Pearl Global Industries Limited,Apparel Manufacturing,Consumer Cyclical,Consumer Cyclical,False,Cash,1,Stage 2,Stage 2,Clean Stage 2,0.9,"Price is above rising key averages, weekly structure is supportive, and the stock is near its 52-week high.",,,2026-10-05,,32.59,66.68,302311564.73,0.91,1.2,0.49,False,True,"Stage 2, Clean Stage 2, trend_template_ok, weekly_volume_dryup",watchlist,weekly_watchlist,watchlist,38.33,35.2,36.92,0.0,36.92,241
MANYAVAR.NS,Vedant Fashions Limited,Apparel Manufacturing,Consumer Cyclical,Consumer Cyclical,False,Cash,1,Stage 2 Failed,Not Sure,Failed Stage 2,0.72,"This stock was recently Stage 2, but the latest structure no longer satisfies Stage 2 rules. It is kept as Stage 2 Failed until a fresh base/repair structure forms.",Recent Stage 2 break; public stage held as Stage 2 Failed.,2026-10-06,2026-10-05,,35.24,33.23,171326759.17,0.16,0.39,0.2,True,True,"Not Sure, Not Sure, weekly_vcp_ok, volume_dryup, weekly_volume_dryup, weekly_strong | Stage 2 failed state applied from stage memory.",watchlist,weekly_watchlist,watchlist,27.45,48.25,36.81,0.0,36.81,242
TEJASNET.NS,Tejas Networks Limited,Communication Equipment,Technology,Technology,False,Cash,1,Stage 2 Failed,Stage 1,Failed Stage 2,0.72,"This stock was recently Stage 2, but the latest structure no longer satisfies Stage 2 rules. It is kept as Stage 2 Failed until a fresh base/repair structure forms.",Recent Stage 2 break; public stage held as Stage 2 Failed.,2026-10-06,2026-09-25,,-11.1,8.36,776452837.06,0.35,0.45,0.37,True,True,"Stage 1, Stage 1 - Base/Repair, weekly_vcp_ok, volume_dryup, weekly_volume_dryup, weekly_strong, stage1_not_actionable, stage1_needs_more_base | Stage 2 failed state applied from stage memory.",watchlist,weekly_watchlist,watchlist,14.45,41.8,26.76,10.0,36.76,243
DEVYANI.NS,Devyani International Limited,Consumer Cyclical,Consumer Cyclical,Consumer Cyclical,False,Cash,1,Stage 2 Failed,Stage 2,Failed Stage 2,0.7,Failed Stage 2 cooling period is still active; waiting for a fresh base or confirmed reclaim.,Failed Stage 2 hold period active.,,2026-09-30,,20.48,20.16,211636952.16,0.33,0.19,0.25,True,True,"Stage 2, Early Stage 2, weekly_vcp_ok, volume_dryup, weekly_volume_dryup, weekly_strong | Failed Stage 2 hold period active.",watchlist,weekly_forming,watchlist,15.44,58.2,34.68,2.0,36.68,244
LLOYDSENGG.NS,LLOYDS ENGINEERING WORKS LIMITED,Specialty Industrial Machinery,Industrials,Industrials,False,Cash,1,Stage 2,Stage 2,Extended Stage 2,0.78,"Advancing structure remains intact, but price is stretched versus key moving averages or far above the 52-week low.",,,2026-10-05,,16.58,108.81,1260455898.56,1.94,1.05,1.22,False,False,"Stage 2, Extended Stage 2",watchlist,weekly_watchlist,watchlist,20.57,34.0,26.61,10.0,36.61,245
SSWL.NS,Steel Strips Wheels Limited,Auto Parts,Consumer Cyclical,Consumer Cyclical,False,Cash,1,Stage 2,Stage 2,Extended Stage 2,0.78,"Advancing structure remains intact, but price is stretched versus key moving averages or far above the 52-week low.",,,2026-10-05,,77.95,101.37,536760634.26,1.02,1.07,1.08,False,False,"Stage 2, Extended Stage 2, trend_template_ok",watchlist,weekly_watchlist,watchlist,37.53,23.6,31.26,5.0,36.26,246
MBAPL.NS,Madhya Bharat Agro Products Limited,Agricultural Inputs,Basic Materials,Basic Materials,False,Cash,1,Stage 2,Stage 2,Clean Stage 2,0.9,"Price is above rising key averages, weekly structure is supportive, and the stock is near its 52-week high.",,,2026-10-05,,33.2,60.34,144612538.61,0.94,0.48,1.05,False,False,"Stage 2, Clean Stage 2, trend_template_ok",watchlist,weekly_watchlist,watchlist,39.88,31.6,36.15,0.0,36.15,247
MANKIND.NS,Mankind Pharma Limited,Drug Manufacturers - Specialty & Generic,Healthcare,Healthcare,True,F&O,1,Stage 2,Stage 2,Stage 2,0.76,Advancing structure detected.,,,2026-10-05,,3.64,21.09,1353212545.52,1.33,0.65,1.13,False,False,"Stage 2, Stage 2",watchlist,weekly_watchlist,watchlist,23.27,29.67,26.15,10.0,36.15,248
RADICO.NS,Radico Khaitan Limited,Consumer Defensive,Consumer Defensive,Consumer Defensive,False,Cash,1,Stage 2,Stage 2,Early Stage 2,0.72,"Price has moved above long-term structure, but the full moving-average stack is not clean yet.",,,2026-10-05,,14.36,60.04,1171254996.32,1.02,2.6,1.1,False,False,"Stage 2, Early Stage 2",watchlist,weekly_watchlist,watchlist,34.38,38.24,36.12,0.0,36.12,249
JINDALSAW.NS,Jindal Saw Limited,Steel,Basic Materials,Basic Materials,False,Cash,1,Stage 2,Stage 2,Early Stage 2,0.72,"Price has moved above long-term structure, but the full moving-average stack is not clean yet.",,,2026-10-05,,8.34,39.95,457516526.52,0.57,0.46,0.64,True,True,"Stage 2, Early Stage 2, volume_dryup, weekly_volume_dryup",watchlist,weekly_watchlist,watchlist,39.72,20.43,31.04,5.0,36.04,250
TECHM.NS,Tech Mahindra Limited,Information Technology Services,Technology,Technology,True,F&O,1,Stage 2,Stage 2,Early Stage 2,0.72,"Price has moved above long-term structure, but the full moving-average stack is not clean yet.",,,2026-10-05,,8.05,8.37,2751361079.26,0.86,1.3,1.0,False,False,"Stage 2, Early Stage 2, weekly_vcp_ok, weekly_strong",watchlist,weekly_forming,watchlist,13.24,59.44,34.03,2.0,36.03,251
KSB.NS,Ksb Limited,Specialty Industrial Machinery,Industrials,Industrials,False,Cash,1,Stage 1,Stage 1,Stage 1 - Base/Repair,0.7,Price is near long-term moving averages with no strong long-term downtrend signal.,,,2026-08-04,,-8.62,-8.14,361111388.88,2.56,0.39,4.71,False,False,"Stage 1, Stage 1 - Base/Repair, weekly_vcp_ok, weekly_strong, stage1_not_actionable, stage1_needs_more_base",watchlist,weekly_watchlist,watchlist,12.1,42.9,25.96,10.0,35.96,252
BELRISE.NS,Belrise Industries Limited,Auto Parts,Consumer Cyclical,Consumer Cyclical,False,Cash,1,Stage 2,Stage 2,Early Stage 2,0.72,"Price has moved above long-term structure, but the full moving-average stack is not clean yet.",,,2026-10-05,,8.36,16.02,708157981.47,0.75,0.9,0.59,True,True,"Stage 2, Early Stage 2, daily_vcp_ok, volume_dryup, weekly_volume_dryup",watchlist,weekly_watchlist,watchlist,39.48,20.44,30.91,5.0,35.91,253
RBA.NS,Restaurant Brands Asia Limited,Consumer Cyclical,Consumer Cyclical,Consumer Cyclical,False,Cash,1,Stage 2,Stage 2,Messy Stage 2,0.64,"Long-term structure is still constructive, but the short-term/weekly structure is not clean.",,,2026-10-05,,33.98,52.51,281096560.26,0.21,0.52,0.21,True,True,"Stage 2, Messy Stage 2, trend_template_ok, volume_dryup, weekly_volume_dryup",watchlist,weekly_watchlist,watchlist,40.96,24.8,33.69,2.0,35.69,254
THELEELA.NS,Leela Palaces Hotels & Resorts Limited,Lodging,Consumer Cyclical,Consumer Cyclical,False,Cash,1,Stage 2,Stage 2,Clean Stage 2,0.9,"Price is above rising key averages, weekly structure is supportive, and the stock is near its 52-week high.",,,2026-10-05,,25.88,36.71,200894489.28,0.9,1.1,1.39,False,False,"Stage 2, Clean Stage 2, trend_template_ok",watchlist,weekly_watchlist,watchlist,37.75,28.66,33.66,2.0,35.66,255
AIIL.NS,Authum Investment & Infrastructure Limited,Capital Markets,Financial Services,Financial Services,False,Cash,1,Stage 2,Stage 2,Early Stage 2,0.72,"Price has moved above long-term structure, but the full moving-average stack is not clean yet.",,,2026-10-05,,11.66,29.15,252465555.52,0.32,0.12,0.24,True,True,"Stage 2, Early Stage 2, volume_dryup, weekly_volume_dryup",watchlist,weekly_watchlist,watchlist,40.08,30.08,35.58,0.0,35.58,256
CHENNPETRO.NS,Chennai Petroleum Corporation Limited,Oil & Gas Refining & Marketing,Energy,Energy,False,Cash,1,Stage 2,Stage 2,Stage 2,0.76,Advancing structure detected.,,,2026-10-05,,28.88,56.07,2892098801.83,0.71,0.57,0.59,True,True,"Stage 2, Stage 2, trend_template_ok, volume_dryup, weekly_volume_dryup",watchlist,weekly_watchlist,watchlist,35.3,24.8,30.57,5.0,35.57,257
DEEDEV.NS,DEE Development Engineers Limited,Metal Fabrication,Industrials,Industrials,False,Cash,1,Stage 2,Stage 2,Stage 2,0.76,Advancing structure detected.,,,2026-10-05,,0.98,90.87,128275745.73,0.68,0.48,0.67,True,True,"Stage 2, Stage 2, volume_dryup, weekly_volume_dryup",watchlist,weekly_watchlist,watchlist,19.27,33.2,25.54,10.0,35.54,258
ORCHPHARMA.NS,Orchid Pharma Limited,Drug Manufacturers - Specialty & Generic,Healthcare,Healthcare,False,Cash,1,Stage 2,Stage 2,Stage 2,0.76,Advancing structure detected.,,,2026-10-05,,4.04,84.98,134172138.39,0.87,0.63,0.6,False,True,"Stage 2, Stage 2, weekly_volume_dryup",watchlist,weekly_watchlist,watchlist,19.83,32.0,25.31,10.0,35.31,259
INDOTECH.NS,Indo Tech Transformers Limited,Electrical Equipment & Parts,Industrials,Industrials,False,Cash,1,Stage 2,Stage 2,Messy Stage 2,0.64,"Long-term structure is still constructive, but the short-term/weekly structure is not clean.",,,2026-10-05,,11.49,154.08,60065275.19,0.93,1.35,1.21,False,False,"Stage 2, Messy Stage 2",watchlist,weekly_watchlist,watchlist,16.25,36.2,25.23,10.0,35.23,260
SANSERA.NS,Sansera Engineering Limited,Auto Parts,Consumer Cyclical,Consumer Cyclical,False,Cash,1,Stage 2,Stage 2,Extended Stage 2,0.78,"Advancing structure remains intact, but price is stretched versus key moving averages or far above the 52-week low.",,,2026-10-05,,32.87,81.43,1422911098.51,1.36,0.98,0.96,False,False,"Stage 2, Extended Stage 2, trend_template_ok",watchlist,weekly_watchlist,watchlist,36.62,22.4,30.22,5.0,35.22,261
IMAGICAA.NS,Imagicaaworld Entertainment Limited,Communication Services,Communication Services,Communication Services,False,Cash,1,Stage 2,Stage 2,Early Stage 2,0.72,"Price has moved above long-term structure, but the full moving-average stack is not clean yet.",,,2026-10-05,,13.06,8.94,39982650.05,0.34,0.18,0.36,True,True,"Stage 2, Early Stage 2, weekly_vcp_ok, volume_dryup, weekly_volume_dryup, weekly_strong",watchlist,weekly_forming,watchlist,5.82,60.0,30.2,5.0,35.2,262
MSTCLTD.NS,Mstc Limited,Conglomerates,Industrials,Industrials,False,Cash,1,Stage 2,Stage 2,Clean Stage 2,0.9,"Price is above rising key averages, weekly structure is supportive, and the stock is near its 52-week high.",,,2026-10-05,,11.48,71.65,175979068.8,0.69,0.55,0.61,True,True,"Stage 2, Clean Stage 2, trend_template_ok, volume_dryup, weekly_volume_dryup",watchlist,weekly_watchlist,watchlist,38.83,26.0,33.06,2.0,35.06,263
HNDFDS.NS,Hindustan Foods Limited,Conglomerates,Industrials,Industrials,False,Cash,1,Stage 2,Stage 2,Early Stage 2,0.72,"Price has moved above long-term structure, but the full moving-average stack is not clean yet.",,,2026-10-05,,14.44,17.44,48549941.26,0.71,0.82,1.04,True,False,"Stage 2, Early Stage 2, weekly_vcp_ok, volume_dryup, weekly_strong",watchlist,weekly_forming,watchlist,9.21,62.09,33.01,2.0,35.01,264
ZYDUSLIFE.NS,Zydus Lifesciences Limited,Drug Manufacturers - Specialty & Generic,Healthcare,Healthcare,True,F&O,1,Stage 2,Stage 2,Stage 2,0.76,Advancing structure detected.,,,2026-10-05,,4.76,27.62,1811123012.88,1.3,1.05,1.31,False,False,"Stage 2, Stage 2",watchlist,weekly_watchlist,watchlist,16.07,35.24,24.7,10.0,34.7,265
SCHAEFFLER.NS,Schaeffler India Limited,Auto Parts,Consumer Cyclical,Consumer Cyclical,False,Cash,1,Stage 1,Stage 1,Stage 1 - Base/Repair,0.7,Price is near long-term moving averages with no strong long-term downtrend signal.,,,2026-07-29,,-1.0,-0.6,199652636.24,0.78,0.86,0.99,True,False,"Stage 1, Stage 1 - Base/Repair, weekly_vcp_ok, volume_dryup, weekly_strong, stage1_not_actionable, stage1_needs_more_base",watchlist,weekly_watchlist,watchlist,17.86,44.0,29.62,5.0,34.62,266
AXISCADES.NS,AXISCADES Technologies Limited,Engineering & Construction,Industrials,Industrials,False,Cash,1,Stage 2,Stage 2,Extended Stage 2,0.78,"Advancing structure remains intact, but price is stretched versus key moving averages or far above the 52-week low.",,,2026-10-05,,47.14,36.42,637785581.15,1.85,0.53,2.86,False,False,"Stage 2, Extended Stage 2",watchlist,weekly_watchlist,watchlist,34.9,34.0,34.5,0.0,34.5,267
AARTIPHARM.NS,Aarti Pharmalabs Limited,Drug Manufacturers - Specialty & Generic,Healthcare,Healthcare,False,Cash,1,Stage 2,Stage 2,Early Stage 2,0.72,"Price has moved above long-term structure, but the full moving-average stack is not clean yet.",,,2026-10-05,,42.39,42.14,733500400.56,0.9,0.78,0.59,False,True,"Stage 2, Early Stage 2, weekly_volume_dryup",watchlist,weekly_watchlist,watchlist,23.1,26.0,24.41,10.0,34.41,268
HIKAL.NS,Hikal Limited,Drug Manufacturers - Specialty & Generic,Healthcare,Healthcare,False,Cash,1,Stage 2 Failed,Stage 2,Failed Stage 2,0.7,Failed Stage 2 cooling period is still active; waiting for a fresh base or confirmed reclaim.,Failed Stage 2 hold period active.,,2026-09-23,,1.73,26.9,249047142.44,0.45,0.23,0.34,True,True,"Stage 2, Stage 2, volume_dryup, weekly_volume_dryup | Failed Stage 2 hold period active.",watchlist,weekly_watchlist,watchlist,25.07,23.26,24.26,10.0,34.26,269
ELECON.NS,Elecon Engineering Company Limited,Specialty Industrial Machinery,Industrials,Industrials,False,Cash,1,Stage 4,Stage 4,Stage 4 - Weak/Declining,0.72,Price is below long-term support with weak trend evidence.,,,2026-07-06,,-8.26,7.53,1073388290.47,3.42,0.16,0.57,False,True,"Stage 4, Stage 4 - Weak/Declining, weekly_vcp_ok, weekly_volume_dryup, weekly_strong, downtrend",watchlist,weekly_watchlist,watchlist,8.2,43.8,24.22,10.0,34.22,270
CARRARO.NS,Carraro India Limited,Auto Parts,Consumer Cyclical,Consumer Cyclical,False,Cash,1,Stage 2 Failed,Stage 1,Failed Stage 2,0.72,"This stock was recently Stage 2, but the latest structure no longer satisfies Stage 2 rules. It is kept as Stage 2 Failed until a fresh base/repair structure forms.",Recent Stage 2 break; public stage held as Stage 2 Failed.,2026-10-06,2026-09-25,,-0.49,11.59,60152438.85,0.84,0.31,0.95,True,False,"Stage 1, Stage 1 - Base/Repair, weekly_vcp_ok, volume_dryup, weekly_strong, stage1_not_actionable, stage1_needs_more_base | Stage 2 failed state applied from stage memory.",watchlist,weekly_watchlist,watchlist,16.02,45.11,29.11,5.0,34.11,271
ABB.NS,ABB India Limited,Specialty Industrial Machinery,Industrials,Industrials,True,F&O,1,Stage 2 Failed,Stage 2,Failed Stage 2,0.7,Failed Stage 2 cooling period is still active; waiting for a fresh base or confirmed reclaim.,Failed Stage 2 hold period active.,,2026-09-28,,10.3,6.32,1287441727.2,0.81,1.39,0.98,True,False,"Stage 2, Messy Stage 2, volume_dryup | Failed Stage 2 hold period active.",watchlist,weekly_watchlist,watchlist,23.39,24.46,23.87,10.0,33.87,272
SHAKTIPUMP.NS,Shakti Pumps (India) Limited,Specialty Industrial Machinery,Industrials,Industrials,False,Cash,1,Stage 4,Stage 4,Stage 4 - Confirmed Downtrend,0.86,Price is below a bearish moving-average stack with falling trend signals.,,,,,-17.64,-9.09,544701171.23,0.58,1.14,0.68,True,True,"Stage 4, Stage 4 - Confirmed Downtrend, weekly_vcp_ok, volume_dryup, weekly_volume_dryup, weekly_strong, downtrend",watchlist,weekly_watchlist,watchlist,13.68,35.8,23.63,10.0,33.63,273
TFCILTD.NS,Tourism Finance Corporation of India Limited,Credit Services,Financial Services,Financial Services,False,Cash,1,Stage 2,Stage 2,Extended Stage 2,0.78,"Advancing structure remains intact, but price is stretched versus key moving averages or far above the 52-week low.",,,2026-10-05,,92.77,104.83,1645758694.64,1.13,0.29,0.75,False,True,"Stage 2, Extended Stage 2, trend_template_ok, weekly_volume_dryup",watchlist,weekly_watchlist,watchlist,36.25,30.4,33.62,0.0,33.62,274
IKS.NS,Inventurus Knowledge Solutions Limited,Healthcare,Healthcare,Healthcare,False,Cash,1,Stage 2 Failed,Stage 1,Failed Stage 2,0.72,"This stock was recently Stage 2, but the latest structure no longer satisfies Stage 2 rules. It is kept as Stage 2 Failed until a fresh base/repair structure forms.",Recent Stage 2 break; public stage held as Stage 2 Failed.,2026-10-06,2026-09-25,,-0.84,15.21,401354384.74,1.61,0.34,0.77,False,True,"Stage 1, Stage 1 - Base/Repair, weekly_vcp_ok, weekly_volume_dryup, weekly_strong, stage1_not_actionable, stage1_needs_more_base | Stage 2 failed state applied from stage memory.",watchlist,weekly_watchlist,watchlist,16.66,43.24,28.62,5.0,33.62,275
PNB.NS,Punjab National Bank,Banks - Regional,Financial Services,Financial Services,True,F&O,1,Stage 1,Stage 1,Stage 1 - Unclear/Repair,0.58,Not enough evidence for Stage 2 or Stage 4; classified as repair/unclear structure.,,,2026-09-08,,10.81,4.85,1383835269.78,0.96,0.68,0.75,False,True,"Stage 1, Stage 1 - Unclear/Repair, weekly_vcp_ok, weekly_volume_dryup, weekly_strong, stage1_not_actionable, stage1_needs_more_base",watchlist,weekly_watchlist,watchlist,16.09,50.57,31.61,2.0,33.61,276
POLYMED.NS,Poly Medicure Limited,Healthcare,Healthcare,Healthcare,False,Cash,1,Stage 2 Failed,Stage 3,Failed Stage 2,0.72,"This stock was recently Stage 2, but the latest structure no longer satisfies Stage 2 rules. It is kept as Stage 2 Failed until a fresh base/repair structure forms.",Recent Stage 2 break; public stage held as Stage 2 Failed.,2026-10-06,2026-09-25,,4.1,12.79,165582943.24,0.7,0.68,0.76,True,True,"Stage 3, Stage 3 - Transition, weekly_vcp_ok, volume_dryup, weekly_volume_dryup, weekly_strong, distribution_risk | Stage 2 failed state applied from stage memory.",watchlist,weekly_watchlist,watchlist,17.84,41.49,28.48,5.0,33.48,277
PPLPHARMA.NS,Piramal Pharma Limited,Drug Manufacturers - Specialty & Generic,Healthcare,Healthcare,False,Cash,1,Stage 2,Stage 2,Early Stage 2,0.72,"Price has moved above long-term structure, but the full moving-average stack is not clean yet.",,,2026-10-05,,17.82,37.74,583023161.26,0.58,0.47,0.37,True,True,"Stage 2, Early Stage 2, volume_dryup, weekly_volume_dryup",watchlist,weekly_watchlist,watchlist,21.29,25.96,23.39,10.0,33.39,278
HONAUT.NS,Honeywell Automation India Limited,Electrical Equipment & Parts,Industrials,Industrials,False,Cash,1,Stage 3,Stage 3,Stage 3 - Distribution/Damage,0.76,"Prior strength exists, but short-term and/or weekly structure is deteriorating.",,,2026-09-04,,-6.33,25.61,153633568.25,1.06,0.52,1.69,False,False,"Stage 3, Stage 3 - Distribution/Damage, weekly_vcp_ok, weekly_strong, distribution_risk",watchlist,weekly_watchlist,watchlist,8.25,41.73,23.32,10.0,33.32,279
MAHABANK.NS,Bank of Maharashtra,Banks - Regional,Financial Services,Financial Services,False,Cash,1,Stage 2,Stage 2,Early Stage 2,0.72,"Price has moved above long-term structure, but the full moving-average stack is not clean yet.",,,2026-10-05,,0.54,17.79,1038563883.44,0.91,0.53,0.75,False,True,"Stage 2, Early Stage 2, weekly_volume_dryup",watchlist,weekly_watchlist,watchlist,34.07,27.83,31.26,2.0,33.26,280
SHAILY.NS,Shaily Engineering Plastics Limited,Specialty Chemicals,Basic Materials,Basic Materials,False,Cash,1,Stage 2,Stage 2,Early Stage 2,0.72,"Price has moved above long-term structure, but the full moving-average stack is not clean yet.",,,2026-10-05,,18.91,59.93,492493249.78,0.66,0.61,0.58,True,True,"Stage 2, Early Stage 2, volume_dryup, weekly_volume_dryup",watchlist,weekly_watchlist,watchlist,22.1,24.68,23.26,10.0,33.26,281
TBOTEK.NS,TBO Tek Limited,Consumer Cyclical,Consumer Cyclical,Consumer Cyclical,False,Cash,1,Stage 2,Stage 2,Early Stage 2,0.72,"Price has moved above long-term structure, but the full moving-average stack is not clean yet.",,,2026-10-05,,17.74,44.29,265809014.98,0.63,1.1,0.81,True,True,"Stage 2, Early Stage 2, volume_dryup, weekly_volume_dryup",watchlist,weekly_watchlist,watchlist,33.17,28.6,31.11,2.0,33.11,282
JINDALSTEL.NS,JINDAL STEEL LIMITED,Steel,Basic Materials,Basic Materials,True,F&O,1,Stage 2 Failed,Stage 1,Failed Stage 2,0.72,"This stock was recently Stage 2, but the latest structure no longer satisfies Stage 2 rules. It is kept as Stage 2 Failed until a fresh base/repair structure forms.",Recent Stage 2 break; public stage held as Stage 2 Failed.,2026-10-06,2026-09-25,,8.11,-9.89,958373704.35,1.28,6.21,1.78,False,False,"Stage 1, Stage 1 - Base/Repair, weekly_vcp_ok, weekly_strong, stage1_not_actionable, stage1_needs_more_base | Stage 2 failed state applied from stage memory.",watchlist,weekly_watchlist,watchlist,16.2,41.8,27.72,5.0,32.72,283
TI.NS,Tilaknagar Industries Limited,Consumer Defensive,Consumer Defensive,Consumer Defensive,False,Cash,1,Stage 2,Stage 2,Messy Stage 2,0.64,"Long-term structure is still constructive, but the short-term/weekly structure is not clean.",,,2026-10-05,,27.42,28.91,499084427.62,0.96,3.63,0.96,False,False,"Stage 2, Messy Stage 2, trend_template_ok",watchlist,weekly_watchlist,watchlist,42.0,21.23,32.65,0.0,32.65,284
KIRLOSENG.NS,Kirloskar Oil Engines Limited,Specialty Industrial Machinery,Industrials,Industrials,False,Cash,1,Stage 2,Stage 2,Stage 2,0.76,Advancing structure detected.,,,2026-10-05,,-1.72,54.98,1634186289.91,1.81,0.63,3.14,False,False,"Stage 2, Stage 2",watchlist,weekly_watchlist,watchlist,15.53,31.33,22.64,10.0,32.64,285
NORTHARC.NS,Northern Arc Capital Limited,Credit Services,Financial Services,Financial Services,False,Cash,1,Stage 2,Stage 2,Stage 2,0.76,Advancing structure detected.,,,2026-10-05,,1.5,25.91,287202533.38,0.47,0.44,0.5,True,True,"Stage 2, Stage 2, volume_dryup, weekly_volume_dryup",watchlist,weekly_watchlist,watchlist,35.64,28.74,32.53,0.0,32.53,286
BANSALWIRE.NS,Bansal Wire Industries Limited,Steel,Basic Materials,Basic Materials,False,Cash,1,Stage 2,Stage 2,Stage 2,0.76,Advancing structure detected.,,,2026-10-05,,4.2,20.35,33107921.87,1.19,1.19,0.84,False,True,"Stage 2, Stage 2, weekly_volume_dryup",watchlist,weekly_watchlist,watchlist,29.47,24.86,27.4,5.0,32.4,287
GRINDWELL.NS,Grindwell Norton Limited,Building Products & Equipment,Industrials,Industrials,False,Cash,1,Stage 2 Failed,Stage 2,Failed Stage 2,0.7,Failed Stage 2 cooling period is still active; waiting for a fresh base or confirmed reclaim.,Failed Stage 2 hold period active.,,2026-09-21,,6.2,38.36,61067949.92,1.16,1.4,1.49,False,False,"Stage 2, Stage 2 | Failed Stage 2 hold period active.",watchlist,weekly_watchlist,watchlist,33.95,30.46,32.38,0.0,32.38,288
VGUARD.NS,V-Guard Industries Limited,Electrical Equipment & Parts,Industrials,Industrials,False,Cash,1,Stage 2 Failed,Stage 4,Failed Stage 2,0.72,"This stock was recently Stage 2, but the latest structure no longer satisfies Stage 2 rules. It is kept as Stage 2 Failed until a fresh base/repair structure forms.",Recent Stage 2 break; public stage held as Stage 2 Failed.,2026-10-06,2026-09-21,,5.11,-5.38,115383503.55,0.24,0.88,0.29,True,True,"Stage 4, Stage 4 - Weak/Declining, weekly_vcp_ok, volume_dryup, weekly_volume_dryup, weekly_strong, downtrend | Stage 2 failed state applied from stage memory.",watchlist,weekly_watchlist,watchlist,11.32,35.8,22.34,10.0,32.34,289
METROPOLIS.NS,Metropolis Healthcare Limited,Diagnostics & Research,Healthcare,Healthcare,False,Cash,1,Stage 2,Stage 2,Early Stage 2,0.72,"Price has moved above long-term structure, but the full moving-average stack is not clean yet.",,,2026-10-05,,1.94,20.6,128793214.56,0.98,1.53,1.29,False,False,"Stage 2, Early Stage 2",watchlist,weekly_watchlist,watchlist,17.46,28.25,22.32,10.0,32.32,290
BASF.NS,BASF India Limited,Specialty Chemicals,Basic Materials,Basic Materials,False,Cash,1,Stage 4,Stage 4,Stage 4 - Weak/Declining,0.72,Price is below long-term support with weak trend evidence.,,,2026-09-08,,5.15,-2.35,65514580.13,0.3,1.19,0.31,True,True,"Stage 4, Stage 4 - Weak/Declining, weekly_vcp_ok, volume_dryup, weekly_volume_dryup, weekly_strong, downtrend",watchlist,weekly_watchlist,watchlist,10.63,36.08,22.08,10.0,32.08,291
RAYMONDREL.NS,Raymond Realty Limited,Real Estate,Real Estate,Real Estate,False,Cash,1,Stage 2,Stage 2,Stage 2,0.76,Advancing structure detected.,,,2026-10-05,,5.75,63.71,1896173169.89,3.61,1.43,0.99,False,False,"Stage 2, Stage 2",watchlist,weekly_watchlist,watchlist,21.09,40.95,30.03,2.0,32.03,292
GRSE.NS,Garden Reach Shipbuilders & Engineers Limited,Aerospace & Defense,Industrials,Industrials,False,Cash,1,Stage 4,Stage 4,Stage 4 - Weak/Declining,0.72,Price is below long-term support with weak trend evidence.,,,2026-07-08,,-14.85,-14.17,735527733.87,0.75,0.87,0.78,True,True,"Stage 4, Stage 4 - Weak/Declining, weekly_vcp_ok, volume_dryup, weekly_volume_dryup, weekly_strong, downtrend",watchlist,weekly_watchlist,watchlist,10.71,35.8,22.0,10.0,32.0,293
JUBLCPL.NS,Jubilant Agri and Consumer Products Limited,Specialty Chemicals,Basic Materials,Basic Materials,False,Cash,1,Stage 2 Failed,Stage 3,Failed Stage 2,0.72,"This stock was recently Stage 2, but the latest structure no longer satisfies Stage 2 rules. It is kept as Stage 2 Failed until a fresh base/repair structure forms.",Recent Stage 2 break; public stage held as Stage 2 Failed.,2026-10-06,2026-09-29,,0.61,16.24,16827757.34,0.41,0.55,0.32,True,True,"Stage 3, Stage 3 - Transition, weekly_vcp_ok, volume_dryup, weekly_volume_dryup, weekly_strong, distribution_risk | Stage 2 failed state applied from stage memory.",watchlist,weekly_watchlist,watchlist,4.88,42.58,21.85,10.0,31.85,294
WELENT.NS,Welspun Enterprises Limited,Engineering & Construction,Industrials,Industrials,False,Cash,1,Stage 2,Stage 2,Stage 2,0.76,Advancing structure detected.,,,2026-10-05,,21.62,63.89,525875464.41,0.48,0.19,0.4,True,True,"Stage 2, Stage 2, trend_template_ok, volume_dryup, weekly_volume_dryup",watchlist,weekly_watchlist,watchlist,37.24,24.8,31.64,0.0,31.64,295
ASIANPAINT.NS,Asian Paints Limited,Specialty Chemicals,Basic Materials,Basic Materials,True,F&O,1,Stage 4,Stage 4,Stage 4 - Weak/Declining,0.72,Price is below long-term support with weak trend evidence.,,,2026-08-20,,-4.84,4.78,1329384126.55,0.84,0.78,0.8,True,True,"Stage 4, Stage 4 - Weak/Declining, weekly_vcp_ok, volume_dryup, weekly_volume_dryup, weekly_strong, downtrend",watchlist,weekly_watchlist,watchlist,9.32,35.8,21.24,10.0,31.24,296
PTC.NS,PTC India Limited,Utilities,Utilities,Utilities,False,Cash,1,Not Sure,Stage 3,Pending Stage 3,0.55,Blocked public stage jump Stage 1 -> Stage 3; waiting for intermediate/confirmed structure.,Blocked public stage jump Stage 1 -> Stage 3; waiting for intermediate/confirmed structure.,,2026-07-06,Stage 3,7.37,5.25,207776091.29,0.62,2.35,0.81,True,True,"Stage 3, Stage 3 - Distribution/Damage, weekly_vcp_ok, volume_dryup, weekly_volume_dryup, weekly_strong, distribution_risk | Blocked public stage jump Stage 1 -> Stage 3; waiting for intermediate/confirmed structure.",watchlist,weekly_watchlist,watchlist,23.17,41.06,31.22,0.0,31.22,297
NAVA.NS,NAVA LIMITED,Conglomerates,Industrials,Industrials,False,Cash,1,Not Sure,Stage 1,Pending Stage 1,0.55,Blocked public stage jump Stage 4 -> Stage 1; waiting for intermediate/confirmed structure.,Blocked public stage jump Stage 4 -> Stage 1; waiting for intermediate/confirmed structure.,,2026-06-04,Stage 1,1.91,-2.75,154496775.94,1.11,2.31,1.33,False,False,"Stage 1, Stage 1 - Base/Repair, weekly_vcp_ok, weekly_strong, stage1_not_actionable, stage1_needs_more_base | Blocked public stage jump Stage 4 -> Stage 1; waiting for intermediate/confirmed structure.",watchlist,weekly_watchlist,watchlist,18.0,42.9,29.2,2.0,31.2,298
ARVIND.NS,Arvind Limited,Textile Manufacturing,Consumer Cyclical,Consumer Cyclical,False,Cash,1,Stage 2,Stage 2,Early Stage 2,0.72,"Price has moved above long-term structure, but the full moving-average stack is not clean yet.",,,2026-10-05,,5.72,39.01,354396804.28,0.71,0.53,0.7,True,True,"Stage 2, Early Stage 2, volume_dryup, weekly_volume_dryup",watchlist,weekly_watchlist,watchlist,21.1,21.27,21.18,10.0,31.18,299
ARE&M.NS,Amara Raja Energy & Mobility Limited,Electrical Equipment & Parts,Industrials,Industrials,False,Cash,1,Stage 4,Stage 4,Stage 4 - Weak/Declining,0.72,Price is below long-term support with weak trend evidence.,,,2026-08-28,,-11.4,2.01,306706841.12,0.48,0.76,0.47,True,True,"Stage 4, Stage 4 - Weak/Declining, weekly_vcp_ok, volume_dryup, weekly_volume_dryup, weekly_strong, downtrend",watchlist,weekly_watchlist,watchlist,9.2,35.8,21.17,10.0,31.17,300
JUBLINGREA.NS,Jubilant Ingrevia Limited,Specialty Chemicals,Basic Materials,Basic Materials,False,Cash,1,Stage 4,Stage 4,Stage 4 - Weak/Declining,0.72,Price is below long-term support with weak trend evidence.,,,2026-09-09,,-5.02,0.58,197734421.48,1.2,0.64,1.04,False,False,"Stage 4, Stage 4 - Weak/Declining, weekly_vcp_ok, weekly_strong, downtrend",watchlist,weekly_watchlist,watchlist,8.2,36.9,21.12,10.0,31.12,301
ANANTRAJ.NS,Anant Raj Limited,Real Estate,Real Estate,Real Estate,False,Cash,1,Stage 2,Stage 2,Early Stage 2,0.72,"Price has moved above long-term structure, but the full moving-average stack is not clean yet.",,,2026-10-05,,11.73,25.79,910076245.64,0.69,0.5,0.54,True,True,"Stage 2, Early Stage 2, volume_dryup, weekly_volume_dryup",watchlist,weekly_watchlist,watchlist,31.46,26.15,29.07,2.0,31.07,302
PHOENIXLTD.NS,The Phoenix Mills Limited,Real Estate,Real Estate,Real Estate,True,F&O,1,Stage 2,Stage 2,Messy Stage 2,0.64,"Long-term structure is still constructive, but the short-term/weekly structure is not clean.",,,2026-10-05,,-5.04,11.14,780308970.09,1.04,1.57,1.1,False,False,"Stage 2, Messy Stage 2",watchlist,weekly_watchlist,watchlist,33.39,23.41,28.9,2.0,30.9,303
MOTHERSON.NS,Samvardhana Motherson International Limited,Auto Parts,Consumer Cyclical,Consumer Cyclical,True,F&O,1,Stage 2,Stage 2,Early Stage 2,0.72,"Price has moved above long-term structure, but the full moving-average stack is not clean yet.",,,2026-10-05,,16.56,35.4,1743518828.24,0.83,0.64,0.78,True,True,"Stage 2, Early Stage 2, volume_dryup, weekly_volume_dryup",watchlist,weekly_watchlist,watchlist,20.35,32.4,25.77,5.0,30.77,304
NAUKRI.NS,Info Edge (India) Limited,Communication Services,Communication Services,Communication Services,True,F&O,1,Stage 2 Failed,Not Sure,Failed Stage 2,0.72,"This stock was recently Stage 2, but the latest structure no longer satisfies Stage 2 rules. It is kept as Stage 2 Failed until a fresh base/repair structure forms.",Recent Stage 2 break; public stage held as Stage 2 Failed.,2026-10-06,2026-09-23,,8.21,26.46,1797553006.24,0.94,1.22,0.91,False,False,"Not Sure, Not Sure, weekly_vcp_ok, weekly_strong | Stage 2 failed state applied from stage memory.",watchlist,weekly_watchlist,watchlist,6.52,49.27,25.76,5.0,30.76,305
VINATIORGA.NS,Vinati Organics Limited,Specialty Chemicals,Basic Materials,Basic Materials,False,Cash,1,Stage 4,Stage 4,Stage 4 - Confirmed Downtrend,0.86,Price is below a bearish moving-average stack with falling trend signals.,,,,,-6.29,-0.94,65670290.99,0.82,0.59,0.63,True,True,"Stage 4, Stage 4 - Confirmed Downtrend, weekly_vcp_ok, volume_dryup, weekly_volume_dryup, weekly_strong, downtrend",watchlist,weekly_watchlist,watchlist,7.46,36.9,20.71,10.0,30.71,306
ELGIEQUIP.NS,Elgi Equipments Limited,Specialty Industrial Machinery,Industrials,Industrials,False,Cash,1,Stage 2,Stage 2,Early Stage 2,0.72,"Price has moved above long-term structure, but the full moving-average stack is not clean yet.",,,2026-10-05,,9.09,17.59,185742097.1,0.45,0.81,0.52,True,True,"Stage 2, Early Stage 2, volume_dryup, weekly_volume_dryup",watchlist,weekly_watchlist,watchlist,18.67,23.07,20.65,10.0,30.65,307
GLENMARK.NS,Glenmark Pharmaceuticals Limited,Drug Manufacturers - Specialty & Generic,Healthcare,Healthcare,True,F&O,1,Stage 2 Failed,Stage 1,Failed Stage 2,0.72,"This stock was recently Stage 2, but the latest structure no longer satisfies Stage 2 rules. It is kept as Stage 2 Failed until a fresh base/repair structure forms.",Recent Stage 2 break; public stage held as Stage 2 Failed.,2026-10-06,2026-10-05,,5.96,6.32,1300064658.19,1.38,0.9,1.21,False,False,"Stage 1, Stage 1 - Base/Repair, weekly_vcp_ok, weekly_strong, stage1_not_actionable, stage1_needs_more_base | Stage 2 failed state applied from stage memory.",watchlist,weekly_watchlist,watchlist,0.0,45.23,20.35,10.0,30.35,308
ASTRAZEN.NS,AstraZeneca Pharma India Limited,Drug Manufacturers - Specialty & Generic,Healthcare,Healthcare,False,Cash,1,Stage 4,Stage 4,Stage 4 - Confirmed Downtrend,0.86,Price is below a bearish moving-average stack with falling trend signals.,,,,,-21.37,-30.31,55043814.67,0.88,0.73,1.25,False,False,"Stage 4, Stage 4 - Confirmed Downtrend, weekly_vcp_ok, weekly_strong, downtrend",watchlist,weekly_watchlist,watchlist,6.41,36.9,20.13,10.0,30.13,309
MEDANTA.NS,Global Health Limited,Medical Care Facilities,Healthcare,Healthcare,False,Cash,1,Stage 2,Stage 2,Early Stage 2,0.72,"Price has moved above long-term structure, but the full moving-average stack is not clean yet.",,,2026-10-05,,1.14,24.72,353346180.21,0.78,1.33,1.06,True,False,"Stage 2, Early Stage 2, weekly_vcp_ok, volume_dryup",watchlist,weekly_forming,watchlist,16.52,46.69,30.1,0.0,30.1,310
HBLENGINE.NS,HBL Engineering Limited,Electrical Equipment & Parts,Industrials,Industrials,False,Cash,1,Not Sure,Not Sure,Not Sure,0.0,Stage rules did not identify a reliable structure.,No confident stage classification.,,2026-06-26,,4.57,2.62,1610880200.16,1.12,0.29,0.48,False,True,"Not Sure, Not Sure, weekly_volume_dryup",watchlist,weekly_watchlist,watchlist,19.04,20.72,19.8,10.0,29.8,311
CRAFTSMAN.NS,Craftsman Automation Limited,Auto Parts,Consumer Cyclical,Consumer Cyclical,False,Cash,1,Stage 2,Stage 2,Early Stage 2,0.72,"Price has moved above long-term structure, but the full moving-average stack is not clean yet.",,,2026-10-05,,16.25,40.68,573762925.65,0.77,0.43,0.66,True,True,"Stage 2, Early Stage 2, volume_dryup, weekly_volume_dryup",watchlist,weekly_watchlist,watchlist,21.65,28.49,24.73,5.0,29.73,312
JSL.NS,Jindal Stainless Limited,Steel,Basic Materials,Basic Materials,False,Cash,1,Stage 1,Stage 1,Stage 1 - Early Turn,0.66,The stock is improving from a repair/base area but has not confirmed a clean Stage 2 yet.,,,,,10.9,-2.59,942563226.18,1.12,0.46,0.81,False,True,"Stage 1, Stage 1 - Early Turn, stage1_base_ready, weekly_vcp_ok, weekly_volume_dryup, weekly_strong, stage1_not_actionable",watchlist,weekly_watchlist,watchlist,0.0,54.73,24.63,5.0,29.63,313
NETWEB.NS,Netweb Technologies India Limited,Technology,Technology,Technology,False,Cash,1,Stage 2,Stage 2,Early Stage 2,0.72,"Price has moved above long-term structure, but the full moving-average stack is not clean yet.",,,2026-10-05,,14.95,44.34,4439392565.32,0.45,0.63,0.49,True,True,"Stage 2, Early Stage 2, volume_dryup, weekly_volume_dryup",watchlist,weekly_watchlist,watchlist,18.05,21.53,19.62,10.0,29.62,314
POWERINDIA.NS,Hitachi Energy India Limited,Electrical Equipment & Parts,Industrials,Industrials,True,F&O,1,Stage 2 Failed,Stage 1,Failed Stage 2,0.72,"This stock was recently Stage 2, but the latest structure no longer satisfies Stage 2 rules. It is kept as Stage 2 Failed until a fresh base/repair structure forms.",Recent Stage 2 break; public stage held as Stage 2 Failed.,2026-10-06,2026-09-18,,1.68,12.17,3330016660.5,1.05,0.77,1.37,False,False,"Stage 1, Stage 1 - Base/Repair, weekly_vcp_ok, weekly_strong, stage1_not_actionable, stage1_needs_more_base | Stage 2 failed state applied from stage memory.",watchlist,weekly_watchlist,watchlist,0.0,43.19,19.44,10.0,29.44,315
SUVEN.NS,Suven Life Sciences Limited,Drug Manufacturers - Specialty & Generic,Healthcare,Healthcare,False,Cash,1,Stage 2,Stage 2,Messy Stage 2,0.64,"Long-term structure is still constructive, but the short-term/weekly structure is not clean.",,,2026-10-05,,-8.98,63.21,146669086.82,0.66,1.7,0.68,True,True,"Stage 2, Messy Stage 2, volume_dryup, weekly_volume_dryup",watchlist,weekly_watchlist,watchlist,19.01,19.82,19.37,10.0,29.37,316
INDIANB.NS,Indian Bank,Banks - Regional,Financial Services,Financial Services,True,F&O,1,Stage 1,Stage 1,Stage 1 - Base/Repair,0.7,Price is near long-term moving averages with no strong long-term downtrend signal.,,,2026-09-07,,-2.0,-13.25,707009604.72,0.79,0.94,0.68,True,True,"Stage 1, Stage 1 - Base/Repair, weekly_vcp_ok, volume_dryup, weekly_volume_dryup, weekly_strong, stage1_not_actionable, stage1_needs_more_base",watchlist,weekly_watchlist,watchlist,15.15,41.8,27.14,2.0,29.14,317
VESUVIUS.NS,Vesuvius India Limited,Specialty Industrial Machinery,Industrials,Industrials,False,Cash,1,Stage 4,Stage 4,Stage 4 - Confirmed Downtrend,0.86,Price is below a bearish moving-average stack with falling trend signals.,,,,,-8.17,-10.99,266945146.09,4.06,0.85,8.16,False,False,"Stage 4, Stage 4 - Confirmed Downtrend, weekly_vcp_ok, weekly_strong, downtrend",watchlist,weekly_watchlist,watchlist,5.45,35.8,19.11,10.0,29.11,318
TIRUMALCHM.NS,Thirumalai Chemicals Limited,Specialty Chemicals,Basic Materials,Basic Materials,False,Cash,1,Stage 4,Stage 4,Stage 4 - Confirmed Downtrend,0.86,Price is below a bearish moving-average stack with falling trend signals.,,,,,-6.68,-21.67,70117774.26,0.97,0.62,0.45,False,True,"Stage 4, Stage 4 - Confirmed Downtrend, weekly_vcp_ok, weekly_volume_dryup, weekly_strong, downtrend",watchlist,weekly_watchlist,watchlist,4.4,36.9,19.03,10.0,29.03,319
DIXON.NS,Dixon Technologies (India) Limited,Technology,Technology,Technology,True,F&O,1,Stage 3,Stage 3,Stage 3 - Distribution/Damage,0.76,"Prior strength exists, but short-term and/or weekly structure is deteriorating.",,,2026-09-08,,1.28,22.84,4116971250.39,0.83,0.54,0.72,True,True,"Stage 3, Stage 3 - Distribution/Damage, weekly_vcp_ok, volume_dryup, weekly_volume_dryup, weekly_strong, distribution_risk",watchlist,weekly_watchlist,watchlist,0.0,42.21,18.99,10.0,28.99,320
INGERRAND.NS,Ingersoll Rand (India) Limited,Specialty Industrial Machinery,Industrials,Industrials,False,Cash,1,Stage 2 Failed,Stage 1,Failed Stage 2,0.72,"This stock was recently Stage 2, but the latest structure no longer satisfies Stage 2 rules. It is kept as Stage 2 Failed until a fresh base/repair structure forms.",Recent Stage 2 break; public stage held as Stage 2 Failed.,2026-10-06,2026-09-16,,-2.17,6.0,77198032.87,0.51,0.22,0.37,True,True,"Stage 1, Stage 1 - Base/Repair, weekly_vcp_ok, volume_dryup, weekly_volume_dryup, weekly_strong, stage1_not_actionable, stage1_needs_more_base | Stage 2 failed state applied from stage memory.",watchlist,weekly_watchlist,watchlist,0.0,42.18,18.98,10.0,28.98,321
SAPPHIRE.NS,Sapphire Foods India Limited,Consumer Cyclical,Consumer Cyclical,Consumer Cyclical,False,Cash,1,Stage 2 Failed,Not Sure,Failed Stage 2,0.72,"This stock was recently Stage 2, but the latest structure no longer satisfies Stage 2 rules. It is kept as Stage 2 Failed until a fresh base/repair structure forms.",Recent Stage 2 break; public stage held as Stage 2 Failed.,2026-10-06,2026-09-23,,22.94,27.38,186216771.0,0.42,0.33,0.56,True,True,"Not Sure, Not Sure, weekly_vcp_ok, volume_dryup, weekly_volume_dryup, weekly_strong | Stage 2 failed state applied from stage memory.",watchlist,weekly_watchlist,watchlist,6.53,51.93,26.96,2.0,28.96,322
THYROCARE.NS,Thyrocare Technologies Limited,Diagnostics & Research,Healthcare,Healthcare,False,Cash,1,Stage 2,Stage 2,Early Stage 2,0.72,"Price has moved above long-term structure, but the full moving-average stack is not clean yet.",,,2026-10-05,,3.56,35.35,121915805.54,0.44,0.63,0.33,True,True,"Stage 2, Early Stage 2, volume_dryup, weekly_volume_dryup",watchlist,weekly_watchlist,watchlist,18.52,19.49,18.96,10.0,28.96,323
BEL.NS,Bharat Electronics Limited,Aerospace & Defense,Industrials,Industrials,True,F&O,1,Not Sure,Stage 4,Pending Stage 4,0.55,Blocked public stage jump Stage 1 -> Stage 4; waiting for intermediate/confirmed structure.,Blocked public stage jump Stage 1 -> Stage 4; waiting for intermediate/confirmed structure.,,,Stage 4,-1.86,-11.31,3465383380.68,0.81,1.09,0.75,True,True,"Stage 4, Stage 4 - Confirmed Downtrend, weekly_vcp_ok, volume_dryup, weekly_volume_dryup, weekly_strong, downtrend | Blocked public stage jump Stage 1 -> Stage 4; waiting for intermediate/confirmed structure.",watchlist,weekly_watchlist,watchlist,4.13,36.9,18.88,10.0,28.88,324
ATUL.NS,Atul Limited,Specialty Chemicals,Basic Materials,Basic Materials,False,Cash,1,Stage 1,Stage 1,Stage 1 - Unclear/Repair,0.58,Not enough evidence for Stage 2 or Stage 4; classified as repair/unclear structure.,,,2026-07-03,,1.32,-3.58,171378899.07,0.74,1.38,0.76,True,True,"Stage 1, Stage 1 - Unclear/Repair, weekly_vcp_ok, volume_dryup, weekly_volume_dryup, weekly_strong, stage1_not_actionable, stage1_needs_more_base",watchlist,weekly_watchlist,watchlist,0.0,41.8,18.81,10.0,28.81,325
JUNIPER.NS,Juniper Hotels Limited,Lodging,Consumer Cyclical,Consumer Cyclical,False,Cash,1,Not Sure,Stage 2,Pending Stage 2,0.55,Stage 2 pending confirmation: needs 3 raw Stage 2 runs; current count 1.,Stage 2 pending confirmation: needs 3 raw Stage 2 runs; current count 1.,,,Stage 2,15.16,1.18,39036986.74,0.39,0.57,0.41,True,True,"Stage 2, Early Stage 2, weekly_vcp_ok, volume_dryup, weekly_volume_dryup | Stage 2 pending confirmation: needs 3 raw Stage 2 runs; current count 1.",watchlist,weekly_near_pivot,watchlist,4.51,53.73,26.66,2.0,28.66,326
ASTRAMICRO.NS,Astra Microwave Products Limited,Communication Equipment,Technology,Technology,False,Cash,1,Stage 2 Failed,Stage 3,Failed Stage 2,0.72,"This stock was recently Stage 2, but the latest structure no longer satisfies Stage 2 rules. It is kept as Stage 2 Failed until a fresh base/repair structure forms.",Recent Stage 2 break; public stage held as Stage 2 Failed.,2026-10-06,2026-09-15,,-0.66,68.44,463571354.7,0.68,1.96,0.68,True,True,"Stage 3, Stage 3 - Transition, volume_dryup, weekly_volume_dryup, distribution_risk | Stage 2 failed state applied from stage memory.",watchlist,weekly_watchlist,watchlist,26.38,9.18,18.64,10.0,28.64,327
RHIM.NS,RHI MAGNESITA INDIA LIMITED,Metal Fabrication,Industrials,Industrials,False,Cash,1,Stage 4,Stage 4,Stage 4 - Confirmed Downtrend,0.86,Price is below a bearish moving-average stack with falling trend signals.,,,,,-1.99,-0.31,413193192.35,2.6,0.23,0.54,False,True,"Stage 4, Stage 4 - Confirmed Downtrend, weekly_vcp_ok, weekly_volume_dryup, weekly_strong, downtrend",watchlist,weekly_watchlist,watchlist,3.57,36.9,18.57,10.0,28.57,328
SEAMECLTD.NS,Seamec Limited,Marine Shipping,Industrials,Industrials,False,Cash,1,Stage 2,Stage 2,Early Stage 2,0.72,"Price has moved above long-term structure, but the full moving-average stack is not clean yet.",,,2026-10-05,,14.34,5.84,99253186.02,0.5,0.76,0.69,True,True,"Stage 2, Early Stage 2, volume_dryup, weekly_volume_dryup",watchlist,weekly_watchlist,watchlist,18.13,18.82,18.44,10.0,28.44,329
DATAPATTNS.NS,Data Patterns (India) Limited,Aerospace & Defense,Industrials,Industrials,False,Cash,1,Stage 2,Stage 2,Early Stage 2,0.72,"Price has moved above long-term structure, but the full moving-average stack is not clean yet.",,,2026-10-05,,5.2,32.61,2702419870.2,0.45,0.61,0.45,True,True,"Stage 2, Early Stage 2, volume_dryup, weekly_volume_dryup",watchlist,weekly_watchlist,watchlist,16.57,20.58,18.37,10.0,28.37,330
MRF.NS,MRF Limited,Auto Parts,Consumer Cyclical,Consumer Cyclical,False,Cash,1,Stage 4,Stage 4,Stage 4 - Confirmed Downtrend,0.86,Price is below a bearish moving-average stack with falling trend signals.,,,,,-2.52,-8.24,367228975.75,0.7,0.6,0.82,True,True,"Stage 4, Stage 4 - Confirmed Downtrend, weekly_vcp_ok, volume_dryup, weekly_volume_dryup, weekly_strong, downtrend",watchlist,weekly_watchlist,watchlist,12.12,36.9,23.27,5.0,28.27,331
APOLLOHOSP.NS,Apollo Hospitals Enterprise Limited,Medical Care Facilities,Healthcare,Healthcare,True,F&O,1,Stage 2 Failed,Stage 1,Failed Stage 2,0.72,"This stock was recently Stage 2, but the latest structure no longer satisfies Stage 2 rules. It is kept as Stage 2 Failed until a fresh base/repair structure forms.",Recent Stage 2 break; public stage held as Stage 2 Failed.,2026-10-06,2026-09-28,,-5.74,6.25,4135779407.47,1.77,2.78,2.64,False,False,"Stage 1, Stage 1 - Base/Repair, weekly_vcp_ok, weekly_strong, stage1_not_actionable, stage1_needs_more_base | Stage 2 failed state applied from stage memory.",watchlist,weekly_watchlist,watchlist,17.65,41.05,28.18,0.0,28.18,332
BBL.NS,Bharat Bijlee Limited,Electrical Equipment & Parts,Industrials,Industrials,False,Cash,1,Stage 4,Stage 4,Stage 4 - Confirmed Downtrend,0.86,Price is below a bearish moving-average stack with falling trend signals.,,,,,-16.26,-14.12,40714213.37,0.75,1.39,0.82,True,True,"Stage 4, Stage 4 - Confirmed Downtrend, weekly_vcp_ok, volume_dryup, weekly_volume_dryup, weekly_strong, downtrend",watchlist,weekly_watchlist,watchlist,2.78,36.9,18.13,10.0,28.13,333
JSWSTEEL.NS,JSW Steel Limited,Steel,Basic Materials,Basic Materials,True,F&O,1,Stage 2 Failed,Stage 1,Failed Stage 2,0.72,"This stock was recently Stage 2, but the latest structure no longer satisfies Stage 2 rules. It is kept as Stage 2 Failed until a fresh base/repair structure forms.",Recent Stage 2 break; public stage held as Stage 2 Failed.,2026-10-06,2026-09-30,,5.77,6.04,1665923642.16,0.92,0.95,0.91,False,False,"Stage 1, Stage 1 - Base/Repair, weekly_vcp_ok, weekly_strong, stage1_not_actionable, stage1_needs_more_base | Stage 2 failed state applied from stage memory.",watchlist,weekly_watchlist,watchlist,0.0,50.98,22.94,5.0,27.94,334
TATACHEM.NS,Tata Chemicals Limited,Chemicals,Basic Materials,Basic Materials,False,Cash,1,Stage 4,Stage 4,Stage 4 - Confirmed Downtrend,0.86,Price is below a bearish moving-average stack with falling trend signals.,,,,,-9.86,-11.92,2659386781.08,0.67,0.26,0.42,True,True,"Stage 4, Stage 4 - Confirmed Downtrend, weekly_vcp_ok, volume_dryup, weekly_volume_dryup, weekly_strong, downtrend",watchlist,weekly_watchlist,watchlist,12.38,35.8,22.92,5.0,27.92,335
XPROINDIA.NS,Xpro India Limited,Specialty Chemicals,Basic Materials,Basic Materials,False,Cash,1,Stage 2 Failed,Stage 3,Failed Stage 2,0.72,"This stock was recently Stage 2, but the latest structure no longer satisfies Stage 2 rules. It is kept as Stage 2 Failed until a fresh base/repair structure forms.",Recent Stage 2 break; public stage held as Stage 2 Failed.,2026-10-06,2026-09-25,,-16.1,3.1,62739488.27,0.39,0.39,0.3,True,True,"Stage 3, Stage 3 - Distribution/Damage, weekly_vcp_ok, volume_dryup, weekly_volume_dryup, weekly_strong, distribution_risk | Stage 2 failed state applied from stage memory.",watchlist,weekly_watchlist,watchlist,0.0,39.8,17.91,10.0,27.91,336
ONGC.NS,Oil & Natural Gas Corporation Limited,Energy,Energy,Energy,True,F&O,1,Stage 4,Stage 4,Stage 4 - Weak/Declining,0.72,Price is below long-term support with weak trend evidence.,,,2026-06-08,,-3.45,-20.86,2555874095.25,0.97,1.92,1.14,False,False,"Stage 4, Stage 4 - Weak/Declining, weekly_vcp_ok, weekly_strong, downtrend",watchlist,weekly_watchlist,watchlist,12.16,35.8,22.8,5.0,27.8,337
HINDPETRO.NS,Hindustan Petroleum Corporation Limited,Oil & Gas Refining & Marketing,Energy,Energy,True,F&O,1,Stage 4,Stage 4,Stage 4 - Confirmed Downtrend,0.86,Price is below a bearish moving-average stack with falling trend signals.,,,,,-2.0,6.47,1235114534.32,0.73,1.06,0.64,True,True,"Stage 4, Stage 4 - Confirmed Downtrend, weekly_vcp_ok, volume_dryup, weekly_volume_dryup, weekly_strong, downtrend",watchlist,weekly_watchlist,watchlist,11.62,36.25,22.7,5.0,27.7,338
BAJAJHLDNG.NS,Bajaj Holdings & Investment Limited,Asset Management,Financial Services,Financial Services,True,F&O,1,Stage 2 Failed,Stage 3,Failed Stage 2,0.72,"This stock was recently Stage 2, but the latest structure no longer satisfies Stage 2 rules. It is kept as Stage 2 Failed until a fresh base/repair structure forms.",Recent Stage 2 break; public stage held as Stage 2 Failed.,2026-10-06,2026-10-05,,5.39,8.8,429677358.06,1.04,0.9,1.11,False,False,"Stage 3, Stage 3 - Transition, weekly_vcp_ok, weekly_strong, distribution_risk | Stage 2 failed state applied from stage memory.",watchlist,weekly_watchlist,watchlist,14.52,43.42,27.53,0.0,27.53,339
IOC.NS,Indian Oil Corporation Limited,Oil & Gas Refining & Marketing,Energy,Energy,True,F&O,1,Stage 4,Stage 4,Stage 4 - Confirmed Downtrend,0.86,Price is below a bearish moving-average stack with falling trend signals.,,,,,0.18,-5.05,1022871054.61,0.95,0.87,0.97,False,False,"Stage 4, Stage 4 - Confirmed Downtrend, weekly_vcp_ok, weekly_strong, downtrend",watchlist,weekly_watchlist,watchlist,10.48,36.9,22.37,5.0,27.37,340
NHPC.NS,NHPC Limited,Utilities - Renewable,Utilities,Utilities,True,F&O,1,Stage 1,Stage 1,Stage 1 - Base/Repair,0.7,Price is near long-term moving averages with no strong long-term downtrend signal.,,,,,-3.52,-4.76,656452012.8,0.73,0.58,0.62,True,True,"Stage 1, Stage 1 - Base/Repair, weekly_vcp_ok, volume_dryup, weekly_volume_dryup, weekly_strong, stage1_not_actionable, stage1_needs_more_base",watchlist,weekly_watchlist,watchlist,15.52,41.8,27.35,0.0,27.35,341
BECTORFOOD.NS,Mrs. Bectors Food Specialities Limited,Packaged Foods,Consumer Defensive,Consumer Defensive,False,Cash,1,Stage 2 Failed,Not Sure,Failed Stage 2,0.72,"This stock was recently Stage 2, but the latest structure no longer satisfies Stage 2 rules. It is kept as Stage 2 Failed until a fresh base/repair structure forms.",Recent Stage 2 break; public stage held as Stage 2 Failed.,2026-10-06,2026-09-21,,29.0,11.16,227390072.98,0.39,0.29,0.39,True,True,"Not Sure, Not Sure, weekly_vcp_ok, volume_dryup, weekly_volume_dryup, weekly_strong | Stage 2 failed state applied from stage memory.",watchlist,weekly_watchlist,watchlist,5.27,49.82,25.32,2.0,27.32,342
GARFIBRES.NS,Garware Technical Fibres Limited,Textile Manufacturing,Consumer Cyclical,Consumer Cyclical,False,Cash,1,Stage 2,Stage 2,Early Stage 2,0.72,"Price has moved above long-term structure, but the full moving-average stack is not clean yet.",,,2026-10-05,,11.3,25.35,32618102.53,0.45,0.77,0.44,True,True,"Stage 2, Early Stage 2, volume_dryup, weekly_volume_dryup",watchlist,weekly_watchlist,watchlist,11.54,24.07,17.18,10.0,27.18,343
SUNCLAY.NS,Sundaram Clayton Limited,Metal Fabrication,Industrials,Industrials,False,Cash,1,Stage 4,Stage 4,Stage 4 - Weak/Declining,0.72,Price is below long-term support with weak trend evidence.,,,,,-8.02,-9.84,6883781.16,0.79,1.07,0.81,True,True,"Stage 4, Stage 4 - Weak/Declining, weekly_vcp_ok, volume_dryup, weekly_volume_dryup, weekly_strong, downtrend",watchlist,weekly_watchlist,watchlist,0.0,38.0,17.1,10.0,27.1,344
POLYPLEX.NS,Polyplex Corporation Limited,Specialty Chemicals,Basic Materials,Basic Materials,False,Cash,1,Stage 2,Stage 2,Early Stage 2,0.72,"Price has moved above long-term structure, but the full moving-average stack is not clean yet.",,,2026-10-05,,5.19,20.29,47477492.47,0.51,2.37,0.69,True,True,"Stage 2, Early Stage 2, volume_dryup, weekly_volume_dryup",watchlist,weekly_watchlist,watchlist,14.17,20.55,17.04,10.0,27.04,345
CEATLTD.NS,CEAT Limited,Auto Parts,Consumer Cyclical,Consumer Cyclical,False,Cash,1,Stage 4,Stage 4,Stage 4 - Weak/Declining,0.72,Price is below long-term support with weak trend evidence.,,,2026-08-05,,-9.33,-6.72,162923029.84,0.63,0.56,0.61,True,True,"Stage 4, Stage 4 - Weak/Declining, weekly_vcp_ok, volume_dryup, weekly_volume_dryup, weekly_strong, downtrend",watchlist,weekly_watchlist,watchlist,9.86,36.9,22.03,5.0,27.03,346
LUMAXTECH.NS,Lumax Auto Technologies Limited,Auto Parts,Consumer Cyclical,Consumer Cyclical,False,Cash,1,Stage 2,Stage 2,Early Stage 2,0.72,"Price has moved above long-term structure, but the full moving-average stack is not clean yet.",,,2026-10-05,,29.21,3.01,275418825.12,0.53,2.15,0.59,True,True,"Stage 2, Early Stage 2, volume_dryup, weekly_volume_dryup",watchlist,weekly_watchlist,watchlist,21.56,22.42,21.95,5.0,26.95,347
JKTYRE.NS,JK Tyre & Industries Limited,Auto Parts,Consumer Cyclical,Consumer Cyclical,False,Cash,1,Stage 4,Stage 4,Stage 4 - Confirmed Downtrend,0.86,Price is below a bearish moving-average stack with falling trend signals.,,,,,-10.67,-19.98,167970301.55,0.94,0.81,0.99,False,False,"Stage 4, Stage 4 - Confirmed Downtrend, weekly_vcp_ok, weekly_strong, downtrend",watchlist,weekly_watchlist,watchlist,9.66,36.9,21.92,5.0,26.92,348
KALYANKJIL.NS,Kalyan Jewellers India Limited,Luxury Goods,Consumer Cyclical,Consumer Cyclical,True,F&O,1,Stage 2,Stage 2,Early Stage 2,0.72,"Price has moved above long-term structure, but the full moving-average stack is not clean yet.",,,2026-10-05,,20.22,25.46,3358517468.48,0.57,2.11,0.72,True,True,"Stage 2, Early Stage 2, volume_dryup, weekly_volume_dryup",watchlist,weekly_watchlist,watchlist,21.35,22.57,21.9,5.0,26.9,349
TIMETECHNO.NS,Time Technoplast Limited,Consumer Cyclical,Consumer Cyclical,Consumer Cyclical,False,Cash,1,Stage 3,Stage 3,Stage 3 - Distribution/Damage,0.76,"Prior strength exists, but short-term and/or weekly structure is deteriorating.",,,2026-08-20,,4.77,0.95,420742256.69,0.88,1.17,0.68,False,True,"Stage 3, Stage 3 - Distribution/Damage, weekly_vcp_ok, weekly_volume_dryup, weekly_strong, distribution_risk",watchlist,weekly_watchlist,watchlist,11.07,41.47,24.75,2.0,26.75,350
SANGAMIND.NS,Sangam (India) Limited,Textile Manufacturing,Consumer Cyclical,Consumer Cyclical,False,Cash,1,Stage 2,Stage 2,Stage 2,0.76,Advancing structure detected.,,,2026-10-05,,21.72,43.63,32547335.57,2.35,0.66,1.67,False,False,"Stage 2, Stage 2",watchlist,weekly_watchlist,watchlist,10.38,24.53,16.75,10.0,26.75,351
GMRP&UI.NS,GMR Power and Urban Infra Limited,Energy,Energy,Energy,False,Cash,1,Stage 4,Stage 4,Stage 4 - Weak/Declining,0.72,Price is below long-term support with weak trend evidence.,,,,,8.18,-1.22,162235407.97,1.5,1.2,1.23,False,False,"Stage 4, Stage 4 - Weak/Declining, weekly_vcp_ok, weekly_strong, downtrend",watchlist,weekly_watchlist,watchlist,8.57,37.6,21.63,5.0,26.63,352
MEDIASSIST.NS,Medi Assist Healthcare Services Limited,Healthcare,Healthcare,Healthcare,False,Cash,1,Stage 4,Stage 4,Stage 4 - Confirmed Downtrend,0.86,Price is below a bearish moving-average stack with falling trend signals.,,,,,-9.24,-12.74,85384854.98,1.32,0.68,0.98,False,False,"Stage 4, Stage 4 - Confirmed Downtrend, weekly_vcp_ok, weekly_strong, downtrend",watchlist,weekly_watchlist,watchlist,9.1,36.9,21.61,5.0,26.61,353
MAZDOCK.NS,Mazagon Dock Shipbuilders Limited,Aerospace & Defense,Industrials,Industrials,True,F&O,1,Stage 4,Stage 4,Stage 4 - Weak/Declining,0.72,Price is below long-term support with weak trend evidence.,,,2026-09-08,,-8.4,-14.8,1215866538.0,0.62,0.65,0.52,True,True,"Stage 4, Stage 4 - Weak/Declining, weekly_vcp_ok, volume_dryup, weekly_volume_dryup, weekly_strong, downtrend",watchlist,weekly_watchlist,watchlist,0.0,36.9,16.61,10.0,26.61,354
COCHINSHIP.NS,Cochin Shipyard Limited,Aerospace & Defense,Industrials,Industrials,True,F&O,1,Stage 4,Stage 4,Stage 4 - Confirmed Downtrend,0.86,Price is below a bearish moving-average stack with falling trend signals.,,,,,-4.86,-9.72,1529693933.62,0.64,0.87,0.63,True,True,"Stage 4, Stage 4 - Confirmed Downtrend, weekly_vcp_ok, volume_dryup, weekly_volume_dryup, weekly_strong, downtrend",watchlist,weekly_watchlist,watchlist,0.0,36.9,16.61,10.0,26.61,355
ERIS.NS,Eris Lifesciences Limited,Drug Manufacturers - Specialty & Generic,Healthcare,Healthcare,False,Cash,1,Stage 4,Stage 4,Stage 4 - Confirmed Downtrend,0.86,Price is below a bearish moving-average stack with falling trend signals.,,,,,-12.52,-11.85,111472530.55,1.45,0.57,2.49,False,False,"Stage 4, Stage 4 - Confirmed Downtrend, weekly_vcp_ok, weekly_strong, downtrend",watchlist,weekly_watchlist,watchlist,0.0,36.9,16.61,10.0,26.61,356
ANURAS.NS,Anupam Rasayan India Limited,Specialty Chemicals,Basic Materials,Basic Materials,False,Cash,1,Stage 4,Stage 4,Stage 4 - Confirmed Downtrend,0.86,Price is below a bearish moving-average stack with falling trend signals.,,,2026-06-18,,-2.96,-8.07,685695926.38,0.54,0.99,0.53,True,True,"Stage 4, Stage 4 - Confirmed Downtrend, weekly_vcp_ok, volume_dryup, weekly_volume_dryup, weekly_strong, downtrend",watchlist,weekly_watchlist,watchlist,0.0,36.9,16.61,10.0,26.61,357
GRAVITA.NS,Gravita India Limited,Metal Fabrication,Industrials,Industrials,False,Cash,1,Stage 4,Stage 4,Stage 4 - Weak/Declining,0.72,Price is below long-term support with weak trend evidence.,,,2026-09-10,,-14.44,-2.7,335391347.83,1.29,4.21,1.47,False,False,"Stage 4, Stage 4 - Weak/Declining, weekly_vcp_ok, weekly_strong, downtrend",watchlist,weekly_watchlist,watchlist,0.0,36.9,16.61,10.0,26.61,358
VRLLOG.NS,VRL Logistics Limited,Industrials,Industrials,Industrials,False,Cash,1,Stage 2,Stage 2,Early Stage 2,0.72,"Price has moved above long-term structure, but the full moving-average stack is not clean yet.",,,2026-10-05,,28.55,11.0,32292522.35,0.34,0.73,0.33,True,True,"Stage 2, Early Stage 2, volume_dryup, weekly_volume_dryup",watchlist,weekly_watchlist,watchlist,30.28,21.95,26.53,0.0,26.53,359
DDEVPLSTIK.NS,Ddev Plastiks Industries Limited,Specialty Chemicals,Basic Materials,Basic Materials,False,Cash,1,Stage 4,Stage 4,Stage 4 - Weak/Declining,0.72,Price is below long-term support with weak trend evidence.,,,2026-07-28,,-4.78,11.27,22112973.83,0.56,1.16,0.61,True,True,"Stage 4, Stage 4 - Weak/Declining, weekly_vcp_ok, volume_dryup, weekly_volume_dryup, weekly_strong, downtrend",watchlist,weekly_watchlist,watchlist,0.0,36.45,16.4,10.0,26.4,360
PGEL.NS,PG Electroplast Limited,Electronic Components,Technology,Technology,True,F&O,1,Stage 4,Stage 4,Stage 4 - Weak/Declining,0.72,Price is below long-term support with weak trend evidence.,,,2026-09-07,,-4.84,9.27,545601294.7,0.91,6.94,1.35,False,False,"Stage 4, Stage 4 - Weak/Declining, weekly_vcp_ok, weekly_strong, downtrend",watchlist,weekly_watchlist,watchlist,0.0,36.24,16.31,10.0,26.31,361
BALUFORGE.NS,Balu Forge Industries Limited,Metal Fabrication,Industrials,Industrials,False,Cash,1,Stage 2 Failed,Stage 2,Failed Stage 2,0.7,Failed Stage 2 cooling period is still active; waiting for a fresh base or confirmed reclaim.,Failed Stage 2 hold period active.,,2026-09-21,,17.96,16.77,294584959.18,0.27,0.66,0.23,True,True,"Stage 2, Early Stage 2, volume_dryup, weekly_volume_dryup | Failed Stage 2 hold period active.",watchlist,weekly_watchlist,watchlist,14.97,17.87,16.28,10.0,26.28,362
MARICO.NS,Marico Limited,Household & Personal Products,Consumer Defensive,Consumer Defensive,True,F&O,1,Not Sure,Not Sure,Not Sure,0.0,Stage rules did not identify a reliable structure.,No confident stage classification.,,2026-09-01,,-2.61,5.36,1352825124.26,0.87,0.85,1.3,False,False,"Not Sure, Not Sure, weekly_vcp_ok, weekly_strong",watchlist,weekly_watchlist,watchlist,6.35,46.08,24.23,2.0,26.23,363
APOLLOTYRE.NS,Apollo Tyres Limited,Auto Parts,Consumer Cyclical,Consumer Cyclical,False,Cash,1,Stage 4,Stage 4,Stage 4 - Weak/Declining,0.72,Price is below long-term support with weak trend evidence.,,,,,-4.13,-5.77,355474460.22,1.03,0.45,0.44,False,True,"Stage 4, Stage 4 - Weak/Declining, weekly_vcp_ok, weekly_volume_dryup, weekly_strong, downtrend",watchlist,weekly_watchlist,watchlist,8.35,36.9,21.2,5.0,26.2,364
FIEMIND.NS,Fiem Industries Limited,Auto Parts,Consumer Cyclical,Consumer Cyclical,False,Cash,1,Stage 4,Stage 4,Stage 4 - Confirmed Downtrend,0.86,Price is below a bearish moving-average stack with falling trend signals.,,,2026-08-17,,-13.41,-17.5,120016494.5,0.72,0.69,0.77,True,True,"Stage 4, Stage 4 - Confirmed Downtrend, weekly_vcp_ok, volume_dryup, weekly_volume_dryup, weekly_strong, downtrend",watchlist,weekly_watchlist,watchlist,8.35,36.9,21.2,5.0,26.2,365
JUBLPHARMA.NS,Jubilant Pharmova Limited,Drug Manufacturers - Specialty & Generic,Healthcare,Healthcare,False,Cash,1,Stage 2,Stage 2,Early Stage 2,0.72,"Price has moved above long-term structure, but the full moving-average stack is not clean yet.",,,2026-10-05,,7.22,13.96,317836520.87,0.94,0.52,1.46,False,False,"Stage 2, Early Stage 2",watchlist,weekly_watchlist,watchlist,12.86,20.12,16.13,10.0,26.13,366
RESPONIND.NS,Responsive Industries Limited,Specialty Chemicals,Basic Materials,Basic Materials,False,Cash,1,Stage 4,Stage 4,Stage 4 - Confirmed Downtrend,0.86,Price is below a bearish moving-average stack with falling trend signals.,,,2026-07-20,,-13.19,13.52,234465602.18,0.56,0.72,0.54,True,True,"Stage 4, Stage 4 - Confirmed Downtrend, weekly_vcp_ok, volume_dryup, weekly_volume_dryup, weekly_strong, downtrend",watchlist,weekly_watchlist,watchlist,0.0,35.83,16.12,10.0,26.12,367
CUMMINSIND.NS,Cummins India Limited,Specialty Industrial Machinery,Industrials,Industrials,True,F&O,1,Stage 4,Stage 4,Stage 4 - Weak/Declining,0.72,Price is below long-term support with weak trend evidence.,,,2026-08-11,,-7.14,0.2,2014337759.45,1.03,2.19,1.19,False,False,"Stage 4, Stage 4 - Weak/Declining, weekly_vcp_ok, weekly_strong, downtrend",watchlist,weekly_watchlist,watchlist,0.0,35.8,16.11,10.0,26.11,368
HAVELLS.NS,Havells India Limited,Electrical Equipment & Parts,Industrials,Industrials,True,F&O,1,Stage 4,Stage 4,Stage 4 - Confirmed Downtrend,0.86,Price is below a bearish moving-average stack with falling trend signals.,,,,,-6.43,-15.78,779912769.91,0.96,1.14,1.24,False,False,"Stage 4, Stage 4 - Confirmed Downtrend, weekly_vcp_ok, weekly_strong, downtrend",watchlist,weekly_watchlist,watchlist,0.0,35.8,16.11,10.0,26.11,369
ALKEM.NS,Alkem Laboratories Limited,Drug Manufacturers - Specialty & Generic,Healthcare,Healthcare,True,F&O,1,Stage 4,Stage 4,Stage 4 - Confirmed Downtrend,0.86,Price is below a bearish moving-average stack with falling trend signals.,,,2026-08-11,,-1.51,-1.71,800134063.55,1.0,0.45,1.24,False,False,"Stage 4, Stage 4 - Confirmed Downtrend, weekly_vcp_ok, weekly_strong, downtrend",watchlist,weekly_watchlist,watchlist,0.0,35.8,16.11,10.0,26.11,370
KEI.NS,KEI Industries Limited,Electrical Equipment & Parts,Industrials,Industrials,True,F&O,1,Stage 4,Stage 4,Stage 4,0.66,Declining structure detected.,,,2026-09-03,,-6.87,3.05,1837121718.53,0.61,0.8,0.46,True,True,"Stage 4, Stage 4, weekly_vcp_ok, volume_dryup, weekly_volume_dryup, weekly_strong, downtrend",watchlist,weekly_watchlist,watchlist,0.0,35.8,16.11,10.0,26.11,371
AIAENG.NS,AIA Engineering Limited,Specialty Industrial Machinery,Industrials,Industrials,False,Cash,1,Stage 4,Stage 4,Stage 4 - Weak/Declining,0.72,Price is below long-term support with weak trend evidence.,,,2026-08-28,,-11.17,7.77,217583206.03,1.06,0.82,0.69,False,True,"Stage 4, Stage 4 - Weak/Declining, weekly_vcp_ok, weekly_volume_dryup, weekly_strong, downtrend",watchlist,weekly_watchlist,watchlist,0.0,35.8,16.11,10.0,26.11,372
KAYNES.NS,Kaynes Technology India Limited,Electronic Components,Technology,Technology,True,F&O,1,Stage 4,Stage 4,Stage 4 - Weak/Declining,0.72,Price is below long-term support with weak trend evidence.,,,,,6.7,-11.37,3388085543.27,0.73,0.86,0.51,True,True,"Stage 4, Stage 4 - Weak/Declining, weekly_vcp_ok, volume_dryup, weekly_volume_dryup, weekly_strong, downtrend",watchlist,weekly_watchlist,watchlist,0.0,35.8,16.11,10.0,26.11,373
SYNGENE.NS,Syngene International Limited,Diagnostics & Research,Healthcare,Healthcare,False,Cash,1,Stage 4,Stage 4,Stage 4 - Confirmed Downtrend,0.86,Price is below a bearish moving-average stack with falling trend signals.,,,,,-8.96,-8.75,214186634.21,0.31,0.59,0.3,True,True,"Stage 4, Stage 4 - Confirmed Downtrend, weekly_vcp_ok, volume_dryup, weekly_volume_dryup, weekly_strong, downtrend",watchlist,weekly_watchlist,watchlist,0.0,35.8,16.11,10.0,26.11,374
KANSAINER.NS,Kansai Nerolac Paints Limited,Specialty Chemicals,Basic Materials,Basic Materials,False,Cash,1,Stage 4,Stage 4,Stage 4 - Confirmed Downtrend,0.86,Price is below a bearish moving-average stack with falling trend signals.,,,,,-3.64,1.32,40893941.34,0.75,1.21,1.04,True,False,"Stage 4, Stage 4 - Confirmed Downtrend, weekly_vcp_ok, volume_dryup, weekly_strong, downtrend",watchlist,weekly_watchlist,watchlist,0.0,35.8,16.11,10.0,26.11,375
ANUP.NS,The Anup Engineering Limited,Specialty Industrial Machinery,Industrials,Industrials,False,Cash,1,Stage 4,Stage 4,Stage 4 - Confirmed Downtrend,0.86,Price is below a bearish moving-average stack with falling trend signals.,,,2026-07-24,,-21.71,-14.04,41720591.53,0.78,0.71,0.79,True,True,"Stage 4, Stage 4 - Confirmed Downtrend, weekly_vcp_ok, volume_dryup, weekly_volume_dryup, weekly_strong, downtrend",watchlist,weekly_watchlist,watchlist,0.0,35.8,16.11,10.0,26.11,376
SIYSIL.NS,Siyaram Silk Mills Limited,Textile Manufacturing,Consumer Cyclical,Consumer Cyclical,False,Cash,1,Stage 4,Stage 4,Stage 4 - Weak/Declining,0.72,Price is below long-term support with weak trend evidence.,,,2026-08-20,,-7.5,6.39,14775411.25,0.45,0.78,0.52,True,True,"Stage 4, Stage 4 - Weak/Declining, weekly_vcp_ok, volume_dryup, weekly_volume_dryup, weekly_strong, downtrend",watchlist,weekly_watchlist,watchlist,0.0,35.8,16.11,10.0,26.11,377
VADILALIND.NS,Vadilal Industries Limited,Packaged Foods,Consumer Defensive,Consumer Defensive,False,Cash,1,Stage 2,Stage 2,Early Stage 2,0.72,"Price has moved above long-term structure, but the full moving-average stack is not clean yet.",,,2026-10-05,,20.57,65.08,111956084.5,0.47,0.44,0.31,True,True,"Stage 2, Early Stage 2, volume_dryup, weekly_volume_dryup",watchlist,weekly_watchlist,watchlist,22.5,26.0,24.08,2.0,26.08,378
HCG.NS,Healthcare Global Enterprises Limited,Medical Care Facilities,Healthcare,Healthcare,False,Cash,1,Stage 2 Failed,Not Sure,Failed Stage 2,0.72,"This stock was recently Stage 2, but the latest structure no longer satisfies Stage 2 rules. It is kept as Stage 2 Failed until a fresh base/repair structure forms.",Recent Stage 2 break; public stage held as Stage 2 Failed.,2026-10-06,2026-09-22,,8.9,22.76,83680768.56,0.61,0.91,0.77,True,True,"Not Sure, Not Sure, weekly_vcp_ok, volume_dryup, weekly_volume_dryup, weekly_strong | Stage 2 failed state applied from stage memory.",watchlist,weekly_watchlist,watchlist,7.27,48.97,26.04,0.0,26.04,379
ABBOTINDIA.NS,Abbott India Limited,Drug Manufacturers - Specialty & Generic,Healthcare,Healthcare,False,Cash,1,Stage 4,Stage 4,Stage 4 - Weak/Declining,0.72,Price is below long-term support with weak trend evidence.,,,2026-08-12,,4.47,4.51,230999663.0,0.8,1.56,0.75,True,True,"Stage 4, Stage 4 - Weak/Declining, volume_dryup, weekly_volume_dryup, downtrend",watchlist,weekly_watchlist,watchlist,16.65,15.16,15.98,10.0,25.98,380
CHOLAFIN.NS,Cholamandalam Investment and Finance Company Limited,Credit Services,Financial Services,Financial Services,True,F&O,1,Stage 2 Failed,Stage 1,Failed Stage 2,0.72,"This stock was recently Stage 2, but the latest structure no longer satisfies Stage 2 rules. It is kept as Stage 2 Failed until a fresh base/repair structure forms.",Recent Stage 2 break; public stage held as Stage 2 Failed.,2026-10-06,2026-09-23,,-5.43,2.76,2694943174.65,1.27,0.69,1.06,False,False,"Stage 1, Stage 1 - Base/Repair, weekly_vcp_ok, weekly_strong, stage1_not_actionable, stage1_needs_more_base | Stage 2 failed state applied from stage memory.",watchlist,weekly_watchlist,watchlist,12.1,42.9,25.96,0.0,25.96,381
CENTRALBK.NS,Central Bank of India,Banks - Regional,Financial Services,Financial Services,False,Cash,1,Stage 4,Stage 4,Stage 4 - Confirmed Downtrend,0.86,Price is below a bearish moving-average stack with falling trend signals.,,,,,-2.76,-11.87,204430668.62,0.66,0.48,0.58,True,True,"Stage 4, Stage 4 - Confirmed Downtrend, weekly_vcp_ok, volume_dryup, weekly_volume_dryup, weekly_strong, downtrend",watchlist,weekly_watchlist,watchlist,13.38,36.9,23.96,2.0,25.96,382
GABRIEL.NS,Gabriel India Limited,Auto Parts,Consumer Cyclical,Consumer Cyclical,False,Cash,1,Stage 2,Stage 2,Early Stage 2,0.72,"Price has moved above long-term structure, but the full moving-average stack is not clean yet.",,,2026-10-05,,12.73,46.06,925492349.53,2.41,0.36,0.51,False,True,"Stage 2, Early Stage 2, weekly_volume_dryup",watchlist,weekly_watchlist,watchlist,17.39,25.08,20.85,5.0,25.85,383
MANINFRA.NS,Man Infraconstruction Limited,Engineering & Construction,Industrials,Industrials,False,Cash,1,Stage 2,Stage 2,Early Stage 2,0.72,"Price has moved above long-term structure, but the full moving-average stack is not clean yet.",,,2026-10-05,,26.9,34.19,266727532.07,0.83,0.46,0.65,True,True,"Stage 2, Early Stage 2, volume_dryup, weekly_volume_dryup",watchlist,weekly_watchlist,watchlist,14.46,39.31,25.64,0.0,25.64,384
HUBTOWN.NS,Hubtown Limited,Real Estate,Real Estate,Real Estate,False,Cash,1,Stage 4,Stage 4,Stage 4 - Confirmed Downtrend,0.86,Price is below a bearish moving-average stack with falling trend signals.,,,,,-11.91,-13.96,69292041.91,0.91,1.46,1.3,False,False,"Stage 4, Stage 4 - Confirmed Downtrend, weekly_vcp_ok, weekly_strong, downtrend",watchlist,weekly_watchlist,watchlist,11.85,38.0,23.62,2.0,25.62,385
V2RETAIL.NS,V2 Retail Limited,Consumer Cyclical,Consumer Cyclical,Consumer Cyclical,False,Cash,1,Stage 4,Stage 4,Stage 4 - Weak/Declining,0.72,Price is below long-term support with weak trend evidence.,,,2026-09-09,,-17.18,-10.48,338456450.93,2.14,3.62,5.71,False,False,"Stage 4, Stage 4 - Weak/Declining, weekly_vcp_ok, weekly_strong, downtrend",watchlist,weekly_watchlist,watchlist,14.1,35.0,23.51,2.0,25.51,386
VIPIND.NS,VIP Industries Limited,Consumer Cyclical,Consumer Cyclical,Consumer Cyclical,False,Cash,1,Stage 4,Stage 4,Stage 4 - Weak/Declining,0.72,Price is below long-term support with weak trend evidence.,,,,,-0.33,-10.35,86181542.09,0.66,0.31,0.63,True,True,"Stage 4, Stage 4 - Weak/Declining, weekly_vcp_ok, volume_dryup, weekly_volume_dryup, weekly_strong, downtrend",watchlist,weekly_watchlist,watchlist,12.54,36.9,23.5,2.0,25.5,387
KIOCL.NS,KIOCL Limited,Steel,Basic Materials,Basic Materials,False,Cash,1,Stage 4,Stage 4,Stage 4 - Weak/Declining,0.72,Price is below long-term support with weak trend evidence.,,,,,-3.98,-2.89,25153842.54,0.37,1.95,0.41,True,True,"Stage 4, Stage 4 - Weak/Declining, weekly_vcp_ok, volume_dryup, weekly_volume_dryup, weekly_strong, downtrend",watchlist,weekly_watchlist,watchlist,7.99,35.8,20.5,5.0,25.5,388
INTELLECT.NS,Intellect Design Arena Limited,Software - Application,Technology,Technology,False,Cash,1,Stage 4,Stage 4,Stage 4 - Confirmed Downtrend,0.86,Price is below a bearish moving-average stack with falling trend signals.,,,,,-15.34,-6.04,178527807.6,0.76,0.97,0.68,True,True,"Stage 4, Stage 4 - Confirmed Downtrend, weekly_vcp_ok, volume_dryup, weekly_volume_dryup, weekly_strong, downtrend",watchlist,weekly_watchlist,watchlist,7.68,35.8,20.33,5.0,25.33,389
MAYURUNIQ.NS,Mayur Uniquoters Ltd,Textile Manufacturing,Consumer Cyclical,Consumer Cyclical,False,Cash,1,Stage 3,Stage 3,Stage 3 - Transition,0.62,"The structure is transitioning after prior strength, but it is not yet a confirmed Stage 4 decline.",,,2026-08-21,,-3.32,39.69,83791230.66,0.93,1.74,1.04,False,False,"Stage 3, Stage 3 - Transition, distribution_risk",watchlist,weekly_watchlist,watchlist,19.99,9.64,15.33,10.0,25.33,390
PFIZER.NS,Pfizer Limited,Drug Manufacturers - General,Healthcare,Healthcare,False,Cash,1,Stage 4,Stage 4,Stage 4 - Confirmed Downtrend,0.86,Price is below a bearish moving-average stack with falling trend signals.,,,2026-08-28,,-10.08,-16.73,258866005.96,0.74,0.43,1.18,True,False,"Stage 4, Stage 4 - Confirmed Downtrend, weekly_vcp_ok, volume_dryup, weekly_strong, downtrend",watchlist,weekly_watchlist,watchlist,6.57,36.9,20.22,5.0,25.22,391
JINDALPOLY.NS,Jindal Poly Films Limited,Consumer Cyclical,Consumer Cyclical,Consumer Cyclical,False,Cash,1,Stage 1,Stage 1,Stage 1 - Base/Repair,0.7,Price is near long-term moving averages with no strong long-term downtrend signal.,,,,,0.87,-13.66,37474942.99,0.34,0.3,0.32,True,True,"Stage 1, Stage 1 - Base/Repair, weekly_vcp_ok, volume_dryup, weekly_volume_dryup, weekly_strong, stage1_not_actionable, stage1_needs_more_base",watchlist,weekly_watchlist,watchlist,7.1,42.9,23.21,2.0,25.21,392
EPIGRAL.NS,Epigral Limited,Chemicals,Basic Materials,Basic Materials,False,Cash,1,Stage 4,Stage 4,Stage 4 - Weak/Declining,0.72,Price is below long-term support with weak trend evidence.,,,,,9.54,2.54,39849560.82,0.6,1.25,0.83,True,True,"Stage 4, Stage 4 - Weak/Declining, weekly_vcp_ok, volume_dryup, weekly_volume_dryup, weekly_strong, downtrend",watchlist,weekly_watchlist,watchlist,6.38,37.01,20.16,5.0,25.16,393
ASHOKLEY.NS,Ashok Leyland Limited,Farm & Heavy Construction Machinery,Industrials,Industrials,True,F&O,1,Stage 1,Stage 1,Stage 1 - Base/Repair,0.7,Price is near long-term moving averages with no strong long-term downtrend signal.,,,2026-09-07,,2.22,-8.31,1746795701.17,0.72,0.85,0.77,True,True,"Stage 1, Stage 1 - Base/Repair, weekly_vcp_ok, volume_dryup, weekly_volume_dryup, weekly_strong, stage1_not_actionable, stage1_needs_more_base",watchlist,weekly_watchlist,watchlist,6.75,42.9,23.02,2.0,25.02,394
WESTLIFE.NS,WESTLIFE FOODWORLD LIMITED,Consumer Cyclical,Consumer Cyclical,Consumer Cyclical,False,Cash,1,Stage 2,Stage 2,Early Stage 2,0.72,"Price has moved above long-term structure, but the full moving-average stack is not clean yet.",,,2026-10-05,,24.23,28.43,303147277.77,0.8,0.17,0.42,True,True,"Stage 2, Early Stage 2, volume_dryup, weekly_volume_dryup",watchlist,weekly_watchlist,watchlist,16.22,31.27,22.99,2.0,24.99,395
ELLEN.NS,Ellenbarrie Industrial Gases Limited,Chemicals,Basic Materials,Basic Materials,False,Cash,1,Stage 2 Failed,Stage 1,Failed Stage 2,0.72,"This stock was recently Stage 2, but the latest structure no longer satisfies Stage 2 rules. It is kept as Stage 2 Failed until a fresh base/repair structure forms.",Recent Stage 2 break; public stage held as Stage 2 Failed.,2026-10-06,2026-09-29,,22.97,47.08,565476230.94,1.47,0.58,1.01,False,False,"Stage 1, Stage 1 - Early Turn, weekly_vcp_ok, weekly_strong, stage1_not_actionable, stage1_needs_more_base | Stage 2 failed state applied from stage memory.",watchlist,weekly_watchlist,watchlist,0.0,44.4,19.98,5.0,24.98,396
LTTS.NS,L&T Technology Services Limited,Information Technology Services,Technology,Technology,False,Cash,1,Stage 4,Stage 4,Stage 4 - Weak/Declining,0.72,Price is below long-term support with weak trend evidence.,,,,,3.65,-1.35,172653970.03,0.71,0.56,0.77,True,True,"Stage 4, Stage 4 - Weak/Declining, weekly_vcp_ok, volume_dryup, weekly_volume_dryup, weekly_strong, downtrend",watchlist,weekly_watchlist,watchlist,12.25,36.03,22.95,2.0,24.95,397
MSUMI.NS,Motherson Sumi Wiring India Limited,Auto Parts,Consumer Cyclical,Consumer Cyclical,False,Cash,1,Stage 4,Stage 4,Stage 4 - Confirmed Downtrend,0.86,Price is below a bearish moving-average stack with falling trend signals.,,,,,-11.18,-11.46,375459146.59,0.94,0.37,0.66,False,True,"Stage 4, Stage 4 - Confirmed Downtrend, weekly_vcp_ok, weekly_volume_dryup, weekly_strong, downtrend",watchlist,weekly_watchlist,watchlist,6.82,35.8,19.86,5.0,24.86,398
LUMAXIND.NS,Lumax Industries Limited,Auto Parts,Consumer Cyclical,Consumer Cyclical,False,Cash,1,Stage 2 Failed,Stage 1,Failed Stage 2,0.72,"This stock was recently Stage 2, but the latest structure no longer satisfies Stage 2 rules. It is kept as Stage 2 Failed until a fresh base/repair structure forms.",Recent Stage 2 break; public stage held as Stage 2 Failed.,2026-10-06,2026-10-05,,6.9,4.3,75358895.78,0.53,0.47,0.71,True,True,"Stage 1, Stage 1 - Base/Repair, weekly_vcp_ok, volume_dryup, weekly_volume_dryup, weekly_strong, stage1_not_actionable, stage1_needs_more_base | Stage 2 failed state applied from stage memory.",watchlist,weekly_watchlist,watchlist,0.0,44.02,19.81,5.0,24.81,399
KPRMILL.NS,K.P.R. Mill Limited,Textile Manufacturing,Consumer Cyclical,Consumer Cyclical,False,Cash,1,Stage 2 Failed,Stage 1,Failed Stage 2,0.72,"This stock was recently Stage 2, but the latest structure no longer satisfies Stage 2 rules. It is kept as Stage 2 Failed until a fresh base/repair structure forms.",Recent Stage 2 break; public stage held as Stage 2 Failed.,2026-10-06,2026-09-24,,4.24,29.11,190684236.37,0.51,0.35,0.54,True,True,"Stage 1, Stage 1 - Base/Repair, volume_dryup, weekly_volume_dryup, stage1_not_actionable, stage1_needs_more_base | Stage 2 failed state applied from stage memory.",watchlist,weekly_watchlist,watchlist,23.54,4.14,14.81,10.0,24.81,400
QUESS.NS,Quess Corp Limited,Industrials,Industrials,Industrials,False,Cash,1,Stage 2,Stage 2,Early Stage 2,0.72,"Price has moved above long-term structure, but the full moving-average stack is not clean yet.",,,2026-10-05,,19.27,77.95,180612750.37,0.45,0.29,0.3,True,True,"Stage 2, Early Stage 2, volume_dryup, weekly_volume_dryup",watchlist,weekly_watchlist,watchlist,21.86,28.4,24.8,0.0,24.8,401
BATAINDIA.NS,Bata India Limited,Consumer Cyclical,Consumer Cyclical,Consumer Cyclical,False,Cash,1,Stage 4,Stage 4,Stage 4 - Weak/Declining,0.72,Price is below long-term support with weak trend evidence.,,,,,1.24,-8.38,96801406.98,0.27,0.47,0.25,True,True,"Stage 4, Stage 4 - Weak/Declining, weekly_vcp_ok, volume_dryup, weekly_volume_dryup, weekly_strong, downtrend",watchlist,weekly_watchlist,watchlist,11.07,36.9,22.69,2.0,24.69,402
AWL.NS,AWL Agri Business Limited,Packaged Foods,Consumer Defensive,Consumer Defensive,False,Cash,1,Stage 4,Stage 4,Stage 4 - Weak/Declining,0.72,Price is below long-term support with weak trend evidence.,,,,,2.49,4.83,357028298.06,0.9,1.87,0.61,False,True,"Stage 4, Stage 4 - Weak/Declining, weekly_vcp_ok, weekly_volume_dryup, weekly_strong, downtrend",watchlist,weekly_watchlist,watchlist,11.17,36.53,22.58,2.0,24.58,403
LEMONTREE.NS,Lemon Tree Hotels Limited,Lodging,Consumer Cyclical,Consumer Cyclical,False,Cash,1,Stage 4,Stage 4,Stage 4 - Weak/Declining,0.72,Price is below long-term support with weak trend evidence.,,,,,-2.37,-1.1,384480863.01,1.55,1.22,2.6,False,False,"Stage 4, Stage 4 - Weak/Declining, weekly_vcp_ok, weekly_strong, downtrend",watchlist,weekly_watchlist,watchlist,10.87,36.9,22.58,2.0,24.58,404
SWIGGY.NS,Swiggy Limited,Consumer Cyclical,Consumer Cyclical,Consumer Cyclical,True,F&O,1,Stage 4,Stage 4,Stage 4 - Weak/Declining,0.72,Price is below long-term support with weak trend evidence.,,,,,-6.0,-6.73,3632279185.7,0.54,0.46,0.41,True,True,"Stage 4, Stage 4 - Weak/Declining, weekly_vcp_ok, volume_dryup, weekly_volume_dryup, weekly_strong, downtrend",watchlist,weekly_watchlist,watchlist,9.97,38.0,22.58,2.0,24.58,405
ECLERX.NS,eClerx Services Limited,Information Technology Services,Technology,Technology,False,Cash,1,Stage 2 Failed,Stage 2,Failed Stage 2,0.7,Failed Stage 2 cooling period is still active; waiting for a fresh base or confirmed reclaim.,Failed Stage 2 hold period active.,,2026-09-23,,22.92,33.08,256801956.02,0.66,0.92,0.57,True,True,"Stage 2, Early Stage 2, volume_dryup, weekly_volume_dryup | Failed Stage 2 hold period active.",watchlist,weekly_watchlist,watchlist,16.01,30.4,22.49,2.0,24.49,406
BDL.NS,Bharat Dynamics Limited,Aerospace & Defense,Industrials,Industrials,True,F&O,1,Stage 4,Stage 4,Stage 4 - Confirmed Downtrend,0.86,Price is below a bearish moving-average stack with falling trend signals.,,,,,-12.27,-17.27,1177234132.57,0.74,0.69,0.69,True,True,"Stage 4, Stage 4 - Confirmed Downtrend, weekly_vcp_ok, volume_dryup, weekly_volume_dryup, weekly_strong, downtrend",watchlist,weekly_watchlist,watchlist,0.0,32.13,14.46,10.0,24.46,407
TVSHLTD.NS,TVS Holdings Limited,Auto Parts,Consumer Cyclical,Consumer Cyclical,False,Cash,1,Stage 4,Stage 4,Stage 4 - Confirmed Downtrend,0.86,Price is below a bearish moving-average stack with falling trend signals.,,,2026-08-13,,-11.18,-14.46,115156119.8,1.05,0.6,1.51,False,False,"Stage 4, Stage 4 - Confirmed Downtrend, weekly_vcp_ok, weekly_strong, downtrend",watchlist,weekly_watchlist,watchlist,4.07,38.0,19.34,5.0,24.34,408
FORCEMOT.NS,FORCE MOTORS LTD,Auto Manufacturers,Consumer Cyclical,Consumer Cyclical,True,F&O,1,Stage 4,Stage 4,Stage 4 - Confirmed Downtrend,0.86,Price is below a bearish moving-average stack with falling trend signals.,,,,,-0.92,-23.3,1151508796.3,0.87,0.97,1.01,False,False,"Stage 4, Stage 4 - Confirmed Downtrend, weekly_vcp_ok, weekly_strong, downtrend",watchlist,weekly_watchlist,watchlist,10.38,36.9,22.31,2.0,24.31,409
SAFARI.NS,Safari Industries (India) Limited,Consumer Cyclical,Consumer Cyclical,Consumer Cyclical,False,Cash,1,Stage 4,Stage 4,Stage 4 - Confirmed Downtrend,0.86,Price is below a bearish moving-average stack with falling trend signals.,,,,,-14.04,-14.67,60745969.73,0.84,1.15,0.94,True,False,"Stage 4, Stage 4 - Confirmed Downtrend, weekly_vcp_ok, volume_dryup, weekly_strong, downtrend",watchlist,weekly_watchlist,watchlist,10.37,36.9,22.31,2.0,24.31,410
VOLTAS.NS,Voltas Limited,"Furnishings, Fixtures & Appliances",Consumer Cyclical,Consumer Cyclical,True,F&O,1,Stage 4,Stage 4,Stage 4 - Confirmed Downtrend,0.86,Price is below a bearish moving-average stack with falling trend signals.,,,,,-11.24,-17.74,841224987.46,1.17,3.79,1.56,False,False,"Stage 4, Stage 4 - Confirmed Downtrend, weekly_vcp_ok, weekly_strong, downtrend",watchlist,weekly_watchlist,watchlist,13.85,36.9,24.22,0.0,24.22,411
MPSLTD.NS,MPS Limited,Communication Services,Communication Services,Communication Services,False,Cash,1,Stage 2,Stage 2,Early Stage 2,0.72,"Price has moved above long-term structure, but the full moving-average stack is not clean yet.",,,2026-10-05,,37.18,54.38,36759214.26,0.46,0.58,0.61,True,True,"Stage 2, Early Stage 2, volume_dryup, weekly_volume_dryup",watchlist,weekly_watchlist,watchlist,13.62,26.0,19.19,5.0,24.19,412
DEEPAKNTR.NS,Deepak Nitrite Limited,Chemicals,Basic Materials,Basic Materials,False,Cash,1,Stage 2 Failed,Stage 1,Failed Stage 2,0.72,"This stock was recently Stage 2, but the latest structure no longer satisfies Stage 2 rules. It is kept as Stage 2 Failed until a fresh base/repair structure forms.",Recent Stage 2 break; public stage held as Stage 2 Failed.,2026-10-06,2026-09-23,,-0.01,8.09,298225584.58,0.33,1.1,0.37,True,True,"Stage 1, Stage 1 - Base/Repair, weekly_vcp_ok, volume_dryup, weekly_volume_dryup, weekly_strong, stage1_not_actionable, stage1_needs_more_base | Stage 2 failed state applied from stage memory.",watchlist,weekly_watchlist,watchlist,0.0,42.61,19.17,5.0,24.17,413
BANCOINDIA.NS,Banco Products (I) Limited,Auto Parts,Consumer Cyclical,Consumer Cyclical,False,Cash,1,Stage 4,Stage 4,Stage 4 - Weak/Declining,0.72,Price is below long-term support with weak trend evidence.,,,2026-07-16,,-5.84,4.24,48589335.97,0.56,0.66,0.58,True,True,"Stage 4, Stage 4 - Weak/Declining, weekly_vcp_ok, volume_dryup, weekly_volume_dryup, weekly_strong, downtrend",watchlist,weekly_watchlist,watchlist,3.72,38.0,19.15,5.0,24.15,414
TORNTPHARM.NS,Torrent Pharmaceuticals Limited,Drug Manufacturers - Specialty & Generic,Healthcare,Healthcare,True,F&O,1,Stage 2 Failed,Stage 3,Failed Stage 2,0.72,"This stock was recently Stage 2, but the latest structure no longer satisfies Stage 2 rules. It is kept as Stage 2 Failed until a fresh base/repair structure forms.",Recent Stage 2 break; public stage held as Stage 2 Failed.,2026-10-06,2026-10-05,,2.05,15.91,1681769414.52,0.92,0.93,1.07,False,False,"Stage 3, Stage 3 - Transition, distribution_risk | Stage 2 failed state applied from stage memory.",watchlist,weekly_watchlist,watchlist,20.66,6.2,14.15,10.0,24.15,415
ADANIPORTS.NS,Adani Ports and Special Economic Zone Limited,Marine Shipping,Industrials,Industrials,True,F&O,1,Stage 2 Failed,Stage 1,Failed Stage 2,0.72,"This stock was recently Stage 2, but the latest structure no longer satisfies Stage 2 rules. It is kept as Stage 2 Failed until a fresh base/repair structure forms.",Recent Stage 2 break; public stage held as Stage 2 Failed.,2026-10-06,2026-10-05,,2.19,23.06,3541945225.17,0.84,0.73,0.87,True,True,"Stage 1, Stage 1 - Base/Repair, volume_dryup, weekly_volume_dryup, stage1_not_actionable, stage1_needs_more_base | Stage 2 failed state applied from stage memory.",watchlist,weekly_watchlist,watchlist,11.24,17.32,13.98,10.0,23.98,416
ENDURANCE.NS,Endurance Technologies Limited,Auto Parts,Consumer Cyclical,Consumer Cyclical,False,Cash,1,Stage 2 Failed,Stage 1,Failed Stage 2,0.72,"This stock was recently Stage 2, but the latest structure no longer satisfies Stage 2 rules. It is kept as Stage 2 Failed until a fresh base/repair structure forms.",Recent Stage 2 break; public stage held as Stage 2 Failed.,2026-10-06,2026-09-30,,-2.04,4.67,236185431.68,0.76,0.84,0.89,True,True,"Stage 1, Stage 1 - Base/Repair, weekly_vcp_ok, volume_dryup, weekly_volume_dryup, weekly_strong, stage1_not_actionable, stage1_needs_more_base | Stage 2 failed state applied from stage memory.",watchlist,weekly_watchlist,watchlist,0.0,42.06,18.93,5.0,23.93,417
CHEMPLASTS.NS,Chemplast Sanmar Limited,Chemicals,Basic Materials,Basic Materials,False,Cash,1,Stage 4,Stage 4,Stage 4 - Weak/Declining,0.72,Price is below long-term support with weak trend evidence.,,,,,10.54,-12.96,155395695.42,1.37,0.87,0.62,False,True,"Stage 4, Stage 4 - Weak/Declining, weekly_vcp_ok, weekly_volume_dryup, weekly_strong, downtrend",watchlist,weekly_watchlist,watchlist,5.07,35.8,18.9,5.0,23.9,418
GREAVESCOT.NS,Greaves Cotton Limited,Specialty Industrial Machinery,Industrials,Industrials,False,Cash,1,Stage 3,Stage 3,Stage 3 - Transition,0.62,"The structure is transitioning after prior strength, but it is not yet a confirmed Stage 4 decline.",,,2026-08-18,,-0.69,49.78,554732240.45,2.18,0.52,0.94,False,False,"Stage 3, Stage 3 - Transition, distribution_risk",watchlist,weekly_watchlist,watchlist,17.32,9.71,13.9,10.0,23.9,419
BLS.NS,BLS International Services Limited,Industrials,Industrials,Industrials,False,Cash,1,Stage 4,Stage 4,Stage 4 - Confirmed Downtrend,0.86,Price is below a bearish moving-average stack with falling trend signals.,,,,,0.31,-21.36,162196216.42,0.33,0.41,0.36,True,True,"Stage 4, Stage 4 - Confirmed Downtrend, weekly_vcp_ok, volume_dryup, weekly_volume_dryup, weekly_strong, downtrend",watchlist,weekly_watchlist,watchlist,13.1,36.9,23.81,0.0,23.81,420
SWARAJENG.NS,Swaraj Engines Limited,Auto Parts,Consumer Cyclical,Consumer Cyclical,False,Cash,1,Stage 1,Stage 1,Stage 1 - Unclear/Repair,0.58,Not enough evidence for Stage 2 or Stage 4; classified as repair/unclear structure.,,,2026-07-06,,-0.58,-3.61,25593234.34,1.03,1.21,1.14,False,False,"Stage 1, Stage 1 - Unclear/Repair, weekly_vcp_ok, weekly_strong, stage1_not_actionable, stage1_needs_more_base",watchlist,weekly_watchlist,watchlist,0.0,41.8,18.81,5.0,23.81,421
MINDACORP.NS,Minda Corporation Limited,Auto Parts,Consumer Cyclical,Consumer Cyclical,False,Cash,1,Stage 2,Stage 2,Messy Stage 2,0.64,"Long-term structure is still constructive, but the short-term/weekly structure is not clean.",,,2026-10-05,,-1.76,29.21,123511840.17,0.53,0.63,0.81,True,True,"Stage 2, Messy Stage 2, volume_dryup, weekly_volume_dryup",watchlist,weekly_watchlist,watchlist,19.13,18.34,18.77,5.0,23.77,422
EMAMILTD.NS,Emami Limited,Household & Personal Products,Consumer Defensive,Consumer Defensive,False,Cash,1,Stage 4,Stage 4,Stage 4 - Confirmed Downtrend,0.86,Price is below a bearish moving-average stack with falling trend signals.,,,,,-2.86,-8.63,1044334019.7,1.4,1.29,1.4,False,False,"Stage 4, Stage 4 - Confirmed Downtrend, weekly_vcp_ok, weekly_strong, downtrend",watchlist,weekly_watchlist,watchlist,9.35,36.9,21.75,2.0,23.75,423
INFY.NS,Infosys Limited,Information Technology Services,Technology,Technology,True,F&O,1,Stage 4,Stage 4,Stage 4 - Confirmed Downtrend,0.86,Price is below a bearish moving-average stack with falling trend signals.,,,,,-0.44,-18.04,9568352515.39,0.98,0.93,0.99,False,False,"Stage 4, Stage 4 - Confirmed Downtrend, weekly_vcp_ok, weekly_strong, downtrend",watchlist,weekly_watchlist,watchlist,9.3,36.9,21.72,2.0,23.72,424
CANBK.NS,Canara Bank,Banks - Regional,Financial Services,Financial Services,True,F&O,1,Stage 4,Stage 4,Stage 4 - Confirmed Downtrend,0.86,Price is below a bearish moving-average stack with falling trend signals.,,,,,-3.88,-11.46,1422169236.26,0.98,0.86,0.84,False,True,"Stage 4, Stage 4 - Confirmed Downtrend, weekly_vcp_ok, weekly_volume_dryup, weekly_strong, downtrend",watchlist,weekly_watchlist,watchlist,9.3,36.9,21.72,2.0,23.72,425
PRINCEPIPE.NS,Prince Pipes And Fittings Limited,Building Products & Equipment,Industrials,Industrials,False,Cash,1,Stage 1,Stage 1,Stage 1 - Base/Repair,0.7,Price is near long-term moving averages with no strong long-term downtrend signal.,,,2026-09-10,,1.93,10.07,35284486.83,0.49,0.73,0.55,True,True,"Stage 1, Stage 1 - Base/Repair, weekly_vcp_ok, volume_dryup, weekly_volume_dryup, weekly_strong, stage1_not_actionable, stage1_needs_more_base",watchlist,weekly_watchlist,watchlist,7.9,43.0,23.7,0.0,23.7,426
FIVESTAR.NS,Five-Star Business Finance Limited,Credit Services,Financial Services,Financial Services,False,Cash,1,Stage 2 Failed,Not Sure,Failed Stage 2,0.72,"This stock was recently Stage 2, but the latest structure no longer satisfies Stage 2 rules. It is kept as Stage 2 Failed until a fresh base/repair structure forms.",Recent Stage 2 break; public stage held as Stage 2 Failed.,2026-10-06,2026-09-23,,-0.89,21.28,355082842.89,1.31,0.83,0.68,False,True,"Not Sure, Not Sure, weekly_vcp_ok, weekly_volume_dryup, weekly_strong | Stage 2 failed state applied from stage memory.",watchlist,weekly_watchlist,watchlist,3.91,47.84,23.68,0.0,23.68,427
ETHOSLTD.NS,Ethos Limited,Luxury Goods,Consumer Cyclical,Consumer Cyclical,False,Cash,1,Stage 3,Stage 3,Stage 3 - Transition,0.62,"The structure is transitioning after prior strength, but it is not yet a confirmed Stage 4 decline.",,,2026-09-14,,8.38,8.63,124478628.87,0.61,2.79,0.45,True,True,"Stage 3, Stage 3 - Transition, weekly_vcp_ok, volume_dryup, weekly_volume_dryup, weekly_strong, distribution_risk",watchlist,weekly_watchlist,watchlist,0.0,41.5,18.68,5.0,23.68,428
LTM.NS,LTM Limited,Information Technology Services,Technology,Technology,True,F&O,1,Stage 4,Stage 4,Stage 4 - Weak/Declining,0.72,Price is below long-term support with weak trend evidence.,,,,,7.66,-9.81,1790775879.39,1.08,0.44,1.07,False,False,"Stage 4, Stage 4 - Weak/Declining, weekly_vcp_ok, weekly_strong, downtrend",watchlist,weekly_watchlist,watchlist,9.1,36.9,21.61,2.0,23.61,429
BANKINDIA.NS,Bank of India,Banks - Regional,Financial Services,Financial Services,True,F&O,1,Stage 4,Stage 4,Stage 4 - Confirmed Downtrend,0.86,Price is below a bearish moving-average stack with falling trend signals.,,,2026-08-27,,-4.16,-5.02,689969966.84,1.02,0.61,0.96,False,False,"Stage 4, Stage 4 - Confirmed Downtrend, weekly_vcp_ok, weekly_strong, downtrend",watchlist,weekly_watchlist,watchlist,9.1,36.9,21.61,2.0,23.61,430
JSWHL.NS,JSW Holdings Limited,Conglomerates,Industrials,Industrials,False,Cash,1,Stage 4,Stage 4,Stage 4 - Confirmed Downtrend,0.86,Price is below a bearish moving-average stack with falling trend signals.,,,,,4.62,-11.79,84023844.35,1.21,0.35,2.16,False,False,"Stage 4, Stage 4 - Confirmed Downtrend, weekly_vcp_ok, weekly_strong, downtrend",watchlist,weekly_watchlist,watchlist,9.1,36.9,21.61,2.0,23.61,431
SKIPPER.NS,Skipper Limited,Engineering & Construction,Industrials,Industrials,False,Cash,1,Stage 2,Stage 2,Stage 2,0.76,Advancing structure detected.,,,2026-10-05,,5.28,46.7,461979290.74,0.54,0.28,0.49,True,True,"Stage 2, Stage 2, volume_dryup, weekly_volume_dryup",watchlist,weekly_watchlist,watchlist,20.95,26.8,23.58,0.0,23.58,432
TARC.NS,TARC Limited,Real Estate,Real Estate,Real Estate,False,Cash,1,Stage 4,Stage 4,Stage 4 - Weak/Declining,0.72,Price is below long-term support with weak trend evidence.,,,,,4.49,-0.95,57590011.93,0.48,0.35,0.47,True,True,"Stage 4, Stage 4 - Weak/Declining, weekly_vcp_ok, volume_dryup, weekly_volume_dryup, weekly_strong, downtrend",watchlist,weekly_watchlist,watchlist,9.43,36.15,21.45,2.0,23.45,433
NUVAMA.NS,Nuvama Wealth Management Limited,Asset Management,Financial Services,Financial Services,True,F&O,1,Stage 2 Failed,Stage 2,Failed Stage 2,0.7,Failed Stage 2 cooling period is still active; waiting for a fresh base or confirmed reclaim.,Failed Stage 2 hold period active.,,2026-09-16,,-0.32,42.93,866497666.19,1.88,1.47,3.69,False,False,"Stage 2, Stage 2 | Failed Stage 2 hold period active.",watchlist,weekly_watchlist,watchlist,19.76,27.86,23.41,0.0,23.41,434
NTPCGREEN.NS,NTPC Green Energy Limited,Utilities - Renewable,Utilities,Utilities,False,Cash,1,Not Sure,Stage 1,Pending Stage 1,0.55,Blocked public stage jump Stage 4 -> Stage 1; waiting for intermediate/confirmed structure.,Blocked public stage jump Stage 4 -> Stage 1; waiting for intermediate/confirmed structure.,,2026-06-15,Stage 1,0.41,-12.69,243762046.57,0.98,0.33,0.55,False,True,"Stage 1, Stage 1 - Base/Repair, weekly_vcp_ok, weekly_volume_dryup, weekly_strong, stage1_not_actionable, stage1_needs_more_base | Blocked public stage jump Stage 4 -> Stage 1; waiting for intermediate/confirmed structure.",watchlist,weekly_watchlist,watchlist,8.24,41.8,23.34,0.0,23.34,435
JSWENERGY.NS,JSW Energy Limited,Utilities,Utilities,Utilities,True,F&O,1,Stage 4,Stage 4,Stage 4 - Weak/Declining,0.72,Price is below long-term support with weak trend evidence.,,,2026-08-27,,-5.95,-1.72,782625626.04,0.97,2.11,1.0,False,False,"Stage 4, Stage 4 - Weak/Declining, weekly_vcp_ok, weekly_strong, downtrend",watchlist,weekly_watchlist,watchlist,14.77,33.8,23.33,0.0,23.33,436
DALBHARAT.NS,Dalmia Bharat Limited,Building Materials,Basic Materials,Basic Materials,True,F&O,1,Stage 4,Stage 4,Stage 4 - Confirmed Downtrend,0.86,Price is below a bearish moving-average stack with falling trend signals.,,,,,1.2,-10.84,143895051.32,0.4,0.14,0.31,True,True,"Stage 4, Stage 4 - Confirmed Downtrend, weekly_vcp_ok, volume_dryup, weekly_volume_dryup, weekly_strong, downtrend",watchlist,weekly_watchlist,watchlist,13.1,35.8,23.31,0.0,23.31,437
SYMPHONY.NS,Symphony Limited,"Furnishings, Fixtures & Appliances",Consumer Cyclical,Consumer Cyclical,False,Cash,1,Stage 4,Stage 4,Stage 4 - Confirmed Downtrend,0.86,Price is below a bearish moving-average stack with falling trend signals.,,,,,-14.69,-25.08,189902709.26,0.32,0.25,0.25,True,True,"Stage 4, Stage 4 - Confirmed Downtrend, weekly_vcp_ok, volume_dryup, weekly_volume_dryup, weekly_strong, downtrend",watchlist,weekly_watchlist,watchlist,13.1,35.8,23.31,0.0,23.31,438
AWFIS.NS,Awfis Space Solutions Limited,Industrials,Industrials,Industrials,False,Cash,1,Stage 4,Stage 4,Stage 4 - Confirmed Downtrend,0.86,Price is below a bearish moving-average stack with falling trend signals.,,,,,-15.74,-23.3,495612480.19,0.55,0.43,0.48,True,True,"Stage 4, Stage 4 - Confirmed Downtrend, weekly_vcp_ok, volume_dryup, weekly_volume_dryup, weekly_strong, downtrend",watchlist,weekly_watchlist,watchlist,13.1,35.8,23.31,0.0,23.31,439
ADFFOODS.NS,ADF Foods Limited,Packaged Foods,Consumer Defensive,Consumer Defensive,False,Cash,1,Stage 2,Stage 2,Stage 2,0.76,Advancing structure detected.,,,2026-10-05,,-2.87,53.77,34273600.9,0.85,4.31,1.41,True,False,"Stage 2, Stage 2, volume_dryup",watchlist,weekly_watchlist,watchlist,15.23,28.69,21.29,2.0,23.29,440
MPHASIS.NS,MphasiS Limited,Information Technology Services,Technology,Technology,True,F&O,1,Stage 4,Stage 4,Stage 4 - Weak/Declining,0.72,Price is below long-term support with weak trend evidence.,,,,,6.25,2.25,1003950838.57,1.06,0.64,1.59,False,False,"Stage 4, Stage 4 - Weak/Declining, weekly_vcp_ok, weekly_strong, downtrend",watchlist,weekly_watchlist,watchlist,7.8,37.75,21.28,2.0,23.28,441
AMBER.NS,Amber Enterprises India Limited,"Furnishings, Fixtures & Appliances",Consumer Cyclical,Consumer Cyclical,True,F&O,1,Stage 4,Stage 4,Stage 4 - Weak/Declining,0.72,Price is below long-term support with weak trend evidence.,,,2026-07-20,,-4.99,-4.35,830639337.88,0.63,0.98,0.84,True,True,"Stage 4, Stage 4 - Weak/Declining, weekly_vcp_ok, volume_dryup, weekly_volume_dryup, weekly_strong, downtrend",watchlist,weekly_watchlist,watchlist,12.83,35.8,23.17,0.0,23.17,442
CONCORDBIO.NS,Concord Biotech Limited,Biotechnology,Healthcare,Healthcare,False,Cash,1,Stage 2,Stage 2,Early Stage 2,0.72,"Price has moved above long-term structure, but the full moving-average stack is not clean yet.",,,2026-10-05,,10.17,32.43,223465726.64,0.68,0.3,0.39,True,True,"Stage 2, Early Stage 2, volume_dryup, weekly_volume_dryup",watchlist,weekly_watchlist,watchlist,14.79,22.26,18.15,5.0,23.15,443
DOMS.NS,DOMS Industries Limited,Industrials,Industrials,Industrials,False,Cash,1,Stage 4,Stage 4,Stage 4 - Confirmed Downtrend,0.86,Price is below a bearish moving-average stack with falling trend signals.,,,,,-2.99,-11.73,68111859.24,0.64,0.33,0.76,True,True,"Stage 4, Stage 4 - Confirmed Downtrend, weekly_vcp_ok, volume_dryup, weekly_volume_dryup, weekly_strong, downtrend",watchlist,weekly_watchlist,watchlist,11.78,36.9,23.08,0.0,23.08,444
SHRIPISTON.NS,Shriram Pistons & Rings Limited,Auto Parts,Consumer Cyclical,Consumer Cyclical,False,Cash,1,Stage 2,Stage 2,Early Stage 2,0.72,"Price has moved above long-term structure, but the full moving-average stack is not clean yet.",,,2026-10-05,,9.9,23.07,383845836.82,1.4,0.92,1.1,False,False,"Stage 2, Early Stage 2",watchlist,weekly_watchlist,watchlist,17.3,18.9,18.02,5.0,23.02,445
AUBANK.NS,AU Small Finance Bank Limited,Banks - Regional,Financial Services,Financial Services,True,F&O,1,Stage 2 Failed,Stage 1,Failed Stage 2,0.72,"This stock was recently Stage 2, but the latest structure no longer satisfies Stage 2 rules. It is kept as Stage 2 Failed until a fresh base/repair structure forms.",Recent Stage 2 break; public stage held as Stage 2 Failed.,2026-10-06,2026-09-30,,0.61,5.94,1416786619.13,1.31,0.85,1.12,False,False,"Stage 1, Stage 1 - Base/Repair, stage1_base_ready, weekly_vcp_ok, weekly_strong, stage1_not_actionable | Stage 2 failed state applied from stage memory.",watchlist,weekly_watchlist,watchlist,0.0,46.55,20.95,2.0,22.95,446
TECHNOE.NS,Techno Electric & Engineering Company Limited,Engineering & Construction,Industrials,Industrials,False,Cash,1,Stage 4,Stage 4,Stage 4 - Weak/Declining,0.72,Price is below long-term support with weak trend evidence.,,,,,0.63,-9.25,141970229.15,0.69,0.8,0.9,True,True,"Stage 4, Stage 4 - Weak/Declining, weekly_vcp_ok, volume_dryup, weekly_volume_dryup, weekly_strong, downtrend",watchlist,weekly_watchlist,watchlist,12.23,35.8,22.84,0.0,22.84,447
ANANDRATHI.NS,Anand Rathi Wealth Limited,Asset Management,Financial Services,Financial Services,False,Cash,1,Stage 2,Stage 2,Early Stage 2,0.72,"Price has moved above long-term structure, but the full moving-average stack is not clean yet.",,,2026-10-05,,6.85,20.79,789303426.26,1.73,0.89,2.19,False,False,"Stage 2, Early Stage 2",watchlist,weekly_watchlist,watchlist,15.01,32.36,22.82,0.0,22.82,448
MOIL.NS,MOIL Limited,Basic Materials,Basic Materials,Basic Materials,False,Cash,1,Stage 4,Stage 4,Stage 4 - Confirmed Downtrend,0.86,Price is below a bearish moving-average stack with falling trend signals.,,,,,-6.94,-20.92,123485184.78,0.32,0.33,0.33,True,True,"Stage 4, Stage 4 - Confirmed Downtrend, weekly_vcp_ok, volume_dryup, weekly_volume_dryup, weekly_strong, downtrend",watchlist,weekly_watchlist,watchlist,12.2,35.8,22.82,0.0,22.82,449
NYKAA.NS,FSN E-Commerce Ventures Limited,Consumer Cyclical,Consumer Cyclical,Consumer Cyclical,True,F&O,1,Stage 2,Stage 2,Clean Stage 2,0.9,"Price is above rising key averages, weekly structure is supportive, and the stock is near its 52-week high.",,,2026-10-05,,7.08,32.45,1439141588.25,0.99,0.81,1.38,False,False,"Stage 2, Clean Stage 2",watchlist,weekly_watchlist,watchlist,16.3,26.35,20.82,2.0,22.82,450
SBIN.NS,State Bank of India,Banks - Regional,Financial Services,Financial Services,True,F&O,1,Stage 4,Stage 4,Stage 4 - Confirmed Downtrend,0.86,Price is below a bearish moving-average stack with falling trend signals.,,,2026-08-31,,-2.83,-7.39,7489461732.57,1.05,1.08,0.74,False,True,"Stage 4, Stage 4 - Confirmed Downtrend, weekly_vcp_ok, weekly_volume_dryup, weekly_strong, downtrend",watchlist,weekly_watchlist,watchlist,8.5,35.8,20.79,2.0,22.79,451
HUDCO.NS,Housing & Urban Development Corporation Limited,Credit Services,Financial Services,Financial Services,False,Cash,1,Stage 4,Stage 4,Stage 4 - Confirmed Downtrend,0.86,Price is below a bearish moving-average stack with falling trend signals.,,,2026-07-06,,-16.44,-12.26,354582527.6,1.46,5.61,1.8,False,False,"Stage 4, Stage 4 - Confirmed Downtrend, weekly_vcp_ok, weekly_strong, downtrend",watchlist,weekly_watchlist,watchlist,12.07,35.8,22.75,0.0,22.75,452
RSYSTEMS.NS,R Systems International Limited,Information Technology Services,Technology,Technology,False,Cash,1,Not Sure,Stage 4,Pending Stage 4,0.55,Blocked public stage jump Stage 1 -> Stage 4; waiting for intermediate/confirmed structure.,Blocked public stage jump Stage 1 -> Stage 4; waiting for intermediate/confirmed structure.,,,Stage 4,12.21,-2.09,2099342267.6,4.69,0.15,1.33,False,False,"Stage 4, Stage 4 - Weak/Declining, weekly_vcp_ok, weekly_strong, downtrend | Blocked public stage jump Stage 1 -> Stage 4; waiting for intermediate/confirmed structure.",watchlist,weekly_watchlist,watchlist,7.59,36.81,20.74,2.0,22.74,453
ABFRL.NS,Aditya Birla Fashion and Retail Limited,Apparel Manufacturing,Consumer Cyclical,Consumer Cyclical,False,Cash,1,Stage 4,Stage 4,Stage 4 - Confirmed Downtrend,0.86,Price is below a bearish moving-average stack with falling trend signals.,,,,,-19.26,-25.44,213264580.88,0.88,2.39,0.82,False,True,"Stage 4, Stage 4 - Confirmed Downtrend, weekly_vcp_ok, weekly_volume_dryup, weekly_strong, downtrend",watchlist,weekly_watchlist,watchlist,11.88,35.8,22.64,0.0,22.64,454
GRMOVER.NS,GRM Overseas Limited,Packaged Foods,Consumer Defensive,Consumer Defensive,False,Cash,1,Stage 4,Stage 4,Stage 4 - Confirmed Downtrend,0.86,Price is below a bearish moving-average stack with falling trend signals.,,,2026-05-26,,-14.7,-52.29,85358871.95,0.86,0.97,0.86,False,True,"Stage 4, Stage 4 - Confirmed Downtrend, weekly_vcp_ok, weekly_volume_dryup, weekly_strong, downtrend",watchlist,weekly_watchlist,watchlist,8.24,35.8,20.64,2.0,22.64,455
FUSION.NS,Fusion Finance Limited,Credit Services,Financial Services,Financial Services,False,Cash,1,Stage 4,Stage 4,Stage 4,0.66,Declining structure detected.,,,2026-09-14,,-21.67,8.0,92996814.88,0.74,0.49,1.03,True,False,"Stage 4, Stage 4, weekly_vcp_ok, volume_dryup, weekly_strong, downtrend",watchlist,weekly_watchlist,watchlist,11.74,35.8,22.57,0.0,22.57,456
BAJFINANCE.NS,Bajaj Finance Limited,Credit Services,Financial Services,Financial Services,True,F&O,1,Stage 2 Failed,Stage 1,Failed Stage 2,0.72,"This stock was recently Stage 2, but the latest structure no longer satisfies Stage 2 rules. It is kept as Stage 2 Failed until a fresh base/repair structure forms.",Recent Stage 2 break; public stage held as Stage 2 Failed.,2026-10-06,2026-09-29,,-0.99,8.63,6174408041.26,1.09,0.76,0.89,False,True,"Stage 1, Stage 1 - Unclear/Repair, weekly_vcp_ok, weekly_volume_dryup, weekly_strong, stage1_not_actionable, stage1_needs_more_base | Stage 2 failed state applied from stage memory.",watchlist,weekly_watchlist,watchlist,6.21,42.56,22.57,0.0,22.57,457
CMSINFO.NS,CMS Info Systems Limited,Industrials,Industrials,Industrials,False,Cash,1,Stage 4,Stage 4,Stage 4 - Confirmed Downtrend,0.86,Price is below a bearish moving-average stack with falling trend signals.,,,,,-10.46,-26.35,203568049.24,0.56,0.34,0.6,True,True,"Stage 4, Stage 4 - Confirmed Downtrend, weekly_vcp_ok, volume_dryup, weekly_volume_dryup, weekly_strong, downtrend",watchlist,weekly_watchlist,watchlist,11.7,35.8,22.55,0.0,22.55,458
RAMCOCEM.NS,The Ramco Cements Limited,Building Materials,Basic Materials,Basic Materials,False,Cash,1,Stage 4,Stage 4,Stage 4 - Confirmed Downtrend,0.86,Price is below a bearish moving-average stack with falling trend signals.,,,,,-1.76,-12.4,191358648.55,0.75,0.7,0.72,True,True,"Stage 4, Stage 4 - Confirmed Downtrend, weekly_vcp_ok, volume_dryup, weekly_volume_dryup, weekly_strong, downtrend",watchlist,weekly_watchlist,watchlist,11.63,35.8,22.51,0.0,22.51,459
GREENPLY.NS,Greenply Industries Limited,Basic Materials,Basic Materials,Basic Materials,False,Cash,1,Stage 2,Stage 2,Stage 2,0.76,Advancing structure detected.,,,2026-10-05,,6.17,47.05,70335390.49,1.82,0.95,2.01,False,False,"Stage 2, Stage 2",watchlist,weekly_watchlist,watchlist,17.2,28.92,22.47,0.0,22.47,460
WINDMACHIN.NS,Windsor Machines Limited,Specialty Industrial Machinery,Industrials,Industrials,False,Cash,1,Stage 2 Failed,Stage 3,Failed Stage 2,0.72,"This stock was recently Stage 2, but the latest structure no longer satisfies Stage 2 rules. It is kept as Stage 2 Failed until a fresh base/repair structure forms.",Recent Stage 2 break; public stage held as Stage 2 Failed.,2026-10-06,2026-09-30,,-2.18,14.76,27315049.11,0.58,1.21,0.63,True,True,"Stage 3, Stage 3 - Distribution/Damage, volume_dryup, weekly_volume_dryup, distribution_risk | Stage 2 failed state applied from stage memory.",watchlist,weekly_watchlist,watchlist,15.07,9.26,12.46,10.0,22.46,461
VEEDOL.NS,Veedol Corporation Limited,Specialty Chemicals,Basic Materials,Basic Materials,False,Cash,1,Stage 4,Stage 4,Stage 4 - Weak/Declining,0.72,Price is below long-term support with weak trend evidence.,,,2026-09-08,,3.06,3.18,11737933.6,0.73,1.27,0.68,True,True,"Stage 4, Stage 4 - Weak/Declining, weekly_vcp_ok, volume_dryup, weekly_volume_dryup, downtrend",watchlist,weekly_watchlist,watchlist,3.97,22.72,12.41,10.0,22.41,462
NATIONALUM.NS,National Aluminium Company Limited,Basic Materials,Basic Materials,Basic Materials,True,F&O,1,Stage 4,Stage 4,Stage 4 - Weak/Declining,0.72,Price is below long-term support with weak trend evidence.,,,2026-08-31,,-0.09,-17.88,1561374601.16,0.75,1.5,0.69,True,True,"Stage 4, Stage 4 - Weak/Declining, weekly_vcp_ok, volume_dryup, weekly_volume_dryup, weekly_strong, downtrend",watchlist,weekly_watchlist,watchlist,11.44,35.8,22.4,0.0,22.4,463
SBFC.NS,SBFC Finance Limited,Credit Services,Financial Services,Financial Services,False,Cash,1,Stage 4,Stage 4,Stage 4 - Weak/Declining,0.72,Price is below long-term support with weak trend evidence.,,,2026-09-14,,-3.88,-9.31,108948305.83,0.86,0.73,1.31,False,False,"Stage 4, Stage 4 - Weak/Declining, weekly_vcp_ok, weekly_strong, downtrend",watchlist,weekly_watchlist,watchlist,11.37,35.8,22.36,0.0,22.36,464
PRAJIND.NS,Praj Industries Limited,Engineering & Construction,Industrials,Industrials,False,Cash,1,Stage 4,Stage 4,Stage 4 - Weak/Declining,0.72,Price is below long-term support with weak trend evidence.,,,2026-08-31,,-5.34,-4.93,125501101.68,0.49,1.53,0.56,True,True,"Stage 4, Stage 4 - Weak/Declining, weekly_vcp_ok, volume_dryup, weekly_volume_dryup, weekly_strong, downtrend",watchlist,weekly_watchlist,watchlist,11.34,35.8,22.35,0.0,22.35,465
M&M.NS,Mahindra & Mahindra Limited,Auto Manufacturers,Consumer Cyclical,Consumer Cyclical,True,F&O,1,Stage 4,Stage 4,Stage 4 - Weak/Declining,0.72,Price is below long-term support with weak trend evidence.,,,,,-4.14,-9.57,6320566071.26,1.19,1.3,1.29,False,False,"Stage 4, Stage 4 - Weak/Declining, weekly_vcp_ok, weekly_strong, downtrend",watchlist,weekly_watchlist,watchlist,7.52,35.8,20.25,2.0,22.25,466
CDSL.NS,Central Depository Services (India) Limited,Capital Markets,Financial Services,Financial Services,True,F&O,1,Stage 2 Failed,Stage 4,Failed Stage 2,0.72,"This stock was recently Stage 2, but the latest structure no longer satisfies Stage 2 rules. It is kept as Stage 2 Failed until a fresh base/repair structure forms.",Recent Stage 2 break; public stage held as Stage 2 Failed.,2026-10-06,2026-09-18,,-6.33,-0.38,1313360267.79,0.8,0.77,0.68,True,True,"Stage 4, Stage 4 - Weak/Declining, weekly_vcp_ok, volume_dryup, weekly_volume_dryup, weekly_strong, downtrend | Stage 2 failed state applied from stage memory.",watchlist,weekly_watchlist,watchlist,11.11,35.8,22.22,0.0,22.22,467
GHCL.NS,GHCL Limited,Chemicals,Basic Materials,Basic Materials,False,Cash,1,Stage 4,Stage 4,Stage 4 - Confirmed Downtrend,0.86,Price is below a bearish moving-average stack with falling trend signals.,,,,,-1.61,-13.35,49684731.57,1.1,0.89,0.6,False,True,"Stage 4, Stage 4 - Confirmed Downtrend, weekly_vcp_ok, weekly_volume_dryup, weekly_strong, downtrend",watchlist,weekly_watchlist,watchlist,2.0,35.8,17.21,5.0,22.21,468
COALINDIA.NS,Coal India Limited,Energy,Energy,Energy,True,F&O,1,Stage 1,Stage 1,Stage 1 - Base/Repair,0.7,Price is near long-term moving averages with no strong long-term downtrend signal.,,,2026-07-03,,3.03,-2.08,2912904579.12,0.69,0.6,0.67,True,True,"Stage 1, Stage 1 - Base/Repair, volume_dryup, weekly_volume_dryup, stage1_not_actionable, stage1_needs_more_base",watchlist,weekly_watchlist,watchlist,17.09,17.3,17.18,5.0,22.18,469
DCAL.NS,Dishman Carbogen Amcis Limited,Biotechnology,Healthcare,Healthcare,False,Cash,1,Stage 4,Stage 4,Stage 4 - Confirmed Downtrend,0.86,Price is below a bearish moving-average stack with falling trend signals.,,,,,-15.73,-2.24,35410364.0,0.56,0.69,0.82,True,True,"Stage 4, Stage 4 - Confirmed Downtrend, weekly_vcp_ok, volume_dryup, weekly_volume_dryup, weekly_strong, downtrend",watchlist,weekly_watchlist,watchlist,1.95,35.8,17.18,5.0,22.18,470
SBICARD.NS,SBI Cards and Payment Services Limited,Credit Services,Financial Services,Financial Services,True,F&O,1,Stage 4,Stage 4,Stage 4 - Confirmed Downtrend,0.86,Price is below a bearish moving-average stack with falling trend signals.,,,,,-2.28,-14.31,733911770.51,0.42,0.26,0.28,True,True,"Stage 4, Stage 4 - Confirmed Downtrend, weekly_vcp_ok, volume_dryup, weekly_volume_dryup, weekly_strong, downtrend",watchlist,weekly_watchlist,watchlist,14.0,32.13,22.16,0.0,22.16,471
SANOFICONR.NS,Sanofi Consumer Healthcare India Limited,Drug Manufacturers - General,Healthcare,Healthcare,False,Cash,1,Stage 4,Stage 4,Stage 4 - Weak/Declining,0.72,Price is below long-term support with weak trend evidence.,,,2026-07-29,,-13.05,-16.12,26991768.95,1.02,0.58,1.56,False,False,"Stage 4, Stage 4 - Weak/Declining, weekly_vcp_ok, weekly_strong, downtrend",watchlist,weekly_watchlist,watchlist,0.0,38.0,17.1,5.0,22.1,472
PIDILITIND.NS,Pidilite Industries Limited,Specialty Chemicals,Basic Materials,Basic Materials,True,F&O,1,Stage 2 Failed,Stage 3,Failed Stage 2,0.72,"This stock was recently Stage 2, but the latest structure no longer satisfies Stage 2 rules. It is kept as Stage 2 Failed until a fresh base/repair structure forms.",Recent Stage 2 break; public stage held as Stage 2 Failed.,2026-10-06,2026-09-23,,0.44,16.29,883085135.59,0.89,0.94,0.79,False,True,"Stage 3, Stage 3 - Distribution/Damage, weekly_volume_dryup, distribution_risk | Stage 2 failed state applied from stage memory.",watchlist,weekly_watchlist,watchlist,19.58,2.87,12.06,10.0,22.06,473
MGL.NS,Mahanagar Gas Limited,Utilities,Utilities,Utilities,False,Cash,1,Stage 2 Failed,Stage 4,Failed Stage 2,0.72,"This stock was recently Stage 2, but the latest structure no longer satisfies Stage 2 rules. It is kept as Stage 2 Failed until a fresh base/repair structure forms.",Recent Stage 2 break; public stage held as Stage 2 Failed.,2026-10-06,2026-09-23,,-1.25,2.41,134785984.46,0.57,0.37,0.51,True,True,"Stage 4, Stage 4 - Weak/Declining, weekly_vcp_ok, volume_dryup, weekly_volume_dryup, weekly_strong, downtrend | Stage 2 failed state applied from stage memory.",watchlist,weekly_watchlist,watchlist,10.69,35.92,22.04,0.0,22.04,474
ORIENTCEM.NS,Orient Cement Limited,Building Materials,Basic Materials,Basic Materials,False,Cash,1,Stage 4,Stage 4,Stage 4 - Confirmed Downtrend,0.86,Price is below a bearish moving-average stack with falling trend signals.,,,,,-9.94,-14.55,64026141.07,0.97,0.46,0.89,False,True,"Stage 4, Stage 4 - Confirmed Downtrend, weekly_vcp_ok, weekly_volume_dryup, weekly_strong, downtrend",watchlist,weekly_watchlist,watchlist,8.98,38.0,22.04,0.0,22.04,475
ASHIANA.NS,Ashiana Housing Limited,Real Estate,Real Estate,Real Estate,False,Cash,1,Not Sure,Stage 1,Pending Stage 1,0.55,Blocked public stage jump Stage 3 -> Stage 1; waiting for intermediate/confirmed structure.,Blocked public stage jump Stage 3 -> Stage 1; waiting for intermediate/confirmed structure.,,2026-08-31,Stage 1,7.46,19.4,34021970.93,0.79,0.44,0.55,True,True,"Stage 1, Stage 1 - Base/Repair, weekly_vcp_ok, volume_dryup, weekly_volume_dryup, weekly_strong, stage1_not_actionable, stage1_needs_more_base | Blocked public stage jump Stage 3 -> Stage 1; waiting for intermediate/confirmed structure.",watchlist,weekly_watchlist,watchlist,0.0,44.49,20.02,2.0,22.02,476
JIOFIN.NS,Jio Financial Services Limited,Asset Management,Financial Services,Financial Services,True,F&O,1,Stage 4,Stage 4,Stage 4 - Confirmed Downtrend,0.86,Price is below a bearish moving-average stack with falling trend signals.,,,,,-5.1,-7.27,2698078687.62,0.94,1.45,1.06,False,False,"Stage 4, Stage 4 - Confirmed Downtrend, weekly_vcp_ok, weekly_strong, downtrend",watchlist,weekly_watchlist,watchlist,9.72,36.9,21.95,0.0,21.95,477
POWERGRID.NS,Power Grid Corporation of India Limited,Utilities,Utilities,Utilities,True,F&O,1,Stage 1,Stage 1,Stage 1 - Unclear/Repair,0.58,Not enough evidence for Stage 2 or Stage 4; classified as repair/unclear structure.,,,2026-07-23,,-4.09,-13.13,2397708662.65,1.02,0.55,0.74,False,True,"Stage 1, Stage 1 - Unclear/Repair, weekly_vcp_ok, weekly_volume_dryup, weekly_strong, stage1_not_actionable, stage1_needs_more_base",watchlist,weekly_watchlist,watchlist,5.7,41.8,21.95,0.0,21.95,478
ONESOURCE.NS,Onesource Specialty Pharma Limited,Biotechnology,Healthcare,Healthcare,False,Cash,1,Stage 2 Failed,Stage 4,Failed Stage 2,0.72,"This stock was recently Stage 2, but the latest structure no longer satisfies Stage 2 rules. It is kept as Stage 2 Failed until a fresh base/repair structure forms.",Recent Stage 2 break; public stage held as Stage 2 Failed.,2026-10-06,2026-09-16,,-0.9,7.57,656025567.03,0.91,0.46,1.12,False,False,"Stage 4, Stage 4 - Weak/Declining, weekly_vcp_ok, weekly_strong, downtrend | Stage 2 failed state applied from stage memory.",watchlist,weekly_watchlist,watchlist,0.0,37.57,16.91,5.0,21.91,479
UTIAMC.NS,UTI Asset Management Company Limited,Asset Management,Financial Services,Financial Services,False,Cash,1,Stage 4,Stage 4,Stage 4 - Confirmed Downtrend,0.86,Price is below a bearish moving-average stack with falling trend signals.,,,,,-3.35,-2.85,71523068.24,0.54,0.74,0.45,True,True,"Stage 4, Stage 4 - Confirmed Downtrend, weekly_vcp_ok, volume_dryup, weekly_volume_dryup, weekly_strong, downtrend",watchlist,weekly_watchlist,watchlist,8.7,38.0,21.89,0.0,21.89,480
ESCORTS.NS,Escorts Kubota Limited,Farm & Heavy Construction Machinery,Industrials,Industrials,False,Cash,1,Stage 4,Stage 4,Stage 4 - Confirmed Downtrend,0.86,Price is below a bearish moving-average stack with falling trend signals.,,,,,0.21,-8.44,243123667.6,1.37,1.32,1.51,False,False,"Stage 4, Stage 4 - Confirmed Downtrend, weekly_vcp_ok, weekly_strong, downtrend",watchlist,weekly_watchlist,watchlist,6.84,35.8,19.87,2.0,21.87,481
ABLBL.NS,Aditya Birla Lifestyle Brands Limited,Consumer Cyclical,Consumer Cyclical,Consumer Cyclical,False,Cash,1,Stage 4,Stage 4,Stage 4 - Confirmed Downtrend,0.86,Price is below a bearish moving-average stack with falling trend signals.,,,,,-18.4,-27.76,193248573.37,2.81,1.81,1.19,False,False,"Stage 4, Stage 4 - Confirmed Downtrend, weekly_vcp_ok, weekly_strong, downtrend",watchlist,weekly_watchlist,watchlist,6.81,35.8,19.86,2.0,21.86,482
THOMASCOOK.NS,Thomas Cook  (India)  Limited,Consumer Cyclical,Consumer Cyclical,Consumer Cyclical,False,Cash,1,Stage 4,Stage 4,Stage 4 - Weak/Declining,0.72,Price is below long-term support with weak trend evidence.,,,,,3.9,-4.13,51232652.09,0.24,0.25,0.29,True,True,"Stage 4, Stage 4 - Weak/Declining, weekly_vcp_ok, volume_dryup, weekly_volume_dryup, weekly_strong, downtrend",watchlist,weekly_watchlist,watchlist,5.9,36.9,19.85,2.0,21.85,483
CGCL.NS,Capri Global Capital Limited,Credit Services,Financial Services,Financial Services,False,Cash,1,Stage 2,Stage 2,Early Stage 2,0.72,"Price has moved above long-term structure, but the full moving-average stack is not clean yet.",,,2026-10-05,,2.42,35.45,787258585.99,0.45,0.89,0.5,True,True,"Stage 2, Early Stage 2, volume_dryup, weekly_volume_dryup",watchlist,weekly_watchlist,watchlist,20.74,22.99,21.75,0.0,21.75,484
HDFCLIFE.NS,HDFC Life Insurance Company Limited,Insurance - Life,Financial Services,Financial Services,True,F&O,1,Stage 4,Stage 4,Stage 4 - Weak/Declining,0.72,Price is below long-term support with weak trend evidence.,,,,,3.2,-8.81,2769046083.03,1.42,2.01,1.5,False,False,"Stage 4, Stage 4 - Weak/Declining, weekly_vcp_ok, weekly_strong, downtrend",watchlist,weekly_watchlist,watchlist,9.22,36.9,21.68,0.0,21.68,485
MAXHEALTH.NS,Max Healthcare Institute Limited,Medical Care Facilities,Healthcare,Healthcare,True,F&O,1,Stage 2 Failed,Stage 4,Failed Stage 2,0.72,"This stock was recently Stage 2, but the latest structure no longer satisfies Stage 2 rules. It is kept as Stage 2 Failed until a fresh base/repair structure forms.",Recent Stage 2 break; public stage held as Stage 2 Failed.,2026-10-06,2026-09-24,,-13.92,-4.16,2708601291.24,1.62,1.02,2.31,False,False,"Stage 4, Stage 4 - Confirmed Downtrend, weekly_vcp_ok, weekly_strong, downtrend | Stage 2 failed state applied from stage memory.",watchlist,weekly_watchlist,watchlist,9.2,36.9,21.66,0.0,21.66,486
BIOCON.NS,Biocon Limited,Biotechnology,Healthcare,Healthcare,True,F&O,1,Stage 4,Stage 4,Stage 4 - Weak/Declining,0.72,Price is below long-term support with weak trend evidence.,,,2026-08-14,,-7.17,7.95,1211090777.37,0.75,1.65,0.72,True,True,"Stage 4, Stage 4 - Weak/Declining, weekly_vcp_ok, volume_dryup, weekly_volume_dryup, weekly_strong, downtrend",watchlist,weekly_watchlist,watchlist,0.0,36.98,16.64,5.0,21.64,487
COROMANDEL.NS,Coromandel International Limited,Agricultural Inputs,Basic Materials,Basic Materials,False,Cash,1,Stage 4,Stage 4,Stage 4 - Weak/Declining,0.72,Price is below long-term support with weak trend evidence.,,,,,-6.5,-16.09,302545834.49,1.59,0.88,2.28,False,False,"Stage 4, Stage 4 - Weak/Declining, weekly_vcp_ok, weekly_strong, downtrend",watchlist,weekly_watchlist,watchlist,9.1,36.9,21.61,0.0,21.61,488
RAILTEL.NS,Railtel Corporation Of India Limited,Telecom Services,Communication Services,Communication Services,False,Cash,1,Stage 4,Stage 4,Stage 4 - Confirmed Downtrend,0.86,Price is below a bearish moving-average stack with falling trend signals.,,,,,-11.21,-8.16,212161161.35,1.21,0.75,1.89,False,False,"Stage 4, Stage 4 - Confirmed Downtrend, weekly_vcp_ok, weekly_strong, downtrend",watchlist,weekly_watchlist,watchlist,9.1,36.9,21.61,0.0,21.61,489
INDIAMART.NS,Indiamart Intermesh Limited,Communication Services,Communication Services,Communication Services,False,Cash,1,Stage 4,Stage 4,Stage 4 - Confirmed Downtrend,0.86,Price is below a bearish moving-average stack with falling trend signals.,,,,,-12.61,-21.12,190942621.78,0.56,0.43,0.62,True,True,"Stage 4, Stage 4 - Confirmed Downtrend, weekly_vcp_ok, volume_dryup, weekly_volume_dryup, weekly_strong, downtrend",watchlist,weekly_watchlist,watchlist,0.0,36.9,16.61,5.0,21.61,490
SURYAROSNI.NS,Surya Roshni Limited,Steel,Basic Materials,Basic Materials,False,Cash,1,Stage 4,Stage 4,Stage 4 - Confirmed Downtrend,0.86,Price is below a bearish moving-average stack with falling trend signals.,,,2026-07-10,,-7.7,1.45,99984764.59,0.88,0.38,0.94,False,False,"Stage 4, Stage 4 - Confirmed Downtrend, weekly_vcp_ok, weekly_strong, downtrend",watchlist,weekly_watchlist,watchlist,0.0,36.9,16.61,5.0,21.61,491
EPL.NS,EPL Limited,Consumer Cyclical,Consumer Cyclical,Consumer Cyclical,False,Cash,1,Stage 2 Failed,Stage 1,Failed Stage 2,0.72,"This stock was recently Stage 2, but the latest structure no longer satisfies Stage 2 rules. It is kept as Stage 2 Failed until a fresh base/repair structure forms.",Recent Stage 2 break; public stage held as Stage 2 Failed.,2026-10-06,2026-09-30,,3.69,2.21,441339850.22,0.3,0.2,0.36,True,True,"Stage 1, Stage 1 - Base/Repair, weekly_vcp_ok, volume_dryup, weekly_volume_dryup, weekly_strong, stage1_not_actionable, stage1_needs_more_base | Stage 2 failed state applied from stage memory.",watchlist,weekly_watchlist,watchlist,0.0,43.49,19.57,2.0,21.57,492
CSBBANK.NS,CSB Bank Limited,Banks - Regional,Financial Services,Financial Services,False,Cash,1,Stage 4,Stage 4,Stage 4 - Confirmed Downtrend,0.86,Price is below a bearish moving-average stack with falling trend signals.,,,,,-8.24,-23.63,298102471.32,0.59,0.52,0.71,True,True,"Stage 4, Stage 4 - Confirmed Downtrend, weekly_vcp_ok, volume_dryup, weekly_volume_dryup, weekly_strong, downtrend",watchlist,weekly_watchlist,watchlist,9.2,32.13,19.52,2.0,21.52,493
POLICYBZR.NS,PB Fintech Limited,Financial Services,Financial Services,Financial Services,True,F&O,1,Stage 2 Failed,Stage 4,Failed Stage 2,0.72,"This stock was recently Stage 2, but the latest structure no longer satisfies Stage 2 rules. It is kept as Stage 2 Failed until a fresh base/repair structure forms.",Recent Stage 2 break; public stage held as Stage 2 Failed.,2026-10-06,2026-09-23,,-29.89,-27.94,9502144214.01,3.73,1.46,2.52,False,False,"Stage 4, Stage 4 - Weak/Declining, weekly_vcp_ok, weekly_strong, downtrend | Stage 2 failed state applied from stage memory.",watchlist,weekly_watchlist,watchlist,8.82,36.9,21.46,0.0,21.46,494
UNIONBANK.NS,Union Bank of India,Banks - Regional,Financial Services,Financial Services,True,F&O,1,Stage 2 Failed,Stage 1,Failed Stage 2,0.72,"This stock was recently Stage 2, but the latest structure no longer satisfies Stage 2 rules. It is kept as Stage 2 Failed until a fresh base/repair structure forms.",Recent Stage 2 break; public stage held as Stage 2 Failed.,2026-10-06,2026-09-25,,7.02,-5.26,1268596194.1,0.94,1.31,0.92,False,False,"Stage 1, Stage 1 - Base/Repair, weekly_vcp_ok, weekly_strong, stage1_not_actionable, stage1_needs_more_base | Stage 2 failed state applied from stage memory.",watchlist,weekly_watchlist,watchlist,0.0,43.08,19.39,2.0,21.39,495
AFFLE.NS,Affle 3i Limited,Communication Services,Communication Services,Communication Services,False,Cash,1,Stage 4,Stage 4,Stage 4 - Weak/Declining,0.72,Price is below long-term support with weak trend evidence.,,,2026-09-07,,2.59,2.96,200271292.43,0.47,0.32,0.34,True,True,"Stage 4, Stage 4 - Weak/Declining, weekly_vcp_ok, volume_dryup, weekly_volume_dryup, weekly_strong, downtrend",watchlist,weekly_watchlist,watchlist,0.0,36.36,16.36,5.0,21.36,496
AMBUJACEM.NS,Ambuja Cements Limited,Building Materials,Basic Materials,Basic Materials,True,F&O,1,Stage 4,Stage 4,Stage 4 - Confirmed Downtrend,0.86,Price is below a bearish moving-average stack with falling trend signals.,,,,,-12.53,-16.77,557660015.4,0.85,1.64,1.06,True,False,"Stage 4, Stage 4 - Confirmed Downtrend, weekly_vcp_ok, volume_dryup, weekly_strong, downtrend",watchlist,weekly_watchlist,watchlist,9.52,35.8,21.35,0.0,21.35,497
NESCO.NS,Nesco Limited,Conglomerates,Industrials,Industrials,False,Cash,1,Stage 4,Stage 4,Stage 4 - Weak/Declining,0.72,Price is below long-term support with weak trend evidence.,,,2026-05-25,,-0.45,-6.31,59138508.26,1.19,0.67,1.24,False,False,"Stage 4, Stage 4 - Weak/Declining, weekly_vcp_ok, weekly_strong, downtrend",watchlist,weekly_watchlist,watchlist,4.95,36.9,19.33,2.0,21.33,498
GALLANTT.NS,Gallantt Ispat Limited,Steel,Basic Materials,Basic Materials,False,Cash,1,Stage 4,Stage 4,Stage 4 - Weak/Declining,0.72,Price is below long-term support with weak trend evidence.,,,2026-06-26,,-15.1,-18.37,43819296.16,1.06,0.85,0.53,False,True,"Stage 4, Stage 4 - Weak/Declining, weekly_vcp_ok, weekly_volume_dryup, weekly_strong, downtrend",watchlist,weekly_watchlist,watchlist,2.0,33.8,16.31,5.0,21.31,499
BHARTIARTL.NS,Bharti Airtel Limited,Telecom Services,Communication Services,Communication Services,True,F&O,1,Stage 4,Stage 4,Stage 4 - Weak/Declining,0.72,Price is below long-term support with weak trend evidence.,,,2026-08-21,,0.09,-1.17,9733773425.88,0.88,0.89,0.86,False,True,"Stage 4, Stage 4 - Weak/Declining, weekly_vcp_ok, weekly_volume_dryup, weekly_strong, downtrend",watchlist,weekly_watchlist,watchlist,9.37,35.8,21.26,0.0,21.26,500
NUVOCO.NS,Nuvoco Vistas Corporation Limited,Building Materials,Basic Materials,Basic Materials,False,Cash,1,Stage 2 Failed,Stage 4,Failed Stage 2,0.72,"This stock was recently Stage 2, but the latest structure no longer satisfies Stage 2 rules. It is kept as Stage 2 Failed until a fresh base/repair structure forms.",Recent Stage 2 break; public stage held as Stage 2 Failed.,2026-10-06,2026-09-30,,8.98,5.57,93945572.9,1.03,0.4,1.27,False,False,"Stage 4, Stage 4 - Weak/Declining, weekly_vcp_ok, weekly_strong, downtrend | Stage 2 failed state applied from stage memory.",watchlist,weekly_watchlist,watchlist,7.28,38.35,21.26,0.0,21.26,501
TMB.NS,Tamilnad Mercantile Bank Limited,Banks - Regional,Financial Services,Financial Services,False,Cash,1,Stage 2,Stage 2,Early Stage 2,0.72,"Price has moved above long-term structure, but the full moving-average stack is not clean yet.",,,2026-10-05,,14.28,36.78,132732541.64,0.99,0.81,0.48,False,True,"Stage 2, Early Stage 2, weekly_volume_dryup",watchlist,weekly_watchlist,watchlist,16.99,21.91,19.2,2.0,21.2,502
VMART.NS,V-Mart Retail Limited,Consumer Cyclical,Consumer Cyclical,Consumer Cyclical,False,Cash,1,Stage 2,Stage 2,Early Stage 2,0.72,"Price has moved above long-term structure, but the full moving-average stack is not clean yet.",,,2026-10-05,,6.49,27.13,63720864.88,0.87,1.15,0.9,False,False,"Stage 2, Early Stage 2",watchlist,weekly_watchlist,watchlist,18.35,20.16,19.16,2.0,21.16,503
IRCON.NS,Ircon International Limited,Engineering & Construction,Industrials,Industrials,False,Cash,1,Stage 4,Stage 4,Stage 4 - Confirmed Downtrend,0.86,Price is below a bearish moving-average stack with falling trend signals.,,,,,-11.44,-19.64,751998768.12,3.38,0.54,6.39,False,False,"Stage 4, Stage 4 - Confirmed Downtrend, weekly_vcp_ok, weekly_strong, downtrend",watchlist,weekly_watchlist,watchlist,9.1,35.8,21.11,0.0,21.11,504
SANDUMA.NS,Sandur Manganese & Iron Ores Limited,Steel,Basic Materials,Basic Materials,False,Cash,1,Stage 4,Stage 4,Stage 4 - Confirmed Downtrend,0.86,Price is below a bearish moving-average stack with falling trend signals.,,,2026-06-22,,-5.02,-8.16,94133623.72,0.74,1.02,0.79,True,True,"Stage 4, Stage 4 - Confirmed Downtrend, weekly_vcp_ok, volume_dryup, weekly_volume_dryup, weekly_strong, downtrend",watchlist,weekly_watchlist,watchlist,0.0,35.8,16.11,5.0,21.11,505
PNGJL.NS,P N Gadgil Jewellers Limited,Luxury Goods,Consumer Cyclical,Consumer Cyclical,False,Cash,1,Stage 4,Stage 4,Stage 4 - Weak/Declining,0.72,Price is below long-term support with weak trend evidence.,,,2026-09-08,,5.89,-6.49,235762851.38,0.8,0.69,0.65,True,True,"Stage 4, Stage 4 - Weak/Declining, weekly_vcp_ok, volume_dryup, weekly_volume_dryup, weekly_strong, downtrend",watchlist,weekly_watchlist,watchlist,0.0,35.8,16.11,5.0,21.11,506
ZEEL.NS,Zee Entertainment Enterprises Limited,Communication Services,Communication Services,Communication Services,False,Cash,1,Stage 4,Stage 4,Stage 4 - Weak/Declining,0.72,Price is below long-term support with weak trend evidence.,,,2026-08-21,,-19.29,-6.35,1090385617.24,0.45,0.79,0.43,True,True,"Stage 4, Stage 4 - Weak/Declining, weekly_vcp_ok, volume_dryup, weekly_volume_dryup, weekly_strong, downtrend",watchlist,weekly_watchlist,watchlist,0.0,35.8,16.11,5.0,21.11,507
ACI.NS,Archean Chemical Industries Limited,Chemicals,Basic Materials,Basic Materials,False,Cash,1,Stage 4,Stage 4,Stage 4 - Confirmed Downtrend,0.86,Price is below a bearish moving-average stack with falling trend signals.,,,,,-5.41,-21.02,120006326.54,0.77,0.22,0.67,True,True,"Stage 4, Stage 4 - Confirmed Downtrend, weekly_vcp_ok, volume_dryup, weekly_volume_dryup, weekly_strong, downtrend",watchlist,weekly_watchlist,watchlist,0.0,35.8,16.11,5.0,21.11,508
AURIONPRO.NS,Aurionpro Solutions Limited,Software - Application,Technology,Technology,False,Cash,1,Stage 4,Stage 4,Stage 4 - Confirmed Downtrend,0.86,Price is below a bearish moving-average stack with falling trend signals.,,,,,-21.4,-28.06,91353949.4,0.77,0.99,0.98,True,False,"Stage 4, Stage 4 - Confirmed Downtrend, weekly_vcp_ok, volume_dryup, weekly_strong, downtrend",watchlist,weekly_watchlist,watchlist,0.0,35.8,16.11,5.0,21.11,509
DBCORP.NS,D.B.Corp Limited,Communication Services,Communication Services,Communication Services,False,Cash,1,Stage 4,Stage 4,Stage 4 - Confirmed Downtrend,0.86,Price is below a bearish moving-average stack with falling trend signals.,,,,,-8.06,-14.76,13169656.61,1.01,1.19,1.25,False,False,"Stage 4, Stage 4 - Confirmed Downtrend, weekly_vcp_ok, weekly_strong, downtrend",watchlist,weekly_watchlist,watchlist,0.0,35.8,16.11,5.0,21.11,510
JTEKTINDIA.NS,Jtekt India Limited,Auto Parts,Consumer Cyclical,Consumer Cyclical,False,Cash,1,Stage 4,Stage 4,Stage 4 - Confirmed Downtrend,0.86,Price is below a bearish moving-average stack with falling trend signals.,,,,,-15.32,-11.42,11705049.74,0.47,0.52,0.39,True,True,"Stage 4, Stage 4 - Confirmed Downtrend, weekly_vcp_ok, volume_dryup, weekly_volume_dryup, weekly_strong, downtrend",watchlist,weekly_watchlist,watchlist,0.0,35.8,16.11,5.0,21.11,511
AUTOAXLES.NS,Automotive Axles Limited,Auto Parts,Consumer Cyclical,Consumer Cyclical,False,Cash,1,Not Sure,Stage 4,Pending Stage 4,0.55,Blocked public stage jump Stage 1 -> Stage 4; waiting for intermediate/confirmed structure.,Blocked public stage jump Stage 1 -> Stage 4; waiting for intermediate/confirmed structure.,,2026-08-12,Stage 4,-0.16,-0.48,10102540.45,0.78,0.41,0.71,True,True,"Stage 4, Stage 4 - Confirmed Downtrend, weekly_vcp_ok, volume_dryup, weekly_volume_dryup, weekly_strong, downtrend | Blocked public stage jump Stage 1 -> Stage 4; waiting for intermediate/confirmed structure.",watchlist,weekly_watchlist,watchlist,0.0,35.8,16.11,5.0,21.11,512
ORISSAMINE.NS,The Orissa Minerals Development Company Limited,Steel,Basic Materials,Basic Materials,False,Cash,1,Stage 4,Stage 4,Stage 4 - Weak/Declining,0.72,Price is below long-term support with weak trend evidence.,,,,,0.46,-2.89,29442184.67,0.23,0.9,0.25,True,True,"Stage 4, Stage 4 - Weak/Declining, weekly_vcp_ok, volume_dryup, weekly_volume_dryup, weekly_strong, downtrend",watchlist,weekly_watchlist,watchlist,0.0,35.8,16.11,5.0,21.11,513
SHOPERSTOP.NS,Shoppers Stop Limited,Consumer Cyclical,Consumer Cyclical,Consumer Cyclical,False,Cash,1,Stage 2 Failed,Not Sure,Failed Stage 2,0.72,"This stock was recently Stage 2, but the latest structure no longer satisfies Stage 2 rules. It is kept as Stage 2 Failed until a fresh base/repair structure forms.",Recent Stage 2 break; public stage held as Stage 2 Failed.,2026-10-06,2026-10-05,,22.6,35.44,165521295.92,2.23,0.06,0.37,False,True,"Not Sure, Not Sure, weekly_volume_dryup | Stage 2 failed state applied from stage memory.",watchlist,weekly_watchlist,watchlist,26.0,10.6,19.07,2.0,21.07,514
VENTIVE.NS,Ventive Hospitality Limited,Lodging,Consumer Cyclical,Consumer Cyclical,False,Cash,1,Stage 4,Stage 4,Stage 4 - Confirmed Downtrend,0.86,Price is below a bearish moving-average stack with falling trend signals.,,,,,-0.51,-1.74,19566686.53,1.08,2.65,1.11,False,False,"Stage 4, Stage 4 - Confirmed Downtrend, weekly_vcp_ok, weekly_strong, downtrend",watchlist,weekly_watchlist,watchlist,5.2,35.8,18.97,2.0,20.97,515
EQUITASBNK.NS,Equitas Small Finance Bank Limited,Banks - Regional,Financial Services,Financial Services,False,Cash,1,Stage 1,Stage 1,Stage 1 - Base/Repair,0.7,Price is near long-term moving averages with no strong long-term downtrend signal.,,,2026-08-31,,-8.43,10.82,128266366.28,0.95,0.37,0.71,False,True,"Stage 1, Stage 1 - Base/Repair, weekly_vcp_ok, weekly_volume_dryup, weekly_strong, stage1_not_actionable, stage1_needs_more_base",watchlist,weekly_watchlist,watchlist,0.0,42.04,18.92,2.0,20.92,516
UPL.NS,UPL Limited,Agricultural Inputs,Basic Materials,Basic Materials,True,F&O,1,Stage 4,Stage 4,Stage 4 - Confirmed Downtrend,0.86,Price is below a bearish moving-average stack with falling trend signals.,,,,,-8.87,-19.24,1191886988.82,1.1,0.52,1.16,False,False,"Stage 4, Stage 4 - Confirmed Downtrend, weekly_vcp_ok, weekly_strong, downtrend",watchlist,weekly_watchlist,watchlist,7.82,36.9,20.91,0.0,20.91,517
ICICIBANK.NS,ICICI Bank Limited,Banks - Regional,Financial Services,Financial Services,True,F&O,1,Stage 2 Failed,Stage 1,Failed Stage 2,0.72,"This stock was recently Stage 2, but the latest structure no longer satisfies Stage 2 rules. It is kept as Stage 2 Failed until a fresh base/repair structure forms.",Recent Stage 2 break; public stage held as Stage 2 Failed.,2026-10-06,2026-09-17,,1.27,1.06,11871677850.11,1.05,1.36,1.12,False,False,"Stage 1, Stage 1 - Unclear/Repair, weekly_vcp_ok, weekly_strong, stage1_not_actionable, stage1_needs_more_base | Stage 2 failed state applied from stage memory.",watchlist,weekly_watchlist,watchlist,0.0,42.03,18.91,2.0,20.91,518
SUPREMEIND.NS,Supreme Industries Limited,Building Products & Equipment,Industrials,Industrials,True,F&O,1,Stage 1,Stage 1,Stage 1 - Base/Repair,0.7,Price is near long-term moving averages with no strong long-term downtrend signal.,,,,,10.0,-6.41,446578773.16,0.68,1.33,0.64,True,True,"Stage 1, Stage 1 - Base/Repair, weekly_vcp_ok, volume_dryup, weekly_volume_dryup, weekly_strong, stage1_not_actionable, stage1_needs_more_base",watchlist,weekly_watchlist,watchlist,3.47,42.16,20.88,0.0,20.88,519
CONCOR.NS,Container Corporation of India Limited,Industrials,Industrials,Industrials,True,F&O,1,Stage 2 Failed,Stage 4,Failed Stage 2,0.72,"This stock was recently Stage 2, but the latest structure no longer satisfies Stage 2 rules. It is kept as Stage 2 Failed until a fresh base/repair structure forms.",Recent Stage 2 break; public stage held as Stage 2 Failed.,2026-10-06,2026-09-18,,2.66,-6.52,535939850.15,0.97,0.73,0.65,False,True,"Stage 4, Stage 4 - Weak/Declining, weekly_vcp_ok, weekly_volume_dryup, weekly_strong, downtrend | Stage 2 failed state applied from stage memory.",watchlist,weekly_watchlist,watchlist,8.54,35.8,20.81,0.0,20.81,520
EICHERMOT.NS,Eicher Motors Limited,Auto Manufacturers,Consumer Cyclical,Consumer Cyclical,True,F&O,1,Stage 2 Failed,Stage 1,Failed Stage 2,0.72,"This stock was recently Stage 2, but the latest structure no longer satisfies Stage 2 rules. It is kept as Stage 2 Failed until a fresh base/repair structure forms.",Recent Stage 2 break; public stage held as Stage 2 Failed.,2026-10-06,2026-09-23,,1.42,-3.19,2568306796.45,0.89,0.58,1.14,False,False,"Stage 1, Stage 1 - Base/Repair, weekly_vcp_ok, weekly_strong, stage1_not_actionable, stage1_needs_more_base | Stage 2 failed state applied from stage memory.",watchlist,weekly_watchlist,watchlist,0.0,41.8,18.81,2.0,20.81,521
NEWGEN.NS,Newgen Software Technologies Limited,Software - Infrastructure,Technology,Technology,False,Cash,1,Stage 4,Stage 4,Stage 4 - Weak/Declining,0.72,Price is below long-term support with weak trend evidence.,,,,,-6.1,4.56,292210781.73,0.55,0.41,0.33,True,True,"Stage 4, Stage 4 - Weak/Declining, weekly_vcp_ok, volume_dryup, weekly_volume_dryup, weekly_strong, downtrend",watchlist,weekly_watchlist,watchlist,7.57,36.9,20.77,0.0,20.77,522
ITCHOTELS.NS,ITC Hotels Limited,Consumer Cyclical,Consumer Cyclical,Consumer Cyclical,False,Cash,1,Stage 4,Stage 4,Stage 4 - Weak/Declining,0.72,Price is below long-term support with weak trend evidence.,,,,,-9.78,5.22,242695106.6,0.99,0.82,0.75,False,True,"Stage 4, Stage 4 - Weak/Declining, weekly_vcp_ok, weekly_volume_dryup, weekly_strong, downtrend",watchlist,weekly_watchlist,watchlist,6.32,33.8,18.69,2.0,20.69,523
KALPATARU.NS,Kalpataru Limited,Real Estate,Real Estate,Real Estate,False,Cash,1,Stage 4,Stage 4,Stage 4 - Confirmed Downtrend,0.86,Price is below a bearish moving-average stack with falling trend signals.,,,,,-1.57,-8.84,17935342.6,0.72,1.41,0.47,True,True,"Stage 4, Stage 4 - Confirmed Downtrend, weekly_vcp_ok, volume_dryup, weekly_volume_dryup, weekly_strong, downtrend",watchlist,weekly_watchlist,watchlist,4.61,35.8,18.65,2.0,20.65,524
RECLTD.NS,REC Limited,Credit Services,Financial Services,Financial Services,True,F&O,1,Stage 4,Stage 4,Stage 4 - Confirmed Downtrend,0.86,Price is below a bearish moving-average stack with falling trend signals.,,,2026-08-07,,-8.76,-11.32,1922269806.32,1.53,0.92,1.01,False,False,"Stage 4, Stage 4 - Confirmed Downtrend, weekly_vcp_ok, weekly_strong, downtrend",watchlist,weekly_watchlist,watchlist,8.2,35.8,20.62,0.0,20.62,525
APTUS.NS,Aptus Value Housing Finance India Limited,Mortgage Finance,Financial Services,Financial Services,False,Cash,1,Stage 4,Stage 4,Stage 4 - Confirmed Downtrend,0.86,Price is below a bearish moving-average stack with falling trend signals.,,,2026-07-30,,-16.48,0.8,400002006.37,1.13,0.31,0.69,False,True,"Stage 4, Stage 4 - Confirmed Downtrend, weekly_vcp_ok, weekly_volume_dryup, weekly_strong, downtrend",watchlist,weekly_watchlist,watchlist,8.2,35.8,20.62,0.0,20.62,526
FEDFINA.NS,Fedbank Financial Services Limited,Credit Services,Financial Services,Financial Services,False,Cash,1,Stage 2 Failed,Stage 1,Failed Stage 2,0.72,"This stock was recently Stage 2, but the latest structure no longer satisfies Stage 2 rules. It is kept as Stage 2 Failed until a fresh base/repair structure forms.",Recent Stage 2 break; public stage held as Stage 2 Failed.,2026-10-06,2026-10-05,,2.19,6.15,121082529.92,0.99,0.63,0.81,False,True,"Stage 1, Stage 1 - Base/Repair, stage1_base_ready, weekly_vcp_ok, weekly_volume_dryup, weekly_strong, stage1_not_actionable | Stage 2 failed state applied from stage memory.",watchlist,weekly_watchlist,watchlist,0.0,45.63,20.53,0.0,20.53,527
CHALET.NS,Chalet Hotels Limited,Lodging,Consumer Cyclical,Consumer Cyclical,False,Cash,1,Stage 2 Failed,Stage 4,Failed Stage 2,0.72,"This stock was recently Stage 2, but the latest structure no longer satisfies Stage 2 rules. It is kept as Stage 2 Failed until a fresh base/repair structure forms.",Recent Stage 2 break; public stage held as Stage 2 Failed.,2026-10-06,2026-09-29,,4.64,7.19,145942994.11,1.15,0.36,1.67,False,False,"Stage 4, Stage 4 - Weak/Declining, weekly_vcp_ok, weekly_strong, downtrend | Stage 2 failed state applied from stage memory.",watchlist,weekly_watchlist,watchlist,6.38,33.32,18.5,2.0,20.5,528
RPSGVENT.NS,RPSG VENTURES LIMITED,Information Technology Services,Technology,Technology,False,Cash,1,Stage 3,Stage 3,Stage 3 - Distribution/Damage,0.76,"Prior strength exists, but short-term and/or weekly structure is deteriorating.",,,2026-09-09,,-4.34,-12.98,24884071.53,0.89,0.51,0.86,False,True,"Stage 3, Stage 3 - Distribution/Damage, weekly_vcp_ok, weekly_volume_dryup, weekly_strong, distribution_risk",watchlist,weekly_watchlist,watchlist,0.0,40.9,18.41,2.0,20.41,529
HINDZINC.NS,Hindustan Zinc Limited,Basic Materials,Basic Materials,Basic Materials,True,F&O,1,Stage 2 Failed,Stage 4,Failed Stage 2,0.72,"This stock was recently Stage 2, but the latest structure no longer satisfies Stage 2 rules. It is kept as Stage 2 Failed until a fresh base/repair structure forms.",Recent Stage 2 break; public stage held as Stage 2 Failed.,2026-10-06,2026-09-25,,8.49,1.78,2085990797.3,0.57,0.45,0.4,True,True,"Stage 4, Stage 4, weekly_vcp_ok, volume_dryup, weekly_volume_dryup, weekly_strong, downtrend | Stage 2 failed state applied from stage memory.",watchlist,weekly_watchlist,watchlist,6.93,36.83,20.38,0.0,20.38,530
PRIVISCL.NS,Privi Speciality Chemicals Limited,Specialty Chemicals,Basic Materials,Basic Materials,False,Cash,1,Stage 2 Failed,Stage 1,Failed Stage 2,0.72,"This stock was recently Stage 2, but the latest structure no longer satisfies Stage 2 rules. It is kept as Stage 2 Failed until a fresh base/repair structure forms.",Recent Stage 2 break; public stage held as Stage 2 Failed.,2026-10-06,2026-10-05,,3.7,21.38,436755555.47,1.78,2.35,2.52,False,False,"Stage 1, Stage 1 - Base/Repair, stage1_not_actionable, stage1_needs_more_base | Stage 2 failed state applied from stage memory.",watchlist,weekly_watchlist,watchlist,2.01,20.51,10.34,10.0,20.34,531
PDSL.NS,PDS Limited,Industrials,Industrials,Industrials,False,Cash,1,Stage 2 Failed,Stage 3,Failed Stage 2,0.72,"This stock was recently Stage 2, but the latest structure no longer satisfies Stage 2 rules. It is kept as Stage 2 Failed until a fresh base/repair structure forms.",Recent Stage 2 break; public stage held as Stage 2 Failed.,2026-10-06,2026-09-23,,5.49,18.17,41612891.4,0.98,0.26,1.38,False,False,"Stage 3, Stage 3 - Distribution/Damage, weekly_vcp_ok, weekly_strong, distribution_risk | Stage 2 failed state applied from stage memory.",watchlist,weekly_watchlist,watchlist,5.02,38.97,20.3,0.0,20.3,532
INDIACEM.NS,The India Cements Limited,Building Materials,Basic Materials,Basic Materials,False,Cash,1,Stage 4,Stage 4,Stage 4 - Confirmed Downtrend,0.86,Price is below a bearish moving-average stack with falling trend signals.,,,,,-16.01,-22.65,64897700.4,1.08,0.83,1.23,False,False,"Stage 4, Stage 4 - Confirmed Downtrend, weekly_vcp_ok, weekly_strong, downtrend",watchlist,weekly_watchlist,watchlist,7.6,35.8,20.29,0.0,20.29,533
SJVN.NS,SJVN Limited,Utilities - Renewable,Utilities,Utilities,False,Cash,1,Stage 4,Stage 4,Stage 4 - Confirmed Downtrend,0.86,Price is below a bearish moving-average stack with falling trend signals.,,,,,-14.15,-19.75,166528570.97,1.41,0.74,1.05,False,False,"Stage 4, Stage 4 - Confirmed Downtrend, weekly_vcp_ok, weekly_strong, downtrend",watchlist,weekly_watchlist,watchlist,6.7,36.9,20.29,0.0,20.29,534
SUNTECK.NS,Sunteck Realty Limited,Real Estate,Real Estate,Real Estate,False,Cash,1,Stage 4,Stage 4,Stage 4 - Confirmed Downtrend,0.86,Price is below a bearish moving-average stack with falling trend signals.,,,,,-7.32,-10.33,32691630.47,0.81,0.42,0.95,True,False,"Stage 4, Stage 4 - Confirmed Downtrend, weekly_vcp_ok, volume_dryup, weekly_strong, downtrend",watchlist,weekly_watchlist,watchlist,2.99,36.9,18.25,2.0,20.25,535
INDIGOPNTS.NS,Indigo Paints Limited,Specialty Chemicals,Basic Materials,Basic Materials,False,Cash,1,Stage 2 Failed,Not Sure,Failed Stage 2,0.72,"This stock was recently Stage 2, but the latest structure no longer satisfies Stage 2 rules. It is kept as Stage 2 Failed until a fresh base/repair structure forms.",Recent Stage 2 break; public stage held as Stage 2 Failed.,2026-10-06,2026-09-25,,6.01,32.95,52520455.07,0.4,0.7,0.37,True,True,"Not Sure, Not Sure, volume_dryup, weekly_volume_dryup | Stage 2 failed state applied from stage memory.",watchlist,weekly_watchlist,watchlist,4.65,17.1,10.25,10.0,20.25,536
FEDERALBNK.NS,The Federal Bank  Limited,Banks - Regional,Financial Services,Financial Services,True,F&O,1,Stage 2 Failed,Stage 3,Failed Stage 2,0.72,"This stock was recently Stage 2, but the latest structure no longer satisfies Stage 2 rules. It is kept as Stage 2 Failed until a fresh base/repair structure forms.",Recent Stage 2 break; public stage held as Stage 2 Failed.,2026-10-06,2026-09-29,,1.98,12.25,1830191335.1,1.24,0.75,1.12,False,False,"Stage 3, Stage 3 - Distribution/Damage, weekly_vcp_ok, weekly_strong, distribution_risk | Stage 2 failed state applied from stage memory.",watchlist,weekly_watchlist,watchlist,0.0,40.42,18.19,2.0,20.19,537
GREENPANEL.NS,Greenpanel Industries Limited,Basic Materials,Basic Materials,Basic Materials,False,Cash,1,Stage 4,Stage 4,Stage 4 - Confirmed Downtrend,0.86,Price is below a bearish moving-average stack with falling trend signals.,,,,,-11.17,-22.45,66758723.36,0.88,0.69,0.95,False,False,"Stage 4, Stage 4 - Confirmed Downtrend, weekly_vcp_ok, weekly_strong, downtrend",watchlist,weekly_watchlist,watchlist,6.38,36.9,20.11,0.0,20.11,538
ABCAPITAL.NS,Aditya Birla Capital Limited,Financial Services,Financial Services,Financial Services,True,F&O,1,Stage 2 Failed,Stage 3,Failed Stage 2,0.72,"This stock was recently Stage 2, but the latest structure no longer satisfies Stage 2 rules. It is kept as Stage 2 Failed until a fresh base/repair structure forms.",Recent Stage 2 break; public stage held as Stage 2 Failed.,2026-10-06,2026-09-24,,-2.57,13.12,986096737.4,0.94,1.87,0.96,False,False,"Stage 3, Stage 3 - Distribution/Damage, weekly_vcp_ok, weekly_strong, distribution_risk | Stage 2 failed state applied from stage memory.",watchlist,weekly_watchlist,watchlist,3.11,40.86,20.1,0.0,20.1,539
PURVA.NS,Puravankara Limited,Real Estate,Real Estate,Real Estate,False,Cash,1,Stage 4,Stage 4,Stage 4 - Weak/Declining,0.72,Price is below long-term support with weak trend evidence.,,,,,0.52,13.76,50931603.6,0.15,0.12,0.14,True,True,"Stage 4, Stage 4 - Weak/Declining, weekly_vcp_ok, volume_dryup, weekly_volume_dryup, downtrend",watchlist,weekly_watchlist,watchlist,13.63,23.53,18.09,2.0,20.09,540
ABREL.NS,Aditya Birla Real Estate Limited,Real Estate Services,Real Estate,Real Estate,False,Cash,1,Stage 4,Stage 4,Stage 4 - Weak/Declining,0.72,Price is below long-term support with weak trend evidence.,,,,,-18.45,-19.82,239965677.08,1.43,0.89,1.49,False,False,"Stage 4, Stage 4 - Weak/Declining, weekly_vcp_ok, weekly_strong, downtrend",watchlist,weekly_watchlist,watchlist,7.2,35.8,20.07,0.0,20.07,541
JSFB.NS,Jana Small Finance Bank Limited,Banks - Regional,Financial Services,Financial Services,False,Cash,1,Stage 2,Stage 2,Early Stage 2,0.72,"Price has moved above long-term structure, but the full moving-average stack is not clean yet.",,,2026-10-05,,14.43,30.8,452689859.12,0.98,0.37,0.49,False,True,"Stage 2, Early Stage 2, weekly_volume_dryup",watchlist,weekly_watchlist,watchlist,13.29,23.72,17.98,2.0,19.98,542
POCL.NS,Pondy Oxides & Chemicals Limited,Specialty Chemicals,Basic Materials,Basic Materials,False,Cash,1,Stage 4,Stage 4,Stage 4 - Confirmed Downtrend,0.86,Price is below a bearish moving-average stack with falling trend signals.,,,2026-08-03,,-16.09,-4.93,172628679.02,0.72,0.31,0.6,True,True,"Stage 4, Stage 4 - Confirmed Downtrend, weekly_vcp_ok, volume_dryup, weekly_volume_dryup, downtrend",watchlist,weekly_watchlist,watchlist,0.0,22.1,9.95,10.0,19.95,543
ROSSARI.NS,Rossari Biotech Limited,Specialty Chemicals,Basic Materials,Basic Materials,False,Cash,1,Stage 4,Stage 4,Stage 4 - Confirmed Downtrend,0.86,Price is below a bearish moving-average stack with falling trend signals.,,,,,-13.83,-2.9,25180175.2,0.94,2.98,1.02,False,False,"Stage 4, Stage 4 - Confirmed Downtrend, weekly_vcp_ok, downtrend",watchlist,weekly_watchlist,watchlist,0.0,22.1,9.95,10.0,19.95,544
ASTERDM.NS,Aster DM Healthcare Limited,Medical Care Facilities,Healthcare,Healthcare,False,Cash,1,Stage 2 Failed,Stage 4,Failed Stage 2,0.72,"This stock was recently Stage 2, but the latest structure no longer satisfies Stage 2 rules. It is kept as Stage 2 Failed until a fresh base/repair structure forms.",Recent Stage 2 break; public stage held as Stage 2 Failed.,2026-10-06,2026-09-15,,-10.54,1.26,885002702.28,0.52,0.77,0.72,True,True,"Stage 4, Stage 4, weekly_vcp_ok, volume_dryup, weekly_volume_dryup, weekly_strong, downtrend | Stage 2 failed state applied from stage memory.",watchlist,weekly_watchlist,watchlist,7.57,35.0,19.91,0.0,19.91,545
CELLO.NS,Cello World Limited,"Furnishings, Fixtures & Appliances",Consumer Cyclical,Consumer Cyclical,False,Cash,1,Stage 4,Stage 4,Stage 4 - Weak/Declining,0.72,Price is below long-term support with weak trend evidence.,,,,,8.06,-9.77,491858215.17,1.67,65.42,4.07,False,False,"Stage 4, Stage 4 - Weak/Declining, weekly_vcp_ok, weekly_strong, downtrend",watchlist,weekly_watchlist,watchlist,6.9,35.8,19.91,0.0,19.91,546
KIMS.NS,Krishna Institute of Medical Sciences Limited,Medical Care Facilities,Healthcare,Healthcare,False,Cash,1,Stage 2 Failed,Stage 4,Failed Stage 2,0.72,"This stock was recently Stage 2, but the latest structure no longer satisfies Stage 2 rules. It is kept as Stage 2 Failed until a fresh base/repair structure forms.",Recent Stage 2 break; public stage held as Stage 2 Failed.,2026-10-06,2026-09-24,,-10.16,5.23,457754798.33,1.13,1.54,1.87,False,False,"Stage 4, Stage 4, weekly_vcp_ok, weekly_strong, downtrend | Stage 2 failed state applied from stage memory.",watchlist,weekly_watchlist,watchlist,10.37,31.4,19.83,0.0,19.83,547
M&MFIN.NS,Mahindra & Mahindra Financial Services Limited,Credit Services,Financial Services,Financial Services,False,Cash,1,Stage 2 Failed,Stage 1,Failed Stage 2,0.72,"This stock was recently Stage 2, but the latest structure no longer satisfies Stage 2 rules. It is kept as Stage 2 Failed until a fresh base/repair structure forms.",Recent Stage 2 break; public stage held as Stage 2 Failed.,2026-10-06,2026-09-22,,2.95,13.73,578685853.7,0.73,1.04,0.84,True,True,"Stage 1, Stage 1 - Unclear/Repair, weekly_vcp_ok, volume_dryup, weekly_volume_dryup, weekly_strong, stage1_not_actionable, stage1_needs_more_base | Stage 2 failed state applied from stage memory.",watchlist,weekly_watchlist,watchlist,0.0,43.47,19.56,0.0,19.56,548
NCC.NS,NCC Limited,Engineering & Construction,Industrials,Industrials,False,Cash,1,Stage 4,Stage 4,Stage 4 - Confirmed Downtrend,0.86,Price is below a bearish moving-average stack with falling trend signals.,,,,,-5.87,-13.27,439868775.19,1.67,0.38,0.84,False,True,"Stage 4, Stage 4 - Confirmed Downtrend, weekly_vcp_ok, weekly_volume_dryup, weekly_strong, downtrend",watchlist,weekly_watchlist,watchlist,5.32,36.9,19.53,0.0,19.53,549
AADHARHFC.NS,Aadhar Housing Finance Limited,Mortgage Finance,Financial Services,Financial Services,False,Cash,1,Stage 4,Stage 4,Stage 4 - Weak/Declining,0.72,Price is below long-term support with weak trend evidence.,,,2026-08-13,,-10.0,-4.35,165729945.62,0.93,0.79,1.09,False,False,"Stage 4, Stage 4 - Weak/Declining, weekly_vcp_ok, weekly_strong, downtrend",watchlist,weekly_watchlist,watchlist,5.28,36.9,19.51,0.0,19.51,550
MAHSCOOTER.NS,Maharashtra Scooters Limited,Asset Management,Financial Services,Financial Services,False,Cash,1,Stage 2 Failed,Stage 4,Failed Stage 2,0.72,"This stock was recently Stage 2, but the latest structure no longer satisfies Stage 2 rules. It is kept as Stage 2 Failed until a fresh base/repair structure forms.",Recent Stage 2 break; public stage held as Stage 2 Failed.,2026-10-06,2026-09-24,,1.3,-2.52,69259782.96,1.39,1.02,2.27,False,False,"Stage 4, Stage 4 - Weak/Declining, weekly_vcp_ok, weekly_strong, downtrend | Stage 2 failed state applied from stage memory.",watchlist,weekly_watchlist,watchlist,5.26,36.9,19.5,0.0,19.5,551
AVANTEL.NS,Avantel Limited,Communication Equipment,Technology,Technology,False,Cash,1,Stage 1,Stage 1,Stage 1 - Base/Repair,0.7,Price is near long-term moving averages with no strong long-term downtrend signal.,,,2026-07-23,,-11.52,1.22,293550011.77,2.38,0.45,0.76,False,True,"Stage 1, Stage 1 - Base/Repair, weekly_volume_dryup, stage1_not_actionable, stage1_needs_more_base",watchlist,weekly_watchlist,watchlist,9.07,10.0,9.49,10.0,19.49,552
JWL.NS,Jupiter Wagons Limited,Industrials,Industrials,Industrials,False,Cash,1,Stage 4,Stage 4,Stage 4 - Confirmed Downtrend,0.86,Price is below a bearish moving-average stack with falling trend signals.,,,,,-7.89,-13.38,442032593.64,2.22,0.52,4.06,False,False,"Stage 4, Stage 4 - Confirmed Downtrend, weekly_vcp_ok, weekly_strong, downtrend",watchlist,weekly_watchlist,watchlist,5.2,36.9,19.46,0.0,19.46,553
RELIANCE.NS,Reliance Industries Limited,Oil & Gas Refining & Marketing,Energy,Energy,True,F&O,1,Stage 4,Stage 4,Stage 4 - Confirmed Downtrend,0.86,Price is below a bearish moving-average stack with falling trend signals.,,,,,-2.24,-6.12,14400807801.71,1.22,1.53,1.18,False,False,"Stage 4, Stage 4 - Confirmed Downtrend, weekly_vcp_ok, downtrend",watchlist,weekly_watchlist,watchlist,8.07,22.1,14.38,5.0,19.38,554
UNITDSPR.NS,United Spirits Limited,Consumer Defensive,Consumer Defensive,Consumer Defensive,True,F&O,1,Stage 2 Failed,Stage 1,Failed Stage 2,0.72,"This stock was recently Stage 2, but the latest structure no longer satisfies Stage 2 rules. It is kept as Stage 2 Failed until a fresh base/repair structure forms.",Recent Stage 2 break; public stage held as Stage 2 Failed.,2026-10-06,2026-09-28,,2.95,8.74,1337829070.19,1.95,1.1,3.45,False,False,"Stage 1, Stage 1 - Unclear/Repair, weekly_vcp_ok, weekly_strong, stage1_not_actionable, stage1_needs_more_base | Stage 2 failed state applied from stage memory.",watchlist,weekly_watchlist,watchlist,0.0,42.97,19.34,0.0,19.34,555
INDUSTOWER.NS,Indus Towers Limited,Telecom Services,Communication Services,Communication Services,True,F&O,1,Stage 4,Stage 4,Stage 4 - Weak/Declining,0.72,Price is below long-term support with weak trend evidence.,,,2026-05-26,,4.04,-7.08,1851162475.19,1.1,1.16,1.14,False,False,"Stage 4, Stage 4 - Weak/Declining, weekly_vcp_ok, weekly_strong, downtrend",watchlist,weekly_watchlist,watchlist,5.84,35.8,19.32,0.0,19.32,556
SHRIRAMFIN.NS,Shriram Finance Limited,Credit Services,Financial Services,Financial Services,True,F&O,1,Stage 1,Stage 1,Stage 1 - Base/Repair,0.7,Price is near long-term moving averages with no strong long-term downtrend signal.,,,2026-09-10,,-2.94,-2.51,3922105142.29,1.0,1.1,0.97,False,False,"Stage 1, Stage 1 - Base/Repair, weekly_vcp_ok, weekly_strong, stage1_not_actionable, stage1_needs_more_base",watchlist,weekly_watchlist,watchlist,0.0,42.9,19.3,0.0,19.3,557
IGIL.NS,International Gemological Institute Limited,Basic Materials,Basic Materials,Basic Materials,False,Cash,1,Stage 1,Stage 1,Stage 1 - Base/Repair,0.7,Price is near long-term moving averages with no strong long-term downtrend signal.,,,2026-07-07,,-1.15,-4.47,170670547.95,0.89,0.81,0.8,False,True,"Stage 1, Stage 1 - Base/Repair, weekly_vcp_ok, weekly_volume_dryup, weekly_strong, stage1_not_actionable, stage1_needs_more_base",watchlist,weekly_watchlist,watchlist,0.0,42.9,19.3,0.0,19.3,558
HDFCAMC.NS,HDFC Asset Management Company Limited,Asset Management,Financial Services,Financial Services,True,F&O,1,Stage 4,Stage 4,Stage 4 - Confirmed Downtrend,0.86,Price is below a bearish moving-average stack with falling trend signals.,,,2026-07-15,,-10.17,-4.75,1511101745.0,1.06,1.23,1.19,False,False,"Stage 4, Stage 4 - Confirmed Downtrend, weekly_vcp_ok, weekly_strong, downtrend",watchlist,weekly_watchlist,watchlist,4.75,36.9,19.22,0.0,19.22,559
ADANIGREEN.NS,Adani Green Energy Limited,Utilities - Renewable,Utilities,Utilities,True,F&O,1,Not Sure,Stage 2,Pending Stage 2,0.55,Stage 2 pending confirmation: needs 3 raw Stage 2 runs; current count 1.,Stage 2 pending confirmation: needs 3 raw Stage 2 runs; current count 1.,,2026-08-28,Stage 2,-9.92,21.8,1897104449.76,1.24,1.67,1.5,False,False,"Stage 2, Messy Stage 2 | Stage 2 pending confirmation: needs 3 raw Stage 2 runs; current count 1.",watchlist,weekly_watchlist,watchlist,17.26,21.59,19.21,0.0,19.21,560
BLUEDART.NS,Blue Dart Express Limited,Industrials,Industrials,Industrials,False,Cash,1,Stage 4,Stage 4,Stage 4 - Confirmed Downtrend,0.86,Price is below a bearish moving-average stack with falling trend signals.,,,,,-0.1,-8.72,61331668.56,0.73,0.52,1.24,True,False,"Stage 4, Stage 4 - Confirmed Downtrend, weekly_vcp_ok, volume_dryup, weekly_strong, downtrend",watchlist,weekly_watchlist,watchlist,4.63,36.9,19.15,0.0,19.15,561
JUBLFOOD.NS,Jubilant Foodworks Limited,Consumer Cyclical,Consumer Cyclical,Consumer Cyclical,True,F&O,1,Stage 4,Stage 4,Stage 4 - Weak/Declining,0.72,Price is below long-term support with weak trend evidence.,,,,,9.68,2.19,526227397.23,0.55,1.44,0.67,True,True,"Stage 4, Stage 4 - Weak/Declining, weekly_vcp_ok, volume_dryup, weekly_volume_dryup, weekly_strong, downtrend",watchlist,weekly_watchlist,watchlist,0.0,38.09,17.14,2.0,19.14,562
BALKRISIND.NS,Balkrishna Industries Limited,Auto Parts,Consumer Cyclical,Consumer Cyclical,False,Cash,1,Stage 4,Stage 4,Stage 4 - Weak/Declining,0.72,Price is below long-term support with weak trend evidence.,,,2026-09-07,,-0.45,-5.06,432337295.58,0.22,0.21,0.28,True,True,"Stage 4, Stage 4 - Weak/Declining, weekly_vcp_ok, volume_dryup, weekly_volume_dryup, weekly_strong, downtrend",watchlist,weekly_watchlist,watchlist,0.0,31.4,14.13,5.0,19.13,563
DRREDDY.NS,Dr. Reddy's Laboratories Limited,Drug Manufacturers - Specialty & Generic,Healthcare,Healthcare,True,F&O,1,Stage 4,Stage 4,Stage 4 - Weak/Declining,0.72,Price is below long-term support with weak trend evidence.,,,2026-07-08,,0.39,-0.51,2539657702.03,1.56,0.94,2.0,False,False,"Stage 4, Stage 4 - Weak/Declining, downtrend",watchlist,weekly_watchlist,watchlist,10.32,7.6,9.1,10.0,19.1,564
GRINFRA.NS,G R Infraprojects Limited,Engineering & Construction,Industrials,Industrials,False,Cash,1,Stage 4,Stage 4,Stage 4 - Confirmed Downtrend,0.86,Price is below a bearish moving-average stack with falling trend signals.,,,,,-3.95,-2.38,23952321.6,0.67,0.72,0.5,True,True,"Stage 4, Stage 4 - Confirmed Downtrend, weekly_vcp_ok, volume_dryup, weekly_volume_dryup, weekly_strong, downtrend",watchlist,weekly_watchlist,watchlist,4.44,36.9,19.05,0.0,19.05,565
DELHIVERY.NS,Delhivery Limited,Industrials,Industrials,Industrials,True,F&O,1,Stage 4,Stage 4,Stage 4 - Weak/Declining,0.72,Price is below long-term support with weak trend evidence.,,,2026-09-04,,-17.05,-11.59,1128747303.25,1.15,0.88,0.81,False,True,"Stage 4, Stage 4 - Weak/Declining, weekly_vcp_ok, weekly_volume_dryup, weekly_strong, downtrend",watchlist,weekly_watchlist,watchlist,4.2,36.9,18.91,0.0,18.91,566
MASTEK.NS,Mastek Limited,Information Technology Services,Technology,Technology,False,Cash,1,Stage 4,Stage 4,Stage 4 - Weak/Declining,0.72,Price is below long-term support with weak trend evidence.,,,,,1.65,4.59,153087619.75,0.35,0.2,0.33,True,True,"Stage 4, Stage 4 - Weak/Declining, weekly_vcp_ok, volume_dryup, weekly_volume_dryup, weekly_strong, downtrend",watchlist,weekly_watchlist,watchlist,0.0,37.52,16.88,2.0,18.88,567
HOMEFIRST.NS,Home First Finance Company India Limited,Mortgage Finance,Financial Services,Financial Services,False,Cash,1,Stage 2 Failed,Stage 1,Failed Stage 2,0.72,"This stock was recently Stage 2, but the latest structure no longer satisfies Stage 2 rules. It is kept as Stage 2 Failed until a fresh base/repair structure forms.",Recent Stage 2 break; public stage held as Stage 2 Failed.,2026-10-06,2026-09-23,,-4.46,3.44,298461118.47,1.14,0.93,1.08,False,False,"Stage 1, Stage 1 - Base/Repair, weekly_vcp_ok, weekly_strong, stage1_not_actionable, stage1_needs_more_base | Stage 2 failed state applied from stage memory.",watchlist,weekly_watchlist,watchlist,0.0,41.8,18.81,0.0,18.81,568
GANESHHOU.NS,GANESH HOUSING LIMITED,Real Estate,Real Estate,Real Estate,False,Cash,1,Stage 4,Stage 4,Stage 4 - Weak/Declining,0.72,Price is below long-term support with weak trend evidence.,,,2026-08-27,,-8.47,23.17,22297094.93,0.91,0.78,1.2,False,False,"Stage 4, Stage 4 - Weak/Declining, weekly_vcp_ok, weekly_strong, downtrend",watchlist,weekly_watchlist,watchlist,0.0,37.27,16.77,2.0,18.77,569
ITDC.NS,India Tourism Development Corporation Limited,Lodging,Consumer Cyclical,Consumer Cyclical,False,Cash,1,Stage 2 Failed,Stage 2,Failed Stage 2,0.7,Failed Stage 2 cooling period is still active; waiting for a fresh base or confirmed reclaim.,Failed Stage 2 hold period active.,,2026-09-30,,-2.23,28.95,712744423.34,1.59,0.1,1.79,False,False,"Stage 2, Messy Stage 2 | Failed Stage 2 hold period active.",watchlist,weekly_watchlist,watchlist,11.59,23.07,16.76,2.0,18.76,570
SKFINDIA.NS,SKF India Limited,Tools & Accessories,Industrials,Industrials,False,Cash,1,Stage 4,Stage 4,Stage 4 - Weak/Declining,0.72,Price is below long-term support with weak trend evidence.,,,,,-2.36,-5.83,83171972.04,0.57,0.69,0.41,True,True,"Stage 4, Stage 4 - Weak/Declining, weekly_vcp_ok, volume_dryup, weekly_volume_dryup, downtrend",watchlist,weekly_watchlist,watchlist,12.2,22.1,16.66,2.0,18.66,571
KKCL.NS,Kewal Kiran Clothing Limited,Apparel Manufacturing,Consumer Cyclical,Consumer Cyclical,False,Cash,1,Stage 2 Failed,Stage 4,Failed Stage 2,0.72,"This stock was recently Stage 2, but the latest structure no longer satisfies Stage 2 rules. It is kept as Stage 2 Failed until a fresh base/repair structure forms.",Recent Stage 2 break; public stage held as Stage 2 Failed.,2026-10-06,2026-09-18,,0.39,4.71,15279671.49,0.67,0.45,0.72,True,True,"Stage 4, Stage 4 - Weak/Declining, weekly_vcp_ok, volume_dryup, weekly_volume_dryup, weekly_strong, downtrend | Stage 2 failed state applied from stage memory.",watchlist,weekly_watchlist,watchlist,4.2,36.31,18.65,0.0,18.65,572
BAJAJFINSV.NS,Bajaj Finserv Limited,Financial Services,Financial Services,Financial Services,True,F&O,1,Stage 4,Stage 4,Stage 4 - Weak/Declining,0.72,Price is below long-term support with weak trend evidence.,,,2026-09-04,,-3.91,-1.09,1354717127.22,1.08,0.8,1.06,False,False,"Stage 4, Stage 4 - Weak/Declining, weekly_vcp_ok, weekly_strong, downtrend",watchlist,weekly_watchlist,watchlist,4.57,35.8,18.62,0.0,18.62,573
GODREJPROP.NS,Godrej Properties Limited,Real Estate,Real Estate,Real Estate,True,F&O,1,Stage 4,Stage 4,Stage 4 - Weak/Declining,0.72,Price is below long-term support with weak trend evidence.,,,2026-08-28,,-15.67,-4.91,1065683154.63,0.74,0.58,0.85,True,True,"Stage 4, Stage 4 - Weak/Declining, weekly_vcp_ok, volume_dryup, weekly_volume_dryup, weekly_strong, downtrend",watchlist,weekly_watchlist,watchlist,0.0,36.9,16.61,2.0,18.61,574
VSTTILLERS.NS,V.S.T Tillers Tractors Limited,Farm & Heavy Construction Machinery,Industrials,Industrials,False,Cash,1,Stage 4,Stage 4,Stage 4 - Weak/Declining,0.72,Price is below long-term support with weak trend evidence.,,,,,0.31,-12.79,50140097.94,1.3,1.3,1.45,False,False,"Stage 4, Stage 4 - Weak/Declining, weekly_vcp_ok, weekly_strong, downtrend",watchlist,weekly_watchlist,watchlist,0.0,36.9,16.61,2.0,18.61,575
MARATHON.NS,Marathon Nextgen Realty Limited,Real Estate,Real Estate,Real Estate,False,Cash,1,Stage 4,Stage 4,Stage 4 - Weak/Declining,0.72,Price is below long-term support with weak trend evidence.,,,,,-0.7,-15.49,28709442.96,0.25,0.48,0.32,True,True,"Stage 4, Stage 4 - Weak/Declining, weekly_vcp_ok, volume_dryup, weekly_volume_dryup, weekly_strong, downtrend",watchlist,weekly_watchlist,watchlist,0.0,36.9,16.61,2.0,18.61,576
KIRLOSIND.NS,Kirloskar Industries Limited,Metal Fabrication,Industrials,Industrials,False,Cash,1,Stage 3,Stage 3,Stage 3 - Distribution/Damage,0.76,"Prior strength exists, but short-term and/or weekly structure is deteriorating.",,,2026-09-14,,-9.73,23.44,150971952.48,0.28,0.32,0.32,True,True,"Stage 3, Stage 3 - Distribution/Damage, volume_dryup, weekly_volume_dryup, distribution_risk",watchlist,weekly_watchlist,watchlist,12.57,3.77,8.61,10.0,18.61,577
MANAPPURAM.NS,Manappuram Finance Limited,Credit Services,Financial Services,Financial Services,True,F&O,1,Stage 2 Failed,Stage 3,Failed Stage 2,0.72,"This stock was recently Stage 2, but the latest structure no longer satisfies Stage 2 rules. It is kept as Stage 2 Failed until a fresh base/repair structure forms.",Recent Stage 2 break; public stage held as Stage 2 Failed.,2026-10-06,2026-09-25,,-4.22,17.71,1360656761.7,0.87,0.9,0.66,False,True,"Stage 3, Stage 3 - Distribution/Damage, weekly_vcp_ok, weekly_volume_dryup, weekly_strong, distribution_risk | Stage 2 failed state applied from stage memory.",watchlist,weekly_watchlist,watchlist,0.0,41.15,18.52,0.0,18.52,578
VTL.NS,Vardhman Textiles Limited,Textile Manufacturing,Consumer Cyclical,Consumer Cyclical,False,Cash,1,Stage 4,Stage 4,Stage 4 - Weak/Declining,0.72,Price is below long-term support with weak trend evidence.,,,2026-08-14,,-7.9,-0.37,197846381.24,0.56,0.26,0.42,True,True,"Stage 4, Stage 4 - Weak/Declining, volume_dryup, weekly_volume_dryup, downtrend",watchlist,weekly_watchlist,watchlist,12.2,4.0,8.51,10.0,18.51,579
NOCIL.NS,NOCIL Limited,Specialty Chemicals,Basic Materials,Basic Materials,False,Cash,1,Stage 2 Failed,Stage 1,Failed Stage 2,0.72,"This stock was recently Stage 2, but the latest structure no longer satisfies Stage 2 rules. It is kept as Stage 2 Failed until a fresh base/repair structure forms.",Recent Stage 2 break; public stage held as Stage 2 Failed.,2026-10-06,2026-09-28,,2.12,4.29,448801685.43,1.44,0.4,0.81,False,True,"Stage 1, Stage 1 - Base/Repair, weekly_volume_dryup, stage1_not_actionable, stage1_needs_more_base | Stage 2 failed state applied from stage memory.",watchlist,weekly_watchlist,watchlist,5.54,12.04,8.46,10.0,18.46,580
WABAG.NS,VA Tech Wabag Limited,Engineering & Construction,Industrials,Industrials,False,Cash,1,Stage 2,Stage 2,Early Stage 2,0.72,"Price has moved above long-term structure, but the full moving-average stack is not clean yet.",,,2026-10-05,,-4.8,49.28,1428088962.73,0.69,0.62,0.61,True,True,"Stage 2, Early Stage 2, volume_dryup, weekly_volume_dryup",watchlist,weekly_watchlist,watchlist,18.05,18.85,18.41,0.0,18.41,581
HEROMOTOCO.NS,Hero MotoCorp Limited,Auto Manufacturers,Consumer Cyclical,Consumer Cyclical,True,F&O,1,Stage 4,Stage 4,Stage 4 - Weak/Declining,0.72,Price is below long-term support with weak trend evidence.,,,2026-09-08,,9.76,-4.96,2588440624.82,0.87,0.7,1.18,False,False,"Stage 4, Stage 4 - Weak/Declining, weekly_vcp_ok, weekly_strong, downtrend",watchlist,weekly_watchlist,watchlist,0.0,36.28,16.33,2.0,18.33,582
MAHLIFE.NS,Mahindra Lifespace Developers Limited,Real Estate,Real Estate,Real Estate,False,Cash,1,Stage 4,Stage 4,Stage 4 - Weak/Declining,0.72,Price is below long-term support with weak trend evidence.,,,2026-08-31,,0.34,3.98,35814192.48,0.94,1.12,0.93,False,False,"Stage 4, Stage 4 - Weak/Declining, weekly_vcp_ok, weekly_strong, downtrend",watchlist,weekly_watchlist,watchlist,0.0,36.23,16.3,2.0,18.3,583
APOLLO.NS,Apollo Micro Systems Limited,Aerospace & Defense,Industrials,Industrials,False,Cash,1,Stage 2 Failed,Stage 1,Failed Stage 2,0.72,"This stock was recently Stage 2, but the latest structure no longer satisfies Stage 2 rules. It is kept as Stage 2 Failed until a fresh base/repair structure forms.",Recent Stage 2 break; public stage held as Stage 2 Failed.,2026-10-06,2026-09-22,,4.5,76.47,2699313542.25,0.83,0.51,0.56,True,True,"Stage 1, Stage 1 - Unclear/Repair, volume_dryup, weekly_volume_dryup, stage1_not_actionable, stage1_needs_more_base | Stage 2 failed state applied from stage memory.",watchlist,weekly_watchlist,watchlist,0.36,18.0,8.3,10.0,18.3,584
HEXT.NS,Hexaware Technologies Limited,Information Technology Services,Technology,Technology,False,Cash,1,Stage 4,Stage 4,Stage 4 - Weak/Declining,0.72,Price is below long-term support with weak trend evidence.,,,,,-4.45,8.53,77547661.87,0.35,0.39,0.24,True,True,"Stage 4, Stage 4 - Weak/Declining, weekly_vcp_ok, volume_dryup, weekly_volume_dryup, weekly_strong, downtrend",watchlist,weekly_watchlist,watchlist,0.0,36.21,16.29,2.0,18.29,585
JKIL.NS,J.Kumar Infraprojects Limited,Engineering & Construction,Industrials,Industrials,False,Cash,1,Stage 4,Stage 4,Stage 4 - Confirmed Downtrend,0.86,Price is below a bearish moving-average stack with falling trend signals.,,,,,-5.26,-3.09,23085324.21,0.83,1.06,0.97,True,False,"Stage 4, Stage 4 - Confirmed Downtrend, weekly_vcp_ok, volume_dryup, weekly_strong, downtrend",watchlist,weekly_watchlist,watchlist,3.01,36.9,18.26,0.0,18.26,586
SONATSOFTW.NS,Sonata Software Limited,Information Technology Services,Technology,Technology,False,Cash,1,Stage 4,Stage 4,Stage 4 - Weak/Declining,0.72,Price is below long-term support with weak trend evidence.,,,,,-5.49,6.75,306572073.5,0.5,0.46,0.43,True,True,"Stage 4, Stage 4 - Weak/Declining, weekly_vcp_ok, volume_dryup, weekly_volume_dryup, weekly_strong, downtrend",watchlist,weekly_watchlist,watchlist,0.0,35.93,16.17,2.0,18.17,587
HINDUNILVR.NS,Hindustan Unilever Limited,Household & Personal Products,Consumer Defensive,Consumer Defensive,True,F&O,1,Stage 4,Stage 4,Stage 4 - Confirmed Downtrend,0.86,Price is below a bearish moving-average stack with falling trend signals.,,,,,-7.24,-9.16,2262970048.02,0.93,1.32,0.73,False,True,"Stage 4, Stage 4 - Confirmed Downtrend, weekly_vcp_ok, weekly_volume_dryup, weekly_strong, downtrend",watchlist,weekly_watchlist,watchlist,0.0,35.8,16.11,2.0,18.11,588
GODREJCP.NS,Godrej Consumer Products Limited,Household & Personal Products,Consumer Defensive,Consumer Defensive,True,F&O,1,Stage 4,Stage 4,Stage 4 - Confirmed Downtrend,0.86,Price is below a bearish moving-average stack with falling trend signals.,,,,,-14.76,-15.98,776390184.32,0.5,1.17,0.54,True,True,"Stage 4, Stage 4 - Confirmed Downtrend, weekly_vcp_ok, volume_dryup, weekly_volume_dryup, weekly_strong, downtrend",watchlist,weekly_watchlist,watchlist,0.0,35.8,16.11,2.0,18.11,589
COLPAL.NS,Colgate Palmolive (India) Limited,Household & Personal Products,Consumer Defensive,Consumer Defensive,True,F&O,1,Stage 4,Stage 4,Stage 4 - Confirmed Downtrend,0.86,Price is below a bearish moving-average stack with falling trend signals.,,,,,-7.21,-3.61,746129881.48,0.76,1.42,0.69,True,True,"Stage 4, Stage 4 - Confirmed Downtrend, weekly_vcp_ok, volume_dryup, weekly_volume_dryup, weekly_strong, downtrend",watchlist,weekly_watchlist,watchlist,0.0,35.8,16.11,2.0,18.11,590
METROBRAND.NS,Metro Brands Limited,Consumer Cyclical,Consumer Cyclical,Consumer Cyclical,False,Cash,1,Stage 4,Stage 4,Stage 4 - Confirmed Downtrend,0.86,Price is below a bearish moving-average stack with falling trend signals.,,,,,-18.19,-16.73,97425246.57,0.67,0.41,0.5,True,True,"Stage 4, Stage 4 - Confirmed Downtrend, weekly_vcp_ok, volume_dryup, weekly_volume_dryup, weekly_strong, downtrend",watchlist,weekly_watchlist,watchlist,0.0,35.8,16.11,2.0,18.11,591
BIKAJI.NS,Bikaji Foods International Limited,Packaged Foods,Consumer Defensive,Consumer Defensive,False,Cash,1,Stage 4,Stage 4,Stage 4 - Confirmed Downtrend,0.86,Price is below a bearish moving-average stack with falling trend signals.,,,,,-20.3,-23.83,254653748.96,2.85,2.67,2.42,False,False,"Stage 4, Stage 4 - Confirmed Downtrend, weekly_vcp_ok, weekly_strong, downtrend",watchlist,weekly_watchlist,watchlist,0.0,35.8,16.11,2.0,18.11,592
TRAVELFOOD.NS,Travel Food Services Limited,Consumer Cyclical,Consumer Cyclical,Consumer Cyclical,False,Cash,1,Stage 4,Stage 4,Stage 4 - Weak/Declining,0.72,Price is below long-term support with weak trend evidence.,,,,,-3.55,-6.82,51783814.56,0.77,0.39,1.22,True,False,"Stage 4, Stage 4 - Weak/Declining, weekly_vcp_ok, volume_dryup, weekly_strong, downtrend",watchlist,weekly_watchlist,watchlist,0.0,35.8,16.11,2.0,18.11,593
SWANCORP.NS,SWAN CORP LIMITED,Conglomerates,Industrials,Industrials,False,Cash,1,Stage 4,Stage 4,Stage 4 - Confirmed Downtrend,0.86,Price is below a bearish moving-average stack with falling trend signals.,,,,,-10.66,-16.07,1121502690.36,0.38,0.29,0.41,True,True,"Stage 4, Stage 4 - Confirmed Downtrend, weekly_vcp_ok, volume_dryup, weekly_volume_dryup, weekly_strong, downtrend",watchlist,weekly_watchlist,watchlist,0.0,35.8,16.11,2.0,18.11,594
BSOFT.NS,BIRLASOFT LIMITED,Information Technology Services,Technology,Technology,False,Cash,1,Stage 4,Stage 4,Stage 4 - Confirmed Downtrend,0.86,Price is below a bearish moving-average stack with falling trend signals.,,,,,7.81,-21.68,427718157.13,0.67,0.9,0.89,True,True,"Stage 4, Stage 4 - Confirmed Downtrend, weekly_vcp_ok, volume_dryup, weekly_volume_dryup, weekly_strong, downtrend",watchlist,weekly_watchlist,watchlist,0.0,35.8,16.11,2.0,18.11,595
DBREALTY.NS,Valor Estate Limited,Real Estate,Real Estate,Real Estate,False,Cash,1,Stage 4,Stage 4,Stage 4 - Confirmed Downtrend,0.86,Price is below a bearish moving-average stack with falling trend signals.,,,,,-14.32,-9.77,95021116.59,1.02,0.55,0.98,False,False,"Stage 4, Stage 4 - Confirmed Downtrend, weekly_vcp_ok, weekly_strong, downtrend",watchlist,weekly_watchlist,watchlist,0.0,35.8,16.11,2.0,18.11,596
RELAXO.NS,Relaxo Footwears Limited,Consumer Cyclical,Consumer Cyclical,Consumer Cyclical,False,Cash,1,Stage 4,Stage 4,Stage 4 - Weak/Declining,0.72,Price is below long-term support with weak trend evidence.,,,2026-08-17,,-19.43,5.33,77428069.36,0.52,0.41,0.4,True,True,"Stage 4, Stage 4 - Weak/Declining, weekly_vcp_ok, volume_dryup, weekly_volume_dryup, weekly_strong, downtrend",watchlist,weekly_watchlist,watchlist,0.0,35.8,16.11,2.0,18.11,597
GOPAL.NS,Gopal Snacks Limited,Packaged Foods,Consumer Defensive,Consumer Defensive,False,Cash,1,Stage 4,Stage 4,Stage 4 - Confirmed Downtrend,0.86,Price is below a bearish moving-average stack with falling trend signals.,,,,,0.06,-4.12,33830855.57,0.99,0.6,1.07,False,False,"Stage 4, Stage 4 - Confirmed Downtrend, weekly_vcp_ok, weekly_strong, downtrend",watchlist,weekly_watchlist,watchlist,0.0,35.8,16.11,2.0,18.11,598
BALMLAWRIE.NS,Balmer Lawrie & Company Limited,Conglomerates,Industrials,Industrials,False,Cash,1,Stage 4,Stage 4,Stage 4 - Weak/Declining,0.72,Price is below long-term support with weak trend evidence.,,,2026-09-07,,-3.21,-3.37,21476451.41,0.78,1.45,0.89,True,True,"Stage 4, Stage 4 - Weak/Declining, weekly_vcp_ok, volume_dryup, weekly_volume_dryup, weekly_strong, downtrend",watchlist,weekly_watchlist,watchlist,0.0,35.8,16.11,2.0,18.11,599
PARKHOTELS.NS,Apeejay Surrendra Park Hotels Limited,Lodging,Consumer Cyclical,Consumer Cyclical,False,Cash,1,Stage 4,Stage 4,Stage 4 - Confirmed Downtrend,0.86,Price is below a bearish moving-average stack with falling trend signals.,,,,,-13.1,-9.82,19850818.37,1.68,1.29,1.87,False,False,"Stage 4, Stage 4 - Confirmed Downtrend, weekly_vcp_ok, weekly_strong, downtrend",watchlist,weekly_watchlist,watchlist,0.0,35.8,16.11,2.0,18.11,600
IIFL.NS,IIFL Finance Limited,Credit Services,Financial Services,Financial Services,False,Cash,1,Stage 2,Stage 2,Early Stage 2,0.72,"Price has moved above long-term structure, but the full moving-average stack is not clean yet.",,,2026-10-05,,15.1,32.95,1286942825.1,0.68,0.42,0.68,True,True,"Stage 2, Early Stage 2, volume_dryup, weekly_volume_dryup",watchlist,weekly_watchlist,watchlist,16.16,20.4,18.07,0.0,18.07,601
GUJALKALI.NS,Gujarat Alkalies and Chemicals Limited,Chemicals,Basic Materials,Basic Materials,False,Cash,1,Stage 2 Failed,Stage 1,Failed Stage 2,0.72,"This stock was recently Stage 2, but the latest structure no longer satisfies Stage 2 rules. It is kept as Stage 2 Failed until a fresh base/repair structure forms.",Recent Stage 2 break; public stage held as Stage 2 Failed.,2026-10-06,2026-09-25,,11.62,-0.72,53248284.74,0.55,0.45,0.33,True,True,"Stage 1, Stage 1 - Base/Repair, volume_dryup, weekly_volume_dryup, stage1_not_actionable, stage1_needs_more_base | Stage 2 failed state applied from stage memory.",watchlist,weekly_watchlist,watchlist,16.29,9.09,13.05,5.0,18.05,602
LICHSGFIN.NS,LIC Housing Finance Limited,Mortgage Finance,Financial Services,Financial Services,True,F&O,1,Stage 2 Failed,Stage 1,Failed Stage 2,0.72,"This stock was recently Stage 2, but the latest structure no longer satisfies Stage 2 rules. It is kept as Stage 2 Failed until a fresh base/repair structure forms.",Recent Stage 2 break; public stage held as Stage 2 Failed.,2026-10-06,2026-09-30,,-0.5,-2.84,1801033759.74,0.94,0.32,1.16,False,False,"Stage 1, Stage 1 - Base/Repair, weekly_vcp_ok, stage1_not_actionable, stage1_needs_more_base | Stage 2 failed state applied from stage memory.",watchlist,weekly_watchlist,watchlist,9.45,28.1,17.84,0.0,17.84,603
VMM.NS,Vishal Mega Mart Limited,Consumer Cyclical,Consumer Cyclical,Consumer Cyclical,True,F&O,1,Stage 4,Stage 4,Stage 4 - Confirmed Downtrend,0.86,Price is below a bearish moving-average stack with falling trend signals.,,,,,-10.39,-11.03,985350656.22,0.95,1.48,0.78,False,True,"Stage 4, Stage 4 - Confirmed Downtrend, weekly_vcp_ok, weekly_volume_dryup, weekly_strong, downtrend",watchlist,weekly_watchlist,watchlist,0.0,35.0,15.75,2.0,17.75,604
DBL.NS,Dilip Buildcon Limited,Engineering & Construction,Industrials,Industrials,False,Cash,1,Stage 4,Stage 4,Stage 4 - Weak/Declining,0.72,Price is below long-term support with weak trend evidence.,,,,,-0.61,-5.87,215513923.01,0.33,0.15,0.2,True,True,"Stage 4, Stage 4 - Weak/Declining, weekly_vcp_ok, volume_dryup, weekly_volume_dryup, weekly_strong, downtrend",watchlist,weekly_watchlist,watchlist,5.9,32.13,17.7,0.0,17.7,605
JMFINANCIL.NS,JM Financial Limited,Capital Markets,Financial Services,Financial Services,False,Cash,1,Stage 4,Stage 4,Stage 4 - Weak/Declining,0.72,Price is below long-term support with weak trend evidence.,,,,,4.14,-4.21,240985714.21,0.6,0.55,0.45,True,True,"Stage 4, Stage 4 - Weak/Declining, weekly_vcp_ok, volume_dryup, weekly_volume_dryup, weekly_strong, downtrend",watchlist,weekly_watchlist,watchlist,5.87,32.13,17.69,0.0,17.69,606
ACC.NS,ACC Limited,Building Materials,Basic Materials,Basic Materials,False,Cash,1,Stage 4,Stage 4,Stage 4 - Confirmed Downtrend,0.86,Price is below a bearish moving-average stack with falling trend signals.,,,,,-8.96,-16.07,170635414.49,1.01,0.47,1.45,False,False,"Stage 4, Stage 4 - Confirmed Downtrend, weekly_vcp_ok, weekly_strong, downtrend",watchlist,weekly_watchlist,watchlist,1.9,36.9,17.65,0.0,17.65,607
KOLTEPATIL.NS,Kolte - Patil Developers Limited,Real Estate,Real Estate,Real Estate,False,Cash,1,Stage 2,Stage 2,Early Stage 2,0.72,"Price has moved above long-term structure, but the full moving-average stack is not clean yet.",,,2026-10-05,,21.66,31.74,46999093.37,0.09,0.58,0.1,True,True,"Stage 2, Early Stage 2, volume_dryup, weekly_volume_dryup",watchlist,weekly_watchlist,watchlist,9.34,23.34,15.64,2.0,17.64,608
INDOSTAR.NS,IndoStar Capital Finance Limited,Credit Services,Financial Services,Financial Services,False,Cash,1,Stage 2 Failed,Stage 4,Failed Stage 2,0.72,"This stock was recently Stage 2, but the latest structure no longer satisfies Stage 2 rules. It is kept as Stage 2 Failed until a fresh base/repair structure forms.",Recent Stage 2 break; public stage held as Stage 2 Failed.,2026-10-06,2026-09-21,,-18.57,-12.03,18497452.79,0.56,1.3,0.73,True,True,"Stage 4, Stage 4 - Weak/Declining, weekly_vcp_ok, volume_dryup, weekly_volume_dryup, weekly_strong, downtrend | Stage 2 failed state applied from stage memory.",watchlist,weekly_watchlist,watchlist,1.79,36.9,17.59,0.0,17.59,609
LGBBROSLTD.NS,LG Balakrishnan & Bros Limited,Auto Parts,Consumer Cyclical,Consumer Cyclical,False,Cash,1,Stage 1,Stage 1,Stage 1 - Early Turn,0.66,The stock is improving from a repair/base area but has not confirmed a clean Stage 2 yet.,,,2026-09-03,,12.52,-4.44,39964673.66,0.93,0.97,1.1,False,False,"Stage 1, Stage 1 - Early Turn, stage1_not_actionable, stage1_needs_more_base",watchlist,weekly_watchlist,watchlist,5.58,21.08,12.55,5.0,17.55,610
SIGNATURE.NS,Signatureglobal (India) Limited,Real Estate,Real Estate,Real Estate,False,Cash,1,Stage 4,Stage 4,Stage 4 - Confirmed Downtrend,0.86,Price is below a bearish moving-average stack with falling trend signals.,,,,,-1.89,-12.41,264612359.47,1.65,0.92,1.13,False,False,"Stage 4, Stage 4 - Confirmed Downtrend, weekly_vcp_ok, downtrend",watchlist,weekly_watchlist,watchlist,10.0,22.1,15.45,2.0,17.45,611
LUPIN.NS,Lupin Limited,Drug Manufacturers - Specialty & Generic,Healthcare,Healthcare,True,F&O,1,Stage 4,Stage 4,Stage 4 - Weak/Declining,0.72,Price is below long-term support with weak trend evidence.,,,2026-08-10,,-13.72,-11.58,1379738675.82,0.82,1.52,1.03,True,False,"Stage 4, Stage 4 - Weak/Declining, volume_dryup, downtrend",watchlist,weekly_watchlist,watchlist,12.1,1.6,7.38,10.0,17.38,612
ORIENTELEC.NS,Orient Electric Limited,"Furnishings, Fixtures & Appliances",Consumer Cyclical,Consumer Cyclical,False,Cash,1,Stage 4,Stage 4,Stage 4 - Weak/Declining,0.72,Price is below long-term support with weak trend evidence.,,,2026-09-04,,0.3,1.9,24459354.06,0.48,1.02,0.58,True,True,"Stage 4, Stage 4 - Weak/Declining, weekly_vcp_ok, volume_dryup, weekly_volume_dryup, weekly_strong, downtrend",watchlist,weekly_watchlist,watchlist,1.99,36.02,17.3,0.0,17.3,613
ACUTAAS.NS,Acutaas Chemicals Limited,Specialty Chemicals,Basic Materials,Basic Materials,False,Cash,1,Stage 2 Failed,Stage 3,Failed Stage 2,0.72,"This stock was recently Stage 2, but the latest structure no longer satisfies Stage 2 rules. It is kept as Stage 2 Failed until a fresh base/repair structure forms.",Recent Stage 2 break; public stage held as Stage 2 Failed.,2026-10-06,2026-09-30,,-2.48,32.82,1171327907.03,1.11,1.03,0.81,False,True,"Stage 3, Stage 3 - Distribution/Damage, weekly_volume_dryup, distribution_risk | Stage 2 failed state applied from stage memory.",watchlist,weekly_watchlist,watchlist,11.72,1.83,7.27,10.0,17.27,614
CAMS.NS,Computer Age Management Services Limited,Information Technology Services,Technology,Technology,True,F&O,1,Stage 4,Stage 4,Stage 4 - Weak/Declining,0.72,Price is below long-term support with weak trend evidence.,,,2026-08-31,,-5.16,-1.41,836434151.35,1.03,0.84,1.32,False,False,"Stage 4, Stage 4 - Weak/Declining, weekly_vcp_ok, weekly_strong, downtrend",watchlist,weekly_watchlist,watchlist,0.0,33.8,15.21,2.0,17.21,615
IRFC.NS,Indian Railway Finance Corporation Limited,Credit Services,Financial Services,Financial Services,True,F&O,1,Stage 4,Stage 4,Stage 4 - Confirmed Downtrend,0.86,Price is below a bearish moving-average stack with falling trend signals.,,,,,-9.61,-21.22,712647180.26,1.31,0.79,1.65,False,False,"Stage 4, Stage 4 - Confirmed Downtrend, weekly_vcp_ok, weekly_strong, downtrend",watchlist,weekly_watchlist,watchlist,1.9,35.8,17.16,0.0,17.16,616
MOSCHIP.NS,Moschip Technologies Limited,Technology,Technology,Technology,False,Cash,1,Stage 1,Stage 1,Stage 1 - Unclear/Repair,0.58,Not enough evidence for Stage 2 or Stage 4; classified as repair/unclear structure.,,,2026-08-28,,-11.89,14.82,244447682.35,0.55,0.59,0.49,True,True,"Stage 1, Stage 1 - Unclear/Repair, volume_dryup, weekly_volume_dryup, stage1_not_actionable, stage1_needs_more_base",watchlist,weekly_watchlist,watchlist,12.99,0.0,7.14,10.0,17.14,617
BHARTIHEXA.NS,Bharti Hexacom Limited,Telecom Services,Communication Services,Communication Services,False,Cash,1,Stage 4,Stage 4,Stage 4 - Weak/Declining,0.72,Price is below long-term support with weak trend evidence.,,,,,-6.15,-7.15,180738153.34,1.12,3.26,2.01,False,False,"Stage 4, Stage 4 - Weak/Declining, weekly_vcp_ok, weekly_strong, downtrend",watchlist,weekly_watchlist,watchlist,0.0,38.0,17.1,0.0,17.1,618
PILANIINVS.NS,Pilani Investment and Industries Corporation Limited,Asset Management,Financial Services,Financial Services,False,Cash,1,Stage 4,Stage 4,Stage 4 - Confirmed Downtrend,0.86,Price is below a bearish moving-average stack with falling trend signals.,,,,,-0.95,-8.89,11926390.64,0.92,0.67,1.37,False,False,"Stage 4, Stage 4 - Confirmed Downtrend, weekly_vcp_ok, weekly_strong, downtrend",watchlist,weekly_watchlist,watchlist,0.0,38.0,17.1,0.0,17.1,619
FINPIPE.NS,Finolex Industries Limited,Building Products & Equipment,Industrials,Industrials,False,Cash,1,Stage 4,Stage 4,Stage 4 - Confirmed Downtrend,0.86,Price is below a bearish moving-average stack with falling trend signals.,,,,,-2.43,-3.57,48388111.16,0.78,1.35,0.66,True,True,"Stage 4, Stage 4 - Confirmed Downtrend, weekly_vcp_ok, volume_dryup, weekly_volume_dryup, weekly_strong, downtrend",watchlist,weekly_watchlist,watchlist,0.78,36.9,17.03,0.0,17.03,620
JUSTDIAL.NS,Just Dial Limited,Communication Services,Communication Services,Communication Services,False,Cash,1,Stage 2 Failed,Stage 3,Failed Stage 2,0.72,"This stock was recently Stage 2, but the latest structure no longer satisfies Stage 2 rules. It is kept as Stage 2 Failed until a fresh base/repair structure forms.",Recent Stage 2 break; public stage held as Stage 2 Failed.,2026-10-06,2026-09-23,,25.19,14.16,74628139.0,0.4,0.25,0.39,True,True,"Stage 3, Stage 3 - Transition, volume_dryup, weekly_volume_dryup, distribution_risk | Stage 2 failed state applied from stage memory.",watchlist,weekly_watchlist,watchlist,17.63,5.13,12.01,5.0,17.01,621
SARDAEN.NS,Sarda Energy & Minerals Limited,Steel,Basic Materials,Basic Materials,False,Cash,1,Stage 1,Stage 1,Stage 1 - Base/Repair,0.7,Price is near long-term moving averages with no strong long-term downtrend signal.,,,2026-05-25,,6.1,-8.54,306647893.93,0.25,0.39,0.18,True,True,"Stage 1, Stage 1 - Base/Repair, volume_dryup, weekly_volume_dryup, stage1_not_actionable, stage1_needs_more_base",watchlist,weekly_watchlist,watchlist,15.2,8.0,11.96,5.0,16.96,622
SPARC.NS,Sun Pharma Advanced Research Company Limited,Drug Manufacturers - Specialty & Generic,Healthcare,Healthcare,False,Cash,1,Stage 3,Stage 3,Stage 3 - Distribution/Damage,0.76,"Prior strength exists, but short-term and/or weekly structure is deteriorating.",,,2026-08-07,,-24.44,33.57,184556097.19,1.33,0.68,1.15,False,False,"Stage 3, Stage 3 - Distribution/Damage, distribution_risk",watchlist,weekly_watchlist,watchlist,6.81,6.91,6.86,10.0,16.86,623
NSIL.NS,Nalwa Sons Investments Limited,Asset Management,Financial Services,Financial Services,False,Cash,1,Stage 4,Stage 4,Stage 4 - Weak/Declining,0.72,Price is below long-term support with weak trend evidence.,,,,,4.43,-2.58,10201628.95,1.08,0.82,0.77,False,True,"Stage 4, Stage 4 - Weak/Declining, weekly_vcp_ok, weekly_volume_dryup, weekly_strong, downtrend",watchlist,weekly_watchlist,watchlist,0.01,37.09,16.7,0.0,16.7,624
PICCADIL.NS,Piccadily Agro Industries Limited,Consumer Defensive,Consumer Defensive,Consumer Defensive,False,Cash,1,Stage 4,Stage 4,Stage 4,0.66,Declining structure detected.,,,,,-3.72,5.25,75328066.48,0.43,0.43,0.35,True,True,"Stage 4, Stage 4, weekly_vcp_ok, volume_dryup, weekly_volume_dryup, weekly_strong, downtrend",watchlist,weekly_watchlist,watchlist,0.0,37.05,16.67,0.0,16.67,625
BLUESTARCO.NS,Blue Star Limited,Building Products & Equipment,Industrials,Industrials,True,F&O,1,Stage 4,Stage 4,Stage 4 - Weak/Declining,0.72,Price is below long-term support with weak trend evidence.,,,,,-0.35,-7.88,990260813.41,1.03,1.53,0.96,False,False,"Stage 4, Stage 4 - Weak/Declining, weekly_vcp_ok, weekly_strong, downtrend",watchlist,weekly_watchlist,watchlist,0.0,36.9,16.61,0.0,16.61,626
SAMMAANCAP.NS,Sammaan Capital Limited,Mortgage Finance,Financial Services,Financial Services,True,F&O,1,Stage 4,Stage 4,Stage 4 - Weak/Declining,0.72,Price is below long-term support with weak trend evidence.,,,2026-08-13,,-14.63,-11.9,544714783.75,0.63,0.54,0.69,True,True,"Stage 4, Stage 4 - Weak/Declining, weekly_vcp_ok, volume_dryup, weekly_volume_dryup, weekly_strong, downtrend",watchlist,weekly_watchlist,watchlist,0.0,36.9,16.61,0.0,16.61,627
SHARDACROP.NS,Sharda Cropchem Limited,Agricultural Inputs,Basic Materials,Basic Materials,False,Cash,1,Stage 4,Stage 4,Stage 4 - Confirmed Downtrend,0.86,Price is below a bearish moving-average stack with falling trend signals.,,,,,-11.35,-26.61,76810008.59,0.61,0.74,0.62,True,True,"Stage 4, Stage 4 - Confirmed Downtrend, weekly_vcp_ok, volume_dryup, weekly_volume_dryup, weekly_strong, downtrend",watchlist,weekly_watchlist,watchlist,0.0,36.9,16.61,0.0,16.61,628
EUREKAFORB.NS,Eureka Forbes Limited,"Furnishings, Fixtures & Appliances",Consumer Cyclical,Consumer Cyclical,False,Cash,1,Stage 4,Stage 4,Stage 4 - Confirmed Downtrend,0.86,Price is below a bearish moving-average stack with falling trend signals.,,,,,-17.15,-28.38,73001013.94,1.29,0.74,1.18,False,False,"Stage 4, Stage 4 - Confirmed Downtrend, weekly_vcp_ok, weekly_strong, downtrend",watchlist,weekly_watchlist,watchlist,0.0,36.9,16.61,0.0,16.61,629
IMFA.NS,Indian Metals & Ferro Alloys Limited,Basic Materials,Basic Materials,Basic Materials,False,Cash,1,Stage 4,Stage 4,Stage 4 - Weak/Declining,0.72,Price is below long-term support with weak trend evidence.,,,2026-08-24,,-5.97,-13.63,101229258.54,0.54,0.87,0.64,True,True,"Stage 4, Stage 4 - Weak/Declining, weekly_vcp_ok, volume_dryup, weekly_volume_dryup, weekly_strong, downtrend",watchlist,weekly_watchlist,watchlist,0.0,36.9,16.61,0.0,16.61,630
JKLAKSHMI.NS,JK Lakshmi Cement Limited,Building Materials,Basic Materials,Basic Materials,False,Cash,1,Stage 4,Stage 4,Stage 4 - Confirmed Downtrend,0.86,Price is below a bearish moving-average stack with falling trend signals.,,,,,-9.15,-21.31,58812866.77,0.72,0.82,0.73,True,True,"Stage 4, Stage 4 - Confirmed Downtrend, weekly_vcp_ok, volume_dryup, weekly_volume_dryup, weekly_strong, downtrend",watchlist,weekly_watchlist,watchlist,0.0,36.9,16.61,0.0,16.61,631
TRANSRAILL.NS,Transrail Lighting Limited,Engineering & Construction,Industrials,Industrials,False,Cash,1,Stage 4,Stage 4,Stage 4 - Weak/Declining,0.72,Price is below long-term support with weak trend evidence.,,,,,0.61,-9.56,1224013753.35,1.96,1.15,1.82,False,False,"Stage 4, Stage 4 - Weak/Declining, weekly_vcp_ok, weekly_strong, downtrend",watchlist,weekly_watchlist,watchlist,0.0,36.9,16.61,0.0,16.61,632
TCI.NS,Transport Corporation of India Limited,Industrials,Industrials,Industrials,False,Cash,1,Stage 4,Stage 4,Stage 4 - Weak/Declining,0.72,Price is below long-term support with weak trend evidence.,,,,,0.53,-11.37,308413645.09,4.26,0.17,0.93,False,False,"Stage 4, Stage 4 - Weak/Declining, weekly_vcp_ok, weekly_strong, downtrend",watchlist,weekly_watchlist,watchlist,0.0,36.9,16.61,0.0,16.61,633
DODLA.NS,Dodla Dairy Limited,Consumer Defensive,Consumer Defensive,Consumer Defensive,False,Cash,1,Stage 4,Stage 4,Stage 4 - Confirmed Downtrend,0.86,Price is below a bearish moving-average stack with falling trend signals.,,,,,-4.34,-2.88,23684447.47,0.79,0.29,0.86,True,True,"Stage 4, Stage 4 - Confirmed Downtrend, weekly_vcp_ok, volume_dryup, weekly_volume_dryup, weekly_strong, downtrend",watchlist,weekly_watchlist,watchlist,0.0,36.9,16.61,0.0,16.61,634
INDRAMEDCO.NS,Indraprastha Medical Corporation Limited,Medical Care Facilities,Healthcare,Healthcare,False,Cash,1,Stage 4,Stage 4,Stage 4 - Confirmed Downtrend,0.86,Price is below a bearish moving-average stack with falling trend signals.,,,,,-6.11,-21.96,77594718.09,0.75,1.03,0.79,True,True,"Stage 4, Stage 4 - Confirmed Downtrend, weekly_vcp_ok, volume_dryup, weekly_volume_dryup, weekly_strong, downtrend",watchlist,weekly_watchlist,watchlist,0.0,36.9,16.61,0.0,16.61,635
HEIDELBERG.NS,HeidelbergCement India Limited,Building Materials,Basic Materials,Basic Materials,False,Cash,1,Stage 4,Stage 4,Stage 4 - Confirmed Downtrend,0.86,Price is below a bearish moving-average stack with falling trend signals.,,,,,-10.52,-10.86,26817900.13,1.07,1.42,0.82,False,True,"Stage 4, Stage 4 - Confirmed Downtrend, weekly_vcp_ok, weekly_volume_dryup, weekly_strong, downtrend",watchlist,weekly_watchlist,watchlist,0.0,36.9,16.61,0.0,16.61,636
ZAGGLE.NS,Zaggle Prepaid Ocean Services Limited,Software - Infrastructure,Technology,Technology,False,Cash,1,Stage 4,Stage 4,Stage 4 - Confirmed Downtrend,0.86,Price is below a bearish moving-average stack with falling trend signals.,,,,,-11.55,-30.81,160588081.1,0.25,0.97,0.25,True,True,"Stage 4, Stage 4 - Confirmed Downtrend, weekly_vcp_ok, volume_dryup, weekly_volume_dryup, weekly_strong, downtrend",watchlist,weekly_watchlist,watchlist,0.0,36.9,16.61,0.0,16.61,637
KIRLPNU.NS,Kirloskar Pneumatic Company Limited,Specialty Industrial Machinery,Industrials,Industrials,False,Cash,1,Not Sure,Not Sure,Not Sure,0.0,Stage rules did not identify a reliable structure.,No confident stage classification.,,2026-07-22,,-13.91,22.42,90355197.21,0.53,1.91,0.71,True,True,"Not Sure, Not Sure, volume_dryup, weekly_volume_dryup",watchlist,weekly_watchlist,watchlist,5.36,8.05,6.57,10.0,16.57,638
AHLUCONT.NS,Ahluwalia Contracts (India) Limited,Engineering & Construction,Industrials,Industrials,False,Cash,1,Stage 4,Stage 4,Stage 4 - Confirmed Downtrend,0.86,Price is below a bearish moving-average stack with falling trend signals.,,,,,-26.39,-25.48,37163591.42,0.89,0.24,1.39,False,False,"Stage 4, Stage 4 - Confirmed Downtrend, weekly_vcp_ok, weekly_strong, downtrend",watchlist,weekly_watchlist,watchlist,0.66,35.8,16.47,0.0,16.47,639
NIITMTS.NS,NIIT Learning Systems Limited,Consumer Defensive,Consumer Defensive,Consumer Defensive,False,Cash,1,Stage 4,Stage 4,Stage 4 - Confirmed Downtrend,0.86,Price is below a bearish moving-average stack with falling trend signals.,,,,,-9.52,-32.94,47953073.37,1.04,0.5,1.5,False,False,"Stage 4, Stage 4 - Confirmed Downtrend, weekly_vcp_ok, weekly_strong, downtrend",watchlist,weekly_watchlist,watchlist,0.2,35.8,16.22,0.0,16.22,640
ULTRACEMCO.NS,UltraTech Cement Limited,Building Materials,Basic Materials,Basic Materials,True,F&O,1,Stage 4,Stage 4,Stage 4 - Weak/Declining,0.72,Price is below long-term support with weak trend evidence.,,,2026-08-28,,-0.18,-4.51,3172975423.55,1.26,0.97,1.52,False,False,"Stage 4, Stage 4 - Weak/Declining, weekly_vcp_ok, weekly_strong, downtrend",watchlist,weekly_watchlist,watchlist,0.0,35.8,16.11,0.0,16.11,641
MUTHOOTFIN.NS,Muthoot Finance Limited,Credit Services,Financial Services,Financial Services,True,F&O,1,Stage 4,Stage 4,Stage 4 - Confirmed Downtrend,0.86,Price is below a bearish moving-average stack with falling trend signals.,,,,,-9.54,-23.13,1571567357.76,0.56,0.6,0.39,True,True,"Stage 4, Stage 4 - Confirmed Downtrend, weekly_vcp_ok, volume_dryup, weekly_volume_dryup, weekly_strong, downtrend",watchlist,weekly_watchlist,watchlist,0.0,35.8,16.11,0.0,16.11,642
TATAPOWER.NS,Tata Power Company Limited,Utilities,Utilities,Utilities,True,F&O,1,Stage 4,Stage 4,Stage 4 - Weak/Declining,0.72,Price is below long-term support with weak trend evidence.,,,2026-06-23,,-3.15,-12.77,1243636483.31,0.9,1.26,0.85,False,True,"Stage 4, Stage 4 - Weak/Declining, weekly_vcp_ok, weekly_volume_dryup, weekly_strong, downtrend",watchlist,weekly_watchlist,watchlist,0.0,35.8,16.11,0.0,16.11,643
GMRAIRPORT.NS,GMR AIRPORTS LIMITED,Industrials,Industrials,Industrials,True,F&O,1,Stage 4,Stage 4,Stage 4 - Weak/Declining,0.72,Price is below long-term support with weak trend evidence.,,,2026-08-19,,-12.15,-1.46,1149081955.78,1.02,1.0,1.29,False,False,"Stage 4, Stage 4 - Weak/Declining, weekly_vcp_ok, weekly_strong, downtrend",watchlist,weekly_watchlist,watchlist,0.0,35.8,16.11,0.0,16.11,644
SHREECEM.NS,SHREE CEMENT LIMITED,Building Materials,Basic Materials,Basic Materials,True,F&O,1,Stage 4,Stage 4,Stage 4 - Confirmed Downtrend,0.86,Price is below a bearish moving-average stack with falling trend signals.,,,2026-08-10,,-10.68,-7.68,942121279.25,1.96,0.58,3.64,False,False,"Stage 4, Stage 4 - Confirmed Downtrend, weekly_vcp_ok, weekly_strong, downtrend",watchlist,weekly_watchlist,watchlist,0.0,35.8,16.11,0.0,16.11,645
ICICIPRULI.NS,ICICI Prudential Life Insurance Company Limited,Insurance - Life,Financial Services,Financial Services,True,F&O,1,Stage 4,Stage 4,Stage 4 - Confirmed Downtrend,0.86,Price is below a bearish moving-average stack with falling trend signals.,,,,,-1.73,-14.87,736284649.76,1.24,0.39,0.92,False,False,"Stage 4, Stage 4 - Confirmed Downtrend, weekly_vcp_ok, weekly_strong, downtrend",watchlist,weekly_watchlist,watchlist,0.0,35.8,16.11,0.0,16.11,646
FORTIS.NS,Fortis Healthcare Limited,Medical Care Facilities,Healthcare,Healthcare,True,F&O,1,Stage 4,Stage 4,Stage 4 - Weak/Declining,0.72,Price is below long-term support with weak trend evidence.,,,2026-07-29,,-16.36,-9.21,1431700532.15,1.69,0.83,2.17,False,False,"Stage 4, Stage 4 - Weak/Declining, weekly_vcp_ok, weekly_strong, downtrend",watchlist,weekly_watchlist,watchlist,0.0,35.8,16.11,0.0,16.11,647
RVNL.NS,Rail Vikas Nigam Limited,Engineering & Construction,Industrials,Industrials,True,F&O,1,Stage 4,Stage 4,Stage 4 - Confirmed Downtrend,0.86,Price is below a bearish moving-average stack with falling trend signals.,,,,,-9.67,-25.8,942259827.55,1.04,0.65,1.29,False,False,"Stage 4, Stage 4 - Confirmed Downtrend, weekly_vcp_ok, weekly_strong, downtrend",watchlist,weekly_watchlist,watchlist,0.0,35.8,16.11,0.0,16.11,648
MFSL.NS,Max Financial Services Limited,Insurance - Life,Financial Services,Financial Services,True,F&O,1,Stage 4,Stage 4,Stage 4 - Confirmed Downtrend,0.86,Price is below a bearish moving-average stack with falling trend signals.,,,2026-06-23,,-9.06,-16.92,2132420801.54,2.31,2.63,1.66,False,False,"Stage 4, Stage 4 - Confirmed Downtrend, weekly_vcp_ok, weekly_strong, downtrend",watchlist,weekly_watchlist,watchlist,0.0,35.8,16.11,0.0,16.11,649
HINDCOPPER.NS,Hindustan Copper Limited,Basic Materials,Basic Materials,Basic Materials,False,Cash,1,Stage 4,Stage 4,Stage 4 - Weak/Declining,0.72,Price is below long-term support with weak trend evidence.,,,2026-08-24,,2.36,-6.7,3149076073.87,0.47,0.33,0.39,True,True,"Stage 4, Stage 4 - Weak/Declining, weekly_vcp_ok, volume_dryup, weekly_volume_dryup, weekly_strong, downtrend",watchlist,weekly_watchlist,watchlist,0.0,35.8,16.11,0.0,16.11,650
SUNDARMFIN.NS,Sundaram Finance Limited,Credit Services,Financial Services,Financial Services,False,Cash,1,Not Sure,Stage 4,Pending Stage 4,0.55,Blocked public stage jump Stage 1 -> Stage 4; waiting for intermediate/confirmed structure.,Blocked public stage jump Stage 1 -> Stage 4; waiting for intermediate/confirmed structure.,,,Stage 4,-0.33,-8.17,204220951.05,0.75,0.65,0.68,True,True,"Stage 4, Stage 4 - Weak/Declining, weekly_vcp_ok, volume_dryup, weekly_volume_dryup, weekly_strong, downtrend | Blocked public stage jump Stage 1 -> Stage 4; waiting for intermediate/confirmed structure.",watchlist,weekly_watchlist,watchlist,0.0,35.8,16.11,0.0,16.11,651
ASTRAL.NS,Astral Limited,Building Products & Equipment,Industrials,Industrials,True,F&O,1,Stage 4,Stage 4,Stage 4 - Weak/Declining,0.72,Price is below long-term support with weak trend evidence.,,,2026-06-22,,11.27,-13.0,730407265.18,0.43,0.39,0.47,True,True,"Stage 4, Stage 4 - Weak/Declining, weekly_vcp_ok, volume_dryup, weekly_volume_dryup, weekly_strong, downtrend",watchlist,weekly_watchlist,watchlist,0.0,35.8,16.11,0.0,16.11,652
GODFRYPHLP.NS,Godfrey Phillips India Limited,Consumer Defensive,Consumer Defensive,Consumer Defensive,True,F&O,1,Stage 4,Stage 4,Stage 4 - Confirmed Downtrend,0.86,Price is below a bearish moving-average stack with falling trend signals.,,,,,-3.7,-7.43,335106017.94,0.53,0.85,0.62,True,True,"Stage 4, Stage 4 - Confirmed Downtrend, weekly_vcp_ok, volume_dryup, weekly_volume_dryup, weekly_strong, downtrend",watchlist,weekly_watchlist,watchlist,0.0,35.8,16.11,0.0,16.11,653
TATAINVEST.NS,Tata Investment Corporation Limited,Asset Management,Financial Services,Financial Services,False,Cash,1,Stage 4,Stage 4,Stage 4 - Weak/Declining,0.72,Price is below long-term support with weak trend evidence.,,,,,-4.23,-4.91,1699363163.81,0.33,0.2,0.29,True,True,"Stage 4, Stage 4 - Weak/Declining, weekly_vcp_ok, volume_dryup, weekly_volume_dryup, weekly_strong, downtrend",watchlist,weekly_watchlist,watchlist,0.0,35.8,16.11,0.0,16.11,654
CREDITACC.NS,CREDITACCESS GRAMEEN LIMITED,Credit Services,Financial Services,Financial Services,False,Cash,1,Stage 4,Stage 4,Stage 4,0.66,Declining structure detected.,,,2026-09-14,,-13.5,4.34,219198147.38,0.88,0.51,0.88,False,True,"Stage 4, Stage 4, weekly_vcp_ok, weekly_volume_dryup, weekly_strong, downtrend",watchlist,weekly_watchlist,watchlist,0.0,35.8,16.11,0.0,16.11,655
KPITTECH.NS,KPIT Technologies Limited,Software - Infrastructure,Technology,Technology,True,F&O,1,Stage 4,Stage 4,Stage 4 - Confirmed Downtrend,0.86,Price is below a bearish moving-average stack with falling trend signals.,,,,,-6.92,-29.17,808524345.86,0.56,0.61,0.43,True,True,"Stage 4, Stage 4 - Confirmed Downtrend, weekly_vcp_ok, volume_dryup, weekly_volume_dryup, weekly_strong, downtrend",watchlist,weekly_watchlist,watchlist,0.0,35.8,16.11,0.0,16.11,656
CENTURYPLY.NS,Century Plyboards (India) Limited,Basic Materials,Basic Materials,Basic Materials,False,Cash,1,Stage 4,Stage 4,Stage 4 - Confirmed Downtrend,0.86,Price is below a bearish moving-average stack with falling trend signals.,,,2026-08-11,,-7.37,-6.44,70097955.16,1.38,1.2,1.79,False,False,"Stage 4, Stage 4 - Confirmed Downtrend, weekly_vcp_ok, weekly_strong, downtrend",watchlist,weekly_watchlist,watchlist,0.0,35.8,16.11,0.0,16.11,657
KEC.NS,KEC International Limited,Engineering & Construction,Industrials,Industrials,False,Cash,1,Stage 4,Stage 4,Stage 4 - Confirmed Downtrend,0.86,Price is below a bearish moving-average stack with falling trend signals.,,,,,-20.24,-31.91,412578401.04,0.6,1.05,0.54,True,True,"Stage 4, Stage 4 - Confirmed Downtrend, weekly_vcp_ok, volume_dryup, weekly_volume_dryup, weekly_strong, downtrend",watchlist,weekly_watchlist,watchlist,0.0,35.8,16.11,0.0,16.11,658
CHOICEIN.NS,Choice International Limited,Capital Markets,Financial Services,Financial Services,False,Cash,1,Stage 4,Stage 4,Stage 4 - Weak/Declining,0.72,Price is below long-term support with weak trend evidence.,,,2026-08-24,,-7.81,6.81,328520223.45,0.97,2.25,1.33,False,False,"Stage 4, Stage 4 - Weak/Declining, weekly_vcp_ok, weekly_strong, downtrend",watchlist,weekly_watchlist,watchlist,0.0,35.8,16.11,0.0,16.11,659
CANFINHOME.NS,Can Fin Homes Limited,Mortgage Finance,Financial Services,Financial Services,False,Cash,1,Stage 4,Stage 4,Stage 4 - Confirmed Downtrend,0.86,Price is below a bearish moving-average stack with falling trend signals.,,,2026-07-17,,-15.16,-11.18,200824664.35,1.15,0.76,1.24,False,False,"Stage 4, Stage 4 - Confirmed Downtrend, weekly_vcp_ok, weekly_strong, downtrend",watchlist,weekly_watchlist,watchlist,0.0,35.8,16.11,0.0,16.11,660
RITES.NS,RITES Limited,Engineering & Construction,Industrials,Industrials,False,Cash,1,Stage 4,Stage 4,Stage 4 - Weak/Declining,0.72,Price is below long-term support with weak trend evidence.,,,,,-3.82,1.95,823523938.01,3.92,0.23,7.76,False,False,"Stage 4, Stage 4 - Weak/Declining, weekly_vcp_ok, weekly_strong, downtrend",watchlist,weekly_watchlist,watchlist,0.0,35.8,16.11,0.0,16.11,661
WAAREERTL.NS,Waaree Renewable Technologies Limited,Utilities - Renewable,Utilities,Utilities,False,Cash,1,Stage 4,Stage 4,Stage 4 - Weak/Declining,0.72,Price is below long-term support with weak trend evidence.,,,2026-07-22,,-11.91,-9.27,101632096.57,1.27,0.88,0.92,False,False,"Stage 4, Stage 4 - Weak/Declining, weekly_vcp_ok, weekly_strong, downtrend",watchlist,weekly_watchlist,watchlist,0.0,35.8,16.11,0.0,16.11,662
STARCEMENT.NS,Star Cement Limited,Building Materials,Basic Materials,Basic Materials,False,Cash,1,Stage 4,Stage 4,Stage 4 - Confirmed Downtrend,0.86,Price is below a bearish moving-average stack with falling trend signals.,,,,,-9.29,-17.64,34525452.25,0.61,0.17,0.85,True,True,"Stage 4, Stage 4 - Confirmed Downtrend, weekly_vcp_ok, volume_dryup, weekly_volume_dryup, weekly_strong, downtrend",watchlist,weekly_watchlist,watchlist,0.0,35.8,16.11,0.0,16.11,663
TTML.NS,Tata Teleservices (Maharashtra) Limited,Telecom Services,Communication Services,Communication Services,False,Cash,1,Stage 4,Stage 4,Stage 4 - Confirmed Downtrend,0.86,Price is below a bearish moving-average stack with falling trend signals.,,,,,-12.57,-17.12,225104898.72,2.5,0.2,0.7,False,True,"Stage 4, Stage 4 - Confirmed Downtrend, weekly_vcp_ok, weekly_volume_dryup, weekly_strong, downtrend",watchlist,weekly_watchlist,watchlist,0.0,35.8,16.11,0.0,16.11,664
BORORENEW.NS,BOROSIL RENEWABLES LIMITED,Solar,Technology,Technology,False,Cash,1,Stage 4,Stage 4,Stage 4 - Weak/Declining,0.72,Price is below long-term support with weak trend evidence.,,,2026-08-04,,-26.34,-2.95,197986451.92,0.86,0.46,0.9,False,True,"Stage 4, Stage 4 - Weak/Declining, weekly_vcp_ok, weekly_volume_dryup, weekly_strong, downtrend",watchlist,weekly_watchlist,watchlist,0.0,35.8,16.11,0.0,16.11,665
RELIGARE.NS,Religare Enterprises Limited,Insurance - Life,Financial Services,Financial Services,False,Cash,1,Stage 2 Failed,Stage 4,Failed Stage 2,0.72,"This stock was recently Stage 2, but the latest structure no longer satisfies Stage 2 rules. It is kept as Stage 2 Failed until a fresh base/repair structure forms.",Recent Stage 2 break; public stage held as Stage 2 Failed.,2026-10-06,2026-09-23,,-11.48,1.81,175376395.21,0.69,0.59,0.85,True,True,"Stage 4, Stage 4, weekly_vcp_ok, volume_dryup, weekly_volume_dryup, weekly_strong, downtrend | Stage 2 failed state applied from stage memory.",watchlist,weekly_watchlist,watchlist,0.0,35.8,16.11,0.0,16.11,666
RCF.NS,Rashtriya Chemicals and Fertilizers Limited,Agricultural Inputs,Basic Materials,Basic Materials,False,Cash,1,Stage 4,Stage 4,Stage 4 - Confirmed Downtrend,0.86,Price is below a bearish moving-average stack with falling trend signals.,,,,,-11.44,-11.78,108898595.52,0.77,0.51,0.68,True,True,"Stage 4, Stage 4 - Confirmed Downtrend, weekly_vcp_ok, volume_dryup, weekly_volume_dryup, weekly_strong, downtrend",watchlist,weekly_watchlist,watchlist,0.0,35.8,16.11,0.0,16.11,667
GSFC.NS,Gujarat State Fertilizers & Chemicals Limited,Agricultural Inputs,Basic Materials,Basic Materials,False,Cash,1,Stage 4,Stage 4,Stage 4 - Weak/Declining,0.72,Price is below long-term support with weak trend evidence.,,,,,3.08,-4.56,136385347.53,0.78,0.98,0.75,True,True,"Stage 4, Stage 4 - Weak/Declining, weekly_vcp_ok, volume_dryup, weekly_volume_dryup, weekly_strong, downtrend",watchlist,weekly_watchlist,watchlist,0.0,35.8,16.11,0.0,16.11,668
ASHAPURMIN.NS,Ashapura Minechem Limited,Basic Materials,Basic Materials,Basic Materials,False,Cash,1,Stage 4,Stage 4,Stage 4 - Confirmed Downtrend,0.86,Price is below a bearish moving-average stack with falling trend signals.,,,2026-08-07,,-16.14,-3.95,159343634.39,0.66,0.71,0.62,True,True,"Stage 4, Stage 4 - Confirmed Downtrend, weekly_vcp_ok, volume_dryup, weekly_volume_dryup, weekly_strong, downtrend",watchlist,weekly_watchlist,watchlist,0.0,35.8,16.11,0.0,16.11,669
ARVINDFASN.NS,Arvind Fashions Limited,Apparel Manufacturing,Consumer Cyclical,Consumer Cyclical,False,Cash,1,Stage 4,Stage 4,Stage 4 - Confirmed Downtrend,0.86,Price is below a bearish moving-average stack with falling trend signals.,,,,,-6.81,-10.27,95743797.7,1.13,1.42,1.46,False,False,"Stage 4, Stage 4 - Confirmed Downtrend, weekly_vcp_ok, weekly_strong, downtrend",watchlist,weekly_watchlist,watchlist,0.0,35.8,16.11,0.0,16.11,670
GREENLAM.NS,Greenlam Industries Limited,"Furnishings, Fixtures & Appliances",Consumer Cyclical,Consumer Cyclical,False,Cash,1,Stage 4,Stage 4,Stage 4 - Weak/Declining,0.72,Price is below long-term support with weak trend evidence.,,,2026-08-27,,-13.14,-2.12,10867242.59,0.46,1.01,0.45,True,True,"Stage 4, Stage 4 - Weak/Declining, weekly_vcp_ok, volume_dryup, weekly_volume_dryup, weekly_strong, downtrend",watchlist,weekly_watchlist,watchlist,0.0,35.8,16.11,0.0,16.11,671
ICRA.NS,ICRA Limited,Financial Services,Financial Services,Financial Services,False,Cash,1,Stage 4,Stage 4,Stage 4 - Confirmed Downtrend,0.86,Price is below a bearish moving-average stack with falling trend signals.,,,,,-9.74,-15.08,122487792.59,0.85,0.63,0.84,False,True,"Stage 4, Stage 4 - Confirmed Downtrend, weekly_vcp_ok, weekly_volume_dryup, weekly_strong, downtrend",watchlist,weekly_watchlist,watchlist,0.0,35.8,16.11,0.0,16.11,672
MAPMYINDIA.NS,C.E. Info Systems Limited,Software - Infrastructure,Technology,Technology,False,Cash,1,Stage 4,Stage 4,Stage 4 - Weak/Declining,0.72,Price is below long-term support with weak trend evidence.,,,,,-12.36,-3.44,172605754.11,0.51,0.38,0.35,True,True,"Stage 4, Stage 4 - Weak/Declining, weekly_vcp_ok, volume_dryup, weekly_volume_dryup, weekly_strong, downtrend",watchlist,weekly_watchlist,watchlist,0.0,35.8,16.11,0.0,16.11,673
SWSOLAR.NS,Sterling and Wilson Renewable Energy Limited,Solar,Technology,Technology,False,Cash,1,Stage 4,Stage 4,Stage 4 - Confirmed Downtrend,0.86,Price is below a bearish moving-average stack with falling trend signals.,,,,,-22.43,-2.52,211864939.18,1.0,1.3,1.08,False,False,"Stage 4, Stage 4 - Confirmed Downtrend, weekly_vcp_ok, weekly_strong, downtrend",watchlist,weekly_watchlist,watchlist,0.0,35.8,16.11,0.0,16.11,674
WEBELSOLAR.NS,Websol Energy System Limited,Solar,Technology,Technology,False,Cash,1,Stage 4,Stage 4,Stage 4 - Weak/Declining,0.72,Price is below long-term support with weak trend evidence.,,,,,-24.14,-9.83,117798308.24,0.78,1.6,0.76,True,True,"Stage 4, Stage 4 - Weak/Declining, weekly_vcp_ok, volume_dryup, weekly_volume_dryup, weekly_strong, downtrend",watchlist,weekly_watchlist,watchlist,0.0,35.8,16.11,0.0,16.11,675
LUXIND.NS,Lux Industries Limited,Apparel Manufacturing,Consumer Cyclical,Consumer Cyclical,False,Cash,1,Stage 4,Stage 4,Stage 4,0.66,Declining structure detected.,,,2026-06-09,,-2.99,-11.5,61802418.79,0.81,0.61,0.67,True,True,"Stage 4, Stage 4, weekly_vcp_ok, volume_dryup, weekly_volume_dryup, weekly_strong, downtrend",watchlist,weekly_watchlist,watchlist,0.0,35.8,16.11,0.0,16.11,676
HGINFRA.NS,H.G. Infra Engineering Limited,Engineering & Construction,Industrials,Industrials,False,Cash,1,Stage 4,Stage 4,Stage 4 - Confirmed Downtrend,0.86,Price is below a bearish moving-average stack with falling trend signals.,,,,,-21.08,-23.53,360013979.59,3.35,0.9,0.5,False,True,"Stage 4, Stage 4 - Confirmed Downtrend, weekly_vcp_ok, weekly_volume_dryup, weekly_strong, downtrend",watchlist,weekly_watchlist,watchlist,0.0,35.8,16.11,0.0,16.11,677
ROUTE.NS,ROUTE MOBILE LIMITED,Telecom Services,Communication Services,Communication Services,False,Cash,1,Stage 4,Stage 4,Stage 4 - Confirmed Downtrend,0.86,Price is below a bearish moving-average stack with falling trend signals.,,,,,-14.38,-9.44,106395498.37,0.94,0.61,0.51,False,True,"Stage 4, Stage 4 - Confirmed Downtrend, weekly_vcp_ok, weekly_volume_dryup, weekly_strong, downtrend",watchlist,weekly_watchlist,watchlist,0.0,35.8,16.11,0.0,16.11,678
KITEX.NS,Kitex Garments Limited,Apparel Manufacturing,Consumer Cyclical,Consumer Cyclical,False,Cash,1,Stage 4,Stage 4,Stage 4 - Confirmed Downtrend,0.86,Price is below a bearish moving-average stack with falling trend signals.,,,,,-17.39,-28.8,42415351.75,0.93,0.65,0.83,False,True,"Stage 4, Stage 4 - Confirmed Downtrend, weekly_vcp_ok, weekly_volume_dryup, weekly_strong, downtrend",watchlist,weekly_watchlist,watchlist,0.0,35.8,16.11,0.0,16.11,679
MUTHOOTMF.NS,Muthoot Microfin Limited,Credit Services,Financial Services,Financial Services,False,Cash,1,Stage 4,Stage 4,Stage 4,0.66,Declining structure detected.,,,2026-09-14,,-11.31,6.23,30130627.28,0.4,0.84,0.37,True,True,"Stage 4, Stage 4, weekly_vcp_ok, volume_dryup, weekly_volume_dryup, weekly_strong, downtrend",watchlist,weekly_watchlist,watchlist,0.0,35.8,16.11,0.0,16.11,680
GATEWAY.NS,Gateway Distriparks Limited,Industrials,Industrials,Industrials,False,Cash,1,Stage 4,Stage 4,Stage 4 - Confirmed Downtrend,0.86,Price is below a bearish moving-average stack with falling trend signals.,,,2026-07-15,,-5.55,-8.09,30408177.2,0.64,2.44,0.83,True,True,"Stage 4, Stage 4 - Confirmed Downtrend, weekly_vcp_ok, volume_dryup, weekly_volume_dryup, weekly_strong, downtrend",watchlist,weekly_watchlist,watchlist,0.0,35.8,16.11,0.0,16.11,681
POKARNA.NS,Pokarna Limited,Building Products & Equipment,Industrials,Industrials,False,Cash,1,Stage 4,Stage 4,Stage 4 - Weak/Declining,0.72,Price is below long-term support with weak trend evidence.,,,2026-08-18,,-26.76,-19.92,109730606.31,0.49,0.44,0.57,True,True,"Stage 4, Stage 4 - Weak/Declining, weekly_vcp_ok, volume_dryup, weekly_volume_dryup, weekly_strong, downtrend",watchlist,weekly_watchlist,watchlist,0.0,35.8,16.11,0.0,16.11,682
JSLL.NS,Jeena Sikho Lifecare Limited,Medical Care Facilities,Healthcare,Healthcare,False,Cash,1,Stage 4,Stage 4,Stage 4 - Confirmed Downtrend,0.86,Price is below a bearish moving-average stack with falling trend signals.,,,,,-20.3,-31.83,246325601.57,1.06,1.55,1.39,False,False,"Stage 4, Stage 4 - Confirmed Downtrend, weekly_vcp_ok, downtrend",watchlist,weekly_watchlist,watchlist,10.41,22.1,15.67,0.0,15.67,683
TRITURBINE.NS,Triveni Turbine Limited,Specialty Industrial Machinery,Industrials,Industrials,False,Cash,1,Stage 4,Stage 4,Stage 4 - Weak/Declining,0.72,Price is below long-term support with weak trend evidence.,,,2026-08-06,,-7.47,17.75,268881578.56,0.61,1.04,0.7,True,True,"Stage 4, Stage 4 - Weak/Declining, volume_dryup, weekly_volume_dryup, downtrend",watchlist,weekly_watchlist,watchlist,10.31,0.0,5.67,10.0,15.67,684
MAITHANALL.NS,Maithan Alloys Limited,Steel,Basic Materials,Basic Materials,False,Cash,1,Stage 2 Failed,Stage 1,Failed Stage 2,0.72,"This stock was recently Stage 2, but the latest structure no longer satisfies Stage 2 rules. It is kept as Stage 2 Failed until a fresh base/repair structure forms.",Recent Stage 2 break; public stage held as Stage 2 Failed.,2026-10-06,2026-09-23,,-4.04,-0.89,80303387.26,0.65,0.21,0.52,True,True,"Stage 1, Stage 1 - Unclear/Repair, volume_dryup, weekly_volume_dryup, stage1_not_actionable, stage1_needs_more_base | Stage 2 failed state applied from stage memory.",watchlist,weekly_watchlist,watchlist,15.55,4.4,10.53,5.0,15.53,685
OIL.NS,Oil India Limited,Energy,Energy,Energy,True,F&O,1,Stage 2 Failed,Stage 1,Failed Stage 2,0.72,"This stock was recently Stage 2, but the latest structure no longer satisfies Stage 2 rules. It is kept as Stage 2 Failed until a fresh base/repair structure forms.",Recent Stage 2 break; public stage held as Stage 2 Failed.,2026-10-06,2026-09-28,,10.71,-3.94,1029943234.15,0.75,0.97,0.93,True,False,"Stage 1, Stage 1 - Base/Repair, volume_dryup, stage1_not_actionable, stage1_needs_more_base | Stage 2 failed state applied from stage memory.",watchlist,weekly_watchlist,watchlist,15.96,3.88,10.52,5.0,15.52,686
TATASTEEL.NS,Tata Steel Limited,Steel,Basic Materials,Basic Materials,True,F&O,1,Stage 1,Stage 1,Stage 1 - Unclear/Repair,0.58,Not enough evidence for Stage 2 or Stage 4; classified as repair/unclear structure.,,,2026-06-23,,-1.91,-10.8,4426975376.04,0.92,0.64,0.94,False,False,"Stage 1, Stage 1 - Unclear/Repair, stage1_not_actionable, stage1_needs_more_base",watchlist,weekly_watchlist,watchlist,9.02,12.2,10.45,5.0,15.45,687
INOXWIND.NS,Inox Wind Limited,Specialty Industrial Machinery,Industrials,Industrials,True,F&O,1,Stage 4,Stage 4,Stage 4 - Confirmed Downtrend,0.86,Price is below a bearish moving-average stack with falling trend signals.,,,,,-12.21,-20.69,651890097.28,0.72,0.96,0.59,True,True,"Stage 4, Stage 4 - Confirmed Downtrend, volume_dryup, weekly_volume_dryup, downtrend",watchlist,weekly_watchlist,watchlist,4.69,6.2,5.37,10.0,15.37,688
GPIL.NS,Godawari Power And Ispat limited,Steel,Basic Materials,Basic Materials,False,Cash,1,Stage 4,Stage 4,Stage 4 - Weak/Declining,0.72,Price is below long-term support with weak trend evidence.,,,2026-06-23,,-8.92,-23.11,327093447.76,0.79,2.05,0.87,True,True,"Stage 4, Stage 4 - Weak/Declining, volume_dryup, weekly_volume_dryup, downtrend",watchlist,weekly_watchlist,watchlist,15.41,4.0,10.28,5.0,15.28,689
UNOMINDA.NS,UNO Minda Limited,Auto Parts,Consumer Cyclical,Consumer Cyclical,True,F&O,1,Stage 2 Failed,Stage 4,Failed Stage 2,0.72,"This stock was recently Stage 2, but the latest structure no longer satisfies Stage 2 rules. It is kept as Stage 2 Failed until a fresh base/repair structure forms.",Recent Stage 2 break; public stage held as Stage 2 Failed.,2026-10-06,2026-09-22,,1.64,4.89,674544132.57,0.87,1.63,1.1,False,False,"Stage 4, Stage 4 - Weak/Declining, weekly_vcp_ok, downtrend | Stage 2 failed state applied from stage memory.",watchlist,weekly_watchlist,watchlist,0.0,22.75,10.24,5.0,15.24,690
PFC.NS,Power Finance Corporation Limited,Credit Services,Financial Services,Financial Services,True,F&O,1,Stage 4,Stage 4,Stage 4 - Weak/Declining,0.72,Price is below long-term support with weak trend evidence.,,,2026-07-01,,-14.4,-23.25,2632056590.79,1.04,0.88,0.92,False,False,"Stage 4, Stage 4 - Weak/Declining, weekly_vcp_ok, weekly_strong, downtrend",watchlist,weekly_watchlist,watchlist,0.0,33.8,15.21,0.0,15.21,691
SMARTWORKS.NS,Smartworks Coworking Spaces Limited,Real Estate Services,Real Estate,Real Estate,False,Cash,1,Stage 2,Stage 2,Early Stage 2,0.72,"Price has moved above long-term structure, but the full moving-average stack is not clean yet.",,,2026-10-05,,14.65,25.21,46396339.47,0.78,1.29,1.1,True,False,"Stage 2, Early Stage 2, volume_dryup",watchlist,weekly_watchlist,watchlist,7.34,24.39,15.01,0.0,15.01,692
CHOLAHLDNG.NS,Cholamandalam Financial Holdings Limited,Credit Services,Financial Services,Financial Services,False,Cash,1,Stage 4,Stage 4,Stage 4 - Confirmed Downtrend,0.86,Price is below a bearish moving-average stack with falling trend signals.,,,,,-9.08,-9.88,263667733.78,1.28,0.35,1.19,False,False,"Stage 4, Stage 4 - Confirmed Downtrend, weekly_vcp_ok, downtrend",watchlist,weekly_watchlist,watchlist,9.1,22.1,14.95,0.0,14.95,693
POONAWALLA.NS,Poonawalla Fincorp Limited,Credit Services,Financial Services,Financial Services,False,Cash,1,Stage 2 Failed,Stage 1,Failed Stage 2,0.72,"This stock was recently Stage 2, but the latest structure no longer satisfies Stage 2 rules. It is kept as Stage 2 Failed until a fresh base/repair structure forms.",Recent Stage 2 break; public stage held as Stage 2 Failed.,2026-10-06,2026-09-23,,3.9,15.88,584919621.2,0.91,0.65,0.78,False,True,"Stage 1, Stage 1 - Unclear/Repair, stage1_base_ready, weekly_vcp_ok, weekly_volume_dryup, stage1_not_actionable | Stage 2 failed state applied from stage memory.",watchlist,weekly_watchlist,watchlist,0.0,33.08,14.89,0.0,14.89,694
VIYASH.NS,Viyash Scientific Limited,Drug Manufacturers - Specialty & Generic,Healthcare,Healthcare,False,Cash,1,Stage 2 Failed,Stage 1,Failed Stage 2,0.72,"This stock was recently Stage 2, but the latest structure no longer satisfies Stage 2 rules. It is kept as Stage 2 Failed until a fresh base/repair structure forms.",Recent Stage 2 break; public stage held as Stage 2 Failed.,2026-10-06,2026-09-22,,-11.41,14.47,554033238.83,0.34,0.21,0.28,True,True,"Stage 1, Stage 1 - Base/Repair, volume_dryup, weekly_volume_dryup, stage1_not_actionable, stage1_needs_more_base | Stage 2 failed state applied from stage memory.",watchlist,weekly_watchlist,watchlist,0.0,10.31,4.64,10.0,14.64,695
ADVENZYMES.NS,Advanced Enzyme Technologies Limited,Specialty Chemicals,Basic Materials,Basic Materials,False,Cash,1,Stage 4,Stage 4,Stage 4 - Weak/Declining,0.72,Price is below long-term support with weak trend evidence.,,,2026-07-13,,-12.22,-7.52,57494880.57,0.63,0.89,0.51,True,True,"Stage 4, Stage 4 - Weak/Declining, volume_dryup, weekly_volume_dryup, downtrend",watchlist,weekly_watchlist,watchlist,8.28,0.0,4.55,10.0,14.55,696
ITC.NS,ITC Limited,Consumer Defensive,Consumer Defensive,Consumer Defensive,True,F&O,1,Stage 4,Stage 4,Stage 4 - Confirmed Downtrend,0.86,Price is below a bearish moving-average stack with falling trend signals.,,,,,-0.71,-7.43,3443720632.19,1.08,1.68,1.54,False,False,"Stage 4, Stage 4 - Confirmed Downtrend, weekly_vcp_ok, weekly_strong, downtrend",watchlist,weekly_watchlist,watchlist,0.0,32.13,14.46,0.0,14.46,697
GOLDIAM.NS,Goldiam International Limited,Luxury Goods,Consumer Cyclical,Consumer Cyclical,False,Cash,1,Stage 2 Failed,Stage 1,Failed Stage 2,0.72,"This stock was recently Stage 2, but the latest structure no longer satisfies Stage 2 rules. It is kept as Stage 2 Failed until a fresh base/repair structure forms.",Recent Stage 2 break; public stage held as Stage 2 Failed.,2026-10-06,2026-09-29,,5.3,22.99,136753429.17,0.55,0.76,0.59,True,True,"Stage 1, Stage 1 - Base/Repair, volume_dryup, weekly_volume_dryup, stage1_not_actionable, stage1_needs_more_base | Stage 2 failed state applied from stage memory.",watchlist,weekly_watchlist,watchlist,15.15,2.43,9.43,5.0,14.43,698
GMDCLTD.NS,Gujarat Mineral Development Corporation Limited,Energy,Energy,Energy,False,Cash,1,Stage 4,Stage 4,Stage 4 - Weak/Declining,0.72,Price is below long-term support with weak trend evidence.,,,2026-06-24,,-10.59,-17.81,505498203.09,0.61,0.96,0.66,True,True,"Stage 4, Stage 4 - Weak/Declining, volume_dryup, weekly_volume_dryup, downtrend",watchlist,weekly_watchlist,watchlist,13.88,4.0,9.43,5.0,14.43,699
IDEAFORGE.NS,Ideaforge Technology Limited,Technology,Technology,Technology,False,Cash,1,Stage 3,Stage 3,Stage 3 - Distribution/Damage,0.76,"Prior strength exists, but short-term and/or weekly structure is deteriorating.",,,2026-08-21,,-11.05,66.51,187184306.48,0.73,0.91,0.82,True,True,"Stage 3, Stage 3 - Distribution/Damage, volume_dryup, weekly_volume_dryup, distribution_risk",watchlist,weekly_watchlist,watchlist,2.09,6.75,4.19,10.0,14.19,700
KIRLOSBROS.NS,Kirloskar Brothers Limited,Specialty Industrial Machinery,Industrials,Industrials,False,Cash,1,Stage 3,Stage 3,Stage 3 - Distribution/Damage,0.76,"Prior strength exists, but short-term and/or weekly structure is deteriorating.",,,2026-09-14,,-3.55,11.14,126464138.25,1.62,0.46,2.88,False,False,"Stage 3, Stage 3 - Distribution/Damage, distribution_risk",watchlist,weekly_watchlist,watchlist,0.0,8.76,3.94,10.0,13.94,701
TIMKEN.NS,Timken India Limited,Tools & Accessories,Industrials,Industrials,False,Cash,1,Stage 1,Stage 1,Stage 1 - Base/Repair,0.7,Price is near long-term moving averages with no strong long-term downtrend signal.,,,2026-07-06,,2.82,-8.6,130678890.39,0.98,0.48,1.1,False,False,"Stage 1, Stage 1 - Base/Repair, stage1_not_actionable, stage1_needs_more_base",watchlist,weekly_watchlist,watchlist,10.23,13.6,11.75,2.0,13.75,702
RAYMONDLSL.NS,Raymond Lifestyle Limited,Apparel Manufacturing,Consumer Cyclical,Consumer Cyclical,False,Cash,1,Stage 4,Stage 4,Stage 4 - Confirmed Downtrend,0.86,Price is below a bearish moving-average stack with falling trend signals.,,,,,-8.02,-17.28,218088970.93,1.04,0.9,0.65,False,True,"Stage 4, Stage 4 - Confirmed Downtrend, weekly_vcp_ok, weekly_volume_dryup, downtrend",watchlist,weekly_watchlist,watchlist,6.7,22.1,13.63,0.0,13.63,703
CEMPRO.NS,Cemindia Projects Limited,Engineering & Construction,Industrials,Industrials,False,Cash,1,Stage 2 Failed,Stage 1,Failed Stage 2,0.72,"This stock was recently Stage 2, but the latest structure no longer satisfies Stage 2 rules. It is kept as Stage 2 Failed until a fresh base/repair structure forms.",Recent Stage 2 break; public stage held as Stage 2 Failed.,2026-10-06,2026-09-23,,-20.74,85.3,252788512.78,0.52,0.6,0.52,True,True,"Stage 1, Stage 1 - Base/Repair, volume_dryup, weekly_volume_dryup, stage1_not_actionable, stage1_needs_more_base | Stage 2 failed state applied from stage memory.",watchlist,weekly_watchlist,watchlist,19.1,6.06,13.23,0.0,13.23,704
JAIBALAJI.NS,Jai Balaji Industries Limited,Steel,Basic Materials,Basic Materials,False,Cash,1,Not Sure,Stage 1,Pending Stage 1,0.55,Blocked public stage jump Stage 4 -> Stage 1; waiting for intermediate/confirmed structure.,Blocked public stage jump Stage 4 -> Stage 1; waiting for intermediate/confirmed structure.,,,Stage 1,1.68,1.24,34701279.37,0.58,0.59,0.54,True,True,"Stage 1, Stage 1 - Unclear/Repair, volume_dryup, weekly_volume_dryup, stage1_not_actionable, stage1_needs_more_base | Blocked public stage jump Stage 4 -> Stage 1; waiting for intermediate/confirmed structure.",watchlist,weekly_watchlist,watchlist,7.12,9.49,8.19,5.0,13.19,705
ASHOKA.NS,Ashoka Buildcon Limited,Engineering & Construction,Industrials,Industrials,False,Cash,1,Stage 4,Stage 4,Stage 4 - Confirmed Downtrend,0.86,Price is below a bearish moving-average stack with falling trend signals.,,,,,-11.7,-13.94,59797452.48,0.18,0.09,0.21,True,True,"Stage 4, Stage 4 - Confirmed Downtrend, volume_dryup, weekly_volume_dryup, downtrend",watchlist,weekly_watchlist,watchlist,12.2,14.27,13.13,0.0,13.13,706
BAJAJHFL.NS,Bajaj Housing Finance Limited,Mortgage Finance,Financial Services,Financial Services,False,Cash,1,Stage 4,Stage 4,Stage 4 - Confirmed Downtrend,0.86,Price is below a bearish moving-average stack with falling trend signals.,,,,,-1.34,-3.33,260187588.45,1.09,0.66,1.25,False,False,"Stage 4, Stage 4 - Confirmed Downtrend, weekly_vcp_ok, downtrend",watchlist,weekly_watchlist,watchlist,5.2,22.1,12.8,0.0,12.8,707
GENUSPOWER.NS,Genus Power Infrastructures Limited,Electrical Equipment & Parts,Industrials,Industrials,False,Cash,1,Stage 2 Failed,Stage 1,Failed Stage 2,0.72,"This stock was recently Stage 2, but the latest structure no longer satisfies Stage 2 rules. It is kept as Stage 2 Failed until a fresh base/repair structure forms.",Recent Stage 2 break; public stage held as Stage 2 Failed.,2026-10-06,2026-09-25,,1.68,13.96,459822558.71,0.79,1.91,0.83,True,True,"Stage 1, Stage 1 - Unclear/Repair, volume_dryup, weekly_volume_dryup, stage1_not_actionable, stage1_needs_more_base | Stage 2 failed state applied from stage memory.",watchlist,weekly_watchlist,watchlist,0.0,5.96,2.68,10.0,12.68,708
TIPSMUSIC.NS,Tips Music Limited,Communication Services,Communication Services,Communication Services,False,Cash,1,Not Sure,Stage 1,Pending Stage 1,0.55,Blocked public stage jump Stage 3 -> Stage 1; waiting for intermediate/confirmed structure.,Blocked public stage jump Stage 3 -> Stage 1; waiting for intermediate/confirmed structure.,,2026-08-18,Stage 1,-3.53,21.9,160865758.15,1.02,1.15,0.96,False,False,"Stage 1, Stage 1 - Base/Repair, stage1_not_actionable, stage1_needs_more_base | Blocked public stage jump Stage 3 -> Stage 1; waiting for intermediate/confirmed structure.",watchlist,weekly_watchlist,watchlist,4.11,11.84,7.59,5.0,12.59,709
ISGEC.NS,Isgec Heavy Engineering Limited,Specialty Industrial Machinery,Industrials,Industrials,False,Cash,1,Stage 1,Stage 1,Stage 1 - Base/Repair,0.7,Price is near long-term moving averages with no strong long-term downtrend signal.,,,2026-05-28,,5.71,-8.07,87880752.83,1.19,0.64,1.02,False,False,"Stage 1, Stage 1 - Base/Repair, stage1_not_actionable, stage1_needs_more_base",watchlist,weekly_watchlist,watchlist,0.0,5.6,2.52,10.0,12.52,710
DREDGECORP.NS,Dredging Corporation of India Limited,Engineering & Construction,Industrials,Industrials,False,Cash,1,Not Sure,Not Sure,Not Sure,0.0,Stage rules did not identify a reliable structure.,No confident stage classification.,,2026-09-14,,-9.31,2.61,68450780.75,0.64,0.82,0.6,True,True,"Not Sure, Not Sure, volume_dryup, weekly_volume_dryup",watchlist,weekly_watchlist,watchlist,15.63,8.4,12.38,0.0,12.38,711
LLOYDSENT.NS,Lloyds Enterprises Limited,Steel,Basic Materials,Basic Materials,False,Cash,1,Stage 2 Failed,Stage 3,Failed Stage 2,0.72,"This stock was recently Stage 2, but the latest structure no longer satisfies Stage 2 rules. It is kept as Stage 2 Failed until a fresh base/repair structure forms.",Recent Stage 2 break; public stage held as Stage 2 Failed.,2026-10-06,2026-10-05,,5.46,36.82,233331452.34,1.32,1.21,0.89,False,True,"Stage 3, Stage 3 - Transition, weekly_volume_dryup, distribution_risk | Stage 2 failed state applied from stage memory.",watchlist,weekly_watchlist,watchlist,3.31,12.23,7.32,5.0,12.32,712
RATEGAIN.NS,Rategain Travel Technologies Limited,Software - Application,Technology,Technology,False,Cash,1,Stage 2 Failed,Stage 3,Failed Stage 2,0.72,"This stock was recently Stage 2, but the latest structure no longer satisfies Stage 2 rules. It is kept as Stage 2 Failed until a fresh base/repair structure forms.",Recent Stage 2 break; public stage held as Stage 2 Failed.,2026-10-06,2026-09-21,,-4.64,52.85,223056718.91,0.54,0.43,0.62,True,True,"Stage 3, Stage 3 - Distribution/Damage, volume_dryup, weekly_volume_dryup, distribution_risk | Stage 2 failed state applied from stage memory.",watchlist,weekly_watchlist,watchlist,2.55,12.82,7.17,5.0,12.17,713
DATAMATICS.NS,Datamatics Global Services Limited,Information Technology Services,Technology,Technology,False,Cash,1,Stage 2 Failed,Stage 4,Failed Stage 2,0.72,"This stock was recently Stage 2, but the latest structure no longer satisfies Stage 2 rules. It is kept as Stage 2 Failed until a fresh base/repair structure forms.",Recent Stage 2 break; public stage held as Stage 2 Failed.,2026-10-06,2026-09-30,,-5.51,10.08,127268576.47,1.0,0.37,0.95,False,False,"Stage 4, Stage 4, weekly_vcp_ok, downtrend | Stage 2 failed state applied from stage memory.",watchlist,weekly_watchlist,watchlist,0.0,22.56,10.15,2.0,12.15,714
AXISBANK.NS,Axis Bank Limited,Banks - Regional,Financial Services,Financial Services,True,F&O,1,Stage 4,Stage 4,Stage 4 - Weak/Declining,0.72,Price is below long-term support with weak trend evidence.,,,2026-07-17,,-1.09,-6.89,6364210816.61,1.19,1.57,1.12,False,False,"Stage 4, Stage 4 - Weak/Declining, weekly_vcp_ok, downtrend",watchlist,weekly_watchlist,watchlist,0.0,22.1,9.95,2.0,11.95,715
IRCTC.NS,Indian Railway Catering And Tourism Corporation Limited,Consumer Cyclical,Consumer Cyclical,Consumer Cyclical,False,Cash,1,Stage 4,Stage 4,Stage 4 - Confirmed Downtrend,0.86,Price is below a bearish moving-average stack with falling trend signals.,,,,,-4.9,-14.52,332065282.63,0.92,1.06,1.18,False,False,"Stage 4, Stage 4 - Confirmed Downtrend, weekly_vcp_ok, downtrend",watchlist,weekly_watchlist,watchlist,0.0,22.1,9.95,2.0,11.95,716
REDTAPE.NS,Redtape Limited,Consumer Cyclical,Consumer Cyclical,Consumer Cyclical,False,Cash,1,Stage 4,Stage 4,Stage 4 - Weak/Declining,0.72,Price is below long-term support with weak trend evidence.,,,2026-08-07,,-9.42,-2.42,260710405.02,0.41,0.09,0.15,True,True,"Stage 4, Stage 4 - Weak/Declining, weekly_vcp_ok, volume_dryup, weekly_volume_dryup, downtrend",watchlist,weekly_watchlist,watchlist,0.0,22.1,9.95,2.0,11.95,717
NMDC.NS,NMDC Limited,Steel,Basic Materials,Basic Materials,True,F&O,1,Stage 4,Stage 4,Stage 4 - Weak/Declining,0.72,Price is below long-term support with weak trend evidence.,,,2026-09-02,,-6.59,-11.31,860617631.26,0.83,0.85,0.72,True,True,"Stage 4, Stage 4 - Weak/Declining, volume_dryup, weekly_volume_dryup, downtrend",watchlist,weekly_watchlist,watchlist,9.91,3.2,6.89,5.0,11.89,718
THANGAMAYL.NS,Thangamayil Jewellery Limited,Luxury Goods,Consumer Cyclical,Consumer Cyclical,False,Cash,1,Stage 1,Stage 1,Stage 1 - Base/Repair,0.7,Price is near long-term moving averages with no strong long-term downtrend signal.,,,2026-08-28,,-23.05,16.13,425692131.93,0.41,0.44,0.48,True,True,"Stage 1, Stage 1 - Base/Repair, volume_dryup, weekly_volume_dryup, stage1_not_actionable, stage1_needs_more_base",watchlist,weekly_watchlist,watchlist,11.7,0.8,6.8,5.0,11.8,719
FDC.NS,FDC Limited,Drug Manufacturers - Specialty & Generic,Healthcare,Healthcare,False,Cash,1,Stage 4,Stage 4,Stage 4 - Confirmed Downtrend,0.86,Price is below a bearish moving-average stack with falling trend signals.,,,2026-07-31,,-18.19,-4.26,47448942.21,0.53,0.84,0.41,True,True,"Stage 4, Stage 4 - Confirmed Downtrend, volume_dryup, weekly_volume_dryup, downtrend",watchlist,weekly_watchlist,watchlist,0.0,4.0,1.8,10.0,11.8,720
SANGHVIMOV.NS,Sanghvi Movers Limited,Industrials,Industrials,Industrials,False,Cash,1,Stage 2 Failed,Stage 3,Failed Stage 2,0.72,"This stock was recently Stage 2, but the latest structure no longer satisfies Stage 2 rules. It is kept as Stage 2 Failed until a fresh base/repair structure forms.",Recent Stage 2 break; public stage held as Stage 2 Failed.,2026-10-06,2026-09-18,,-4.63,42.43,123874405.28,0.81,1.52,1.11,True,False,"Stage 3, Stage 3 - Transition, volume_dryup, distribution_risk | Stage 2 failed state applied from stage memory.",watchlist,weekly_watchlist,watchlist,18.14,3.78,11.68,0.0,11.68,721
BLUEJET.NS,Blue Jet Healthcare Limited,Biotechnology,Healthcare,Healthcare,False,Cash,1,Stage 2 Failed,Stage 3,Failed Stage 2,0.72,"This stock was recently Stage 2, but the latest structure no longer satisfies Stage 2 rules. It is kept as Stage 2 Failed until a fresh base/repair structure forms.",Recent Stage 2 break; public stage held as Stage 2 Failed.,2026-10-06,2026-09-25,,-1.5,33.39,235710357.38,0.59,0.67,0.64,True,True,"Stage 3, Stage 3 - Distribution/Damage, volume_dryup, weekly_volume_dryup, distribution_risk | Stage 2 failed state applied from stage memory.",watchlist,weekly_watchlist,watchlist,2.99,11.19,6.68,5.0,11.68,722
GULFOILLUB.NS,Gulf Oil Lubricants India Limited,Specialty Chemicals,Basic Materials,Basic Materials,False,Cash,1,Stage 2 Failed,Stage 3,Failed Stage 2,0.72,"This stock was recently Stage 2, but the latest structure no longer satisfies Stage 2 rules. It is kept as Stage 2 Failed until a fresh base/repair structure forms.",Recent Stage 2 break; public stage held as Stage 2 Failed.,2026-10-06,2026-09-28,,11.69,24.56,47778824.37,0.6,0.38,0.61,True,True,"Stage 3, Stage 3 - Transition, volume_dryup, weekly_volume_dryup, distribution_risk | Stage 2 failed state applied from stage memory.",watchlist,weekly_watchlist,watchlist,0.0,3.62,1.63,10.0,11.63,723
GANECOS.NS,Ganesha Ecosphere Limited,Textile Manufacturing,Consumer Cyclical,Consumer Cyclical,False,Cash,1,Stage 2 Failed,Stage 3,Failed Stage 2,0.72,"This stock was recently Stage 2, but the latest structure no longer satisfies Stage 2 rules. It is kept as Stage 2 Failed until a fresh base/repair structure forms.",Recent Stage 2 break; public stage held as Stage 2 Failed.,2026-10-06,2026-09-24,,-3.2,-4.74,87983161.42,0.47,0.37,0.42,True,True,"Stage 3, Stage 3 - Distribution/Damage, volume_dryup, weekly_volume_dryup, distribution_risk | Stage 2 failed state applied from stage memory.",watchlist,weekly_watchlist,watchlist,0.0,3.6,1.62,10.0,11.62,724
AARTIIND.NS,Aarti Industries Limited,Specialty Chemicals,Basic Materials,Basic Materials,False,Cash,1,Stage 2 Failed,Stage 3,Failed Stage 2,0.72,"This stock was recently Stage 2, but the latest structure no longer satisfies Stage 2 rules. It is kept as Stage 2 Failed until a fresh base/repair structure forms.",Recent Stage 2 break; public stage held as Stage 2 Failed.,2026-10-06,2026-09-25,,7.66,14.61,243418117.0,0.43,1.23,0.54,True,True,"Stage 3, Stage 3 - Transition, volume_dryup, weekly_volume_dryup, distribution_risk | Stage 2 failed state applied from stage memory.",watchlist,weekly_watchlist,watchlist,0.89,2.23,1.49,10.0,11.49,725
PAGEIND.NS,Page Industries Limited,Apparel Manufacturing,Consumer Cyclical,Consumer Cyclical,True,F&O,1,Stage 3,Stage 3,Stage 3 - Transition,0.62,"The structure is transitioning after prior strength, but it is not yet a confirmed Stage 4 decline.",,,2026-08-06,,1.55,7.15,837151958.25,0.99,1.42,1.36,False,False,"Stage 3, Stage 3 - Transition, distribution_risk",watchlist,weekly_watchlist,watchlist,13.62,8.87,11.48,0.0,11.48,726
LINDEINDIA.NS,Linde India Limited,Specialty Chemicals,Basic Materials,Basic Materials,False,Cash,1,Stage 4,Stage 4,Stage 4 - Weak/Declining,0.72,Price is below long-term support with weak trend evidence.,,,2026-08-10,,-7.17,-13.45,161042497.62,1.06,0.73,1.37,False,False,"Stage 4, Stage 4 - Weak/Declining, downtrend",watchlist,weekly_watchlist,watchlist,0.0,3.2,1.44,10.0,11.44,727
ZYDUSWELL.NS,Zydus Wellness Limited,Packaged Foods,Consumer Defensive,Consumer Defensive,False,Cash,1,Stage 3,Stage 3,Stage 3 - Distribution/Damage,0.76,"Prior strength exists, but short-term and/or weekly structure is deteriorating.",,,2026-09-04,,-7.28,3.62,109093248.78,0.37,0.28,0.47,True,True,"Stage 3, Stage 3 - Distribution/Damage, volume_dryup, weekly_volume_dryup, distribution_risk",watchlist,weekly_watchlist,watchlist,17.1,0.0,9.41,2.0,11.41,728
NESTLEIND.NS,Nestle India Limited,Packaged Foods,Consumer Defensive,Consumer Defensive,True,F&O,1,Stage 2 Failed,Stage 1,Failed Stage 2,0.72,"This stock was recently Stage 2, but the latest structure no longer satisfies Stage 2 rules. It is kept as Stage 2 Failed until a fresh base/repair structure forms.",Recent Stage 2 break; public stage held as Stage 2 Failed.,2026-10-06,2026-09-21,,-3.25,8.72,1603455380.37,0.7,1.41,1.0,True,False,"Stage 1, Stage 1 - Base/Repair, volume_dryup, stage1_not_actionable, stage1_needs_more_base | Stage 2 failed state applied from stage memory.",watchlist,weekly_watchlist,watchlist,16.61,0.15,9.2,2.0,11.2,729
CIPLA.NS,Cipla Limited,Drug Manufacturers - Specialty & Generic,Healthcare,Healthcare,True,F&O,1,Stage 4,Stage 4,Stage 4 - Weak/Declining,0.72,Price is below long-term support with weak trend evidence.,,,2026-08-24,,-2.26,12.53,1267101141.32,1.06,0.66,0.82,False,True,"Stage 4, Stage 4 - Weak/Declining, weekly_volume_dryup, downtrend",watchlist,weekly_watchlist,watchlist,0.0,2.63,1.18,10.0,11.18,730
KERNEX.NS,Kernex Microsystems (India) Limited,Software - Application,Technology,Technology,False,Cash,1,Stage 1,Stage 1,Stage 1 - Base/Repair,0.7,Price is near long-term moving averages with no strong long-term downtrend signal.,,,2026-08-24,,-12.99,50.74,244595955.66,0.42,1.07,0.51,True,True,"Stage 1, Stage 1 - Base/Repair, volume_dryup, weekly_volume_dryup, stage1_not_actionable, stage1_needs_more_base",watchlist,weekly_watchlist,watchlist,1.57,11.77,6.16,5.0,11.16,731
JBMA.NS,JBM Auto Limited,Auto Parts,Consumer Cyclical,Consumer Cyclical,False,Cash,1,Stage 4,Stage 4,Stage 4 - Weak/Declining,0.72,Price is below long-term support with weak trend evidence.,,,2026-08-06,,-12.32,-8.16,147272969.76,0.51,0.93,0.51,True,True,"Stage 4, Stage 4 - Weak/Declining, volume_dryup, weekly_volume_dryup, downtrend",watchlist,weekly_watchlist,watchlist,9.45,2.0,6.1,5.0,11.1,732
TANLA.NS,Tanla Platforms Limited,Software - Application,Technology,Technology,False,Cash,1,Stage 4,Stage 4,Stage 4 - Weak/Declining,0.72,Price is below long-term support with weak trend evidence.,,,2026-08-21,,-5.92,8.62,154592083.62,0.53,0.33,0.31,True,True,"Stage 4, Stage 4 - Weak/Declining, volume_dryup, weekly_volume_dryup, downtrend",watchlist,weekly_watchlist,watchlist,10.99,0.0,6.04,5.0,11.04,733
ZENTEC.NS,Zen Technologies Limited,Aerospace & Defense,Industrials,Industrials,False,Cash,1,Stage 1,Stage 1,Stage 1 - Base/Repair,0.7,Price is near long-term moving averages with no strong long-term downtrend signal.,,,2026-09-08,,-6.28,5.62,443177071.0,0.56,0.63,0.55,True,True,"Stage 1, Stage 1 - Base/Repair, volume_dryup, weekly_volume_dryup, stage1_not_actionable, stage1_needs_more_base",watchlist,weekly_watchlist,watchlist,0.0,2.0,0.9,10.0,10.9,734
BANDHANBNK.NS,Bandhan Bank Limited,Banks - Regional,Financial Services,Financial Services,True,F&O,1,Stage 1,Stage 1,Stage 1 - Unclear/Repair,0.58,Not enough evidence for Stage 2 or Stage 4; classified as repair/unclear structure.,,,2026-07-21,,-16.52,0.14,2446786786.6,1.43,1.1,1.09,False,False,"Stage 1, Stage 1 - Unclear/Repair, stage1_not_actionable, stage1_needs_more_base",watchlist,weekly_watchlist,watchlist,7.97,10.0,8.88,2.0,10.88,735
TITAN.NS,Titan Company Limited,Luxury Goods,Consumer Cyclical,Consumer Cyclical,True,F&O,1,Stage 2 Failed,Stage 1,Failed Stage 2,0.72,"This stock was recently Stage 2, but the latest structure no longer satisfies Stage 2 rules. It is kept as Stage 2 Failed until a fresh base/repair structure forms.",Recent Stage 2 break; public stage held as Stage 2 Failed.,2026-10-06,2026-09-30,,3.88,3.67,2916302320.46,0.93,1.37,0.88,False,True,"Stage 1, Stage 1 - Base/Repair, weekly_volume_dryup, stage1_not_actionable, stage1_needs_more_base | Stage 2 failed state applied from stage memory.",watchlist,weekly_watchlist,watchlist,0.0,12.95,5.83,5.0,10.83,736
EXIDEIND.NS,Exide Industries Limited,Auto Parts,Consumer Cyclical,Consumer Cyclical,True,F&O,1,Stage 2 Failed,Stage 1,Failed Stage 2,0.72,"This stock was recently Stage 2, but the latest structure no longer satisfies Stage 2 rules. It is kept as Stage 2 Failed until a fresh base/repair structure forms.",Recent Stage 2 break; public stage held as Stage 2 Failed.,2026-10-06,2026-09-28,,0.24,26.36,805741646.9,0.52,0.53,0.44,True,True,"Stage 1, Stage 1 - Base/Repair, volume_dryup, weekly_volume_dryup, stage1_not_actionable, stage1_needs_more_base | Stage 2 failed state applied from stage memory.",watchlist,weekly_watchlist,watchlist,0.0,12.66,5.7,5.0,10.7,737
BOMDYEING.NS,Bombay Dyeing & Mfg Company Limited,Textile Manufacturing,Consumer Cyclical,Consumer Cyclical,False,Cash,1,Stage 4,Stage 4,Stage 4 - Confirmed Downtrend,0.86,Price is below a bearish moving-average stack with falling trend signals.,,,,,-14.55,-3.49,42362058.84,0.48,0.5,0.47,True,True,"Stage 4, Stage 4 - Confirmed Downtrend, volume_dryup, weekly_volume_dryup, downtrend",watchlist,weekly_watchlist,watchlist,1.2,0.0,0.66,10.0,10.66,738
TRENT.NS,Trent Limited,Consumer Cyclical,Consumer Cyclical,Consumer Cyclical,True,F&O,1,Not Sure,Not Sure,Not Sure,0.0,Stage rules did not identify a reliable structure.,No confident stage classification.,,,,4.74,13.48,2703640766.41,1.46,9.98,2.23,False,False,"Not Sure, Not Sure",watchlist,weekly_watchlist,watchlist,4.7,13.42,8.62,2.0,10.62,739
POLYCAB.NS,Polycab India Limited,Electrical Equipment & Parts,Industrials,Industrials,True,F&O,1,Stage 1,Stage 1,Stage 1 - Base/Repair,0.7,Price is near long-term moving averages with no strong long-term downtrend signal.,,,2026-08-31,,-6.92,9.28,2823635667.9,1.26,0.74,0.98,False,False,"Stage 1, Stage 1 - Base/Repair, stage1_not_actionable, stage1_needs_more_base",watchlist,weekly_watchlist,watchlist,0.0,1.04,0.47,10.0,10.47,740
ESABINDIA.NS,Esab India Limited,Tools & Accessories,Industrials,Industrials,False,Cash,1,Stage 1,Stage 1,Stage 1 - Unclear/Repair,0.58,Not enough evidence for Stage 2 or Stage 4; classified as repair/unclear structure.,,,2026-09-14,,4.15,4.82,20064896.77,0.48,0.59,0.38,True,True,"Stage 1, Stage 1 - Unclear/Repair, volume_dryup, weekly_volume_dryup, stage1_not_actionable, stage1_needs_more_base",watchlist,weekly_watchlist,watchlist,6.35,10.9,8.4,2.0,10.4,741
LLOYDSME.NS,Lloyds Metals And Energy Limited,Steel,Basic Materials,Basic Materials,False,Cash,1,Stage 2 Failed,Stage 3,Failed Stage 2,0.72,"This stock was recently Stage 2, but the latest structure no longer satisfies Stage 2 rules. It is kept as Stage 2 Failed until a fresh base/repair structure forms.",Recent Stage 2 break; public stage held as Stage 2 Failed.,2026-10-06,2026-09-30,,11.11,24.28,741359636.84,1.14,1.53,1.35,False,False,"Stage 3, Stage 3 - Transition, distribution_risk | Stage 2 failed state applied from stage memory.",watchlist,weekly_watchlist,watchlist,0.35,11.54,5.39,5.0,10.39,742
NATCOPHARM.NS,Natco Pharma Limited,Drug Manufacturers - Specialty & Generic,Healthcare,Healthcare,False,Cash,1,Stage 4,Stage 4,Stage 4 - Weak/Declining,0.72,Price is below long-term support with weak trend evidence.,,,2026-05-29,,-11.53,-22.58,370512484.57,1.11,0.53,1.0,False,False,"Stage 4, Stage 4 - Weak/Declining, downtrend",watchlist,weekly_watchlist,watchlist,0.0,0.8,0.36,10.0,10.36,743
TARIL.NS,Transformers And Rectifiers (India) Limited,Electrical Equipment & Parts,Industrials,Industrials,False,Cash,1,Stage 4,Stage 4,Stage 4 - Weak/Declining,0.72,Price is below long-term support with weak trend evidence.,,,,,-13.02,-1.68,1220023649.83,2.92,0.64,6.12,False,False,"Stage 4, Stage 4 - Weak/Declining, downtrend",watchlist,weekly_watchlist,watchlist,0.0,0.8,0.36,10.0,10.36,744
ZOTA.NS,Zota Health Care LImited,Biotechnology,Healthcare,Healthcare,False,Cash,1,Not Sure,Not Sure,Not Sure,0.0,Stage rules did not identify a reliable structure.,No confident stage classification.,,2026-07-13,,-5.44,-1.39,160872548.1,0.68,0.19,0.7,True,True,"Not Sure, Not Sure, volume_dryup, weekly_volume_dryup",watchlist,weekly_watchlist,watchlist,1.79,9.6,5.3,5.0,10.3,745
GVT&D.NS,GE Vernova T&D India Limited,Specialty Industrial Machinery,Industrials,Industrials,False,Cash,1,Stage 2 Failed,Stage 3,Failed Stage 2,0.72,"This stock was recently Stage 2, but the latest structure no longer satisfies Stage 2 rules. It is kept as Stage 2 Failed until a fresh base/repair structure forms.",Recent Stage 2 break; public stage held as Stage 2 Failed.,2026-10-06,2026-09-23,,-3.72,5.47,3461716239.01,0.62,0.76,0.75,True,True,"Stage 3, Stage 3 - Distribution/Damage, volume_dryup, weekly_volume_dryup, distribution_risk | Stage 2 failed state applied from stage memory.",watchlist,weekly_watchlist,watchlist,0.0,0.18,0.08,10.0,10.08,746
ADANIENT.NS,Adani Enterprises Limited,Energy,Energy,Energy,True,F&O,1,Stage 1,Stage 1,Stage 1 - Base/Repair,0.7,Price is near long-term moving averages with no strong long-term downtrend signal.,,,2026-09-09,,-5.11,34.76,4427067173.97,0.94,0.65,0.89,False,True,"Stage 1, Stage 1 - Base/Repair, weekly_volume_dryup, stage1_not_actionable, stage1_needs_more_base",watchlist,weekly_watchlist,watchlist,2.16,8.57,5.04,5.0,10.04,747
SUZLON.NS,Suzlon Energy Limited,Specialty Industrial Machinery,Industrials,Industrials,True,F&O,1,Stage 4,Stage 4,Stage 4 - Weak/Declining,0.72,Price is below long-term support with weak trend evidence.,,,2026-07-13,,-22.74,-13.77,2133710705.99,1.2,0.91,0.71,False,True,"Stage 4, Stage 4 - Weak/Declining, weekly_volume_dryup, downtrend",watchlist,weekly_watchlist,watchlist,0.0,0.0,0.0,10.0,10.0,748
BERGEPAINT.NS,Berger Paints (I) Limited,Specialty Chemicals,Basic Materials,Basic Materials,False,Cash,1,Stage 4,Stage 4,Stage 4 - Weak/Declining,0.72,Price is below long-term support with weak trend evidence.,,,2026-08-28,,0.43,5.71,189198965.58,0.98,1.07,1.06,False,False,"Stage 4, Stage 4 - Weak/Declining, downtrend",watchlist,weekly_watchlist,watchlist,0.0,0.0,0.0,10.0,10.0,749
ITI.NS,ITI Limited,Communication Equipment,Technology,Technology,False,Cash,1,Stage 4,Stage 4,Stage 4 - Confirmed Downtrend,0.86,Price is below a bearish moving-average stack with falling trend signals.,,,2026-07-02,,-9.98,-13.43,50082325.3,1.13,3.37,1.66,False,False,"Stage 4, Stage 4 - Confirmed Downtrend, downtrend",watchlist,weekly_watchlist,watchlist,0.0,0.0,0.0,10.0,10.0,750
JSWDULUX.NS,JSW Dulux Limited,Specialty Chemicals,Basic Materials,Basic Materials,False,Cash,1,Stage 2 Failed,Stage 4,Failed Stage 2,0.72,"This stock was recently Stage 2, but the latest structure no longer satisfies Stage 2 rules. It is kept as Stage 2 Failed until a fresh base/repair structure forms.",Recent Stage 2 break; public stage held as Stage 2 Failed.,2026-10-06,2026-09-25,,7.81,3.39,112126474.52,2.04,0.59,2.44,False,False,"Stage 4, Stage 4 - Weak/Declining, downtrend | Stage 2 failed state applied from stage memory.",watchlist,weekly_watchlist,watchlist,0.0,0.0,0.0,10.0,10.0,751
PGHL.NS,Procter & Gamble Health Limited,Drug Manufacturers - Specialty & Generic,Healthcare,Healthcare,False,Cash,1,Not Sure,Stage 4,Pending Stage 4,0.55,Blocked public stage jump Stage 1 -> Stage 4; waiting for intermediate/confirmed structure.,Blocked public stage jump Stage 1 -> Stage 4; waiting for intermediate/confirmed structure.,,2026-09-07,Stage 4,-14.49,12.2,71151135.62,1.24,1.57,1.94,False,False,"Stage 4, Stage 4 - Weak/Declining, downtrend | Blocked public stage jump Stage 1 -> Stage 4; waiting for intermediate/confirmed structure.",watchlist,weekly_watchlist,watchlist,0.0,0.0,0.0,10.0,10.0,752
OSWALPUMPS.NS,Oswal Pumps Limited,Electrical Equipment & Parts,Industrials,Industrials,False,Cash,1,Stage 4,Stage 4,Stage 4 - Confirmed Downtrend,0.86,Price is below a bearish moving-average stack with falling trend signals.,,,,,-30.83,-27.49,113912667.32,0.86,0.65,0.45,False,True,"Stage 4, Stage 4 - Confirmed Downtrend, weekly_volume_dryup, downtrend",watchlist,weekly_watchlist,watchlist,0.0,0.0,0.0,10.0,10.0,753
ADANIPOWER.NS,Adani Power Limited,Utilities,Utilities,Utilities,True,F&O,1,Stage 3,Stage 3,Stage 3 - Distribution/Damage,0.76,"Prior strength exists, but short-term and/or weekly structure is deteriorating.",,,2026-08-03,,-2.72,12.44,3556471012.16,1.17,1.15,1.1,False,False,"Stage 3, Stage 3 - Distribution/Damage, distribution_risk",watchlist,weekly_watchlist,watchlist,13.77,5.37,9.99,0.0,9.99,754
HDBFS.NS,HDB Financial Services Limited,Credit Services,Financial Services,Financial Services,False,Cash,1,Stage 4,Stage 4,Stage 4 - Weak/Declining,0.72,Price is below long-term support with weak trend evidence.,,,,,-11.45,-0.24,251228670.92,0.65,1.66,0.87,True,True,"Stage 4, Stage 4 - Weak/Declining, weekly_vcp_ok, volume_dryup, weekly_volume_dryup, downtrend",watchlist,weekly_watchlist,watchlist,0.0,22.1,9.95,0.0,9.95,755
JKCEMENT.NS,JK Cement Limited,Building Materials,Basic Materials,Basic Materials,False,Cash,1,Stage 4,Stage 4,Stage 4 - Confirmed Downtrend,0.86,Price is below a bearish moving-average stack with falling trend signals.,,,,,-3.06,-12.12,279412354.02,1.55,0.2,2.31,False,False,"Stage 4, Stage 4 - Confirmed Downtrend, weekly_vcp_ok, downtrend",watchlist,weekly_watchlist,watchlist,0.0,22.1,9.95,0.0,9.95,756
IREDA.NS,Indian Renewable Energy Development Agency Limited,Credit Services,Financial Services,Financial Services,True,F&O,1,Stage 4,Stage 4,Stage 4 - Confirmed Downtrend,0.86,Price is below a bearish moving-average stack with falling trend signals.,,,,,-8.56,-10.21,511375472.46,1.28,0.66,0.69,False,True,"Stage 4, Stage 4 - Confirmed Downtrend, weekly_vcp_ok, weekly_volume_dryup, downtrend",watchlist,weekly_watchlist,watchlist,0.0,22.1,9.95,0.0,9.95,757
SUNTV.NS,Sun TV Network Limited,Communication Services,Communication Services,Communication Services,False,Cash,1,Stage 1,Stage 1,Stage 1 - Early Turn,0.66,The stock is improving from a repair/base area but has not confirmed a clean Stage 2 yet.,,,,,32.55,7.61,1930044007.39,3.74,0.61,6.66,False,False,"Stage 1, Stage 1 - Early Turn, stage1_not_actionable, stage1_needs_more_base",watchlist,weekly_watchlist,watchlist,0.0,10.82,4.87,5.0,9.87,758
360ONE.NS,360 ONE WAM LIMITED,Asset Management,Financial Services,Financial Services,True,F&O,1,Stage 4,Stage 4,Stage 4 - Weak/Declining,0.72,Price is below long-term support with weak trend evidence.,,,2026-09-08,,-0.64,7.4,993807243.26,1.41,0.84,0.85,False,True,"Stage 4, Stage 4 - Weak/Declining, weekly_volume_dryup, downtrend",watchlist,weekly_watchlist,watchlist,14.06,4.68,9.84,0.0,9.84,759
INTERARCH.NS,Interarch Building Solutions Limited,Engineering & Construction,Industrials,Industrials,False,Cash,1,Stage 4,Stage 4,Stage 4 - Confirmed Downtrend,0.86,Price is below a bearish moving-average stack with falling trend signals.,,,,,-1.1,-9.27,81100456.81,0.98,1.23,0.82,False,True,"Stage 4, Stage 4 - Confirmed Downtrend, weekly_volume_dryup, downtrend",watchlist,weekly_watchlist,watchlist,5.08,14.27,9.22,0.0,9.22,760
SUPRAJIT.NS,Suprajit Engineering Limited,Auto Parts,Consumer Cyclical,Consumer Cyclical,False,Cash,1,Stage 2 Failed,Stage 3,Failed Stage 2,0.72,"This stock was recently Stage 2, but the latest structure no longer satisfies Stage 2 rules. It is kept as Stage 2 Failed until a fresh base/repair structure forms.",Recent Stage 2 break; public stage held as Stage 2 Failed.,2026-10-06,2026-10-05,,0.79,11.52,44098048.7,0.51,0.8,0.65,True,True,"Stage 3, Stage 3 - Transition, volume_dryup, weekly_volume_dryup, distribution_risk | Stage 2 failed state applied from stage memory.",watchlist,weekly_watchlist,watchlist,0.0,9.23,4.15,5.0,9.15,761
NSLNISP.NS,NMDC Steel Limited,Steel,Basic Materials,Basic Materials,False,Cash,1,Stage 2 Failed,Stage 1,Failed Stage 2,0.72,"This stock was recently Stage 2, but the latest structure no longer satisfies Stage 2 rules. It is kept as Stage 2 Failed until a fresh base/repair structure forms.",Recent Stage 2 break; public stage held as Stage 2 Failed.,2026-10-06,2026-09-23,,-0.96,-0.63,173222463.28,0.61,0.47,0.5,True,True,"Stage 1, Stage 1 - Base/Repair, volume_dryup, weekly_volume_dryup, stage1_not_actionable, stage1_needs_more_base | Stage 2 failed state applied from stage memory.",watchlist,weekly_watchlist,watchlist,0.0,9.2,4.14,5.0,9.14,762
INDUSINDBK.NS,IndusInd Bank Limited,Banks - Regional,Financial Services,Financial Services,True,F&O,1,Stage 2 Failed,Not Sure,Failed Stage 2,0.72,"This stock was recently Stage 2, but the latest structure no longer satisfies Stage 2 rules. It is kept as Stage 2 Failed until a fresh base/repair structure forms.",Recent Stage 2 break; public stage held as Stage 2 Failed.,2026-10-06,2026-09-23,,-6.17,11.66,2030194079.49,1.48,1.26,1.14,False,False,"Not Sure, Not Sure | Stage 2 failed state applied from stage memory.",watchlist,weekly_watchlist,watchlist,2.7,12.55,7.13,2.0,9.13,763
NLCINDIA.NS,NLC India Limited,Utilities,Utilities,Utilities,False,Cash,1,Stage 4,Stage 4,Stage 4 - Weak/Declining,0.72,Price is below long-term support with weak trend evidence.,,,2026-07-17,,-14.35,-5.29,383995606.72,0.68,0.92,0.64,True,True,"Stage 4, Stage 4 - Weak/Declining, volume_dryup, weekly_volume_dryup, downtrend",watchlist,weekly_watchlist,watchlist,13.19,4.0,9.05,0.0,9.05,764
MEDPLUS.NS,Medplus Health Services Limited,Healthcare,Healthcare,Healthcare,False,Cash,1,Stage 4,Stage 4,Stage 4 - Confirmed Downtrend,0.86,Price is below a bearish moving-average stack with falling trend signals.,,,2026-06-18,,-15.41,-23.04,57238784.63,0.63,1.14,0.73,True,True,"Stage 4, Stage 4 - Confirmed Downtrend, volume_dryup, weekly_volume_dryup, downtrend",watchlist,weekly_watchlist,watchlist,0.0,8.8,3.96,5.0,8.96,765
SENORES.NS,Senores Pharmaceuticals Limited,Drug Manufacturers - General,Healthcare,Healthcare,False,Cash,1,Stage 2 Failed,Stage 1,Failed Stage 2,0.72,"This stock was recently Stage 2, but the latest structure no longer satisfies Stage 2 rules. It is kept as Stage 2 Failed until a fresh base/repair structure forms.",Recent Stage 2 break; public stage held as Stage 2 Failed.,2026-10-06,2026-10-05,,2.44,69.89,331768288.74,1.07,1.31,1.38,False,False,"Stage 1, Stage 1 - Unclear/Repair, stage1_not_actionable, stage1_needs_more_base | Stage 2 failed state applied from stage memory.",watchlist,weekly_watchlist,watchlist,2.52,5.63,3.92,5.0,8.92,766
BRITANNIA.NS,Britannia Industries Limited,Packaged Foods,Consumer Defensive,Consumer Defensive,True,F&O,1,Stage 4,Stage 4,Stage 4 - Confirmed Downtrend,0.86,Price is below a bearish moving-average stack with falling trend signals.,,,,,-2.61,-10.33,1157939906.57,0.9,0.89,0.87,False,True,"Stage 4, Stage 4 - Confirmed Downtrend, weekly_volume_dryup, downtrend",watchlist,weekly_watchlist,watchlist,7.23,6.2,6.77,2.0,8.77,767
JISLJALEQS.NS,Jain Irrigation Systems Limited,Conglomerates,Industrials,Industrials,False,Cash,1,Stage 4,Stage 4,Stage 4 - Confirmed Downtrend,0.86,Price is below a bearish moving-average stack with falling trend signals.,,,,,-12.17,-15.83,82799340.0,0.47,0.35,0.33,True,True,"Stage 4, Stage 4 - Confirmed Downtrend, volume_dryup, weekly_volume_dryup, downtrend",watchlist,weekly_watchlist,watchlist,12.2,0.0,6.71,2.0,8.71,768
PATANJALI.NS,Patanjali Foods Limited,Packaged Foods,Consumer Defensive,Consumer Defensive,True,F&O,1,Stage 4,Stage 4,Stage 4 - Weak/Declining,0.72,Price is below long-term support with weak trend evidence.,,,,,-7.07,-19.45,2172022783.15,0.8,1.5,0.87,True,True,"Stage 4, Stage 4 - Weak/Declining, volume_dryup, weekly_volume_dryup, downtrend",watchlist,weekly_watchlist,watchlist,12.17,0.0,6.69,2.0,8.69,769
DCMSHRIRAM.NS,DCM Shriram Limited,Conglomerates,Industrials,Industrials,False,Cash,1,Stage 4,Stage 4,Stage 4 - Confirmed Downtrend,0.86,Price is below a bearish moving-average stack with falling trend signals.,,,,,-0.48,-10.24,127169779.55,1.27,3.77,2.8,False,False,"Stage 4, Stage 4 - Confirmed Downtrend, downtrend",watchlist,weekly_watchlist,watchlist,0.0,14.27,6.42,2.0,8.42,770
TATACONSUM.NS,TATA CONSUMER PRODUCTS LIMITED,Packaged Foods,Consumer Defensive,Consumer Defensive,True,F&O,1,Stage 4,Stage 4,Stage 4 - Confirmed Downtrend,0.86,Price is below a bearish moving-average stack with falling trend signals.,,,2026-06-04,,-7.59,-8.89,1171777766.29,1.01,0.79,0.95,False,False,"Stage 4, Stage 4 - Confirmed Downtrend, downtrend",watchlist,weekly_watchlist,watchlist,6.57,6.2,6.4,2.0,8.4,771
POWERMECH.NS,Power Mech Projects Limited,Engineering & Construction,Industrials,Industrials,False,Cash,1,Stage 3,Stage 3,Stage 3 - Distribution/Damage,0.76,"Prior strength exists, but short-term and/or weekly structure is deteriorating.",,,2026-07-29,,-3.42,10.46,131894146.34,1.06,0.41,1.27,False,False,"Stage 3, Stage 3 - Distribution/Damage, distribution_risk",watchlist,weekly_watchlist,watchlist,9.53,6.3,8.08,0.0,8.08,772
AVANTIFEED.NS,Avanti Feeds Limited,Packaged Foods,Consumer Defensive,Consumer Defensive,False,Cash,1,Stage 4,Stage 4,Stage 4 - Weak/Declining,0.72,Price is below long-term support with weak trend evidence.,,,2026-06-03,,-17.27,-48.2,182204397.78,0.73,0.49,0.64,True,True,"Stage 4, Stage 4 - Weak/Declining, volume_dryup, weekly_volume_dryup, downtrend",watchlist,weekly_watchlist,watchlist,10.88,0.0,5.98,2.0,7.98,773
OLAELEC.NS,Ola Electric Mobility Limited,Auto Manufacturers,Consumer Cyclical,Consumer Cyclical,False,Cash,1,Stage 1,Stage 1,Stage 1 - Base/Repair,0.7,Price is near long-term moving averages with no strong long-term downtrend signal.,,,,,-6.38,-5.2,3793402032.12,1.98,0.67,0.6,False,True,"Stage 1, Stage 1 - Base/Repair, weekly_volume_dryup, stage1_not_actionable, stage1_needs_more_base",watchlist,weekly_watchlist,watchlist,8.2,3.2,5.95,2.0,7.95,774
CAMPUS.NS,Campus Activewear Limited,Consumer Cyclical,Consumer Cyclical,Consumer Cyclical,False,Cash,1,Stage 4,Stage 4,Stage 4 - Confirmed Downtrend,0.86,Price is below a bearish moving-average stack with falling trend signals.,,,,,-3.23,-11.08,69132699.17,0.61,1.38,0.66,True,True,"Stage 4, Stage 4 - Confirmed Downtrend, volume_dryup, weekly_volume_dryup, downtrend",watchlist,weekly_watchlist,watchlist,10.64,0.0,5.85,2.0,7.85,775
DABUR.NS,Dabur India Limited,Household & Personal Products,Consumer Defensive,Consumer Defensive,True,F&O,1,Stage 4,Stage 4,Stage 4 - Confirmed Downtrend,0.86,Price is below a bearish moving-average stack with falling trend signals.,,,,,-6.54,-6.42,849701655.21,0.94,1.22,0.72,False,True,"Stage 4, Stage 4 - Confirmed Downtrend, weekly_volume_dryup, downtrend",watchlist,weekly_watchlist,watchlist,9.66,0.8,5.67,2.0,7.67,776
DMART.NS,Avenue Supermarts Limited,Consumer Defensive,Consumer Defensive,Consumer Defensive,True,F&O,1,Stage 4,Stage 4,Stage 4 - Weak/Declining,0.72,Price is below long-term support with weak trend evidence.,,,2026-05-18,,-7.6,-18.64,2098147123.51,1.36,1.53,1.9,False,False,"Stage 4, Stage 4 - Weak/Declining, downtrend",watchlist,weekly_watchlist,watchlist,11.23,3.2,7.62,0.0,7.62,777
IFCI.NS,IFCI Limited,Credit Services,Financial Services,Financial Services,False,Cash,1,Stage 2 Failed,Stage 1,Failed Stage 2,0.72,"This stock was recently Stage 2, but the latest structure no longer satisfies Stage 2 rules. It is kept as Stage 2 Failed until a fresh base/repair structure forms.",Recent Stage 2 break; public stage held as Stage 2 Failed.,2026-10-06,2026-09-23,,-10.8,16.42,5090920788.53,0.55,0.29,0.37,True,True,"Stage 1, Stage 1 - Base/Repair, volume_dryup, weekly_volume_dryup, stage1_not_actionable, stage1_needs_more_base | Stage 2 failed state applied from stage memory.",watchlist,weekly_watchlist,watchlist,10.64,3.76,7.54,0.0,7.54,778
SANOFI.NS,Sanofi India Limited,Drug Manufacturers - General,Healthcare,Healthcare,False,Cash,1,Stage 4,Stage 4,Stage 4 - Confirmed Downtrend,0.86,Price is below a bearish moving-average stack with falling trend signals.,,,,,-5.8,-10.1,54267930.56,1.01,0.9,0.53,False,True,"Stage 4, Stage 4 - Confirmed Downtrend, weekly_volume_dryup, downtrend",watchlist,weekly_watchlist,watchlist,0.0,5.2,2.34,5.0,7.34,779
ABSLAMC.NS,Aditya Birla Sun Life AMC Limited,Asset Management,Financial Services,Financial Services,False,Cash,1,Stage 2 Failed,Stage 3,Failed Stage 2,0.72,"This stock was recently Stage 2, but the latest structure no longer satisfies Stage 2 rules. It is kept as Stage 2 Failed until a fresh base/repair structure forms.",Recent Stage 2 break; public stage held as Stage 2 Failed.,2026-10-06,2026-09-18,,-5.11,3.29,206417602.56,0.8,1.01,1.01,True,False,"Stage 3, Stage 3 - Distribution/Damage, volume_dryup, distribution_risk | Stage 2 failed state applied from stage memory.",watchlist,weekly_watchlist,watchlist,12.98,0.0,7.14,0.0,7.14,780
INDIASHLTR.NS,India Shelter Finance Corporation Limited,Mortgage Finance,Financial Services,Financial Services,False,Cash,1,Stage 4,Stage 4,Stage 4 - Confirmed Downtrend,0.86,Price is below a bearish moving-average stack with falling trend signals.,,,,,-13.34,-14.47,62379486.63,0.86,0.41,1.16,False,False,"Stage 4, Stage 4 - Confirmed Downtrend, downtrend",watchlist,weekly_watchlist,watchlist,9.59,4.0,7.07,0.0,7.07,781
CHAMBLFERT.NS,Chambal Fertilizers & Chemicals Limited,Agricultural Inputs,Basic Materials,Basic Materials,False,Cash,1,Stage 4,Stage 4,Stage 4 - Confirmed Downtrend,0.86,Price is below a bearish moving-average stack with falling trend signals.,,,2026-07-03,,-4.98,-9.33,178883139.11,0.87,0.4,0.86,False,True,"Stage 4, Stage 4 - Confirmed Downtrend, weekly_volume_dryup, downtrend",watchlist,weekly_watchlist,watchlist,9.51,4.0,7.03,0.0,7.03,782
HCLTECH.NS,HCL Technologies Limited,Information Technology Services,Technology,Technology,True,F&O,1,Stage 4,Stage 4,Stage 4 - Weak/Declining,0.72,Price is below long-term support with weak trend evidence.,,,,,9.15,-12.41,3113827330.66,1.14,0.81,1.13,False,False,"Stage 4, Stage 4 - Weak/Declining, downtrend",watchlist,weekly_watchlist,watchlist,9.1,0.0,5.0,2.0,7.0,783
SIS.NS,SIS LIMITED,Industrials,Industrials,Industrials,False,Cash,1,Stage 3,Stage 3,Stage 3 - Distribution/Damage,0.76,"Prior strength exists, but short-term and/or weekly structure is deteriorating.",,,2026-09-04,,-0.19,39.11,144046512.54,1.26,0.29,0.73,False,True,"Stage 3, Stage 3 - Distribution/Damage, weekly_volume_dryup, distribution_risk",watchlist,weekly_watchlist,watchlist,0.0,15.49,6.97,0.0,6.97,784
DEEPAKFERT.NS,Deepak Fertilizers and Petrochemicals Corporation Limited,Chemicals,Basic Materials,Basic Materials,False,Cash,1,Stage 3,Stage 3,Stage 3 - Distribution/Damage,0.76,"Prior strength exists, but short-term and/or weekly structure is deteriorating.",,,2026-08-28,,-5.14,28.96,323051672.1,0.87,3.63,1.12,False,False,"Stage 3, Stage 3 - Distribution/Damage, distribution_risk",watchlist,weekly_watchlist,watchlist,0.58,3.58,1.93,5.0,6.93,785
REFEX.NS,Refex Industries Limited,Energy,Energy,Energy,False,Cash,1,Stage 4,Stage 4,Stage 4 - Weak/Declining,0.72,Price is below long-term support with weak trend evidence.,,,2026-07-10,,-18.21,18.45,173543626.81,0.48,0.62,0.55,True,True,"Stage 4, Stage 4 - Weak/Declining, volume_dryup, weekly_volume_dryup, downtrend",watchlist,weekly_watchlist,watchlist,0.0,4.02,1.81,5.0,6.81,786
PERSISTENT.NS,Persistent Systems Limited,Information Technology Services,Technology,Technology,True,F&O,1,Not Sure,Stage 1,Pending Stage 1,0.55,Blocked public stage jump Stage 3 -> Stage 1; waiting for intermediate/confirmed structure.,Blocked public stage jump Stage 3 -> Stage 1; waiting for intermediate/confirmed structure.,,2026-08-17,Stage 1,14.25,3.86,2161644208.72,0.8,0.6,0.86,True,True,"Stage 1, Stage 1 - Early Turn, volume_dryup, weekly_volume_dryup, stage1_not_actionable, stage1_needs_more_base | Blocked public stage jump Stage 3 -> Stage 1; waiting for intermediate/confirmed structure.",watchlist,weekly_watchlist,watchlist,0.0,10.61,4.77,2.0,6.77,787
SANDHAR.NS,Sandhar Technologies Limited,Auto Parts,Consumer Cyclical,Consumer Cyclical,False,Cash,1,Stage 2 Failed,Stage 1,Failed Stage 2,0.72,"This stock was recently Stage 2, but the latest structure no longer satisfies Stage 2 rules. It is kept as Stage 2 Failed until a fresh base/repair structure forms.",Recent Stage 2 break; public stage held as Stage 2 Failed.,2026-10-06,2026-09-22,,-11.85,16.79,65017842.0,0.5,0.62,0.49,True,True,"Stage 1, Stage 1 - Base/Repair, volume_dryup, weekly_volume_dryup, stage1_not_actionable, stage1_needs_more_base | Stage 2 failed state applied from stage memory.",watchlist,weekly_watchlist,watchlist,0.0,3.69,1.66,5.0,6.66,788
SRF.NS,SRF Limited,Conglomerates,Industrials,Industrials,True,F&O,1,Stage 4,Stage 4,Stage 4 - Confirmed Downtrend,0.86,Price is below a bearish moving-average stack with falling trend signals.,,,,,-5.61,0.89,522040869.69,0.75,0.68,1.0,True,False,"Stage 4, Stage 4 - Confirmed Downtrend, volume_dryup, downtrend",watchlist,weekly_watchlist,watchlist,7.8,0.8,4.65,2.0,6.65,789
RUSTOMJEE.NS,Keystone Realtors Limited,Real Estate,Real Estate,Real Estate,False,Cash,1,Stage 4,Stage 4,Stage 4 - Confirmed Downtrend,0.86,Price is below a bearish moving-average stack with falling trend signals.,,,,,-7.92,-6.32,39398416.63,0.41,0.13,0.22,True,True,"Stage 4, Stage 4 - Confirmed Downtrend, volume_dryup, weekly_volume_dryup, downtrend",watchlist,weekly_watchlist,watchlist,5.1,4.0,4.61,2.0,6.61,790
IGL.NS,Indraprastha Gas Limited,Utilities,Utilities,Utilities,False,Cash,1,Stage 4,Stage 4,Stage 4 - Confirmed Downtrend,0.86,Price is below a bearish moving-average stack with falling trend signals.,,,,,-2.64,-11.12,211029961.22,0.88,0.72,0.83,False,True,"Stage 4, Stage 4 - Confirmed Downtrend, weekly_volume_dryup, downtrend",watchlist,weekly_watchlist,watchlist,10.32,2.0,6.58,0.0,6.58,791
TCS.NS,Tata Consultancy Services Limited,Information Technology Services,Technology,Technology,True,F&O,1,Stage 4,Stage 4,Stage 4 - Confirmed Downtrend,0.86,Price is below a bearish moving-average stack with falling trend signals.,,,,,6.69,-12.61,6570925582.68,0.96,0.82,0.95,False,False,"Stage 4, Stage 4 - Confirmed Downtrend, downtrend",watchlist,weekly_watchlist,watchlist,8.3,0.0,4.57,2.0,6.57,792
NBCC.NS,NBCC (India) Limited,Engineering & Construction,Industrials,Industrials,True,F&O,1,Stage 4,Stage 4,Stage 4 - Confirmed Downtrend,0.86,Price is below a bearish moving-average stack with falling trend signals.,,,2026-07-02,,-17.77,-11.65,397830894.22,1.03,1.1,0.98,False,False,"Stage 4, Stage 4 - Confirmed Downtrend, downtrend",watchlist,weekly_watchlist,watchlist,8.6,4.0,6.53,0.0,6.53,793
STARHEALTH.NS,Star Health and Allied Insurance Company Limited,Insurance - Life,Financial Services,Financial Services,False,Cash,1,Stage 2 Failed,Stage 3,Failed Stage 2,0.72,"This stock was recently Stage 2, but the latest structure no longer satisfies Stage 2 rules. It is kept as Stage 2 Failed until a fresh base/repair structure forms.",Recent Stage 2 break; public stage held as Stage 2 Failed.,2026-10-06,2026-09-15,,-4.11,17.74,625243039.35,2.3,2.66,1.18,False,False,"Stage 3, Stage 3 - Distribution/Damage, distribution_risk | Stage 2 failed state applied from stage memory.",watchlist,weekly_watchlist,watchlist,6.16,6.96,6.52,0.0,6.52,794
TMPV.NS,Tata Motors Passenger Vehicles Limited,Auto Manufacturers,Consumer Cyclical,Consumer Cyclical,True,F&O,1,Stage 4,Stage 4,Stage 4 - Confirmed Downtrend,0.86,Price is below a bearish moving-average stack with falling trend signals.,,,,,-10.8,-15.76,3177839702.72,1.22,0.79,1.02,False,False,"Stage 4, Stage 4 - Confirmed Downtrend, downtrend",watchlist,weekly_watchlist,watchlist,8.2,0.0,4.51,2.0,6.51,795
BAYERCROP.NS,Bayer Cropscience Limited,Agricultural Inputs,Basic Materials,Basic Materials,False,Cash,1,Stage 4,Stage 4,Stage 4 - Confirmed Downtrend,0.86,Price is below a bearish moving-average stack with falling trend signals.,,,,,-8.41,-24.6,127996363.96,1.71,0.63,1.78,False,False,"Stage 4, Stage 4 - Confirmed Downtrend, downtrend",watchlist,weekly_watchlist,watchlist,9.1,3.2,6.45,0.0,6.45,796
BANKBARODA.NS,Bank of Baroda,Banks - Regional,Financial Services,Financial Services,True,F&O,1,Stage 4,Stage 4,Stage 4 - Confirmed Downtrend,0.86,Price is below a bearish moving-average stack with falling trend signals.,,,2026-06-26,,-2.63,-12.03,1470454599.15,0.86,0.78,0.98,False,False,"Stage 4, Stage 4 - Confirmed Downtrend, downtrend",watchlist,weekly_watchlist,watchlist,4.74,4.0,4.41,2.0,6.41,797
VBL.NS,Varun Beverages Limited,Consumer Defensive,Consumer Defensive,Consumer Defensive,True,F&O,1,Stage 4,Stage 4,Stage 4 - Weak/Declining,0.72,Price is below long-term support with weak trend evidence.,,,2026-07-10,,-3.38,3.07,2337074178.46,0.94,0.63,0.79,False,True,"Stage 4, Stage 4 - Weak/Declining, weekly_volume_dryup, downtrend",watchlist,weekly_watchlist,watchlist,8.31,4.0,6.37,0.0,6.37,798
GLOBUSSPR.NS,Globus Spirits Limited,Consumer Defensive,Consumer Defensive,Consumer Defensive,False,Cash,1,Stage 4,Stage 4,Stage 4 - Confirmed Downtrend,0.86,Price is below a bearish moving-average stack with falling trend signals.,,,,,-6.53,-11.54,62269559.87,0.75,0.93,0.87,True,True,"Stage 4, Stage 4 - Confirmed Downtrend, volume_dryup, weekly_volume_dryup, downtrend",watchlist,weekly_watchlist,watchlist,11.56,0.0,6.36,0.0,6.36,799
KSCL.NS,Kaveri Seed Company Limited,Agricultural Inputs,Basic Materials,Basic Materials,False,Cash,1,Stage 4,Stage 4,Stage 4 - Confirmed Downtrend,0.86,Price is below a bearish moving-average stack with falling trend signals.,,,,,-12.9,-21.77,1235066227.04,4.32,0.16,0.19,False,True,"Stage 4, Stage 4 - Confirmed Downtrend, weekly_volume_dryup, downtrend",watchlist,weekly_watchlist,watchlist,8.2,4.0,6.31,0.0,6.31,800
GICRE.NS,General Insurance Corporation of India,Financial Services,Financial Services,Financial Services,False,Cash,1,Stage 4,Stage 4,Stage 4 - Confirmed Downtrend,0.86,Price is below a bearish moving-average stack with falling trend signals.,,,2026-06-15,,-5.95,-15.37,174390513.74,0.65,0.79,0.81,True,True,"Stage 4, Stage 4 - Confirmed Downtrend, volume_dryup, weekly_volume_dryup, downtrend",watchlist,weekly_watchlist,watchlist,10.8,0.8,6.3,0.0,6.3,801
STYRENIX.NS,Styrenix Performance Materials Limited,Chemicals,Basic Materials,Basic Materials,False,Cash,1,Stage 4,Stage 4,Stage 4 - Weak/Declining,0.72,Price is below long-term support with weak trend evidence.,,,2026-08-19,,-4.71,3.99,64509207.61,0.58,0.51,0.8,True,True,"Stage 4, Stage 4 - Weak/Declining, volume_dryup, weekly_volume_dryup, downtrend",watchlist,weekly_watchlist,watchlist,0.0,2.8,1.26,5.0,6.26,802
SJS.NS,S.J.S. Enterprises Limited,Auto Parts,Consumer Cyclical,Consumer Cyclical,False,Cash,1,Stage 2 Failed,Stage 1,Failed Stage 2,0.72,"This stock was recently Stage 2, but the latest structure no longer satisfies Stage 2 rules. It is kept as Stage 2 Failed until a fresh base/repair structure forms.",Recent Stage 2 break; public stage held as Stage 2 Failed.,2026-10-06,2026-10-05,,-4.62,11.5,397764503.99,0.93,1.8,1.27,False,False,"Stage 1, Stage 1 - Base/Repair, stage1_not_actionable, stage1_needs_more_base | Stage 2 failed state applied from stage memory.",watchlist,weekly_watchlist,watchlist,0.0,2.69,1.21,5.0,6.21,803
MARUTI.NS,Maruti Suzuki India Limited,Auto Manufacturers,Consumer Cyclical,Consumer Cyclical,True,F&O,1,Stage 4,Stage 4,Stage 4 - Confirmed Downtrend,0.86,Price is below a bearish moving-average stack with falling trend signals.,,,,,-9.84,-13.51,4753626127.6,1.11,0.66,1.52,False,False,"Stage 4, Stage 4 - Confirmed Downtrend, downtrend",watchlist,weekly_watchlist,watchlist,7.57,0.0,4.16,2.0,6.16,804
BAJAJCON.NS,Bajaj Consumer Care Limited,Household & Personal Products,Consumer Defensive,Consumer Defensive,False,Cash,1,Stage 3,Stage 3,Stage 3 - Distribution/Damage,0.76,"Prior strength exists, but short-term and/or weekly structure is deteriorating.",,,2026-08-07,,-21.74,18.18,274715416.14,0.61,0.37,0.41,True,True,"Stage 3, Stage 3 - Distribution/Damage, volume_dryup, weekly_volume_dryup, distribution_risk",watchlist,weekly_watchlist,watchlist,0.0,9.2,4.14,2.0,6.14,805
AVL.NS,Aditya Vision Limited,Consumer Cyclical,Consumer Cyclical,Consumer Cyclical,False,Cash,1,Stage 2 Failed,Stage 1,Failed Stage 2,0.72,"This stock was recently Stage 2, but the latest structure no longer satisfies Stage 2 rules. It is kept as Stage 2 Failed until a fresh base/repair structure forms.",Recent Stage 2 break; public stage held as Stage 2 Failed.,2026-10-06,2026-09-25,,-1.04,24.81,123864825.45,0.69,0.42,1.02,True,False,"Stage 1, Stage 1 - Base/Repair, volume_dryup, stage1_not_actionable, stage1_needs_more_base | Stage 2 failed state applied from stage memory.",watchlist,weekly_watchlist,watchlist,0.0,9.18,4.13,2.0,6.13,806
HDFCBANK.NS,HDFC Bank Limited,Banks - Regional,Financial Services,Financial Services,True,F&O,1,Stage 4,Stage 4,Stage 4 - Confirmed Downtrend,0.86,Price is below a bearish moving-average stack with falling trend signals.,,,,,-9.13,-8.16,22028526661.77,1.07,0.86,1.21,False,False,"Stage 4, Stage 4 - Confirmed Downtrend, downtrend",watchlist,weekly_watchlist,watchlist,0.0,8.8,3.96,2.0,5.96,807
COFORGE.NS,Coforge Limited,Information Technology Services,Technology,Technology,True,F&O,1,Stage 2 Failed,Stage 1,Failed Stage 2,0.72,"This stock was recently Stage 2, but the latest structure no longer satisfies Stage 2 rules. It is kept as Stage 2 Failed until a fresh base/repair structure forms.",Recent Stage 2 break; public stage held as Stage 2 Failed.,2026-10-06,2026-10-05,,27.92,51.41,4522047358.37,0.77,0.83,0.9,True,True,"Stage 1, Stage 1 - Early Turn, volume_dryup, weekly_volume_dryup, stage1_not_actionable, stage1_needs_more_base | Stage 2 failed state applied from stage memory.",watchlist,weekly_watchlist,watchlist,1.84,6.33,3.86,2.0,5.86,808
UBL.NS,United Breweries Limited,Consumer Defensive,Consumer Defensive,Consumer Defensive,False,Cash,1,Stage 4,Stage 4,Stage 4 - Confirmed Downtrend,0.86,Price is below a bearish moving-average stack with falling trend signals.,,,,,-6.02,-17.56,173108988.01,1.01,0.67,1.17,False,False,"Stage 4, Stage 4 - Confirmed Downtrend, downtrend",watchlist,weekly_watchlist,watchlist,7.32,4.0,5.83,0.0,5.83,809
OLECTRA.NS,Olectra Greentech Limited,Farm & Heavy Construction Machinery,Industrials,Industrials,False,Cash,1,Stage 4,Stage 4,Stage 4 - Weak/Declining,0.72,Price is below long-term support with weak trend evidence.,,,2026-08-13,,-17.86,-8.21,441537941.34,1.3,0.56,0.9,False,True,"Stage 4, Stage 4 - Weak/Declining, weekly_volume_dryup, downtrend",watchlist,weekly_watchlist,watchlist,6.95,0.0,3.82,2.0,5.82,810
HINDALCO.NS,Hindalco Industries Limited,Basic Materials,Basic Materials,Basic Materials,True,F&O,1,Stage 2 Failed,Stage 1,Failed Stage 2,0.72,"This stock was recently Stage 2, but the latest structure no longer satisfies Stage 2 rules. It is kept as Stage 2 Failed until a fresh base/repair structure forms.",Recent Stage 2 break; public stage held as Stage 2 Failed.,2026-10-06,2026-09-23,,1.85,-2.52,3483455311.0,0.96,0.89,0.9,False,False,"Stage 1, Stage 1 - Base/Repair, stage1_not_actionable, stage1_needs_more_base | Stage 2 failed state applied from stage memory.",watchlist,weekly_watchlist,watchlist,8.82,2.0,5.75,0.0,5.75,811
TRIVENI.NS,Triveni Engineering & Industries Limited,Consumer Defensive,Consumer Defensive,Consumer Defensive,False,Cash,1,Stage 4,Stage 4,Stage 4 - Confirmed Downtrend,0.86,Price is below a bearish moving-average stack with falling trend signals.,,,2026-07-21,,-41.25,-35.66,166594955.88,0.61,1.08,0.67,True,True,"Stage 4, Stage 4 - Confirmed Downtrend, volume_dryup, weekly_volume_dryup, downtrend",watchlist,weekly_watchlist,watchlist,10.14,0.0,5.58,0.0,5.58,812
GOKULAGRO.NS,Gokul Agro Resources Limited,Packaged Foods,Consumer Defensive,Consumer Defensive,False,Cash,1,Stage 2 Failed,Stage 1,Failed Stage 2,0.72,"This stock was recently Stage 2, but the latest structure no longer satisfies Stage 2 rules. It is kept as Stage 2 Failed until a fresh base/repair structure forms.",Recent Stage 2 break; public stage held as Stage 2 Failed.,2026-10-06,2026-09-28,,3.76,6.66,69679589.27,0.59,0.61,0.4,True,True,"Stage 1, Stage 1 - Base/Repair, volume_dryup, weekly_volume_dryup, stage1_not_actionable, stage1_needs_more_base | Stage 2 failed state applied from stage memory.",watchlist,weekly_watchlist,watchlist,0.0,7.84,3.53,2.0,5.53,813
GODIGIT.NS,Go Digit General Insurance Limited,Financial Services,Financial Services,Financial Services,False,Cash,1,Stage 4,Stage 4,Stage 4 - Weak/Declining,0.72,Price is below long-term support with weak trend evidence.,,,,,-9.7,-18.3,270317241.25,2.01,0.16,1.28,False,False,"Stage 4, Stage 4 - Weak/Declining, downtrend",watchlist,weekly_watchlist,watchlist,7.7,2.8,5.5,0.0,5.5,814
PGHH.NS,Procter & Gamble Hygiene and Health Care Limited,Household & Personal Products,Consumer Defensive,Consumer Defensive,False,Cash,1,Stage 4,Stage 4,Stage 4 - Confirmed Downtrend,0.86,Price is below a bearish moving-average stack with falling trend signals.,,,,,-17.58,-28.5,151765896.55,1.35,0.58,1.25,False,False,"Stage 4, Stage 4 - Confirmed Downtrend, downtrend",watchlist,weekly_watchlist,watchlist,3.07,4.0,3.49,2.0,5.49,815
MASFIN.NS,MAS Financial Services Limited,Credit Services,Financial Services,Financial Services,False,Cash,1,Stage 4,Stage 4,Stage 4 - Confirmed Downtrend,0.86,Price is below a bearish moving-average stack with falling trend signals.,,,2026-07-13,,-12.38,-11.87,54047922.46,0.71,0.36,0.53,True,True,"Stage 4, Stage 4 - Confirmed Downtrend, volume_dryup, weekly_volume_dryup, downtrend",watchlist,weekly_watchlist,watchlist,9.38,0.0,5.16,0.0,5.16,816
BPCL.NS,Bharat Petroleum Corporation Limited,Oil & Gas Refining & Marketing,Energy,Energy,True,F&O,1,Stage 4,Stage 4,Stage 4 - Weak/Declining,0.72,Price is below long-term support with weak trend evidence.,,,,,1.64,3.41,1317471214.93,0.85,1.4,1.09,True,False,"Stage 4, Stage 4 - Weak/Declining, volume_dryup, downtrend",watchlist,weekly_watchlist,watchlist,0.0,0.0,0.0,5.0,5.0,817
BHARATFORG.NS,Bharat Forge Limited,Auto Parts,Consumer Cyclical,Consumer Cyclical,True,F&O,1,Stage 3,Stage 3,Stage 3 - Distribution/Damage,0.76,"Prior strength exists, but short-term and/or weekly structure is deteriorating.",,,2026-09-03,,-7.13,5.67,1601770501.8,0.91,1.2,1.06,False,False,"Stage 3, Stage 3 - Distribution/Damage, distribution_risk",watchlist,weekly_watchlist,watchlist,0.0,0.0,0.0,5.0,5.0,818
ZFCVINDIA.NS,ZF Commercial Vehicle Control Systems India Limited,Auto Parts,Consumer Cyclical,Consumer Cyclical,False,Cash,1,Stage 2 Failed,Stage 4,Failed Stage 2,0.72,"This stock was recently Stage 2, but the latest structure no longer satisfies Stage 2 rules. It is kept as Stage 2 Failed until a fresh base/repair structure forms.",Recent Stage 2 break; public stage held as Stage 2 Failed.,2026-10-06,2026-09-16,,-1.64,-5.72,244084843.51,0.95,0.64,0.93,False,False,"Stage 4, Stage 4 - Weak/Declining, downtrend | Stage 2 failed state applied from stage memory.",watchlist,weekly_watchlist,watchlist,0.0,0.0,0.0,5.0,5.0,819
TATAELXSI.NS,Tata Elxsi Limited,Software - Application,Technology,Technology,True,F&O,1,Stage 4,Stage 4,Stage 4 - Confirmed Downtrend,0.86,Price is below a bearish moving-average stack with falling trend signals.,,,,,-11.55,-27.79,782740646.03,1.06,0.93,0.95,False,False,"Stage 4, Stage 4 - Confirmed Downtrend, downtrend",watchlist,weekly_watchlist,watchlist,0.0,0.0,0.0,5.0,5.0,820
CIEINDIA.NS,CIE Automotive India Limited,Auto Parts,Consumer Cyclical,Consumer Cyclical,False,Cash,1,Stage 4,Stage 4,Stage 4 - Weak/Declining,0.72,Price is below long-term support with weak trend evidence.,,,2026-07-22,,-13.74,-20.02,87773457.05,0.68,0.4,0.44,True,True,"Stage 4, Stage 4 - Weak/Declining, volume_dryup, weekly_volume_dryup, downtrend",watchlist,weekly_watchlist,watchlist,0.0,0.0,0.0,5.0,5.0,821
KFINTECH.NS,Kfin Technologies Limited,Software - Application,Technology,Technology,True,F&O,1,Stage 4,Stage 4,Stage 4 - Weak/Declining,0.72,Price is below long-term support with weak trend evidence.,,,,,1.79,-1.95,470188613.27,0.8,0.84,0.57,True,True,"Stage 4, Stage 4 - Weak/Declining, volume_dryup, weekly_volume_dryup, downtrend",watchlist,weekly_watchlist,watchlist,0.0,0.0,0.0,5.0,5.0,822
INDIAGLYCO.NS,India Glycols Limited,Chemicals,Basic Materials,Basic Materials,False,Cash,1,Stage 4,Stage 4,Stage 4 - Confirmed Downtrend,0.86,Price is below a bearish moving-average stack with falling trend signals.,,,2026-09-01,,-64.78,-64.73,219298161.38,2.33,1.02,0.87,False,True,"Stage 4, Stage 4 - Confirmed Downtrend, weekly_volume_dryup, downtrend",watchlist,weekly_watchlist,watchlist,0.0,0.0,0.0,5.0,5.0,823
SENCO.NS,Senco Gold Limited,Luxury Goods,Consumer Cyclical,Consumer Cyclical,False,Cash,1,Stage 2 Failed,Stage 4,Failed Stage 2,0.72,"This stock was recently Stage 2, but the latest structure no longer satisfies Stage 2 rules. It is kept as Stage 2 Failed until a fresh base/repair structure forms.",Recent Stage 2 break; public stage held as Stage 2 Failed.,2026-10-06,2026-09-23,,-7.1,-0.27,218702012.23,0.78,0.78,0.31,True,True,"Stage 4, Stage 4, volume_dryup, weekly_volume_dryup, downtrend | Stage 2 failed state applied from stage memory.",watchlist,weekly_watchlist,watchlist,0.0,0.0,0.0,5.0,5.0,824
SUBROS.NS,Subros Limited,Auto Parts,Consumer Cyclical,Consumer Cyclical,False,Cash,1,Stage 4,Stage 4,Stage 4 - Confirmed Downtrend,0.86,Price is below a bearish moving-average stack with falling trend signals.,,,,,-11.07,-7.75,25355783.43,0.72,0.92,0.73,True,True,"Stage 4, Stage 4 - Confirmed Downtrend, volume_dryup, weekly_volume_dryup, downtrend",watchlist,weekly_watchlist,watchlist,0.0,0.0,0.0,5.0,5.0,825
VAIBHAVGBL.NS,Vaibhav Global Limited,Luxury Goods,Consumer Cyclical,Consumer Cyclical,False,Cash,1,Stage 4,Stage 4,Stage 4 - Weak/Declining,0.72,Price is below long-term support with weak trend evidence.,,,2026-08-13,,-15.72,-1.83,39843134.39,0.57,0.54,0.46,True,True,"Stage 4, Stage 4 - Weak/Declining, volume_dryup, weekly_volume_dryup, downtrend",watchlist,weekly_watchlist,watchlist,0.0,0.0,0.0,5.0,5.0,826
NAVNETEDUL.NS,Navneet Education Limited,Communication Services,Communication Services,Communication Services,False,Cash,1,Stage 4,Stage 4,Stage 4 - Confirmed Downtrend,0.86,Price is below a bearish moving-average stack with falling trend signals.,,,2026-07-21,,-11.07,-3.84,12213952.2,0.69,0.53,0.7,True,True,"Stage 4, Stage 4 - Confirmed Downtrend, volume_dryup, weekly_volume_dryup, downtrend",watchlist,weekly_watchlist,watchlist,0.0,0.0,0.0,5.0,5.0,827
PRAKASH.NS,Prakash Industries Limited,Steel,Basic Materials,Basic Materials,False,Cash,1,Stage 4,Stage 4,Stage 4 - Weak/Declining,0.72,Price is below long-term support with weak trend evidence.,,,,,-0.59,-8.58,63807366.56,1.21,0.43,1.18,False,False,"Stage 4, Stage 4 - Weak/Declining, downtrend",watchlist,weekly_watchlist,watchlist,0.0,0.0,0.0,5.0,5.0,828
WIPRO.NS,Wipro Limited,Information Technology Services,Technology,Technology,True,F&O,1,Stage 4,Stage 4,Stage 4 - Confirmed Downtrend,0.86,Price is below a bearish moving-average stack with falling trend signals.,,,,,-2.08,-18.52,3169921146.19,1.97,1.02,1.15,False,False,"Stage 4, Stage 4 - Confirmed Downtrend, downtrend",watchlist,weekly_watchlist,watchlist,5.29,0.0,2.91,2.0,4.91,829
NH.NS,Narayana Hrudayalaya Ltd.,Medical Care Facilities,Healthcare,Healthcare,False,Cash,1,Stage 2 Failed,Stage 4,Failed Stage 2,0.72,"This stock was recently Stage 2, but the latest structure no longer satisfies Stage 2 rules. It is kept as Stage 2 Failed until a fresh base/repair structure forms.",Recent Stage 2 break; public stage held as Stage 2 Failed.,2026-10-06,2026-09-23,,-8.69,-0.72,374556870.56,0.81,0.77,1.27,True,False,"Stage 4, Stage 4 - Weak/Declining, volume_dryup, downtrend | Stage 2 failed state applied from stage memory.",watchlist,weekly_watchlist,watchlist,8.73,0.0,4.8,0.0,4.8,830
HAPPSTMNDS.NS,Happiest Minds Technologies Limited,Information Technology Services,Technology,Technology,False,Cash,1,Stage 4,Stage 4,Stage 4 - Confirmed Downtrend,0.86,Price is below a bearish moving-average stack with falling trend signals.,,,,,-16.08,-17.22,185004319.41,0.23,0.16,0.19,True,True,"Stage 4, Stage 4 - Confirmed Downtrend, volume_dryup, weekly_volume_dryup, downtrend",watchlist,weekly_watchlist,watchlist,5.02,0.0,2.76,2.0,4.76,831
OFSS.NS,Oracle Financial Services Software Limited,Software - Infrastructure,Technology,Technology,True,F&O,1,Stage 2 Failed,Stage 1,Failed Stage 2,0.72,"This stock was recently Stage 2, but the latest structure no longer satisfies Stage 2 rules. It is kept as Stage 2 Failed until a fresh base/repair structure forms.",Recent Stage 2 break; public stage held as Stage 2 Failed.,2026-10-06,2026-10-05,,-5.4,51.33,2302554912.5,0.95,0.74,0.7,False,True,"Stage 1, Stage 1 - Base/Repair, weekly_volume_dryup, stage1_not_actionable, stage1_needs_more_base | Stage 2 failed state applied from stage memory.",watchlist,weekly_watchlist,watchlist,0.0,10.19,4.59,0.0,4.59,832
J&KBANK.NS,The Jammu & Kashmir Bank Limited,Banks - Regional,Financial Services,Financial Services,False,Cash,1,Stage 3,Stage 3,Stage 3 - Distribution/Damage,0.76,"Prior strength exists, but short-term and/or weekly structure is deteriorating.",,,2026-08-28,,-12.54,14.05,275396725.99,0.57,0.76,0.8,True,True,"Stage 3, Stage 3 - Distribution/Damage, volume_dryup, weekly_volume_dryup, distribution_risk",watchlist,weekly_watchlist,watchlist,0.0,5.75,2.59,2.0,4.59,833
CCL.NS,CCL Products (India) Limited,Packaged Foods,Consumer Defensive,Consumer Defensive,False,Cash,1,Stage 1,Stage 1,Stage 1 - Base/Repair,0.7,Price is near long-term moving averages with no strong long-term downtrend signal.,,,2026-09-03,,-8.23,-2.58,148055604.77,1.11,1.07,1.1,False,False,"Stage 1, Stage 1 - Base/Repair, stage1_not_actionable, stage1_needs_more_base",watchlist,weekly_watchlist,watchlist,0.0,5.6,2.52,2.0,4.52,834
LICI.NS,Life Insurance Corporation Of India,Insurance - Life,Financial Services,Financial Services,True,F&O,1,Stage 4,Stage 4,Stage 4 - Weak/Declining,0.72,Price is below long-term support with weak trend evidence.,,,2026-08-03,,-7.34,0.17,2691622321.83,0.56,0.47,0.37,True,True,"Stage 4, Stage 4 - Weak/Declining, volume_dryup, weekly_volume_dryup, downtrend",watchlist,weekly_watchlist,watchlist,7.28,0.0,4.0,0.0,4.0,835
RTNINDIA.NS,RattanIndia Enterprises Limited,Consumer Cyclical,Consumer Cyclical,Consumer Cyclical,False,Cash,1,Stage 4,Stage 4,Stage 4 - Confirmed Downtrend,0.86,Price is below a bearish moving-average stack with falling trend signals.,,,,,-15.68,-19.55,41715881.35,1.09,0.58,1.53,False,False,"Stage 4, Stage 4 - Confirmed Downtrend, downtrend",watchlist,weekly_watchlist,watchlist,0.2,4.0,1.91,2.0,3.91,836
TSFINV.NS,TSF INVESTMENTS LIMITED,Asset Management,Financial Services,Financial Services,False,Cash,1,Not Sure,Not Sure,Not Sure,0.0,Stage rules did not identify a reliable structure.,No confident stage classification.,,,,-7.18,9.67,47811000.44,1.57,0.73,2.19,False,False,"Not Sure, Not Sure",watchlist,weekly_watchlist,watchlist,0.0,8.65,3.89,0.0,3.89,837
GILLETTE.NS,Gillette India Limited,Household & Personal Products,Consumer Defensive,Consumer Defensive,False,Cash,1,Stage 4,Stage 4,Stage 4 - Confirmed Downtrend,0.86,Price is below a bearish moving-average stack with falling trend signals.,,,,,-4.03,-6.82,161167418.7,1.12,0.85,1.3,False,False,"Stage 4, Stage 4 - Confirmed Downtrend, downtrend",watchlist,weekly_watchlist,watchlist,0.0,4.0,1.8,2.0,3.8,838
JYOTHYLAB.NS,Jyothy Labs Limited,Household & Personal Products,Consumer Defensive,Consumer Defensive,False,Cash,1,Stage 4,Stage 4,Stage 4 - Confirmed Downtrend,0.86,Price is below a bearish moving-average stack with falling trend signals.,,,,,-3.96,-13.94,61977204.02,0.31,0.16,0.26,True,True,"Stage 4, Stage 4 - Confirmed Downtrend, volume_dryup, weekly_volume_dryup, downtrend",watchlist,weekly_watchlist,watchlist,0.0,4.0,1.8,2.0,3.8,839
AGIIL.NS,Agi Infra Limited,Real Estate,Real Estate,Real Estate,False,Cash,1,Stage 4,Stage 4,Stage 4 - Weak/Declining,0.72,Price is below long-term support with weak trend evidence.,,,2026-07-10,,-17.81,-27.55,451328737.01,1.26,0.11,0.23,False,True,"Stage 4, Stage 4 - Weak/Declining, weekly_volume_dryup, downtrend",watchlist,weekly_watchlist,watchlist,0.0,4.0,1.8,2.0,3.8,840
ATGL.NS,Adani Total Gas Limited,Utilities,Utilities,Utilities,False,Cash,1,Stage 4,Stage 4,Stage 4 - Weak/Declining,0.72,Price is below long-term support with weak trend evidence.,,,2026-08-10,,-11.38,2.15,1746024923.32,0.43,0.18,0.36,True,True,"Stage 4, Stage 4 - Weak/Declining, volume_dryup, weekly_volume_dryup, downtrend",watchlist,weekly_watchlist,watchlist,5.9,0.0,3.25,0.0,3.25,841
CARYSIL.NS,CARYSIL LIMITED,"Furnishings, Fixtures & Appliances",Consumer Cyclical,Consumer Cyclical,False,Cash,1,Stage 1,Stage 1,Stage 1 - Base/Repair,0.7,Price is near long-term moving averages with no strong long-term downtrend signal.,,,2026-09-14,,-8.08,23.65,109902417.32,1.09,0.52,1.43,False,False,"Stage 1, Stage 1 - Base/Repair, stage1_not_actionable, stage1_needs_more_base",watchlist,weekly_watchlist,watchlist,4.96,1.16,3.25,0.0,3.25,842
ANGELONE.NS,Angel One Limited,Capital Markets,Financial Services,Financial Services,True,F&O,1,Stage 2 Failed,Stage 3,Failed Stage 2,0.72,"This stock was recently Stage 2, but the latest structure no longer satisfies Stage 2 rules. It is kept as Stage 2 Failed until a fresh base/repair structure forms.",Recent Stage 2 break; public stage held as Stage 2 Failed.,2026-10-06,2026-09-23,,-9.86,6.35,1086208808.64,0.76,1.54,0.84,True,True,"Stage 3, Stage 3 - Transition, volume_dryup, weekly_volume_dryup, distribution_risk | Stage 2 failed state applied from stage memory.",watchlist,weekly_watchlist,watchlist,0.0,7.2,3.24,0.0,3.24,843
BAJAJ-AUTO.NS,Bajaj Auto Limited,Auto Manufacturers,Consumer Cyclical,Consumer Cyclical,True,F&O,1,Stage 2 Failed,Stage 1,Failed Stage 2,0.72,"This stock was recently Stage 2, but the latest structure no longer satisfies Stage 2 rules. It is kept as Stage 2 Failed until a fresh base/repair structure forms.",Recent Stage 2 break; public stage held as Stage 2 Failed.,2026-10-06,2026-09-30,,3.27,4.35,2893232651.45,1.4,0.6,2.24,False,False,"Stage 1, Stage 1 - Base/Repair, stage1_not_actionable, stage1_needs_more_base | Stage 2 failed state applied from stage memory.",watchlist,weekly_watchlist,watchlist,0.0,2.76,1.24,2.0,3.24,844
TATATECH.NS,Tata Technologies Limited,Information Technology Services,Technology,Technology,False,Cash,1,Stage 2 Failed,Stage 1,Failed Stage 2,0.72,"This stock was recently Stage 2, but the latest structure no longer satisfies Stage 2 rules. It is kept as Stage 2 Failed until a fresh base/repair structure forms.",Recent Stage 2 break; public stage held as Stage 2 Failed.,2026-10-06,2026-10-05,,2.48,28.24,552815130.17,0.43,0.33,0.33,True,True,"Stage 1, Stage 1 - Base/Repair, volume_dryup, weekly_volume_dryup, stage1_not_actionable, stage1_needs_more_base | Stage 2 failed state applied from stage memory.",watchlist,weekly_watchlist,watchlist,0.0,2.67,1.2,2.0,3.2,845
INOXGREEN.NS,Inox Green Energy Services Limited,Utilities - Renewable,Utilities,Utilities,False,Cash,1,Stage 4,Stage 4,Stage 4 - Confirmed Downtrend,0.86,Price is below a bearish moving-average stack with falling trend signals.,,,2026-07-07,,-18.88,-7.57,235883342.93,1.27,1.95,1.29,False,False,"Stage 4, Stage 4 - Confirmed Downtrend, downtrend",watchlist,weekly_watchlist,watchlist,5.7,0.0,3.14,0.0,3.14,846
IDBI.NS,IDBI Bank Limited,Banks - Regional,Financial Services,Financial Services,False,Cash,1,Stage 4,Stage 4,Stage 4 - Weak/Declining,0.72,Price is below long-term support with weak trend evidence.,,,,,9.6,18.7,1103191120.98,0.86,0.5,0.82,False,True,"Stage 4, Stage 4 - Weak/Declining, weekly_volume_dryup, downtrend",watchlist,weekly_watchlist,watchlist,0.0,2.43,1.09,2.0,3.09,847
GAEL.NS,Gujarat Ambuja Exports Limited,Packaged Foods,Consumer Defensive,Consumer Defensive,False,Cash,1,Stage 2 Failed,Stage 1,Failed Stage 2,0.72,"This stock was recently Stage 2, but the latest structure no longer satisfies Stage 2 rules. It is kept as Stage 2 Failed until a fresh base/repair structure forms.",Recent Stage 2 break; public stage held as Stage 2 Failed.,2026-10-06,2026-09-30,,7.59,8.26,90244182.21,0.42,0.74,0.36,True,True,"Stage 1, Stage 1 - Base/Repair, volume_dryup, weekly_volume_dryup, stage1_not_actionable, stage1_needs_more_base | Stage 2 failed state applied from stage memory.",watchlist,weekly_watchlist,watchlist,0.0,2.39,1.08,2.0,3.08,848
PRESTIGE.NS,Prestige Estates Projects Limited,Real Estate,Real Estate,Real Estate,True,F&O,1,Stage 4,Stage 4,Stage 4 - Weak/Declining,0.72,Price is below long-term support with weak trend evidence.,,,2026-08-31,,-10.58,13.49,771480780.55,1.13,1.2,1.5,False,False,"Stage 4, Stage 4 - Weak/Declining, downtrend",watchlist,weekly_watchlist,watchlist,0.0,2.29,1.03,2.0,3.03,849
EIHOTEL.NS,EIH Limited,Lodging,Consumer Cyclical,Consumer Cyclical,False,Cash,1,Stage 4,Stage 4,Stage 4 - Confirmed Downtrend,0.86,Price is below a bearish moving-average stack with falling trend signals.,,,,,-3.77,-1.22,109529133.4,1.35,0.27,0.97,False,False,"Stage 4, Stage 4 - Confirmed Downtrend, downtrend",watchlist,weekly_watchlist,watchlist,0.0,2.0,0.9,2.0,2.9,850
ZENSARTECH.NS,Zensar Technologies Limited,Information Technology Services,Technology,Technology,False,Cash,1,Stage 4,Stage 4,Stage 4 - Confirmed Downtrend,0.86,Price is below a bearish moving-average stack with falling trend signals.,,,,,-5.6,-16.16,1616721200.39,0.64,0.22,0.63,True,True,"Stage 4, Stage 4 - Confirmed Downtrend, volume_dryup, weekly_volume_dryup, downtrend",watchlist,weekly_watchlist,watchlist,0.0,2.0,0.9,2.0,2.9,851
HEMIPROP.NS,Hemisphere Properties India Limited,Real Estate,Real Estate,Real Estate,False,Cash,1,Stage 4,Stage 4,Stage 4 - Confirmed Downtrend,0.86,Price is below a bearish moving-average stack with falling trend signals.,,,2026-07-03,,-12.43,-9.3,34767307.85,1.07,0.68,1.38,False,False,"Stage 4, Stage 4 - Confirmed Downtrend, downtrend",watchlist,weekly_watchlist,watchlist,0.0,2.0,0.9,2.0,2.9,852
NTPC.NS,NTPC Limited,Utilities,Utilities,Utilities,True,F&O,1,Stage 4,Stage 4,Stage 4 - Weak/Declining,0.72,Price is below long-term support with weak trend evidence.,,,2026-06-08,,-0.83,-13.69,2419517909.23,0.99,0.93,1.12,False,False,"Stage 4, Stage 4 - Weak/Declining, downtrend",watchlist,weekly_watchlist,watchlist,1.95,4.0,2.87,0.0,2.87,853
IEX.NS,Indian Energy Exchange Limited,Capital Markets,Financial Services,Financial Services,True,F&O,1,Stage 4,Stage 4,Stage 4 - Confirmed Downtrend,0.86,Price is below a bearish moving-average stack with falling trend signals.,,,,,-7.72,-16.68,333508675.82,0.83,0.79,0.65,True,True,"Stage 4, Stage 4 - Confirmed Downtrend, volume_dryup, weekly_volume_dryup, downtrend",watchlist,weekly_watchlist,watchlist,0.0,6.2,2.79,0.0,2.79,854
EIEL.NS,Enviro Infra Engineers Limited,Engineering & Construction,Industrials,Industrials,False,Cash,1,Stage 4,Stage 4,Stage 4 - Weak/Declining,0.72,Price is below long-term support with weak trend evidence.,,,2026-08-10,,-19.48,-6.01,314697474.52,0.53,1.01,0.58,True,True,"Stage 4, Stage 4 - Weak/Declining, volume_dryup, weekly_volume_dryup, downtrend",watchlist,weekly_watchlist,watchlist,0.0,6.2,2.79,0.0,2.79,855
LODHA.NS,Lodha Developers Limited,Real Estate,Real Estate,Real Estate,True,F&O,1,Stage 2 Failed,Stage 3,Failed Stage 2,0.72,"This stock was recently Stage 2, but the latest structure no longer satisfies Stage 2 rules. It is kept as Stage 2 Failed until a fresh base/repair structure forms.",Recent Stage 2 break; public stage held as Stage 2 Failed.,2026-10-06,2026-10-05,,0.22,38.71,2223168154.22,1.04,0.89,1.52,False,False,"Stage 3, Stage 3 - Distribution/Damage, distribution_risk | Stage 2 failed state applied from stage memory.",watchlist,weekly_watchlist,watchlist,0.0,1.49,0.67,2.0,2.67,856
DHANUKA.NS,Dhanuka Agritech Limited,Agricultural Inputs,Basic Materials,Basic Materials,False,Cash,1,Stage 4,Stage 4,Stage 4 - Confirmed Downtrend,0.86,Price is below a bearish moving-average stack with falling trend signals.,,,,,-8.24,-10.26,19100918.56,0.75,2.06,0.76,True,True,"Stage 4, Stage 4 - Confirmed Downtrend, volume_dryup, weekly_volume_dryup, downtrend",watchlist,weekly_watchlist,watchlist,2.17,3.2,2.63,0.0,2.63,857
SUMICHEM.NS,Sumitomo Chemical India Limited,Agricultural Inputs,Basic Materials,Basic Materials,False,Cash,1,Stage 2 Failed,Stage 1,Failed Stage 2,0.72,"This stock was recently Stage 2, but the latest structure no longer satisfies Stage 2 rules. It is kept as Stage 2 Failed until a fresh base/repair structure forms.",Recent Stage 2 break; public stage held as Stage 2 Failed.,2026-10-06,2026-09-23,,-13.79,0.09,147827007.01,0.82,1.93,0.95,True,False,"Stage 1, Stage 1 - Unclear/Repair, volume_dryup, stage1_not_actionable, stage1_needs_more_base | Stage 2 failed state applied from stage memory.",watchlist,weekly_watchlist,watchlist,0.0,5.6,2.52,0.0,2.52,858
RAMKY.NS,Ramky Infrastructure Limited,Engineering & Construction,Industrials,Industrials,False,Cash,1,Stage 4,Stage 4,Stage 4 - Confirmed Downtrend,0.86,Price is below a bearish moving-average stack with falling trend signals.,,,,,-21.12,-38.61,14778235.32,1.59,0.57,2.28,False,False,"Stage 4, Stage 4 - Confirmed Downtrend, downtrend",watchlist,weekly_watchlist,watchlist,1.1,4.0,2.41,0.0,2.41,859
THERMAX.NS,Thermax Limited,Conglomerates,Industrials,Industrials,False,Cash,1,Stage 4,Stage 4,Stage 4 - Weak/Declining,0.72,Price is below long-term support with weak trend evidence.,,,2026-08-05,,-28.31,-15.5,538061173.63,0.7,1.71,0.95,True,False,"Stage 4, Stage 4 - Weak/Declining, volume_dryup, downtrend",watchlist,weekly_watchlist,watchlist,0.0,0.8,0.36,2.0,2.36,860
BIRLACORPN.NS,Birla Corporation Limited,Building Materials,Basic Materials,Basic Materials,False,Cash,1,Stage 4,Stage 4,Stage 4 - Confirmed Downtrend,0.86,Price is below a bearish moving-average stack with falling trend signals.,,,,,-8.85,-13.07,46981381.51,0.92,3.9,1.17,False,False,"Stage 4, Stage 4 - Confirmed Downtrend, downtrend",watchlist,weekly_watchlist,watchlist,3.62,0.8,2.35,0.0,2.35,861
IFBIND.NS,IFB Industries Limited,"Furnishings, Fixtures & Appliances",Consumer Cyclical,Consumer Cyclical,False,Cash,1,Stage 4,Stage 4,Stage 4 - Weak/Declining,0.72,Price is below long-term support with weak trend evidence.,,,,,-0.65,12.96,37983161.69,0.72,0.61,0.65,True,True,"Stage 4, Stage 4 - Weak/Declining, volume_dryup, weekly_volume_dryup, downtrend",watchlist,weekly_watchlist,watchlist,0.0,5.23,2.35,0.0,2.35,862
HYUNDAI.NS,Hyundai Motor India Limited,Auto Manufacturers,Consumer Cyclical,Consumer Cyclical,True,F&O,1,Stage 2 Failed,Stage 4,Failed Stage 2,0.72,"This stock was recently Stage 2, but the latest structure no longer satisfies Stage 2 rules. It is kept as Stage 2 Failed until a fresh base/repair structure forms.",Recent Stage 2 break; public stage held as Stage 2 Failed.,2026-10-06,2026-09-21,,5.79,15.83,1291779993.91,0.9,0.65,0.85,False,True,"Stage 4, Stage 4 - Weak/Declining, weekly_volume_dryup, downtrend | Stage 2 failed state applied from stage memory.",watchlist,weekly_watchlist,watchlist,0.0,0.56,0.25,2.0,2.25,863
ARVSMART.NS,Arvind SmartSpaces Limited,Real Estate,Real Estate,Real Estate,False,Cash,1,Stage 2 Failed,Stage 1,Failed Stage 2,0.72,"This stock was recently Stage 2, but the latest structure no longer satisfies Stage 2 rules. It is kept as Stage 2 Failed until a fresh base/repair structure forms.",Recent Stage 2 break; public stage held as Stage 2 Failed.,2026-10-06,2026-09-25,,4.1,3.97,258750365.59,2.03,0.2,0.18,False,True,"Stage 1, Stage 1 - Base/Repair, weekly_volume_dryup, stage1_not_actionable, stage1_needs_more_base | Stage 2 failed state applied from stage memory.",watchlist,weekly_watchlist,watchlist,0.0,0.41,0.18,2.0,2.18,864
CESC.NS,CESC Limited,Utilities,Utilities,Utilities,False,Cash,1,Stage 4,Stage 4,Stage 4 - Weak/Declining,0.72,Price is below long-term support with weak trend evidence.,,,2026-08-18,,-10.33,-12.48,267940791.18,0.97,1.03,0.81,False,True,"Stage 4, Stage 4 - Weak/Declining, weekly_volume_dryup, downtrend",watchlist,weekly_watchlist,watchlist,2.31,2.0,2.17,0.0,2.17,865
TATACOMM.NS,Tata Communications Limited,Telecom Services,Communication Services,Communication Services,False,Cash,1,Stage 2 Failed,Stage 4,Failed Stage 2,0.72,"This stock was recently Stage 2, but the latest structure no longer satisfies Stage 2 rules. It is kept as Stage 2 Failed until a fresh base/repair structure forms.",Recent Stage 2 break; public stage held as Stage 2 Failed.,2026-10-06,2026-09-18,,-5.45,13.3,343236637.48,0.6,0.57,0.6,True,True,"Stage 4, Stage 4 - Weak/Declining, volume_dryup, weekly_volume_dryup, downtrend | Stage 2 failed state applied from stage memory.",watchlist,weekly_watchlist,watchlist,0.0,4.78,2.15,0.0,2.15,866
LTF.NS,L&T Finance Limited,Credit Services,Financial Services,Financial Services,True,F&O,1,Stage 2 Failed,Stage 4,Failed Stage 2,0.72,"This stock was recently Stage 2, but the latest structure no longer satisfies Stage 2 rules. It is kept as Stage 2 Failed until a fresh base/repair structure forms.",Recent Stage 2 break; public stage held as Stage 2 Failed.,2026-10-06,2026-09-22,,-13.07,-1.69,1698201014.0,1.68,0.59,0.78,False,True,"Stage 4, Stage 4 - Weak/Declining, weekly_volume_dryup, downtrend | Stage 2 failed state applied from stage memory.",watchlist,weekly_watchlist,watchlist,3.82,0.0,2.1,0.0,2.1,867
OBEROIRLTY.NS,Oberoi Realty Limited,Real Estate,Real Estate,Real Estate,True,F&O,1,Stage 2 Failed,Stage 3,Failed Stage 2,0.72,"This stock was recently Stage 2, but the latest structure no longer satisfies Stage 2 rules. It is kept as Stage 2 Failed until a fresh base/repair structure forms.",Recent Stage 2 break; public stage held as Stage 2 Failed.,2026-10-06,2026-09-28,,-1.75,7.03,767487904.01,0.95,0.52,0.87,False,True,"Stage 3, Stage 3 - Distribution/Damage, weekly_volume_dryup, distribution_risk | Stage 2 failed state applied from stage memory.",watchlist,weekly_watchlist,watchlist,0.0,0.0,0.0,2.0,2.0,868
TIINDIA.NS,Tube Investments of India Limited,Conglomerates,Industrials,Industrials,True,F&O,1,Stage 4,Stage 4,Stage 4 - Weak/Declining,0.72,Price is below long-term support with weak trend evidence.,,,2026-08-28,,-11.74,-8.06,631734894.94,0.99,3.58,1.55,False,False,"Stage 4, Stage 4 - Weak/Declining, downtrend",watchlist,weekly_watchlist,watchlist,0.0,0.0,0.0,2.0,2.0,869
GODREJIND.NS,Godrej Industries Limited,Conglomerates,Industrials,Industrials,False,Cash,1,Stage 2 Failed,Stage 4,Failed Stage 2,0.72,"This stock was recently Stage 2, but the latest structure no longer satisfies Stage 2 rules. It is kept as Stage 2 Failed until a fresh base/repair structure forms.",Recent Stage 2 break; public stage held as Stage 2 Failed.,2026-10-06,2026-09-16,,-9.66,17.98,95194441.63,0.72,0.4,0.52,True,True,"Stage 4, Stage 4, volume_dryup, weekly_volume_dryup, downtrend | Stage 2 failed state applied from stage memory.",watchlist,weekly_watchlist,watchlist,0.0,0.0,0.0,2.0,2.0,870
3MINDIA.NS,3M India Limited,Conglomerates,Industrials,Industrials,False,Cash,1,Stage 4,Stage 4,Stage 4 - Weak/Declining,0.72,Price is below long-term support with weak trend evidence.,,,2026-08-28,,-4.03,-0.14,178971535.75,1.34,0.37,2.02,False,False,"Stage 4, Stage 4 - Weak/Declining, downtrend",watchlist,weekly_watchlist,watchlist,0.0,0.0,0.0,2.0,2.0,871
FSL.NS,Firstsource Solutions Limited,Information Technology Services,Technology,Technology,False,Cash,1,Stage 4,Stage 4,Stage 4 - Weak/Declining,0.72,Price is below long-term support with weak trend evidence.,,,,,11.76,18.92,746389406.65,0.29,0.32,0.48,True,True,"Stage 4, Stage 4 - Weak/Declining, volume_dryup, weekly_volume_dryup, downtrend",watchlist,weekly_watchlist,watchlist,0.0,0.0,0.0,2.0,2.0,872
SOBHA.NS,Sobha Limited,Real Estate,Real Estate,Real Estate,False,Cash,1,Stage 4,Stage 4,Stage 4 - Confirmed Downtrend,0.86,Price is below a bearish moving-average stack with falling trend signals.,,,,,-14.03,-7.19,117329750.7,1.31,5.03,2.08,False,False,"Stage 4, Stage 4 - Confirmed Downtrend, downtrend",watchlist,weekly_watchlist,watchlist,0.0,0.0,0.0,2.0,2.0,873
UJJIVANSFB.NS,Ujjivan Small Finance Bank Limited,Banks - Regional,Financial Services,Financial Services,False,Cash,1,Stage 2 Failed,Stage 3,Failed Stage 2,0.72,"This stock was recently Stage 2, but the latest structure no longer satisfies Stage 2 rules. It is kept as Stage 2 Failed until a fresh base/repair structure forms.",Recent Stage 2 break; public stage held as Stage 2 Failed.,2026-10-06,2026-10-05,,4.51,8.95,732747235.14,1.14,1.07,0.95,False,False,"Stage 3, Stage 3 - Transition, distribution_risk | Stage 2 failed state applied from stage memory.",watchlist,weekly_watchlist,watchlist,0.0,0.0,0.0,2.0,2.0,874
FIRSTCRY.NS,Brainbees Solutions Limited,Consumer Cyclical,Consumer Cyclical,Consumer Cyclical,False,Cash,1,Stage 4,Stage 4,Stage 4 - Confirmed Downtrend,0.86,Price is below a bearish moving-average stack with falling trend signals.,,,,,-8.09,-26.27,1562922527.73,2.36,0.31,0.73,False,True,"Stage 4, Stage 4 - Confirmed Downtrend, weekly_volume_dryup, downtrend",watchlist,weekly_watchlist,watchlist,0.0,0.0,0.0,2.0,2.0,875
BBTC.NS,The Bombay Burmah Trading Corporation Limited,Packaged Foods,Consumer Defensive,Consumer Defensive,False,Cash,1,Stage 4,Stage 4,Stage 4 - Confirmed Downtrend,0.86,Price is below a bearish moving-average stack with falling trend signals.,,,,,-8.71,-9.35,264774012.62,0.18,0.15,0.26,True,True,"Stage 4, Stage 4 - Confirmed Downtrend, volume_dryup, weekly_volume_dryup, downtrend",watchlist,weekly_watchlist,watchlist,0.0,0.0,0.0,2.0,2.0,876
MMTC.NS,MMTC Limited,Conglomerates,Industrials,Industrials,False,Cash,1,Stage 4,Stage 4,Stage 4 - Confirmed Downtrend,0.86,Price is below a bearish moving-average stack with falling trend signals.,,,2026-07-13,,-7.8,-2.52,52920590.76,0.46,0.53,0.35,True,True,"Stage 4, Stage 4 - Confirmed Downtrend, volume_dryup, weekly_volume_dryup, downtrend",watchlist,weekly_watchlist,watchlist,0.0,0.0,0.0,2.0,2.0,877
EMBDL.NS,Embassy Developments Limited,Real Estate,Real Estate,Real Estate,False,Cash,1,Stage 4,Stage 4,Stage 4 - Weak/Declining,0.72,Price is below long-term support with weak trend evidence.,,,,,-8.82,15.02,140133941.52,0.73,0.46,0.55,True,True,"Stage 4, Stage 4 - Weak/Declining, volume_dryup, weekly_volume_dryup, downtrend",watchlist,weekly_watchlist,watchlist,0.0,0.0,0.0,2.0,2.0,878
IXIGO.NS,Le Travenues Technology Limited,Consumer Cyclical,Consumer Cyclical,Consumer Cyclical,False,Cash,1,Stage 4,Stage 4,Stage 4 - Confirmed Downtrend,0.86,Price is below a bearish moving-average stack with falling trend signals.,,,,,-16.96,-4.98,194177410.33,0.89,1.4,0.82,False,True,"Stage 4, Stage 4 - Confirmed Downtrend, weekly_volume_dryup, downtrend",watchlist,weekly_watchlist,watchlist,0.0,0.0,0.0,2.0,2.0,879
MHRIL.NS,Mahindra Holidays & Resorts India Limited,Consumer Cyclical,Consumer Cyclical,Consumer Cyclical,False,Cash,1,Stage 4,Stage 4,Stage 4 - Confirmed Downtrend,0.86,Price is below a bearish moving-average stack with falling trend signals.,,,,,-10.48,-22.19,22729501.99,0.72,0.33,0.58,True,True,"Stage 4, Stage 4 - Confirmed Downtrend, volume_dryup, weekly_volume_dryup, downtrend",watchlist,weekly_watchlist,watchlist,0.0,0.0,0.0,2.0,2.0,880
SAMHI.NS,Samhi Hotels Limited,Lodging,Consumer Cyclical,Consumer Cyclical,False,Cash,1,Stage 4,Stage 4,Stage 4 - Weak/Declining,0.72,Price is below long-term support with weak trend evidence.,,,,,-8.86,-3.44,270057554.94,0.56,0.58,0.5,True,True,"Stage 4, Stage 4 - Weak/Declining, volume_dryup, weekly_volume_dryup, downtrend",watchlist,weekly_watchlist,watchlist,0.0,0.0,0.0,2.0,2.0,881
PREMIERENE.NS,Premier Energies Limited,Solar,Technology,Technology,True,F&O,1,Stage 1,Stage 1,Stage 1 - Unclear/Repair,0.58,Not enough evidence for Stage 2 or Stage 4; classified as repair/unclear structure.,,,2026-08-14,,-14.18,-5.97,1115900027.49,0.97,0.73,0.78,False,True,"Stage 1, Stage 1 - Unclear/Repair, weekly_volume_dryup, stage1_not_actionable, stage1_needs_more_base",watchlist,weekly_watchlist,watchlist,0.0,4.4,1.98,0.0,1.98,882
STYLAMIND.NS,Stylam Industries Limited,"Furnishings, Fixtures & Appliances",Consumer Cyclical,Consumer Cyclical,False,Cash,1,Stage 2 Failed,Stage 3,Failed Stage 2,0.72,"This stock was recently Stage 2, but the latest structure no longer satisfies Stage 2 rules. It is kept as Stage 2 Failed until a fresh base/repair structure forms.",Recent Stage 2 break; public stage held as Stage 2 Failed.,2026-10-06,2026-10-05,,5.2,49.06,133308194.15,1.14,0.57,0.58,False,True,"Stage 3, Stage 3 - Transition, weekly_volume_dryup, distribution_risk | Stage 2 failed state applied from stage memory.",watchlist,weekly_watchlist,watchlist,0.0,4.23,1.9,0.0,1.9,883
WAAREEENER.NS,Waaree Energies Limited,Solar,Technology,Technology,True,F&O,1,Stage 4,Stage 4,Stage 4 - Weak/Declining,0.72,Price is below long-term support with weak trend evidence.,,,,,-13.26,-27.2,1407992202.05,0.74,0.73,0.61,True,True,"Stage 4, Stage 4 - Weak/Declining, volume_dryup, weekly_volume_dryup, downtrend",watchlist,weekly_watchlist,watchlist,0.0,4.0,1.8,0.0,1.8,884
ICICIGI.NS,ICICI Lombard General Insurance Company Limited,Financial Services,Financial Services,Financial Services,True,F&O,1,Stage 4,Stage 4,Stage 4 - Weak/Declining,0.72,Price is below long-term support with weak trend evidence.,,,,,-6.31,-9.33,1356390192.36,1.21,0.33,1.22,False,False,"Stage 4, Stage 4 - Weak/Declining, downtrend",watchlist,weekly_watchlist,watchlist,0.0,4.0,1.8,0.0,1.8,885
TORNTPOWER.NS,Torrent Power Limited,Utilities,Utilities,Utilities,False,Cash,1,Stage 4,Stage 4,Stage 4 - Weak/Declining,0.72,Price is below long-term support with weak trend evidence.,,,2026-06-24,,-8.37,-15.07,246459518.23,0.43,0.6,0.45,True,True,"Stage 4, Stage 4 - Weak/Declining, volume_dryup, weekly_volume_dryup, downtrend",watchlist,weekly_watchlist,watchlist,0.0,4.0,1.8,0.0,1.8,886
PIIND.NS,PI Industries Limited,Agricultural Inputs,Basic Materials,Basic Materials,True,F&O,1,Stage 4,Stage 4,Stage 4 - Confirmed Downtrend,0.86,Price is below a bearish moving-average stack with falling trend signals.,,,,,-8.44,-22.67,665821653.91,1.06,2.55,1.01,False,False,"Stage 4, Stage 4 - Confirmed Downtrend, downtrend",watchlist,weekly_watchlist,watchlist,0.0,4.0,1.8,0.0,1.8,887
VSTIND.NS,VST Industries Limited,Consumer Defensive,Consumer Defensive,Consumer Defensive,False,Cash,1,Stage 4,Stage 4,Stage 4 - Confirmed Downtrend,0.86,Price is below a bearish moving-average stack with falling trend signals.,,,2026-07-10,,-15.24,-6.34,22181056.43,0.68,0.94,0.66,True,True,"Stage 4, Stage 4 - Confirmed Downtrend, volume_dryup, weekly_volume_dryup, downtrend",watchlist,weekly_watchlist,watchlist,0.0,4.0,1.8,0.0,1.8,888
CRIZAC.NS,Crizac Limited,Consumer Defensive,Consumer Defensive,Consumer Defensive,False,Cash,1,Stage 4,Stage 4,Stage 4 - Confirmed Downtrend,0.86,Price is below a bearish moving-average stack with falling trend signals.,,,,,-10.23,-22.29,57731283.42,0.85,0.33,0.61,False,True,"Stage 4, Stage 4 - Confirmed Downtrend, weekly_volume_dryup, downtrend",watchlist,weekly_watchlist,watchlist,0.0,4.0,1.8,0.0,1.8,889
FLAIR.NS,Flair Writing Industries Limited,Industrials,Industrials,Industrials,False,Cash,1,Stage 4,Stage 4,Stage 4 - Confirmed Downtrend,0.86,Price is below a bearish moving-average stack with falling trend signals.,,,2026-05-21,,-8.25,-27.02,24077591.4,0.75,0.41,0.66,True,True,"Stage 4, Stage 4 - Confirmed Downtrend, volume_dryup, weekly_volume_dryup, downtrend",watchlist,weekly_watchlist,watchlist,0.0,4.0,1.8,0.0,1.8,890
KPEL.NS,K.P. Energy Limited,Engineering & Construction,Industrials,Industrials,False,Cash,1,Stage 4,Stage 4,Stage 4 - Confirmed Downtrend,0.86,Price is below a bearish moving-average stack with falling trend signals.,,,,,-28.77,-27.64,74158904.98,0.83,0.67,0.74,True,True,"Stage 4, Stage 4 - Confirmed Downtrend, volume_dryup, weekly_volume_dryup, downtrend",watchlist,weekly_watchlist,watchlist,0.0,4.0,1.8,0.0,1.8,891
GRASIM.NS,Grasim Industries Limited,Building Materials,Basic Materials,Basic Materials,True,F&O,1,Stage 2 Failed,Stage 1,Failed Stage 2,0.72,"This stock was recently Stage 2, but the latest structure no longer satisfies Stage 2 rules. It is kept as Stage 2 Failed until a fresh base/repair structure forms.",Recent Stage 2 break; public stage held as Stage 2 Failed.,2026-10-06,2026-09-30,,-2.06,9.43,2184616851.63,0.74,0.4,0.81,True,True,"Stage 1, Stage 1 - Base/Repair, volume_dryup, weekly_volume_dryup, stage1_not_actionable, stage1_needs_more_base | Stage 2 failed state applied from stage memory.",watchlist,weekly_watchlist,watchlist,0.0,3.94,1.77,0.0,1.77,892
IONEXCHANG.NS,ION Exchange (India) Limited,Industrials,Industrials,Industrials,False,Cash,1,Stage 2 Failed,Stage 3,Failed Stage 2,0.72,"This stock was recently Stage 2, but the latest structure no longer satisfies Stage 2 rules. It is kept as Stage 2 Failed until a fresh base/repair structure forms.",Recent Stage 2 break; public stage held as Stage 2 Failed.,2026-10-06,2026-09-30,,-7.69,7.79,130831349.46,0.35,0.24,0.34,True,True,"Stage 3, Stage 3 - Transition, volume_dryup, weekly_volume_dryup, distribution_risk | Stage 2 failed state applied from stage memory.",watchlist,weekly_watchlist,watchlist,0.0,2.41,1.08,0.0,1.08,893
INDIGO.NS,InterGlobe Aviation Limited,Industrials,Industrials,Industrials,True,F&O,1,Stage 3,Stage 3,Stage 3 - Distribution/Damage,0.76,"Prior strength exists, but short-term and/or weekly structure is deteriorating.",,,2026-08-31,,-0.29,11.73,2682198586.16,0.87,1.11,0.78,False,True,"Stage 3, Stage 3 - Distribution/Damage, weekly_volume_dryup, distribution_risk",watchlist,weekly_watchlist,watchlist,0.0,2.34,1.05,0.0,1.05,894
NIACL.NS,The New India Assurance Company Limited,Financial Services,Financial Services,Financial Services,False,Cash,1,Stage 2 Failed,Stage 1,Failed Stage 2,0.72,"This stock was recently Stage 2, but the latest structure no longer satisfies Stage 2 rules. It is kept as Stage 2 Failed until a fresh base/repair structure forms.",Recent Stage 2 break; public stage held as Stage 2 Failed.,2026-10-06,2026-09-25,,-7.98,-4.77,938270546.91,0.29,0.2,0.17,True,True,"Stage 1, Stage 1 - Base/Repair, volume_dryup, weekly_volume_dryup, stage1_not_actionable, stage1_needs_more_base | Stage 2 failed state applied from stage memory.",watchlist,weekly_watchlist,watchlist,0.0,2.0,0.9,0.0,0.9,895
CROMPTON.NS,Crompton Greaves Consumer Electricals Limited,"Furnishings, Fixtures & Appliances",Consumer Cyclical,Consumer Cyclical,True,F&O,1,Stage 4,Stage 4,Stage 4 - Weak/Declining,0.72,Price is below long-term support with weak trend evidence.,,,2026-08-06,,-13.39,-8.9,493948987.27,0.74,0.39,0.68,True,True,"Stage 4, Stage 4 - Weak/Declining, volume_dryup, weekly_volume_dryup, downtrend",watchlist,weekly_watchlist,watchlist,0.0,2.0,0.9,0.0,0.9,896
TITAGARH.NS,TITAGARH RAIL SYSTEMS LIMITED,Industrials,Industrials,Industrials,False,Cash,1,Stage 2 Failed,Stage 3,Failed Stage 2,0.72,"This stock was recently Stage 2, but the latest structure no longer satisfies Stage 2 rules. It is kept as Stage 2 Failed until a fresh base/repair structure forms.",Recent Stage 2 break; public stage held as Stage 2 Failed.,2026-10-06,2026-09-21,,1.04,16.48,377906380.31,0.77,0.45,0.79,True,True,"Stage 3, Stage 3 - Distribution/Damage, volume_dryup, weekly_volume_dryup, distribution_risk | Stage 2 failed state applied from stage memory.",watchlist,weekly_watchlist,watchlist,0.0,1.75,0.79,0.0,0.79,897
WHIRLPOOL.NS,Whirlpool of India Limited,"Furnishings, Fixtures & Appliances",Consumer Cyclical,Consumer Cyclical,False,Cash,1,Stage 1,Stage 1,Stage 1 - Early Turn,0.66,The stock is improving from a repair/base area but has not confirmed a clean Stage 2 yet.,,,,,14.42,7.03,2703558035.74,3.77,0.17,0.73,False,True,"Stage 1, Stage 1 - Early Turn, weekly_volume_dryup, stage1_not_actionable, stage1_needs_more_base",watchlist,weekly_watchlist,watchlist,0.0,1.74,0.78,0.0,0.78,898
BSE.NS,BSE Limited,Financial Services,Financial Services,Financial Services,True,F&O,1,Stage 4,Stage 4,Stage 4 - Weak/Declining,0.72,Price is below long-term support with weak trend evidence.,,,2026-07-24,,-8.66,1.14,16954694587.46,1.52,1.38,1.13,False,False,"Stage 4, Stage 4 - Weak/Declining, downtrend",watchlist,weekly_watchlist,watchlist,0.0,1.6,0.72,0.0,0.72,899
FACT.NS,Fertilizers and Chemicals Travancore Limited,Agricultural Inputs,Basic Materials,Basic Materials,False,Cash,1,Stage 4,Stage 4,Stage 4 - Weak/Declining,0.72,Price is below long-term support with weak trend evidence.,,,2026-06-26,,-6.09,-10.66,156894496.54,0.18,0.1,0.25,True,True,"Stage 4, Stage 4 - Weak/Declining, volume_dryup, weekly_volume_dryup, downtrend",watchlist,weekly_watchlist,watchlist,0.0,0.8,0.36,0.0,0.36,900
AFCONS.NS,Afcons Infrastructure Limited,Engineering & Construction,Industrials,Industrials,False,Cash,1,Stage 4,Stage 4,Stage 4 - Confirmed Downtrend,0.86,Price is below a bearish moving-average stack with falling trend signals.,,,,,-14.33,-19.58,738520164.23,0.29,0.08,0.17,True,True,"Stage 4, Stage 4 - Confirmed Downtrend, volume_dryup, weekly_volume_dryup, downtrend",watchlist,weekly_watchlist,watchlist,0.0,0.8,0.36,0.0,0.36,901
KPIGREEN.NS,KPI Green Energy Limited,Utilities - Renewable,Utilities,Utilities,False,Cash,1,Stage 4,Stage 4,Stage 4 - Confirmed Downtrend,0.86,Price is below a bearish moving-average stack with falling trend signals.,,,,,-14.5,-20.73,1067826100.89,1.41,0.53,0.86,False,True,"Stage 4, Stage 4 - Confirmed Downtrend, weekly_volume_dryup, downtrend",watchlist,weekly_watchlist,watchlist,0.0,0.8,0.36,0.0,0.36,902
SFL.NS,Sheela Foam Limited,"Furnishings, Fixtures & Appliances",Consumer Cyclical,Consumer Cyclical,False,Cash,1,Stage 3,Stage 3,Stage 3 - Distribution/Damage,0.76,"Prior strength exists, but short-term and/or weekly structure is deteriorating.",,,2026-08-31,,-12.53,18.91,201001179.07,0.51,0.34,0.48,True,True,"Stage 3, Stage 3 - Distribution/Damage, volume_dryup, weekly_volume_dryup, distribution_risk",watchlist,weekly_watchlist,watchlist,0.64,0.0,0.35,0.0,0.35,903
CARERATING.NS,CARE Ratings Limited,Financial Services,Financial Services,Financial Services,False,Cash,1,Stage 2 Failed,Stage 1,Failed Stage 2,0.72,"This stock was recently Stage 2, but the latest structure no longer satisfies Stage 2 rules. It is kept as Stage 2 Failed until a fresh base/repair structure forms.",Recent Stage 2 break; public stage held as Stage 2 Failed.,2026-10-06,2026-09-23,,1.53,3.27,65939810.1,0.96,0.67,0.94,False,False,"Stage 1, Stage 1 - Base/Repair, stage1_not_actionable, stage1_needs_more_base | Stage 2 failed state applied from stage memory.",watchlist,weekly_watchlist,watchlist,0.0,0.08,0.04,0.0,0.04,904
LT.NS,Larsen & Toubro Limited,Engineering & Construction,Industrials,Industrials,True,F&O,1,Stage 4,Stage 4,Stage 4 - Weak/Declining,0.72,Price is below long-term support with weak trend evidence.,,,2026-09-07,,0.18,-2.89,5979860778.63,1.12,1.41,1.21,False,False,"Stage 4, Stage 4 - Weak/Declining, downtrend",watchlist,weekly_watchlist,watchlist,0.0,0.0,0.0,0.0,0.0,905
SBILIFE.NS,SBI Life Insurance Company Limited,Insurance - Life,Financial Services,Financial Services,True,F&O,1,Stage 4,Stage 4,Stage 4 - Confirmed Downtrend,0.86,Price is below a bearish moving-average stack with falling trend signals.,,,,,0.7,-8.17,2048365195.7,1.53,0.84,1.8,False,False,"Stage 4, Stage 4 - Confirmed Downtrend, downtrend",watchlist,weekly_watchlist,watchlist,0.0,0.0,0.0,0.0,0.0,906
ADANIENSOL.NS,Adani Energy Solutions Limited,Utilities,Utilities,Utilities,True,F&O,1,Stage 3,Stage 3,Stage 3 - Distribution/Damage,0.76,"Prior strength exists, but short-term and/or weekly structure is deteriorating.",,,2026-09-07,,-13.74,15.71,2273118451.31,0.73,0.48,0.86,True,True,"Stage 3, Stage 3 - Distribution/Damage, volume_dryup, weekly_volume_dryup, distribution_risk",watchlist,weekly_watchlist,watchlist,0.0,0.0,0.0,0.0,0.0,907
VEDL.NS,Vedanta Limited,Basic Materials,Basic Materials,Basic Materials,True,F&O,1,Stage 4,Stage 4,Stage 4 - Confirmed Downtrend,0.86,Price is below a bearish moving-average stack with falling trend signals.,,,,,2.08,-63.87,1878782172.3,0.78,1.81,0.82,True,True,"Stage 4, Stage 4 - Confirmed Downtrend, volume_dryup, weekly_volume_dryup, downtrend",watchlist,weekly_watchlist,watchlist,0.0,0.0,0.0,0.0,0.0,908
NAM-INDIA.NS,Nippon Life India Asset Management Limited,Asset Management,Financial Services,Financial Services,True,F&O,1,Stage 2 Failed,Stage 3,Failed Stage 2,0.72,"This stock was recently Stage 2, but the latest structure no longer satisfies Stage 2 rules. It is kept as Stage 2 Failed until a fresh base/repair structure forms.",Recent Stage 2 break; public stage held as Stage 2 Failed.,2026-10-06,2026-09-18,,-7.25,14.44,931338088.63,0.7,0.4,0.69,True,True,"Stage 3, Stage 3 - Distribution/Damage, volume_dryup, weekly_volume_dryup, distribution_risk | Stage 2 failed state applied from stage memory.",watchlist,weekly_watchlist,watchlist,0.0,0.0,0.0,0.0,0.0,909
NIVABUPA.NS,Niva Bupa Health Insurance Company Limited,Insurance - Life,Financial Services,Financial Services,False,Cash,1,Stage 4,Stage 4,Stage 4 - Weak/Declining,0.72,Price is below long-term support with weak trend evidence.,,,2026-08-25,,-6.08,5.07,109548664.47,1.6,0.54,2.6,False,False,"Stage 4, Stage 4 - Weak/Declining, downtrend",watchlist,weekly_watchlist,watchlist,0.0,0.0,0.0,0.0,0.0,910
EIDPARRY.NS,EID Parry India Limited,Agricultural Inputs,Basic Materials,Basic Materials,False,Cash,1,Stage 4,Stage 4,Stage 4 - Confirmed Downtrend,0.86,Price is below a bearish moving-average stack with falling trend signals.,,,,,-2.04,-14.99,213652259.49,0.51,0.56,0.58,True,True,"Stage 4, Stage 4 - Confirmed Downtrend, volume_dryup, weekly_volume_dryup, downtrend",watchlist,weekly_watchlist,watchlist,0.0,0.0,0.0,0.0,0.0,911
RAINBOW.NS,Rainbow Childrens Medicare Limited,Medical Care Facilities,Healthcare,Healthcare,False,Cash,1,Stage 2 Failed,Stage 1,Failed Stage 2,0.72,"This stock was recently Stage 2, but the latest structure no longer satisfies Stage 2 rules. It is kept as Stage 2 Failed until a fresh base/repair structure forms.",Recent Stage 2 break; public stage held as Stage 2 Failed.,2026-10-06,2026-09-18,,-8.54,-0.07,203051607.76,1.76,0.98,1.9,False,False,"Stage 1, Stage 1 - Unclear/Repair, stage1_not_actionable, stage1_needs_more_base | Stage 2 failed state applied from stage memory.",watchlist,weekly_watchlist,watchlist,0.0,0.0,0.0,0.0,0.0,912
AAVAS.NS,Aavas Financiers Limited,Mortgage Finance,Financial Services,Financial Services,False,Cash,1,Stage 4,Stage 4,Stage 4 - Confirmed Downtrend,0.86,Price is below a bearish moving-average stack with falling trend signals.,,,,,-14.65,-1.47,115043980.72,1.08,0.27,1.39,False,False,"Stage 4, Stage 4 - Confirmed Downtrend, downtrend",watchlist,weekly_watchlist,watchlist,0.0,0.0,0.0,0.0,0.0,913
JLHL.NS,Jupiter Life Line Hospitals Limited,Medical Care Facilities,Healthcare,Healthcare,False,Cash,1,Stage 2 Failed,Stage 4,Failed Stage 2,0.72,"This stock was recently Stage 2, but the latest structure no longer satisfies Stage 2 rules. It is kept as Stage 2 Failed until a fresh base/repair structure forms.",Recent Stage 2 break; public stage held as Stage 2 Failed.,2026-10-06,2026-09-18,,-8.68,2.1,52178192.1,1.55,0.24,2.63,False,False,"Stage 4, Stage 4 - Weak/Declining, downtrend | Stage 2 failed state applied from stage memory.",watchlist,weekly_watchlist,watchlist,0.0,0.0,0.0,0.0,0.0,914
CERA.NS,Cera Sanitaryware Limited,Building Products & Equipment,Industrials,Industrials,False,Cash,1,Stage 4,Stage 4,Stage 4 - Weak/Declining,0.72,Price is below long-term support with weak trend evidence.,,,2026-08-28,,-14.23,0.14,42495093.02,1.18,0.34,0.84,False,True,"Stage 4, Stage 4 - Weak/Declining, weekly_volume_dryup, downtrend",watchlist,weekly_watchlist,watchlist,0.0,0.0,0.0,0.0,0.0,915
TTKPRESTIG.NS,TTK Prestige Limited,"Furnishings, Fixtures & Appliances",Consumer Cyclical,Consumer Cyclical,False,Cash,1,Stage 4,Stage 4,Stage 4 - Weak/Declining,0.72,Price is below long-term support with weak trend evidence.,,,2026-08-18,,-11.04,11.56,39522843.85,0.24,0.31,0.37,True,True,"Stage 4, Stage 4 - Weak/Declining, volume_dryup, weekly_volume_dryup, downtrend",watchlist,weekly_watchlist,watchlist,0.0,0.0,0.0,0.0,0.0,916
PRSMJOHNSN.NS,Prism Johnson Limited,Building Materials,Basic Materials,Basic Materials,False,Cash,1,Stage 4,Stage 4,Stage 4 - Weak/Declining,0.72,Price is below long-term support with weak trend evidence.,,,,,-2.93,-15.66,41535377.52,0.14,0.54,0.2,True,True,"Stage 4, Stage 4 - Weak/Declining, volume_dryup, weekly_volume_dryup, downtrend",watchlist,weekly_watchlist,watchlist,0.0,0.0,0.0,0.0,0.0,917
LATENTVIEW.NS,Latent View Analytics Limited,Industrials,Industrials,Industrials,False,Cash,1,Stage 4,Stage 4,Stage 4 - Confirmed Downtrend,0.86,Price is below a bearish moving-average stack with falling trend signals.,,,,,-17.91,-18.46,115520828.72,0.67,0.53,0.45,True,True,"Stage 4, Stage 4 - Confirmed Downtrend, volume_dryup, weekly_volume_dryup, downtrend",watchlist,weekly_watchlist,watchlist,0.0,0.0,0.0,0.0,0.0,918
PNCINFRA.NS,PNC Infratech Limited,Engineering & Construction,Industrials,Industrials,False,Cash,1,Stage 4,Stage 4,Stage 4 - Confirmed Downtrend,0.86,Price is below a bearish moving-average stack with falling trend signals.,,,,,-37.68,-23.81,319101558.13,0.9,0.34,0.68,False,True,"Stage 4, Stage 4 - Confirmed Downtrend, weekly_volume_dryup, downtrend",watchlist,weekly_watchlist,watchlist,0.0,0.0,0.0,0.0,0.0,919
GOKEX.NS,Gokaldas Exports Limited,Apparel Manufacturing,Consumer Cyclical,Consumer Cyclical,False,Cash,1,Stage 4,Stage 4,Stage 4 - Weak/Declining,0.72,Price is below long-term support with weak trend evidence.,,,2026-08-20,,-13.27,1.73,204531213.69,1.2,1.44,1.22,False,False,"Stage 4, Stage 4 - Weak/Declining, downtrend",watchlist,weekly_watchlist,watchlist,0.0,0.0,0.0,0.0,0.0,920
RALLIS.NS,Rallis India Limited,Agricultural Inputs,Basic Materials,Basic Materials,False,Cash,1,Stage 4,Stage 4,Stage 4 - Confirmed Downtrend,0.86,Price is below a bearish moving-average stack with falling trend signals.,,,,,-7.93,-20.48,93878073.82,0.65,0.61,0.53,True,True,"Stage 4, Stage 4 - Confirmed Downtrend, volume_dryup, weekly_volume_dryup, downtrend",watchlist,weekly_watchlist,watchlist,0.0,0.0,0.0,0.0,0.0,921
BAJAJELEC.NS,Bajaj Electricals Limited,"Furnishings, Fixtures & Appliances",Consumer Cyclical,Consumer Cyclical,False,Cash,1,Stage 4,Stage 4,Stage 4 - Confirmed Downtrend,0.86,Price is below a bearish moving-average stack with falling trend signals.,,,,,-2.65,-16.57,34791248.12,0.28,0.79,0.36,True,True,"Stage 4, Stage 4 - Confirmed Downtrend, volume_dryup, weekly_volume_dryup, downtrend",watchlist,weekly_watchlist,watchlist,0.0,0.0,0.0,0.0,0.0,922
BANARISUG.NS,Bannari Amman Sugars Limited,Consumer Defensive,Consumer Defensive,Consumer Defensive,False,Cash,1,Stage 4,Stage 4,Stage 4 - Confirmed Downtrend,0.86,Price is below a bearish moving-average stack with falling trend signals.,,,2026-09-08,,1.27,-6.04,3865411.07,0.3,0.65,0.2,True,True,"Stage 4, Stage 4 - Confirmed Downtrend, volume_dryup, weekly_volume_dryup, downtrend",watchlist,weekly_watchlist,watchlist,0.0,0.0,0.0,0.0,0.0,923
NACLIND.NS,NACL Industries Limited,Agricultural Inputs,Basic Materials,Basic Materials,False,Cash,1,Stage 4,Stage 4,Stage 4 - Weak/Declining,0.72,Price is below long-term support with weak trend evidence.,,,2026-07-13,,-37.12,-15.03,77648571.62,1.0,0.79,0.58,False,True,"Stage 4, Stage 4 - Weak/Declining, weekly_volume_dryup, downtrend",watchlist,weekly_watchlist,watchlist,0.0,0.0,0.0,0.0,0.0,924
NFL.NS,National Fertilizers Limited,Agricultural Inputs,Basic Materials,Basic Materials,False,Cash,1,Stage 4,Stage 4,Stage 4 - Confirmed Downtrend,0.86,Price is below a bearish moving-average stack with falling trend signals.,,,,,-6.02,-10.45,31701540.87,0.79,0.78,0.74,True,True,"Stage 4, Stage 4 - Confirmed Downtrend, volume_dryup, weekly_volume_dryup, downtrend",watchlist,weekly_watchlist,watchlist,0.0,0.0,0.0,0.0,0.0,925
INDOTHAI.NS,Indo Thai Securities Limited,Capital Markets,Financial Services,Financial Services,False,Cash,1,Stage 4,Stage 4,Stage 4 - Confirmed Downtrend,0.86,Price is below a bearish moving-average stack with falling trend signals.,,,,,-77.42,-85.76,84725830.44,0.53,0.16,0.37,True,True,"Stage 4, Stage 4 - Confirmed Downtrend, volume_dryup, weekly_volume_dryup, downtrend",watchlist,weekly_watchlist,watchlist,0.0,0.0,0.0,0.0,0.0,926
KNRCON.NS,KNR Constructions Limited,Engineering & Construction,Industrials,Industrials,False,Cash,1,Stage 4,Stage 4,Stage 4 - Confirmed Downtrend,0.86,Price is below a bearish moving-average stack with falling trend signals.,,,,,-5.57,-1.21,175214630.49,0.56,0.95,0.59,True,True,"Stage 4, Stage 4 - Confirmed Downtrend, volume_dryup, weekly_volume_dryup, downtrend",watchlist,weekly_watchlist,watchlist,0.0,0.0,0.0,0.0,0.0,927
BHAGCHEM.NS,Bhagiradha Chemicals & Industries Limited,Agricultural Inputs,Basic Materials,Basic Materials,False,Cash,1,Stage 2 Failed,Stage 4,Failed Stage 2,0.72,"This stock was recently Stage 2, but the latest structure no longer satisfies Stage 2 rules. It is kept as Stage 2 Failed until a fresh base/repair structure forms.",Recent Stage 2 break; public stage held as Stage 2 Failed.,2026-10-06,2026-09-15,,-12.91,5.46,19126524.03,0.77,1.37,0.86,True,True,"Stage 4, Stage 4, volume_dryup, weekly_volume_dryup, downtrend | Stage 2 failed state applied from stage memory.",watchlist,weekly_watchlist,watchlist,0.0,0.0,0.0,0.0,0.0,928
PSPPROJECT.NS,PSP Projects Limited,Engineering & Construction,Industrials,Industrials,False,Cash,1,Stage 4,Stage 4,Stage 4 - Weak/Declining,0.72,Price is below long-term support with weak trend evidence.,,,2026-09-03,,-24.16,14.36,44817787.21,0.98,0.56,0.83,False,True,"Stage 4, Stage 4 - Weak/Declining, weekly_volume_dryup, downtrend",watchlist,weekly_watchlist,watchlist,0.0,0.0,0.0,0.0,0.0,929
NITCO.NS,Nitco Limited,Building Products & Equipment,Industrials,Industrials,False,Cash,1,Stage 4,Stage 4,Stage 4 - Weak/Declining,0.72,Price is below long-term support with weak trend evidence.,,,2026-08-04,,-17.87,-1.42,46573393.84,0.62,0.16,0.77,True,True,"Stage 4, Stage 4 - Weak/Declining, volume_dryup, weekly_volume_dryup, downtrend",watchlist,weekly_watchlist,watchlist,0.0,0.0,0.0,0.0,0.0,930
